ply
format ascii 1.0
element vertex 6832
property float x
property float y
property float z
property uchar red
property uchar green
property uchar blue
end_header
-16.1863956451416 -4.8608574867248535 -0.5954949259757996 65 90 95
-11.300241470336914 -3.3814830780029297 -1.2838828563690186 92 115 69
-16.21943473815918 -4.816580772399902 -0.5961639285087585 60 83 97
-9.984954833984375 -2.9591002464294434 -0.747595489025116 65 75 74
-9.928319931030273 -2.9377925395965576 -1.1269819736480713 48 85 52
-7.670154094696045 -2.2636327743530273 -1.1676639318466187 80 106 79
-7.229076385498047 -2.1238632202148438 -1.385850429534912 82 127 58
-16.224546432495117 -4.763981819152832 -0.5958117842674255 69 83 84
-9.967184066772461 -2.9205992221832275 -0.7455905675888062 66 85 65
-11.175748825073242 -3.2696518898010254 -1.2674353122711182 75 86 46
-7.645716190338135 -2.2309436798095703 -1.1628962755203247 59 119 65
-7.224225044250488 -2.0983827114105225 -1.3836796283721924 115 152 85
-16.350418090820312 -4.746502876281738 -0.5998966097831726 69 86 96
-9.939693450927734 -2.879460334777832 -0.7428697347640991 70 94 62
-11.2287015914917 -3.2477798461914062 -1.272304654121399 95 114 84
-7.670588970184326 -2.2126874923706055 -1.1656413078308105 66 120 68
-7.247643947601318 -2.081094980239868 -1.386935830116272 77 121 44
-16.259235382080078 -4.665994167327881 -0.5960230827331543 73 83 95
-12.8721342086792 -3.6862008571624756 -0.9611839056015015 70 76 62
-11.084724426269531 -3.169316053390503 -1.2548831701278687 61 100 81
-8.925811767578125 -2.545137405395508 -1.355195164680481 81 133 22
-7.267240524291992 -2.0626091957092285 -1.3894683122634888 68 86 46
-26.54113006591797 -7.538596153259277 0.0365980789065361 212 254 253
-16.29654884338379 -4.622635364532471 -0.5968682169914246 61 75 78
-15.013018608093262 -4.2494940757751465 -1.1200685501098633 65 97 56
-11.47801685333252 -3.2437055110931396 -1.2982743978500366 73 123 36
-8.941198348999023 -2.5198888778686523 -1.3563510179519653 80 125 42
-7.32466983795166 -2.054647922515869 -1.399236798286438 50 71 28
-15.57451057434082 -4.366241931915283 -0.5699299573898315 62 77 82
-15.007734298706055 -4.198309421539307 -1.1187080144882202 76 83 67
-11.463019371032715 -3.2015233039855957 -1.2954610586166382 78 98 35
-8.902178764343262 -2.4794366359710693 -1.3492716550827026 70 115 22
-7.363162994384766 -2.0410993099212646 -1.405387282371521 83 126 46
-16.100202560424805 -4.460385799407959 -0.5886635184288025 65 88 80
-14.983050346374512 -4.141881942749023 -1.1159156560897827 76 81 75
-11.334793090820312 -3.1282553672790527 -1.2798792123794556 72 98 53
-8.958399772644043 -2.4655044078826904 -1.3566399812698364 74 137 6
-7.3712873458862305 -2.019019365310669 -1.4057490825653076 87 126 59
-15.62414264678955 -4.276928901672363 -0.5707750916481018 59 71 69
-15.395956993103027 -4.20522403717041 -1.1457020044326782 65 74 69
-11.463266372680664 -3.125896692276001 -1.2932969331741333 98 125 92
-8.964012145996094 -2.4374895095825195 -1.3563510179519653 93 132 15
-7.348966121673584 -1.9886879920959473 -1.4003220796585083 78 121 39
-15.657449722290039 -4.2344536781311035 -0.5715145468711853 81 81 81
-13.362434387207031 -3.605774164199829 -0.9935479164123535 76 88 88
-11.500639915466309 -3.098212480545044 -1.296434998512268 87 139 54
-8.054043769836426 -2.16353702545166 -1.2176530361175537 92 121 41
-7.367384433746338 -1.969434142112732 -1.4026738405227661 95 130 62
-12.827878952026367 -3.427016019821167 -0.4678460657596588 88 94 110
-12.683365821838379 -3.3808205127716064 -0.9422810077667236 78 76 77
-11.515854835510254 -3.064448118209839 -1.2970842123031616 81 107 44
-9.01896858215332 -2.3931000232696533 -1.3624190092086792 75 128 20
-7.305877208709717 -1.928995966911316 -1.389830231666565 43 111 8
-15.729517936706543 -4.150539875030518 -0.573204755783081 65 81 78
-14.929540634155273 -3.930532932281494 -1.1082541942596436 105 119 93
-11.562700271606445 -3.03895902633667 -1.3013043403625488 67 104 50
-9.041583061218262 -2.369432210922241 -1.3647305965423584 84 125 49
-7.353634834289551 -1.9174914360046387 -1.3977895975112915 60 108 32
-12.588520050048828 -3.280449628829956 -0.45837366580963135 70 83 89
-15.732320785522461 -4.7180986404418945 -0.7349198460578918 85 96 79
-12.613129615783691 -3.279340982437134 -0.9355504512786865 73 89 52
-12.085807800292969 -3.136836051940918 -1.3590871095657349 36 71 13
-10.072958946228027 -3.0074565410614014 -1.246636152267456 91 90 85
-9.058389663696289 -2.344161033630371 -1.3661754131317139 116 138 65
-7.235666275024414 -1.8630415201187134 -1.3742730617523193 67 107 18
-5.965502738952637 -1.5323363542556763 -1.3714320659637451 76 103 52
-13.069869041442871 -3.363097906112671 -0.47552263736724854 69 84 79
-15.967967987060547 -4.735422611236572 -0.7452456951141357 88 101 92
-12.664673805236816 -3.251293659210205 -0.9386292695999146 51 63 59
-9.996012687683105 -2.95756196975708 -0.8504452705383301 72 86 63
-12.07900333404541 -3.0955469608306885 -1.3572475910186768 70 90 37
-10.388813018798828 -3.067078113555908 -1.2845557928085327 96 117 76
-9.066497802734375 -2.3166043758392334 -1.366320013999939 92 128 32
-7.620981216430664 -2.2466084957122803 -1.237370491027832 95 125 73
-7.26803731918335 -1.8476186990737915 -1.3793381452560425 84 116 41
-6.877303600311279 -2.023334264755249 -1.3885332345962524 123 163 75
-5.9720683097839355 -1.5145070552825928 -1.3718667030334473 103 130 89
-15.424164772033691 -3.9184834957122803 -0.5607392191886902 50 87 79
-15.735092163085938 -4.613889217376709 -0.7337130308151245 65 85 76
-12.786745071411133 -3.2408502101898193 -0.9469351172447205 72 83 49
-12.763861656188965 -3.7339484691619873 -1.0849498510360718 92 96 81
-11.925568580627441 -3.017265796661377 -1.3389605283737183 47 74 29
-10.46585464477539 -3.0549468994140625 -1.2929168939590454 97 99 77
-8.959386825561523 -2.259977340698242 -1.349127173423767 101 130 74
-7.772975921630859 -2.265519380569458 -1.2609145641326904 93 116 34
-7.115320205688477 -1.7855740785598755 -1.3493093252182007 85 131 59
-6.8947906494140625 -2.0055158138275146 -1.390815019607544 114 158 34
-5.98047399520874 -1.4971261024475098 -1.3727360963821411 82 131 42
-13.12515640258789 -3.291591167449951 -0.47679030895233154 81 97 113
-15.852799415588379 -4.595633029937744 -0.7385406494140625 72 88 61
-12.638906478881836 -3.1621453762054443 -0.935263991355896 42 61 59
-9.963226318359375 -2.881495714187622 -0.846135675907135 68 87 83
-11.940555572509766 -2.982109785079956 -1.3396097421646118 76 101 59
-10.433197021484375 -3.010709524154663 -1.2877353429794312 64 76 40
-8.933631896972656 -2.224351406097412 -1.3442150354385376 85 112 59
-7.950793266296387 -2.2909047603607178 -1.2886134386062622 100 118 80
-7.2362775802612305 -1.7923474311828613 -1.3711978197097778 103 139 31
-6.959409713745117 -2.0011746883392334 -1.4026048183441162 95 135 65
-6.005886077880859 -1.483922004699707 -1.377517580986023 97 131 44
-14.609748840332031 -3.616299867630005 -0.5303147435188293 72 85 91
-16.271127700805664 -4.662837982177734 -0.757359504699707 71 94 78
-12.764750480651855 -3.1520490646362305 -0.9438561797142029 83 100 58
-14.93982219696045 -4.271167755126953 -1.2676585912704468 83 92 75
-12.013355255126953 -2.9611656665802 -1.3467514514923096 80 102 38
-10.522600173950195 -3.001568078994751 -1.297627329826355 81 88 80
-9.146051406860352 -2.247464179992676 -1.3751330375671387 93 124 56
-7.681247711181641 -2.187739372253418 -1.2438335418701172 77 126 35
-7.138561725616455 -1.744917392730713 -1.3516608476638794 81 123 57
-6.9721269607543945 -1.9816930294036865 -1.4039359092712402 88 118 58
-6.009462356567383 -1.465258002281189 -1.3773002624511719 116 146 136
-14.580970764160156 -3.5617377758026123 -0.5288710594177246 93 106 99
-15.707685470581055 -4.449268817901611 -0.7304945588111877 78 95 76
-12.657102584838867 -3.084299087524414 -0.9351924061775208 61 79 55
-12.762200355529785 -3.6062870025634766 -1.0819413661956787 35 70 63
-12.050395965576172 -2.9311089515686035 -1.3498893976211548 68 99 31
-10.770705223083496 -3.0366384983062744 -1.3270680904388428 113 130 114
-8.546107292175293 -2.0722579956054688 -1.2839679718017578 79 121 55
-7.8391523361206055 -2.2067344188690186 -1.268301010131836 86 139 21
-7.1534423828125 -1.7253143787384033 -1.3534698486328125 92 122 58
-6.959270477294922 -1.9549832344055176 -1.4001327753067017 134 172 63
-6.023419380187988 -1.4490973949432373 -1.3794736862182617 110 145 43
-26.71873664855957 -7.491291046142578 -0.2286006510257721 226 250 255
-15.002798080444336 -3.6160407066345215 -0.5437663197517395 84 95 101
-15.605818748474121 -4.368740081787109 -0.7251304984092712 67 88 71
-12.705297470092773 -3.0547797679901123 -0.938056468963623 74 97 69
-14.962868690490723 -4.178614139556885 -1.2674146890640259 72 87 64
-12.273934364318848 -2.9456276893615723 -1.3739114999771118 71 90 44
-11.018165588378906 -3.0699472427368164 -1.3563910722732544 99 101 62
-9.19623851776123 -2.2000513076782227 -1.3806232213974 62 117 36
-8.2990083694458 -2.308729887008667 -1.3415491580963135 65 117 34
-7.163486003875732 -1.7044981718063354 -1.3543744087219238 155 162 118
-7.055103302001953 -1.958571434020996 -1.418197751045227 112 158 59
-6.037333965301514 -1.432865023612976 -1.3816471099853516 98 137 30
-15.520374298095703 -3.690444231033325 -0.5621125102043152 66 84 94
-15.790534973144531 -4.368253231048584 -0.7330872416496277 47 90 62
-17.56229019165039 -4.1656107902526855 -1.2957079410552979 70 78 63
-12.986810684204102 -3.583855390548706 -1.0990982055664062 96 124 75
-12.085567474365234 -2.861236572265625 -1.3518372774124146 82 108 83
-11.052424430847168 -3.042983055114746 -1.3594528436660767 97 126 80
-8.444058418273926 -1.992735743522644 -1.2667752504348755 72 99 56
-8.393705368041992 -2.3073527812957764 -1.3557063341140747 83 121 10
-7.353476047515869 -1.7258846759796143 -1.3892874717712402 81 118 41
-7.0213141441345215 -1.9260097742080688 -1.410211205482483 89 130 10
-6.044552803039551 -1.4150034189224243 -1.3822990655899048 97 141 52
-13.243184089660645 -3.106076955795288 -0.4792904853820801 97 120 136
-15.197726249694824 -4.154108047485352 -0.7049705982208252 74 106 101
-15.37617301940918 -3.597292423248291 -1.1336013078689575 77 92 59
-12.987167358398438 -3.541111707687378 -1.0982037782669067 84 105 74
-12.074926376342773 -2.8196237087249756 -1.3496730327606201 75 97 51
-11.059792518615723 -3.0085391998291016 -1.3592172861099243 81 120 89
-8.44916820526123 -1.9665958881378174 -1.2666306495666504 55 97 34
-8.047932624816895 -2.1857688426971436 -1.2987697124481201 74 121 29
-7.375983238220215 -1.7073086500167847 -1.3925436735153198 72 131 37
-6.897372722625732 -1.8692773580551147 -1.3841595649719238 112 150 65
-6.006067276000977 -1.3865718841552734 -1.37251877784729 71 100 44
-16.065587997436523 -3.716085195541382 -0.5810221433639526 82 96 83
-15.437045097351074 -4.168666839599609 -0.7154752016067505 67 76 73
-16.24629783630371 -3.7483267784118652 -1.1968973875045776 63 74 57
-12.997970581054688 -3.501250982284546 -1.0982037782669067 46 88 40
-12.163928031921387 -2.801081418991089 -1.358654260635376 71 97 32
-11.061297416687012 -2.972532033920288 -1.3582751750946045 81 111 87
-8.460948944091797 -1.941993236541748 -1.2674976587295532 100 141 35
-8.64056396484375 -2.3182830810546875 -1.3932536840438843 64 109 24
-7.406116485595703 -1.6903613805770874 -1.3972469568252563 57 130 51
-6.926784038543701 -1.8544552326202393 -1.3889135122299194 97 117 58
-5.97412633895874 -1.3599063158035278 -1.3642597198486328 69 113 60
-15.664761543273926 -3.5727767944335938 -0.5661268830299377 65 81 81
-12.614828109741211 -3.3650569915771484 -0.5841900110244751 75 86 80
-16.222705841064453 -3.6905007362365723 -1.1943196058273315 75 103 45
-13.071258544921875 -3.478015661239624 -1.1034891605377197 83 111 86
-12.103633880615234 -2.748121738433838 -1.3509715795516968 61 99 24
-11.099159240722656 -2.946225643157959 -1.3618080615997314 83 100 58
-9.199381828308105 -2.081792116165161 -1.3771557807922363 81 124 16
-7.797580242156982 -2.0664849281311035 -1.2562980651855469 86 121 0
-7.486109733581543 -1.6844722032546997 -1.4113569259643555 77 115 56
-6.933389663696289 -1.8334463834762573 -1.389103651046753 123 165 81
-5.831599235534668 -1.3086574077606201 -1.3307888507843018 85 120 28
-16.33964729309082 -3.6740026473999023 -0.590107262134552 46 43 50
-12.935189247131348 -3.408040761947632 -0.598538875579834 71 79 82
-13.536080360412598 -3.0356736183166504 -0.9958392381668091 57 54 45
-12.551690101623535 -3.298567533493042 -1.058767318725586 70 89 59
-12.12752914428711 -2.714449644088745 -1.3527028560638428 80 105 48
-11.116791725158691 -2.914426803588867 -1.3628679513931274 79 107 59
-9.542778968811035 -2.12874698638916 -1.4275782108306885 93 125 60
-7.974031448364258 -2.0870864391326904 -1.2836891412734985 61 164 55
-7.499883651733398 -1.6634137630462646 -1.4129849672317505 82 125 36
-6.973178863525391 -1.8210970163345337 -1.395949363708496 75 129 41
-5.908019065856934 -1.3067814111709595 -1.3473069667816162 71 99 15
-16.275177001953125 -4.877378463745117 -0.3030925691127777 169 212 229
-16.383039474487305 -3.6309919357299805 -0.5912692546844482 63 79 92
-12.897244453430176 -3.355762481689453 -0.5963038802146912 84 102 86
-13.489816665649414 -2.9818601608276367 -0.9917579293251038 55 61 47
-12.556927680969238 -3.2587921619415283 -1.0583608150482178 37 70 43
-12.749245643615723 -3.8088409900665283 -1.210709810256958 54 64 73
-12.303746223449707 -2.714279890060425 -1.3714227676391602 67 110 28
-11.142023086547852 -2.884538173675537 -1.3648698329925537 112 139 32
-9.608681678771973 -2.8656651973724365 -1.2857211828231812 78 124 49
-8.561575889587402 -1.882311224937439 -1.279922604560852 80 130 77
-8.214777946472168 -2.1231906414031982 -1.3213905096054077 93 132 25
-7.502069473266602 -1.6397665739059448 -1.4124423265457153 86 133 21
-6.99584436416626 -1.8041077852249146 -1.3993721008300781 86 115 67
-5.7288899421691895 -1.2487366199493408 -1.3055771589279175 50 83 26
-16.367713928222656 -4.850435256958008 -0.3045373260974884 219 254 255
-16.244718551635742 -3.5480847358703613 -0.5858815908432007 53 47 61
-12.764276504516602 -3.2793872356414795 -0.5896881818771362 61 67 57
-15.811474800109863 -4.676894187927246 -0.8961690664291382 72 95 67
-13.638265609741211 -2.970817804336548 -1.0019969940185547 56 65 62
-12.55141830444336 -3.216294288635254 -1.0570597648620605 80 109 63
-12.773286819458008 -3.77337646484375 -1.2118877172470093 71 85 60
-12.816192626953125 -2.786123275756836 -1.4275825023651123 50 87 18
-11.334582328796387 -2.8973140716552734 -1.3873625993728638 75 126 25
-9.673559188842773 -2.8527257442474365 -1.2932251691818237 82 94 56
-9.66977596282959 -2.0948755741119385 -1.4446265697479248 81 128 24
-8.534324645996094 -2.177870750427246 -1.3717100620269775 52 116 42
-7.612734317779541 -2.241668462753296 -1.3142096996307373 75 98 54
-7.509949207305908 -1.6173640489578247 -1.4129849672317505 119 159 45
-6.981367111206055 -1.777549386024475 -1.395378828048706 80 109 53
-6.599302291870117 -1.9398713111877441 -1.4023243188858032 110 162 17
-5.689748764038086 -1.2219319343566895 -1.2957967519760132 64 105 39
-16.340299606323242 -4.7878265380859375 -0.30375251173973083 224 254 252
-16.408918380737305 -3.5312399864196777 -0.5914101004600525 41 39 42
-12.787834167480469 -3.243650197982788 -0.5903139710426331 66 80 65
-15.857376098632812 -4.637612819671631 -0.8979600667953491 84 105 74
-13.671696662902832 -2.934194803237915 -1.0037870407104492 42 44 43
-12.683939933776855 -3.2088162899017334 -1.067386507987976 80 78 55
-12.794363021850586 -3.7369630336761475 -1.2127939462661743 78 117 62
-12.816903114318848 -2.7451250553131104 -1.4267168045043945 87 119 70
-11.382895469665527 -2.8724887371063232 -1.3921908140182495 61 110 28
-9.790820121765137 -2.854685068130493 -1.3077243566513062 67 84 65
-9.674221992492676 -2.064786195755005 -1.4443376064300537 96 148 47
-8.570669174194336 -2.1591603755950928 -1.3764804601669312 85 131 59
-7.593999862670898 -2.2108564376831055 -1.3097983598709106 69 83 70
-7.511989593505859 -1.5937038660049438 -1.4124423265457153 69 118 11
-7.021064758300781 -1.7647379636764526 -1.4022245407104492 63 95 45
-6.633450031280518 -1.9278192520141602 -1.4083170890808105 82 142 29
-5.682011127471924 -1.2020459175109863 -1.2931886911392212 92 118 81
-16.33762550354004 -4.732665538787842 -0.3034314811229706 219 255 248
-16.051101684570312 -3.4027459621429443 -0.5781346559524536 84 92 105
-12.779313087463379 -3.19979190826416 -0.5894646644592285 76 90 67
-10.054718017578125 -2.9071242809295654 -0.568863570690155 67 77 68
-13.902154922485352 -2.9390687942504883 -1.0200406312942505 94 100 98
-12.719833374023438 -3.1764070987701416 -1.0695818662643433 47 64 30
-12.834470748901367 -3.7059812545776367 -1.2155122756958008 72 85 55
-12.806782722473145 -2.7018911838531494 -1.4246609210968018 70 120 67
-11.384909629821777 -2.8358726501464844 -1.3913664817810059 67 107 10
-9.744254112243652 -2.8087005615234375 -1.3003476858139038 105 114 85
-9.633062362670898 -2.0251214504241943 -1.437258243560791 81 132 39
-8.3873929977417 -2.085644483566284 -1.346011757850647 99 144 27
-7.552395343780518 -2.1736321449279785 -1.3014662265777588 69 69 43
-7.527432918548584 -1.5728626251220703 -1.4144320487976074 78 107 25
-7.024539947509766 -1.7427165508270264 -1.4018441438674927 79 103 17
-6.440624237060547 -1.8503705263137817 -1.366167426109314 96 133 40
-5.67133903503418 -1.181621789932251 -1.2899285554885864 85 115 27
-16.366485595703125 -4.686648368835449 -0.3036990165710449 202 243 245
-15.3316650390625 -3.201110363006592 -0.5518653988838196 67 82 85
-14.602641105651855 -3.608759641647339 -0.6730545163154602 43 89 63
-15.427573204040527 -4.409337043762207 -0.8720729351043701 67 83 82
-13.857399940490723 -2.885221481323242 -1.0161025524139404 68 90 54
-12.957902908325195 -3.1936569213867188 -1.0887715816497803 89 107 93
-12.944416999816895 -3.694742202758789 -1.2248456478118896 64 79 58
-12.870492935180664 -2.6741151809692383 -1.4308286905288696 65 100 46
-11.563278198242188 -2.8426544666290283 -1.412092685699463 106 147 55
-9.757594108581543 -2.780150890350342 -1.3009834289550781 84 110 45
-9.646013259887695 -1.996962308883667 -1.4382696151733398 43 97 35
-8.321781158447266 -2.0422401428222656 -1.3344706296920776 99 131 55
-7.563772678375244 -2.151801109313965 -1.3022830486297607 77 90 44
-7.5563063621521 -1.5547165870666504 -1.4189544916152954 89 137 19
-7.021271228790283 -1.7190561294555664 -1.4001327753067017 63 79 43
-6.631015300750732 -1.8830658197402954 -1.4053207635879517 98 138 85
-5.823145389556885 -1.1946216821670532 -1.323616623878479 80 105 47
-27.025257110595703 -6.602353572845459 -0.2291855365037918 197 243 240
-16.387521743774414 -4.6383209228515625 -0.303823858499527 216 252 248
-14.945935249328613 -3.072751522064209 -0.5376392006874084 85 102 120
-13.410155296325684 -3.2704384326934814 -0.6176259517669678 96 95 101
-15.397786140441895 -4.3497700691223145 -0.869630753993988 70 94 44
-13.900385856628418 -2.849705219268799 -1.018608570098877 74 76 65
-12.786539077758789 -3.1098415851593018 -1.073566198348999 72 86 63
-13.064957618713379 -3.685837745666504 -1.2351758480072021 78 90 80
-12.966292381286621 -2.6525485515594482 -1.4405673742294312 89 110 54
-11.551678657531738 -2.8022491931915283 -1.409619688987732 123 172 116
-9.862507820129395 -2.777357339859009 -1.3138293027877808 80 103 61
-8.475032806396484 -1.7274421453475952 -1.2628742456436157 84 143 53
-8.374102592468262 -2.027862071990967 -1.341856837272644 98 104 34
-7.671960353851318 -2.1571590900421143 -1.3197643756866455 67 117 30
-7.547545909881592 -1.5287933349609375 -1.4164220094680786 92 134 26
-7.0226945877075195 -1.6965848207473755 -1.3993721008300781 44 69 29
-6.658459663391113 -1.8688032627105713 -1.4099152088165283 80 109 63
-5.821042060852051 -1.1755915880203247 -1.3223124742507935 37 68 34
-16.349679946899414 -4.5734782218933105 -0.30286073684692383 202 252 253
-17.804712295532227 -3.603593111038208 -0.6400750875473022 69 86 106
-15.477289199829102 -3.7242958545684814 -0.71230149269104 80 99 80
-15.404326438903809 -4.30063009262085 -0.8692508935928345 65 80 51
-15.361956596374512 -3.1002604961395264 -1.1250090599060059 92 103 86
-12.646766662597656 -3.034782886505127 -1.0610440969467163 78 80 69
-12.832542419433594 -3.577802896499634 -1.2121596336364746 93 120 89
-12.986063957214355 -2.6151111125946045 -1.4418659210205078 74 103 49
-11.567948341369629 -2.7686452865600586 -1.4105619192123413 43 104 34
-10.39749813079834 -2.893615484237671 -1.3839086294174194 51 126 70
-9.685249328613281 -1.9431880712509155 -1.4423149824142456 77 119 43
-8.347610473632812 -1.9943546056747437 -1.3366248607635498 79 91 51
-7.717514991760254 -2.1444408893585205 -1.326462984085083 100 131 53
-7.503009796142578 -1.4958237409591675 -1.407196283340454 96 146 47
-7.021181583404541 -1.6734381914138794 -1.398041009902954 68 93 27
-6.672659397125244 -1.8507235050201416 -1.4117131233215332 87 134 20
-5.814090728759766 -1.1556341648101807 -1.319921851158142 96 123 42
-16.423383712768555 -4.539813041687012 -0.30396658182144165 133 170 179
-15.47711181640625 -3.083099842071533 -0.5560557842254639 50 73 63
-15.746219635009766 -3.7379400730133057 -0.7241470813751221 82 92 81
-15.515631675720215 -4.280436992645264 -0.8747865557670593 81 100 70
-14.513407707214355 -2.882699728012085 -1.0622141361236572 65 76 78
-12.603643417358398 -2.9835708141326904 -1.0566532611846924 68 77 58
-13.097887992858887 -3.6085128784179688 -1.2361725568771362 78 82 59
-13.067163467407227 -2.5897529125213623 -1.449981451034546 76 106 82
-11.580253601074219 -2.7340548038482666 -1.4110329151153564 57 99 35
-10.54308795928955 -2.8993117809295654 -1.402096152305603 74 97 87
-9.769796371459961 -1.9289902448654175 -1.4540175199508667 115 153 32
-8.27867317199707 -1.9510560035705566 -1.3246220350265503 94 136 28
-7.696468353271484 -2.1131787300109863 -1.3217250108718872 98 110 60
-7.518179893493652 -1.4748804569244385 -1.4091861248016357 100 149 42
-7.032972812652588 -1.6534624099731445 -1.3993721008300781 101 136 72
-6.6783061027526855 -1.8302433490753174 -1.4117131233215332 82 125 56
-5.788870334625244 -1.1321706771850586 -1.313401460647583 102 146 57
-16.417943954467773 -4.484136581420898 -0.30360984802246094 150 180 188
-15.113825798034668 -2.962552547454834 -0.542674720287323 81 99 113
-15.524168014526367 -3.6349527835845947 -0.7134190201759338 97 105 90
-14.815790176391602 -4.038492679595947 -0.834626317024231 76 92 56
-14.243192672729492 -2.783634901046753 -1.0418076515197754 69 83 66
-12.891295433044434 -3.0099282264709473 -1.0799897909164429 113 134 115
-12.796598434448242 -3.483302354812622 -1.206722617149353 85 107 86
-13.080902099609375 -2.550792932510376 -1.450630784034729 94 116 80
-11.607930183410645 -2.7030186653137207 -1.4133882522583008 59 74 17
-10.107802391052246 -2.7462823390960693 -1.3430819511413574 48 109 31
-9.792181968688965 -1.9022157192230225 -1.4564735889434814 102 147 56
-8.279808044433594 -1.9245296716690063 -1.3238526582717896 90 124 38
-7.6772074699401855 -2.082582473754883 -1.3173139095306396 92 138 65
-7.513978004455566 -1.4501307010650635 -1.4075579643249512 83 133 72
-7.0380120277404785 -1.6318777799606323 -1.3993721008300781 100 127 58
-6.6791605949401855 -1.8084654808044434 -1.4107142686843872 84 121 41
-5.806694030761719 -1.1171715259552002 -1.3166615962982178 74 99 42
-16.40459442138672 -4.426453113555908 -0.30311042070388794 203 244 250
-15.079666137695312 -2.907844066619873 -0.5411252975463867 73 91 95
-17.410961151123047 -4.020437717437744 -0.7995567321777344 87 109 88
-14.82618236541748 -3.9925003051757812 -0.834517776966095 54 70 57
-13.885334014892578 -2.6694958209991455 -1.015028476715088 71 84 64
-13.591045379638672 -3.129371166229248 -1.1378029584884644 65 95 23
-12.70335865020752 -3.4160959720611572 -1.1969362497329712 113 132 86
-13.086712837219238 -2.510274648666382 -1.4504142999649048 101 138 60
-11.597779273986816 -2.663170576095581 -1.4111506938934326 86 119 50
-10.589418411254883 -2.8422799110412598 -1.4059118032455444 121 138 104
-9.865035057067871 -1.884979009628296 -1.466442584991455 86 123 28
-8.322272300720215 -1.907507061958313 -1.329700231552124 80 135 33
-7.696901798248291 -2.0625946521759033 -1.3196011781692505 83 116 37
-7.509695529937744 -1.4254207611083984 -1.4059299230575562 67 113 48
-7.075525760650635 -1.6177176237106323 -1.4058375358581543 103 133 73
-6.678997993469238 -1.7864465713500977 -1.409515619277954 96 133 40
-5.798585414886475 -1.097174048423767 -1.3140535354614258 38 77 30
-16.370758056640625 -4.363485813140869 -0.3022364675998688 199 244 249
-15.164121627807617 -2.8759052753448486 -0.543836772441864 81 97 112
-17.119304656982422 -3.8978066444396973 -0.7856101989746094 78 97 77
-12.74147891998291 -3.389225959777832 -0.7165879607200623 74 87 78
-13.928741455078125 -2.633554697036743 -1.017606258392334 69 83 68
-13.599610328674316 -3.0874390602111816 -1.1377215385437012 59 73 56
-12.676241874694824 -3.367135524749756 -1.1934022903442383 64 76 62
-13.090444564819336 -2.4693763256073 -1.449981451034546 97 121 59
-11.761828422546387 -2.6628799438476562 -1.4301105737686157 76 96 47
-10.536728858947754 -2.793510675430298 -1.397771954536438 55 108 18
-9.845486640930176 -1.8499536514282227 -1.4626861810684204 69 111 27
-8.341577529907227 -1.8850147724151611 -1.3318545818328857 87 120 49
-7.783305644989014 -2.060176134109497 -1.3333247900009155 88 129 37
-7.404784202575684 -1.3819849491119385 -1.3854886293411255 79 118 37
-7.0938639640808105 -1.599025011062622 -1.4084997177124023 122 151 43
-6.683499813079834 -1.7656970024108887 -1.4093159437179565 95 126 22
-5.807682037353516 -1.0804502964019775 -1.3153576850891113 112 161 72
-16.471078872680664 -3.7040460109710693 -0.13907980918884277 37 20 56
-16.408239364624023 -4.31960391998291 -0.30268236994743347 214 244 252
-15.14929485321045 -2.824971914291382 -0.5429916381835938 76 93 109
-16.389400482177734 -3.6787664890289307 -0.7515931725502014 43 48 54
-12.728638648986816 -3.3440303802490234 -0.7152854204177856 71 80 59
-17.84457778930664 -3.3172643184661865 -1.302939772605896 75 81 77
-13.451452255249023 -3.0104382038116455 -1.1245490312576294 64 87 43
-12.481331825256348 -3.2744016647338867 -1.1741012334823608 66 104 31
-12.930813789367676 -2.3982043266296387 -1.4314780235290527 89 123 37
-11.777695655822754 -2.6285130977630615 -1.431052565574646 64 107 51
-10.611456871032715 -2.7785072326660156 -1.4065477848052979 80 121 27
-9.918256759643555 -1.8321418762207031 -1.472655177116394 109 133 47
-8.346356391906738 -1.8591994047164917 -1.3317005634307861 86 133 52
-7.7867255210876465 -2.035538911819458 -1.3328346014022827 109 141 40
-7.376099109649658 -1.353226900100708 -1.3793381452560425 75 113 14
-7.106403350830078 -1.5789573192596436 -1.4100210666656494 83 120 42
-6.689833641052246 -1.7454313039779663 -1.409515619277954 79 110 16
-5.84457540512085 -1.068772792816162 -1.3229645490646362 82 108 34
-16.442337036132812 -3.644623279571533 -0.13874205946922302 68 51 105
-16.45334815979004 -4.27754545211792 -0.30327093601226807 210 251 253
-16.260644912719727 -4.864249229431152 -0.4657871723175049 91 105 80
-16.405485153198242 -3.6295459270477295 -0.7518166303634644 51 46 53
-12.773633003234863 -3.313990831375122 -0.7172392010688782 86 99 81
-10.051926612854004 -3.0016067028045654 -0.6717723608016968 71 97 60
-17.835046768188477 -3.2589163780212402 -1.3015077114105225 96 120 96
-13.688375473022461 -3.019392967224121 -1.1435761451721191 64 68 71
-12.442151069641113 -3.223356246948242 -1.1694797277450562 68 67 46
-12.510652542114258 -3.73319149017334 -1.316718578338623 95 116 75
-12.964516639709473 -2.363335371017456 -1.4343996047973633 98 143 50
-11.776005744934082 -2.59023380279541 -1.4298748970031738 100 130 70
-10.645858764648438 -2.7526426315307617 -1.4099817276000977 79 119 30
-9.195728302001953 -2.738771915435791 -1.3252595663070679 97 101 68
-9.927724838256836 -1.802411437034607 -1.4732329845428467 147 187 137
-8.357812881469727 -1.8348557949066162 -1.3326239585876465 111 152 34
-7.855980396270752 -2.027914524078369 -1.343617558479309 106 144 35
-7.33085298538208 -1.3216912746429443 -1.370112419128418 68 114 42
-7.115049839019775 -1.5579876899719238 -1.4107816219329834 85 117 41
-6.6932597160339355 -1.724410057067871 -1.4091161489486694 84 120 46
-5.820927143096924 -1.0460031032562256 -1.3168790340423584 100 120 85
-16.44171714782715 -3.5916008949279785 -0.13864320516586304 34 27 95
-16.432498931884766 -4.218346118927002 -0.302646666765213 211 255 253
-16.440364837646484 -4.863109588623047 -0.4705057144165039 170 222 186
-17.916349411010742 -3.227332353591919 -0.6414484977722168 76 93 85
-15.327248573303223 -3.341705322265625 -0.7019309997558594 65 65 63
-12.688945770263672 -3.2505030632019043 -0.7119206786155701 63 68 61
-15.944412231445312 -4.707932472229004 -1.0645982027053833 106 113 79
-18.077632904052734 -3.2459616661071777 -1.3184773921966553 81 94 77
-13.710235595703125 -2.980135440826416 -1.1446330547332764 75 89 76
-12.486715316772461 -3.194053888320923 -1.1727418899536133 81 93 71
-9.943585395812988 -2.933983325958252 -1.0455881357192993 72 94 82
-13.039226531982422 -2.335644245147705 -1.4418659210205078 92 124 49
-11.65870189666748 -2.5269579887390137 -1.4146835803985596 84 139 56
-10.687891006469727 -2.728555917739868 -1.414433240890503 80 121 43
-9.238296508789062 -2.720621109008789 -1.330185055732727 77 116 49
-9.903009414672852 -1.7665581703186035 -1.4687541723251343 111 155 58
-8.38271713256836 -1.813383936882019 -1.335701584815979 46 114 31
-7.8851094245910645 -2.009650945663452 -1.3475385904312134 100 154 42
-7.4647345542907715 -2.197751760482788 -1.3687349557876587 95 127 60
-7.271925449371338 -1.2880445718765259 -1.358354091644287 87 124 57
-7.121715545654297 -1.536565899848938 -1.41116201877594 83 131 45
-6.700417518615723 -1.704350471496582 -1.409515619277954 128 154 67
-6.4067840576171875 -1.8855432271957397 -1.4306458234786987 86 126 63
-5.901007652282715 -1.0417147874832153 -1.3342664241790771 78 105 62
-16.452659606933594 -3.5411415100097656 -0.13864320516586304 50 33 113
-16.333904266357422 -4.139664173126221 -0.3005954921245575 212 253 255
-16.430261611938477 -4.805352210998535 -0.4697924256324768 141 177 141
-17.846454620361328 -3.1582441329956055 -0.6385961771011353 69 86 104
-16.36298370361328 -3.514967918395996 -0.7488664388656616 59 64 60
-12.671751976013184 -3.2047035694122314 -0.7104010581970215 71 83 63
-15.620619773864746 -4.560271263122559 -1.0420397520065308 71 87 60
-17.97061538696289 -3.1698663234710693 -1.309956669807434 76 90 73
-13.796306610107422 -2.95454740524292 -1.1510567665100098 83 98 79
-12.60363483428955 -3.182796001434326 -1.1828001737594604 62 83 42
-10.433930397033691 -3.0438992977142334 -1.0961617231369019 88 109 76
-13.137385368347168 -2.3116514682769775 -1.4519292116165161 85 116 38
-11.820813179016113 -2.5241501331329346 -1.4334079027175903 104 147 40
-10.512507438659668 -2.649454355239868 -1.3901407718658447 79 129 42
-7.608804225921631 -2.215400457382202 -1.0945773124694824 75 98 46
-9.907408714294434 -1.735997200012207 -1.4686098098754883 87 128 32
-8.386308670043945 -1.7872456312179565 -1.3353937864303589 82 123 21
-7.943859100341797 -1.9986900091171265 -1.3565244674682617 92 130 31
-7.486571788787842 -2.179244041442871 -1.371506690979004 54 69 36
-7.3087873458862305 -1.271459698677063 -1.3645045757293701 103 117 64
-7.1215949058532715 -1.5136889219284058 -1.410211205482483 106 147 87
-6.71891975402832 -1.687126636505127 -1.4123122692108154 76 117 25
-6.2623186111450195 -1.8221684694290161 -1.3971314430236816 64 121 16
-5.950339317321777 -1.031609296798706 -1.3446987867355347 77 94 39
-16.50355339050293 -3.499152421951294 -0.1389809548854828 207 246 251
-16.451282501220703 -4.115739822387695 -0.30252182483673096 209 254 249
-16.298004150390625 -4.712440490722656 -0.46559515595436096 121 156 132
-16.778318405151367 -3.5503716468811035 -0.7673724293708801 78 94 83
-12.833625793457031 -3.203782558441162 -0.7189216017723083 62 84 72
-9.835586547851562 -2.8386752605438232 -0.6555404663085938 86 105 101
-18.602365493774414 -3.222486734390259 -1.3552807569503784 66 71 67
-13.78677749633789 -2.9082982540130615 -1.1495119333267212 85 109 59
-12.815300941467285 -3.194456100463867 -1.2017388343811035 52 85 30
-12.843706130981445 -3.704185962677002 -1.3481264114379883 84 113 65
-13.29135799407959 -2.296726942062378 -1.4681603908538818 84 126 52
-11.855710983276367 -2.493595600128174 -1.436705231666565 63 123 37
-10.792023658752441 -2.6847150325775146 -1.4260071516036987 96 140 51
-9.234825134277344 -2.658130645751953 -1.3273118734359741 87 127 41
-9.905861854553223 -1.7044190168380737 -1.4675984382629395 108 144 44
-8.396587371826172 -1.7625234127044678 -1.3361632823944092 91 144 38
-8.029424667358398 -1.9940451383590698 -1.3700847625732422 79 127 17
-7.505526542663574 -2.1598060131073 -1.3737587928771973 65 79 56
-7.300050735473633 -1.2468780279159546 -1.3621529340744019 93 122 55
-7.121400356292725 -1.490827202796936 -1.4092603921890259 83 125 23
-6.744036674499512 -1.6714555025100708 -1.416507363319397 112 156 45
-6.240627288818359 -1.795108437538147 -1.3910568952560425 132 174 102
-5.959249973297119 -1.0143318176269531 -1.3460029363632202 101 147 82
-16.437623977661133 -4.058777332305908 -0.3020402193069458 217 252 255
-16.404653549194336 -4.688789367675781 -0.4682287573814392 119 150 144
-17.457096099853516 -3.638084650039673 -0.7979028224945068 78 91 73
-14.043675422668457 -3.460123300552368 -0.7861084938049316 74 80 68
-15.443897247314453 -4.406022548675537 -1.0284278392791748 68 84 71
-18.091007232666016 -3.0767662525177 -1.3173316717147827 74 92 66
-13.796609878540039 -2.866189956665039 -1.1495931148529053 95 106 74
-12.492374420166016 -3.073284149169922 -1.1705671548843384 72 74 69
-12.769852638244629 -3.6404874324798584 -1.339195728302002 64 85 42
-13.363029479980469 -2.2669126987457275 -1.4753021001815796 96 119 77
-11.95762825012207 -2.476747989654541 -1.4481282234191895 102 129 50
-10.756861686706543 -2.6409504413604736 -1.4202837944030762 78 118 29
-9.365845680236816 -2.6647560596466064 -1.3449620008468628 73 111 26
-9.907140731811523 -1.6733609437942505 -1.4670203924179077 97 141 43
-8.436790466308594 -1.743955373764038 -1.3417030572891235 94 139 38
-8.052751541137695 -1.9736289978027344 -1.3730255365371704 84 130 5
-7.518748760223389 -2.138655424118042 -1.3749713897705078 56 85 19
-7.309661388397217 -1.2254515886306763 -1.3632383346557617 105 165 113
-7.118248462677002 -1.4673863649368286 -1.4077390432357788 112 138 75
-6.737711429595947 -1.6479636430740356 -1.4141101837158203 100 139 14
-6.185910701751709 -1.7588388919830322 -1.3776510953903198 43 87 26
-5.900717258453369 -0.9857509136199951 -1.3320930004119873 81 103 64
-16.368398666381836 -3.988445281982422 -0.3005419969558716 156 201 204
-16.33815574645996 -4.615610599517822 -0.46592438220977783 121 146 143
-17.47013282775879 -3.584911823272705 -0.7979922294616699 80 97 65
-14.979853630065918 -3.642071008682251 -0.8378825783729553 68 77 74
-15.461183547973633 -4.359703540802002 -1.0286834239959717 78 102 44
-18.25187110900879 -3.0465385913848877 -1.3283584117889404 79 85 71
-13.897126197814941 -2.8426241874694824 -1.1572364568710327 85 91 91
-12.513358116149902 -3.0377628803253174 -1.1716545820236206 65 85 48
-12.530054092407227 -3.530594825744629 -1.3129055500030518 64 97 40
-13.362076759338379 -2.2245986461639404 -1.4744364023208618 93 127 50
-11.961277961730957 -2.4392569065093994 -1.4476571083068848 100 143 36
-10.955784797668457 -2.65417742729187 -1.4454666376113892 95 128 59
-9.386373519897461 -2.639495372772217 -1.3467406034469604 100 142 30
-9.878061294555664 -1.6372952461242676 -1.4619637727737427 105 145 46
-8.61638355255127 -1.7535320520401 -1.3694018125534058 93 137 39
-8.056851387023926 -1.9484504461288452 -1.3726987838745117 75 111 41
-7.530015468597412 -2.116910934448242 -1.3758375644683838 54 89 47
-7.277479648590088 -1.1971136331558228 -1.3565452098846436 118 149 69
-7.067874908447266 -1.434410810470581 -1.3969000577926636 86 117 50
-6.7579755783081055 -1.63096284866333 -1.4173064231872559 97 146 57
-6.360721588134766 -1.7874690294265747 -1.41535484790802 70 129 21
-6.014487266540527 -0.9857993125915527 -1.3570873737335205 77 104 53
-16.45055389404297 -3.9550371170043945 -0.30182620882987976 171 205 215
-15.223945617675781 -3.0753462314605713 -0.6949577331542969 80 92 82
-15.523053169250488 -3.723737955093384 -0.8676227927207947 80 91 75
-15.13706111907959 -4.21821928024292 -1.006252646446228 86 120 87
-13.634820938110352 -2.2329020500183105 -0.9918294548988342 67 80 71
-13.915553092956543 -2.8019423484802246 -1.1580495834350586 76 91 70
-12.721159934997559 -3.0469117164611816 -1.1902306079864502 76 94 80
-12.290661811828613 -3.4224753379821777 -1.2867157459259033 109 129 92
-13.378649711608887 -2.1851963996887207 -1.4755184650421143 83 120 24
-12.21989917755127 -2.452972412109375 -1.4780398607254028 99 126 73
-10.905028343200684 -2.606487512588501 -1.4377082586288452 92 128 40
-9.57099723815918 -2.6597542762756348 -1.372052788734436 75 121 59
-9.883037567138672 -1.6069821119308472 -1.4619637727737427 121 161 73
-8.605252265930176 -1.7237898111343384 -1.3667857646942139 86 124 49
-8.09925651550293 -1.932423710823059 -1.3789072036743164 49 84 28
-7.546912670135498 -2.0966992378234863 -1.3777432441711426 78 103 35
-7.27626371383667 -1.1739976406097412 -1.3556406497955322 97 135 34
-7.064540386199951 -1.4111816883087158 -1.395378828048706 87 122 30
-6.756275177001953 -1.608633279800415 -1.4159080982208252 76 127 24
-6.342621326446533 -1.7614049911499023 -1.4101182222366333 42 45 60
-6.039648532867432 -0.9709056615829468 -1.3620861768722534 73 77 63
-16.487903594970703 -3.910547971725464 -0.3022899329662323 201 248 240
-13.16597843170166 -3.632371425628662 -0.37481892108917236 50 48 51
-15.09515380859375 -3.001157760620117 -0.6886549592018127 86 98 74
-12.963314056396484 -3.0676674842834473 -0.7240229845046997 83 91 76
-14.733322143554688 -4.057040214538574 -0.9785817265510559 51 69 45
-26.777021408081055 -4.30081844329834 -1.9468555450439453 72 102 48
-15.114895820617676 -2.995211601257324 -1.2570880651474 56 75 47
-12.603483200073242 -2.9778709411621094 -1.178360104560852 72 104 81
-12.319331169128418 -3.3897671699523926 -1.288622260093689 75 122 44
-13.485416412353516 -2.160179615020752 -1.4865556955337524 105 139 44
-12.306279182434082 -2.4310595989227295 -1.4875787496566772 87 101 65
-10.91586971282959 -2.573701858520508 -1.4380897283554077 90 134 10
-9.602992057800293 -2.6369357109069824 -1.3754732608795166 83 116 61
-9.852743148803711 -1.5710445642471313 -1.4567625522613525 95 139 28
-9.029295921325684 -1.7799378633499146 -1.4332630634307861 99 141 43
-8.20021915435791 -1.9299418926239014 -1.3950815200805664 64 86 50
-7.53431510925293 -2.0683212280273438 -1.3742785453796387 96 119 47
-7.2798309326171875 -1.151668906211853 -1.3556406497955322 92 126 52
-7.052460670471191 -1.3862823247909546 -1.3921462297439575 83 123 53
-6.752593517303467 -1.5858815908432007 -1.4141101837158203 105 136 58
-6.334794044494629 -1.738315224647522 -1.4071857929229736 107 147 51
-6.072488784790039 -0.9570826888084412 -1.3688238859176636 49 53 52
-16.489112854003906 -3.8574399948120117 -0.3020937442779541 163 198 217
-16.351011276245117 -4.457155704498291 -0.46510136127471924 113 127 127
-15.36017894744873 -3.0048916339874268 -0.7003217339515686 86 103 84
-17.71015167236328 -4.133634567260742 -0.9884290099143982 77 102 62
-14.992216110229492 -4.078888893127441 -0.9949414730072021 76 90 55
-21.67642593383789 -3.4133963584899902 -1.5752418041229248 75 111 47
-15.200318336486816 -2.9637033939361572 -1.2634303569793701 67 89 51
-12.649415969848633 -2.9477789402008057 -1.1818034648895264 59 62 51
-12.328712463378906 -3.3516950607299805 -1.2885218858718872 79 101 55
-13.528316497802734 -2.1245031356811523 -1.4905593395233154 107 134 65
-12.301006317138672 -2.3908298015594482 -1.4860477447509766 100 126 61
-10.994239807128906 -2.556600332260132 -1.4473743438720703 89 139 40
-9.546981811523438 -2.5900838375091553 -1.366306185722351 76 109 20
-9.852628707885742 -1.5400452613830566 -1.4560401439666748 96 126 52
-9.022104263305664 -1.7497824430465698 -1.431262731552124 79 130 35
-8.211867332458496 -1.9061131477355957 -1.3960617780685425 79 102 56
-7.554883003234863 -2.0490636825561523 -1.376876950263977 95 119 45
-7.276526927947998 -1.1282743215560913 -1.3543744087219238 95 119 41
-6.944868564605713 -1.3430166244506836 -1.3700878620147705 82 106 54
-6.761245250701904 -1.5660417079925537 -1.4149092435836792 101 124 68
-6.366522312164307 -1.7260363101959229 -1.4130507707595825 105 142 49
-6.116876602172852 -0.9448553323745728 -1.3781695365905762 59 57 62
-16.466772079467773 -3.7989673614501953 -0.30146947503089905 204 244 255
-16.39646339416504 -4.415548324584961 -0.46600669622421265 93 121 133
-15.048538208007812 -2.896019220352173 -0.6857047080993652 80 95 88
-17.916393280029297 -4.123852252960205 -0.9992287755012512 69 79 70
-12.60202407836914 -3.387106418609619 -0.8356255292892456 68 83 62
-27.02075958251953 -4.170057773590088 -1.9626796245574951 82 120 33
-17.591854095458984 -3.374006748199463 -1.4613444805145264 58 91 36
-12.76419448852539 -2.9332692623138428 -1.1916805505752563 62 89 70
-12.331249237060547 -3.311790704727173 -1.2877190113067627 72 100 60
-13.507259368896484 -2.0787549018859863 -1.4875295162200928 60 137 35
-11.87229061126709 -2.2697269916534424 -1.4334079027175903 72 114 30
-11.12578010559082 -2.5512351989746094 -1.4636541604995728 83 128 61
-9.59220027923584 -2.5707831382751465 -1.3716422319412231 66 109 20
-9.859264373779297 -1.5101102590560913 -1.4563292264938354 66 100 40
-9.027429580688477 -1.7220947742462158 -1.431262731552124 105 139 55
-8.21382999420166 -1.8800301551818848 -1.395408272743225 73 109 45
-7.564939022064209 -2.026895523071289 -1.3775699138641357 69 105 18
-7.278008937835693 -1.105649471282959 -1.3540124893188477 108 157 75
-6.995250225067139 -1.330509066581726 -1.3792153596878052 100 132 57
-6.8004069328308105 -1.5531452894210815 -1.4221006631851196 85 117 52
-6.337784767150879 -1.6973892450332642 -1.4055100679397583 132 174 108
-6.115886211395264 -0.9255004525184631 -1.3773002624511719 117 139 127
-16.468599319458008 -3.7462122440338135 -0.3012911081314087 193 233 232
-16.49494171142578 -4.3878374099731445 -0.46842077374458313 187 226 233
-21.361011505126953 -3.2417402267456055 -0.7612798810005188 30 33 38
-15.123117446899414 -2.8622844219207764 -0.6886996626853943 82 98 88
-13.4067964553833 -3.0425891876220703 -0.7471964955329895 82 89 81
-12.877606391906738 -3.4188485145568848 -0.8531995415687561 70 98 49
-26.834209442138672 -4.05702018737793 -1.9482160806655884 81 111 57
-17.680477142333984 -3.334798574447632 -1.4678493738174438 86 105 73
-13.398629188537598 -3.035818338394165 -1.2500367164611816 99 110 80
-12.335582733154297 -3.2724127769470215 -1.2871170043945312 87 111 53
-13.622689247131348 -2.053755760192871 -1.4995405673980713 72 106 11
-12.217850685119629 -2.296959638595581 -1.474271535873413 79 111 44
-11.037775993347168 -2.495435953140259 -1.4510626792907715 76 120 25
-9.592381477355957 -2.5393145084381104 -1.3705476522445679 62 130 31
-9.665204048156738 -1.4500527381896973 -1.4270004034042358 102 138 74
-9.069574356079102 -1.7013134956359863 -1.4371103048324585 85 145 83
-8.217635154724121 -1.8543872833251953 -1.3950815200805664 58 83 41
-7.549223899841309 -1.9978817701339722 -1.3735854625701904 59 112 4
-7.274557590484619 -1.0823025703430176 -1.3527462482452393 108 137 79
-6.976139068603516 -1.3047101497650146 -1.3746516704559326 46 107 12
-6.84242057800293 -1.5406689643859863 -1.4298913478851318 101 138 69
-6.34201717376709 -1.6776870489120483 -1.405300498008728 107 137 67
-6.136076927185059 -0.9093083739280701 -1.3812124729156494 46 56 47
-16.46050453186035 -3.6912944316864014 -0.30093440413475037 53 56 61
-13.063572883605957 -3.432175636291504 -0.37067651748657227 52 50 55
-21.340211868286133 -3.171635866165161 -0.7601882815361023 37 39 38
-14.711472511291504 -2.737650156021118 -0.669567883014679 82 95 88
-16.397850036621094 -3.668527841567993 -0.9132643342018127 46 50 53
-12.599403381347656 -3.3036434650421143 -0.83409184217453 75 85 76
-26.952104568481445 -3.9903054237365723 -1.9558775424957275 69 99 35
-17.73178482055664 -3.288172721862793 -1.4712647199630737 81 114 69
-13.010356903076172 -2.905909299850464 -1.2129751443862915 78 91 73
-12.351338386535645 -3.236065149307251 -1.2877190113067627 61 97 51
-13.653512001037598 -2.0155816078186035 -1.5022456645965576 105 133 74
-12.156484603881836 -2.246830940246582 -1.466028094291687 82 117 51
-11.15284252166748 -2.4855096340179443 -1.4651803970336914 100 139 74
-9.559874534606934 -2.49934983253479 -1.3648011684417725 68 111 40
-9.448351860046387 -1.387892723083496 -1.394348382949829 92 119 64
-9.073779106140137 -1.673301100730896 -1.4369562864303589 132 157 73
-8.249286651611328 -1.8349509239196777 -1.399492621421814 98 123 65
-7.550553321838379 -1.973466396331787 -1.3727192878723145 79 123 28
-7.274924278259277 -1.0595542192459106 -1.352203607559204 100 113 95
-6.929899215698242 -1.274070382118225 -1.3647634983062744 98 154 55
-6.838505744934082 -1.5177586078643799 -1.428093433380127 127 160 105
-6.355648994445801 -1.6604467630386353 -1.4071857929229736 91 126 24
-6.128211975097656 -0.8889374732971191 -1.378821611404419 57 60 65
-16.46491813659668 -3.6392664909362793 -0.3008095622062683 48 42 54
-16.0822696685791 -4.172570705413818 -0.45596611499786377 107 127 125
-21.306325912475586 -3.0998191833496094 -0.758638858795166 47 46 52
-16.408052444458008 -3.617987632751465 -0.9132100939750671 74 78 61
-12.653919219970703 -3.2764804363250732 -0.8370314836502075 77 94 50
-27.3876953125 -3.9689676761627197 -1.9865946769714355 34 49 44
-17.75845718383789 -3.236794948577881 -1.4726468324661255 87 117 67
-12.74591064453125 -2.8058176040649414 -1.1875122785568237 36 65 47
-12.413224220275879 -3.2116143703460693 -1.293137788772583 55 66 49
-13.877076148986816 -2.0051026344299316 -1.526159644126892 102 137 45
-12.258094787597656 -2.226741075515747 -1.4774510860443115 96 139 21
-11.138134002685547 -2.446387529373169 -1.4622551202774048 88 129 63
-9.601067543029785 -2.478675603866577 -1.369589924812317 91 126 32
-9.61319351196289 -1.3819910287857056 -1.418042778968811 93 132 49
-9.046786308288574 -1.6396403312683105 -1.4318782091140747 82 113 46
-8.24716854095459 -1.8079438209533691 -1.3981857299804688 94 109 24
-7.556571960449219 -1.9502923488616943 -1.3727192878723145 70 112 49
-7.292745590209961 -1.039311408996582 -1.354917049407959 108 121 93
-6.922182083129883 -1.250709056854248 -1.3624815940856934 95 123 39
-6.803884506225586 -1.4881871938705444 -1.41990327835083 91 123 50
-6.361660003662109 -1.6411843299865723 -1.4073952436447144 104 140 79
-6.130910396575928 -0.8701322078704834 -1.378821611404419 37 35 48
-16.471120834350586 -3.5876715183258057 -0.30072036385536194 66 61 81
-13.077608108520508 -3.3502180576324463 -0.37048450112342834 49 64 59
-21.306833267211914 -3.033170223236084 -0.75832200050354 49 55 55
-17.776044845581055 -3.1952126026153564 -0.8081392049789429 84 98 81
-16.408340454101562 -3.5652990341186523 -0.912613034248352 40 45 48
-12.659077644348145 -3.2364072799682617 -0.8367119431495667 89 100 60
-17.716306686401367 -3.1729848384857178 -1.4683372974395752 124 136 96
-13.422109603881836 -2.911527395248413 -1.2496742010116577 98 112 79
-12.434585571289062 -3.1764707565307617 -1.294341802597046 52 80 83
-14.133185386657715 -1.9978618621826172 -1.5536442995071411 106 149 44
-12.328413009643555 -2.200464963912964 -1.4851057529449463 92 128 41
-11.158188819885254 -2.4149322509765625 -1.4639084339141846 76 111 47
-9.46080207824707 -2.4115283489227295 -1.3485193252563477 79 119 20
-9.640905380249023 -1.3557988405227661 -1.4215102195739746 111 146 44
-9.076093673706055 -1.6162083148956299 -1.4357253313064575 104 117 64
-8.25171184539795 -1.782425045967102 -1.3980222940444946 80 95 30
-7.594014644622803 -1.935125470161438 -1.3784360885620117 62 104 2
-7.3835673332214355 -1.029152274131775 -1.3711978197097778 71 72 67
-6.918253421783447 -1.2280933856964111 -1.3609602451324463 92 127 59
-6.762441158294678 -1.4573975801467896 -1.4103147983551025 108 152 101
-6.368560314178467 -1.62214195728302 -1.4078141450881958 105 131 44
-6.13548469543457 -0.8515871167182922 -1.379256248474121 48 58 49
-16.4810733795166 -3.536912202835083 -0.3007025122642517 59 60 64
-14.447484970092773 -3.653956413269043 -0.40897318720817566 113 164 168
-21.32692527770996 -2.9693033695220947 -0.7587093114852905 37 41 42
-17.72772216796875 -3.1304118633270264 -0.8055018782615662 84 95 79
-15.900731086730957 -3.4039504528045654 -0.8837953805923462 45 46 50
-12.721198081970215 -3.210742473602295 -0.8401628136634827 82 105 51
-20.915555953979492 -2.9001224040985107 -1.5158121585845947 38 40 52
-17.7495174407959 -3.1227619647979736 -1.470288872718811 100 130 76
-13.764050483703613 -2.9415159225463867 -1.2806646823883057 78 89 55
-12.42111873626709 -3.1324679851531982 -1.2919336557388306 59 96 27
-14.147126197814941 -1.955581545829773 -1.5545099973678589 107 153 65
-12.390857696533203 -2.1724061965942383 -1.4918180704116821 101 131 71
-11.116071701049805 -2.3701393604278564 -1.4574220180511475 98 131 24
-9.245285034179688 -2.3264100551605225 -1.3167766332626343 89 121 45
-9.592083930969238 -1.3189358711242676 -1.4137084484100342 76 132 45
-9.082956314086914 -1.588696002960205 -1.4360331296920776 88 115 62
-8.26003646850586 -1.7577167749404907 -1.3985124826431274 68 98 62
-7.454737186431885 -1.8752974271774292 -1.3521043062210083 69 107 32
-7.334067344665527 -0.9993246793746948 -1.3614293336868286 75 104 74
-6.922955513000488 -1.2070313692092896 -1.3611503839492798 114 130 93
-6.71991491317749 -1.4266726970672607 -1.4005264043807983 83 84 66
-6.37255859375 -1.6023573875427246 -1.407604694366455 96 137 41
-6.132264614105225 -0.8319723606109619 -1.377952218055725 71 57 70
-16.479127883911133 -3.4836440086364746 -0.30047065019607544 206 250 253
-16.0676212310791 -4.0113019943237305 -0.454484760761261 119 160 154
-21.342866897583008 -2.9048027992248535 -0.7589558362960815 39 40 44
-17.719524383544922 -3.072936773300171 -0.8046972751617432 86 97 83
-15.521261215209961 -3.272947072982788 -0.862141489982605 72 89 81
-12.641900062561035 -3.1495041847229004 -0.8342835307121277 75 81 53
-18.02419090270996 -3.114108085632324 -1.4922431707382202 61 86 57
-14.029311180114746 -2.9532270431518555 -1.3044965267181396 73 105 64
-12.439360618591309 -3.0965089797973633 -1.2928366661071777 71 102 70
-14.147148132324219 -1.911370873451233 -1.5538607835769653 114 152 39
-12.521753311157227 -2.1557793617248535 -1.5067740678787231 102 136 50
-10.729185104370117 -2.2532577514648438 -1.4057846069335938 93 138 33
-9.735956192016602 -2.418142318725586 -1.3855981826782227 94 139 44
-9.600008010864258 -1.2900285720825195 -1.4142863750457764 113 155 107
-9.083891868591309 -1.5601533651351929 -1.4354174137115479 109 153 78
-8.271183013916016 -1.733581304550171 -1.399492621421814 87 131 46
-7.729050636291504 -1.919109582901001 -1.4007835388183594 106 147 51
-7.4033918380737305 -0.9856452345848083 -1.3737303018569946 75 101 62
-6.925658702850342 -1.185620665550232 -1.3609602451324463 106 130 70
-6.683019161224365 -1.3974260091781616 -1.3919366598129272 103 143 21
-6.379342555999756 -1.5832701921463013 -1.4080235958099365 101 129 44
-6.152205944061279 -0.8154635429382324 -1.3818644285202026 103 120 114
-15.986673355102539 -3.9390299320220947 -0.45185115933418274 119 141 139
-21.36257553100586 -2.840759038925171 -0.759343147277832 35 33 44
-17.757429122924805 -3.0234222412109375 -0.8059935569763184 87 99 79
-14.720743179321289 -3.057002544403076 -0.8171512484550476 76 98 62
-12.95386028289795 -3.185047149658203 -0.8542219996452332 60 74 49
-26.659114837646484 -3.529932737350464 -1.9304587841033936 78 111 42
-17.735918045043945 -3.008294105529785 -1.4676055908203125 98 124 89
-14.211882591247559 -2.946154832839966 -1.320625901222229 81 99 83
-12.471024513244629 -3.0637905597686768 -1.2951445579528809 54 85 53
-13.965685844421387 -1.8432438373565674 -1.5333013534545898 96 134 49
-12.589015007019043 -2.127612829208374 -1.5140752792358398 92 146 34
-10.772957801818848 -2.227963924407959 -1.410617709159851 95 131 43
-9.905926704406738 -2.428116798400879 -1.4087210893630981 91 127 57
-9.587242126464844 -1.2583810091018677 -1.411830186843872 98 130 23
-9.033098220825195 -1.522913932800293 -1.4266462326049805 161 198 191
-8.28226089477539 -1.709394097328186 -1.4004729986190796 84 120 50
-7.740641117095947 -1.8967944383621216 -1.401822805404663 97 122 54
-7.468799591064453 -0.9710426330566406 -1.385307788848877 45 61 48
-6.941849708557129 -1.1664824485778809 -1.3634322881698608 80 123 34
-6.662322044372559 -1.3717784881591797 -1.3867429494857788 81 128 47
-6.383220195770264 -1.5634585618972778 -1.4078141450881958 73 132 78
-6.160486698150635 -0.797336757183075 -1.3831684589385986 62 64 76
-15.00501823425293 -3.648362636566162 -0.42378708720207214 80 98 84
-21.442546844482422 -2.7844724655151367 -0.7618785500526428 37 37 47
-17.734106063842773 -2.9634954929351807 -0.8045185208320618 91 104 84
-14.486458778381348 -2.9620182514190674 -0.8036378622055054 68 85 75
-14.81010627746582 -3.593306541442871 -0.9758976697921753 81 95 59
-26.623329162597656 -3.4421162605285645 -1.927093505859375 63 88 33
-17.789304733276367 -2.9612314701080322 -1.4712647199630737 67 112 79
-14.217927932739258 -2.901942014694214 -1.3203541040420532 38 36 37
-12.504538536071777 -3.0313756465911865 -1.2976531982421875 81 120 55
-13.765205383300781 -1.7738341093063354 -1.510685920715332 101 136 56
-12.713042259216309 -2.1084775924682617 -1.5282068252563477 79 125 26
-11.247243881225586 -2.2900919914245605 -1.4717940092086792 62 106 11
-9.946065902709961 -2.405632257461548 -1.4133731126785278 78 152 63
-9.58026123046875 -1.2275784015655518 -1.4102410078048706 116 158 92
-8.929521560668945 -1.4772919416427612 -1.4095653295516968 92 133 73
-8.309701919555664 -1.6884948015213013 -1.4042307138442993 103 150 48
-7.75216817855835 -1.8744264841079712 -1.402862310409546 86 129 60
-7.4893059730529785 -0.950352668762207 -1.388563871383667 93 116 100
-6.890181064605713 -1.136075735092163 -1.3525933027267456 97 140 58
-6.646332740783691 -1.3472445011138916 -1.3825479745864868 85 135 36
-6.345216274261475 -1.533530831336975 -1.398388147354126 87 131 42
-6.156125545501709 -0.7775766849517822 -1.3816471099853516 34 33 51
-15.75975513458252 -3.78070068359375 -0.44477343559265137 133 154 175
-21.495603561401367 -2.7243289947509766 -0.7634631395339966 44 44 54
-17.82000732421875 -2.9216811656951904 -0.8080050945281982 95 104 85
-15.298172950744629 -3.0791220664978027 -0.8481397032737732 70 80 43
-14.759917259216309 -3.5332162380218506 -0.9718716740608215 69 82 56
-26.65850257873535 -3.363542079925537 -1.9288835525512695 80 112 36
-18.964923858642578 -3.097160816192627 -1.567700982093811 92 129 60
-14.187708854675293 -2.850461959838867 -1.3167295455932617 76 113 36
-12.567001342773438 -3.0057272911071777 -1.3031721115112305 71 90 60
-13.757760047912598 -1.7299823760986328 -1.5092792510986328 96 138 28
-12.62143611907959 -2.0535175800323486 -1.5164306163787842 85 119 43
-11.295063018798828 -2.263761520385742 -1.4771357774734497 87 133 25
-9.959179878234863 -2.376486301422119 -1.4141939878463745 95 145 58
-9.576127052307129 -1.197198748588562 -1.4090851545333862 126 167 101
-8.684327125549316 -1.409368634223938 -1.370171308517456 112 148 58
-8.361279487609863 -1.6722803115844727 -1.4120728969573975 90 127 49
-7.772252082824707 -1.8540621995925903 -1.4054608345031738 104 126 41
-7.493162631988525 -0.9274921417236328 -1.388744831085205 83 88 94
-6.868435859680176 -1.1108561754226685 -1.3476492166519165 88 133 90
-6.638904094696045 -1.3245469331741333 -1.3801507949829102 97 133 33
-6.347038269042969 -1.5133764743804932 -1.3977597951889038 109 146 79
-6.149763107299805 -0.7576122283935547 -1.3796910047531128 95 116 119
-16.163299560546875 -3.825105667114258 -0.455828994512558 178 225 231
-17.820011138916016 -2.8655691146850586 -0.8076028227806091 89 104 83
-15.348686218261719 -3.0403223037719727 -0.8504190444946289 74 97 77
-12.88841438293457 -3.0434412956237793 -0.8480231761932373 89 112 94
-27.408201217651367 -3.372739553451538 -1.982370138168335 72 102 48
-20.39052391052246 -3.265781879425049 -1.6847094297409058 96 131 63
-14.838257789611816 -2.9338324069976807 -1.3762637376785278 80 106 58
-12.582942008972168 -2.968757390975952 -1.3038744926452637 59 89 25
-13.791617393493652 -1.6912751197814941 -1.512417197227478 97 135 50
-12.646308898925781 -2.01775860786438 -1.5186680555343628 94 128 52
-11.345746040344238 -2.2377352714538574 -1.4828591346740723 96 130 35
-10.066705703735352 -2.36952543258667 -1.4284234046936035 91 118 39
-9.571897506713867 -1.1668561697006226 -1.4079294204711914 80 101 32
-8.918900489807129 -1.4193676710128784 -1.4064875841140747 81 115 55
-8.448649406433105 -1.6628141403198242 -1.4259599447250366 96 142 20
-7.781739234924316 -1.8311110734939575 -1.4061537981033325 113 157 80
-7.476444244384766 -0.9021426439285278 -1.3851268291473389 53 60 68
-6.874720573425293 -1.090240240097046 -1.348219633102417 61 104 48
-6.63428258895874 -1.302473783493042 -1.3783528804779053 89 125 37
-6.351651191711426 -1.4938969612121582 -1.3977597951889038 116 170 94
-6.13558292388916 -0.736763060092926 -1.3759962320327759 73 81 83
-17.826915740966797 -4.161093235015869 -0.5023829936981201 93 130 148
-15.144282341003418 -2.9515771865844727 -0.8385880589485168 94 112 90
-17.509563446044922 -4.077995777130127 -1.1512538194656372 74 75 69
-27.4996280670166 -3.2983767986297607 -1.9882415533065796 82 120 45
-20.403398513793945 -3.2036726474761963 -1.684953212738037 123 158 76
-14.848166465759277 -2.8884856700897217 -1.3763543367385864 63 80 46
-12.768360137939453 -2.9711804389953613 -1.3221372365951538 64 111 57
-13.781935691833496 -1.6471854448318481 -1.5107941627502441 86 131 38
-12.668137550354004 -1.9814060926437378 -1.5205522775650024 84 121 26
-11.361321449279785 -2.2046167850494385 -1.4840037822723389 108 138 40
-8.512661933898926 -1.9761871099472046 -1.2070451974868774 82 130 44
-9.576414108276367 -1.1376011371612549 -1.4080737829208374 66 108 36
-8.94566822052002 -1.3955010175704956 -1.4100267887115479 109 143 46
-8.397533416748047 -1.6260085105895996 -1.416483998298645 87 143 46
-7.788279056549072 -1.8074508905410767 -1.4063270092010498 60 112 30
-7.472339630126953 -0.8783972263336182 -1.3838605880737305 45 32 52
-6.852810382843018 -1.065222978591919 -1.343275547027588 79 122 32
-6.626702785491943 -1.2798843383789062 -1.3759558200836182 90 128 53
-6.36096715927124 -1.4755080938339233 -1.398807168006897 126 162 52
-6.12908935546875 -0.7169153094291687 -1.374040126800537 77 75 96
-16.495271682739258 -3.7969393730163574 -0.4645252823829651 44 70 69
-14.96497917175293 -2.869004011154175 -0.8281681537628174 62 84 48
-12.858214378356934 -2.9531328678131104 -0.8448278903961182 79 102 58
-27.2718505859375 -3.1862149238586426 -1.9710570573806763 83 119 47
-20.790424346923828 -3.1991167068481445 -1.7160959243774414 99 132 41
-14.914669036865234 -2.85396146774292 -1.3817006349563599 63 80 38
-13.053793907165527 -2.995413303375244 -1.3507353067398071 74 110 48
-13.870858192443848 -1.6146658658981323 -1.5199917554855347 101 132 52
-12.696733474731445 -1.9459916353225708 -1.5232607126235962 82 113 43
-11.508329391479492 -2.196528196334839 -1.5023186206817627 96 140 61
-9.921728134155273 -2.271240234375 -1.4058477878570557 88 146 62
-9.539559364318848 -1.1035537719726562 -1.402150273323059 101 123 77
-8.750651359558105 -1.3375921249389648 -1.3786348104476929 92 120 45
-8.416050910949707 -1.6028215885162354 -1.4187712669372559 124 151 82
-7.809149265289307 -1.787063717842102 -1.4090988636016846 92 116 28
-7.479884624481201 -0.8560274243354797 -1.3847650289535522 59 65 61
-6.870604991912842 -1.0464112758636475 -1.346127986907959 66 96 46
-6.630598545074463 -1.2595478296279907 -1.3759558200836182 66 115 60
-6.36737060546875 -1.456421971321106 -1.3992260694503784 183 214 209
-6.12738037109375 -0.6976664066314697 -1.3731707334518433 70 75 71
-16.14712905883789 -3.6646759510040283 -0.45440244674682617 103 160 151
-14.989410400390625 -2.826038360595703 -0.8290364742279053 86 112 64
-16.218334197998047 -3.6725032329559326 -1.0648537874221802 54 66 64
-27.58475685119629 -3.1370186805725098 -1.9929672479629517 76 114 37
-20.806053161621094 -3.1362085342407227 -1.7165837287902832 77 123 35
-14.453573226928711 -2.719789981842041 -1.338205337524414 71 94 50
-13.158024787902832 -2.9768667221069336 -1.3605691194534302 50 76 28
-13.800673484802246 -1.563597321510315 -1.5117679834365845 103 147 68
-12.858787536621094 -1.9304711818695068 -1.541985034942627 105 135 75
-11.468221664428711 -2.15242862701416 -1.4962137937545776 72 114 51
-10.065863609313965 -2.2717576026916504 -1.4252766370773315 122 163 87
-9.533066749572754 -1.0731745958328247 -1.4007054567337036 96 117 60
-8.743964195251465 -1.3091297149658203 -1.3769420385360718 97 135 32
-8.472323417663574 -1.5866187810897827 -1.427430272102356 106 127 58
-7.805947780609131 -1.7611461877822876 -1.4075396060943604 82 129 23
-7.482475280761719 -0.8330754041671753 -1.3847650289535522 80 96 85
-6.901941776275635 -1.0295279026031494 -1.3516424894332886 89 128 47
-6.625762462615967 -1.2375802993774414 -1.3741579055786133 100 125 67
-6.373716354370117 -1.4373104572296143 -1.3996449708938599 78 113 19
-6.124640941619873 -0.6783273220062256 -1.3720840215682983 96 98 95
-16.338764190673828 -3.655496597290039 -0.45947757363319397 43 42 47
-21.29178810119629 -3.156320810317993 -0.9631156325340271 36 46 38
-17.847200393676758 -3.3081655502319336 -0.986529529094696 93 109 73
-13.826703071594238 -3.0863747596740723 -0.907199501991272 53 62 59
-27.561534881591797 -3.0487561225891113 -1.9906044006347656 74 114 25
-20.902347564697266 -3.0851688385009766 -1.7237392663955688 97 138 42
-14.891749382019043 -2.754965305328369 -1.3779853582382202 76 102 55
-13.359373092651367 -2.979365587234497 -1.3804372549057007 57 101 50
-13.800464630126953 -1.5207056999206543 -1.511227011680603 81 127 54
-12.78506851196289 -1.8793139457702637 -1.532446265220642 91 114 72
-11.526468276977539 -2.1267731189727783 -1.5029544830322266 98 126 49
-10.06505012512207 -2.2391443252563477 -1.4241819381713867 106 145 88
-9.541232109069824 -1.0444608926773071 -1.4014278650283813 81 104 60
-8.707857131958008 -1.2764220237731934 -1.3706328868865967 95 135 36
-8.482002258300781 -1.561511754989624 -1.4282472133636475 120 148 74
-7.770936012268066 -1.7282097339630127 -1.400263786315918 143 171 94
-7.489885330200195 -0.8106447458267212 -1.385669469833374 97 110 84
-6.977927207946777 -1.0189878940582275 -1.365904450416565 76 111 57
-6.624709606170654 -1.2163622379302979 -1.3731591701507568 100 142 58
-6.273098945617676 -1.3944103717803955 -1.3766038417816162 116 186 100
-6.140280246734619 -0.6609966158866882 -1.375126838684082 43 47 58
-16.380165100097656 -3.612025737762451 -0.46032801270484924 54 57 64
-21.280609130859375 -3.0879709720611572 -0.9621769785881042 35 36 41
-14.751055717468262 -2.687478542327881 -0.8149261474609375 68 93 64
-13.898484230041504 -3.0576634407043457 -0.911289393901825 39 48 53
-27.493406295776367 -2.9558677673339844 -1.9850194454193115 70 110 58
-20.905794143676758 -3.020171880722046 -1.7232513427734375 83 139 52
-14.360250473022461 -2.6110994815826416 -1.3280564546585083 81 113 46
-13.346099853515625 -2.933452844619751 -1.3781293630599976 58 70 34
-13.574749946594238 -1.453695297241211 -1.4860146045684814 108 138 64
-12.248200416564941 -1.7620264291763306 -1.467441201210022 65 112 32
-11.566122055053711 -2.0974178314208984 -1.5072789192199707 115 151 64
-10.201531410217285 -2.236682653427124 -1.4425160884857178 98 138 39
-9.538487434387207 -1.0145559310913086 -1.400560975074768 81 100 70
-8.73520565032959 -1.2530680894851685 -1.3743261098861694 97 129 46
-8.475103378295898 -1.5333741903305054 -1.4262866973876953 98 141 61
-7.8223795890808105 -1.7144818305969238 -1.4085791110992432 94 135 31
-7.489402770996094 -0.7873538136482239 -1.3851268291473389 70 90 65
-6.968386173248291 -0.9957696199417114 -1.3634322881698608 94 124 54
-6.628410339355469 -1.196032166481018 -1.3731591701507568 102 134 61
-6.092045307159424 -1.3345645666122437 -1.3359676599502563 96 139 32
-6.151987552642822 -0.6431703567504883 -1.3773002624511719 50 60 69
-21.414281845092773 -3.049086093902588 -0.17819316685199738 216 255 252
-16.450756072998047 -3.5747032165527344 -0.4620014429092407 47 43 60
-21.290971755981445 -3.022808790206909 -0.962221622467041 48 49 54
-14.775940895080566 -2.6452016830444336 -0.815848708152771 95 124 76
-13.53816032409668 -2.9348766803741455 -0.8870693445205688 47 56 53
-26.79006004333496 -2.797135829925537 -1.9336092472076416 94 134 74
-17.70957374572754 -2.5029854774475098 -1.4591491222381592 43 51 54
-14.761319160461426 -2.6372666358947754 -1.3643931150436401 69 103 52
-13.357954025268555 -2.893125534057617 -1.3784303665161133 60 90 36
-13.466423034667969 -1.400320053100586 -1.4736789464950562 105 126 87
-11.948709487915039 -1.6815413236618042 -1.4309349060058594 102 133 63
-11.636950492858887 -2.07340669631958 -1.5156731605529785 93 132 67
-9.985647201538086 -2.1572630405426025 -1.411047101020813 75 122 28
-9.54450798034668 -0.9855924248695374 -1.4009944200515747 92 106 91
-8.731181144714355 -1.2251644134521484 -1.3730950355529785 91 127 40
-8.336980819702148 -1.4819839000701904 -1.4022700786590576 102 135 80
-7.872848987579346 -1.7002465724945068 -1.416721224784851 99 139 40
-7.484934329986572 -0.7636741399765015 -1.3838605880737305 71 74 63
-6.965574264526367 -0.9735708236694336 -1.3622913360595703 59 54 58
-6.6301188468933105 -1.1753487586975098 -1.3727595806121826 93 126 47
-6.29778528213501 -1.3594003915786743 -1.3801647424697876 85 121 47
-6.138393878936768 -0.622717022895813 -1.3738226890563965 55 53 66
-21.474048614501953 -2.990407705307007 -0.1786133050918579 212 255 255
-16.46653175354004 -3.5252623558044434 -0.4621385931968689 76 67 84
-21.3110294342041 -2.9589860439300537 -0.9627133011817932 40 41 43
-17.75297737121582 -3.1219730377197266 -0.9796913862228394 71 91 63
-13.674949645996094 -2.9206337928771973 -0.895440936088562 34 37 42
-26.548442840576172 -2.6895973682403564 -1.9155657291412354 80 116 42
-20.79656982421875 -2.874237060546875 -1.7127621173858643 33 53 44
-14.741874694824219 -2.5871469974517822 -1.3618558645248413 76 105 51
-13.438773155212402 -2.867494583129883 -1.3858559131622314 62 89 36
-13.521100997924805 -1.3640882968902588 -1.47919762134552 69 97 36
-12.264684677124023 -1.6876519918441772 -1.468147873878479 94 126 79
-11.667682647705078 -2.0419700145721436 -1.518852710723877 87 121 60
-10.261570930480957 -2.183943033218384 -1.4490835666656494 114 163 45
-9.567178726196289 -0.9582779407501221 -1.403883934020996 78 93 86
-8.708468437194824 -1.1947457790374756 -1.3689402341842651 139 171 95
-8.291923522949219 -1.4477455615997314 -1.3939379453659058 75 114 51
-7.8924784660339355 -1.67915940284729 -1.419319748878479 106 143 73
-7.475497245788574 -0.7395452260971069 -1.3816897869110107 64 85 86
-6.971446514129639 -0.9525948762893677 -1.3628618717193604 45 54 35
-6.628866672515869 -1.1541619300842285 -1.3717607259750366 89 118 36
-6.092467784881592 -1.2955323457717896 -1.334291934967041 100 131 38
-6.106276035308838 -0.6005380153656006 -1.366215705871582 38 65 58
-21.53266143798828 -2.931256055831909 -0.17902520298957825 216 255 252
-15.625334739685059 -3.2950708866119385 -0.4382443130016327 201 240 247
-21.372472763061523 -2.9007115364074707 -0.9650824069976807 39 34 41
-17.723114013671875 -3.0606961250305176 -0.9775205850601196 74 96 57
-13.571538925170898 -2.8550398349761963 -0.8880918025970459 46 59 52
-26.806716918945312 -2.632702589035034 -1.9336092472076416 72 111 48
-21.34162139892578 -2.882869005203247 -1.7569146156311035 52 62 53
-14.218795776367188 -2.450406312942505 -1.3128330707550049 82 115 46
-13.462111473083496 -2.8293209075927734 -1.3873610496520996 89 114 72
-13.579638481140137 -1.327920913696289 -1.4851489067077637 85 102 68
-12.173354148864746 -1.6370460987091064 -1.4566071033477783 91 130 47
-11.64652156829834 -2.0014607906341553 -1.5152915716171265 96 131 65
-10.304095268249512 -2.159970283508301 -1.4541460275650024 95 125 55
-9.584846496582031 -0.9303557872772217 -1.4060511589050293 73 92 62
-8.772809982299805 -1.1761631965637207 -1.3784809112548828 128 155 78
-8.286602973937988 -1.4206324815750122 -1.3923040628433228 116 139 67
-7.913015842437744 -1.6581695079803467 -1.4220914840698242 85 111 37
-7.4346537590026855 -0.7124790549278259 -1.3737303018569946 75 72 81
-7.05607795715332 -0.942116379737854 -1.3788350820541382 64 67 56
-6.62658166885376 -1.1328288316726685 -1.3705623149871826 97 123 58
-6.26963996887207 -1.3131153583526611 -1.3722050189971924 84 121 25
-6.103230953216553 -0.58133864402771 -1.365128993988037 72 89 81
-15.075531959533691 -3.1308515071868896 -0.42255258560180664 119 186 205
-21.449604034423828 -2.844188928604126 -0.9681667685508728 32 32 40
-17.754077911376953 -3.009979724884033 -0.9787145256996155 94 114 79
-17.323911666870117 -3.5889594554901123 -1.1329129934310913 69 88 69
-26.916942596435547 -2.560176134109497 -1.9409843683242798 82 118 48
-21.350364685058594 -2.817380428314209 -1.7569146156311035 90 120 66
-14.162420272827148 -2.3959741592407227 -1.3069430589675903 57 102 33
-13.666563987731934 -2.828538179397583 -1.4075301885604858 90 134 85
-13.597504615783691 -1.287564992904663 -1.486663818359375 99 112 84
-12.224594116210938 -1.6057696342468262 -1.4621418714523315 90 125 41
-11.677058219909668 -1.9698450565338135 -1.518471121788025 112 156 69
-9.99828815460205 -2.0638644695281982 -1.410089373588562 95 131 57
-9.617210388183594 -0.9037227034568787 -1.4103853702545166 77 83 71
-8.757762908935547 -1.1468055248260498 -1.3755571842193604 93 144 65
-8.292867660522461 -1.3955302238464355 -1.3926308155059814 97 130 51
-7.982690811157227 -1.647220253944397 -1.4336981773376465 100 137 59
-7.408405303955078 -0.6870328187942505 -1.368484377861023 60 72 68
-7.064776420593262 -0.9212258458137512 -1.3799760341644287 65 71 61
-6.626160621643066 -1.111844778060913 -1.3697632551193237 43 91 41
-6.236289978027344 -1.286171317100525 -1.364035964012146 78 112 36
-6.098182201385498 -0.5619844198226929 -1.36360764503479 69 80 63
-14.92836856842041 -3.052544355392456 -0.4181632995605469 181 211 203
-21.44931411743164 -2.777214765548706 -0.9677644968032837 96 125 61
-17.90506935119629 -2.9790964126586914 -0.986529529094696 90 112 73
-15.124960899353027 -3.0850436687469482 -0.9884870052337646 82 95 78
-23.22188377380371 -2.1368567943573 -1.674052357673645 89 120 61
-21.43206024169922 -2.7612898349761963 -1.7629318237304688 86 121 63
-14.176581382751465 -2.3536548614501953 -1.30757737159729 84 123 68
-13.68590259552002 -2.7887816429138184 -1.408634066581726 72 114 50
-13.600401878356934 -1.2457517385482788 -1.4865556955337524 111 133 95
-12.36736011505127 -1.5859408378601074 -1.4786287546157837 90 135 40
-11.67032527923584 -1.9319052696228027 -1.5168178081512451 101 139 52
-10.497714042663574 -2.133399248123169 -1.4795949459075928 96 130 53
-9.626835823059082 -0.8748401403427124 -1.4113967418670654 70 87 71
-8.731836318969727 -1.1161731481552124 -1.3709406852722168 92 125 56
-8.2747220993042 -1.366384744644165 -1.3888732194900513 83 119 29
-8.0060453414917 -1.6264474391937256 -1.436989665031433 85 125 63
-7.422232627868652 -0.6653546690940857 -1.3706550598144531 80 105 76
-7.097760200500488 -0.9033897519111633 -1.3858709335327148 61 57 56
-6.6266398429870605 -1.0910332202911377 -1.3691638708114624 102 133 99
-6.2363739013671875 -1.2662544250488281 -1.363198161125183 96 140 27
-6.095016956329346 -0.5428398847579956 -1.3625210523605347 84 107 81
-15.326127052307129 -3.07712984085083 -1.0010124444961548 72 85 78
-26.82981300354004 -2.385868549346924 -1.9336092472076416 83 113 63
-21.471086502075195 -2.699378490447998 -1.76545250415802 79 113 62
-13.857401847839355 -2.2569997310638428 -1.2774931192398071 82 122 36
-13.526603698730469 -2.7131259441375732 -1.3913748264312744 48 99 56
-13.622974395751953 -1.2056856155395508 -1.4886115789413452 95 116 85
-12.457894325256348 -1.558716893196106 -1.488874077796936 103 133 33
-11.724170684814453 -1.9038825035095215 -1.5230498313903809 70 116 54
-10.51586627960205 -2.1035141944885254 -1.4812368154525757 97 139 67
-9.59990406036377 -0.842705488204956 -1.4070624113082886 62 61 67
-8.602852821350098 -1.072871446609497 -1.3501664400100708 93 116 90
-8.251606941223145 -1.3365750312805176 -1.3842986822128296 66 118 36
-8.021620750427246 -1.6040018796920776 -1.4388954639434814 91 123 48
-7.392884731292725 -0.6398666501045227 -1.3648663759231567 90 110 75
-7.074192523956299 -0.8783437013626099 -1.3807365894317627 72 74 73
-6.628988742828369 -1.0705416202545166 -1.3689640760421753 52 92 42
-6.26611852645874 -1.2522895336151123 -1.3688536882400513 99 136 58
-6.081092834472656 -0.5228003263473511 -1.3590434789657593 92 119 86
-15.123319625854492 -2.99585223197937 -0.4231012165546417 178 213 206
-17.88159942626953 -2.8625478744506836 -0.9842501878738403 99 114 81
-14.93898868560791 -2.9517509937286377 -0.9751307964324951 79 90 76
-26.55377960205078 -2.279233932495117 -1.9132027626037598 66 104 57
-21.776050567626953 -2.6698808670043945 -1.7898461818695068 85 107 68
-17.38097381591797 -2.776183605194092 -1.6015331745147705 87 132 49
-13.371850967407227 -2.639437437057495 -1.374617338180542 98 125 48
-13.677125930786133 -1.1682000160217285 -1.4941301345825195 88 122 62
-12.35024356842041 -1.5067791938781738 -1.4754490852355957 86 130 51
-11.771097183227539 -1.8744555711746216 -1.528391718864441 99 132 51
-10.566007614135742 -2.0798516273498535 -1.4873937368392944 86 120 25
-9.523565292358398 -0.8065690994262695 -1.395504355430603 82 96 107
-8.284379959106445 -1.0073527097702026 -1.299692988395691 158 173 106
-8.232284545898438 -1.3075389862060547 -1.3803775310516357 102 153 50
-8.031335830688477 -1.5803351402282715 -1.4397616386413574 101 124 68
-7.252699375152588 -0.6053215861320496 -1.3386363983154297 90 139 84
-7.082702159881592 -0.8573441505432129 -1.3818775415420532 51 51 63
-6.624499320983887 -1.0489732027053833 -1.367366075515747 77 110 41
-6.2689714431762695 -1.2328706979751587 -1.3686442375183105 69 110 18
-6.069049835205078 -0.5030126571655273 -1.3560006618499756 91 121 67
-14.962698936462402 -2.9163568019866943 -0.4183553159236908 204 238 250
-35.95227813720703 -4.318973064422607 -1.620256781578064 79 103 69
-14.7804594039917 -2.873339891433716 -0.9642030000686646 70 66 63
-26.83003044128418 -2.2200474739074707 -1.932606816291809 72 99 68
-22.231460571289062 -2.6565122604370117 -1.8265992403030396 78 106 66
-17.353004455566406 -2.717146158218384 -1.5981804132461548 91 123 58
-13.926841735839844 -2.704620599746704 -1.4308102130889893 163 181 129
-13.68956184387207 -1.1269676685333252 -1.4951039552688599 92 128 56
-12.356780052185059 -1.4691165685653687 -1.475684642791748 105 151 76
-11.84343433380127 -1.848736047744751 -1.53704035282135 99 143 30
-10.700712203979492 -2.072286367416382 -1.5054543018341064 100 131 28
-9.654205322265625 -0.7878096699714661 -1.4142863750457764 66 85 55
-8.395367622375488 -0.994720458984375 -1.316620111465454 116 138 117
-8.231383323669434 -1.2815176248550415 -1.3795607089996338 125 146 89
-8.0438814163208 -1.5571852922439575 -1.4411474466323853 89 120 50
-7.323145866394043 -0.58858323097229 -1.3512991666793823 85 126 20
-7.084323883056641 -0.8354957103729248 -1.3816874027252197 82 85 74
-6.608321666717529 -1.0256390571594238 -1.3633707761764526 76 111 81
-6.280404567718506 -1.2151179313659668 -1.3703198432922363 89 126 56
-6.046239376068115 -0.4824496805667877 -1.350567102432251 90 112 65
-14.998083114624023 -2.8755199909210205 -0.4190959930419922 147 162 165
-17.66804313659668 -3.378469705581665 -1.151892900466919 64 84 75
-26.58615493774414 -2.117764949798584 -1.9145630598068237 58 92 31
-22.26128578186035 -2.590829372406006 -1.8283882141113281 82 107 65
-17.443944931030273 -2.6765823364257812 -1.6057920455932617 100 136 74
-13.96146011352539 -2.666921377182007 -1.4335193634033203 71 108 30
-13.577005386352539 -1.075776219367981 -1.4824438095092773 104 132 83
-12.26751708984375 -1.420349359512329 -1.4644972085952759 106 146 60
-11.510786056518555 -1.7606524229049683 -1.4931613206863403 105 130 64
-10.609710693359375 -2.020911931991577 -1.491772174835205 103 141 68
-9.657564163208008 -0.7582647800445557 -1.414430856704712 98 127 69
-8.280590057373047 -0.9553692936897278 -1.2981542348861694 83 108 78
-8.248929977416992 -1.2583409547805786 -1.3818479776382446 58 115 36
-8.0457181930542 -1.5319470167160034 -1.4406276941299438 100 129 71
-7.254315376281738 -0.5606568455696106 -1.338274598121643 110 157 65
-7.088804244995117 -0.8139813542366028 -1.3820677995681763 75 77 74
-6.595937728881836 -1.0030033588409424 -1.3601746559143066 78 106 65
-6.304275035858154 -1.1996828317642212 -1.3747186660766602 134 179 114
-6.028226375579834 -0.4624047577381134 -1.3462202548980713 95 133 72
-21.362831115722656 -3.229525327682495 -0.38542503118515015 215 254 249
-15.183650970458984 -2.8628313541412354 -0.4240339696407318 209 244 248
-14.998869895935059 -2.820401668548584 -0.9773036241531372 83 86 75
-26.57164192199707 -2.034590482711792 -1.9130594730377197 67 90 46
-22.244369506835938 -2.5197157859802246 -1.8263553380966187 82 98 69
-17.63229751586914 -2.6501400470733643 -1.6223746538162231 91 120 66
-13.804319381713867 -2.5930335521698 -1.416561245918274 87 118 48
-13.517793655395508 -1.0293620824813843 -1.4756267070770264 70 117 39
-12.21852970123291 -1.3767025470733643 -1.4581379890441895 96 132 60
-11.749594688415527 -1.7603063583374023 -1.523431420326233 85 130 45
-10.567176818847656 -1.979233980178833 -1.4849309921264648 108 148 33
-9.65096378326416 -0.72796231508255 -1.413130521774292 95 128 59
-8.290355682373047 -0.9307319521903992 -1.2992314100265503 75 101 64
-8.284950256347656 -1.2378385066986084 -1.3872393369674683 92 116 22
-8.025211334228516 -1.5025434494018555 -1.4361234903335571 121 157 47
-7.2354044914245605 -0.536870002746582 -1.3344757556915283 126 152 107
-7.072731018066406 -0.7901583313941956 -1.3784548044204712 71 67 68
-6.594138145446777 -0.9820408821105957 -1.3591758012771606 93 108 79
-6.308887004852295 -1.1805157661437988 -1.3749281167984009 93 130 61
-6.0013861656188965 -0.4418298900127411 -1.3399173021316528 85 126 60
-21.369670867919922 -3.1635305881500244 -0.38537153601646423 172 216 201
-21.22463035583496 -3.1310815811157227 -1.1660563945770264 29 40 44
-15.127174377441406 -2.7965049743652344 -0.9851000308990479 75 94 75
-28.287738800048828 -2.0787177085876465 -2.0361433029174805 74 111 60
-22.33026123046875 -2.4600815773010254 -1.832779049873352 74 96 73
-17.699460983276367 -2.6047322750091553 -1.6278115510940552 91 124 20
-13.903202056884766 -2.5674736499786377 -1.4258933067321777 75 103 54
-13.43958568572998 -0.9819449186325073 -1.466753602027893 115 146 78
-12.136815071105957 -1.3298003673553467 -1.447892665863037 121 145 69
-11.521371841430664 -1.6899904012680054 -1.4931613206863403 76 119 11
-10.780708312988281 -1.9850128889083862 -1.5140742063522339 87 123 53
-9.64920425415039 -0.6980645656585693 -1.4125525951385498 91 132 72
-8.297101020812988 -0.9057220220565796 -1.299846887588501 76 94 56
-8.28870964050293 -1.2124147415161133 -1.3872393369674683 105 157 74
-8.005568504333496 -1.4734585285186768 -1.4317927360534668 102 134 58
-7.215435028076172 -0.5131347179412842 -1.330496072769165 70 113 31
-7.056577205657959 -0.7664416432380676 -1.3748418092727661 51 48 65
-6.637842655181885 -0.9677427411079407 -1.3675657510757446 94 101 83
-6.3144025802612305 -1.1615086793899536 -1.3753471374511719 94 134 71
-5.982265949249268 -0.42197349667549133 -1.3353530168533325 75 110 28
-21.352558135986328 -3.094083070755005 -0.3848899304866791 86 99 81
-21.274654388427734 -3.071800947189331 -1.1682814359664917 33 36 45
-17.829959869384766 -3.2396202087402344 -1.1604561805725098 92 105 95
-28.000465393066406 -1.971258521080017 -2.0150206089019775 72 118 71
-22.34067726135254 -2.3918800354003906 -1.833022952079773 98 126 86
-17.71919822692871 -2.5521225929260254 -1.6288989782333374 91 129 28
-13.852275848388672 -2.514146327972412 -1.4198726415634155 92 110 62
-13.367165565490723 -0.9354339241981506 -1.4585299491882324 79 117 44
-12.127012252807617 -1.291087031364441 -1.4462438821792603 100 129 83
-11.547121047973633 -1.657595157623291 -1.4958322048187256 60 101 22
-10.804293632507324 -1.9551037549972534 -1.5165369510650635 85 120 56
-9.655248641967773 -0.6687314510345459 -1.413130521774292 98 133 91
-8.302788734436035 -0.8805752396583557 -1.3003085851669312 55 61 59
-8.282623291015625 -1.1855816841125488 -1.3856055736541748 85 108 30
-7.996482849121094 -1.4464365243911743 -1.4293674230575562 111 145 71
-7.195388317108154 -0.4895269572734833 -1.3265162706375122 117 179 112
-7.029605388641357 -0.7416983246803284 -1.3691370487213135 73 85 71
-6.658241271972656 -0.9498645067214966 -1.3711615800857544 53 67 44
-6.306389808654785 -1.1400436162948608 -1.372833490371704 99 133 57
-5.969898223876953 -0.40269848704338074 -1.3323103189468384 86 129 37
-21.358980178833008 -3.0281386375427246 -0.38483643531799316 39 42 49
-39.787696838378906 -2.7007675170898438 -1.4051581621170044 93 118 86
-21.31561851501465 -3.010986089706421 -1.170018196105957 34 32 43
-17.938058853149414 -3.2024424076080322 -1.1668466329574585 74 94 69
-27.94070053100586 -1.8809235095977783 -2.0102949142456055 92 125 56
-21.825469970703125 -2.269014835357666 -1.7901713848114014 94 128 68
-17.767375946044922 -2.503445625305176 -1.632614016532898 69 81 59
-13.834457397460938 -2.467094898223877 -1.4172636270523071 89 117 58
-13.367988586425781 -0.8942868709564209 -1.4583134651184082 100 131 64
-12.18919563293457 -1.259899616241455 -1.453191876411438 92 124 75
-11.552151679992676 -1.6221612691879272 -1.4958322048187256 74 88 53
-10.839499473571777 -1.9271494150161743 -1.520641565322876 120 162 88
-9.643431663513184 -0.6381916403770447 -1.4111077785491943 85 114 58
-8.313313484191895 -0.8559079766273499 -1.3015395402908325 65 78 48
-8.273520469665527 -1.1583870649337769 -1.383481740951538 76 104 30
-7.966943740844727 -1.4158653020858765 -1.4233042001724243 93 133 37
-7.152691841125488 -0.4645809829235077 -1.3183759450912476 93 142 51
-7.006454944610596 -0.7175278663635254 -1.3641929626464844 81 97 71
-6.684414863586426 -0.9326826333999634 -1.3759558200836182 39 62 52
-6.308894634246826 -1.1205195188522339 -1.3726240396499634 72 108 44
-5.960391044616699 -0.3836914598941803 -1.3299195766448975 34 110 46
-21.37015151977539 -2.9628708362579346 -0.38487210869789124 57 68 62
-21.359375 -2.9503586292266846 -1.1719176769256592 32 33 38
-17.73843002319336 -3.1106784343719482 -1.153234839439392 81 88 80
-28.081710815429688 -1.8038896322250366 -2.0200328826904297 73 111 52
-21.439632415771484 -2.1624364852905273 -1.7579717636108398 90 125 59
-18.04825210571289 -2.486575126647949 -1.6577144861221313 81 111 41
-13.70573616027832 -2.400777816772461 -1.403315782546997 64 96 55
-13.258560180664062 -0.8461158871650696 -1.4460859298706055 125 167 91
-12.208813667297363 -1.2240829467773438 -1.4550762176513672 114 119 89
-11.536438941955566 -1.583878993988037 -1.4931613206863403 70 89 44
-10.892200469970703 -1.9020646810531616 -1.5272090435028076 88 130 48
-9.59201717376709 -0.605238139629364 -1.403306007385254 82 116 42
-8.328682899475098 -0.8316754698753357 -1.3035401105880737 62 79 61
-8.267261505126953 -1.13166081905365 -1.3818479776382446 90 115 86
-7.913037300109863 -1.3812551498413086 -1.412909984588623 93 137 39
-7.1442670822143555 -0.4420272707939148 -1.3165669441223145 63 94 27
-7.004715919494629 -0.6956409215927124 -1.3634322881698608 108 119 102
-6.693069934844971 -0.9129653573036194 -1.3771543502807617 71 98 53
-6.319045543670654 -1.1023350954055786 -1.374090313911438 63 108 43
-5.943028926849365 -0.36426883935928345 -1.3257900476455688 75 114 35
-21.376169204711914 -2.8968913555145264 -0.38481858372688293 104 97 138
-21.474206924438477 -2.899109363555908 -1.1777244806289673 37 39 38
-17.988842010498047 -3.097735643386841 -1.1688916683197021 72 89 71
-28.545076370239258 -1.7457354068756104 -2.0529696941375732 89 127 70
-21.100963592529297 -2.0629024505615234 -1.729675054550171 83 109 46
-18.094287872314453 -2.4363749027252197 -1.6612484455108643 71 101 47
-13.718921661376953 -2.3597300052642822 -1.403917908668518 77 108 51
-13.25811767578125 -0.8052544593811035 -1.4457614421844482 86 134 72
-12.257977485656738 -1.1910386085510254 -1.4604932069778442 113 130 88
-11.54222583770752 -1.5486100912094116 -1.4932883977890015 98 120 73
-10.848191261291504 -1.8601008653640747 -1.520231008529663 84 131 29
-9.555307388305664 -0.5734953880310059 -1.3976714611053467 95 127 80
-8.337095260620117 -0.8066904544830322 -1.3044633865356445 56 66 65
-8.260915756225586 -1.104983925819397 -1.3802140951156616 137 178 110
-7.832784652709961 -1.3424969911575317 -1.3978384733200073 90 121 45
-7.144608020782471 -0.42004919052124023 -1.316386103630066 106 164 90
-7.003885269165039 -0.6738653779029846 -1.3628618717193604 62 83 50
-6.690011501312256 -0.8916502594947815 -1.3759558200836182 74 92 70
-6.316615104675293 -1.0819528102874756 -1.372833490371704 93 132 39
-5.9460673332214355 -0.3461475968360901 -1.326224684715271 34 69 3
-21.37801742553711 -2.8303778171539307 -0.3846937417984009 188 214 227
-21.435483932495117 -2.8269472122192383 -1.1751196384429932 85 96 92
-17.8250789642334 -3.013256311416626 -1.1576443910598755 66 88 65
-28.63593292236328 -1.6631256341934204 -2.0591273307800293 92 126 75
-20.43147087097168 -1.9341871738433838 -1.6743013858795166 89 125 53
-18.143146514892578 -2.386305332183838 -1.6650543212890625 91 107 70
-13.734925270080566 -2.3191206455230713 -1.4048210382461548 85 122 71
-13.263503074645996 -0.7647469639778137 -1.4460859298706055 97 145 61
-12.379226684570312 -1.1644935607910156 -1.4745070934295654 72 88 61
-11.543972969055176 -1.5128051042556763 -1.492906928062439 94 119 62
-10.884129524230957 -1.8319072723388672 -1.5244725942611694 87 125 40
-9.543191909790039 -0.5433899164199829 -1.3956488370895386 74 112 63
-8.328709602355957 -0.7800952196121216 -1.302770733833313 58 79 60
-8.197745323181152 -1.0709443092346191 -1.3691045045852661 115 160 131
-7.820355415344238 -1.3156821727752686 -1.3948934078216553 107 144 75
-7.150773048400879 -0.3984014093875885 -1.3172905445098877 89 130 8
-7.002009391784668 -0.6520105004310608 -1.3621011972427368 64 86 73
-6.687857151031494 -0.8704890608787537 -1.3749569654464722 70 74 59
-6.301583290100098 -1.0594881772994995 -1.3688536882400513 75 118 38
-5.970492362976074 -0.3291933834552765 -1.3314409255981445 55 87 40
-21.37965965270996 -2.763880491256714 -0.3845688998699188 170 196 223
-17.911029815673828 -2.971294403076172 -1.1626288890838623 58 74 61
-25.8333797454834 -1.4208489656448364 -1.8572816848754883 88 119 60
-20.33507537841797 -1.862133502960205 -1.665926218032837 85 124 59
-18.471410751342773 -2.371853828430176 -1.6945042610168457 57 91 30
-13.818538665771484 -2.2896575927734375 -1.4126478433609009 96 131 41
-13.271742820739746 -0.7243766188621521 -1.4467352628707886 89 127 42
-12.471747398376465 -1.1346063613891602 -1.4851057529449463 74 105 87
-11.556429862976074 -1.4783884286880493 -1.4939243793487549 81 126 61
-10.926837921142578 -1.8046404123306274 -1.5296717882156372 100 141 39
-9.543825149536133 -0.5140560269355774 -1.395504355430603 90 128 69
-8.31728744506836 -0.753291666507721 -1.3006163835525513 86 98 60
-8.172613143920898 -1.0421699285507202 -1.3643666505813599 40 80 45
-7.807836532592773 -1.2889565229415894 -1.3919485807418823 96 136 22
-7.175532817840576 -0.377701997756958 -1.3216320276260376 100 137 70
-6.989309787750244 -0.6292051672935486 -1.3592487573623657 91 115 91
-6.6895246505737305 -0.849843442440033 -1.3747572898864746 48 55 71
-6.329888343811035 -1.0442886352539062 -1.3742997646331787 90 128 71
-5.9880452156066895 -0.3117373287677765 -1.3351356983184814 70 88 74
-18.118045806884766 -2.9485504627227783 -1.175473928451538 73 84 68
-25.738006591796875 -1.3364144563674927 -1.8501213788986206 76 106 72
-20.297008514404297 -1.795872449874878 -1.6623483896255493 95 129 79
-18.48354148864746 -2.3157923221588135 -1.6949574947357178 75 90 59
-13.883440017700195 -2.2566702365875244 -1.4185681343078613 94 134 37
-13.285816192626953 -0.6842696666717529 -1.4480338096618652 102 134 67
-12.481103897094727 -1.0968598127365112 -1.4858121871948242 87 95 82
-11.627840042114258 -1.4512802362442017 -1.5025728940963745 69 108 61
-10.911787986755371 -1.7677820920944214 -1.5267986059188843 115 150 82
-9.533498764038086 -0.4841712713241577 -1.3937705755233765 81 125 48
-8.325464248657227 -0.7282876968383789 -1.3015395402908325 77 92 71
-8.1542329788208 -1.0144124031066895 -1.3607722520828247 78 100 79
-7.829253673553467 -1.2678301334381104 -1.395066738128662 96 133 30
-7.221843242645264 -0.3579254746437073 -1.3299533128738403 66 111 6
-6.968711853027344 -0.6058037877082825 -1.3548752069473267 84 110 73
-6.688210487365723 -0.8288342356681824 -1.3739582300186157 63 86 57
-6.345610618591309 -1.0268945693969727 -1.3770227432250977 76 91 34
-5.995797634124756 -0.29369908571243286 -1.336657166481018 67 113 67
-35.876346588134766 -4.395885467529297 -1.9644843339920044 74 85 68
-31.64982795715332 -5.051104545593262 -2.052382230758667 64 77 60
-25.434146881103516 -1.2424076795578003 -1.8279964923858643 87 112 70
-20.268659591674805 -1.730710744857788 -1.6595839262008667 102 136 75
-18.48166275024414 -2.2579877376556396 -1.6941418647766113 77 95 71
-13.944337844848633 -2.222679615020752 -1.4240870475769043 92 132 62
-13.322607040405273 -0.6451892256736755 -1.451820969581604 93 127 66
-12.48737907409668 -1.0588148832321167 -1.4861655235290527 96 95 74
-11.631253242492676 -1.4154798984527588 -1.5024458169937134 106 123 79
-10.740083694458008 -1.7061665058135986 -1.5020338296890259 101 149 65
-9.435112953186035 -0.4501578211784363 -1.3791784048080444 102 147 62
-8.33356761932373 -0.7032406330108643 -1.3024629354476929 55 78 70
-8.160244941711426 -0.989747166633606 -1.3612624406814575 41 51 40
-7.824352264404297 -1.2424143552780151 -1.3935075998306274 118 144 53
-7.15118932723999 -0.3324335515499115 -1.316747784614563 129 188 59
-6.940209865570068 -0.5818784236907959 -1.3489803075790405 63 97 37
-6.677103042602539 -0.8066658973693848 -1.3711615800857544 95 112 96
-6.352594375610352 -1.008034586906433 -1.37786066532135 43 53 42
-5.998620986938477 -0.2753923833370209 -1.3370919227600098 121 169 109
-35.83711624145508 -4.27952241897583 -1.961607813835144 89 113 87
-32.3563346862793 -5.062111854553223 -2.097179889678955 78 91 71
-25.089101791381836 -1.1484081745147705 -1.8029357194900513 80 113 58
-20.286787033081055 -1.6695817708969116 -1.660640835762024 94 127 56
-15.253806114196777 -1.8161470890045166 -1.3977395296096802 101 115 102
-14.083799362182617 -2.200624465942383 -1.4376335144042969 88 116 67
-13.680055618286133 -0.6204376220703125 -1.4905593395233154 91 122 63
-12.481661796569824 -1.0197714567184448 -1.4851057529449463 97 116 86
-11.58333683013916 -1.3735984563827515 -1.4957048892974854 74 124 65
-10.42422103881836 -1.6232162714004517 -1.4571560621261597 111 147 60
-9.449299812316895 -0.42178279161453247 -1.381056547164917 71 113 27
-8.4597749710083 -0.6877584457397461 -1.3218520879745483 103 114 82
-8.177938461303711 -0.9664438962936401 -1.363713026046753 53 61 63
-7.836885452270508 -1.2197668552398682 -1.395066738128662 115 141 70
-7.1649489402771 -0.3110469877719879 -1.3190995454788208 100 129 99
-6.91554069519043 -0.5584498643875122 -1.343846082687378 81 125 38
-6.660084247589111 -0.7838863134384155 -1.36716628074646 68 91 73
-6.35662317276001 -0.9886906743049622 -1.3780701160430908 52 61 60
-5.9994378089904785 -0.2569875717163086 -1.3370919227600098 91 130 49
-5.809743881225586 -0.46466317772865295 -1.3561797142028809 56 85 27
-21.359691619873047 -3.285281181335449 -0.5930769443511963 45 58 30
-35.966121673583984 -4.183052062988281 -1.9679574966430664 78 97 67
-32.55519104003906 -4.990948677062988 -2.1090662479400635 65 75 67
-23.890697479248047 -1.0201141834259033 -1.7165839672088623 92 121 75
-20.290821075439453 -1.607256293296814 -1.6605595350265503 86 122 52
-15.808343887329102 -1.8330023288726807 -1.448030948638916 89 104 85
-14.000003814697266 -2.143551826477051 -1.4284018278121948 97 131 54
-13.728577613830566 -0.5804385542869568 -1.4956450462341309 89 125 61
-12.523340225219727 -0.9845086336135864 -1.4896984100341797 78 106 55
-11.455462455749512 -1.3228083848953247 -1.4786620140075684 99 115 68
-10.32339096069336 -1.5750912427902222 -1.442379355430603 123 150 73
-9.417923927307129 -0.39143475890159607 -1.3762887716293335 86 133 63
-8.32886028289795 -0.6514002084732056 -1.3010780811309814 93 124 80
-8.183805465698242 -0.9416881799697876 -1.3642032146453857 43 54 58
-7.842537879943848 -1.1960148811340332 -1.3954131603240967 111 143 78
-7.17864465713501 -0.2895790934562683 -1.321451187133789 104 137 80
-6.893730163574219 -0.5354061722755432 -1.3392822742462158 88 126 53
-6.664404392242432 -0.7636728286743164 -1.3675657510757446 91 107 78
-6.354793548583984 -0.9684475660324097 -1.3770227432250977 59 91 50
-5.997271537780762 -0.23846401274204254 -1.336439847946167 98 138 65
-5.807257652282715 -0.4465382695198059 -1.3552732467651367 115 157 83
-21.367692947387695 -3.2194371223449707 -0.5930220484733582 52 54 51
-36.35780334472656 -4.115593433380127 -1.9886889457702637 86 99 73
-32.898983001708984 -4.9403977394104 -2.1303467750549316 67 82 63
-23.881755828857422 -0.9463399052619934 -1.7157247066497803 95 124 60
-20.25988006591797 -1.5422738790512085 -1.6576323509216309 85 114 66
-17.928678512573242 -2.023134231567383 -1.641675591468811 89 100 86
-14.030128479003906 -2.1041319370269775 -1.4308102130889893 77 112 30
-13.675658226013184 -0.5361750721931458 -1.4896936416625977 89 136 58
-12.517390251159668 -0.9454098343849182 -1.4886385202407837 114 147 76
-11.294858932495117 -1.2691608667373657 -1.4574220180511475 103 131 73
-10.709284782409668 -1.600364089012146 -1.4956032037734985 92 137 56
-9.43094539642334 -0.36299583315849304 -1.37802255153656 69 102 45
-8.345598220825195 -0.6269548535346985 -1.3033862113952637 104 118 95
-8.196460723876953 -0.9176738858222961 -1.3658369779586792 58 73 54
-7.825714588165283 -1.1688933372497559 -1.3917752504348755 87 119 56
-7.193258762359619 -0.26806673407554626 -1.3239836692810059 34 97 8
-6.884571075439453 -0.5134508013725281 -1.3371905088424683 91 118 39
-6.676454544067383 -0.7443088293075562 -1.3695634603500366 70 66 81
-6.369339942932129 -0.9506790041923523 -1.3795363903045654 5 54 24
-5.9999260902404785 -0.22013510763645172 -1.3368746042251587 102 149 77
-5.792087554931641 -0.42750096321105957 -1.3514204025268555 78 116 31
-21.358680725097656 -3.151094913482666 -0.5925008654594421 57 67 59
-36.50822067260742 -4.019218444824219 -1.996232509613037 77 90 72
-23.455936431884766 -0.8573999404907227 -1.6849359273910522 83 113 61
-19.710834503173828 -1.4396696090698242 -1.6123414039611816 73 104 62
-17.824918746948242 -1.956061840057373 -1.6316173076629639 101 127 102
-13.852436065673828 -2.034048080444336 -1.4120457172393799 101 138 58
-13.723933219909668 -0.49590352177619934 -1.4947794675827026 90 126 36
-12.445948600769043 -0.9016212821006775 -1.4798064231872559 72 108 44
-11.126148223876953 -1.2156496047973633 -1.435164451599121 119 148 84
-10.73570728302002 -1.5706555843353271 -1.4986131191253662 86 129 47
-9.507170677185059 -0.3367222249507904 -1.389002799987793 75 118 72
-8.551487922668457 -0.6160444021224976 -1.3352398872375488 73 117 56
-8.19237232208252 -0.8917758464813232 -1.3646934032440186 54 58 57
-7.85752534866333 -1.149011492729187 -1.396799087524414 105 145 85
-7.212723255157471 -0.24663546681404114 -1.327420711517334 92 119 66
-6.87730073928833 -0.49169668555259705 -1.3354790210723877 77 93 54
-6.674809455871582 -0.7233998775482178 -1.3687644004821777 91 104 84
-6.3838372230529785 -0.9328302145004272 -1.3820500373840332 77 96 76
-6.023985862731934 -0.20251363515853882 -1.3420907258987427 51 78 43
-5.788514137268066 -0.4093855321407318 -1.3502871990203857 70 96 71
-21.347471237182617 -3.082552433013916 -0.591924786567688 35 38 43
-36.54420852661133 -3.909743309020996 -1.9975351095199585 84 97 79
-21.18889617919922 -3.049084424972534 -1.3708323240280151 29 28 44
-23.174346923828125 -0.7759215831756592 -1.6645294427871704 79 98 53
-19.922958374023438 -1.3937276601791382 -1.629335641860962 87 116 70
-17.875396728515625 -1.906118392944336 -1.635694980621338 101 126 96
-14.2761812210083 -2.051546573638916 -1.4545917510986328 98 139 35
-13.744267463684082 -0.45442086458206177 -1.4968353509902954 128 162 88
-12.519983291625977 -0.8683806657791138 -1.4882853031158447 75 123 65
-11.12686538696289 -1.1811952590942383 -1.434782862663269 105 132 101
-10.562987327575684 -1.5123006105422974 -1.4738483428955078 92 127 33
-9.526949882507324 -0.3081608712673187 -1.3917479515075684 86 124 67
-8.579954147338867 -0.5916411876678467 -1.3393948078155518 123 158 116
-8.20291805267334 -0.8674677610397339 -1.3660002946853638 69 78 59
-7.868812561035156 -1.126015543937683 -1.398184895515442 69 115 51
-7.320595741271973 -0.2278408408164978 -1.347138524055481 89 118 52
-6.880735397338867 -0.47072914242744446 -1.3358594179153442 88 116 65
-6.660431861877441 -0.7011745572090149 -1.3653684854507446 79 95 68
-6.382796764373779 -0.912686824798584 -1.3812121152877808 84 108 76
-6.047019004821777 -0.1847168207168579 -1.3470896482467651 82 115 46
-5.713945388793945 -0.3864976763725281 -1.33260977268219 70 108 61
-21.3469295501709 -3.015646457672119 -0.5916504263877869 41 38 47
-36.58781051635742 -3.800910234451294 -1.9992716312408447 93 119 74
-21.054861068725586 -2.963892698287964 -1.361566185951233 32 36 45
-23.05398941040039 -0.7010908126831055 -1.6557222604751587 77 108 51
-20.126033782958984 -1.3458991050720215 -1.6455981731414795 83 114 55
-18.136734008789062 -1.8777283430099487 -1.6590737104415894 91 120 76
-15.367185592651367 -2.1602299213409424 -1.5650709867477417 93 126 45
-13.706843376159668 -0.4110896587371826 -1.4926152229309082 111 145 69
-12.5097074508667 -0.8291120529174805 -1.4867544174194336 103 138 70
-11.133397102355957 -1.1473580598831177 -1.435164451599121 99 130 86
-10.316435813903809 -1.4447168111801147 -1.4388220310211182 96 130 70
-9.549610137939453 -0.2795681655406952 -1.3949264287948608 94 124 90
-8.789764404296875 -0.5790196657180786 -1.3718639612197876 95 127 42
-8.206522941589355 -0.8423982858657837 -1.366163730621338 58 67 66
-7.873205661773682 -1.1020057201385498 -1.3983582258224487 77 108 51
-7.319293975830078 -0.20532533526420593 -1.3467767238616943 81 114 59
-6.873330593109131 -0.44904109835624695 -1.3341479301452637 50 79 31
-6.6586527824401855 -0.6803389191627502 -1.3645694255828857 102 129 94
-6.386535167694092 -0.8932358026504517 -1.3814215660095215 85 97 95
-6.055362701416016 -0.1663784384727478 -1.3488283157348633 84 123 66
-5.709272384643555 -0.36858922243118286 -1.3312499523162842 72 113 35
-21.348159790039062 -2.9490466117858887 -0.5914309620857239 38 39 44
-36.77216720581055 -3.7060649394989014 -2.0087146759033203 85 98 78
-21.392080307006836 -2.9444611072540283 -1.3827825784683228 30 34 37
-22.987234115600586 -0.628477931022644 -1.6507817506790161 92 129 59
-20.636354446411133 -1.3164441585540771 -1.6869860887527466 75 95 58
-18.20285415649414 -1.8281474113464355 -1.6646013259887695 92 110 70
-15.574820518493652 -2.140711784362793 -1.5855411291122437 94 133 50
-13.710027694702148 -0.3690892159938812 -1.4928317070007324 100 130 70
-12.506245613098145 -0.7903531193733215 -1.4860477447509766 102 115 59
-11.16252613067627 -1.1157608032226562 -1.4384713172912598 91 106 63
-10.231508255004883 -1.400831699371338 -1.4263710975646973 93 133 60
-9.574163436889648 -0.25089117884635925 -1.3983938694000244 147 162 105
-8.812209129333496 -0.5533508062362671 -1.3750956058502197 96 137 61
-8.200233459472656 -0.8163374662399292 -1.3646934032440186 41 76 69
-7.880452632904053 -1.0783798694610596 -1.3990510702133179 70 99 55
-7.298259258270264 -0.1823287159204483 -1.3427969217300415 122 154 71
-6.890353679656982 -0.42892786860466003 -1.3371905088424683 106 141 87
-6.673384666442871 -0.6611631512641907 -1.36716628074646 83 102 74
-6.3863396644592285 -0.8732406497001648 -1.3807932138442993 67 85 71
-6.063651084899902 -0.14799058437347412 -1.350567102432251 88 110 72
-5.696766376495361 -0.3502349555492401 -1.3280770778656006 69 110 8
-21.35413360595703 -2.88313627243042 -0.5913486480712891 44 47 52
-21.53156852722168 -2.896379232406616 -1.3912180662155151 73 82 79
-22.91726303100586 -0.5562087297439575 -1.6456265449523926 90 134 19
-20.646263122558594 -1.2534888982772827 -1.6874738931655884 68 91 63
-18.219280242919922 -1.7733545303344727 -1.6655980348587036 95 122 77
-15.490593910217285 -2.080732822418213 -1.5763094425201416 83 122 41
-13.814455032348633 -0.3294909596443176 -1.5040853023529053 91 128 74
-12.420390129089355 -0.7466771602630615 -1.4755668640136719 84 120 59
-11.273508071899414 -1.0919324159622192 -1.4523346424102783 89 110 69
-10.290741920471191 -1.3767915964126587 -1.4340332746505737 95 143 59
-9.577855110168457 -0.22158552706241608 -1.3988271951675415 110 145 103
-8.76257610321045 -0.5232500433921814 -1.3670936822891235 93 136 54
-8.191896438598633 -0.7901337146759033 -1.3628960847854614 81 84 75
-7.884700298309326 -1.0543285608291626 -1.3992244005203247 75 102 49
-7.23782205581665 -0.15860125422477722 -1.331581473350525 110 138 77
-6.901437282562256 -0.40836644172668457 -1.3390921354293823 121 146 88
-6.680258274078369 -0.641154408454895 -1.368165135383606 96 123 92
-6.390926837921143 -0.8539024591445923 -1.3812121152877808 45 56 42
-6.06895637512207 -0.12949098646640778 -1.351653814315796 110 150 87
-5.687119007110596 -0.3321312665939331 -1.3255841732025146 70 105 41
-21.359905242919922 -2.8172168731689453 -0.591266393661499 50 59 58
-39.8504753112793 -2.321861982345581 -1.786139965057373 91 114 72
-32.40749740600586 -4.25820255279541 -2.093090057373047 79 88 69
-22.95575714111328 -0.4866791367530823 -1.64827561378479 91 133 35
-21.584354400634766 -1.2439908981323242 -1.7638262510299683 70 87 68
-18.203813552856445 -1.715488076210022 -1.6636950969696045 86 125 62
-15.43080997467041 -2.024527072906494 -1.5695863962173462 98 140 40
-13.867084503173828 -0.288181334733963 -1.5097121000289917 70 98 50
-12.363136291503906 -0.7051753997802734 -1.468501091003418 66 111 42
-11.26791763305664 -1.0565073490142822 -1.4511899948120117 114 130 104
-10.253662109375 -1.339822769165039 -1.4282865524291992 102 138 66
-9.572554588317871 -0.19208094477653503 -1.3979604244232178 104 136 63
-8.680286407470703 -0.49161526560783386 -1.3540136814117432 99 142 73
-8.198211669921875 -0.7653645277023315 -1.3635497093200684 73 98 66
-7.890827178955078 -1.0305161476135254 -1.3997440338134766 80 107 54
-7.269740581512451 -0.13698811829090118 -1.3373700380325317 98 125 54
-6.904617786407471 -0.38730114698410034 -1.3394724130630493 104 127 55
-6.6753644943237305 -0.6200223565101624 -1.3667668104171753 92 103 89
-6.3906073570251465 -0.8339117765426636 -1.380583643913269 62 54 65
-6.0644450187683105 -0.11078193038702011 -1.350567102432251 90 100 76
-5.6667160987854 -0.31349822878837585 -1.3205981254577637 57 107 48
-21.355558395385742 -2.7500126361846924 -0.5909097194671631 50 59 64
-47.359336853027344 -0.8851596713066101 -1.6690126657485962 95 111 85
-38.997314453125 -3.5680785179138184 -2.1283812522888184 84 90 80
-32.62134552001953 -4.18453311920166 -2.106062650680542 73 91 77
-22.920244216918945 -0.4155805706977844 -1.6456265449523926 87 134 38
-22.33547019958496 -1.2185405492782593 -1.8248916864395142 90 126 78
-18.191139221191406 -1.6580044031143188 -1.6620640754699707 102 142 80
-15.444843292236328 -1.9781875610351562 -1.5703891515731812 91 127 65
-14.00805377960205 -0.24811877310276031 -1.5249693393707275 97 122 83
-12.326569557189941 -0.6651557683944702 -1.4639084339141846 82 121 58
-11.297776222229004 -1.0243511199951172 -1.4546239376068115 96 116 81
-10.18894100189209 -1.2995853424072266 -1.4187090396881104 93 134 64
-9.582002639770508 -0.16286319494247437 -1.3992607593536377 98 140 54
-8.659059524536133 -0.4637667238712311 -1.350474238395691 120 158 83
-8.1975736618042 -0.7399430274963379 -1.3630595207214355 69 85 48
-7.898836612701416 -1.006925344467163 -1.4006102085113525 84 109 79
-7.3556809425354 -0.11603381484746933 -1.3531081676483154 100 141 85
-6.9047932624816895 -0.36606431007385254 -1.3392822742462158 94 133 44
-6.681138515472412 -0.5998901724815369 -1.3675657510757446 103 141 94
-6.39992618560791 -0.8151666522026062 -1.3820500373840332 81 84 91
-6.058900356292725 -0.09208695590496063 -1.349263072013855 69 90 59
-5.611237049102783 -0.29316410422325134 -1.3074533939361572 66 114 40
-21.376789093017578 -2.6861019134521484 -0.591266393661499 88 105 123
-32.63106155395508 -4.084061145782471 -2.1058712005615234 55 73 61
-22.852596282958984 -0.3442237377166748 -1.6406859159469604 100 135 51
-22.182830810546875 -1.1419657468795776 -1.8121256828308105 107 139 56
-17.752695083618164 -1.563141107559204 -1.6215590238571167 84 128 41
-14.943380355834961 -1.867380142211914 -1.5188121795654297 92 125 56
-13.969982147216797 -0.2045738250017166 -1.5207492113113403 86 108 72
-12.325576782226562 -0.6271838545799255 -1.463555097579956 86 112 67
-11.370033264160156 -0.9957425594329834 -1.463526964187622 81 107 78
-10.209590911865234 -1.2703994512557983 -1.4210350513458252 108 133 93
-9.591361999511719 -0.13358928263187408 -1.400560975074768 100 131 61
-8.64564037322998 -0.4364517033100128 -1.3481661081314087 84 123 40
-8.163440704345703 -0.7116197943687439 -1.3570146560668945 90 107 89
-7.89700174331665 -0.9820795655250549 -1.3997440338134766 66 81 52
-7.323549270629883 -0.09305401146411896 -1.347138524055481 89 121 58
-6.9019622802734375 -0.34468311071395874 -1.3385215997695923 93 118 53
-6.679043292999268 -0.5790513753890991 -1.3667668104171753 41 86 53
-6.422773838043213 -0.7980600595474243 -1.3864487409591675 73 95 82
-6.051346302032471 -0.07340336591005325 -1.3475242853164673 50 83 54
-5.6276750564575195 -0.2767130136489868 -1.311079502105713 91 127 81
-35.573089599609375 -3.034797191619873 -1.940442442893982 84 97 80
-33.07732391357422 -4.036884307861328 -2.133861541748047 71 79 68
-22.169353485107422 -0.26590496301651 -1.591567039489746 87 132 37
-22.351486206054688 -1.0819034576416016 -1.825623631477356 93 136 67
-17.573829650878906 -1.4930726289749146 -1.604795217514038 86 122 50
-14.950027465820312 -1.8216460943222046 -1.5189125537872314 117 142 77
-14.022235870361328 -0.16231189668178558 -1.5263760089874268 86 87 71
-12.459366798400879 -0.5956737399101257 -1.479217529296875 90 129 46
-11.397743225097656 -0.9629426598548889 -1.46670663356781 95 123 74
-10.217373847961426 -1.2395480871200562 -1.4215823411941528 88 137 20
-9.630315780639648 -0.10458183288574219 -1.4061956405639648 107 146 67
-8.587718963623047 -0.4071177840232849 -1.3389331102371216 54 103 38
-8.130193710327148 -0.683595597743988 -1.3511329889297485 80 109 51
-7.897045135498047 -0.9574917554855347 -1.3992244005203247 67 90 48
-7.3424859046936035 -0.07076532393693924 -1.350575566291809 101 134 47
-6.884354114532471 -0.3226333260536194 -1.3349086046218872 89 112 58
-6.625131130218506 -0.5539043545722961 -1.3553804159164429 83 132 77
-6.425192356109619 -0.7783515453338623 -1.3864487409591675 46 57 59
-6.049591064453125 -0.05482006072998047 -1.3470896482467651 92 121 67
-5.645037651062012 -0.2602086663246155 -1.3149322271347046 95 123 62
-27.9476261138916 -0.2748260796070099 0.03707294911146164 183 215 214
-35.52849578857422 -2.92122745513916 -1.9375118017196655 78 96 80
-32.88343048095703 -3.9108707904815674 -2.1205692291259766 75 81 67
-21.287370681762695 -0.1900102198123932 -1.528199315071106 80 127 31
-22.171497344970703 -1.0050204992294312 -1.8106621503829956 89 134 33
-17.571380615234375 -1.4385809898376465 -1.6041609048843384 97 129 88
-15.048418045043945 -1.7867989540100098 -1.5283448696136475 81 117 45
-14.02763843536377 -0.11933380365371704 -1.5269170999526978 84 89 83
-12.471056938171387 -0.5578899383544922 -1.4803951978683472 89 146 52
-11.363076210021973 -0.9249125123023987 -1.4618735313415527 93 123 61
-10.169974327087402 -1.2021490335464478 -1.4144675731658936 108 149 47
-9.636528015136719 -0.0750821977853775 -1.4070624113082886 93 127 50
-8.63927173614502 -0.3830009698867798 -1.3467811346054077 93 122 68
-8.119468688964844 -0.6576139330863953 -1.3490090370178223 78 110 45
-7.899945259094238 -0.9332594275474548 -1.3992244005203247 70 84 49
-7.362338066101074 -0.04836778715252876 -1.3541935682296753 76 114 53
-6.8961005210876465 -0.3019833564758301 -1.3370003700256348 84 128 53
-6.576988220214844 -0.5295654535293579 -1.345192551612854 66 76 78
-6.427549839019775 -0.7586356401443481 -1.3864487409591675 60 61 56
-6.047778606414795 -0.03624821454286575 -1.3466548919677734 89 124 70
-5.602993965148926 -0.2410467565059662 -1.3049604892730713 169 218 136
-32.892295837402344 -3.8096227645874023 -2.120377540588379 70 92 71
-21.363656997680664 -0.12514464557170868 -1.5336410999298096 91 120 62
-21.78810691833496 -0.9206683039665222 -1.7791129350662231 108 138 50
-17.478416442871094 -1.3770008087158203 -1.595280647277832 87 124 29
-15.181328773498535 -1.7553648948669434 -1.5412893295288086 99 157 72
-14.045831680297852 -0.07639437913894653 -1.5288647413253784 96 95 90
-12.348687171936035 -0.5144597291946411 -1.465674877166748 108 148 59
-11.262031555175781 -0.8819159865379333 -1.4485191106796265 98 128 64
-10.170661926269531 -1.1706024408340454 -1.4140570163726807 92 133 67
-9.66441822052002 -0.04564826190471649 -1.4111077785491943 102 137 55
-8.661137580871582 -0.3573496639728546 -1.3500126600265503 81 123 59
-8.095874786376953 -0.6307083368301392 -1.3447611331939697 60 100 38
-7.89983606338501 -0.9086806774139404 -1.3987046480178833 72 87 56
-7.350649833679199 -0.025738896802067757 -1.3520227670669556 70 109 28
-6.9028801918029785 -0.2810646593570709 -1.3381413221359253 79 111 46
-6.539505481719971 -0.5063592791557312 -1.3372020721435547 93 118 37
-6.430818557739258 -0.73902428150177 -1.3866581916809082 76 84 86
-6.048837661743164 -0.017696579918265343 -1.346872329711914 144 180 152
-5.728277206420898 -0.2288321703672409 -1.3339695930480957 100 132 65
-28.908899307250977 -0.0967961773276329 -1.0186198949813843 87 106 84
-38.0428466796875 -2.8930723667144775 -2.073622465133667 78 94 81
-33.38975143432617 -3.763462781906128 -2.151691198348999 76 87 71
-21.625268936157227 -0.06033032387495041 -1.552400827407837 64 90 27
-21.651399612426758 -0.8483558297157288 -1.7677292823791504 106 153 61
-17.372329711914062 -1.3150273561477661 -1.5852223634719849 93 134 74
-15.165879249572754 -1.7064447402954102 -1.5391820669174194 103 136 57
-14.06290054321289 -0.033342085778713226 -1.530704379081726 93 98 78
-12.472259521484375 -0.4812818765640259 -1.4801596403121948 84 124 35
-11.221163749694824 -0.8440867066383362 -1.442922830581665 68 89 48
-10.184049606323242 -1.1404962539672852 -1.4154253005981445 118 154 92
-9.707061767578125 -0.016068460419774055 -1.4173203706741333 104 128 68
-8.692802429199219 -0.3319447934627533 -1.354783058166504 93 136 29
-8.106626510620117 -0.6065301299095154 -1.3462316989898682 68 101 46
-7.904543876647949 -0.8846591114997864 -1.3990510702133179 54 69 38
-7.383150100708008 -0.0032013726886361837 -1.3579922914505005 87 127 67
-6.910577297210693 -0.26014411449432373 -1.3394724130630493 92 120 35
-6.505850791931152 -0.48367875814437866 -1.3300107717514038 85 123 22
-6.432084083557129 -0.7191826701164246 -1.3864487409591675 44 30 53
-6.03324556350708 0.0008588531636632979 -1.3433947563171387 80 127 23
-5.7172722816467285 -0.21082629263401031 -1.3312499523162842 94 135 79
-38.080421447753906 -2.778452157974243 -2.0751962661743164 79 102 73
-32.82477951049805 -3.5978331565856934 -2.1145620346069336 78 87 68
-21.314151763916016 0.005928784143179655 -1.5300610065460205 79 110 53
-21.39293670654297 -0.7725028395652771 -1.7464253902435303 92 139 45
-17.43587875366211 -1.2660510540008545 -1.590659260749817 90 131 75
-15.193791389465332 -1.6623973846435547 -1.5414899587631226 103 138 70
-14.466552734375 0.010083780623972416 -1.5746365785598755 98 116 74
-12.482609748840332 -0.4433324933052063 -1.4812195301055908 101 140 95
-11.201936721801758 -0.808086633682251 -1.4401248693466187 82 109 68
-10.231815338134766 -1.1140718460083008 -1.4215823411941528 101 123 76
-9.71399211883545 0.013722245581448078 -1.4183316230773926 102 131 75
-8.728341102600098 -0.30648770928382874 -1.3601689338684082 93 128 62
-8.074991226196289 -0.5792564153671265 -1.3406767845153809 71 106 50
-7.904283046722412 -0.8600845336914062 -1.3985313177108765 40 52 40
-7.398860931396484 0.019491281360387802 -1.3608866930007935 84 111 70
-6.923116683959961 -0.23934859037399292 -1.3417543172836304 93 127 53
-6.494598388671875 -0.4628113806247711 -1.32741379737854 92 130 45
-6.425510883331299 -0.6984948515892029 -1.3845634460449219 43 48 54
-6.028334140777588 0.01935291849076748 -1.3423080444335938 83 109 62
-5.664353847503662 -0.19147516787052155 -1.3187850713729858 101 126 104
-26.685808181762695 0.04737608879804611 1.011173963546753 218 254 254
-28.236370086669922 0.07871241867542267 -0.9949212074279785 74 91 85
-38.445369720458984 -2.6865289211273193 -2.0946249961853027 88 116 68
-32.503231048583984 -3.4617059230804443 -2.093153953552246 76 89 71
-21.163421630859375 0.07081568241119385 -1.5192490816116333 78 99 56
-21.08938980102539 -0.6967629194259644 -1.7214624881744385 97 129 53
-16.781991958618164 -1.166824460029602 -1.5306719541549683 90 125 57
-15.213661193847656 -1.6173534393310547 -1.5429950952529907 96 111 78
-14.47838306427002 0.054511405527591705 -1.5759351253509521 98 111 85
-12.47497844696045 -0.4047444760799408 -1.4801596403121948 116 151 87
-11.15092945098877 -0.770025908946991 -1.43325674533844 93 116 60
-10.253902435302734 -1.08465576171875 -1.4241819381713867 82 123 67
-9.712915420532227 0.04351985827088356 -1.4181872606277466 91 126 60
-8.809233665466309 -0.28227129578590393 -1.3726333379745483 69 97 56
-8.127911567687988 -0.5579936504364014 -1.3491724729537964 90 125 67
-7.881419658660889 -0.8331385850906372 -1.3940272331237793 77 74 67
-7.413518905639648 0.04227469861507416 -1.3636001348495483 85 116 59
-6.936574935913086 -0.2185094803571701 -1.344226360321045 104 142 59
-6.4930548667907715 -0.4426840841770172 -1.3268145322799683 71 112 33
-6.427623748779297 -0.678778350353241 -1.3845634460449219 71 82 74
-6.017509937286377 0.03778008744120598 -1.3399173021316528 94 112 72
-5.678544044494629 -0.17451514303684235 -1.3219579458236694 101 124 52
-27.789554595947266 0.15302512049674988 0.03686204180121422 197 230 235
-27.81926155090332 0.16289976239204407 -0.9802372455596924 63 84 51
-32.54347610473633 -3.3650503158569336 -2.0950708389282227 68 81 64
-21.040424346923828 0.13495691120624542 -1.5104420185089111 87 118 51
-20.96689796447754 -0.628326416015625 -1.7112984657287598 87 132 51
-16.223060607910156 -1.0779610872268677 -1.4793837070465088 100 136 72
-15.381851196289062 -1.5875247716903687 -1.5595519542694092 93 117 83
-14.446335792541504 0.09871283173561096 -1.5724724531173706 104 124 65
-12.457301139831543 -0.3659158945083618 -1.4779220819473267 118 157 66
-11.091876029968262 -0.7317634224891663 -1.4253712892532349 100 122 83
-10.297584533691406 -1.0573405027389526 -1.4297916889190674 87 112 73
-9.710756301879883 0.07330351322889328 -1.417898178100586 121 147 86
-8.9236421585083 -0.25853434205055237 -1.3903299570083618 81 114 57
-8.142383575439453 -0.5338941216468811 -1.3512964248657227 50 111 44
-7.851607322692871 -0.8056373596191406 -1.388310432434082 93 112 67
-7.404502868652344 0.06494121998548508 -1.3619719743728638 99 137 80
-6.942119598388672 -0.1973668485879898 -1.345177173614502 102 134 95
-6.489493370056152 -0.42244333028793335 -1.3258156776428223 90 135 52
-6.414112567901611 -0.6574602127075195 -1.3812121152877808 79 98 94
-6.0037007331848145 0.056113652884960175 -1.3368746042251587 100 132 69
-5.690736293792725 -0.157415971159935 -1.324677586555481 89 125 77
-27.27797508239746 0.2339000552892685 0.03618422523140907 212 247 243
-38.64847183227539 -2.4625186920166016 -2.104827880859375 75 92 74
-32.538753509521484 -3.2636985778808594 -2.0941123962402344 66 83 64
-20.882322311401367 0.1980130821466446 -1.4991289377212524 91 130 41
-20.942821502685547 -0.563301146030426 -1.7091842889785767 72 123 56
-16.18256187438965 -1.0254133939743042 -1.475396752357483 104 136 61
-15.407439231872559 -1.5424076318740845 -1.5616592168807983 74 89 70
-14.399243354797363 0.14257049560546875 -1.5673866271972656 79 112 81
-12.395825386047363 -0.32605069875717163 -1.4705030918121338 101 145 70
-11.077239990234375 -0.6966721415519714 -1.4232090711593628 80 118 43
-10.384566307067871 -1.0340863466262817 -1.441421627998352 76 96 59
-9.704549789428711 0.10303232073783875 -1.4170314073562622 112 147 67
-8.970817565917969 -0.23235823214054108 -1.3975623846054077 100 125 67
-8.149890899658203 -0.509280264377594 -1.3522765636444092 102 128 80
-7.834441661834717 -0.7795947790145874 -1.3848458528518677 90 107 91
-7.385583400726318 0.08743640035390854 -1.3585349321365356 91 124 77
-6.9525065422058105 -0.17631667852401733 -1.3470786809921265 73 88 47
-6.492715358734131 -0.40265318751335144 -1.3262152671813965 103 135 60
-6.428748607635498 -0.6390362977981567 -1.3839350938796997 71 77 77
-6.0269246101379395 0.0748232901096344 -1.3420907258987427 90 116 71
-5.6970343589782715 -0.14009997248649597 -1.3260374069213867 86 121 81
-27.025976181030273 0.29673582315444946 1.0241236686706543 192 243 247
-27.128137588500977 0.31585192680358887 0.03598658740520477 117 161 110
-23.46375274658203 0.2813791334629059 -0.8268121480941772 80 88 91
-38.82428741455078 -2.354149103164673 -2.113999605178833 78 87 82
-32.786006927490234 -3.1869313716888428 -2.1093859672546387 73 88 65
-20.26724624633789 0.254367470741272 -1.4550222158432007 96 119 47
-20.910573959350586 -0.4982396066188812 -1.7064197063446045 82 126 31
-16.097158432006836 -0.9704275131225586 -1.4673320055007935 94 118 68
-15.524993896484375 -1.5060830116271973 -1.5730984210968018 81 99 73
-14.36792278289795 0.1863464117050171 -1.5640321969985962 81 115 64
-12.419601440429688 -0.2885498106479645 -1.4732115268707275 125 168 79
-11.064473152160645 -0.6617960333824158 -1.421301245689392 95 133 76
-10.448822021484375 -1.0081202983856201 -1.449904441833496 92 106 71
-9.665599822998047 0.13227689266204834 -1.4113967418670654 109 140 73
-8.956670761108398 -0.20449674129486084 -1.395254135131836 98 129 61
-8.161263465881348 -0.484859436750412 -1.3539104461669922 103 142 98
-7.8534626960754395 -0.7571621537208557 -1.3877909183502197 84 102 62
-7.396097660064697 0.1102558970451355 -1.3605248928070068 91 140 74
-6.937310695648193 -0.15463581681251526 -1.3440362215042114 98 133 39
-6.494897842407227 -0.3827895522117615 -1.3264150619506836 65 101 53
-6.424839019775391 -0.6187477111816406 -1.3826783895492554 61 75 58
-6.041306495666504 0.09353995323181152 -1.3453508615493774 82 99 63
-5.669198989868164 -0.12201329320669174 -1.3194650411605835 103 136 81
-27.255027770996094 0.4009612500667572 0.03615637123584747 93 113 62
-38.911075592041016 -2.239616870880127 -2.1183412075042725 64 75 58
-32.606849670410156 -3.0685646533966064 -2.0972437858581543 69 83 57
-20.235454559326172 0.31606242060661316 -1.4528025388717651 93 121 46
-20.583168029785156 -0.4272586405277252 -1.67958664894104 91 135 60
-16.09906578063965 -0.92098069190979 -1.4672414064407349 83 98 75
-15.63652515411377 -1.4684932231903076 -1.5839356184005737 77 100 71
-14.322553634643555 0.22970831394195557 -1.5591628551483154 98 128 64
-12.516733169555664 -0.25238755345344543 -1.4846346378326416 107 150 96
-11.08526611328125 -0.6289150714874268 -1.423717737197876 76 115 52
-10.466660499572754 -0.9774406552314758 -1.451956868171692 96 109 79
-9.660202980041504 0.1618470400571823 -1.4106744527816772 90 118 59
-8.91872787475586 -0.1762557029724121 -1.389252781867981 94 144 93
-8.152862548828125 -0.4592638909816742 -1.3522765636444092 111 153 67
-7.754744529724121 -0.7236392498016357 -1.3699475526809692 120 142 119
-7.39080810546875 0.13285790383815765 -1.3596203327178955 143 157 98
-6.934808254241943 -0.13329511880874634 -1.343465805053711 109 144 42
-6.497998237609863 -0.3629709780216217 -1.3268145322799683 83 123 63
-6.429627895355225 -0.5993059277534485 -1.3833067417144775 45 58 66
-6.059533596038818 0.11241798847913742 -1.349480390548706 112 127 84
-5.648122310638428 -0.10422452539205551 -1.3144789934158325 77 115 40
-27.26666831970215 0.48480772972106934 0.03617361560463905 132 178 167
-25.731801986694336 0.46650242805480957 -0.9068171381950378 60 71 73
-38.8629264831543 -2.117241144180298 -2.115356206893921 73 76 59
-32.75922393798828 -2.981539249420166 -2.1064462661743164 60 74 57
-19.972108840942383 0.3732409179210663 -1.4339711666107178 81 112 53
-20.34222412109375 -0.3598249554634094 -1.659827709197998 106 147 55
-16.089879989624023 -0.8709391355514526 -1.4661539793014526 79 100 67
-15.619157791137695 -1.418534278869629 -1.5817279815673828 108 137 83
-14.25717544555664 0.2724137604236603 -1.5521293878555298 98 124 77
-12.542271614074707 -0.2144099324941635 -1.4875787496566772 112 143 83
-11.100020408630371 -0.5955939292907715 -1.4253712892532349 97 133 59
-10.475528717041016 -0.9458592534065247 -1.4527777433395386 71 91 64
-9.612173080444336 0.19054202735424042 -1.40373957157135 96 128 63
-8.937009811401367 -0.14918945729732513 -1.3920226097106934 90 136 63
-8.12960433959961 -0.43293750286102295 -1.3481922149658203 88 113 71
-7.728481769561768 -0.6972781419754028 -1.3649237155914307 87 108 52
-7.406098365783691 0.15586306154727936 -1.3625147342681885 72 115 85
-6.9724860191345215 -0.11262129992246628 -1.3506916761398315 89 125 64
-6.502017021179199 -0.34318864345550537 -1.32741379737854 93 130 53
-6.400272846221924 -0.5767689347267151 -1.3766038417816162 63 69 59
-6.0552568435668945 0.13092344999313354 -1.3486109972000122 99 125 62
-5.695160865783691 -0.08761497586965561 -1.325357437133789 95 117 68
-22.25218963623047 0.47171443700790405 -0.7842391133308411 89 103 86
-28.553110122680664 -0.43538549542427063 -1.2777620553970337 100 121 78
-38.821372985839844 -1.995540976524353 -2.1127512454986572 73 85 71
-32.792076110839844 -2.8831188678741455 -2.1079797744750977 65 85 58
-19.752485275268555 0.42976123094558716 -1.418290376663208 83 121 48
-20.160858154296875 -0.294747918844223 -1.6449476480484009 96 137 45
-16.28045654296875 -0.8311688899993896 -1.4832803010940552 93 114 73
-15.623435974121094 -1.3706086874008179 -1.5817279815673828 102 133 65
-14.210553169250488 0.3151389956474304 -1.547151803970337 80 111 52
-12.586560249328613 -0.17654256522655487 -1.492760181427002 98 137 80
-11.162222862243652 -0.5645931959152222 -1.4331295490264893 95 136 68
-10.474434852600098 -0.9133720993995667 -1.452230453491211 92 105 79
-9.628360748291016 0.220415860414505 -1.4061956405639648 95 130 66
-8.959161758422852 -0.12206654995679855 -1.395408034324646 98 128 64
-8.119070053100586 -0.40740087628364563 -1.3462316989898682 123 167 56
-7.709980487823486 -0.6717689633369446 -1.3612858057022095 75 117 41
-7.384937286376953 0.17808599770069122 -1.3587158918380737 82 120 47
-7.002248764038086 -0.09161480516195297 -1.3563964366912842 96 126 76
-6.488359451293945 -0.3225094676017761 -1.3244173526763916 118 153 37
-6.400063514709473 -0.5569608807563782 -1.3761849403381348 83 114 54
-6.049947738647461 0.14937962591648102 -1.3475242853164673 78 108 36
-5.697350978851318 -0.07016605138778687 -1.3258107900619507 101 127 66
-25.290855407714844 0.613761305809021 -0.8913936614990234 76 84 69
-28.34054183959961 -0.34518009424209595 -1.2681961059570312 88 113 71
-38.919071197509766 -1.8808637857437134 -2.117744207382202 69 89 62
-32.76397705078125 -2.7793796062469482 -2.1056153774261475 77 99 61
-19.74808120727539 0.4902847111225128 -1.4180755615234375 76 107 50
-19.94240951538086 -0.2303611785173416 -1.6270588636398315 92 130 45
-16.350570678710938 -0.7844625115394592 -1.489441990852356 97 126 62
-15.562134742736816 -1.3171322345733643 -1.5751053094863892 111 138 67
-14.074361801147461 0.3553226590156555 -1.532435655593872 94 120 59
-12.596972465515137 -0.13803553581237793 -1.4939378499984741 90 128 53
-11.094549179077148 -0.5270506739616394 -1.4242266416549683 110 140 80
-10.4584321975708 -0.8796552419662476 -1.449630856513977 105 123 99
-9.624671936035156 0.24987715482711792 -1.4057621955871582 87 110 82
-8.958505630493164 -0.09456922113895416 -1.395254135131836 92 130 73
-8.12126636505127 -0.3825364112854004 -1.3463950157165527 62 108 36
-7.699246406555176 -0.6470397114753723 -1.3590337038040161 56 83 42
-7.378458023071289 0.20058147609233856 -1.3576306104660034 79 113 62
-7.0123138427734375 -0.07023008912801743 -1.3582979440689087 132 164 89
-6.514766693115234 -0.30378860235214233 -1.3296111822128296 100 153 97
-6.39492130279541 -0.5367506742477417 -1.3747186660766602 111 96 101
-6.035800933837891 0.16756069660186768 -1.3444814682006836 86 125 44
-5.69266939163208 -0.05264145880937576 -1.324677586555481 100 135 53
-32.725059509277344 0.8832098841667175 0.04342399165034294 108 118 120
-22.0600643157959 0.6030806303024292 -0.7775837182998657 85 99 76
-27.65717887878418 -0.25199607014656067 -1.2375762462615967 86 113 70
-38.93064498901367 -1.7617237567901611 -2.118069887161255 73 84 76
-32.863853454589844 -2.6863279342651367 -2.111494541168213 87 107 72
-19.75446128845215 0.551091194152832 -1.4186484813690186 70 97 54
-19.894187927246094 -0.16876336932182312 -1.6230746507644653 94 133 52
-16.91699981689453 -0.7596258521080017 -1.5408209562301636 97 127 77
-15.513545036315918 -1.2650960683822632 -1.5697871446609497 99 134 50
-13.903277397155762 0.393688827753067 -1.513932228088379 93 129 65
-12.546692848205566 -0.0989883542060852 -1.4879319667816162 96 139 59
-11.068367958068848 -0.49177780747413635 -1.4206652641296387 96 133 66
-10.437385559082031 -0.8456451296806335 -1.4463471174240112 77 112 80
-9.64166259765625 0.27992093563079834 -1.4083627462387085 80 95 64
-8.957764625549316 -0.06707707047462463 -1.3951002359390259 92 123 89
-8.126344680786133 -0.35779252648353577 -1.3470486402511597 84 126 60
-7.69923210144043 -0.6232568025588989 -1.3586872816085815 64 99 33
-7.346350193023682 0.2222655564546585 -1.3518418073654175 103 134 67
-7.0232954025268555 -0.0487913079559803 -1.3603897094726562 90 121 43
-6.5391621589660645 -0.284823477268219 -1.3344054222106934 88 136 84
-6.409208297729492 -0.5181531310081482 -1.377441644668579 85 115 105
-6.017696857452393 0.18553602695465088 -1.3405693769454956 88 123 59
-5.676246643066406 -0.035074036568403244 -1.3208247423171997 74 106 56
-22.125036239624023 0.6727922558784485 -0.7799429893493652 85 98 89
-28.188282012939453 -0.17034956812858582 -1.2613122463226318 99 116 72
-38.92289733886719 -1.6417309045791626 -2.1173644065856934 87 100 82
-32.87890625 -2.586038112640381 -2.1119420528411865 83 100 64
-19.733736038208008 0.6111078262329102 -1.4172879457473755 68 88 61
-19.579662322998047 -0.10602263361215591 -1.5973799228668213 100 141 73
-17.164024353027344 -0.7179602980613708 -1.5631121397018433 100 132 65
-15.308060646057129 -1.2010741233825684 -1.5486143827438354 95 137 53
-13.890080451965332 0.4359673857688904 -1.5126336812973022 90 130 67
-12.554882049560547 -0.06053347885608673 -1.488874077796936 99 133 83
-11.081716537475586 -0.458310067653656 -1.4221915006637573 97 125 51
-10.412277221679688 -0.8114646077156067 -1.4425160884857178 90 118 59
-9.69911003112793 0.3113730847835541 -1.4168869256973267 75 89 89
-8.95397663116455 -0.03957724943757057 -1.3944847583770752 86 122 52
-8.134305000305176 -0.33314216136932373 -1.3481922149658203 90 121 62
-7.7040534019470215 -0.599862277507782 -1.3592069149017334 80 123 33
-7.2984514236450195 0.24323038756847382 -1.3431587219238281 94 121 70
-7.045992374420166 -0.027331501245498657 -1.3647634983062744 112 148 74
-6.5370683670043945 -0.2646413743495941 -1.3338061571121216 159 199 111
-6.411742687225342 -0.49856331944465637 -1.3776510953903198 69 103 52
-5.992711067199707 0.20317034423351288 -1.3351356983184814 84 118 32
-5.646134853363037 -0.01756546087563038 -1.3137991428375244 93 136 54
-21.62445831298828 0.7239811420440674 -0.7623715400695801 69 83 83
-38.769107818603516 -1.5161054134368896 -2.1087353229522705 80 95 74
-19.57027816772461 0.6661502718925476 -1.4056885242462158 82 107 75
-19.486207962036133 -0.04573269933462143 -1.5897365808486938 103 154 61
-17.454736709594727 -0.6764832139015198 -1.5893906354904175 90 136 48
-15.259090423583984 -1.150140643119812 -1.543296217918396 106 139 68
-13.674073219299316 0.4711845815181732 -1.4892607927322388 86 117 75
-12.574869155883789 -0.02205018885433674 -1.4912294149398804 95 104 77
-11.326894760131836 -0.4336443543434143 -1.453479290008545 96 135 78
-10.325813293457031 -0.7728620767593384 -1.4302021265029907 97 141 52
-9.719864845275879 0.3418933153152466 -1.4200654029846191 75 97 76
-8.953067779541016 -0.012105314061045647 -1.3943308591842651 103 139 65
-8.144161224365234 -0.30852100253105164 -1.3496626615524292 88 133 66
-7.712732791900635 -0.5767378807067871 -1.360419511795044 82 119 24
-7.237717151641846 0.2634383738040924 -1.33212411403656 109 156 62
-7.047024726867676 -0.005715368781238794 -1.364953637123108 99 122 76
-6.535890579223633 -0.2445114105939865 -1.3334065675735474 116 131 90
-6.403491020202637 -0.47816193103790283 -1.3755565881729126 104 117 63
-6.009617328643799 0.22220396995544434 -1.339047908782959 91 121 21
-5.650057792663574 -0.00024344863777514547 -1.3147056102752686 91 125 64
-33.997127532958984 1.2081849575042725 1.2890243530273438 204 233 237
-31.251501083374023 1.1313647031784058 0.041480742394924164 170 208 209
-20.898067474365234 0.7638549208641052 -0.7368417382240295 80 96 86
-25.48150634765625 0.0023626608308404684 -1.140174150466919 116 118 94
-38.9322395324707 -1.4028736352920532 -2.1173644065856934 67 80 71
-33.911399841308594 -2.4579806327819824 -2.177253246307373 72 93 62
-19.490394592285156 0.7233026623725891 -1.4001035690307617 44 92 30
-19.18525505065918 0.013833322562277317 -1.5651803016662598 90 131 35
-17.46668243408203 -0.6232848167419434 -1.5902968645095825 121 156 92
-15.188118934631348 -1.0979406833648682 -1.535770297050476 90 129 62
-13.638787269592285 0.5118662118911743 -1.4855817556381226 113 151 52
-12.538134574890137 0.01648077368736267 -1.4868720769882202 94 105 75
-11.344032287597656 -0.3994503617286682 -1.4555141925811768 82 119 50
-10.272805213928223 -0.7372085452079773 -1.4225400686264038 80 123 52
-9.7612886428833 0.3733380138874054 -1.426277995109558 82 94 94
-8.979741096496582 0.01540814433246851 -1.3984856605529785 98 134 64
-8.16183090209961 -0.28411710262298584 -1.3524401187896729 108 137 71
-7.719377517700195 -0.5534249544143677 -1.3612858057022095 96 129 50
-7.2162370681762695 0.2848275899887085 -1.3283252716064453 94 130 84
-7.049954414367676 0.015911271795630455 -1.3655240535736084 94 125 66
-6.550319671630859 -0.22492919862270355 -1.3362032175064087 104 152 53
-6.344458103179932 -0.4541851282119751 -1.3625696897506714 129 178 112
-5.9884257316589355 0.2398199439048767 -1.3344837427139282 77 120 90
-5.746455192565918 0.01738235540688038 -1.3371424674987793 68 99 65
-27.030153274536133 0.059958502650260925 0.7635208964347839 155 196 182
-27.259973526000977 0.07521744817495346 -0.2245723456144333 121 148 133
-20.70489501953125 0.8204081654548645 -0.7301159501075745 62 87 83
-26.06878662109375 0.08239542692899704 -1.1664578914642334 49 62 79
-34.228397369384766 -2.375417470932007 -2.1971275806427 83 109 62
-19.383438110351562 0.7788899540901184 -1.3925853967666626 78 96 58
-19.07648468017578 0.07228116691112518 -1.5563173294067383 89 136 40
-17.501358032226562 -0.570766031742096 -1.5932871103286743 104 151 55
-15.17255687713623 -1.0500338077545166 -1.5338637828826904 100 145 28
-13.378891944885254 0.5432208776473999 -1.4574477672576904 80 129 73
-12.6373291015625 0.055382344871759415 -1.4986484050750732 107 104 85
-11.353135108947754 -0.3649004101753235 -1.4565317630767822 99 144 75
-10.208805084228516 -0.7011410593986511 -1.4133731126785278 64 109 50
-9.758119583129883 0.40320175886154175 -1.425989031791687 63 72 77
-9.035972595214844 0.04322696104645729 -1.4072569608688354 108 140 55
-8.242534637451172 -0.26161065697669983 -1.365673542022705 107 146 67
-7.71514368057251 -0.5293351411819458 -1.3602463006973267 55 118 13
-7.227120876312256 0.307466983795166 -1.330496072769165 104 134 100
-7.015511512756348 0.037357185035943985 -1.3588684797286987 97 121 61
-6.558814525604248 -0.20507703721523285 -1.337801456451416 76 106 42
-6.3633809089660645 -0.4359213709831238 -1.3663400411605835 95 124 60
-5.904770851135254 0.25461673736572266 -1.3160096406936646 119 148 94
-5.74637508392334 0.035012148320674896 -1.3371424674987793 97 120 78
-25.147722244262695 0.14654292166233063 -0.20717397332191467 154 205 190
-20.680315017700195 0.8829881548881531 -0.7293413281440735 71 73 72
-23.60492515563965 0.14702856540679932 -1.0562266111373901 77 89 87
-31.402563095092773 -2.082521915435791 -2.01531720161438 78 102 54
-19.278316497802734 0.8339139223098755 -1.3852102756500244 54 79 58
-18.935644149780273 0.12984302639961243 -1.5448521375656128 96 143 41
-18.36707878112793 -0.5425955057144165 -1.6719410419464111 108 151 79
-14.709098815917969 -0.9726260900497437 -1.4867019653320312 99 138 55
-13.158661842346191 0.5747209191322327 -1.4336421489715576 101 128 59
-12.760232925415039 0.09507027268409729 -1.5132509469985962 96 115 83
-11.33932876586914 -0.3296354115009308 -1.4546239376068115 115 147 64
-10.20300006866455 -0.6692988276481628 -1.412278413772583 97 159 112
-9.731134414672852 0.4319963753223419 -1.4222326278686523 87 96 91
-9.04666519165039 0.07103406637907028 -1.408949613571167 86 123 54
-8.283731460571289 -0.23748081922531128 -1.3723721504211426 95 141 43
-7.7128005027771 -0.5054053664207458 -1.3595534563064575 122 154 21
-7.235968112945557 0.33008620142936707 -1.3323049545288086 97 116 70
-6.988857746124268 0.058657824993133545 -1.3537342548370361 99 128 44
-6.532967567443848 -0.1842082440853119 -1.332407832145691 108 162 102
-6.328587055206299 -0.4140348732471466 -1.3585898876190186 70 103 56
-5.999517440795898 0.27714526653289795 -1.3373092412948608 140 169 105
-5.753057956695557 0.05270406976342201 -1.338728904724121 107 141 67
-20.682659149169922 0.939431369304657 0.02746281772851944 171 197 188
-21.41028594970703 0.9799702167510986 -0.75518798828125 78 92 79
-19.61852264404297 0.18239092826843262 -0.8778719305992126 84 98 73
-31.429719924926758 -1.9874929189682007 -2.0166592597961426 77 104 63
-19.108280181884766 0.8852998614311218 -1.3731812238693237 87 125 76
-18.53450584411621 0.18395960330963135 -1.51216459274292 89 134 43
-18.376623153686523 -0.48645442724227905 -1.672666072845459 98 136 59
-14.616686820983887 -0.9214848875999451 -1.4770689010620117 90 129 64
-13.005894660949707 0.6080318093299866 -1.4171946048736572 99 140 46
-12.883011817932129 0.1355128437280655 -1.5278536081314087 93 106 89
-11.349210739135742 -0.29507729411125183 -1.4557685852050781 103 146 92
-10.201050758361816 -0.6377460956573486 -1.411731243133545 66 105 52
-9.709007263183594 0.46086379885673523 -1.4191986322402954 91 106 87
-9.05332088470459 0.09886403381824493 -1.4100267887115479 120 136 100
-8.320911407470703 -0.21299965679645538 -1.3784170150756836 102 141 35
-7.715297698974609 -0.481801837682724 -1.3597266674041748 68 111 57
-7.238851070404053 0.352475643157959 -1.3330285549163818 94 121 70
-6.935633659362793 0.07949148118495941 -1.343465805053711 101 127 54
-6.612843990325928 -0.16615810990333557 -1.348588466644287 104 130 93
-6.240042686462402 -0.3890196681022644 -1.339319109916687 82 121 42
-5.973290920257568 0.2943013608455658 -1.3316582441329956 76 115 84
-5.7587127685546875 0.07042542099952698 -1.3400887250900269 103 136 79
-33.673309326171875 1.6106340885162354 1.2773998975753784 221 255 255
-27.17538833618164 0.3104132115840912 0.767671525478363 212 250 253
-20.795543670654297 1.0084995031356812 0.02761668711900711 164 191 182
-27.273122787475586 0.32628780603408813 -0.22469590604305267 95 123 137
-19.733213424682617 0.9638852477073669 -0.6961349844932556 84 95 87
-23.058164596557617 0.2851187586784363 -1.0318201780319214 90 106 79
-38.91457748413086 -0.9242507815361023 -2.1156277656555176 67 77 69
-31.87796401977539 -1.9176653623580933 -2.0450332164764404 71 102 45
-19.079570770263672 0.9426392912864685 -1.3713195323944092 70 94 58
-18.525882720947266 0.24071821570396423 -1.5115141868591309 82 127 42
-18.35413360595703 -0.4295142889022827 -1.670491337776184 104 148 63
-14.63037109375 -0.8772923350334167 -1.4781726598739624 94 138 41
-12.75375747680664 0.6354635953903198 -1.3899261951446533 80 125 30
-13.034457206726074 0.17710091173648834 -1.5458712577819824 86 102 75
-11.320314407348633 -0.25957489013671875 -1.4519530534744263 94 132 55
-10.176259994506836 -0.6048597097396851 -1.4080369472503662 74 128 34
-9.69173526763916 0.4898492097854614 -1.4168869256973267 99 108 81
-9.057914733886719 0.12670786678791046 -1.4107962846755981 79 118 61
-8.342238426208496 -0.18793708086013794 -1.3818479776382446 106 146 47
-7.7059245109558105 -0.4574873149394989 -1.3578211069107056 101 130 64
-7.235771179199219 0.3745807707309723 -1.3326667547225952 81 105 55
-6.92750358581543 0.1006552204489708 -1.3419444561004639 96 110 57
-6.665241718292236 -0.1470145881175995 -1.3591758012771606 123 162 99
-6.1943535804748535 -0.36709699034690857 -1.329264760017395 67 102 60
-5.968461036682129 0.31242164969444275 -1.3307888507843018 83 106 60
-5.740940570831299 0.08782440423965454 -1.3360093832015991 104 146 72
-33.32789611816406 1.696610450744629 1.2644879817962646 196 229 236
-20.65852928161621 1.065393090248108 0.027438942342996597 152 178 165
-27.206003189086914 0.4089670479297638 -0.22415220737457275 52 64 80
-20.595460891723633 1.069348931312561 -0.7266650795936584 81 94 85
-22.89036750793457 0.3532842993736267 -1.024355173110962 80 93 84
-28.285198211669922 -0.5849741697311401 -1.5376466512680054 72 80 83
-31.884693145751953 -1.8199130296707153 -2.0450971126556396 70 105 37
-18.57556915283203 0.9748758673667908 -1.335303783416748 84 91 75
-18.30481719970703 0.29401615262031555 -1.493544101715088 94 129 49
-18.244844436645508 -0.3709554374217987 -1.660433053970337 87 129 57
-14.631007194519043 -0.8322898745536804 -1.4779720306396484 89 119 49
-12.648502349853516 0.6691266894340515 -1.3786725997924805 94 126 63
-13.03087329864502 0.21703960001468658 -1.545517921447754 108 132 108
-11.243705749511719 -0.22330719232559204 -1.4420325756072998 104 143 37
-10.137517929077148 -0.571351170539856 -1.402427315711975 102 140 31
-9.682282447814941 0.5191569328308105 -1.4157311916351318 91 119 71
-9.051556587219238 0.1543954610824585 -1.4098730087280273 96 138 72
-8.420700073242188 -0.16385889053344727 -1.3947548866271973 98 124 63
-7.6394429206848145 -0.43002447485923767 -1.3458678722381592 92 134 52
-7.247354030609131 0.3974781930446625 -1.3350183963775635 58 108 59
-6.92225456237793 0.12182166427373886 -1.3409937620162964 93 121 60
-6.689173698425293 -0.12701165676116943 -1.363970160484314 61 82 49
-6.171043395996094 -0.3467199504375458 -1.3240281343460083 63 105 55
-5.953829765319824 0.3299749791622162 -1.3277461528778076 91 120 64
-5.770832061767578 0.1059914082288742 -1.3430349826812744 94 121 50
-33.278629302978516 1.7964810132980347 1.2628220319747925 180 199 206
-25.129405975341797 1.3820749521255493 -0.8867806792259216 85 100 81
-22.325838088989258 0.41308605670928955 -0.9991441965103149 79 89 78
-27.21760368347168 -0.4793616831302643 -1.479522943496704 77 92 71
-32.08444595336914 -1.732576847076416 -2.05755877494812 68 100 37
-18.443025588989258 1.0246673822402954 -1.3259955644607544 72 90 66
-18.11150360107422 0.34649375081062317 -1.4778509140014648 100 131 72
-18.191131591796875 -0.3140338957309723 -1.6554491519927979 90 132 69
-14.645413398742676 -0.7880401611328125 -1.4791761636734009 78 120 36
-12.402217864990234 0.6942601799964905 -1.3520536422729492 87 124 54
-13.026174545288086 0.2569383978843689 -1.5450469255447388 86 105 73
-11.306818962097168 -0.18986009061336517 -1.4500453472137451 94 130 69
-10.13823413848877 -0.5401943325996399 -1.4022904634475708 63 102 39
-9.70040225982666 0.5499795079231262 -1.4186205863952637 85 114 70
-9.052027702331543 0.1821843981742859 -1.4100267887115479 110 146 82
-8.425108909606934 -0.13808844983577728 -1.395408272743225 94 125 49
-7.651544094085693 -0.4071606397628784 -1.3477733135223389 118 158 105
-7.251009941101074 0.4199952483177185 -1.3359228372573853 76 90 73
-6.921848297119141 0.14305827021598816 -1.3409937620162964 97 125 38
-6.706186771392822 -0.10675409436225891 -1.367366075515747 99 116 64
-6.216994285583496 -0.33017122745513916 -1.3336634635925293 81 117 43
-5.976175785064697 0.3496076166629791 -1.3329623937606812 104 130 82
-5.734450817108154 0.12292326241731644 -1.3346495628356934 99 126 33
-33.31885528564453 1.9011887311935425 1.2645639181137085 202 222 210
-21.24300193786621 1.233710527420044 -0.7497650980949402 89 101 97
-22.65205955505371 0.48864564299583435 -1.013805866241455 83 101 77
-27.602340698242188 -0.4014328718185425 -1.5003628730773926 80 91 83
-32.511199951171875 -1.6556041240692139 -2.0845906734466553 75 110 44
-18.42486000061035 1.080369234085083 -1.3249216079711914 73 92 73
-17.703805923461914 0.39303186535835266 -1.4446754455566406 78 119 41
-18.06454849243164 -0.2564135789871216 -1.6438504457473755 87 128 36
-14.78190803527832 -0.7499103546142578 -1.4927226305007935 82 130 46
-12.366287231445312 0.7303136587142944 -1.348374605178833 91 128 58
-12.927040100097656 0.2946605980396271 -1.533388376235962 114 129 108
-11.503721237182617 -0.15786519646644592 -1.4752280712127686 88 124 60
-10.190299987792969 -0.511621356010437 -1.4092682600021362 95 136 94
-9.68484115600586 0.578910768032074 -1.4165979623794556 90 107 53
-9.052413940429688 0.20997768640518188 -1.4101808071136475 105 134 76
-8.429438591003418 -0.11229249089956284 -1.3960617780685425 125 160 92
-7.632101058959961 -0.3826484680175781 -1.3441354036331177 102 119 65
-7.362580299377441 0.44912564754486084 -1.356726050376892 97 113 113
-6.916469097137451 0.1641770303249359 -1.3400429487228394 96 123 54
-6.710402011871338 -0.08622965961694717 -1.368165135383606 86 122 48
-6.223837852478027 -0.31138938665390015 -1.3349202871322632 71 120 73
-5.988714694976807 0.3687805235385895 -1.3360050916671753 99 127 79
-5.760336399078369 0.14115996658802032 -1.3407686948776245 83 117 57
-29.391691207885742 1.7871497869491577 0.03905864432454109 104 123 130
-21.265052795410156 1.300463318824768 -0.7506806254386902 77 90 81
-22.83321762084961 0.5626423954963684 -1.0219861268997192 72 74 71
-27.49460792541504 -0.31549933552742004 -1.4944472312927246 82 91 86
-32.593875885009766 -1.5595736503601074 -2.0895752906799316 80 107 54
-18.382631301879883 1.1344945430755615 -1.3221290111541748 73 101 61
-17.665651321411133 0.44641295075416565 -1.4416669607162476 83 121 36
-17.658954620361328 -0.19647075235843658 -1.606879472732544 93 137 50
-15.088250160217285 -0.7190493941307068 -1.5234280824661255 94 133 52
-12.266752243041992 0.762207567691803 -1.3377702236175537 111 158 90
-12.876439094543457 0.33303505182266235 -1.5275002717971802 97 120 78
-11.556717872619629 -0.12313159555196762 -1.481968879699707 100 131 72
-10.22645378112793 -0.4819878041744232 -1.4140570163726807 84 121 67
-9.65141773223877 0.6066343784332275 -1.4119747877120972 102 124 52
-9.054691314697266 0.23782695829868317 -1.4106425046920776 95 125 53
-8.45341968536377 -0.0866735652089119 -1.3999828100204468 104 135 67
-7.658817768096924 -0.36043548583984375 -1.3486396074295044 104 143 54
-7.40631628036499 0.4746047854423523 -1.3650473356246948 60 78 78
-6.915933132171631 0.18539568781852722 -1.3400429487228394 148 205 150
-6.729251384735107 -0.06582413613796234 -1.3719606399536133 103 135 86
-6.265787124633789 -0.2942197620868683 -1.3437179327011108 90 120 58
-6.01580286026001 0.38897839188575745 -1.3423080444335938 95 107 85
-5.770585536956787 0.15912708640098572 -1.3432615995407104 109 128 72
-33.48308181762695 2.116752862930298 1.2712658643722534 185 234 248
-21.10737419128418 1.3558317422866821 -0.7452577948570251 84 91 83
-20.695341110229492 0.5734982490539551 -0.9263718724250793 92 108 98
-32.87067413330078 -1.4717557430267334 -2.1070213317871094 71 105 44
-18.370107650756836 1.1903059482574463 -1.3214846849441528 78 105 60
-17.561580657958984 0.4977000653743744 -1.4332917928695679 95 127 54
-17.453332901000977 -0.14063189923763275 -1.588122010231018 95 132 26
-15.019813537597656 -0.6696096658706665 -1.516303539276123 112 142 52
-12.135393142700195 0.7914273142814636 -1.3237032890319824 88 129 63
-12.840615272521973 0.3715326189994812 -1.523378610610962 99 123 71
-11.54910659790039 -0.08761531114578247 -1.4809514284133911 90 118 59
-10.315962791442871 -0.4544917047023773 -1.4262343645095825 92 125 80
-9.614953994750977 0.6339631080627441 -1.4069180488586426 112 132 83
-9.058856964111328 0.26575011014938354 -1.4114118814468384 124 157 86
-8.450685501098633 -0.06071716919541359 -1.399492621421814 95 128 41
-7.678582191467285 -0.33775919675827026 -1.351931095123291 97 136 57
-7.427394866943359 0.4988406300544739 -1.3692078590393066 86 92 80
-6.9094438552856445 0.20643667876720428 -1.3389019966125488 97 131 57
-6.716683864593506 -0.04509325698018074 -1.3693636655807495 85 122 45
-6.275452136993408 -0.2753809988498688 -1.3456029891967773 96 122 75
-6.028214931488037 0.40835636854171753 -1.3453508615493774 90 117 102
-5.779805660247803 0.1771285980939865 -1.34552800655365 86 120 59
-25.342449188232422 0.7699099779129028 -0.20887097716331482 95 104 121
-22.149337768554688 0.6818020939826965 -0.9915451407432556 96 108 96
-24.729150772094727 -0.13201846182346344 -1.344063639640808 84 97 79
-32.86008071899414 -1.370279312133789 -2.106062650680542 79 108 64
-18.37432861328125 1.2471994161605835 -1.3220574855804443 94 112 74
-17.443416595458984 0.5479147434234619 -1.4237781763076782 93 138 53
-17.441730499267578 -0.08702553808689117 -1.5870345830917358 87 125 52
-15.067524909973145 -0.6254244446754456 -1.5209193229675293 100 145 60
-11.996036529541016 0.8193064332008362 -1.3087705373764038 93 130 79
-12.805668830871582 0.4098452627658844 -1.5193746089935303 100 133 80
-11.558247566223145 -0.052223075181245804 -1.4820960760116577 104 139 83
-10.334135055541992 -0.4235302209854126 -1.4285603761672974 103 137 51
-9.536951065063477 0.6582123041152954 -1.3957931995391846 98 129 62
-9.075775146484375 0.2941170930862427 -1.4141817092895508 90 112 66
-8.44688606262207 -0.034774299710989 -1.3988392353057861 140 166 92
-7.726816654205322 -0.3161325752735138 -1.3602463006973267 85 118 61
-7.421905517578125 0.5213495492935181 -1.368484377861023 64 65 60
-6.891115665435791 0.22705164551734924 -1.3354790210723877 113 159 86
-6.704052448272705 -0.024440111592411995 -1.3667668104171753 109 144 64
-6.287991523742676 -0.2566053569316864 -1.3481166362762451 92 134 32
-6.058091163635254 0.429055392742157 -1.3523057699203491 89 107 83
-5.791889667510986 0.19528663158416748 -1.348474144935608 129 154 112
-15.240039825439453 1.037867784500122 2.84490704536438 255 253 254
-30.92918586730957 2.1665258407592773 0.04112657904624939 68 75 85
-21.1574764251709 1.4894593954086304 -0.7473353743553162 76 87 91
-19.7429256439209 0.6683616042137146 -0.8839064240455627 77 78 80
-25.00103759765625 -0.0567665621638298 -1.3588253259658813 60 76 73
-27.170047760009766 -1.049511432647705 -1.7411636114120483 79 109 59
-16.43726348876953 1.1663886308670044 -1.1829348802566528 84 93 74
-17.348020553588867 0.598199188709259 -1.4161348342895508 77 126 34
-17.233776092529297 -0.0331147126853466 -1.5680960416793823 101 152 47
-14.99778938293457 -0.5764436721801758 -1.5136946439743042 100 136 66
-11.978592872619629 0.8550441861152649 -1.30714750289917 91 127 65
-12.787479400634766 0.44853878021240234 -1.5173726081848145 99 131 66
-11.543475151062012 -0.01674104668200016 -1.480188250541687 92 117 87
-10.333404541015625 -0.39174848794937134 -1.4282865524291992 118 146 108
-9.398689270019531 0.6776481866836548 -1.3758554458618164 100 128 67
-9.087666511535645 0.32241523265838623 -1.4161821603775024 75 76 68
-8.436100959777832 -0.008848071098327637 -1.397042155265808 98 140 66
-7.769085884094238 -0.29398971796035767 -1.3675222396850586 111 136 81
-7.423213481903076 0.5443329811096191 -1.369027018547058 79 88 87
-6.8580098152160645 0.2470260113477707 -1.3292038440704346 80 106 35
-6.650204181671143 -0.003841124475002289 -1.3557798862457275 88 126 49
-6.286795139312744 -0.23723910748958588 -1.3476977348327637 83 86 55
-6.081082344055176 0.4494379460811615 -1.3577393293380737 68 80 68
-5.792236328125 0.21309077739715576 -1.348700761795044 61 79 41
-17.7148380279541 1.2765554189682007 1.3232821226119995 189 226 218
-30.728910446166992 2.247255325317383 0.040869247168302536 116 152 142
-20.817413330078125 0.7603156566619873 -0.17161113023757935 98 118 125
-27.952552795410156 0.00814123172312975 -0.4986499845981598 78 88 90
-20.892669677734375 1.5352470874786377 -0.7381446957588196 89 110 95
-20.69617462158203 0.7642068266868591 -0.9266847968101501 89 102 95
-24.722505569458008 0.019713662564754486 -1.3436837196350098 80 91 87
-26.66649627685547 -0.9481360912322998 -1.7086995840072632 82 100 78
-16.460466384887695 1.2188005447387695 -1.1848682165145874 100 119 89
-17.328174591064453 0.6507460474967957 -1.4146711826324463 85 124 41
-17.21288299560547 0.019733944907784462 -1.5661931037902832 96 141 46
-15.05417537689209 -0.5323623418807983 -1.5192134380340576 94 124 60
-11.905525207519531 0.8865485191345215 -1.2994648218154907 97 139 41
-12.668949127197266 0.48330116271972656 -1.503476619720459 92 121 63
-11.522643089294434 0.018640218302607536 -1.4775173664093018 91 119 70
-10.350399017333984 -0.36059606075286865 -1.4304758310317993 91 132 56
-9.300853729248047 0.6992836594581604 -1.3618412017822266 98 130 57
-9.121192932128906 0.35162651538848877 -1.4215681552886963 72 74 69
-8.430169105529785 0.01702161133289337 -1.3960617780685425 96 128 65
-7.770935535430908 -0.2701873481273651 -1.3676955699920654 84 133 42
-7.400915145874023 0.5655308961868286 -1.3652281761169434 72 88 75
-6.893517017364502 0.26948386430740356 -1.3362396955490112 87 113 68
-6.613931179046631 0.016471147537231445 -1.3483887910842896 102 134 27
-6.2806525230407715 -0.21771325170993805 -1.346231460571289 82 127 62
-6.103032112121582 0.46989068388938904 -1.3629556894302368 73 80 72
-5.787662982940674 0.23070494830608368 -1.3477942943572998 74 93 37
-18.161314010620117 1.3647493124008179 1.3569399118423462 149 167 171
-25.38824462890625 1.005259394645691 -0.20931580662727356 83 103 104
-27.86741065979004 0.09361293166875839 -0.49713391065597534 84 108 110
-20.887861251831055 1.5993376970291138 -0.7381446957588196 94 113 109
-20.88239288330078 0.8352441191673279 -0.9351330995559692 54 64 74
-24.3039493560791 0.09394395351409912 -1.3209445476531982 64 73 70
-26.652324676513672 -0.8657691478729248 -1.707613229751587 82 116 40
-16.459632873535156 1.2695249319076538 -1.185083031654358 73 90 71
-17.18368911743164 0.6981194615364075 -1.4030436277389526 61 101 49
-17.11414909362793 0.07212672382593155 -1.5572223663330078 87 129 17
-15.05971622467041 -0.4863027334213257 -1.5196149349212646 90 129 62
-11.79966926574707 0.9150760173797607 -1.2882112264633179 95 143 41
-12.525522232055664 0.5163180232048035 -1.4866365194320679 80 118 45
-11.502693176269531 0.053898148238658905 -1.4749736785888672 102 139 62
-10.374228477478027 -0.3295632004737854 -1.4336227178573608 102 128 63
-9.291759490966797 0.7272745370864868 -1.3608298301696777 102 135 80
-9.181279182434082 0.3821559548377991 -1.431108832359314 68 69 64
-8.390615463256836 0.042684175074100494 -1.3895267248153687 100 126 55
-7.817994117736816 -0.2478117048740387 -1.3758375644683838 66 88 52
-7.3932623863220215 0.5877662301063538 -1.3641427755355835 69 83 60
-6.906390190124512 0.2912106513977051 -1.3389019966125488 96 113 71
-6.591312885284424 0.03663706034421921 -1.3437942266464233 108 131 89
-6.280313491821289 -0.19841256737709045 -1.3460218906402588 90 116 55
-6.111291408538818 0.4893914461135864 -1.365128993988037 64 71 77
-5.776223659515381 0.2480005919933319 -1.3453013896942139 103 116 86
-18.25646209716797 1.4282387495040894 1.3643699884414673 187 233 249
-15.272858619689941 1.2009942531585693 0.5805020332336426 148 184 182
-15.767483711242676 1.250412106513977 0.020980456843972206 76 82 82
-32.953895568847656 1.406097412109375 -0.2717258334159851 99 130 125
-25.072494506835938 0.16114753484725952 -0.4472813904285431 98 116 118
-18.333518981933594 1.4603469371795654 -0.6480334401130676 86 96 105
-19.741926193237305 0.8503003120422363 -0.884174644947052 80 92 88
-24.49126625061035 0.1698085069656372 -1.331147313117981 68 69 71
-27.14264488220215 -0.7983441948890686 -1.7388628721237183 67 100 55
-16.456653594970703 1.3200961351394653 -1.1851545572280884 90 98 61
-16.90962791442871 0.7389556169509888 -1.380845308303833 67 110 39
-16.746374130249023 0.12195572257041931 -1.5237852334976196 90 135 44
-15.22722339630127 -0.44495105743408203 -1.536372423171997 83 109 62
-11.792842864990234 0.9509530067443848 -1.287778377532959 99 137 76
-12.391934394836426 0.5488988161087036 -1.470974087715149 87 117 63
-11.617528915405273 0.09007976949214935 -1.489727258682251 83 116 71
-10.379151344299316 -0.2978476285934448 -1.4341700077056885 112 149 71
-9.299346923828125 0.7565802335739136 -1.3622746467590332 95 115 54
-9.166244506835938 0.4097042381763458 -1.4289544820785522 58 64 64
-8.314481735229492 0.06780652701854706 -1.3769466876983643 101 128 87
-7.828562259674072 -0.22410708665847778 -1.3775699138641357 70 104 67
-7.391424655914307 0.6104456782341003 -1.3641427755355835 91 101 77
-6.903502941131592 0.31230905652046204 -1.3385215997695923 101 119 67
-6.586270332336426 0.05681648850440979 -1.3427953720092773 87 126 47
-6.276005744934082 -0.17900453507900238 -1.3449746370315552 84 107 53
-6.126297950744629 0.5095136761665344 -1.3688238859176636 76 87 81
-5.7676520347595215 0.2653625011444092 -1.343488335609436 65 91 54
-15.668482780456543 1.2804838418960571 0.5956857800483704 142 190 190
-29.24787139892578 2.4097681045532227 0.03892732784152031 83 91 93
-20.764583587646484 0.949825644493103 -0.1712404191493988 78 93 96
-25.186859130859375 0.23915985226631165 -0.4493325650691986 61 71 73
-16.337995529174805 1.3518494367599487 -0.5776416659355164 80 91 95
-25.175992965698242 1.1617425680160522 -1.1277025938034058 95 96 98
-24.008365631103516 0.24012243747711182 -1.3049347400665283 75 84 79
-26.888580322265625 -0.7083141207695007 -1.7224392890930176 60 92 53
-16.321319580078125 1.3596481084823608 -1.1757031679153442 85 97 73
-16.894338607788086 0.7902247905731201 -1.3797881603240967 83 120 51
-16.664264678955078 0.17248709499835968 -1.5163547992706299 93 134 38
-15.297144889831543 -0.40002715587615967 -1.543296217918396 87 113 66
-11.734392166137695 0.982483446598053 -1.2817186117172241 96 142 77
-12.296950340270996 0.5824974179267883 -1.459904432296753 86 127 51
-11.55768871307373 0.12507741153240204 -1.4820960760116577 70 89 69
-10.405762672424316 -0.26666322350502014 -1.4377273321151733 105 138 67
-9.280220031738281 0.7836911082267761 -1.359818458557129 99 123 65
-9.1915922164917 0.43909698724746704 -1.4331092834472656 79 95 85
-8.377370834350586 0.09402328729629517 -1.387402892112732 80 115 31
-7.837089538574219 -0.20028965175151825 -1.3789558410644531 87 112 70
-7.3885369300842285 0.63303542137146 -1.363961935043335 95 106 98
-6.913298606872559 0.3340083658695221 -1.3406133651733398 76 101 71
-6.5890045166015625 0.07705698907375336 -1.3433947563171387 70 111 53
-6.291187763214111 -0.1601223647594452 -1.3481166362762451 73 106 77
-6.127623081207275 0.5285581350326538 -1.3694758415222168 84 93 92
-5.7677836418151855 0.28310391306877136 -1.343714952468872 57 84 49
-15.592646598815918 1.3024483919143677 2.914116382598877 254 255 255
-15.862821578979492 1.3283616304397583 2.3645286560058594 190 231 249
-12.805251121520996 1.0777205228805542 1.4314252138137817 245 255 254
-15.654523849487305 1.327703595161438 0.5953071117401123 185 212 221
-33.950904846191406 1.6389826536178589 0.9601259231567383 204 239 243
-27.807565689086914 2.3770132064819336 0.037019889801740646 0 28 53
-20.69565200805664 1.010308027267456 -0.17069672048091888 78 102 102
-27.39048194885254 0.3441274166107178 -0.48866164684295654 71 72 74
-20.508817672729492 1.760321855545044 -0.7252916693687439 70 79 78
-21.619173049926758 1.0640912055969238 -0.9685243964195251 94 102 91
-22.57175636291504 0.29501256346702576 -1.2268935441970825 73 82 77
-26.450647354125977 -0.615578293800354 -1.6942570209503174 60 76 65
-16.264404296875 1.4051645994186401 -1.1719082593917847 78 86 89
-17.08993148803711 0.8519271612167358 -1.3959693908691406 88 131 59
-16.582996368408203 0.22252912819385529 -1.5090148448944092 96 137 58
-15.271443367004395 -0.3524744212627411 -1.5405868291854858 86 99 71
-11.719437599182129 1.017447590827942 -1.280420184135437 74 119 28
-12.118569374084473 0.611315906047821 -1.4389426708221436 92 131 66
-11.610807418823242 0.16127923130989075 -1.4889642000198364 87 96 77
-10.417425155639648 -0.23498328030109406 -1.439232349395752 90 133 62
-9.242284774780273 0.8090522885322571 -1.3546172380447388 100 126 55
-9.18526840209961 0.4670434594154358 -1.4323399066925049 82 99 83
-8.320815086364746 0.11892064660787582 -1.378090262413025 96 133 38
-7.869175434112549 -0.17695337533950806 -1.384499430656433 95 135 72
-7.37284517288208 0.6544826626777649 -1.3614293336868286 125 140 97
-6.925967693328857 0.3559218943119049 -1.343275547027588 79 113 63
-6.592656135559082 0.09732925891876221 -1.344193696975708 89 120 76
-6.287738800048828 -0.14073298871517181 -1.3472787141799927 81 104 62
-6.140556335449219 0.5486579537391663 -1.3727360963821411 50 42 57
-5.794122219085693 0.3022184371948242 -1.3500605821609497 76 99 57
-13.043466567993164 1.1380802392959595 1.4584375619888306 246 255 254
-14.867827415466309 1.3009215593338013 1.1119730472564697 187 228 248
-15.811638832092285 1.3899003267288208 0.6014412045478821 89 107 127
-27.134170532226562 0.40948593616485596 0.5073217153549194 176 240 249
-27.345922470092773 2.4220831394195557 0.03641502931714058 75 101 100
-20.565631866455078 1.0672153234481812 -0.16965052485466003 115 139 125
-27.175355911254883 0.42481422424316406 -0.4848446846008301 60 73 82
-47.55591583251953 -0.9840362668037415 -1.3053783178329468 66 76 85
-16.05962562561035 1.4280833005905151 -0.5680988430976868 99 110 104
-22.843307495117188 0.3686591386795044 -1.2417094707489014 69 77 79
-26.19598960876465 -0.5292453765869141 -1.6778333187103271 70 88 62
-16.22723388671875 1.4521228075027466 -1.1695455312728882 98 113 92
-16.83045196533203 0.8907637596130371 -1.3749909400939941 80 101 60
-16.406984329223633 0.27051448822021484 -1.4930667877197266 99 141 55
-15.307269096374512 -0.30631735920906067 -1.5440988540649414 89 108 78
-11.694478988647461 1.0514391660690308 -1.2780396938323975 111 150 67
-11.766592979431152 0.6297576427459717 -1.3973723649978638 92 135 55
-11.744142532348633 0.19917050004005432 -1.506134271621704 71 82 76
-10.4874267578125 -0.20437300205230713 -1.4488099813461304 101 134 65
-9.195412635803223 0.8333843350410461 -1.3481158018112183 100 121 62
-9.16800594329834 0.4943700134754181 -1.429877758026123 72 75 54
-8.285886764526367 0.14384861290454865 -1.3723721504211426 108 145 68
-7.878543376922607 -0.15298233926296234 -1.3860584497451782 129 162 73
-7.344359397888184 0.6746700406074524 -1.3565452098846436 81 107 70
-6.937587261199951 0.3778628706932068 -1.3457475900650024 88 104 67
-6.598204612731934 0.11765960603952408 -1.3453922271728516 121 134 81
-6.321380615234375 -0.12208376079797745 -1.3544005155563354 108 139 95
-6.159255027770996 0.5693811774253845 -1.3773002624511719 61 62 56
-5.816507816314697 0.3212823271751404 -1.3554998636245728 72 101 55
-15.599048614501953 1.399416208267212 2.916862726211548 248 255 255
-15.719404220581055 1.4135323762893677 2.3443994522094727 185 233 245
-12.922124862670898 1.167449951171875 1.4452635049819946 244 254 253
-14.867738723754883 1.3468891382217407 1.1122702360153198 196 238 254
-16.044151306152344 1.4599556922912598 0.6104530096054077 118 150 163
-27.09379768371582 0.49202242493629456 0.5065926909446716 203 233 223
-16.509769439697266 1.5133662223815918 0.02199121192097664 134 148 157
-20.801889419555664 1.143477201461792 -0.17162761092185974 114 151 167
-16.071090698242188 1.4788118600845337 -0.5686622262001038 93 102 99
-20.979839324951172 1.1617064476013184 -0.9401842951774597 85 97 97
-22.263031005859375 0.42761778831481934 -1.2102326154708862 64 74 73
-25.80535125732422 -0.44215571880340576 -1.6527186632156372 76 90 64
-16.123382568359375 1.4927054643630981 -1.1623852252960205 81 91 64
-16.675382614135742 0.933867871761322 -1.3625500202178955 72 119 51
-16.203950881958008 0.3168962001800537 -1.474671721458435 86 128 52
-15.42950439453125 -0.26141008734703064 -1.5563409328460693 83 110 69
-11.691197395324707 1.0873123407363892 -1.2780396938323975 92 125 68
-11.751717567443848 0.6651245951652527 -1.3958414793014526 97 127 63
-11.802976608276367 0.23639176785945892 -1.5137653350830078 92 90 91
-10.499890327453613 -0.17239221930503845 -1.4504518508911133 107 141 80
-9.145523071289062 0.8571593165397644 -1.3411808013916016 93 128 44
-9.139810562133789 0.5209764838218689 -1.4257229566574097 89 98 81
-8.278501510620117 0.16912762820720673 -1.3712284564971924 109 133 55
-7.840570449829102 -0.12818270921707153 -1.3793022632598877 127 152 60
-7.32854700088501 0.6958974003791809 -1.3540124893188477 90 115 73
-6.960898399353027 0.4005553424358368 -1.350501537322998 76 95 65
-6.586057186126709 0.13765636086463928 -1.342995285987854 75 113 38
-6.332479953765869 -0.10286416858434677 -1.3567047119140625 55 87 46
-6.160394191741943 0.5885533094406128 -1.377952218055725 88 78 79
-5.782435894012451 0.33719781041145325 -1.3477942943572998 121 152 120
-15.878487586975098 1.4769597053527832 2.3687896728515625 197 247 246
-18.058652877807617 1.691832184791565 1.3513675928115845 179 214 234
-16.043577194213867 1.5095460414886475 0.610604465007782 131 146 143
-28.917675018310547 1.6629043817520142 0.8181851506233215 141 178 171
-16.484142303466797 1.562029242515564 0.02196335792541504 102 127 132
-28.922332763671875 1.6788729429244995 -0.2386673241853714 118 142 120
-17.03052520751953 1.6198025941848755 -0.6027840375900269 85 96 90
-20.52838897705078 1.1998929977416992 -0.9201138615608215 87 93 89
-22.86656951904297 0.5093942880630493 -1.2431204319000244 70 80 81
-25.694826126098633 -0.3614119589328766 -1.6455612182617188 76 86 59
-15.444548606872559 1.4776618480682373 -1.1137675046920776 71 85 68
-16.707263946533203 0.9870803356170654 -1.3653960227966309 72 111 48
-16.031654357910156 0.36273306608200073 -1.4590860605239868 96 131 31
-15.61428165435791 -0.21662521362304688 -1.5749046802520752 80 106 58
-11.544319152832031 1.1093864440917969 -1.2623494863510132 80 123 43
-11.674283981323242 0.6966793537139893 -1.386891484260559 92 119 52
-11.821036338806152 0.2730368375778198 -1.5161818265914917 147 161 146
-10.502349853515625 -0.14020463824272156 -1.4507254362106323 123 164 72
-9.050270080566406 0.8762496709823608 -1.3276000022888184 91 134 54
-9.129292488098145 0.548481285572052 -1.4243379831314087 121 134 108
-8.274984359741211 0.1944553703069687 -1.3707382678985596 115 164 85
-7.815321922302246 -0.10378754884004593 -1.3747981786727905 104 122 72
-7.312674522399902 0.7170341610908508 -1.3514800071716309 91 111 74
-6.984135627746582 0.4233943819999695 -1.3552554845809937 86 100 85
-6.552298545837402 0.1570630967617035 -1.3362032175064087 102 133 73
-6.3415656089782715 -0.08355184644460678 -1.3585898876190186 102 147 46
-6.1362175941467285 0.6052467226982117 -1.3729534149169922 57 55 68
-5.766791343688965 0.3540412187576294 -1.3443948030471802 78 107 61
-15.822098731994629 1.5173460245132446 2.9602560997009277 236 251 255
-15.990065574645996 1.5368340015411377 2.386127471923828 186 224 233
-12.664437294006348 1.2225559949874878 1.4172550439834595 237 253 252
-18.023597717285156 1.7443453073501587 1.3491384983062744 184 226 250
-16.035886764526367 1.5584698915481567 0.6104908585548401 99 126 119
-26.846744537353516 2.627113103866577 0.03578098490834236 114 132 144
-20.787281036376953 0.5163571238517761 -0.3709419369697571 72 79 89
-16.074644088745117 1.5786643028259277 -0.5691199898719788 89 99 101
-21.198659896850586 1.3043413162231445 -0.9503312706947327 86 97 99
-22.570430755615234 0.5720817446708679 -1.227110743522644 77 81 84
-25.371498107910156 -0.27901309728622437 -1.6247919797897339 67 89 68
-15.45185375213623 1.5262147188186646 -1.1146267652511597 91 92 86
-16.504209518432617 1.0259040594100952 -1.3490523099899292 84 111 30
-15.981683731079102 0.41066229343414307 -1.4546458721160889 81 119 62
-15.682525634765625 -0.1694512516260147 -1.5817279815673828 84 116 67
-11.470623016357422 1.1378313302993774 -1.254666805267334 88 129 73
-11.618573188781738 0.729133665561676 -1.3805323839187622 88 124 63
-11.817168235778809 0.3092241585254669 -1.5158002376556396 87 116 96
-10.506692886352539 -0.10802395641803741 -1.45127272605896 107 156 67
-8.971724510192871 0.8964362144470215 -1.3164753913879395 117 163 75
-9.091079711914062 0.5741825103759766 -1.4186444282531738 105 134 104
-8.282238960266113 0.22005139291286469 -1.3720453977584839 99 124 59
-7.848103046417236 -0.08014186471700668 -1.3805149793624878 76 109 78
-7.296741008758545 0.7380800247192383 -1.3489474058151245 97 127 93
-6.985743045806885 0.4450066387653351 -1.3558259010314941 101 123 102
-6.514565467834473 0.17615807056427002 -1.3286124467849731 86 113 70
-6.348636627197266 -0.06416498124599457 -1.3600561618804932 61 85 33
-6.129476547241211 0.6235755085945129 -1.3718667030334473 96 101 107
-5.764706134796143 0.37166914343833923 -1.3441681861877441 83 112 48
-15.86530590057373 1.570626139640808 2.9692275524139404 251 255 253
-16.1043758392334 1.5976994037628174 2.4039056301116943 169 207 208
-18.052892684936523 1.8031015396118164 1.3517390489578247 196 239 255
-15.654190063476562 1.569869041442871 0.5961401462554932 110 119 136
-29.403724670410156 1.8719362020492554 0.8322465419769287 111 134 126
-33.067840576171875 0.9050232768058777 0.6184232831001282 215 250 254
-27.188777923583984 2.744821548461914 0.036247897893190384 125 155 153
-20.89154052734375 0.5830860137939453 -0.37283259630203247 73 90 97
-15.934501647949219 1.6142741441726685 -0.5643309950828552 79 84 78
-18.43408203125 1.1910185813903809 -0.8265557885169983 83 98 95
-21.87886619567871 0.6217250823974609 -1.1896098852157593 67 76 71
-25.352275848388672 -0.20101489126682281 -1.6235138177871704 83 97 62
-15.40542221069336 1.569367527961731 -1.111619472503662 104 119 86
-16.410476684570312 1.0706286430358887 -1.341652750968933 91 126 36
-15.185959815979004 0.4368400573730469 -1.3823349475860596 86 121 41
-15.691926002502441 -0.12140641361474991 -1.5826311111450195 86 112 65
-11.444332122802734 1.1706905364990234 -1.2521780729293823 91 136 97
-11.496382713317871 0.756881833076477 -1.3662830591201782 106 134 73
-11.727924346923828 0.34289732575416565 -1.5044807195663452 94 113 85
-10.514900207519531 -0.07584653049707413 -1.4523673057556152 102 138 50
-8.840973854064941 0.910774827003479 -1.2976932525634766 84 124 35
-9.079416275024414 0.6014177799224854 -1.4171055555343628 97 114 78
-8.284482955932617 0.2455475628376007 -1.3725353479385376 92 130 55
-7.880812644958496 -0.056296009570360184 -1.386231780052185 92 114 76
-7.286616802215576 0.7596468329429626 -1.3475003242492676 105 133 84
-6.998059272766113 0.46735239028930664 -1.3584882020950317 91 93 82
-6.5845112800598145 0.19826698303222656 -1.342995285987854 86 108 44
-6.348803520202637 -0.044687334448099136 -1.3600561618804932 156 204 156
-6.116856098175049 0.6412580609321594 -1.3694758415222168 71 83 81
-5.764510631561279 0.38941892981529236 -1.3443948030471802 78 80 58
-16.02178382873535 1.635768175125122 2.9994378089904785 252 255 255
-15.963605880737305 1.6332067251205444 2.383629560470581 163 173 164
-13.201115608215332 1.364784836769104 0.5028796792030334 113 157 156
-33.62275314331055 2.2441253662109375 0.9518528580665588 144 181 190
-28.101255416870117 2.9240596294403076 0.03747618943452835 121 153 168
-25.720565795898438 0.7968430519104004 -0.4590533673763275 60 70 80
-15.97022819519043 1.6674078702926636 -0.5657747387886047 79 89 88
-20.514482498168945 1.3886454105377197 -0.9200243949890137 72 81 78
-22.39283561706543 0.7050924897193909 -1.217667579650879 72 79 87
-25.005489349365234 -0.1215461865067482 -1.601274847984314 62 86 52
-15.374743461608887 1.6139159202575684 -1.1097577810287476 73 93 65
-16.362367630004883 1.117913007736206 -1.3379936218261719 88 129 27
-15.17658519744873 0.48317432403564453 -1.3816100358963013 115 147 84
-15.690234184265137 -0.07325440645217896 -1.5824304819107056 82 106 54
-11.447607040405273 1.206525206565857 -1.252935528755188 81 122 52
-11.219585418701172 0.7732359766960144 -1.3336628675460815 95 133 56
-11.725826263427734 0.3788444697856903 -1.504353642463684 92 118 79
-10.519044876098633 -0.04360334202647209 -1.4529145956039429 102 137 81
-8.835185050964355 0.9375810027122498 -1.29725980758667 102 133 76
-9.026270866394043 0.6257169246673584 -1.4091036319732666 91 123 73
-8.208752632141113 0.2685115933418274 -1.3601187467575073 91 124 53
-7.877993583679199 -0.0321057103574276 -1.3857120275497437 92 115 73
-7.278384685516357 0.7813683748245239 -1.3464149236679077 97 127 75
-7.013241767883301 0.48998311161994934 -1.3617209196090698 66 71 64
-6.674947261810303 0.22148913145065308 -1.3615729808807373 86 118 68
-6.36651086807251 -0.025279155001044273 -1.3638265132904053 98 120 82
-6.109036922454834 0.6593928337097168 -1.3681718111038208 81 98 92
-5.771060943603516 0.4076513648033142 -1.346207857131958 69 103 68
-15.61681079864502 1.6428483724594116 2.9245526790618896 245 255 243
-16.035247802734375 1.6902625560760498 2.395089864730835 186 216 218
-16.10495376586914 1.1047825813293457 2.2365529537200928 199 243 252
-12.876999855041504 1.3628082275390625 1.4423850774765015 210 237 246
-17.826295852661133 1.8910105228424072 1.3356159925460815 78 100 54
-14.69729995727539 1.5650537014007568 0.5600551962852478 115 144 152
-15.0279541015625 1.6103441715240479 0.02004796266555786 131 142 144
-20.73668098449707 0.7061250805854797 -0.37013930082321167 32 64 63
-26.031131744384766 -0.05938941612839699 -0.7143862247467041 69 82 91
-15.883557319641113 1.7076359987258911 -0.5628872513771057 85 93 95
-18.315814971923828 1.2962770462036133 -0.8215940594673157 92 105 98
-19.70114517211914 0.6808463931083679 -1.0714086294174194 82 91 86
-24.48980140686035 -0.04390488192439079 -1.5682357549667358 74 88 71
-15.22989559173584 1.6459659337997437 -1.099661946296692 72 101 70
-16.338979721069336 1.1666871309280396 -1.3363674879074097 69 98 52
-15.303421974182129 0.5342150330543518 -1.3932993412017822 90 130 42
-15.674466133117676 -0.025091616436839104 -1.5808249711990356 67 111 36
-11.39739990234375 1.2366002798080444 -1.247849702835083 83 109 46
-11.211216926574707 0.8072255849838257 -1.3329561948776245 113 151 90
-11.714695930480957 0.41446632146835327 -1.5030817985534668 84 107 65
-10.526062965393066 -0.011338631622493267 -1.4538723230361938 107 149 77
-8.833250999450684 0.9647900462150574 -1.297404408454895 83 118 60
-8.955323219299316 0.6484112739562988 -1.398331880569458 73 96 54
-8.184226989746094 0.29284772276878357 -1.356197714805603 99 138 57
-7.883963584899902 -0.007942168042063713 -1.386751413345337 70 97 52
-7.267155647277832 0.802722692489624 -1.3447868824005127 110 145 79
-7.04499626159668 0.5139256715774536 -1.3681862354278564 78 78 70
-6.664444446563721 0.2416115254163742 -1.3595753908157349 94 124 74
-6.364603042602539 -0.005745090078562498 -1.3634076118469238 78 121 39
-6.0895233154296875 0.6761929392814636 -1.3642597198486328 98 91 83
-5.780467987060547 0.42614251375198364 -1.348700761795044 105 108 101
-16.09783935546875 1.7468129396438599 2.4052281379699707 47 68 111
-13.39405632019043 1.4624078273773193 1.0038666725158691 179 228 224
-18.425790786743164 1.3359906673431396 1.1985559463500977 212 252 254
-15.846686363220215 1.7366315126419067 0.6040538549423218 112 160 144
-33.78480911254883 2.463253974914551 0.956850528717041 134 166 161
-15.073636054992676 1.6620312929153442 0.02011561393737793 189 217 203
-31.156999588012695 2.2886078357696533 -0.25736725330352783 75 79 78
-20.777379989624023 0.7713358998298645 -0.370906263589859 100 120 108
-27.92647933959961 0.021963873878121376 -0.7663995027542114 59 72 80
-12.474130630493164 1.3798151016235352 -0.44221067428588867 85 97 87
-18.21212387084961 1.345104694366455 -0.8171240091323853 91 101 93
-20.899341583251953 0.7864565253257751 -1.1366961002349854 81 90 89
-24.50179672241211 0.031244248151779175 -1.5690027475357056 80 92 78
-15.167278289794922 1.6862903833389282 -1.0955090522766113 106 142 96
-16.305503845214844 1.214587688446045 -1.333928108215332 77 99 60
-15.526619911193848 0.5897048711776733 -1.4137784242630005 100 135 69
-15.57696533203125 0.02285403199493885 -1.5709912776947021 96 124 66
-11.363912582397461 1.2682533264160156 -1.2446035146713257 95 129 78
-10.950231552124023 0.8222108483314514 -1.302220106124878 86 134 48
-11.690573692321777 0.4495279788970947 -1.5001565217971802 69 88 58
-10.54586124420166 0.02099437080323696 -1.4566088914871216 89 141 41
-8.826316833496094 0.9914436936378479 -1.2968264818191528 98 132 55
-8.88235092163086 0.670527458190918 -1.3872522115707397 86 120 60
-8.199063301086426 0.31856805086135864 -1.3588117361068726 105 132 91
-7.885920524597168 0.016249587759375572 -1.3870978355407715 83 123 50
-7.238273620605469 0.8220177888870239 -1.339902639389038 99 131 68
-7.045344829559326 0.5356858968734741 -1.368566632270813 94 116 104
-6.537369728088379 0.25708964467048645 -1.3338061571121216 88 121 66
-6.3606791496276855 0.013772794976830482 -1.3625696897506714 90 109 54
-6.078691482543945 0.693875789642334 -1.362303614616394 82 95 86
-5.789815902709961 0.44469523429870605 -1.3511937856674194 82 85 74
-16.174102783203125 1.8018815517425537 3.0309300422668457 254 255 255
-15.389602661132812 1.1411720514297485 2.715776205062866 246 255 255
-16.02064323425293 1.788182258605957 2.3945021629333496 165 199 183
-13.298018455505371 1.0010136365890503 1.3519984483718872 224 255 250
-13.38058853149414 1.50249183177948 1.0031979084014893 139 167 168
-13.911890029907227 1.567806363105774 0.5304829478263855 97 104 122
-12.571462631225586 1.4251905679702759 0.01678224466741085 100 136 150
-29.478776931762695 2.256284236907959 -0.24356061220169067 180 220 196
-20.696990966796875 0.8319441676139832 -0.3695150315761566 77 102 106
-27.841312408447266 0.10731349140405655 -0.7640676498413086 83 97 100
-16.021726608276367 1.8220018148422241 -0.5681692361831665 108 119 111
-20.852441787719727 1.6044507026672363 -0.9358037114143372 77 82 86
-21.850631713867188 0.8893939852714539 -1.1885786056518555 83 89 85
-23.95670509338379 0.10404804348945618 -1.5341103076934814 81 93 73
-15.09365463256836 1.7250003814697266 -1.0905685424804688 91 127 79
-16.26294708251953 1.2616002559661865 -1.3307570219039917 69 96 53
-15.543642044067383 0.6381132006645203 -1.4155000448226929 97 136 43
-15.603684425354004 0.07076520472764969 -1.5737005472183228 88 129 53
-11.356017112731934 1.3026580810546875 -1.2441706657409668 107 127 78
-10.936767578125 0.8549505472183228 -1.3009247779846191 79 111 48
-11.658417701721191 0.4841163158416748 -1.4962137937545776 94 111 75
-10.557634353637695 0.053408652544021606 -1.4582507610321045 112 148 78
-8.774084091186523 1.012844204902649 -1.2896026372909546 92 128 41
-8.7315092086792 0.6860873103141785 -1.3640159368515015 72 111 54
-8.208889961242676 0.3441755175590515 -1.3606088161468506 78 99 80
-7.879924774169922 0.04041287302970886 -1.3860584497451782 115 129 76
-7.2112956047058105 0.8413712382316589 -1.33538019657135 86 107 76
-7.0377960205078125 0.5568335652351379 -1.3674256801605225 73 68 74
-6.545360565185547 0.2775183618068695 -1.3356040716171265 112 146 95
-6.354740142822266 0.03325631469488144 -1.3613128662109375 98 134 96
-6.054236888885498 0.7099071741104126 -1.3573046922683716 98 109 93
-5.858328342437744 0.4680408835411072 -1.367511510848999 58 57 65
-15.285870552062988 1.1806453466415405 2.6980972290039062 243 253 255
-16.332494735717773 1.87373948097229 2.441960334777832 208 249 253
-13.33232593536377 1.5385056734085083 0.9999287128448486 171 191 190
-18.40928840637207 1.4483978748321533 1.1980379819869995 212 255 245
-16.304262161254883 1.888089656829834 0.621925950050354 100 134 133
-12.572991371154785 1.464446783065796 0.016790203750133514 92 111 141
-28.0213565826416 2.231226921081543 -0.23157452046871185 53 76 82
-25.0435791015625 1.0836278200149536 -0.4471743702888489 73 92 88
-28.067760467529297 0.19429971277713776 -0.7702949643135071 73 78 81
-16.00117301940918 1.8694077730178833 -0.5676410794258118 97 113 113
-16.172061920166016 1.2942489385604858 -0.725935161113739 101 106 100
-19.439664840698242 0.8510061502456665 -1.0575696229934692 80 89 84
-23.798601150512695 0.17637714743614197 -1.5240134000778198 80 107 92
-15.072442054748535 1.7694382667541504 -1.0894229412078857 83 116 59
-16.330530166625977 1.3172581195831299 -1.3366115093231201 71 104 47
-15.290892601013184 0.6747340559959412 -1.3926650285720825 106 144 67
-15.639211654663086 0.11890862882137299 -1.57731294631958 92 131 64
-11.406269073486328 1.343889594078064 -1.2501220703125 94 131 61
-10.804431915283203 0.8779637813568115 -1.285497784614563 97 136 47
-11.628141403198242 0.5185999274253845 -1.492525339126587 87 118 50
-10.54454231262207 0.08569411188364029 -1.4564720392227173 99 131 92
-8.729665756225586 1.0348656177520752 -1.2835346460342407 84 124 10
-8.7884521484375 0.7176974415779114 -1.3732489347457886 106 123 81
-8.208781242370605 0.36940279603004456 -1.3607722520828247 111 153 87
-7.863021373748779 0.0644507184624672 -1.3831133842468262 73 116 37
-7.176455020904541 0.8596311211585999 -1.3294106721878052 108 144 98
-7.039968013763428 0.5787443518638611 -1.3681862354278564 64 61 72
-6.618869304656982 0.30098074674606323 -1.3507858514785767 87 110 82
-6.343852996826172 0.05266294255852699 -1.3590087890625 65 91 26
-5.9900078773498535 0.7210123538970947 -1.3433947563171387 70 80 69
-5.858806133270264 0.4861728549003601 -1.367964744567871 58 65 58
-15.604262351989746 1.8354005813598633 2.9262003898620605 178 220 208
-15.563926696777344 1.2501676082611084 2.747840642929077 244 252 254
-16.2019100189209 1.9091371297836304 2.423300266265869 164 229 195
-18.11782455444336 1.4756789207458496 1.8429099321365356 214 255 252
-13.332494735717773 1.5799882411956787 1.0003001689910889 134 144 169
-14.715849876403809 1.2032454013824463 0.9579124450683594 172 228 193
-12.925593376159668 1.5370296239852905 0.49322420358657837 98 108 120
-27.339183807373047 3.2693920135498047 0.03652247041463852 116 120 129
-16.52699851989746 1.3670161962509155 -0.13661669194698334 123 154 159
-20.62857437133789 0.9560067653656006 -0.36839136481285095 72 86 71
-25.09130096435547 0.2506798207759857 -0.6886265277862549 128 143 120
-15.620284080505371 1.8735029697418213 -0.5543303489685059 84 95 79
-16.33725929260254 1.3579254150390625 -0.7335341572761536 79 90 82
-19.90575408935547 0.9326056241989136 -1.0830767154693604 79 90 86
-23.584396362304688 0.24715149402618408 -1.5103375911712646 72 91 72
-15.057039260864258 1.8144781589508057 -1.0887068510055542 95 133 48
-16.034406661987305 1.3428975343704224 -1.312705636024475 86 111 69
-15.309640884399414 0.7226287126541138 -1.3945679664611816 92 142 69
-15.41193675994873 0.16446782648563385 -1.5544344186782837 91 127 63
-11.410974502563477 1.3799513578414917 -1.2510958909988403 138 168 114
-10.534515380859375 0.8885716199874878 -1.25370192527771 86 116 44
-11.601726531982422 0.5530913472175598 -1.4893457889556885 97 130 49
-10.533334732055664 0.11792193353176117 -1.4549670219421387 101 125 51
-8.739218711853027 1.0631964206695557 -1.2854127883911133 92 119 64
-8.681845664978027 0.7358115315437317 -1.3569374084472656 92 125 82
-8.209580421447754 0.394679993391037 -1.3610990047454834 84 102 76
-7.862786293029785 0.08857382088899612 -1.3831133842468262 93 134 40
-7.006861209869385 0.861129641532898 -1.298477292060852 103 125 78
-7.0538105964660645 0.6016749739646912 -1.371228814125061 102 103 87
-6.629659175872803 0.3218558728694916 -1.3531830310821533 79 108 77
-6.309439659118652 0.07173627614974976 -1.351677417755127 77 104 27
-6.016829967498779 0.7429747581481934 -1.3499151468276978 109 117 94
-5.867961406707764 0.5050638914108276 -1.3704577684402466 80 99 105
-15.455084800720215 1.865943193435669 2.8992857933044434 249 255 251
-15.986812591552734 1.933537483215332 2.3920044898986816 92 133 137
-13.158305168151855 1.6002967357635498 0.9875949621200562 163 189 206
-32.934295654296875 1.5941548347473145 1.8192238807678223 238 255 249
-16.496706008911133 2.0130295753479004 0.6297260522842407 176 209 192
-15.97863483428955 1.362320065498352 0.4529849588871002 112 130 130
-29.10643196105957 0.37146565318107605 0.26419034600257874 111 169 181
-15.867985725402832 1.946990728378296 0.021205954253673553 129 136 155
-16.493833541870117 1.4152346849441528 -0.13637779653072357 96 149 165
-24.92161750793457 1.2315967082977295 -0.44512319564819336 114 127 133
-27.60225486755371 0.36045998334884644 -0.7575660347938538 72 77 81
-15.529160499572754 1.9109196662902832 -0.5513020157814026 79 85 81
-18.925798416137695 1.6315600872039795 -0.8499788641929626 85 96 88
-19.780134201049805 0.9875470399856567 -1.0764014720916748 88 95 87
-23.026718139648438 0.31196269392967224 -1.47467839717865 73 86 69
-15.038532257080078 1.8590730428695679 -1.0877760648727417 70 112 36
-15.348052978515625 1.332844614982605 -1.2568440437316895 78 121 65
-15.390901565551758 0.7737951874732971 -1.4021797180175781 104 151 73
-15.390466690063477 0.21146313846111298 -1.5523271560668945 94 141 71
-11.381036758422852 1.4117714166641235 -1.248282551765442 86 131 72
-10.495136260986328 0.9176862835884094 -1.2493447065353394 116 151 59
-11.347371101379395 0.5758630633354187 -1.4569133520126343 79 89 37
-10.512123107910156 0.14994050562381744 -1.4520937204360962 91 109 69
-8.720205307006836 1.0880427360534668 -1.2831010818481445 89 114 48
-8.719902992248535 0.7659885883331299 -1.3632465600967407 94 126 77
-8.211286544799805 0.42001596093177795 -1.3615891933441162 70 77 70
-7.900884628295898 0.11324659734964371 -1.3898696899414062 92 130 57
-7.010041236877441 0.8833600878715515 -1.299562692642212 85 121 51
-7.057799339294434 0.623831570148468 -1.3723697662353516 69 80 72
-6.645276069641113 0.3430526554584503 -1.3565789461135864 72 74 63
-6.318967342376709 0.09123419225215912 -1.3537721633911133 90 116 77
-6.004838466644287 0.7602046728134155 -1.3477416038513184 101 123 87
-5.865414142608643 0.5229777097702026 -1.3702311515808105 67 76 75
-15.224889755249023 1.885558843612671 2.8571743965148926 158 201 218
-15.863009452819824 1.9679615497589111 2.374372720718384 101 116 113
-17.92804718017578 1.5710134506225586 1.824552297592163 166 199 206
-16.26552391052246 2.0288519859313965 1.2212682962417603 147 176 190
-14.650534629821777 1.2884470224380493 0.9541574716567993 202 242 252
-15.467175483703613 1.9355772733688354 0.5906497836112976 132 143 163
-15.47054386138916 1.366821527481079 0.4386976957321167 165 184 128
-27.08649253845215 0.4288038909435272 0.24586676061153412 169 188 158
-29.578353881835938 2.6293747425079346 -0.24463152885437012 94 123 118
-20.756114959716797 1.0895867347717285 -0.37078139185905457 99 109 119
-25.090290069580078 0.4046485424041748 -0.6886539459228516 55 64 71
-12.246253967285156 1.5451005697250366 -0.4349215030670166 86 98 94
-18.22019386291504 1.6270605325698853 -0.8185096979141235 93 105 91
-19.52573585510254 1.0349087715148926 -1.062725305557251 68 78 87
-22.486833572387695 0.3736528754234314 -1.4401695728302002 69 77 62
-15.024843215942383 1.9041986465454102 -1.0872032642364502 78 97 78
-15.337936401367188 1.3793898820877075 -1.2563562393188477 76 111 69
-15.285029411315918 0.8154921531677246 -1.3927556276321411 88 129 50
-15.251466751098633 0.2563551664352417 -1.5383793115615845 99 138 59
-11.424975395202637 1.4528262615203857 -1.2535847425460815 77 107 33
-10.480402946472168 0.9488061666488647 -1.2479314804077148 99 133 59
-11.496098518371582 0.6187767386436462 -1.4762455224990845 75 94 62
-10.499728202819824 0.1819845288991928 -1.4504518508911133 123 131 108
-8.683454513549805 1.1105228662490845 -1.2781888246536255 68 102 52
-8.628949165344238 0.7846837043762207 -1.34939706325531 87 133 69
-8.29172420501709 0.44963976740837097 -1.3751494884490967 96 108 84
-7.914286136627197 0.13772554695606232 -1.392295002937317 81 112 36
-7.002420902252197 0.9042326807975769 -1.2986581325531006 107 145 32
-7.05585241317749 0.6454816460609436 -1.3723697662353516 89 100 86
-6.655932903289795 0.36408066749572754 -1.358976125717163 74 89 68
-6.319635391235352 0.11063719540834427 -1.353981614112854 87 116 60
-5.986022472381592 0.7764891386032104 -1.3440468311309814 98 113 90
-5.864751815795898 0.5410595536231995 -1.3704577684402466 66 80 83
-15.35655403137207 1.3758717775344849 2.7133495807647705 254 254 252
-16.16108512878418 2.055304765701294 2.4199209213256836 148 177 183
-16.29553985595703 1.4700350761413574 2.2668824195861816 195 231 253
-13.02546501159668 1.181685447692871 1.3259751796722412 208 249 253
-13.135377883911133 1.6793603897094727 0.9866290092468262 84 111 102
-14.866140365600586 1.3533825874328613 0.968465268611908 185 238 232
-15.375923156738281 1.9720879793167114 0.5873934030532837 145 159 142
-15.375692367553711 1.4059947729110718 0.43612825870513916 72 85 102
-15.130742073059082 1.9508424997329712 0.020236318930983543 167 195 196
-16.608314514160156 1.5277705192565918 -0.13739928603172302 111 141 131
-26.841947555541992 0.5152745246887207 -0.7367717027664185 71 81 82
-11.73895263671875 1.5176969766616821 -0.4170682728290558 93 103 104
-16.571765899658203 1.5311174392700195 -0.7446645498275757 77 97 88
-19.54041290283203 1.0958143472671509 -1.06370210647583 72 83 75
-22.265073776245117 0.4382989704608917 -1.4260464906692505 86 93 85
-15.017940521240234 1.950156807899475 -1.0871316194534302 82 103 84
-15.316761016845703 1.4248701333999634 -1.2549738883972168 73 103 51
-15.08757209777832 0.8513849377632141 -1.3749951124191284 91 123 58
-15.152128219604492 0.3011872470378876 -1.5284451246261597 96 138 64
-11.419478416442871 1.487742304801941 -1.2534765005111694 97 139 53
-10.51699161529541 0.984657883644104 -1.252642035484314 78 124 59
-11.354516983032227 0.6460981965065002 -1.4583123922348022 86 115 49
-10.501100540161133 0.2142367959022522 -1.4507254362106323 102 113 81
-8.64566707611084 1.1326594352722168 -1.2731322050094604 97 132 30
-8.596988677978516 0.8083782196044922 -1.3447805643081665 65 89 53
-8.416378021240234 0.48230090737342834 -1.3960617780685425 73 73 71
-7.918749809265137 0.16210637986660004 -1.3931611776351929 134 160 112
-7.013263702392578 0.927516758441925 -1.301190733909607 83 115 66
-7.040155410766602 0.6658315062522888 -1.3697075843811035 61 69 56
-6.694891452789307 0.3868163526058197 -1.36716628074646 53 62 59
-6.356415748596191 0.13078942894935608 -1.3619413375854492 86 113 58
-5.977806568145752 0.7940791249275208 -1.3427428007125854 118 131 111
-5.8562774658203125 0.5584026575088501 -1.3688713312149048 68 70 67
-15.344642639160156 1.9960615634918213 2.881891965866089 140 152 164
-16.158626556396484 2.1053876876831055 2.420508623123169 197 205 218
-16.26235008239746 1.5173534154891968 2.2629024982452393 199 242 249
-12.965316772460938 1.2163444757461548 1.3202258348464966 211 252 254
-13.13609790802002 1.7204283475875854 0.9870748519897461 186 228 226
-14.861918449401855 1.3989849090576172 0.968465268611908 147 183 207
-33.68378829956055 1.941328763961792 1.8615325689315796 222 254 251
-15.514452934265137 2.038255453109741 0.5929216742515564 129 169 177
-14.96030330657959 1.4143049716949463 0.42446690797805786 84 99 106
-33.25260925292969 0.7305281162261963 0.301872193813324 190 232 228
-15.339818000793457 2.025662422180176 0.02052415907382965 171 213 193
-16.915132522583008 1.6083433628082275 -0.13997773826122284 84 95 89
-27.82662582397461 0.6195847988128662 -0.7638482451438904 64 80 77
-12.260320663452148 1.623361349105835 -0.43576663732528687 74 77 82
-16.3044490814209 1.5568820238113403 -0.7328636646270752 93 104 100
-19.924707412719727 1.1786965131759644 -1.0848133563995361 96 103 95
-22.273601531982422 0.5068322420120239 -1.4266855716705322 70 76 72
-15.008920669555664 1.995827555656433 -1.0869168043136597 75 86 78
-15.299419403076172 1.4706147909164429 -1.25391685962677 80 95 62
-15.222078323364258 0.9058327674865723 -1.3874999284744263 82 122 51
-14.782102584838867 0.339203804731369 -1.4912174940109253 97 135 76
-11.410919189453125 1.5222439765930176 -1.2530437707901 70 98 50
-10.45362663269043 1.01108717918396 -1.2454584836959839 87 120 41
-11.255452156066895 0.675110399723053 -1.4458482265472412 109 137 60
-10.502374649047852 0.2464991956949234 -1.450999140739441 104 105 97
-8.600961685180664 1.1536537408828735 -1.2670642137527466 101 135 74
-8.586600303649902 0.833985447883606 -1.3435494899749756 90 124 64
-8.438493728637695 0.5095468759536743 -1.3999828100204468 83 90 83
-7.92609167098999 0.1865854114294052 -1.3945469856262207 129 174 119
-6.965552806854248 0.9429596662521362 -1.2928694486618042 90 131 61
-7.0312395095825195 0.6867592334747314 -1.3683764934539795 93 99 89
-6.70932149887085 0.4083064794540405 -1.370362401008606 71 80 79
-6.358916759490967 0.1503593623638153 -1.3625696897506714 87 103 32
-5.966637134552002 0.8112314939498901 -1.3407866954803467 124 156 107
-5.848720550537109 0.5757942795753479 -1.367511510848999 73 69 70
-15.563553810119629 2.0731136798858643 2.9241864681243896 203 231 252
-15.92526626586914 1.5253815650939941 2.8154361248016357 248 253 255
-15.898150444030762 2.1210720539093018 2.3824539184570312 222 254 249
-16.28424072265625 1.5698047876358032 2.2666079998016357 182 221 238
-13.08368968963623 1.7511554956436157 1.4703936576843262 240 255 255
-13.218001365661621 1.2809712886810303 1.3463499546051025 153 204 205
-16.560470581054688 2.220616102218628 1.2448956966400146 169 202 217
-14.853583335876465 1.4441877603530884 0.9682063460350037 169 217 221
-15.777505874633789 2.122075080871582 0.6032208204269409 105 139 148
-14.893217086791992 1.4540765285491943 0.4226880371570587 124 160 148
-15.376143455505371 2.078474998474121 0.0205811969935894 41 68 85
-16.781740188598633 1.647626519203186 -0.1389150619506836 99 109 108
-15.606544494628906 2.1151671409606934 -0.5549290180206299 91 102 106
-16.252870559692383 1.6022896766662598 -0.730762779712677 86 94 96
-19.956876754760742 1.2420520782470703 -1.0867671966552734 69 73 84
-22.196123123168945 0.5732062458992004 -1.4218287467956543 67 85 73
-15.008657455444336 2.0426719188690186 -1.0873464345932007 73 83 75
-15.226401329040527 1.5107557773590088 -1.2483062744140625 86 122 74
-15.099954605102539 0.9450642466545105 -1.3766261339187622 82 124 50
-14.691476821899414 0.3822241425514221 -1.4821864366531372 96 132 60
-11.160931587219238 1.5237600803375244 -1.226099967956543 92 129 85
-10.37142562866211 1.0352630615234375 -1.2360374927520752 76 110 49
-11.075142860412598 0.6984021067619324 -1.4229546785354614 104 145 66
-10.590691566467285 0.28108423948287964 -1.463313102722168 67 76 71
-8.605224609375 1.1811121702194214 -1.268220067024231 104 142 33
-8.585968017578125 0.8605219721794128 -1.3438574075698853 71 115 56
-8.45461368560791 0.5365581512451172 -1.4029237031936646 71 80 77
-7.925481796264648 0.2109014391899109 -1.3945469856262207 82 102 75
-6.961653232574463 0.9641903042793274 -1.2926886081695557 104 143 60
-7.008586406707764 0.7062603831291199 -1.3643831014633179 89 115 76
-6.726616382598877 0.43007636070251465 -1.3741579055786133 62 69 62
-6.333989143371582 0.16921471059322357 -1.3573330640792847 100 129 65
-5.976688385009766 0.8312811255455017 -1.3436120748519897 87 99 75
-5.830453395843506 0.5920623540878296 -1.3636586666107178 78 76 90
-15.50062370300293 2.1131503582000732 2.913567066192627 233 244 248
-15.109000205993652 1.4939894676208496 2.6719257831573486 242 252 255
-15.888628005981445 2.169435501098633 2.3820130825042725 145 178 171
-16.373971939086914 1.6291717290878296 2.279782772064209 155 190 210
-12.834059715270996 1.7578407526016235 1.4429386854171753 249 254 255
-13.041756629943848 1.304290771484375 1.3287994861602783 200 235 241
-16.6711483001709 2.2875447273254395 1.2537373304367065 153 183 207
-17.999608993530273 1.8058313131332397 1.1736304759979248 150 189 158
-12.802056312561035 1.7618802785873413 0.48966488242149353 156 183 204
-14.399358749389648 1.4504706859588623 0.408796101808548 135 154 135
-15.354835510253906 2.1235835552215576 0.020561300218105316 81 118 77
-27.189983367919922 2.7537522315979004 -0.2251407504081726 90 105 84
-21.11234474182129 1.3682689666748047 -0.37741655111312866 110 128 128
-20.810768127441406 0.5911461114883423 -0.5713499188423157 77 91 91
-15.30003833770752 2.121448278427124 -0.5442593097686768 93 95 94
-16.200172424316406 1.647294282913208 -0.7286171317100525 84 88 91
-18.316877365112305 1.1964079141616821 -0.9976549744606018 80 90 89
-21.903974533081055 0.6329125761985779 -1.4032323360443115 65 75 67
-14.996391296386719 2.0878829956054688 -1.0869168043136597 53 70 62
-15.162203788757324 1.5513755083084106 -1.2434275150299072 108 150 84
-15.228158950805664 0.9999997615814209 -1.3885873556137085 94 135 29
-14.50525188446045 0.42191457748413086 -1.4635224342346191 90 141 46
-11.14340591430664 1.5562068223953247 -1.2246932983398438 74 108 48
-10.371164321899414 1.0673822164535522 -1.2363908290863037 87 128 50
-10.751290321350098 0.7111020684242249 -1.3816193342208862 106 144 31
-10.645228385925293 0.315216600894928 -1.4709751605987549 97 107 83
-8.570202827453613 1.203105092048645 -1.2635966539382935 89 121 54
-8.433893203735352 0.8714232444763184 -1.3204671144485474 132 149 57
-8.448005676269531 0.5621665120124817 -1.4021068811416626 78 74 71
-7.948424339294434 0.23591674864292145 -1.3987046480178833 105 147 99
-6.965478897094727 0.9865092635154724 -1.293954849243164 111 141 79
-6.994668483734131 0.7265419363975525 -1.3621011972427368 89 108 76
-6.7252655029296875 0.45071130990982056 -1.3741579055786133 57 69 69
-6.296299457550049 0.18754005432128906 -1.349373459815979 93 128 98
-5.990538597106934 0.8519498705863953 -1.3473069667816162 83 110 59
-5.824735164642334 0.6095417141914368 -1.3627521991729736 69 80 72
-15.671276092529297 2.185407876968384 2.946890115737915 112 138 163
-15.07887077331543 1.53773832321167 2.66741943359375 247 252 255
-15.390120506286621 2.1494860649108887 2.3082549571990967 50 40 101
-16.254594802856445 1.6676714420318604 2.2638630867004395 197 248 251
-12.640616416931152 1.770870566368103 1.421793818473816 238 255 255
-12.974355697631836 1.3377654552459717 1.3223440647125244 222 255 255
-14.454885482788086 2.028639554977417 1.0875283479690552 200 240 248
-17.973140716552734 1.8588889837265015 1.1722708940505981 110 127 134
-34.24730682373047 2.290238618850708 1.893760085105896 212 247 249
-15.18828296661377 2.137784004211426 0.581183671951294 146 188 202
-13.121198654174805 1.362396001815796 0.3726262152194977 63 132 103
-29.810253143310547 2.0076282024383545 0.5585547685623169 116 146 157
-33.252471923828125 1.0367952585220337 0.3019447922706604 160 221 203
-12.399595260620117 1.753657579421997 0.01661113277077675 132 162 164
-27.794055938720703 2.90110445022583 -0.23021526634693146 161 188 183
-15.263773918151855 2.1641693115234375 -0.5432028770446777 82 85 78
-15.295868873596191 1.6027685403823853 -0.6881632208824158 90 83 75
-21.333595275878906 1.4591948986053467 -1.1622031927108765 84 88 91
-19.989826202392578 0.6389883160591125 -1.2807258367538452 71 85 68
-15.000778198242188 2.135427713394165 -1.0877044200897217 86 89 94
-15.059244155883789 1.5875405073165894 -1.2353776693344116 87 115 77
-15.22899341583252 1.0469876527786255 -1.3889498710632324 80 123 54
-14.403451919555664 0.4631842076778412 -1.4533876180648804 91 130 37
-10.886636734008789 1.55441415309906 -1.1969921588897705 79 112 81
-10.377716064453125 1.1002424955368042 -1.2375684976577759 91 119 61
-10.694635391235352 0.740315854549408 -1.3746241331100464 89 132 42
-10.763018608093262 0.35175707936286926 -1.4873937368392944 93 112 92
-8.390166282653809 1.2040904760360718 -1.2375907897949219 87 109 34
-8.519608497619629 0.9067050814628601 -1.334316611289978 106 145 90
-8.410810470581055 0.5856150388717651 -1.3962252140045166 92 105 85
-7.937819480895996 0.25997865200042725 -1.3969722986221313 79 107 67
-6.994540214538574 1.012524127960205 -1.2999244928359985 99 143 80
-6.964097499847412 0.7449695467948914 -1.3565865755081177 98 115 71
-6.717008590698242 0.47086235880851746 -1.3727595806121826 54 58 43
-6.304490089416504 0.20714493095874786 -1.3512585163116455 90 132 32
-5.991759777069092 0.8708860874176025 -1.3481762409210205 100 133 64
-5.817027568817139 0.6267828345298767 -1.3613923788070679 72 88 87
-15.741385459899902 2.244439125061035 2.9613547325134277 146 183 202
-15.079959869384766 1.5846099853515625 2.668459415435791 202 209 235
-15.374640464782715 2.1954336166381836 2.3069326877593994 101 121 132
-16.27402687072754 1.720134973526001 2.267293930053711 199 248 252
-12.894850730895996 1.8468419313430786 1.4510201215744019 235 254 250
-13.10177230834961 1.391539216041565 1.335759162902832 214 255 254
-17.935972213745117 1.2456040382385254 1.6530030965805054 233 252 250
-14.445631980895996 2.072551965713501 1.0873054265975952 159 203 204
-17.97032928466797 1.914338231086731 1.172465205192566 197 235 248
-15.674222946166992 2.2552433013916016 0.6000401973724365 82 96 105
-15.014378547668457 1.6055432558059692 0.42652812600135803 157 166 181
-29.06790542602539 2.0472357273101807 0.544760525226593 107 116 111
-33.30609893798828 1.140758752822876 0.3024621307849884 206 240 241
-12.448591232299805 1.7995598316192627 0.016684086993336678 82 92 93
-27.785024642944336 2.9863617420196533 -0.23021526634693146 154 188 174
-20.826292037963867 1.4781081676483154 -0.3724580407142639 93 101 122
-20.621929168701172 0.7124422788619995 -0.5662747621536255 63 72 69
-12.11188793182373 1.7552026510238647 -0.4312240779399872 74 92 96
-18.373886108398438 1.9823046922683716 -0.8269134163856506 100 110 119
-20.843975067138672 1.4899667501449585 -1.1357734203338623 73 77 76
-21.627405166625977 0.7577612400054932 -1.3857861757278442 54 71 52
-12.215632438659668 1.7772032022476196 -0.8861451148986816 71 76 82
-14.93143367767334 1.6204001903533936 -1.225294828414917 55 87 66
-15.229682922363281 1.0939899682998657 -1.3893122673034668 81 115 65
-14.273693084716797 0.5028523206710815 -1.4404431581497192 91 135 56
-10.865093231201172 1.5853664875030518 -1.1951526403427124 76 109 40
-10.376265525817871 1.1322910785675049 -1.2378039360046387 90 132 50
-10.52512264251709 0.7610341310501099 -1.3531297445297241 97 139 57
-10.761889457702637 0.38477590680122375 -1.4873937368392944 88 100 86
-8.265032768249512 1.2120227813720703 -1.2196756601333618 114 137 85
-8.496160507202148 0.9305793642997742 -1.3310850858688354 104 141 72
-8.381422996520996 0.6094130873680115 -1.391650676727295 101 114 88
-7.9232048988342285 0.28383669257164 -1.3945469856262207 86 120 69
-7.027399063110352 1.0393022298812866 -1.3066176176071167 72 119 38
-6.912010192871094 0.7608531713485718 -1.346888542175293 111 139 91
-6.757553577423096 0.4945428967475891 -1.3813493251800537 82 86 97
-6.2520341873168945 0.2246251106262207 -1.34015691280365 90 118 80
-5.8857502937316895 0.8739249110221863 -1.324920654296875 95 121 74
-5.800556182861328 0.643016517162323 -1.3579927682876587 78 91 82
-16.155654907226562 2.3541016578674316 3.0406339168548584 195 229 254
-15.125943183898926 1.6363755464553833 2.6774721145629883 184 222 165
-15.302253723144531 2.2330222129821777 2.297088384628296 112 116 145
-16.27556610107422 1.770804762840271 2.268254518508911 203 251 251
-15.754684448242188 2.3057847023010254 1.7736166715621948 230 254 254
-12.665244102478027 1.3844833374023438 1.2916810512542725 213 255 253
-17.88141441345215 1.296951174736023 1.64833402633667 235 254 250
-13.878766059875488 2.0346977710723877 1.0451030731201172 60 95 133
-17.64297866821289 1.934226393699646 1.151489019393921 158 207 203
-15.709741592407227 2.3095703125 0.6016683578491211 105 114 83
-12.946660041809082 1.424621820449829 0.36791086196899414 103 105 118
-12.435096740722656 1.8365740776062012 0.01667347550392151 113 146 119
-27.51333999633789 3.042574405670166 -0.22804047167301178 87 91 56
-20.90740966796875 1.5483458042144775 -0.3739919364452362 67 71 74
-20.828420639038086 0.7835602164268494 -0.5720083117485046 63 73 83
-14.958569526672363 2.2146084308624268 -0.5328149199485779 84 96 92
-12.442070960998535 1.3809674978256226 -0.5601411461830139 125 137 127
-20.762632369995117 1.5481908321380615 -1.1315946578979492 75 84 79
-19.612565994262695 0.747418224811554 -1.25682532787323 71 81 73
-12.12922191619873 1.8026484251022339 -0.8802737593650818 68 74 74
-14.860027313232422 1.658793330192566 -1.2198469638824463 76 101 46
-15.143827438354492 1.1345336437225342 -1.3817912340164185 78 110 61
-14.247227668762207 0.545689046382904 -1.4379346370697021 96 137 59
-10.742186546325684 1.6011061668395996 -1.182167649269104 141 173 108
-10.39050579071045 1.166113257408142 -1.2399235963821411 88 116 57
-10.439655303955078 0.7870574593544006 -1.3424460887908936 81 117 55
-10.763628005981445 0.41790643334388733 -1.4878042936325073 85 101 74
-8.485372543334961 1.2709391117095947 -1.252760887145996 102 130 56
-8.416678428649902 0.948014497756958 -1.319082260131836 92 129 62
-8.35000228881836 0.6328871846199036 -1.3867493867874146 96 113 79
-7.9173760414123535 0.30795201659202576 -1.3936808109283447 81 98 56
-7.021259784698486 1.0604164600372314 -1.3060749769210815 81 114 43
-6.875500202178955 0.7781909108161926 -1.3402330875396729 85 105 80
-6.765774726867676 0.5160176157951355 -1.3833469152450562 76 64 74
-6.27769660949707 0.24483388662338257 -1.345812439918518 87 104 72
-5.8444390296936035 0.8861251473426819 -1.3162269592285156 92 122 52
-5.792749881744385 0.6601476669311523 -1.356632947921753 109 120 90
-16.156137466430664 2.404813528060913 3.0420989990234375 172 235 255
-16.12120819091797 1.794101595878601 2.854606866836548 157 198 194
-15.868084907531738 1.1792633533477783 2.643890619277954 223 253 251
-15.060530662536621 2.2449584007263184 2.2618253231048584 97 105 118
-17.79389762878418 1.9912574291229248 2.4806976318359375 157 196 211
-15.716082572937012 2.3494064807891846 1.7700741291046143 174 231 216
-12.882399559020996 1.4482299089431763 1.314274787902832 209 251 249
-13.372434616088867 2.0023937225341797 1.0074330568313599 97 99 112
-13.204418182373047 1.4886318445205688 0.8620953559875488 96 129 118
-15.876505851745605 2.383871078491211 0.6083325147628784 100 138 125
-16.630216598510742 1.881608486175537 0.47274988889694214 138 146 157
-33.164039611816406 2.540316581726074 0.6218064427375793 91 115 83
-33.261505126953125 1.3436062335968018 0.30212631821632385 165 195 205
-15.545159339904785 2.3446624279022217 0.02085311897099018 140 177 169
-20.68922996520996 1.5960246324539185 -0.37017500400543213 85 86 107
-20.61916732788086 0.8390439748764038 -0.5663296580314636 64 70 84
-14.934906005859375 2.2579505443573 -0.5322163105010986 98 116 104
-12.386163711547852 1.4132438898086548 -0.5578168034553528 108 117 96
-18.2281436920166 1.415450930595398 -0.9936932325363159 71 76 82
-19.69593048095703 0.8111165761947632 -1.2623211145401 72 81 64
-12.40764331817627 1.882952332496643 -0.9008951187133789 76 81 74
-14.909329414367676 1.7106239795684814 -1.2243192195892334 55 94 41
-14.907943725585938 1.162866234779358 -1.360587239265442 93 119 56
-14.169934272766113 0.5862704515457153 -1.43030846118927 90 128 67
-10.949511528015137 1.6663624048233032 -1.2055405378341675 84 125 59
-10.409568786621094 1.2006022930145264 -1.2426321506500244 76 96 61
-10.277000427246094 0.8065107464790344 -1.3218419551849365 98 134 60
-10.755367279052734 0.45063650608062744 -1.4868465662002563 85 104 58
-8.392423629760742 1.283354640007019 -1.2396135330200195 109 137 37
-8.257665634155273 0.9557686448097229 -1.2946147918701172 98 129 61
-8.327366828918457 0.6568723917007446 -1.383318305015564 98 116 76
-7.9006500244140625 0.3315799832344055 -1.3909090757369995 89 110 67
-7.035470008850098 1.0846498012542725 -1.3093310594558716 89 119 69
-6.852601528167725 0.7968994975090027 -1.3362396955490112 110 137 84
-6.754392147064209 0.5359971523284912 -1.3813493251800537 71 67 68
-6.302316665649414 0.2651611268520355 -1.3512585163116455 97 131 45
-5.835905075073242 0.9031558036804199 -1.3149229288101196 67 108 30
-5.78489351272583 0.6772370338439941 -1.3552732467651367 76 84 63
-16.22740936279297 2.4663336277008057 3.056929349899292 130 194 242
-15.596053123474121 1.7841153144836426 2.762573003768921 230 251 232
-15.274574279785156 2.324789524078369 2.2950313091278076 135 191 218
-17.34488296508789 1.994908094406128 2.4189412593841553 158 189 217
-15.578132629394531 2.3776679039001465 1.7553503513336182 132 173 201
-12.877896308898926 1.487745761871338 1.314274787902832 215 254 255
-17.921764373779297 1.410473346710205 1.652820110321045 216 254 243
-13.360313415527344 2.042506217956543 1.00698721408844 145 175 173
-13.190866470336914 1.5281018018722534 0.8615126013755798 165 198 189
-15.887886047363281 2.4354450702667236 0.6090520024299622 182 235 227
-13.375550270080566 1.5549381971359253 0.38036277890205383 117 143 160
-29.088695526123047 2.317939043045044 0.5455268621444702 135 156 161
-15.356036186218262 2.3643431663513184 0.02060905285179615 83 88 91
-11.582863807678223 1.3528863191604614 -0.09606993943452835 77 79 102
-30.283859252929688 2.4296658039093018 -0.5419744253158569 68 75 81
-20.691396713256836 0.9055768251419067 -0.5683871507644653 77 86 93
-15.076062202453613 2.3266234397888184 -0.5374983549118042 81 84 93
-12.472060203552246 1.4618202447891235 -0.5618845224380493 108 110 107
-16.324705123901367 1.3180429935455322 -0.8901450634002686 77 92 85
-19.42815399169922 0.8598026633262634 -1.2453224658966064 66 75 70
-12.331825256347656 1.9101693630218506 -0.8958113789558411 71 84 75
-14.827792167663574 1.7473751306533813 -1.2180581092834473 65 87 64
-13.908700942993164 1.1278636455535889 -1.269700288772583 69 95 58
-13.975238800048828 0.6211695075035095 -1.4108415842056274 87 126 61
-10.90898323059082 1.6944540739059448 -1.2016451358795166 81 112 68
-10.407809257507324 1.2327663898468018 -1.2428678274154663 89 134 49
-10.176606178283691 0.8300535082817078 -1.3092505931854248 77 115 30
-10.751955032348633 0.48354238271713257 -1.4865728616714478 98 114 85
-8.400177955627441 1.310926914215088 -1.2413471937179565 115 150 70
-8.219372749328613 0.9769001603126526 -1.2890751361846924 90 135 42
-8.298765182495117 0.6802412271499634 -1.3789072036743164 88 117 61
-7.8927083015441895 0.3555070459842682 -1.3896963596343994 81 107 59
-6.833911895751953 1.0750505924224854 -1.2724281549453735 92 124 59
-6.826728343963623 0.8151257038116455 -1.3316758871078491 78 97 51
-6.718536853790283 0.5538989901542664 -1.3743577003479004 92 95 88
-6.365943431854248 0.287405788898468 -1.3650832176208496 107 130 88
-5.803218364715576 0.9163363575935364 -1.3081852197647095 86 121 63
-5.776986122131348 0.6942843198776245 -1.353913426399231 120 129 82
-15.554314613342285 1.827702283859253 2.756160020828247 157 168 196
-15.990345001220703 1.2870529890060425 2.665526866912842 206 243 249
-15.303534507751465 2.377258062362671 2.3004677295684814 145 188 223
-16.146438598632812 1.9072797298431396 2.2526097297668457 149 168 200
-16.09261131286621 1.3065924644470215 2.0800390243530273 243 255 255
-17.080116271972656 2.6605606079101562 1.9255051612854004 141 177 151
-12.876235961914062 1.5275992155075073 1.3145774602890015 215 255 253
-13.359854698181152 1.092694878578186 1.232405185699463 207 248 250
-14.311711311340332 2.232909679412842 1.0792068243026733 131 148 104
-17.85729217529297 2.1242265701293945 1.1667031049728394 116 137 104
-15.949448585510254 2.494987964630127 0.6117025017738342 67 87 59
-16.853595733642578 2.011692762374878 0.4794417917728424 131 181 182
-15.4713773727417 1.2806190252304077 0.2902211844921112 147 157 158
-15.518625259399414 2.4381392002105713 0.020837200805544853 107 106 104
-27.218088150024414 3.2637648582458496 -0.2258327305316925 100 114 125
-16.4722957611084 1.3724422454833984 -0.2948700487613678 71 76 82
-20.656566619873047 0.9675561189651489 -0.5675092339515686 77 87 96
-15.169548988342285 2.3887217044830322 -0.5410901308059692 83 95 91
-15.519429206848145 1.8672796487808228 -0.6994277238845825 99 119 110
-16.247947692871094 1.3620312213897705 -0.8861833214759827 90 101 97
-19.45831871032715 0.9209602475166321 -1.2474312782287598 71 85 86
-12.309158325195312 1.9453469514846802 -0.894594132900238 110 131 100
-14.501771926879883 1.7540806531906128 -1.1917129755020142 49 83 33
-14.55418872833252 1.2251631021499634 -1.3289625644683838 90 129 62
-13.825185775756836 0.6570048332214355 -1.395890235900879 92 130 57
-10.944972038269043 1.7344495058059692 -1.206189751625061 103 131 109
-10.391162872314453 1.2631335258483887 -1.2413368225097656 72 106 46
-10.141396522521973 0.8585100173950195 -1.305053472518921 90 126 52
-10.715789794921875 0.5148627161979675 -1.4817841053009033 79 111 70
-8.289602279663086 1.3197346925735474 -1.2255992889404297 81 97 68
-8.167296409606934 0.9961308836936951 -1.2813810110092163 114 141 74
-8.257318496704102 0.7023537158966064 -1.3723721504211426 93 119 58
-7.8837103843688965 0.37934115529060364 -1.388310432434082 86 90 89
-6.875251293182373 1.1031792163848877 -1.2807494401931763 81 107 62
-6.811527729034424 0.8345139622688293 -1.3292038440704346 76 100 64
-6.707043647766113 0.5736735463142395 -1.372360110282898 78 81 74
-6.37089204788208 0.30721744894981384 -1.3663400411605835 85 113 65
-5.765687465667725 0.9285489916801453 -1.300360918045044 80 109 53
-5.75936222076416 0.71009761095047 -1.3502871990203857 73 77 63
-15.71384334564209 2.487018346786499 2.9630024433135986 139 198 240
-15.573079109191895 1.8783620595932007 2.760493278503418 225 250 246
-15.924389839172363 1.3309284448623657 2.655200719833374 209 255 248
-15.0695161819458 2.3882765769958496 2.2663800716400146 78 94 93
-16.090360641479492 1.9507272243499756 2.2456107139587402 191 247 238
-16.09050178527832 1.3561242818832397 2.080294370651245 254 255 255
-19.17530632019043 3.047212839126587 2.162747383117676 117 156 173
-17.946508407592773 1.5232762098312378 1.6559330224990845 222 255 253
-14.517518997192383 2.3106651306152344 1.0952556133270264 111 128 136
-13.350625991821289 1.6296870708465576 0.8725833892822266 109 119 111
-14.880138397216797 1.2705929279327393 0.8239750862121582 193 227 228
-15.721663475036621 2.5087928771972656 0.6032587289810181 100 102 97
-16.261953353881836 1.9916932582855225 0.46278274059295654 186 238 225
-15.032054901123047 1.2907004356384277 0.28205305337905884 106 122 122
-15.62462329864502 2.5039353370666504 0.020989742130041122 123 143 150
-15.08376693725586 1.8556780815124512 -0.12519901990890503 102 122 123
-16.537736892700195 1.4289971590042114 -0.2961185872554779 90 93 112
-25.519609451293945 1.2738181352615356 -0.7012183666229248 76 82 70
-15.195697784423828 2.440638303756714 -0.5422873497009277 80 79 74
-15.492806434631348 1.9123138189315796 -0.6984890103340149 108 117 114
-18.43717384338379 1.6025261878967285 -1.005849838256836 82 88 86
-19.726503372192383 0.9943181276321411 -1.2648135423660278 58 72 73
-12.243063926696777 1.9734195470809937 -0.890226423740387 82 83 69
-14.202557563781738 1.762115716934204 -1.1675631999969482 54 82 44
-14.633699417114258 1.2770819664001465 -1.3365743160247803 88 120 57
-13.804224967956543 0.6984615325927734 -1.3939837217330933 86 117 41
-10.932729721069336 1.7669097185134888 -1.2054322957992554 95 127 116
-10.372458457946777 1.2931644916534424 -1.2395704984664917 110 153 82
-10.11203670501709 0.8872784376144409 -1.3016194105148315 111 162 93
-10.682501792907715 0.5461174249649048 -1.4774057865142822 84 113 65
-8.49941635131836 1.3798878192901611 -1.2572396993637085 113 155 73
-8.179888725280762 1.0231451988220215 -1.2838431596755981 96 129 58
-8.250210762023926 0.7272503972053528 -1.371555209159851 92 122 50
-7.848084449768066 0.4017639458179474 -1.3822473287582397 80 86 74
-6.882511138916016 1.1260137557983398 -1.282739281654358 99 138 57
-6.779712677001953 0.8517362475395203 -1.3234992027282715 91 120 54
-6.705251693725586 0.5942477583885193 -1.372360110282898 58 67 48
-6.366013526916504 0.3265612721443176 -1.3655022382736206 108 134 63
-5.768590450286865 0.9471824169158936 -1.3016650676727295 91 113 38
-5.752325057983398 0.7271530032157898 -1.349153995513916 76 95 76
-17.98592185974121 2.9032087326049805 3.3930890560150146 126 193 236
-15.631752014160156 1.9341124296188354 2.771932363510132 150 168 192
-15.94480037689209 1.3819068670272827 2.6592984199523926 164 192 232
-15.55328369140625 2.513885498046875 2.340285301208496 121 158 200
-16.1491756439209 2.0081498622894287 2.2546682357788086 190 248 252
-16.07836151123047 1.404792308807373 2.0792722702026367 243 253 252
-15.186712265014648 2.4611642360687256 1.713724970817566 139 162 168
-17.952661514282227 1.5792880058288574 1.6569401025772095 234 255 255
-14.522172927856445 2.3571105003356934 1.0961471796035767 108 148 139
-13.413886070251465 1.6791913509368896 0.8770505785942078 114 146 159
-14.67625617980957 1.2985502481460571 0.8129020929336548 197 229 244
-15.838167190551758 2.5772368907928467 0.6080296039581299 78 78 78
-15.812426567077637 1.9858953952789307 0.4501613676548004 156 193 212
-15.145539283752441 1.347265601158142 0.284258633852005 127 119 142
-15.33263874053955 2.5054149627685547 0.020607726648449898 87 108 93
-12.25744915008545 1.5461599826812744 -0.1017787754535675 102 117 110
-16.90871238708496 1.513329267501831 -0.3028428554534912 68 71 88
-29.067258834838867 1.5403133630752563 -0.7988254427909851 91 109 93
-15.188138008117676 2.487246513366699 -0.5422873497009277 85 91 89
-21.700048446655273 2.746103286743164 -0.9787160754203796 87 83 80
-16.580400466918945 1.4924050569534302 -0.9047980904579163 83 96 86
-19.727344512939453 1.0550466775894165 -1.2650691270828247 74 87 78
-12.187740325927734 2.0028841495513916 -0.8866463303565979 115 133 121
-14.643987655639648 1.862520456314087 -1.2043163776397705 46 52 48
-14.309347152709961 1.2930225133895874 -1.3073055744171143 112 135 67
-13.667892456054688 0.7336100339889526 -1.3804372549057007 89 138 49
-10.940009117126465 1.8025437593460083 -1.2068390846252441 55 79 66
-10.321160316467285 1.3189384937286377 -1.2339178323745728 79 116 47
-10.06283950805664 0.9140802025794983 -1.2956416606903076 87 125 76
-10.494816780090332 0.5688095092773438 -1.4516832828521729 79 105 57
-8.508810043334961 1.4082189798355103 -1.2592624425888062 100 121 64
-8.182591438293457 1.0489897727966309 -1.2847663164138794 97 135 60
-8.238115310668945 0.7516617774963379 -1.369921326637268 79 103 53
-7.845830917358398 0.42578625679016113 -1.382073998451233 73 75 61
-6.9459614753723145 1.1582859754562378 -1.2952210903167725 125 166 96
-6.786804676055908 0.873785674571991 -1.325400710105896 90 111 72
-6.715106010437012 0.6158903241157532 -1.3747572898864746 123 128 124
-6.369863510131836 0.3463558256626129 -1.3665494918823242 80 98 58
-5.8320841789245605 0.9759921431541443 -1.3166615962982178 83 109 70
-5.7519989013671875 0.7450477480888367 -1.3496073484420776 78 86 73
-15.244305610656738 2.5086803436279297 2.877314567565918 99 162 213
-15.523155212402344 1.9690479040145874 2.7537336349487305 196 231 233
-15.314617156982422 1.3746404647827148 2.554886817932129 170 216 242
-15.419596672058105 2.540844202041626 2.32133150100708 113 132 149
-16.105600357055664 2.0529260635375977 2.24945330619812 191 215 201
-16.08978271484375 1.4555431604385376 2.0813167095184326 253 255 254
-12.81691837310791 2.1174893379211426 1.4470348358154297 184 213 209
-17.082393646240234 2.1862215995788574 1.7459783554077148 226 255 250
-13.410717964172363 1.2212084531784058 1.2380815744400024 184 220 232
-13.328339576721191 2.205327272415161 1.0065414905548096 66 89 107
-13.420548439025879 1.7218605279922485 0.8778274655342102 109 123 110
-14.905869483947754 1.3649675846099854 0.8258481621742249 160 207 213
-33.26567077636719 1.8360345363616943 1.5210418701171875 231 253 251
-13.172433853149414 2.1849637031555176 0.505946695804596 97 101 128
-15.087477684020996 1.9418846368789673 0.42969051003456116 154 204 201
-15.162242889404297 1.3956495523452759 0.28465116024017334 78 80 75
-15.185794830322266 2.529277801513672 0.020420696586370468 116 118 78
-15.3190336227417 1.9801141023635864 -0.12725023925304413 119 139 140
-16.887065887451172 1.563630223274231 -0.3025396466255188 86 86 96
-20.924245834350586 1.1731898784637451 -0.5751356482505798 72 84 96
-14.893585205078125 2.4859519004821777 -0.5320402383804321 63 58 65
-12.564141273498535 1.629149079322815 -0.5668909549713135 105 128 112
-16.289405822753906 1.5166068077087402 -0.8891682028770447 80 88 91
-20.17437171936035 1.1410359144210815 -1.2939543724060059 74 88 73
-11.822476387023926 1.9801275730133057 -0.8605116009712219 95 94 90
-13.945383071899414 1.8171602487564087 -1.1473164558410645 50 60 61
-14.510565757751465 1.3560991287231445 -1.3260629177093506 96 137 93
-13.634783744812012 0.773791491985321 -1.3773266077041626 94 130 56
-10.942270278930664 1.8374156951904297 -1.2077046632766724 81 93 91
-10.227461814880371 1.3388673067092896 -1.2232012748718262 103 146 38
-10.015548706054688 0.9407740831375122 -1.289918303489685 84 114 44
-10.41884994506836 0.5967561602592468 -1.441421627998352 106 133 62
-8.51225471496582 1.4356334209442139 -1.260418176651001 94 110 47
-8.177374839782715 1.0738314390182495 -1.2844586372375488 100 136 46
-8.238718032836914 0.7772104144096375 -1.3704115152359009 85 108 64
-7.873985767364502 0.4515465497970581 -1.3872711658477783 66 74 63
-6.892925262451172 1.171188235282898 -1.285995364189148 89 104 63
-6.775331974029541 0.8934480547904968 -1.323689341545105 85 112 77
-6.712209701538086 0.636396586894989 -1.3745574951171875 81 97 86
-6.379508972167969 0.36651360988616943 -1.3688536882400513 72 110 59
-5.805969715118408 0.989942729473114 -1.3114454746246338 95 122 55
-5.744858741760254 0.7620507478713989 -1.348474144935608 89 92 81
-15.960792541503906 2.676908016204834 3.014085292816162 93 102 131
-15.071688652038574 1.9587830305099487 2.674699068069458 180 216 250
-15.631523132324219 1.4514425992965698 2.608485698699951 153 174 195
-15.155176162719727 2.5450551509857178 2.282689332962036 79 103 127
-17.74244499206543 2.316908359527588 2.479050874710083 133 171 207
-16.259037017822266 1.5211591720581055 2.10380482673645 235 255 252
-12.810361862182617 2.1568009853363037 1.4470348358154297 104 92 116
-17.159452438354492 2.2496118545532227 1.7545517683029175 226 255 252
-12.964552879333496 2.1860191822052 0.9795705676078796 166 201 221
-13.139161109924316 1.7267488241195679 0.8597646355628967 100 116 131
-14.924474716186523 1.412856101989746 0.8271152377128601 184 223 228
-33.166133880615234 1.9326210021972656 1.5167547464370728 166 185 163
-13.259272575378418 2.241187572479248 0.5095438361167908 123 135 135
-15.344071388244629 2.0227842330932617 0.43717294931411743 53 90 96
-15.172819137573242 1.4435805082321167 0.2849315106868744 122 157 189
-15.217400550842285 2.582547903060913 0.020473754033446312 92 92 82
-15.357495307922363 2.033008098602295 -0.12762095034122467 108 124 113
-16.809532165527344 1.6084792613983154 -0.3012375831604004 93 95 94
-26.89585304260254 1.5907979011535645 -0.7394052743911743 91 104 94
-12.450392723083496 2.1174299716949463 -0.4449925720691681 77 85 87
-12.385780334472656 1.6446752548217773 -0.5590683817863464 70 78 80
-16.17435073852539 1.5559614896774292 -0.8831441402435303 101 119 107
-19.56410026550293 1.1667442321777344 -1.2550359964370728 104 105 91
-11.79471492767334 2.01269793510437 -0.8589363694190979 109 129 68
-13.873550415039062 1.8511037826538086 -1.1418684720993042 53 72 26
-14.342777252197266 1.384818434715271 -1.311111330986023 87 111 75
-13.52607536315918 0.8092606663703918 -1.3665897846221924 96 138 74
-10.919923782348633 1.8681275844573975 -1.2058651447296143 67 68 63
-10.195748329162598 1.3665447235107422 -1.2199039459228516 83 124 56
-9.825039863586426 0.953296959400177 -1.2657530307769775 78 123 42
-10.269639015197754 0.6198257207870483 -1.4210350513458252 115 139 63
-8.50390911102295 1.4610717296600342 -1.2598402500152588 113 134 57
-8.170125007629395 1.098387598991394 -1.2838431596755981 104 140 66
-8.193090438842773 0.7982733249664307 -1.3632229566574097 80 107 56
-7.881411075592041 0.4762360751628876 -1.3888301849365234 103 102 82
-6.860227108001709 1.18729829788208 -1.2805684804916382 75 116 50
-6.76963996887207 0.9138362407684326 -1.323118805885315 95 122 77
-6.699498653411865 0.6559361219406128 -1.372360110282898 90 90 102
-6.383234977722168 0.38637933135032654 -1.3699009418487549 75 108 63
-5.765398979187012 1.0012370347976685 -1.3029690980911255 129 165 119
-5.723191261291504 0.7770513892173767 -1.343941569328308 120 133 115
-17.575664520263672 3.0032176971435547 3.3207671642303467 135 179 206
-15.405345916748047 2.050227165222168 2.7350149154663086 180 209 205
-15.635834693908691 1.5002405643463135 2.6099607944488525 141 164 196
-15.773234367370605 2.698629856109619 2.3770177364349365 135 210 241
-17.300315856933594 2.313176155090332 2.418254852294922 128 141 185
-16.24146270751953 1.569793701171875 2.1021440029144287 234 253 247
-12.172855377197266 2.087892532348633 1.3757402896881104 119 148 146
-17.053865432739258 2.289010524749756 1.7444652318954468 211 255 242
-13.592276573181152 1.3218823671340942 1.255568265914917 200 237 245
-13.152388572692871 2.2592108249664307 0.9942819476127625 187 235 245
-13.17731761932373 1.772905707359314 0.8626132607460022 119 143 130
-14.872369766235352 1.4539737701416016 0.8244708776473999 126 189 172
-13.182414054870605 2.2698166370391846 0.5068554282188416 90 94 95
-15.062400817871094 2.0326852798461914 0.4293234646320343 100 133 122
-15.182249069213867 1.4914917945861816 0.28519320487976074 72 92 101
-15.027592658996582 0.9306287169456482 0.13665112853050232 80 152 174
-15.1552095413208 2.6198534965515137 0.020400799810886383 63 62 58
-15.237231254577637 2.064673662185669 -0.1266735941171646 160 190 188
-16.076181411743164 1.5880934000015259 -0.2881814241409302 104 111 95
-21.054336547851562 1.3101239204406738 -0.5789214372634888 81 87 77
-12.615177154541016 2.185297966003418 -0.45111969113349915 65 69 68
-12.042130470275879 1.6366544961929321 -0.5437808632850647 98 128 104
-15.924071311950684 1.5812060832977295 -0.8697393536567688 104 111 104
-19.937911987304688 1.2504349946975708 -1.2792561054229736 90 109 77
-11.594892501831055 2.0152273178100586 -0.8448308110237122 73 73 73
-13.726590156555176 1.8743754625320435 -1.130240797996521 44 63 44
-14.353325843811035 1.4302963018417358 -1.3124706745147705 73 109 47
-13.491753578186035 0.8487553000450134 -1.3633787631988525 88 129 63
-10.913162231445312 1.9014501571655273 -1.2057570219039917 63 88 69
-10.135428428649902 1.3901269435882568 -1.2131915092468262 113 165 91
-9.826016426086426 0.9838305115699768 -1.2662618160247803 81 122 52
-10.239019393920898 0.64951092004776 -1.4170671701431274 88 117 71
-8.455525398254395 1.4794800281524658 -1.2533388137817383 54 79 0
-8.144203186035156 1.120350956916809 -1.2803038358688354 100 142 78
-8.158209800720215 0.8201491236686707 -1.3578314781188965 101 123 74
-7.932007312774658 0.5037218928337097 -1.3980118036270142 91 102 88
-6.8420233726501465 1.2057791948318481 -1.2778550386428833 92 121 54
-6.744436740875244 0.9315115809440613 -1.3187452554702759 79 94 63
-6.684781074523926 0.6752066612243652 -1.3697632551193237 79 75 76
-6.378116130828857 0.40571269392967224 -1.369063138961792 85 97 75
-5.651763439178467 0.9993747472763062 -1.2779746055603027 92 120 59
-5.699556350708008 0.7916582822799683 -1.3389556407928467 96 104 91
-17.76395034790039 3.091510534286499 3.3581182956695557 116 147 191
-15.353117942810059 2.091233253479004 2.7268688678741455 170 213 229
-16.068002700805664 1.5914711952209473 2.682901382446289 196 240 243
-16.086454391479492 2.803042411804199 2.425504207611084 108 167 207
-17.406980514526367 2.381819248199463 2.4341745376586914 180 214 213
-16.41223907470703 1.637137532234192 2.124887704849243 212 235 241
-14.291863441467285 2.4965062141418457 1.6160824298858643 11 59 82
-13.044050216674805 1.7915602922439575 1.3348512649536133 222 245 239
-13.380084037780762 1.3426965475082397 1.2363420724868774 229 251 249
-14.236751556396484 2.490464448928833 1.076829195022583 164 166 181
-13.152045249938965 1.8106029033660889 0.8613184690475464 142 172 170
-14.852937698364258 1.498091697692871 0.8236445784568787 139 182 198
-13.076961517333984 2.292990207672119 0.5030689835548401 65 99 98
-15.06401538848877 2.0799801349639893 0.42954930663108826 74 78 87
-15.196501731872559 1.5399785041809082 0.2855483293533325 109 148 129
-14.973775863647461 0.9734200239181519 0.13618826866149902 81 90 87
-15.120509147644043 2.6616556644439697 0.02036498486995697 91 91 89
-15.640890121459961 2.168257236480713 -0.1300840675830841 122 144 141
-26.643810272216797 2.7145869731903076 -0.47776365280151367 70 82 80
-21.330514907836914 1.3930166959762573 -0.5866301655769348 93 107 94
-13.626062393188477 2.4034929275512695 -0.4875304102897644 67 68 70
-15.30135440826416 2.1274492740631104 -0.6912475824356079 101 115 102
-15.434399604797363 1.5804171562194824 -0.843255341053009 77 76 74
-19.705942153930664 1.296593427658081 -1.2646218538284302 75 87 73
-11.586690902709961 2.050442934036255 -0.8446876406669617 107 130 112
-13.168983459472656 1.8394063711166382 -1.0847872495651245 52 65 58
-14.348870277404785 1.4743249416351318 -1.3124706745147705 67 112 55
-13.362008094787598 0.8817575573921204 -1.3505346775054932 90 135 54
-10.880847930908203 1.9302338361740112 -1.2028353214263916 120 149 85
-10.127182960510254 1.4206637144088745 -1.212720513343811 91 125 64
-9.816045761108398 1.013258695602417 -1.2653714418411255 94 125 81
-10.14802074432373 0.675003707408905 -1.4047532081604004 96 126 54
-8.344761848449707 1.4864988327026367 -1.2375907897949219 102 127 61
-8.120180130004883 1.142440915107727 -1.2770723104476929 111 137 50
-8.067337036132812 0.8360218405723572 -1.3431274890899658 88 126 53
-7.9618706703186035 0.530148446559906 -1.4035552740097046 63 89 80
-6.8063459396362305 1.2210335731506348 -1.2718853950500488 92 125 36
-6.746407985687256 0.9528853893280029 -1.319696068763733 117 133 88
-6.660262584686279 0.6933785080909729 -1.3651686906814575 104 105 97
-6.40220832824707 0.42697033286094666 -1.3745092153549194 55 74 54
-5.649631500244141 1.016882300376892 -1.2781919240951538 76 103 60
-5.6807074546813965 0.8068122863769531 -1.3351027965545654 99 124 66
-17.583044052124023 3.1156346797943115 3.3257107734680176 80 59 115
-15.196412086486816 2.1173954010009766 2.7001771926879883 176 193 236
-15.993367195129395 1.633642554283142 2.6712639331817627 190 244 244
-14.49415397644043 2.5714287757873535 2.1865975856781006 100 116 139
-16.801193237304688 2.351461410522461 2.3504598140716553 79 89 90
-16.17035484313965 1.6631286144256592 2.094221830368042 106 104 151
-14.473965644836426 2.574101209640503 1.637559413909912 145 179 162
-13.352129936218262 1.3812804222106934 1.234144687652588 204 225 252
-17.836687088012695 1.194795846939087 1.4700430631637573 183 229 245
-17.323637008666992 3.085263967514038 1.3110226392745972 118 173 144
-12.974489212036133 1.826736330986023 0.8500534892082214 122 167 147
-15.026041984558105 1.5621341466903687 0.8335056304931641 183 234 237
-13.027565002441406 2.3255481719970703 0.5014408230781555 175 211 201
-12.98495864868164 1.833526372909546 0.370423823595047 68 75 81
-15.09624195098877 1.5766234397888184 0.2837539613246918 156 197 189
-15.033570289611816 1.0236338376998901 0.13676002621650696 136 184 188
-15.290433883666992 2.739957809448242 0.020605072379112244 98 112 95
-15.569809913635254 2.2071101665496826 -0.12954860925674438 71 87 74
-20.720808029174805 2.1753766536712646 -0.37167322635650635 75 90 97
-20.978086471557617 1.4346485137939453 -0.5770559906959534 84 102 90
-13.157292366027832 2.3624517917633057 -0.4710153043270111 79 89 78
-11.993288040161133 1.705029010772705 -0.5420374870300293 75 82 88
-16.122602462768555 1.7008841037750244 -0.8811361193656921 121 131 96
-18.58481216430664 1.2801023721694946 -1.1929200887680054 92 109 91
-11.62353801727295 2.0937607288360596 -0.8478381037712097 101 131 129
-12.456816673278809 1.7789124250411987 -1.0265676975250244 63 75 65
-14.237320899963379 1.5070180892944336 -1.3026841878890991 89 108 62
-13.542868614196777 0.9354310631752014 -1.369098424911499 90 116 53
-10.960966110229492 1.9791516065597534 -1.2123576402664185 84 113 93
-10.110980987548828 1.4500350952148438 -1.2113072872161865 109 139 85
-9.846426010131836 1.0469348430633545 -1.2696958780288696 79 114 30
-10.145902633666992 0.7061342000961304 -1.4047532081604004 84 108 30
-8.384949684143066 1.5202133655548096 -1.2442368268966675 107 148 82
-8.02861499786377 1.1546883583068848 -1.2632228136062622 107 134 37
-8.022551536560059 0.8562659025192261 -1.3361022472381592 106 126 54
-7.9130473136901855 0.5512871146202087 -1.395240068435669 53 52 50
-6.6893696784973145 1.2212433815002441 -1.250720500946045 99 131 56
-6.752197742462158 0.9748411178588867 -1.321407437324524 84 110 71
-6.651284217834473 0.7130774855613708 -1.3637703657150269 88 106 80
-6.412573337554932 0.4474267363548279 -1.3770227432250977 89 88 83
-5.6119208335876465 1.0278795957565308 -1.2703676223754883 100 122 57
-5.662783622741699 0.8219980001449585 -1.3314766883850098 88 103 80
-16.084440231323242 2.901012897491455 3.0439295768737793 44 77 110
-15.539876937866211 2.213874340057373 2.762399673461914 169 207 196
-15.745959281921387 1.6571985483169556 2.6307778358459473 96 109 151
-14.570882797241211 2.631176471710205 2.199380397796631 98 123 164
-17.281234741210938 2.472727060317993 2.4186666011810303 111 133 154
-12.067062377929688 2.1842620372772217 1.3659982681274414 117 156 163
-12.879183769226074 1.8495017290115356 1.3191163539886475 177 215 194
-13.183457374572754 1.4047235250473022 1.2189468145370483 145 158 177
-13.075106620788574 2.370028257369995 0.9900468587875366 139 165 198
-17.39777946472168 2.5039684772491455 1.1403534412384033 114 139 146
-15.52850341796875 1.6625422239303589 0.8616563677787781 179 222 238
-33.03927993774414 2.3323702812194824 1.5121484994888306 215 255 255
-13.064613342285156 2.3735432624816895 0.5031447410583496 103 117 146
-13.01785659790039 1.8789242506027222 0.37152501940727234 83 110 121
-15.085370063781738 1.6222892999649048 0.28364184498786926 83 107 109
-15.223861694335938 1.0835235118865967 0.13852070271968842 121 136 141
-13.210126876831055 2.409031391143799 0.017811568453907967 94 108 109
-15.402645111083984 2.2316389083862305 -0.12821407616138458 86 110 120
-26.447723388671875 2.8586790561676025 -0.47455310821533203 69 96 105
-12.947463989257812 2.3658018112182617 -0.4637613296508789 74 77 68
-12.002830505371094 1.7439706325531006 -0.5427080392837524 75 75 75
-15.878069877624512 1.7243584394454956 -0.8680569529533386 88 87 83
-18.405609130859375 1.3245068788528442 -1.1816726922988892 72 84 80
-11.68671703338623 2.1421797275543213 -0.8529218435287476 82 93 89
-12.507514953613281 1.8253248929977417 -1.0312024354934692 79 85 81
-14.023735046386719 1.527930736541748 -1.2835643291473389 81 112 70
-13.353368759155273 0.9635138511657715 -1.350233554840088 90 149 83
-10.943109512329102 2.0106143951416016 -1.2110590934753418 59 69 58
-10.082902908325195 1.4775925874710083 -1.208480954170227 82 132 69
-9.851055145263672 1.0780014991760254 -1.270713210105896 90 132 84
-10.008333206176758 0.7274203300476074 -1.3860085010528564 99 143 68
-8.449335098266602 1.55867600440979 -1.2544946670532227 80 122 50
-7.925320148468018 1.1646608114242554 -1.24752676486969 97 129 62
-8.02577018737793 0.8815209269523621 -1.3370823860168457 99 115 66
-7.941768646240234 0.5777767300605774 -1.4006102085113525 81 91 82
-6.705897331237793 1.2455319166183472 -1.2545193433761597 106 149 78
-6.721980571746826 0.9915405511856079 -1.3160829544067383 88 116 65
-6.655882835388184 0.7342320680618286 -1.3651686906814575 96 118 95
-6.440427303314209 0.46922966837882996 -1.3833067417144775 71 75 76
-5.611619472503662 1.0456281900405884 -1.271019697189331 114 145 85
-5.658308029174805 0.8390815258026123 -1.3310233354568481 102 128 93
-16.07256507873535 2.9498133659362793 3.0433804988861084 175 222 252
-15.609029769897461 2.2726075649261475 2.77591872215271 170 207 216
-15.736878395080566 1.7050737142562866 2.630122184753418 48 47 107
-14.579280853271484 2.678905725479126 2.201878309249878 81 93 91
-17.592105865478516 2.572309970855713 2.463268756866455 74 72 77
-16.022798538208008 1.747370958328247 2.0764613151550293 99 127 130
-12.16879653930664 2.241255283355713 1.378286600112915 81 91 90
-12.956134796142578 1.9011389017105103 1.3275890350341797 196 244 232
-13.238476753234863 1.4516757726669312 1.2244399785995483 211 252 255
-13.124653816223145 2.420621395111084 0.9943562150001526 74 61 81
-17.387054443359375 2.556896924972534 1.140159249305725 159 182 198
-15.821072578430176 1.7429769039154053 0.8781833052635193 107 132 126
-29.78814697265625 2.1947247982025146 1.3636517524719238 62 113 132
-12.865654945373535 2.3781940937042236 0.49576109647750854 88 100 96
-13.210801124572754 1.9481656551361084 0.3772003650665283 101 118 110
-15.20752239227295 1.6826369762420654 0.28603431582450867 87 104 112
-15.408939361572266 1.144219994544983 0.1402359902858734 100 118 96
-13.201690673828125 2.4493658542633057 0.017810244113206863 90 95 89
-15.263174057006836 2.259262800216675 -0.12711019814014435 64 81 71
-27.596508026123047 3.0685317516326904 -0.4953324496746063 87 102 105
-26.928098678588867 2.0076310634613037 -0.7410512566566467 83 92 89
-13.615154266357422 2.530993938446045 -0.48795297741889954 71 81 73
-15.146734237670898 2.2482411861419678 -0.6851683259010315 91 93 90
-15.415229797363281 1.7219611406326294 -0.8430382609367371 92 98 98
-18.358665466308594 1.3777568340301514 -1.1789246797561646 84 91 73
-11.392793655395508 2.124450922012329 -0.8319424390792847 86 86 86
-12.502842903137207 1.8638359308242798 -1.0312837362289429 92 92 84
-13.986321449279785 1.5672879219055176 -1.280574083328247 84 117 60
-13.221370697021484 0.9947724938392639 -1.3371888399124146 96 130 70
-10.913435935974121 2.0397942066192627 -1.208462119102478 74 90 63
-10.090107917785645 1.5102835893630981 -1.2098941802978516 75 111 73
-9.8427734375 1.1076643466949463 -1.2700773477554321 110 147 77
-9.98037338256836 0.7561761736869812 -1.3824511766433716 99 134 44
-8.367683410644531 1.5701738595962524 -1.243080973625183 110 140 68
-7.877737998962402 1.1823701858520508 -1.2406020164489746 121 157 67
-8.051457405090332 0.9093504548072815 -1.341820478439331 90 110 57
-7.936030864715576 0.601841151714325 -1.3999173641204834 91 98 91
-6.739734649658203 1.2732195854187012 -1.261574387550354 102 136 85
-6.689782619476318 1.0077712535858154 -1.3103781938552856 89 112 66
-6.674045085906982 0.7569675445556641 -1.3693636655807495 82 82 74
-6.459433078765869 0.49054136872291565 -1.3877055644989014 100 106 94
-5.602631568908691 1.0617491006851196 -1.269715666770935 102 125 81
-5.656670093536377 0.8565828800201416 -1.3312499523162842 107 145 106
-16.07600212097168 3.0014548301696777 3.0457606315612793 121 151 151
-16.658937454223633 2.4776854515075684 2.963972806930542 87 114 135
-15.79922103881836 1.7608853578567505 2.641432046890259 49 48 108
-14.624469757080078 2.7336175441741943 2.2099592685699463 86 108 145
-17.00416374206543 2.53964900970459 2.3820242881774902 68 78 87
-16.056785583496094 1.800941824913025 2.0815720558166504 208 232 234
-16.488361358642578 3.0891664028167725 1.8686023950576782 73 87 90
-16.959680557250977 2.5417816638946533 1.7386151552200317 98 132 160
-13.368536949157715 1.507459044456482 1.236891269683838 88 103 146
-16.404544830322266 3.0776121616363525 1.2435582876205444 210 255 255
-19.618253707885742 2.9465291500091553 1.2870572805404663 194 237 244
-14.958444595336914 1.69440758228302 0.8305858373641968 133 168 162
-13.007574081420898 2.445721387863159 0.5015165209770203 70 79 84
-13.081205368041992 1.970078468322754 0.37367090582847595 100 111 95
-15.396998405456543 1.7514337301254272 0.2896978259086609 93 101 114
-15.29170036315918 1.182698130607605 0.139201357960701 75 122 90
-13.020184516906738 2.457034111022949 0.0175754614174366 76 80 92
-12.812019348144531 1.936627984046936 -0.10674620419740677 134 153 159
-27.15484619140625 3.1037912368774414 -0.48757362365722656 75 76 78
-20.633113861083984 1.6019750833511353 -0.5679482221603394 85 101 90
-13.124190330505371 2.4814059734344482 -0.47062796354293823 71 72 74
-15.334345817565918 2.3241922855377197 -0.6939743161201477 90 96 92
-15.384081840515137 1.7662849426269531 -0.8416271805763245 95 105 94
-16.405298233032227 1.2817890644073486 -1.053734302520752 73 78 74
-11.383282661437988 2.1588358879089355 -0.8317276239395142 84 100 89
-12.232008934020996 1.8618409633636475 -1.0094107389450073 64 81 71
-13.983426094055176 1.6104178428649902 -1.2807552814483643 70 97 44
-13.059550285339355 1.0228996276855469 -1.3211337327957153 79 120 42
-10.840715408325195 2.060642957687378 -1.2011040449142456 73 90 54
-10.160032272338867 1.55263352394104 -1.2188441753387451 94 145 76
-9.539793968200684 1.1032170057296753 -1.2314128875732422 83 121 60
-9.888141632080078 0.7797058820724487 -1.3700003623962402 77 119 53
-8.337554931640625 1.5910156965255737 -1.2393245697021484 96 119 63
-7.85942268371582 1.204288363456726 -1.2382937669754028 82 124 40
-8.019230842590332 0.9306358695030212 -1.3369191884994507 105 142 26
-7.930220127105713 0.6258757710456848 -1.3992244005203247 78 78 76
-6.770566940307617 1.3005698919296265 -1.268086552619934 80 107 54
-6.660459995269775 1.024261474609375 -1.305243968963623 80 113 56
-6.643466472625732 0.7741506695747375 -1.3635705709457397 88 113 84
-6.481291770935059 0.5122051239013672 -1.3927326202392578 55 48 55
-5.50637674331665 1.0610182285308838 -1.2486333847045898 107 138 62
-5.649203300476074 0.873189389705658 -1.330116868019104 79 89 62
-15.535508155822754 2.949894666671753 2.945059299468994 91 110 142
-16.285144805908203 2.473182201385498 2.8988037109375 129 185 174
-15.739840507507324 1.8031731843948364 2.6324169635772705 165 227 242
-17.195026397705078 3.2687366008758545 2.5999090671539307 90 103 120
-15.934820175170898 2.429938793182373 2.2332592010498047 143 188 183
-17.838481903076172 2.056213855743408 2.313354969024658 137 137 187
-12.22803783416748 2.3298306465148926 1.3865894079208374 37 91 135
-13.004217147827148 1.9897795915603638 1.3337417840957642 143 189 187
-12.969165802001953 1.5027341842651367 1.2003613710403442 122 145 159
-17.918048858642578 1.4213128089904785 1.4780749082565308 171 213 227
-14.886489868164062 2.8401200771331787 1.129136323928833 72 73 77
-14.311305046081543 2.1943790912628174 0.9393317103385925 81 109 97
-14.928380966186523 1.7374058961868286 0.8292086124420166 116 170 170
-13.120734214782715 2.508699417114258 0.5061739087104797 34 51 35
-13.068182945251465 2.009138584136963 0.37347325682640076 68 81 64
-15.32998275756836 1.7914676666259766 0.28853896260261536 96 109 115
-15.06373405456543 1.2115693092346191 0.13715936243534088 78 96 98
-12.808311462402344 2.457770347595215 0.017299558967351913 110 128 130
-13.264575958251953 2.046679735183716 -0.1105685755610466 88 109 94
-16.531797409057617 1.9409795999526978 -0.29693904519081116 88 98 90
-20.845314025878906 1.6828041076660156 -0.5739286541938782 66 71 74
-12.62483024597168 2.4271316528320312 -0.4529860019683838 75 85 84
-15.313322067260742 2.3690881729125977 -0.6933484673500061 94 98 99
-15.36966609954834 1.8124219179153442 -0.8411387801170349 95 100 93
-16.367467880249023 1.3293670415878296 -1.0515614748001099 83 95 81
-11.353100776672363 2.1892168521881104 -0.8300092220306396 81 85 94
-12.093280792236328 1.8787041902542114 -0.9984335899353027 90 102 88
-13.727215766906738 1.6235994100570679 -1.2577390670776367 82 115 96
-13.12973403930664 1.0689353942871094 -1.3285592794418335 177 213 105
-10.64596176147461 2.0574848651885986 -1.1802200078964233 75 100 45
-10.183675765991211 1.5882344245910645 -1.222259283065796 87 145 86
-9.728431701660156 1.1552882194519043 -1.2562141418457031 90 121 62
-9.856083869934082 0.8076117038726807 -1.3658957481384277 94 135 33
-8.226753234863281 1.596045732498169 -1.2235766649246216 85 124 57
-7.896693229675293 1.2348065376281738 -1.2447569370269775 92 126 75
-7.970295429229736 0.949747622013092 -1.3292404413223267 99 137 78
-7.903722286224365 0.6481898427009583 -1.3948934078216553 100 112 90
-6.7636494636535645 1.3207701444625854 -1.267543911933899 82 114 65
-6.634008884429932 1.041037917137146 -1.300680160522461 94 129 61
-6.597279071807861 0.7892910242080688 -1.354581356048584 100 118 96
-6.4943084716796875 0.5332874655723572 -1.3958746194839478 70 68 73
-5.532790184020996 1.0837229490280151 -1.25537109375 80 106 41
-5.638800621032715 0.8893029093742371 -1.3283036947250366 89 130 51
-16.772550582885742 3.238129138946533 3.1814329624176025 131 189 211
-16.268722534179688 2.521775007247925 2.8972439765930176 93 110 154
-15.644100189208984 1.8408476114273071 2.6173369884490967 147 186 201
-16.39146614074707 3.1681180000305176 2.479867935180664 107 165 211
-15.813755989074707 2.4611449241638184 2.2173399925231934 194 234 255
-16.096649169921875 1.9054933786392212 2.088216543197632 196 210 221
-16.254438400268555 3.1486968994140625 1.8442469835281372 143 168 190
-15.704216957092285 2.4522387981414795 1.6114239692687988 153 172 189
-12.918020248413086 1.5369864702224731 1.1960583925247192 199 236 244
-17.73282814025879 1.4613800048828125 1.4631588459014893 178 227 242
-14.76610279083252 2.8641304969787598 1.1206661462783813 196 236 238
-13.335360527038574 2.086629867553711 0.8756909966468811 125 135 134
-15.045917510986328 1.7978874444961548 0.8360397219657898 118 158 157
-14.831574440002441 1.2301037311553955 0.6794543266296387 179 192 182
-13.171831130981445 2.5603818893432617 0.5084457397460938 77 103 102
-13.003693580627441 2.040081024169922 0.37180736660957336 104 104 104
-15.354196548461914 1.8420639038085938 0.28909972310066223 95 94 110
-15.693713188171387 1.3107094764709473 0.14293143153190613 170 184 133
-12.71237564086914 2.4798223972320557 0.017180178314447403 82 87 81
-13.366891860961914 2.1044721603393555 -0.11147473752498627 76 85 84
-15.349466323852539 1.8499213457107544 -0.27580299973487854 85 94 99
-16.338537216186523 1.369445562362671 -0.44995826482772827 63 69 69
-12.977287292480469 2.5362017154693604 -0.46590936183929443 83 88 94
-15.297101020812988 2.4146556854248047 -0.692946195602417 80 82 69
-15.361059188842773 1.8592069149017334 -0.8409759402275085 67 78 74
-18.4545955657959 1.5558894872665405 -1.1859543323516846 85 91 89
-11.411911010742188 2.236891746520996 -0.834806501865387 55 55 67
-12.095335960388184 1.91704523563385 -0.9990841150283813 97 110 92
-13.782476425170898 1.6730268001556396 -1.2632665634155273 84 125 85
-13.240406036376953 1.1188461780548096 -1.3400988578796387 96 138 52
-10.581069946289062 2.0786383152008057 -1.1737275123596191 79 100 44
-10.07283878326416 1.6026184558868408 -1.2095409631729126 96 130 43
-9.583059310913086 1.1678508520126343 -1.2378994226455688 84 124 62
-9.765713691711426 0.8303763270378113 -1.3537185192108154 103 132 39
-8.215022087097168 1.619937539100647 -1.2225652933120728 81 117 45
-7.860668182373047 1.253891110420227 -1.2396788597106934 112 140 92
-7.92425537109375 0.9689270853996277 -1.3220516443252563 96 119 63
-7.89286470413208 0.6716834902763367 -1.3933343887329102 98 117 87
-6.759565353393555 1.3415144681930542 -1.267543911933899 80 87 56
-6.603640556335449 1.057041049003601 -1.2953557968139648 87 123 62
-6.572458267211914 0.8067817091941833 -1.3499867916107178 93 112 92
-6.479001522064209 0.5520469546318054 -1.3929420709609985 53 53 65
-5.481573581695557 1.091163992881775 -1.2445038557052612 75 108 55
-5.607197284698486 0.9019578099250793 -1.3215047121047974 96 128 87
-15.24217700958252 2.9912078380584717 2.8928775787353516 55 65 64
-16.23561668395996 2.5676748752593994 2.89273738861084 163 203 228
-15.64229679107666 1.8893076181411743 2.617992639541626 199 244 237
-17.857942581176758 3.5084240436553955 2.7033469676971436 133 182 215
-17.568998336791992 2.7895519733428955 2.4646410942077637 74 88 114
-16.141923904418945 1.9610881805419922 2.094860792160034 123 140 158
-12.302248001098633 2.422288656234741 1.3966636657714844 191 240 236
-13.194160461425781 2.101775646209717 1.3545200824737549 175 217 215
-12.926093101501465 1.578179955482483 1.1972485780715942 216 255 250
-17.911968231201172 1.531483769416809 1.478320598602295 187 229 245
-17.13067626953125 2.7343649864196777 1.1254630088806152 103 101 114
-15.060152053833008 1.846469521522522 0.8371415138244629 117 137 161
-14.508245468139648 1.24811589717865 0.6648144721984863 204 232 233
-13.124700546264648 2.5930330753326416 0.5069311857223511 152 193 187
-13.232291221618652 2.1175599098205566 0.3785274922847748 124 141 123
-15.353434562683105 1.8897719383239746 0.28919318318367004 88 104 117
-15.375805854797363 1.331672191619873 0.14007262885570526 116 131 126
-12.510488510131836 2.4803061485290527 0.01691754162311554 71 74 63
-13.742465019226074 2.206829309463501 -0.1146627888083458 109 112 105
-15.190906524658203 1.878111481666565 -0.2730562388896942 96 102 100
-27.415302276611328 2.3825879096984863 -0.7552067637443542 89 101 89
-12.927295684814453 2.567631721496582 -0.4643951654434204 93 99 89
-15.026278495788574 2.419178009033203 -0.6810111403465271 73 73 75
-15.57526683807373 1.9336358308792114 -0.8530240058898926 76 88 88
-16.373916625976562 1.4310743808746338 -1.0525201559066772 79 95 92
-11.335540771484375 2.2580573558807373 -0.8297227621078491 83 94 78
-12.168110847473145 1.9668675661087036 -1.0055891275405884 96 103 85
-13.58654499053955 1.6915562152862549 -1.2457778453826904 111 126 83
-13.186362266540527 1.1550341844558716 -1.3349813222885132 87 127 64
-10.697479248046875 2.1356136798858643 -1.187361717224121 74 99 77
-10.071795463562012 1.6341501474380493 -1.2100119590759277 84 126 63
-9.613879203796387 1.201551079750061 -1.2423509359359741 116 162 98
-9.533202171325684 0.8400726914405823 -1.3218389749526978 88 135 65
-8.1246337890625 1.628024697303772 -1.2098512649536133 85 116 57
-7.8665361404418945 1.2795876264572144 -1.2412174940109253 102 110 95
-7.898731231689453 0.9904107451438904 -1.3182940483093262 105 128 46
-7.859373092651367 0.6931266188621521 -1.3877909183502197 91 117 82
-6.6917877197265625 1.3494150638580322 -1.2556047439575195 83 115 68
-6.582925319671631 1.074449062347412 -1.2919329404830933 95 124 68
-6.47953987121582 0.8155620098114014 -1.3314090967178345 89 99 90
-6.470458984375 0.5713196396827698 -1.391475796699524 86 95 92
-5.483940601348877 1.1091371774673462 -1.2458080053329468 82 105 23
-5.574608325958252 0.9142696261405945 -1.3144789934158325 86 121 81
-14.950444221496582 2.981619358062744 2.839231252670288 67 77 76
-18.2587947845459 2.9450883865356445 3.2548065185546875 173 234 255
-15.77935791015625 1.954997181892395 2.641923666000366 197 249 247
-15.958932876586914 1.3924981355667114 2.50344181060791 198 235 255
-17.4581241607666 3.485536575317383 2.6444284915924072 52 80 120
-15.660486221313477 2.5358052253723145 2.1979894638061523 20 53 107
-16.13484764099121 2.010479211807251 2.0947329998016357 232 248 255
-15.913214683532715 3.184025526046753 1.8077141046524048 91 99 110
-14.62828540802002 2.3762662410736084 1.502489447593689 142 191 195
-13.312748908996582 1.1794003248214722 1.0990287065505981 94 126 139
-14.312149047851562 2.8673105239868164 1.0875283479690552 92 110 70
-13.331171035766602 2.1698575019836426 0.8762736916542053 136 144 155
-15.6260404586792 1.964530110359192 0.8689281940460205 64 98 125
-15.092402458190918 1.3450278043746948 0.6917682886123657 141 184 164
-15.374971389770508 3.0866575241088867 0.5942090749740601 66 68 67
-13.256314277648926 2.1631362438201904 0.379402756690979 83 103 101
-15.137269973754883 1.9103275537490845 0.2852306067943573 184 231 213
-15.69732666015625 1.4080517292022705 0.14304034411907196 135 149 184
-12.744956016540527 2.5674538612365723 0.017245175316929817 66 62 63
-13.673460006713867 2.2388010025024414 -0.11414381116628647 119 127 130
-15.097784996032715 1.9136439561843872 -0.2714866101741791 72 87 92
-16.67928123474121 1.5011218786239624 -0.45958730578422546 78 81 74
-11.774169921875 2.3761675357818604 -0.4232306480407715 91 101 92
-14.960622787475586 2.455719470977783 -0.6783738136291504 66 61 65
-12.644205093383789 1.6091557741165161 -0.6927631497383118 73 78 81
-16.37044334411621 1.4813919067382812 -1.0525840520858765 87 92 88
-11.267949104309082 2.2805564403533936 -0.8252835273742676 81 106 77
-11.96533489227295 1.9717776775360107 -0.9893266558647156 75 91 55
-13.578328132629395 1.7328529357910156 -1.245505928993225 94 123 79
-13.193655967712402 1.196472406387329 -1.3360850811004639 86 129 47
-10.744462966918945 2.1792919635772705 -1.1933131217956543 80 112 75
-10.149031639099121 1.6786541938781738 -1.2199039459228516 96 132 106
-9.563907623291016 1.2251170873641968 -1.2363731861114502 92 123 63
-9.476323127746582 0.8643672466278076 -1.3143137693405151 81 112 52
-7.9644622802734375 1.6213607788085938 -1.186734914779663 107 150 79
-7.8586745262146 1.3030693531036377 -1.2406020164489746 105 138 67
-7.865321159362793 1.0107409954071045 -1.3132293224334717 106 133 62
-7.839554786682129 0.7156239748001099 -1.3846726417541504 76 96 69
-6.660638332366943 1.3644124269485474 -1.2505395412445068 86 122 24
-6.5505452156066895 1.0898066759109497 -1.2862281799316406 105 124 68
-6.2593255043029785 0.8073593974113464 -1.2866625785827637 76 92 65
-6.465754508972168 0.5909010767936707 -1.3908474445343018 64 62 76
-5.493897914886475 1.128706455230713 -1.248850703239441 70 100 46
-5.594832897186279 0.9352219104766846 -1.3199182748794556 89 120 40
-14.952789306640625 3.029815435409546 2.841428279876709 87 112 152
-16.7326717376709 2.751626491546631 2.9842512607574463 146 199 239
-15.635302543640137 1.9858728647232056 2.618812322616577 146 197 216
-15.810921669006348 1.4284733533859253 2.4808993339538574 101 122 149
-17.491939544677734 3.548125982284546 2.6511871814727783 130 189 203
-15.540241241455078 2.56528639793396 2.1822071075439453 67 71 72
-16.211244583129883 2.070525646209717 2.105465888977051 189 228 233
-15.739750862121582 3.199570894241333 1.78911554813385 78 91 99
-14.450139045715332 2.392852783203125 1.4849389791488647 100 105 134
-13.251503944396973 1.214959979057312 1.0942752361297607 185 232 250
-5.812388896942139 1.1830192804336548 0.44193610548973083 72 87 82
-13.294918060302734 2.2058467864990234 0.8743314743041992 81 84 89
-15.682328224182129 2.0204989910125732 0.872398853302002 145 160 167
-14.713187217712402 1.3567429780960083 0.6745743751525879 185 223 212
-16.071378707885742 3.2777929306030273 0.6215094327926636 127 151 163
-15.237502098083496 2.5344393253326416 0.43632590770721436 107 139 102
-13.469468116760254 1.7418488264083862 0.2539038360118866 83 87 90
-29.681259155273438 2.7542309761047363 0.27054327726364136 98 120 141
-12.777186393737793 2.614763021469116 0.017299558967351913 60 60 62
-14.98721694946289 2.501143455505371 -0.12517429888248444 90 110 108
-15.062098503112793 1.956091284751892 -0.2709515392780304 94 125 110
-16.852760314941406 1.5688718557357788 -0.4644978642463684 78 82 83
-11.88332748413086 2.4361629486083984 -0.42742103338241577 73 74 78
-14.768766403198242 2.4707813262939453 -0.6700148582458496 81 83 78
-15.277947425842285 1.9919871091842651 -0.837394118309021 78 92 77
-16.36284065246582 1.5313297510147095 -1.0523922443389893 86 87 89
-11.264806747436523 2.3159186840057373 -0.8255699276924133 88 75 92
-11.910082817077637 2.0002236366271973 -0.9852610230445862 84 90 90
-13.4613618850708 1.7599140405654907 -1.2352664470672607 80 112 45
-13.20577335357666 1.2384306192398071 -1.3376905918121338 94 130 68
-10.664700508117676 2.197199821472168 -1.1851974725723267 64 82 70
-10.157543182373047 1.7120938301086426 -1.2215526103973389 95 143 95
-9.724339485168457 1.2760035991668701 -1.257613182067871 84 122 71
-9.438122749328613 0.8900878429412842 -1.3093881607055664 93 123 51
-7.995303630828857 1.6532011032104492 -1.1920804977416992 111 137 50
-7.8731513023376465 1.3303011655807495 -1.2435258626937866 93 126 57
-7.8563151359558105 1.034094214439392 -1.3122490644454956 87 135 33
-7.847127437591553 0.7405974268913269 -1.3864048719406128 107 135 77
-6.64005184173584 1.3814350366592407 -1.2474644184112549 80 108 59
-6.52490758895874 1.1061241626739502 -1.281854510307312 95 118 66
-6.433614730834961 0.84991455078125 -1.323019027709961 99 121 85
-6.471699237823486 0.6114707589149475 -1.392523169517517 89 95 95
-5.507608413696289 1.1491447687149048 -1.2527629137039185 102 126 52
-5.537208557128906 0.9430611729621887 -1.3070001602172852 91 113 64
-14.809578895568848 3.0481276512145996 2.8159782886505127 118 169 222
-15.576054573059082 2.6105289459228516 2.7793853282928467 149 212 255
-14.887639999389648 1.9373403787612915 2.494567394256592 208 243 237
-15.699238777160645 1.4669544696807861 2.4640696048736572 140 174 209
-12.561421394348145 2.588151216506958 1.9050816297531128 32 33 90
-15.71886920928955 2.6443374156951904 2.2084193229675293 166 207 211
-17.76648712158203 2.3245816230773926 2.3083715438842773 218 244 231
-11.995223045349121 2.4767301082611084 1.3643375635147095 89 68 109
-19.20563316345215 3.2409017086029053 1.9746400117874146 146 187 207
-17.095230102539062 2.247072696685791 1.585253357887268 162 186 210
-13.043323516845703 1.2362372875213623 1.077392339706421 174 225 242
-5.802872657775879 1.1996345520019531 0.4414903223514557 61 66 70
-13.44256591796875 2.27274227142334 0.8844957947731018 88 128 127
-15.440459251403809 2.037513017654419 0.8592875003814697 66 71 77
-14.700006484985352 1.401023030281067 0.6741638779640198 140 162 159
-16.328380584716797 3.382420063018799 0.6318464279174805 133 143 179
-15.513492584228516 2.6292810440063477 0.4444577693939209 98 110 124
-14.680227279663086 1.9442321062088013 0.27683815360069275 122 147 90
-29.49648666381836 2.8283846378326416 0.2689369022846222 100 127 144
-12.082772254943848 2.5113022327423096 0.016369719058275223 74 94 93
-14.060691833496094 2.3908822536468506 -0.11749661713838577 100 104 89
-12.004383087158203 1.5964558124542236 -0.21603350341320038 104 110 110
-16.19811248779297 1.558069109916687 -0.446584016084671 73 74 79
-13.051833152770996 2.717466354370117 -0.4697476327419281 81 94 85
-12.69993782043457 2.1647450923919678 -0.5764568448066711 66 67 71
-15.151015281677246 2.0227293968200684 -0.830773115158081 73 83 74
-15.448180198669434 1.4935539960861206 -0.9938550591468811 95 99 98
-11.357239723205566 2.3712611198425293 -0.8328733444213867 86 90 75
-11.82922649383545 2.0239789485931396 -0.9790812730789185 88 90 77
-13.27328872680664 1.7767603397369385 -1.2185026407241821 94 140 93
-13.08901596069336 1.2680027484893799 -1.3262513875961304 62 108 59
-10.72894287109375 2.2447705268859863 -1.1930967569351196 72 91 71
-10.140497207641602 1.7412320375442505 -1.220139503479004 84 131 59
-9.72726058959961 1.306755781173706 -1.2585034370422363 116 161 120
-9.355486869812012 0.9112606644630432 -1.2983055114746094 102 149 47
-7.98825740814209 1.6773159503936768 -1.1917916536331177 99 136 43
-7.862216472625732 1.3532761335372925 -1.2424486875534058 119 146 75
-7.831594944000244 1.0552936792373657 -1.30865478515625 103 136 21
-7.824233531951904 0.7626620531082153 -1.3827669620513916 54 72 58
-6.62615966796875 1.3997671604156494 -1.2456554174423218 82 117 33
-6.536962985992432 1.1288100481033325 -1.2848970890045166 104 133 69
-6.395050048828125 0.8647902607917786 -1.315627932548523 87 114 71
-6.4736857414245605 0.6317026615142822 -1.3933610916137695 105 108 127
-5.505966663360596 1.1664410829544067 -1.2531975507736206 82 113 54
-5.514136791229248 0.9565487504005432 -1.3022408485412598 81 121 48
-15.670074462890625 3.2753796577453613 2.981494665145874 123 188 246
-15.986392974853516 2.729750633239746 2.8540868759155273 59 121 168
-14.86304759979248 1.9805302619934082 2.491453170776367 95 109 112
-15.995596885681152 1.5441632270812988 2.5113162994384766 212 244 255
-16.34868812561035 3.4207980632781982 2.481043577194214 152 218 253
-15.56911849975586 2.668287992477417 2.1885199546813965 148 191 225
-17.755340576171875 2.3785507678985596 2.3078606128692627 178 217 216
-15.808338165283203 3.314647674560547 1.799189805984497 54 52 53
-12.746732711791992 2.1912198066711426 1.3112488985061646 50 65 72
-12.842591285705566 1.728184700012207 1.1913890838623047 200 242 255
-13.212059020996094 1.293140172958374 1.0916526317596436 156 195 166
-5.800140857696533 1.2176367044448853 0.4415646195411682 89 112 118
-16.871610641479492 2.90576171875 1.1107019186019897 173 213 213
-13.443272590637207 1.8159443140029907 0.7484472393989563 68 98 106
-14.823884963989258 1.4587353467941284 0.6800472140312195 155 179 145
-16.31205940246582 3.431265115737915 0.6316193342208862 126 150 137
-17.3109130859375 2.9885776042938232 0.49621376395225525 45 56 74
-15.822487831115723 2.1449263095855713 0.29850149154663086 102 129 124
-27.068592071533203 2.679410696029663 0.246874138712883 93 103 112
-11.636667251586914 2.4558498859405518 0.015775468200445175 60 76 66
-14.54101276397705 2.5184812545776367 -0.12157435715198517 114 131 125
-15.566960334777832 2.1188642978668213 -0.2802620828151703 115 157 169
-12.727614402770996 2.6907289028167725 -0.45837366580963135 92 108 79
-12.172554016113281 2.1133010387420654 -0.5528103113174438 99 111 101
-15.2466402053833 2.083125114440918 -0.8363630175590515 72 83 85
-16.349164962768555 1.63130521774292 -1.0521366596221924 80 93 86
-13.199931144714355 2.798283338546753 -0.9686304926872253 73 96 80
-11.939806938171387 2.080622434616089 -0.9887574911117554 73 89 78
-12.96289348602295 1.7757099866867065 -1.1905025243759155 87 121 61
-12.801918983459473 1.279846429824829 -1.2975528240203857 108 146 87
-10.722977638244629 2.2778823375701904 -1.1932048797607422 60 70 69
-10.128260612487793 1.771136999130249 -1.2193151712417603 109 162 116
-9.631819725036621 1.3240302801132202 -1.2466751337051392 72 108 72
-9.28266716003418 0.9329254627227783 -1.2885911464691162 96 140 53
-7.980170249938965 1.7011967897415161 -1.191358208656311 91 140 22
-7.843428611755371 1.3748316764831543 -1.2401403188705444 88 129 25
-7.799978733062744 1.0754081010818481 -1.3039168119430542 125 154 96
-7.812057971954346 0.7856773734092712 -1.3810347318649292 79 112 41
-6.612217903137207 1.4180270433425903 -1.2438464164733887 77 114 62
-6.554740905761719 1.1526004076004028 -1.2890805006027222 82 112 48
-6.417602062225342 0.8878973722457886 -1.320821762084961 97 109 89
-6.4687981605529785 0.6512668132781982 -1.3927326202392578 88 106 90
-5.417431354522705 1.1650625467300415 -1.233854055404663 112 147 57
-5.388406753540039 0.9517761468887329 -1.2732315063476562 92 130 43
-15.541376113891602 1.5342096090316772 3.0344901084899902 210 242 239
-14.733858108520508 3.1268985271453857 2.80517578125 106 146 197
-16.48832130432129 2.8675448894500732 2.945253849029541 101 124 132
-14.94975757598877 2.038783311843872 2.5070247650146484 64 98 74
-15.997666358947754 1.5939154624938965 2.512397050857544 166 200 210
-16.89542579650879 3.589336395263672 2.565674304962158 117 160 179
-12.245138168334961 2.1373045444488525 1.7221883535385132 87 102 123
-17.746978759765625 2.432877540588379 2.3077328205108643 111 109 131
-15.872943878173828 3.3790652751922607 1.8077141046524048 72 72 72
-12.753670692443848 2.232717752456665 1.312661051750183 107 132 139
-12.800728797912598 1.7625513076782227 1.1880016326904297 153 204 225
-13.211004257202148 1.3339685201644897 1.0918985605239868 173 221 233
-14.602620124816895 3.112366199493408 1.1124188899993896 146 182 178
-17.263639450073242 3.0278444290161133 1.1371164321899414 75 85 97
-13.381260871887207 1.849387288093567 0.7453071475028992 141 189 193
-14.761696815490723 1.498356580734253 0.6774020195007324 147 162 167
-16.545766830444336 3.533468008041382 0.6410854458808899 84 99 122
-19.345491409301758 3.400982618331909 0.5548310279846191 122 164 178
-15.735614776611328 2.182333469390869 0.29698747396469116 89 113 125
-28.89861488342285 2.95011305809021 0.26364582777023315 108 127 131
-12.419146537780762 2.6608119010925293 0.016847239807248116 89 100 104
-14.039849281311035 2.476069927215576 -0.11744718998670578 93 111 95
-15.5455322265625 2.1645448207855225 -0.27999454736709595 112 124 124
-11.438282012939453 2.4548373222351074 -0.41220879554748535 62 61 77
-11.549202919006348 2.041599988937378 -0.5247831344604492 69 64 61
-12.425724029541016 1.7365573644638062 -0.6819090843200684 90 91 95
-16.508872985839844 1.6984095573425293 -1.0627449750900269 62 70 59
-11.359051704406738 2.4444704055786133 -0.8340904712677002 80 88 75
-11.622275352478027 2.0620486736297607 -0.9629814624786377 87 106 78
-12.494832992553711 1.7506625652313232 -1.1480040550231934 99 121 74
-12.734590530395508 1.3125873804092407 -1.291130781173706 105 135 73
-10.603211402893066 2.2864606380462646 -1.1806528568267822 66 83 49
-10.136466026306152 1.8046385049819946 -1.2209638357162476 84 129 62
-9.582530975341797 1.347221851348877 -1.240824580192566 78 105 52
-9.227540016174316 0.95598965883255 -1.2813396453857422 112 150 67
-7.9652419090271 1.7235788106918335 -1.1899133920669556 116 144 67
-7.79929256439209 1.3917717933654785 -1.2338312864303589 113 153 64
-7.767335414886475 1.095200777053833 -1.2990155220031738 96 133 40
-7.769445419311523 0.805476725101471 -1.3739320039749146 109 134 105
-6.599186897277832 1.4364237785339355 -1.2422183752059937 103 130 79
-6.537644386291504 1.1702828407287598 -1.2864183187484741 108 132 38
-6.418728351593018 0.9081311225891113 -1.3216207027435303 104 127 109
-6.464824676513672 0.6709079146385193 -1.3923137187957764 102 115 89
-5.162069797515869 1.126725435256958 -1.1764756441116333 83 118 52
-5.387379169464111 0.968647837638855 -1.2736848592758179 93 118 50
-15.823714256286621 1.6111160516738892 3.0905678272247314 189 231 247
-17.129695892333984 3.690312147140503 3.2634589672088623 92 111 154
-15.68034839630127 2.776615858078003 2.8024370670318604 114 153 192
-15.13101863861084 2.1108076572418213 2.5384955406188965 74 115 137
-15.941593170166016 1.6377376317977905 2.504368305206299 221 253 248
-16.879501342773438 3.6401114463806152 2.5649399757385254 58 81 95
-12.204389572143555 2.1687963008880615 1.7173850536346436 55 94 101
-17.537097930908203 2.4589433670043945 2.2814114093780518 113 116 159
-12.049633979797363 2.6038198471069336 1.3731939792633057 178 197 203
-12.69093132019043 2.2618846893310547 1.3069117069244385 109 126 134
-12.788358688354492 1.8008431196212769 1.1873607635498047 201 233 255
-12.839083671569824 1.3362181186676025 1.061492919921875 223 253 253
-12.359021186828613 2.6738367080688477 0.9421233534812927 77 92 113
-13.087074279785156 2.336730718612671 0.8624837398529053 96 134 170
-13.595993995666504 1.9215919971466064 0.7575921416282654 164 190 189
-14.837507247924805 1.5520559549331665 0.6810961961746216 128 157 165
-15.485001564025879 3.356640577316284 0.6003810167312622 59 65 77
-15.428613662719727 2.7612099647521973 0.44273537397384644 64 64 64
-19.287609100341797 2.735288619995117 0.3641830086708069 156 194 173
-15.859848022460938 1.6682316064834595 0.14473748207092285 166 185 181
-12.17445182800293 2.647477149963379 0.01652623899281025 81 83 80
-13.564676284790039 2.435202121734619 -0.11353420466184616 67 86 90
-15.432903289794922 2.1971487998962402 -0.2780860662460327 114 119 115
-15.38382339477539 1.6227755546569824 -0.42452776432037354 76 89 95
-11.430697441101074 2.4899179935455322 -0.41220879554748535 92 122 110
-11.481925964355469 2.066053867340088 -0.5220116972923279 62 57 61
-14.987438201904297 2.1414690017700195 -0.8228496313095093 76 86 95
-15.443703651428223 1.6367237567901611 -0.9944940805435181 76 82 78
-11.322265625 2.4729228019714355 -0.8319424390792847 113 128 105
-11.465827941894531 2.0705955028533936 -0.9505406618118286 73 90 97
-12.480530738830566 1.7877171039581299 -1.1471885442733765 113 145 78
-12.762164115905762 1.3550119400024414 -1.294341802597046 102 129 78
-10.60391616821289 2.320680618286133 -1.1815185546875 52 80 57
-10.132837295532227 1.8360825777053833 -1.2211993932724 141 192 126
-9.540061950683594 1.3711111545562744 -1.235864281654358 104 132 73
-9.13886833190918 0.9751508831977844 -1.2694361209869385 98 146 72
-7.976346969604492 1.7516157627105713 -1.1923694610595703 80 108 60
-7.64526891708374 1.3885021209716797 -1.2101333141326904 86 111 46
-7.69656229019165 1.1093144416809082 -1.2877424955368042 108 141 60
-7.727765083312988 0.8251266479492188 -1.3670024871826172 85 123 86
-6.5208024978637695 1.4403294324874878 -1.2282893657684326 100 133 86
-6.538852691650391 1.1912143230438232 -1.2873691320419312 96 107 73
-6.4033050537109375 0.9259961247444153 -1.319023847579956 83 115 78
-6.426761627197266 0.6868935823440552 -1.3845634460449219 97 106 101
-5.159541606903076 1.1427682638168335 -1.1766929626464844 103 120 76
-5.3527655601501465 0.9793866872787476 -1.266205906867981 119 147 72
-15.655657768249512 1.6425493955612183 3.0587143898010254 200 252 240
-17.10292625427246 3.739488124847412 3.2605292797088623 115 155 165
-15.657217979431152 2.8220889568328857 2.799837350845337 69 100 121
-15.393033981323242 2.1955244541168213 2.583571195602417 120 152 173
-15.708548545837402 1.6625134944915771 2.4685473442077637 220 253 242
-16.852792739868164 3.6884958744049072 2.562588930130005 51 79 56
-14.806035995483398 2.678009510040283 2.0846314430236816 105 130 152
-16.998334884643555 2.4365999698638916 2.2122855186462402 76 102 119
-5.686845302581787 1.2471511363983154 0.6485142707824707 72 105 158
-16.824783325195312 3.051941394805908 1.7335717678070068 173 203 231
-13.218426704406738 1.902780532836914 1.2278274297714233 152 199 193
-12.863661766052246 1.3786815404891968 1.063869595527649 212 255 255
-12.322513580322266 2.7055392265319824 0.9399687051773071 59 74 81
-13.082789421081543 2.3774056434631348 0.8626779913902283 208 238 249
-13.368673324584961 1.9313156604766846 0.7452520728111267 137 165 168
-14.905179977416992 1.6053786277770996 0.6844255328178406 139 153 138
-19.067094802856445 4.1944074630737305 0.7397605180740356 115 140 108
-12.857270240783691 2.3417563438415527 0.3691532015800476 80 83 72
-13.293731689453125 1.9268848896026611 0.25111880898475647 95 98 107
-15.72541618347168 1.7028859853744507 0.14355765283107758 116 155 154
-11.35870361328125 2.506603479385376 0.015429265797138214 65 78 71
-13.408604621887207 2.44966983795166 -0.11229028552770615 73 98 95
-15.18368148803711 2.2092156410217285 -0.27371615171432495 76 78 93
-15.044861793518066 1.633705973625183 -0.41531023383140564 91 96 100
-12.295392036437988 2.7178101539611816 -0.44368964433670044 84 97 90
-11.367440223693848 2.081477403640747 -0.5170946717262268 95 95 97
-12.152013778686523 1.7743912935256958 -0.6674731373786926 111 135 99
-15.245155334472656 1.6629940271377563 -0.9820325970649719 104 113 92
-11.316573143005371 2.5080790519714355 -0.8320856690406799 72 70 81
-11.59175968170166 2.130080461502075 -0.961517870426178 68 77 82
-12.243420600891113 1.7921034097671509 -1.1258938312530518 63 77 64
-12.840039253234863 1.4031301736831665 -1.3026703596115112 97 125 64
-10.585100173950195 2.3506157398223877 -1.1802200078964233 78 97 65
-10.110554695129395 1.8641000986099243 -1.2191975116729736 79 112 57
-9.511277198791504 1.3967703580856323 -1.2326847314834595 109 145 58
-9.135833740234375 1.0031839609146118 -1.2694361209869385 90 133 53
-7.937131881713867 1.7685465812683105 -1.1873128414154053 100 141 73
-7.768258094787598 1.435471534729004 -1.2302919626235962 93 119 74
-7.6257758140563965 1.1230040788650513 -1.276469349861145 95 126 66
-7.677227020263672 0.8435603380203247 -1.3585140705108643 86 111 72
-6.5240302085876465 1.4620487689971924 -1.2297364473342896 71 97 70
-6.537097930908203 1.2116273641586304 -1.2877494096755981 126 162 100
-6.332581996917725 0.9356119632720947 -1.3050405979156494 80 105 75
-6.421708106994629 0.7062866687774658 -1.3839350938796997 80 86 84
-5.446477890014648 1.2238619327545166 -1.2429825067520142 89 118 70
-5.329627513885498 0.992061197757721 -1.2614467144012451 113 135 89
-15.167442321777344 1.6383877992630005 2.9642975330352783 138 203 245
-17.076976776123047 3.788747549057007 3.2577829360961914 94 103 144
-16.103776931762695 2.9536170959472656 2.881298303604126 61 97 121
-15.276895523071289 2.2268030643463135 2.565213203430176 62 87 118
-16.024551391601562 1.7456873655319214 2.519036054611206 192 232 234
-16.852020263671875 3.742541551589966 2.5642054080963135 65 84 90
-14.644804954528809 2.69527268409729 2.0630853176116943 154 195 177
-17.639440536499023 2.583751678466797 2.2967441082000732 66 57 84
-5.733438968658447 1.275817632675171 0.6542709469795227 85 108 160
-16.82610321044922 3.1055309772491455 1.734681248664856 54 98 137
-16.868606567382812 2.4810690879821777 1.5675835609436035 141 174 205
-12.871259689331055 1.4194512367248535 1.0648530721664429 156 198 222
-11.781719207763672 2.624716281890869 0.8993266224861145 168 229 234
-15.9633150100708 2.9514756202697754 1.0532116889953613 144 184 186
-13.233285903930664 1.9532217979431152 0.7380353212356567 154 170 183
-15.497900009155273 1.7173328399658203 0.7118809819221497 141 167 154
-12.72746467590332 2.840771198272705 0.4941329061985016 158 187 195
-13.297229766845703 2.4640607833862305 0.3820004463195801 70 73 62
-19.657176971435547 2.910848379135132 0.37149134278297424 116 156 148
-15.602848052978516 1.738059639930725 0.14248673617839813 170 214 213
-14.820066452026367 3.3181605339050293 0.020144794136285782 71 77 75
-15.459697723388672 2.8734323978424072 -0.1295403689146042 105 121 121
-15.196612358093262 2.25872802734375 -0.27407288551330566 86 95 92
-15.119254112243652 1.6887321472167969 -0.4175048768520355 81 84 77
-12.526885032653809 2.8093173503875732 -0.4523521661758423 80 90 92
-11.361983299255371 2.116525411605835 -0.5171393752098083 64 69 75
-12.522788047790527 1.8677867650985718 -0.68815016746521 105 124 122
-15.398658752441406 1.7275595664978027 -0.9922574162483215 72 90 78
-11.822641372680664 2.6583175659179688 -0.8698914647102356 79 101 98
-11.486218452453613 2.1471364498138428 -0.9533053040504456 70 109 62
-12.224076271057129 1.8275957107543945 -1.1246252059936523 92 95 78
-12.538066864013672 1.4090701341629028 -1.272466778755188 99 137 90
-10.315986633300781 2.3240866661071777 -1.1510039567947388 58 60 55
-10.072579383850098 1.8890694379806519 -1.2153112888336182 178 216 179
-9.402971267700195 1.410348653793335 -1.219202995300293 84 110 71
-9.129759788513184 1.0308741331100464 -1.2690256834030151 120 159 68
-7.891132354736328 1.7837260961532593 -1.1812448501586914 87 118 58
-7.656027317047119 1.4390370845794678 -1.213210940361023 119 131 85
-7.607661247253418 1.1441935300827026 -1.2740187644958496 99 131 48
-7.610012054443359 0.8598119616508484 -1.3470804691314697 98 128 100
-6.475398540496826 1.4720287322998047 -1.2214152812957764 95 130 76
-6.516948699951172 1.2285852432250977 -1.28451669216156 106 134 85
-6.325806140899658 0.9544509053230286 -1.3042415380477905 96 118 80
-6.397163391113281 0.7234575748443604 -1.3791173696517944 91 98 82
-5.114365100860596 1.1657283306121826 -1.167999267578125 95 143 85
-5.3514404296875 1.0131181478500366 -1.2673391103744507 113 131 83
-15.377961158752441 1.7088733911514282 3.006451368331909 160 218 255
-14.750003814697266 3.319991111755371 2.8157951831817627 88 114 165
-14.464263916015625 2.698806047439575 2.5894246101379395 45 58 100
-17.468286514282227 2.6009817123413086 2.9345057010650635 105 142 184
-16.02599334716797 1.79561185836792 2.5201168060302734 187 227 216
-14.528417587280273 3.273312568664551 2.212163209915161 34 94 144
-14.792245864868164 2.7693541049957275 2.08504319190979 79 111 160
-12.121792793273926 1.8135539293289185 1.5790356397628784 201 245 248
-5.735314846038818 1.2947146892547607 0.6549351811408997 118 150 207
-12.145465850830078 2.280196189880371 1.2528477907180786 81 114 97
-12.766318321228027 1.917728066444397 1.1869029998779297 90 126 148
-13.090649604797363 1.4843096733093262 1.083375096321106 212 244 233
-7.315708160400391 1.6533583402633667 0.5588099360466003 97 160 149
-13.052264213562012 2.4546844959259033 0.8616421818733215 62 74 100
-13.233155250549316 1.9947048425674438 0.738365888595581 196 219 235
-15.191818237304688 1.73061203956604 0.698062002658844 170 195 199
-12.592965126037598 2.8513381481170654 0.4892483949661255 113 152 149
-12.874093055725098 2.426527738571167 0.37005677819252014 67 69 64
-19.64815330505371 2.971142053604126 0.37149134278297424 157 199 197
-27.341224670410156 3.1305932998657227 0.24976925551891327 97 107 119
-14.833221435546875 3.3689277172088623 0.020176628604531288 68 66 77
-15.661078453063965 2.9605982303619385 -0.13130328059196472 75 86 80
-15.207404136657715 2.3080403804779053 -0.2743939459323883 80 91 97
-16.028648376464844 1.8401122093200684 -0.4427708089351654 99 100 102
-11.31472110748291 2.573958158493042 -0.40886354446411133 67 67 77
-12.675607681274414 2.4014899730682373 -0.5772614479064941 73 75 61
-14.997694969177246 2.2839791774749756 -0.8245320320129395 104 121 111
-15.228716850280762 1.7558194398880005 -0.9816491603851318 79 96 78
-11.807622909545898 2.693023681640625 -0.8693902492523193 60 63 78
-11.414953231811523 2.1700799465179443 -0.9479387402534485 58 81 63
-11.931927680969238 1.821359395980835 -1.098256230354309 78 103 107
-12.823281288146973 1.48097562789917 -1.3018677234649658 119 143 81
-10.554971694946289 2.4119770526885986 -1.1784887313842773 54 54 66
-9.979920387268066 1.903404951095581 -1.2048304080963135 92 133 65
-9.376049995422363 1.435736894607544 -1.216277837753296 128 156 105
-9.10982608795166 1.0569381713867188 -1.2666996717453003 97 138 34
-7.890445232391357 1.809032917022705 -1.1819672584533691 96 137 77
-7.668075084686279 1.465672254562378 -1.2158269882202148 84 119 51
-7.590463161468506 1.1654319763183594 -1.2717314958572388 85 119 43
-7.591684818267822 0.8813378810882568 -1.344308614730835 111 138 97
-6.4794769287109375 1.493876576423645 -1.2230433225631714 89 122 41
-6.505435466766357 1.2470945119857788 -1.2829954624176025 76 106 44
-6.367395401000977 0.9807149767875671 -1.3134305477142334 98 117 62
-6.386172771453857 0.7420646548271179 -1.3772321939468384 103 119 90
-5.113617897033691 1.1820729970932007 -1.1686513423919678 87 124 70
-5.351175785064697 1.0300836563110352 -1.2680189609527588 95 126 85
-16.163610458374023 1.8463976383209229 3.1611416339874268 142 216 245
-14.746458053588867 3.3667595386505127 2.8170769214630127 97 139 179
-14.421082496643066 2.7365591526031494 2.5831851959228516 91 130 137
-17.48070526123047 2.65767502784729 2.9379477500915527 61 94 165
-15.989001274108887 1.8411537408828735 2.5151760578155518 170 191 236
-11.427766799926758 2.611588478088379 1.7412558794021606 58 65 73
-14.748649597167969 2.808053493499756 2.0801026821136475 73 92 88
-12.111268997192383 1.8499857187271118 1.5783967971801758 131 142 144
-12.099120140075684 2.770346164703369 1.3826040029525757 122 129 148
-17.10186004638672 3.265061378479004 1.765142560005188 152 179 206
-13.056647300720215 2.0023207664489746 1.2144606113433838 156 215 197
-13.024657249450684 1.517314076423645 1.0782939195632935 93 122 120
-12.04825210571289 2.7617971897125244 0.9209478497505188 186 245 255
-19.579259872436523 3.744418144226074 1.2932724952697754 77 63 98
-13.348358154296875 2.0539722442626953 0.7451419234275818 201 235 234
-15.142781257629395 1.772102952003479 0.6960552930831909 176 206 204
-11.866371154785156 2.7251193523406982 0.4613422155380249 124 158 160
-13.166997909545898 2.523590087890625 0.37869688868522644 108 142 115
-15.436458587646484 2.3827247619628906 0.29199686646461487 57 71 71
-15.601820945739746 1.8349323272705078 0.14257748425006866 120 161 157
-14.827688217163086 3.415541887283325 0.0201832614839077 65 77 67
-12.670602798461914 2.435559034347534 -0.10629312694072723 77 107 95
-15.144920349121094 2.346113920211792 -0.2733951210975647 78 83 76
-15.352824211120605 1.810266137123108 -0.4242534339427948 71 80 85
-11.259054183959961 2.5976500511169434 -0.40713807940483093 80 87 93
-12.67308521270752 2.441311836242676 -0.5774849653244019 62 58 57
-14.953123092651367 2.324153184890747 -0.8224697113037109 81 87 83
-15.229204177856445 1.8032362461090088 -0.9820325970649719 72 81 78
-11.31924819946289 2.618196964263916 -0.8340189456939697 94 97 90
-11.391605377197266 2.2018747329711914 -0.9465563893318176 89 121 97
-11.8514986038208 1.8463069200515747 -1.0913695096969604 87 107 79
-12.673437118530273 1.5030843019485474 -1.2871170043945312 89 120 61
-10.54752254486084 2.444347858428955 -1.1784887313842773 93 106 86
-9.997430801391602 1.9385507106781006 -1.2076566219329834 129 157 98
-9.379440307617188 1.4657204151153564 -1.2172951698303223 104 146 74
-9.081949234008789 1.0819522142410278 -1.2632790803909302 58 120 37
-7.797151565551758 1.812840223312378 -1.1688196659088135 79 117 40
-7.633474349975586 1.4833476543426514 -1.2110565900802612 102 143 51
-7.535194396972656 1.1806199550628662 -1.2630724906921387 89 137 51
-7.587967395782471 0.904508113861084 -1.3441354036331177 94 123 79
-6.365688323974609 1.4882243871688843 -1.2024210691452026 99 130 52
-6.491942882537842 1.2651691436767578 -1.281093955039978 83 117 56
-6.335317611694336 0.9956813454627991 -1.3074376583099365 90 124 47
-6.356679916381836 0.7584101557731628 -1.3713672161102295 91 99 60
-5.1707892417907715 1.2120121717453003 -1.1825612783432007 89 130 38
-5.296374797821045 1.0363956689834595 -1.255780816078186 80 116 70
-14.83375072479248 3.4346046447753906 2.835752487182617 115 142 149
-15.642682075500488 3.0181193351745605 2.803650140762329 78 97 114
-15.850386619567871 2.459585666656494 2.665199041366577 105 103 178
-15.573147773742676 1.8416962623596191 2.450636863708496 225 253 255
-14.56298542022705 3.3751254081726074 2.220538377761841 54 64 65
-14.746772766113281 2.8546061515808105 2.0810632705688477 124 180 197
-17.321903228759766 2.7003138065338135 2.2585396766662598 90 78 124
-5.936371326446533 1.3784371614456177 0.6788476705551147 121 172 189
-12.225006103515625 2.372875452041626 1.2625309228897095 85 84 100
-14.404186248779297 2.2542269229888916 1.3404386043548584 144 176 187
-13.1416597366333 1.5718244314193726 1.0883744955062866 190 206 205
-13.63465690612793 3.1695055961608887 1.0429483652114868 121 159 195
-17.146209716796875 3.3336715698242188 1.1332319974899292 149 215 227
-14.876825332641602 2.335908889770508 0.8308613300323486 206 253 247
-15.113469123840332 1.8156921863555908 0.6949607729911804 169 198 206
-12.666716575622559 2.9498586654663086 0.49280765652656555 130 173 179
-15.628750801086426 3.045149326324463 0.44976606965065 124 161 167
-15.449816703796387 2.4333386421203613 0.2923893928527832 82 91 96
-15.590161323547363 1.8820701837539673 0.14252303540706635 134 155 122
-12.94649600982666 3.0240678787231445 0.017635151743888855 74 80 78
-12.628722190856934 2.4677083492279053 -0.10600480437278748 88 88 80
-15.097160339355469 2.386167049407959 -0.27266383171081543 64 67 74
-15.34521198272705 1.857119083404541 -0.42419856786727905 71 83 83
-6.959641933441162 1.6282089948654175 -0.25184670090675354 115 120 113
-11.888093948364258 2.3279411792755127 -0.5420374870300293 70 60 58
-14.93211555480957 2.367828369140625 -0.821709930896759 75 80 73
-15.192889213562012 1.8462183475494385 -0.9800515174865723 83 88 91
-10.876117706298828 2.5508766174316406 -0.8019412755966187 72 64 77
-11.35447883605957 2.2308566570281982 -0.9440357089042664 74 98 82
-11.895938873291016 1.8906301259994507 -1.0959908962249756 98 117 97
-12.594691276550293 1.5329428911209106 -1.2795912027359009 90 130 68
-10.532231330871582 2.4748764038085938 -1.1776230335235596 81 108 67
-10.026511192321777 1.9761261940002441 -1.2118961811065674 94 129 65
-9.374898910522461 1.494489312171936 -1.2172951698303223 91 141 68
-9.037288665771484 1.1047616004943848 -1.2575324773788452 92 128 66
-7.904237747192383 1.8633167743682861 -1.1857236623764038 73 108 54
-7.625979423522949 1.506185531616211 -1.2105950117111206 126 149 97
-7.537382125854492 1.204666256904602 -1.2640527486801147 108 147 68
-7.519658088684082 0.9197719097137451 -1.3325287103652954 88 119 60
-6.380231857299805 1.5122836828231812 -1.2060389518737793 100 126 61
-6.312756538391113 1.2503637075424194 -1.2464852333068848 83 113 53
-6.298371315002441 1.0096848011016846 -1.3004460334777832 84 121 44
-6.256295204162598 0.7659078240394592 -1.350211262702942 102 109 76
-5.106268882751465 1.2134273052215576 -1.1686513423919678 78 104 57
-5.3218278884887695 1.05833899974823 -1.2625797986984253 71 94 74
-15.340140342712402 1.8477534055709839 3.0022549629211426 94 145 202
-15.230856895446777 3.5758185386657715 2.913750171661377 138 199 228
-15.635282516479492 3.0664753913879395 2.803997039794922 61 70 101
-17.490375518798828 2.7690494060516357 2.942373275756836 117 152 174
-15.622349739074707 1.8961318731307983 2.4592833518981934 216 251 247
-11.378787994384766 2.6739649772644043 1.736260175704956 55 65 64
-18.022979736328125 3.5461978912353516 2.544924736022949 117 173 172
-17.335084915161133 2.756870985031128 2.261350631713867 34 29 70
-5.907929420471191 1.390949010848999 0.6760799884796143 125 166 232
-12.285995483398438 2.4238498210906982 1.2695915699005127 150 172 185
-12.680276870727539 2.024312973022461 1.1805857419967651 183 242 236
-13.252513885498047 1.626338243484497 1.0979632139205933 191 213 211
-13.228848457336426 3.11798095703125 1.012634038925171 113 151 174
-15.112367630004883 2.9863853454589844 0.9994116425514221 163 222 216
-13.810714721679688 2.2119481563568115 0.771695077419281 92 80 104
-17.368350982666016 2.140662431716919 0.7989449501037598 184 214 214
-12.795707702636719 3.0213139057159424 0.4981844425201416 103 163 191
-15.841920852661133 3.13716197013855 0.4561755657196045 99 110 112
-15.38601016998291 2.471687078475952 0.2913239896297455 91 105 106
-15.59423828125 1.9311202764511108 0.14261378347873688 115 143 128
-12.775625228881836 3.0255188941955566 0.017414961010217667 81 87 85
-13.011455535888672 2.5839638710021973 -0.10928346961736679 74 73 78
-13.444276809692383 2.167219638824463 -0.24293068051338196 82 100 86
-15.17377758026123 1.8836236000061035 -0.419617235660553 76 87 91
-11.34208869934082 2.6902108192443848 -0.41072985529899597 79 89 91
-6.920234680175781 1.3771873712539673 -0.3157191872596741 77 89 89
-15.096296310424805 2.4413657188415527 -0.8311529755592346 57 61 60
-15.147541999816895 1.8878839015960693 -0.9774953126907349 85 100 93
-11.74643325805664 2.7930469512939453 -0.8667410016059875 94 94 96
-11.195107460021973 2.2352380752563477 -0.9313509464263916 53 66 56
-11.892047882080078 1.927436113357544 -1.0961720943450928 87 92 88
-12.576107025146484 1.569850206375122 -1.2781864404678345 92 139 69
-10.446255683898926 2.4885168075561523 -1.1688581705093384 83 109 80
-10.036953926086426 2.010193109512329 -1.2138981819152832 96 134 59
-9.362438201904297 1.5219708681106567 -1.216277837753296 92 128 82
-9.020096778869629 1.1307573318481445 -1.2556170225143433 96 133 56
-7.883084297180176 1.8838778734207153 -1.1834118366241455 91 128 59
-7.628104209899902 1.5309356451034546 -1.2116721868515015 98 116 76
-7.495675563812256 1.2215960025787354 -1.2576810121536255 101 145 84
-7.553935527801514 0.9474954009056091 -1.3391116857528687 83 98 39
-6.280889987945557 1.5091040134429932 -1.188130259513855 86 121 57
-6.328139781951904 1.2735991477966309 -1.2502883672714233 99 133 47
-6.31361722946167 1.0320063829421997 -1.3042415380477905 94 120 49
-6.218019008636475 0.7805918455123901 -1.342461109161377 90 110 75
-5.157561302185059 1.2423452138900757 -1.1812572479248047 84 110 45
-5.273685932159424 1.0655947923660278 -1.2519279718399048 84 116 66
-15.31491470336914 1.8924000263214111 2.9984402656555176 86 115 185
-15.004630088806152 3.571312189102173 2.872554302215576 54 58 69
-15.1631498336792 3.022216796875 2.720975875854492 89 129 139
-16.146631240844727 2.607113838195801 2.7176506519317627 104 116 112
-15.57528018951416 1.9389253854751587 2.45279860496521 134 143 150
-15.2261381149292 3.627403974533081 2.325004816055298 58 73 70
-18.006187438964844 3.6003096103668213 2.5441012382507324 69 76 102
-17.367664337158203 2.8167102336883545 2.2667174339294434 67 71 80
-17.16568374633789 4.097071647644043 1.9658018350601196 66 75 114
-12.280451774597168 2.4619224071502686 1.2697932720184326 102 117 122
-13.580204963684082 2.210726499557495 1.2649983167648315 141 179 198
-13.112979888916016 1.6500663757324219 1.0868172645568848 246 255 255
-12.001954078674316 2.8677024841308594 0.9193875789642334 76 73 80
-15.090415954589844 3.030181407928467 0.9985700249671936 140 188 188
-13.488527297973633 2.202810764312744 0.7540664076805115 119 143 179
-15.811655044555664 1.9980636835098267 0.7276154160499573 159 177 189
-13.009900093078613 3.11405873298645 0.5068933367729187 126 160 185
-15.778324127197266 3.1749041080474854 0.4546225965023041 104 131 161
-15.338887214660645 2.5124146938323975 0.290576308965683 79 70 99
-15.72116756439209 1.9958289861679077 0.14382991194725037 141 168 175
-14.887027740478516 3.57381010055542 0.02030794695019722 106 112 108
-12.70450210571289 2.563544750213623 -0.10677091777324677 76 79 84
-13.403033256530762 2.2027807235717773 -0.2423064112663269 63 65 64
-15.674649238586426 1.9946492910385132 -0.43363556265830994 103 117 120
-13.665836334228516 3.285693883895874 -0.495242178440094 67 77 79
-11.88631534576416 2.4034152030944824 -0.5426186323165894 72 69 80
-15.001049995422363 2.473212480545044 -0.8263229131698608 92 93 95
-15.054567337036133 1.9232184886932373 -0.9718716740608215 93 112 92
-11.653448104858398 2.8087387084960938 -0.8605116009712219 113 94 113
-11.213593482971191 2.2747254371643066 -0.9334650635719299 69 81 77
-11.73476505279541 1.9389100074768066 -1.0822173357009888 55 68 59
-12.518925666809082 1.6017334461212158 -1.2728681564331055 70 119 63
-10.158329010009766 2.4528846740722656 -1.137477993965149 51 62 45
-10.047283172607422 2.044342517852783 -1.2159000635147095 96 131 63
-9.345004081726074 1.548579216003418 -1.214624285697937 91 122 88
-9.00479507446289 1.1569105386734009 -1.2539751529693604 82 136 76
-7.891693592071533 1.911548137664795 -1.1855790615081787 84 130 40
-7.63692569732666 1.557094693183899 -1.2138265371322632 93 133 47
-7.478267192840576 1.2423232793807983 -1.2553937435150146 77 123 15
-7.506058216094971 0.9648897647857666 -1.331142783164978 85 122 42
-6.243741035461426 1.5204546451568604 -1.181979775428772 85 128 48
-6.260720252990723 1.2800284624099731 -1.2377378940582275 81 124 68
-6.304622173309326 1.0504052639007568 -1.3030428886413574 106 133 66
-6.222383499145508 0.800538182258606 -1.3439273834228516 73 95 72
-5.198293209075928 1.269042730331421 -1.1914722919464111 89 117 42
-5.2675299644470215 1.0811817646026611 -1.2512481212615967 74 101 70
-15.748247146606445 1.9950164556503296 3.0844643115997314 112 178 204
-14.993602752685547 3.6173288822174072 2.872554302215576 87 123 149
-15.410569190979004 3.120718240737915 2.7670793533325195 109 144 120
-14.578237533569336 2.399787664413452 2.4549007415771484 146 214 249
-15.532015800476074 1.9819482564926147 2.4469313621520996 134 165 186
-15.228398323059082 3.6773507595062256 2.327061653137207 134 186 207
-16.280780792236328 3.307295083999634 2.3017406463623047 25 59 105
-17.460708618164062 2.886805295944214 2.280005931854248 79 91 87
-11.945396423339844 2.8898680210113525 1.3689872026443481 161 204 220
-12.186076164245605 2.4819157123565674 1.260816216468811 72 74 73
-14.55965518951416 2.4160468578338623 1.3569183349609375 50 67 119
-11.812825202941895 2.860851526260376 0.9055678248405457 76 84 105
-19.20428466796875 3.9175846576690674 1.271584153175354 58 60 83
-13.377303123474121 2.226803779602051 0.7482269406318665 153 187 188
-15.572639465332031 2.016418218612671 0.71689772605896 100 122 99
-6.921119689941406 1.6791108846664429 0.2698609530925751 72 121 151
-15.386563301086426 3.145221471786499 0.44361069798469543 117 139 137
-12.953433990478516 2.162519693374634 0.24551138281822205 6 20 31
-15.80718994140625 2.056046485900879 0.14467394351959229 170 209 180
-7.076542377471924 1.7217878103256226 0.00966053456068039 118 128 91
-12.610372543334961 2.584839344024658 -0.10604598373174667 72 73 78
-13.3547945022583 2.236952781677246 -0.2415572702884674 62 69 77
-15.32449722290039 1.9978864192962646 -0.4241162836551666 102 114 104
-12.81677532196045 3.123178482055664 -0.46481773257255554 68 61 77
-13.578665733337402 2.7889976501464844 -0.6202632784843445 98 98 98
-12.600515365600586 2.117166757583618 -0.6944455504417419 84 82 83
-15.046616554260254 1.969137191772461 -0.9717438220977783 96 122 75
-12.2813720703125 2.9999794960021973 -0.907554030418396 89 106 100
-11.240728378295898 2.316157341003418 -0.9363110065460205 120 132 120
-11.841697692871094 1.993919014930725 -1.0926381349563599 68 91 62
-12.535655975341797 1.6429779529571533 -1.2750756740570068 87 134 92
-9.529852867126465 2.332094430923462 -1.067900538444519 63 83 55
-10.056523323059082 2.0783731937408447 -1.2177842855453491 98 129 53
-9.322604179382324 1.5742692947387695 -1.2123349905014038 87 125 52
-9.003168106079102 1.184790015220642 -1.254248857498169 93 133 36
-7.862728118896484 1.9300891160964966 -1.1821116209030151 109 150 82
-7.633080005645752 1.5807175636291504 -1.2139803171157837 106 135 71
-7.467611789703369 1.2641077041625977 -1.2542500495910645 98 130 45
-7.564579010009766 0.9960132241249084 -1.3420566320419312 98 128 58
-6.159793376922607 1.5200457572937012 -1.1669652462005615 82 119 42
-6.240422248840332 1.2958366870880127 -1.2345051765441895 87 110 58
-6.309097766876221 1.0710545778274536 -1.3046410083770752 98 129 53
-6.139435291290283 0.8090214133262634 -1.3265416622161865 74 120 55
-5.1612114906311035 1.2767807245254517 -1.1838653087615967 63 104 36
-5.112584114074707 1.06573486328125 -1.2152132987976074 83 116 61
-15.783647537231445 3.8592140674591064 3.026169538497925 70 84 93
-14.689962387084961 3.0217373371124268 2.639341354370117 79 120 90
-14.276998519897461 2.3952102661132812 2.4053995609283447 124 169 210
-14.95765209197998 1.9553122520446777 2.35737943649292 170 198 209
-15.319849967956543 3.7492129802703857 2.342783212661743 116 170 217
-16.097877502441406 3.3215978145599365 2.2773122787475586 105 138 181
-15.790114402770996 2.6603965759277344 2.0629172325134277 106 123 153
-17.10304069519043 2.2469985485076904 2.055107593536377 197 216 233
-11.643999099731445 2.854795217514038 1.335443377494812 64 70 68
-12.09559154510498 2.5021591186523438 1.2522426843643188 77 99 146
-13.300300598144531 2.2490177154541016 1.2401872873306274 100 120 147
-16.688262939453125 2.20406174659729 1.3842352628707886 223 254 255
-14.710440635681152 3.610414981842041 1.1285419464111328 62 73 59
-19.39053726196289 4.01758337020874 1.284726619720459 30 42 64
-13.380252838134766 2.2695040702819824 0.7487778067588806 124 142 142
-13.673933982849121 1.8132364749908447 0.6297426223754883 153 173 164
-12.600452423095703 3.097919225692749 0.49167174100875854 168 199 219
-12.426946640014648 2.579979419708252 0.3585083782672882 114 126 112
-15.21870231628418 2.5887129306793213 0.288595050573349 71 78 97
-15.78593921661377 2.1025521755218506 0.1445378065109253 168 210 188
-12.88705062866211 3.1774468421936035 0.017605969682335854 105 110 113
-14.165810585021973 2.948983669281006 -0.11920184642076492 77 78 82
-13.162578582763672 2.24629282951355 -0.23820404708385468 89 89 89
-15.358919143676758 2.0503149032592773 -0.42524102330207825 75 87 87
-13.365989685058594 3.3004844188690186 -0.4851006865501404 71 97 110
-13.025325775146484 2.717017650604248 -0.5953651070594788 71 61 72
-12.582149505615234 2.1537928581237793 -0.693794310092926 77 85 74
-15.024678230285645 2.013169765472412 -0.9707213640213013 101 122 81
-11.56337833404541 2.862215757369995 -0.8551415205001831 122 135 118
-11.160402297973633 2.335322380065918 -0.9302126169204712 60 60 62
-11.7599458694458 2.017274856567383 -1.0856608152389526 83 94 77
-12.574932098388672 1.6873836517333984 -1.2795912027359009 76 101 82
-9.861334800720215 2.445302963256836 -1.1058813333511353 79 104 74
-10.052042961120605 2.1096243858337402 -1.2180198431015015 92 111 66
-9.398865699768066 1.616820216178894 -1.2228914499282837 102 131 77
-9.007344245910645 1.2134637832641602 -1.2553433179855347 96 136 76
-7.83852481842041 1.9496644735336304 -1.1793664693832397 142 164 117
-7.6320624351501465 1.604941487312317 -1.214595913887024 102 118 79
-7.468559265136719 1.287850260734558 -1.2550668716430664 118 146 27
-7.440456867218018 1.0029025077819824 -1.3205753564834595 107 135 51
-6.1331562995910645 1.5334497690200806 -1.1628047227859497 84 122 37
-6.344968795776367 1.3378645181655884 -1.255993127822876 89 117 79
-6.323161602020264 1.093410849571228 -1.3082367181777954 91 111 58
-6.1175432205200195 0.8252387046813965 -1.322352409362793 89 130 38
-4.991578578948975 1.2510805130004883 -1.1458303928375244 81 113 46
-5.105478763580322 1.0806082487106323 -1.2143067121505737 103 117 91
-15.402914047241211 2.047372817993164 3.019230842590332 98 132 196
-15.671538352966309 3.8827950954437256 3.0069446563720703 54 54 52
-15.123123168945312 3.1592299938201904 2.71889591217041 50 85 143
-16.662593841552734 2.8480210304260254 2.8087856769561768 153 219 254
-16.30396270751953 2.182201385498047 2.570605754852295 176 202 189
-15.218029975891113 3.7738163471221924 2.3289718627929688 83 117 144
-12.407451629638672 2.5998356342315674 1.7563602924346924 140 185 218
-15.440727233886719 2.6502716541290283 2.0183238983154297 132 143 145
-17.072446823120117 2.2962825298309326 2.0522682666778564 228 255 255
-12.12131118774414 3.0112721920013428 1.391239047050476 159 199 224
-15.690361976623535 3.2960219383239746 1.6254442930221558 123 152 170
-13.06959056854248 2.2512710094451904 1.2193130254745483 154 198 227
-16.511547088623047 2.232283592224121 1.3701387643814087 228 255 255
-6.800443649291992 1.6911845207214355 0.5221057534217834 63 64 82
-19.400577545166016 4.0817790031433105 1.2862156629562378 58 63 66
-13.369291305541992 2.309863328933716 0.748557448387146 168 202 185
-15.163030624389648 2.0580556392669678 0.6986092925071716 134 178 179
-12.538527488708496 3.123518466949463 0.48962706327438354 171 209 210
-13.183849334716797 2.77933931350708 0.38058868050575256 75 86 82
-15.429391860961914 2.673283338546753 0.292744517326355 61 60 66
-15.922089576721191 2.170421838760376 0.1458447128534317 74 77 68
-12.90052604675293 3.222785711288452 0.01763780415058136 64 51 77
-11.640385627746582 2.4605343341827393 -0.09801407158374786 65 77 63
-13.821533203125 2.4024105072021484 -0.25026142597198486 75 80 84
-15.644731521606445 2.1373419761657715 -0.43333378434181213 89 102 93
-12.192402839660645 3.050405740737915 -0.4428445100784302 91 93 90
-13.282760620117188 2.8132688999176025 -0.6075236201286316 88 91 96
-11.624255180358887 2.0265491008758545 -0.6413147449493408 58 69 65
-14.988770484924316 2.0551884174346924 -0.9688041806221008 75 96 79
-11.396844863891602 2.8581302165985107 -0.8434703946113586 89 98 95
-11.181458473205566 2.3755578994750977 -0.9325706958770752 88 99 93
-11.766454696655273 2.055572271347046 -1.086838722229004 103 118 99
-12.527310371398926 1.7201350927352905 -1.2752764225006104 38 63 31
-9.534647941589355 2.395369291305542 -1.0700647830963135 54 75 56
-10.033868789672852 2.137970209121704 -1.216606616973877 98 129 49
-9.53454875946045 1.6702940464019775 -1.241206169128418 94 126 61
-8.976101875305176 1.2373046875 -1.2515124082565308 93 136 57
-7.86033296585083 1.9807153940200806 -1.1835564374923706 90 122 55
-7.612607479095459 1.6252541542053223 -1.2122876644134521 79 109 47
-7.466516494750977 1.3110986948013306 -1.2553937435150146 105 156 64
-7.341732025146484 1.0125383138656616 -1.3035982847213745 126 154 77
-6.002574920654297 1.5203830003738403 -1.1389262676239014 77 119 35
-6.361954689025879 1.3618452548980713 -1.2601765394210815 99 119 66
-6.160552501678467 1.0847680568695068 -1.2752760648727417 105 135 71
-6.1411356925964355 0.8476129174232483 -1.3280079364776611 83 115 40
-4.929059982299805 1.2514954805374146 -1.1323550939559937 99 145 81
-5.12213659286499 1.1005632877349854 -1.2190660238265991 75 108 53
-15.602768898010254 2.1226723194122314 3.0596678256988525 115 176 230
-14.5058012008667 3.641242027282715 2.7854015827178955 61 70 79
-14.527592658996582 3.0813684463500977 2.613516330718994 62 70 89
-16.43025016784668 2.860215425491333 2.771085739135742 184 230 255
-17.94952392578125 2.458529472351074 2.831233024597168 221 237 250
-11.403586387634277 2.8650639057159424 1.7465453147888184 31 35 73
-16.94141387939453 3.6041667461395264 2.3997278213500977 152 212 248
-15.425684928894043 2.6964352130889893 2.0174293518066406 70 59 91
-16.950227737426758 2.3328092098236084 2.0384271144866943 183 211 251
-5.938906669616699 1.4947500228881836 0.6821687817573547 65 88 94
-16.17641258239746 3.449977397918701 1.6768854856491089 67 79 77
-14.760429382324219 2.589175224304199 1.3777925968170166 100 139 178
-5.996467590332031 1.5107954740524292 0.46073397994041443 57 63 61
-14.570005416870117 3.11216139793396 0.9665877819061279 143 182 181
-17.205183029174805 3.026994466781616 0.9638475775718689 69 81 69
-15.296159744262695 2.1239376068115234 0.705039918422699 154 184 174
-12.109350204467773 3.056091547012329 0.4732316732406616 55 58 63
-12.988564491271973 2.7798171043395996 0.3751956820487976 141 158 178
-15.35416316986084 2.7087953090667725 0.29147350788116455 137 165 168
-15.775712013244629 2.1997876167297363 0.14456504583358765 152 172 123
-9.828132629394531 2.4873046875 0.013447549194097519 74 84 73
-11.867432594299316 2.5465877056121826 -0.09999115765094757 62 55 71
-15.927907943725586 2.8189027309417725 -0.2885560095310211 88 84 81
-15.318329811096191 2.1406431198120117 -0.4244728982448578 108 119 113
-11.494207382202148 2.913224697113037 -0.41780775785446167 74 77 84
-11.844206809997559 2.5465776920318604 -0.5420822501182556 79 71 69
-11.495088577270508 2.040388345718384 -0.6345309019088745 83 99 89
-14.974488258361816 2.1000547409057617 -0.9682929515838623 71 92 75
-11.026466369628906 2.801229953765869 -0.8166912198066711 107 116 97
-11.236472129821777 2.4232985973358154 -0.937774658203125 120 137 118
-11.601252555847168 2.0634100437164307 -1.0721590518951416 82 88 54
-12.286490440368652 1.7254894971847534 -1.2512940168380737 83 96 66
-9.53207015991211 2.425835609436035 -1.0706056356430054 119 139 76
-9.96611499786377 2.1555182933807373 -1.209187626838684 81 112 52
-9.445403099060059 1.684560775756836 -1.2302682399749756 96 132 34
-8.966379165649414 1.264007568359375 -1.250691533088684 113 139 65
-7.789981365203857 1.988424301147461 -1.173876404762268 84 127 58
-7.5679931640625 1.6400216817855835 -1.205978512763977 104 129 89
-7.428467750549316 1.3279231786727905 -1.2496753931045532 107 136 82
-7.344441890716553 1.0358829498291016 -1.3046376705169678 93 132 43
-5.995976448059082 1.5383025407791138 -1.1385644674301147 93 129 68
-6.337599754333496 1.3769798278808594 -1.2561832666397095 91 116 48
-6.189023017883301 1.1093683242797852 -1.2818682193756104 93 120 67
-6.153998374938965 0.8686363101005554 -1.3313593864440918 93 130 63
-4.89683723449707 1.259318470954895 -1.1258348226547241 72 107 49
-5.061638832092285 1.1038211584091187 -1.205467939376831 104 150 51
-16.140655517578125 2.246305465698242 3.16648268699646 131 178 220
-14.482175827026367 3.6825785636901855 2.7830214500427246 85 119 128
-14.81750202178955 3.1903953552246094 2.66741943359375 103 130 137
-16.900264739990234 2.995486259460449 2.8518941402435303 161 214 245
-14.938044548034668 2.092758893966675 2.357224941253662 179 214 233
-15.29715633392334 3.893225908279419 2.344693422317505 98 164 190
-17.28658103942871 3.733069896697998 2.4502310752868652 114 150 186
-15.47397518157959 2.7538270950317383 2.0248403549194336 94 93 72
-16.88792610168457 2.3770503997802734 2.0318024158477783 97 106 161
-5.828358173370361 1.4859548807144165 0.6699911952018738 137 178 180
-15.718460083007812 3.402759075164795 1.6304875612258911 64 95 79
-13.011418342590332 2.323544502258301 1.2151931524276733 92 140 160
-5.991804599761963 1.5291852951049805 0.46073397994041443 58 65 71
-14.592572212219238 3.1638245582580566 0.968724250793457 130 187 214
-15.209490776062012 2.7240147590637207 0.8525115251541138 142 187 192
-15.005717277526855 2.1305532455444336 0.6919506788253784 116 155 170
-11.877243995666504 3.036303758621216 0.4645228385925293 66 66 74
-12.955554008483887 2.814347267150879 0.37448975443840027 96 109 128
-13.037123680114746 2.3412859439849854 0.2476235181093216 83 83 83
-15.750080108642578 2.245494842529297 0.14439260959625244 61 88 115
-9.811737060546875 2.5152106285095215 0.013435611501336098 69 74 68
-11.879105567932129 2.58724045753479 -0.10015591979026794 68 68 76
-13.556594848632812 2.442147731781006 -0.24573098123073578 89 102 93
-15.309710502624512 2.1873462200164795 -0.42441803216934204 84 87 94
-11.354536056518555 2.9149270057678223 -0.4130539298057556 72 72 72
-6.892736911773682 1.504119873046875 -0.31567448377609253 92 122 110
-11.453399658203125 2.069254159927368 -0.6325771808624268 72 81 76
-12.1901273727417 1.7477208375930786 -0.7885912656784058 61 80 78
-11.295053482055664 2.906381607055664 -0.837240993976593 102 97 104
-11.250404357910156 2.4624483585357666 -0.939563512802124 90 77 105
-11.491971015930176 2.0803654193878174 -1.0626444816589355 80 78 83
-12.0408353805542 1.7286758422851562 -1.226810097694397 82 99 93
-9.488965034484863 2.4458870887756348 -1.0666019916534424 134 164 126
-9.92453670501709 2.178419351577759 -1.2049481868743896 96 137 43
-9.31136703491211 1.6901476383209229 -1.2134796380996704 93 147 63
-8.958536148071289 1.2909448146820068 -1.250144124031067 105 152 74
-7.7388176918029785 2.000673770904541 -1.1670860052108765 82 117 53
-7.577401161193848 1.6664156913757324 -1.2082866430282593 90 135 76
-7.337973117828369 1.3349910974502563 -1.2351348400115967 90 122 59
-7.344154357910156 1.0588321685791016 -1.3051574230194092 91 122 55
-5.750399589538574 1.4941164255142212 -1.0927976369857788 92 127 43
-6.3084187507629395 1.3909207582473755 -1.2512391805648804 72 112 42
-6.133538246154785 1.118855595588684 -1.2710810899734497 81 97 60
-6.174530982971191 0.8908635973930359 -1.3363865613937378 79 109 75
-4.799437046051025 1.2499808073043823 -1.1043179035186768 56 101 20
-4.956474781036377 1.096827507019043 -1.181218147277832 88 129 51
-15.710931777954102 2.2356557846069336 3.083510398864746 113 162 229
-14.401311874389648 3.709092617034912 2.769655704498291 98 132 167
-14.856715202331543 3.246562957763672 2.6762588024139404 15 22 30
-17.36863136291504 3.1334919929504395 2.9325385093688965 140 209 250
-14.807343482971191 2.120788335800171 2.337615966796875 102 122 73
-13.132883071899414 3.3853390216827393 2.0145437717437744 129 185 208
-17.977506637573242 3.9400415420532227 2.549865484237671 126 190 234
-15.549382209777832 2.8164896965026855 2.0358290672302246 78 84 116
-16.81273651123047 2.4190926551818848 2.023639678955078 230 255 252
-15.722521781921387 3.4541687965393066 1.63200044631958 84 107 121
-12.757330894470215 2.31857967376709 1.1921216249465942 163 210 236
-14.891380310058594 2.1529862880706787 1.2372883558273315 203 250 230
-12.21071720123291 3.1562650203704834 0.9396714568138123 66 67 69
-12.659930229187012 2.7855005264282227 0.8409896492958069 125 161 147
-16.86212730407715 3.073422908782959 0.9456679821014404 118 153 149
-15.065346717834473 2.1861917972564697 0.6950063109397888 66 78 94
-6.909059524536133 1.7888346910476685 0.27042892575263977 68 85 105
-12.588607788085938 2.7751059532165527 0.3641272783279419 97 103 101
-12.695477485656738 2.3201584815979004 0.24126845598220825 78 89 93
-12.665738105773926 1.8454244136810303 0.11616752296686172 129 159 131
-9.797199249267578 2.543541669845581 0.013426326215267181 55 47 68
-11.891615867614746 2.628204584121704 -0.10032891482114792 74 72 73
-13.425124168395996 2.461012125015259 -0.24348360300064087 83 92 89
-15.286112785339355 2.2318503856658936 -0.423951655626297 86 83 90
-11.496427536010742 2.9889779090881348 -0.41854724287986755 68 73 77
-6.853951930999756 1.5177001953125 -0.3141099810600281 66 76 75
-11.420482635498047 2.09950852394104 -0.6311118602752686 75 87 99
-12.060294151306152 1.766884207725525 -0.7805392146110535 84 101 85
-9.916464805603027 2.5841140747070312 -0.735637903213501 106 128 107
-11.597935676574707 2.575826406478882 -0.969242513179779 57 60 67
-11.428729057312012 2.105149030685425 -1.0573887825012207 100 99 78
-12.048272132873535 1.7674858570098877 -1.2281144857406616 66 80 63
-9.308274269104004 2.429791212081909 -1.0471246242523193 110 139 111
-9.91102123260498 2.207345962524414 -1.204123854637146 78 114 76
-9.303211212158203 1.7181661128997803 -1.2130980491638184 90 123 70
-8.963354110717773 1.3197219371795654 -1.251375675201416 98 123 84
-7.671379566192627 2.0083677768707275 -1.1578394174575806 114 151 100
-7.515355110168457 1.6769589185714722 -1.1992076635360718 98 130 67
-7.395928382873535 1.3689894676208496 -1.2455910444259644 125 166 110
-7.289229869842529 1.0737515687942505 -1.295975923538208 130 165 65
-5.751495361328125 1.513252854347229 -1.0938830375671387 71 115 52
-6.28304386138916 1.405552864074707 -1.2470556497573853 87 111 77
-6.106955051422119 1.1333765983581543 -1.266286849975586 93 120 85
-6.077935218811035 0.8959702253341675 -1.3160685300827026 92 126 42
-4.8729729652404785 1.2851097583770752 -1.1221399307250977 67 98 38
-4.96734094619751 1.1152288913726807 -1.1846176385879517 90 126 78
-16.144054412841797 2.3478431701660156 3.1699161529541016 103 154 220
-15.187029838562012 3.961179494857788 2.9230880737304688 94 109 86
-15.602432250976562 3.4597079753875732 2.8124897480010986 135 190 246
-14.522863388061523 2.6661157608032227 2.453425645828247 140 209 251
-15.336488723754883 2.2446136474609375 2.422227382659912 122 175 191
-15.689308166503906 4.095696449279785 2.4086074829101562 121 187 199
-17.954696655273438 3.992811441421509 2.5483555793762207 45 57 83
-12.25560188293457 2.2587358951568604 1.605484962463379 86 112 85
-16.924108505249023 2.488138437271118 2.037954092025757 190 236 210
-12.349787712097168 3.229440450668335 1.4219045639038086 90 125 145
-12.252913475036621 2.7313437461853027 1.2727183103561401 82 81 87
-11.416487693786621 2.111090898513794 1.06742525100708 114 148 176
-14.12060260772705 2.085794448852539 1.1737724542617798 197 225 226
-6.904593467712402 1.8073376417160034 0.5317647457122803 113 130 186
-16.27628517150879 3.6335763931274414 1.0819567441940308 68 115 99
-13.124937057495117 2.4338812828063965 0.7364928126335144 102 140 149
-15.382684707641602 2.2804510593414307 0.7099654674530029 118 153 113
-6.900639533996582 1.809262752532959 0.2703153192996979 70 77 93
-16.442035675048828 3.67750883102417 0.47591233253479004 107 130 122
-12.996954917907715 2.4164841175079346 0.24713754653930664 99 107 126
-12.5215482711792 1.8636645078659058 0.11489694565534592 161 180 187
-9.729387283325195 2.5578231811523438 0.013344085775315762 114 114 106
-14.995121002197266 3.3624048233032227 -0.12659946084022522 69 86 93
-15.980902671813965 2.980226755142212 -0.2900007367134094 74 84 76
-15.307866096496582 2.283013105392456 -0.4247472286224365 80 80 92
-16.955366134643555 4.463837146759033 -0.6177850365638733 82 92 94
-11.80174732208252 2.651320457458496 -0.5412328839302063 66 76 75
-11.453248023986816 2.141878366470337 -0.6332827210426331 0 17 25
-12.282805442810059 1.8379926681518555 -0.7953013181686401 91 117 80
-11.245182037353516 2.9672343730926514 -0.834878146648407 77 83 79
-11.596784591674805 2.6129298210144043 -0.969811737537384 68 79 62
-11.3282470703125 2.1225948333740234 -1.0486897230148315 88 115 106
-11.963091850280762 1.79249906539917 -1.2199866771697998 56 83 74
-9.151803016662598 2.4189610481262207 -1.0303524732589722 77 93 83
-9.74825382232666 2.202507257461548 -1.185163974761963 87 111 63
-9.282299041748047 1.743769884109497 -1.2110631465911865 131 199 90
-8.993548393249512 1.3523703813552856 -1.2561644315719604 103 127 67
-7.623096942901611 2.020738124847412 -1.1514824628829956 103 160 53
-7.474517822265625 1.6919364929199219 -1.1935139894485474 92 128 64
-7.378119468688965 1.38911771774292 -1.243303656578064 103 142 79
-7.267396926879883 1.0933257341384888 -1.2926844358444214 100 132 56
-5.792442798614502 1.5430430173873901 -1.1025660037994385 80 117 37
-6.249022483825684 1.4180872440338135 -1.2411607503890991 101 142 38
-6.0832295417785645 1.1482903957366943 -1.262091875076294 92 109 57
-6.089661598205566 0.9167963862419128 -1.319210410118103 85 106 63
-4.901071071624756 1.30861496925354 -1.129529595375061 85 106 63
-5.080705165863037 1.1570649147033691 -1.212493658065796 94 143 61
-14.963793754577637 3.952024459838867 2.882441282272339 54 49 56
-15.32558822631836 3.4476840496063232 2.764479637145996 135 193 195
-14.544676780700684 2.7162725925445557 2.4585068225860596 121 169 205
-15.790743827819824 2.360602855682373 2.4951040744781494 106 146 146
-11.380000114440918 3.0080738067626953 1.748455286026001 70 128 192
-11.908108711242676 2.6865224838256836 1.691309928894043 82 144 193
-12.248614311218262 2.2963249683380127 1.605484962463379 72 95 111
-16.933090209960938 2.542555809020996 2.0399651527404785 184 219 221
-15.280665397644043 4.045984745025635 1.760774850845337 64 68 103
-5.757368564605713 1.3019508123397827 0.598433792591095 96 97 83
-15.369532585144043 2.8908653259277344 1.437851905822754 69 83 83
-13.599712371826172 2.0515055656433105 1.1309914588928223 175 191 181
-12.217148780822754 3.238027334213257 0.9416775703430176 103 148 153
-12.554034233093262 2.8430705070495605 0.835098147392273 90 145 150
-13.11152172088623 2.4730262756347656 0.7361623048782349 111 135 113
-15.431915283203125 2.3361566066741943 0.7125650644302368 81 117 69
-6.851593971252441 1.8188872337341309 0.26861143112182617 142 153 147
-12.925204277038574 2.9325830936431885 0.3743768334388733 125 162 168
-12.88632583618164 2.436840295791626 0.24517494440078735 79 75 66
-19.074193954467773 2.898780584335327 0.17510439455509186 81 91 90
-7.1229753494262695 1.8959885835647583 0.00977726187556982 67 77 69
-15.202173233032227 3.4578514099121094 -0.12843649089336395 79 77 78
-12.824302673339844 2.4322988986968994 -0.23285314440727234 72 82 81
-15.260272026062012 2.323796272277832 -0.4236224591732025 90 88 91
-10.95544719696045 2.920208692550659 -0.39949673414230347 129 145 142
-11.665959358215332 2.658438205718994 -0.5353771448135376 116 139 113
-11.403461456298828 2.168797492980957 -0.6308948397636414 69 77 80
-12.273163795471191 1.8750642538070679 -0.7950457334518433 89 105 104
-11.269752502441406 3.010730266571045 -0.8373842239379883 67 74 66
-11.37981128692627 2.6007533073425293 -0.9523295760154724 65 82 66
-11.340270042419434 2.160881280899048 -1.0504114627838135 71 90 71
-11.892624855041504 1.819262981414795 -1.2133640050888062 132 156 104
-9.157782554626465 2.450624942779541 -1.0318673849105835 112 138 101
-9.709507942199707 2.225084066390991 -1.1812777519226074 94 113 81
-9.311979293823242 1.7789397239685059 -1.2156418561935425 117 127 100
-8.958024978637695 1.3751459121704102 -1.2517859935760498 110 146 56
-7.485931873321533 2.0089786052703857 -1.1316890716552734 89 125 53
-7.3094282150268555 1.678157091140747 -1.1679694652557373 95 139 62
-7.374792575836182 1.4119325876235962 -1.243467092514038 101 137 65
-7.2416181564331055 1.1121779680252075 -1.288699984550476 93 135 51
-5.766790866851807 1.5551730394363403 -1.0985863208770752 75 103 55
-5.966230869293213 1.373173713684082 -1.1858247518539429 82 118 54
-6.040224552154541 1.1593753099441528 -1.253901720046997 98 126 67
-6.046228408813477 0.9292364120483398 -1.3104130029678345 87 118 42
-4.837669849395752 1.307599425315857 -1.1158370971679688 91 133 47
-4.971792697906494 1.1483172178268433 -1.1873371601104736 75 107 68
-16.401092529296875 2.488081932067871 3.223323106765747 132 196 244
-16.538597106933594 4.422262668609619 3.1883904933929443 75 115 151
-14.848289489746094 3.38820219039917 2.6802451610565186 132 198 222
-14.752395629882812 2.8019301891326904 2.4950592517852783 139 195 255
-15.66524887084961 2.3909993171691895 2.47642183303833 89 122 141
-15.343780517578125 4.1062235832214355 2.3593862056732178 51 62 56
-16.719985961914062 3.8260481357574463 2.3763973712921143 101 158 175
-15.499419212341309 2.9550251960754395 2.032762289047241 73 84 90
-17.11660385131836 2.623832941055298 2.0630335807800293 177 210 225
-15.169304847717285 4.066340923309326 1.7493722438812256 178 224 255
-5.7717719078063965 1.32383394241333 0.6003502607345581 160 232 247
-16.109792709350586 3.081303834915161 1.5079820156097412 86 96 132
-19.380382537841797 2.9843544960021973 1.6124825477600098 93 82 124
-16.434490203857422 4.409795761108398 1.267780065536499 91 119 122
-12.578320503234863 2.8891677856445312 0.8372994065284729 55 65 66
-15.302396774291992 2.934903383255005 0.8596731424331665 125 134 143
-13.369236946105957 2.0658743381500244 0.6176111102104187 68 67 81
-9.361835479736328 2.516050100326538 0.3673244118690491 87 105 119
-12.91419792175293 2.9717750549316406 0.3743203580379486 146 172 161
-13.05061149597168 2.509401798248291 0.24844594299793243 88 102 103
-12.763830184936523 1.9798518419265747 0.11722937226295471 150 185 205
-6.934634685516357 1.8686573505401611 0.009526562876999378 66 72 70
-6.883965015411377 1.5880389213562012 -0.058200493454933167 34 37 46
-12.831506729125977 2.4744718074798584 -0.23312069475650787 94 100 98
-15.254058837890625 2.3707568645477295 -0.4236499071121216 86 97 93
-9.404576301574707 2.537747621536255 -0.3432256579399109 76 92 89
-11.740483283996582 2.713336944580078 -0.5391766428947449 58 57 62
-11.960464477539062 2.312776565551758 -0.6621003746986389 63 63 73
-12.29989242553711 1.9177824258804321 -0.7971546053886414 81 86 82
-9.382917404174805 2.5375258922576904 -0.6977605223655701 83 84 70
-11.445570945739746 2.652756690979004 -0.9585092663764954 62 81 62
-11.264169692993164 2.1822142601013184 -1.0439777374267578 74 93 100
-11.856513023376465 1.8509830236434937 -1.2102532386779785 85 102 68
-9.06098461151123 2.454535484313965 -1.0218040943145752 93 112 82
-9.662978172302246 2.245645761489868 -1.1764496564865112 75 104 56
-9.33763599395752 1.8135515451431274 -1.2197117805480957 96 116 88
-8.921467781066895 1.397563099861145 -1.2472708225250244 94 132 47
-7.157931804656982 1.944515585899353 -1.0830003023147583 111 150 93
-7.307132244110107 1.7012465000152588 -1.1684311628341675 83 121 48
-7.313291072845459 1.4234309196472168 -1.233827829360962 85 96 62
-7.253740310668945 1.1368296146392822 -1.2914718389511108 112 143 63
-5.392914295196533 1.4721101522445679 -1.0282174348831177 83 123 37
-6.0088372230529785 1.4024051427841187 -1.1951425075531006 77 115 40
-6.032792091369629 1.1771503686904907 -1.2531025409698486 84 114 64
-6.090683460235596 0.9552050828933716 -1.3206766843795776 90 119 37
-4.829869270324707 1.3214046955108643 -1.114967703819275 88 116 67
-4.975832939147949 1.165341854095459 -1.1891502141952515 97 129 64
-16.829919815063477 2.605982542037964 3.3091564178466797 116 161 202
-16.579042434692383 4.487622261047363 3.198826789855957 72 127 194
-14.81767463684082 3.4290771484375 2.676605463027954 105 157 196
-17.638816833496094 3.406249761581421 2.984990119934082 135 203 250
-15.276130676269531 2.379589080810547 2.4160513877868652 100 151 180
-14.947308540344238 4.049304008483887 2.300320863723755 69 86 102
-12.576478004455566 2.9185190200805664 1.7887482643127441 32 51 58
-15.07646656036377 2.922351360321045 1.9784584045410156 148 185 201
-12.731042861938477 1.9915580749511719 1.5351788997650146 83 75 90
-11.47739315032959 3.1144468784332275 1.3247050046920776 129 166 159
-15.705114364624023 3.6529338359832764 1.6347239017486572 34 70 58
-15.523543357849121 3.0185694694519043 1.4539653062820435 118 146 170
-16.487369537353516 2.5906708240509033 1.3724335432052612 130 162 183
-6.0090250968933105 1.632154941558838 0.4639289081096649 49 68 101
-12.577173233032227 2.9295549392700195 0.837817370891571 59 58 72
-16.510513305664062 3.219160556793213 0.9280943870544434 154 170 159
-13.360862731933594 2.106569766998291 0.6175199151039124 85 105 140
-12.559200286865234 3.4167096614837646 0.4931863248348236 34 26 15
-12.884577751159668 3.0066111087799072 0.373727411031723 133 150 144
-13.153733253479004 2.5711023807525635 0.250558078289032 105 128 134
-15.602176666259766 2.4691619873046875 0.14336706697940826 119 134 137
-6.946234703063965 1.894660472869873 0.009550439193844795 64 63 77
-13.486464500427246 3.1547563076019287 -0.11410261690616608 67 75 78
-12.788532257080078 2.5069024562835693 -0.23247858881950378 83 93 95
-15.201297760009766 2.4103434085845947 -0.422387957572937 82 83 85
-9.724528312683105 2.6561176776885986 -0.3551982343196869 88 86 97
-13.385608673095703 3.1368319988250732 -0.6151674389839172 89 86 95
-13.326963424682617 2.619454860687256 -0.7381876111030579 78 84 80
-12.299863815307617 1.9564495086669922 -0.7975379824638367 74 67 75
-14.111213684082031 3.8627490997314453 -1.050256609916687 73 80 73
-11.370430946350098 2.672125816345215 -0.9528987407684326 57 50 58
-11.266215324401855 2.218493700027466 -1.0447932481765747 64 75 67
-11.770207405090332 1.8745179176330566 -1.202025055885315 61 71 72
-9.025607109069824 2.4746992588043213 -1.01866614818573 65 71 69
-9.505258560180664 2.239750862121582 -1.1580785512924194 93 124 67
-9.535406112670898 1.8823384046554565 -1.2462936639785767 69 95 66
-8.991480827331543 1.4368069171905518 -1.2576693296432495 77 114 62
-7.196775436401367 1.978796362876892 -1.08979070186615 120 124 107
-7.31053352355957 1.7256994247436523 -1.169816017150879 95 135 83
-7.340826988220215 1.4521790742874146 -1.239219307899475 93 124 82
-7.2239603996276855 1.1548805236816406 -1.2867944240570068 96 141 58
-5.5305705070495605 1.5279334783554077 -1.055351972579956 94 134 48
-5.682546615600586 1.3446487188339233 -1.1310594081878662 98 128 74
-6.02050256729126 1.1939377784729004 -1.2513047456741333 97 125 77
-6.046205997467041 0.9672446250915527 -1.3116697072982788 81 107 68
-4.829555511474609 1.337258219718933 -1.1158370971679688 83 98 69
-4.927695274353027 1.1700267791748047 -1.1784985065460205 96 115 87
-16.822813034057617 2.657756805419922 3.309347152709961 126 173 227
-13.18692398071289 3.6128997802734375 2.546464681625366 119 175 212
-18.831260681152344 4.418804168701172 3.404036283493042 120 177 244
-14.411612510681152 2.8289315700531006 2.440312623977661 83 129 145
-15.297056198120117 2.430941343307495 2.4205288887023926 105 126 147
-6.656561851501465 1.8252366781234741 1.025270700454712 58 70 94
-17.21493911743164 4.050626754760742 2.4502310752868652 59 70 76
-14.953577995300293 2.946160078048706 1.9635087251663208 119 166 174
-12.20320987701416 1.9473609924316406 1.4722434282302856 125 147 168
-15.79000473022461 4.336749076843262 1.8239877223968506 101 136 138
-15.287132263183594 3.6051862239837646 1.5923603773117065 66 78 74
-15.744758605957031 3.111745834350586 1.4755719900131226 99 125 184
-12.962255477905273 2.0775368213653564 1.0795232057571411 78 86 88
-6.056875228881836 1.6651216745376587 0.4680153727531433 85 96 100
-12.535104751586914 2.960329294204712 0.8356161117553711 92 108 144
-16.354623794555664 3.240879774093628 0.91988605260849 196 236 246
-13.328693389892578 2.1434266567230225 0.6163341403007507 157 214 208
-12.54865837097168 3.4552247524261475 0.4931863248348236 55 55 67
-12.677824974060059 2.999408006668091 0.36799556016921997 112 120 122
-12.888849258422852 2.5604047775268555 0.2456609159708023 94 95 99
-15.559976577758789 2.5114405155181885 0.143049418926239 88 97 106
-6.9355692863464355 1.914631724357605 0.009543807245790958 92 94 83
-13.709263801574707 3.2512664794921875 -0.11607147008180618 62 54 67
-13.418153762817383 2.6730997562408447 -0.24407221376895905 89 102 82
-15.12574291229248 2.445958375930786 -0.42049509286880493 78 78 76
-9.679730415344238 2.675820827484131 -0.35386011004447937 79 89 52
-11.436888694763184 2.7172036170959473 -0.5259900093078613 84 85 87
-13.323760032653809 2.6613070964813232 -0.7384589314460754 71 76 79
-12.290847778320312 1.9936963319778442 -0.797346293926239 91 96 99
-9.36140251159668 2.5934526920318604 -0.697330892086029 81 87 85
-11.75484848022461 2.800548791885376 -0.9858301877975464 95 107 85
-11.160727500915527 2.233311414718628 -1.0356411933898926 84 96 74
-11.739848136901855 1.9066320657730103 -1.1995164155960083 66 74 63
-8.973907470703125 2.490150213241577 -1.0136884450912476 145 141 116
-9.465502738952637 2.2610573768615723 -1.1540746688842773 104 128 80
-9.261174201965332 1.8577418327331543 -1.2111903429031372 88 116 67
-8.98311996459961 1.4637483358383179 -1.2571221590042114 118 160 124
-6.913262844085693 1.9236754179000854 -1.0477479696273804 80 90 79
-7.311931133270264 1.7497293949127197 -1.1708931922912598 101 140 61
-7.265730857849121 1.460500717163086 -1.227292776107788 72 108 46
-7.0172247886657715 1.143919825553894 -1.2505881786346436 90 126 52
-5.6527791023254395 1.5803782939910889 -1.0795921087265015 87 127 64
-5.958113193511963 1.4291722774505615 -1.1867755651474 108 140 73
-5.9908766746521 1.207176923751831 -1.2459112405776978 90 116 68
-6.018118381500244 0.9816964864730835 -1.3062235116958618 88 122 71
-4.808511734008789 1.3473283052444458 -1.1119248867034912 107 141 67
-4.901355743408203 1.1796692609786987 -1.1730592250823975 73 102 48
-16.133275985717773 2.599576473236084 3.1752567291259766 88 132 177
-13.154935836791992 3.6475605964660645 2.5424365997314453 101 160 192
-14.481226921081543 2.8887641429901123 2.45358943939209 138 188 241
-16.023914337158203 2.596877336502075 2.536792039871216 96 129 148
-14.962212562561035 4.1520514488220215 2.3064918518066406 30 71 77
-11.441630363464355 2.7292566299438477 1.6296906471252441 35 45 47
-15.052416801452637 3.0136353969573975 1.977691650390625 59 68 83
-12.19717788696289 1.9847908020019531 1.4722434282302856 101 143 142
-15.261463165283203 4.24198055267334 1.7644281387329102 63 62 68
-15.346636772155762 3.668956995010376 1.5997235774993896 71 78 70
-12.290727615356445 2.468306064605713 1.152570366859436 90 95 89
-13.004016876220703 2.125170946121216 1.0835390090942383 122 99 151
-5.924919605255127 1.648413062095642 0.45820778608322144 61 49 71
-7.193185329437256 1.7220810651779175 0.47986260056495667 74 78 79
-16.340688705444336 3.2902514934539795 0.9196656942367554 122 124 139
-16.84726333618164 2.76230788230896 0.7794250249862671 176 209 228
-15.911948204040527 4.43385648727417 0.6259016990661621 83 88 91
-12.008549690246582 2.8799984455108643 0.34882354736328125 157 188 216
-16.891340255737305 3.4094104766845703 0.32214608788490295 59 60 65
-15.571931838989258 2.562413215637207 0.14323092997074127 134 148 159
-9.657224655151367 2.6978843212127686 0.01330031268298626 74 89 84
-14.927196502685547 3.5885164737701416 -0.12647588551044464 81 94 74
-12.805248260498047 2.591869831085205 -0.23306718468666077 104 119 124
-14.878493309020996 2.4528398513793945 -0.41382884979248047 78 89 95
-8.78700065612793 2.4580817222595215 -0.32149893045425415 77 85 72
-12.538619041442871 3.0196242332458496 -0.577082633972168 78 85 78
-13.356633186340332 2.710512161254883 -0.7407383322715759 55 44 61
-12.292551040649414 2.0326972007751465 -0.7978575229644775 88 88 86
-9.986310958862305 2.7995922565460205 -0.7445165514945984 59 60 55
-11.354789733886719 2.742076873779297 -0.9529800415039062 70 77 70
-11.160654067993164 2.268930196762085 -1.0362755060195923 68 73 67
-11.655416488647461 1.9296396970748901 -1.1914888620376587 78 87 102
-8.864771842956543 2.489182233810425 -1.00221848487854 135 164 144
-9.458520889282227 2.290086507797241 -1.1540746688842773 101 126 87
-9.538254737854004 1.943781852722168 -1.2482013702392578 106 142 70
-9.005948066711426 1.4958460330963135 -1.2609531879425049 80 119 36
-6.910185813903809 1.9456804990768433 -1.0481812953948975 82 115 46
-7.308449745178223 1.7726197242736816 -1.1712009906768799 99 143 64
-7.259282112121582 1.4823899269104004 -1.2269659042358398 106 147 69
-7.039914131164551 1.169801950454712 -1.2552655935287476 95 130 64
-5.657367706298828 1.6003904342651367 -1.0814011096954346 115 148 93
-5.931759357452393 1.4421106576919556 -1.1824020147323608 93 128 28
-5.969865798950195 1.22201406955719 -1.2423155307769775 111 139 62
-6.030511856079102 1.0027214288711548 -1.309575080871582 105 131 68
-4.734863758087158 1.3423727750778198 -1.0958415269851685 72 109 75
-4.895821571350098 1.1942392587661743 -1.1726059913635254 74 106 33
-15.91502571105957 2.6145286560058594 3.1338658332824707 61 77 110
-13.136110305786133 3.685777425765991 2.5409717559814453 128 178 227
-13.235418319702148 3.191533327102661 2.3959977626800537 32 57 111
-15.512591361999512 3.1440205574035645 2.629958152770996 71 94 108
-16.196208953857422 2.6758201122283936 2.5653562545776367 72 99 106
-6.768085956573486 1.900543212890625 1.044224500656128 98 130 141
-12.356524467468262 2.987588882446289 1.7613009214401245 126 160 198
-14.896342277526855 3.0299506187438965 1.9583977460861206 114 163 196
-12.55348014831543 2.0823235511779785 1.5160143375396729 104 110 98
-15.254117965698242 4.290396690368652 1.7650924921035767 59 59 69
-5.894327640533447 1.4283021688461304 0.6148748397827148 67 82 85
-12.326027870178223 2.5147604942321777 1.156598687171936 65 75 74
-14.51630973815918 2.4180641174316406 1.2101609706878662 131 160 174
-12.287952423095703 3.4593684673309326 0.9511136412620544 98 121 111
-15.147666931152344 3.6755921840667725 1.0112593173980713 94 114 125
-16.23563003540039 3.3209593296051025 0.914322018623352 115 137 135
-16.709636688232422 2.7924118041992188 0.7734505534172058 193 234 236
-7.073913097381592 1.9945499897003174 0.27849408984184265 119 123 126
-12.857330322265625 3.1253061294555664 0.37375563383102417 153 172 142
-13.03646469116211 2.672978639602661 0.24878238141536713 79 82 75
-15.320409774780273 2.569324016571045 0.1409892588853836 64 108 111
-9.611372947692871 2.716891050338745 0.013248582370579243 61 78 60
-12.778719902038574 3.113521099090576 -0.10835259407758713 70 79 78
-12.638581275939941 2.5985236167907715 -0.23017771542072296 81 87 85
-15.116364479064941 2.5397157669067383 -0.4206596910953522 65 62 69
-9.692939758300781 2.7436020374298096 -0.35495173931121826 74 92 96
-13.146540641784668 3.2087314128875732 -0.6055121421813965 72 54 78
-13.40888786315918 2.763975143432617 -0.7441030740737915 99 100 105
-13.336272239685059 2.247342586517334 -0.8660445213317871 85 93 78
-9.763688087463379 2.7695183753967285 -0.7285493016242981 79 86 68
-11.142051696777344 2.7269065380096436 -0.9358231425285339 72 85 67
-11.119504928588867 2.2961111068725586 -1.0331039428710938 66 71 65
-11.6837797164917 1.971182107925415 -1.1950008869171143 77 79 78
-8.822668075561523 2.506586790084839 -0.9983230829238892 68 92 56
-9.434091567993164 2.3148345947265625 -1.1519548892974854 91 116 48
-9.527389526367188 1.972030520439148 -1.2475653886795044 61 93 26
-9.00033950805664 1.5233033895492554 -1.260816216468811 96 137 33
-6.912749290466309 1.9693114757537842 -1.0494816303253174 97 136 55
-7.30393648147583 1.795269250869751 -1.17135488986969 81 108 41
-7.23924446105957 1.5014485120773315 -1.2243520021438599 103 141 42
-7.0401763916015625 1.1920522451400757 -1.2559585571289062 95 130 46
-5.6023173332214355 1.6033968925476074 -1.0718135833740234 103 146 77
-5.848187446594238 1.4408094882965088 -1.166618824005127 98 138 75
-5.920041084289551 1.2307504415512085 -1.2327269315719604 79 103 45
-5.996556282043457 1.0159910917282104 -1.3028721809387207 101 128 59
-4.794524669647217 1.3751927614212036 -1.1106208562850952 59 89 53
-4.859041213989258 1.2010737657546997 -1.1646738052368164 102 134 84
-14.947480201721191 2.502699613571167 2.9448423385620117 72 94 143
-18.294063568115234 5.193611145019531 3.5417611598968506 84 122 161
-15.005045890808105 3.667001724243164 2.7183761596679688 79 115 163
-14.47675609588623 2.9803497791290283 2.4558842182159424 71 79 115
-16.301916122436523 2.7446889877319336 2.583420991897583 145 219 255
-6.744144916534424 1.9161620140075684 1.0414328575134277 110 136 149
-15.166187286376953 3.7162015438079834 2.163405656814575 134 201 244
-14.914173126220703 3.08125638961792 1.961975336074829 115 170 209
-14.209527015686035 2.401839017868042 1.7168877124786377 192 238 212
-15.429195404052734 4.390764236450195 1.7869014739990234 87 104 147
-16.911291122436523 4.1528825759887695 1.7654452323913574 68 72 75
-12.32800579071045 2.5545849800109863 1.157514214515686 67 72 66
-16.44647789001465 2.7914669513702393 1.3717780113220215 205 255 244
-7.378261566162109 2.1016180515289307 0.5715895295143127 57 62 68
-15.13050365447998 3.7206172943115234 1.0108708143234253 115 179 204
-16.214611053466797 3.3685200214385986 0.9137160181999207 120 151 146
-16.841814041137695 2.867640972137451 0.7799723744392395 59 65 63
-7.144636154174805 2.0381736755371094 0.2815232574939728 119 128 135
-12.894103050231934 2.6850368976593018 0.246221661567688 74 80 76
-15.344982147216797 2.6218719482421875 0.14128875732421875 114 143 147
-9.730865478515625 2.782935857772827 0.013424999080598354 75 81 55
-6.976264476776123 1.722449779510498 -0.05919726938009262 68 78 70
-11.781987190246582 2.460104465484619 -0.21471361815929413 73 83 75
-13.325118064880371 2.2808234691619873 -0.37100571393966675 53 54 59
-9.60473346710205 2.750490665435791 -0.352029025554657 85 101 91
-8.9268217086792 2.2078475952148438 -0.4114675521850586 92 114 128
-11.490618705749512 2.4053361415863037 -0.6380585432052612 64 58 72
-12.188374519348145 2.092381715774536 -0.7919143438339233 59 70 62
-9.646808624267578 2.7683701515197754 -0.7204582691192627 94 107 97
-11.1239595413208 2.7586777210235596 -0.9350100159645081 78 81 72
-11.05295181274414 2.317746639251709 -1.0275763273239136 69 61 82
-11.626687049865723 1.9982545375823975 -1.189782977104187 65 73 58
-8.727035522460938 2.5083775520324707 -0.988368034362793 70 83 66
-9.41248893737793 2.3401730060577393 -1.1501884460449219 93 126 45
-8.792323112487793 1.8480304479599 -1.152048945426941 88 133 76
-8.95560073852539 1.5440086126327515 -1.25520658493042 87 119 46
-6.966575622558594 2.0077736377716064 -1.0585837364196777 80 116 55
-7.2926411628723145 1.816236138343811 -1.1704316139221191 91 132 64
-7.216261386871338 1.519788146018982 -1.2212477922439575 83 126 46
-7.018045902252197 1.2104650735855103 -1.2526670694351196 105 131 68
-5.630436897277832 1.6301500797271729 -1.0781450271606445 96 144 70
-5.803733825683594 1.4487582445144653 -1.1586322784423828 92 125 56
-5.913360595703125 1.2482999563217163 -1.2321276664733887 84 113 67
-5.993411064147949 1.0343834161758423 -1.3028721809387207 100 122 83
-4.773409366607666 1.3849997520446777 -1.1067086458206177 94 139 80
-4.830768585205078 1.2098233699798584 -1.1587812900543213 88 123 57
-14.727812767028809 2.512395143508911 2.9030699729919434 142 203 232
-13.206791877746582 3.7931771278381348 2.5590980052948 79 96 122
-14.640009880065918 3.6254258155822754 2.6542470455169678 3 20 46
-16.805255889892578 3.513498544692993 2.8527138233184814 87 115 136
-14.456854820251465 2.479677438735962 2.292222499847412 106 128 177
-13.134233474731445 3.775315284729004 2.0299713611602783 48 88 137
-15.085497856140137 3.745527505874634 2.153524398803711 119 169 192
-14.895914077758789 3.1251652240753174 1.9608254432678223 67 70 85
-17.28754425048828 2.976698398590088 2.0898876190185547 171 188 218
-15.417563438415527 4.438629627227783 1.7871229648590088 201 250 254
-12.237223625183105 3.0449156761169434 1.2784675359725952 29 41 57
-12.333752632141113 2.5952653884887695 1.158795952796936 162 227 245
-14.907774925231934 2.577381134033203 1.2440906763076782 72 85 104
-7.032560348510742 2.0264954566955566 0.5452873110771179 96 173 191
-15.543132781982422 3.8726911544799805 1.0392274856567383 129 167 176
-12.615751266479492 2.6612722873687744 0.7113720178604126 157 198 228
-14.832906723022461 2.572436809539795 0.6872987747192383 87 106 149
-6.9904937744140625 2.0174131393432617 0.2756921052932739 54 62 49
-9.776094436645508 2.4399573802948 0.2846156060695648 70 84 69
-12.354643821716309 2.612273693084717 0.23607224225997925 77 89 77
-15.26692008972168 2.6567652225494385 0.1406443864107132 66 67 61
-9.63198471069336 2.7866525650024414 0.01330031268298626 109 124 105
-6.943785190582275 1.7370496988296509 -0.058966610580682755 69 79 80
-11.950443267822266 2.533565044403076 -0.21792414784431458 96 107 91
-13.326921463012695 2.3232388496398926 -0.3712526261806488 65 72 65
-9.6596040725708 2.798297643661499 -0.3543531000614166 84 92 103
-11.519937515258789 2.8867292404174805 -0.5313987731933594 94 118 128
-11.43727970123291 2.430820941925049 -0.6355078220367432 65 75 74
-11.592071533203125 2.0266456604003906 -0.7535712122917175 67 71 80
-9.556849479675293 2.7743170261383057 -0.7143721580505371 80 80 80
-11.072911262512207 2.782106399536133 -0.93143230676651 82 109 42
-11.035074234008789 2.349364757537842 -1.0265796184539795 67 81 64
-11.57345962524414 2.025681734085083 -1.1849665641784668 65 70 73
-8.863442420959473 2.577049970626831 -1.0047073364257812 98 95 86
-9.393709182739258 2.366128444671631 -1.148775339126587 75 94 62
-8.806982040405273 1.8793431520462036 -1.1547198295593262 121 163 97
-8.884475708007812 1.559828519821167 -1.2459027767181396 85 111 74
-6.712442874908447 1.95685613155365 -1.0208752155303955 93 123 69
-7.283202648162842 1.8376342058181763 -1.169816017150879 92 140 28
-7.150784969329834 1.5289247035980225 -1.2109549045562744 108 145 68
-7.002658843994141 1.2299458980560303 -1.2505881786346436 82 118 30
-5.588598728179932 1.6366362571716309 -1.0710899829864502 85 129 52
-5.670769691467285 1.4340630769729614 -1.1329609155654907 115 143 58
-5.903754711151123 1.2652040719985962 -1.2309290170669556 62 103 45
-5.9940619468688965 1.053443193435669 -1.3037101030349731 88 122 62
-4.790679454803467 1.4059598445892334 -1.1117075681686401 111 153 67
-4.767557621002197 1.209548830986023 -1.1445033550262451 95 115 44
-14.754853248596191 2.56361722946167 2.9099366664886475 131 176 207
-13.278169631958008 3.857814311981201 2.5752103328704834 77 91 152
-15.011877059936523 3.7664318084716797 2.7237489223480225 130 201 223
-14.496794700622559 3.077315092086792 2.4624407291412354 81 94 103
-14.458911895751953 2.525718927383423 2.293766498565674 132 182 219
-15.451526641845703 4.492766380310059 2.3902413845062256 88 113 117
-5.787691593170166 1.4558719396591187 0.8268535137176514 115 144 174
-12.372879028320312 2.6354880332946777 1.629762053489685 71 71 105
-11.999765396118164 2.104135513305664 1.4514225721359253 58 53 109
-14.155760765075684 4.122434616088867 1.6423197984695435 118 125 180
-5.983192443847656 1.5082699060440063 0.6255665421485901 86 91 121
-16.845264434814453 3.5985805988311768 1.583696961402893 119 183 231
-13.062352180480957 2.299623727798462 1.0906691551208496 189 228 225
-6.421237468719482 1.871692180633545 0.498329758644104 97 99 85
-15.112227439880371 3.814607620239258 1.0111945867538452 139 183 184
-12.599716186523438 2.698291540145874 0.7109312415122986 198 242 251
-16.839641571044922 2.973705768585205 0.7807019948959351 136 156 167
-6.92575740814209 2.021768808364868 0.27338236570358276 67 78 70
-12.603190422058105 3.186661958694458 0.3672049641609192 132 160 138
-12.329952239990234 2.6465978622436523 0.23575448989868164 91 117 92
-13.225452423095703 2.3433332443237305 0.12190330028533936 69 65 66
-9.394009590148926 2.7490642070770264 0.012983291409909725 62 56 60
-6.916128635406494 1.752694845199585 -0.05877713859081268 67 62 69
-11.940659523010254 2.569795846939087 -0.2178884893655777 83 83 73
-13.463430404663086 2.3896193504333496 -0.37525784969329834 94 97 102
-8.87317943572998 2.6000113487243652 -0.3257949948310852 54 62 49
-12.588733673095703 3.1956326961517334 -0.5811504125595093 87 101 101
-11.599603652954102 2.50253963470459 -0.6449508666992188 94 100 96
-11.764616966247559 2.0940284729003906 -0.765201985836029 97 108 110
-10.204815864562988 2.996396064758301 -0.7634910345077515 99 106 73
-11.02278995513916 2.8054933547973633 -0.9279358983039856 27 48 41
-11.009320259094238 2.379211902618408 -1.0248578786849976 132 165 144
-11.524090766906738 2.0534989833831787 -1.180551290512085 82 88 50
-8.740091323852539 2.5702924728393555 -0.9916142225265503 76 90 57
-9.302693367004395 2.37357759475708 -1.138529896736145 76 102 54
-9.545673370361328 2.0676138401031494 -1.2523984909057617 98 128 66
-8.859169960021973 1.5834182500839233 -1.2430293560028076 80 114 37
-6.679832458496094 1.9696044921875 -1.0168298482894897 76 112 42
-7.2631707191467285 1.8563001155853271 -1.1675077676773071 108 146 87
-7.124850273132324 1.5462526082992554 -1.2073606252670288 91 122 63
-6.993035316467285 1.2503838539123535 -1.2495487928390503 93 129 59
-5.668421745300293 1.6789116859436035 -1.0873706340789795 91 122 54
-5.683462142944336 1.4558391571044922 -1.1363837718963623 95 133 30
-5.904632568359375 1.2843518257141113 -1.2319278717041016 115 146 79
-5.982138633728027 1.0702778100967407 -1.3018248081207275 81 108 65
-4.934191703796387 1.4645341634750366 -1.1460477113723755 79 107 66
-4.801557540893555 1.2338660955429077 -1.1535686254501343 76 110 73
-14.850348472595215 2.6271700859069824 2.9303460121154785 81 117 169
-14.883879661560059 4.37389612197876 2.8892157077789307 115 153 176
-15.521417617797852 3.944930076599121 2.818382740020752 62 74 98
-15.277080535888672 3.291964054107666 2.596684217453003 110 149 204
-14.563934326171875 2.5901341438293457 2.3116769790649414 173 223 255
-15.095094680786133 4.4394001960754395 2.3371999263763428 82 86 113
-11.878353118896484 3.026733160018921 1.6983091831207275 60 68 105
-16.010658264160156 3.4617366790771484 2.110321521759033 77 98 65
-17.356931686401367 3.098421573638916 2.100534677505493 69 69 67
-15.247034072875977 4.491024971008301 1.7705169916152954 144 177 182
-5.9062395095825195 1.5081578493118286 0.6180016994476318 60 76 73
-16.905187606811523 3.6656486988067627 1.590380311012268 147 218 250
-14.738643646240234 2.641378879547119 1.2313055992126465 137 151 116
-5.976416110992432 1.7619447708129883 0.4642260670661926 57 68 70
-6.852680683135986 1.7521247863769531 0.45888641476631165 58 61 70
-12.380627632141113 2.691124200820923 0.6990318894386292 143 192 209
-13.373502731323242 2.403953790664673 0.6203475594520569 106 133 90
-6.896521091461182 2.0362162590026855 0.27247363328933716 50 61 47
-9.624401092529297 2.4649276733398438 0.2806343734264374 123 135 113
-15.606147766113281 3.399944305419922 0.2985949218273163 67 68 72
-13.214263916015625 2.3831872940063477 0.12186699360609055 104 112 123
-9.576349258422852 2.8343489170074463 0.013247255235910416 52 53 55
-6.908782005310059 1.7734078168869019 -0.058760665357112885 66 63 72
-11.484363555908203 2.5084846019744873 -0.20970162749290466 91 102 94
-13.188468933105469 2.382575750350952 -0.36779603362083435 81 82 77
-9.56847095489502 2.8356499671936035 -0.3516416549682617 64 73 78
-8.820012092590332 2.2677736282348633 -0.40748918056488037 71 66 86
-6.862067699432373 1.502493977546692 -0.3817931115627289 77 76 82
-11.401680946350098 2.0655362606048584 -0.7420043349266052 88 95 77
-8.688661575317383 2.5801949501037598 -0.6506465077400208 74 77 68
-10.744857788085938 2.7698826789855957 -0.9052497148513794 79 82 89
-10.954303741455078 2.4025228023529053 -1.0204178094863892 56 74 60
-11.332708358764648 2.055288314819336 -1.1615861654281616 49 53 52
-8.681662559509277 2.5820741653442383 -0.9858791828155518 93 106 86
-9.01077651977539 2.3285627365112305 -1.1036722660064697 75 106 72
-9.463722229003906 2.08027982711792 -1.2424780130386353 83 113 79
-8.802617073059082 1.6011945009231567 -1.2357778549194336 103 131 54
-6.664276123046875 1.9872610569000244 -1.0153850317001343 78 120 48
-7.231614589691162 1.8718891143798828 -1.1633529663085938 122 151 95
-7.094058990478516 1.5623749494552612 -1.2029495239257812 92 124 57
-6.983352184295654 1.270774245262146 -1.248509407043457 114 141 36
-5.6688971519470215 1.69798743724823 -1.0884560346603394 118 159 89
-5.633355140686035 1.4614354372024536 -1.127256155014038 79 116 38
-5.916930675506592 1.3060513734817505 -1.2353239059448242 113 148 66
-5.902829170227051 1.074787974357605 -1.2852771282196045 101 124 78
-4.951178073883057 1.486119270324707 -1.151046633720398 61 106 21
-4.771357536315918 1.241722822189331 -1.147222876548767 81 116 52
-14.825794219970703 2.6697604656219482 2.927103281021118 122 156 194
-13.651923179626465 4.057405471801758 2.6524758338928223 71 71 71
-14.604113578796387 3.75952410697937 2.653900384902954 57 69 65
-14.992255210876465 3.278752326965332 2.549969434738159 85 152 197
-14.58314037322998 2.639730930328369 2.31600022315979 121 173 221
-13.728466987609863 4.0832839012146 2.1275322437286377 113 146 137
-11.54675006866455 2.9799916744232178 1.6521973609924316 60 101 121
-14.881051063537598 3.26531982421875 1.9627420902252197 80 110 134
-17.337574005126953 3.1498823165893555 2.099351644515991 173 203 193
-7.14749002456665 2.129150629043579 0.8307359218597412 74 93 100
-5.849571704864502 1.5128191709518433 0.6125549674034119 112 144 139
-5.752530097961426 1.2658448219299316 0.5415405035018921 130 146 162
-13.001914978027344 2.3713250160217285 1.0868172645568848 125 128 169
-15.397643089294434 4.59086799621582 1.1971209049224854 81 69 71
-6.702367305755615 1.7356160879135132 0.4491752088069916 56 70 73
-12.311861038208008 2.7157602310180664 0.6956163644790649 123 166 175
-12.953350067138672 2.369476318359375 0.6011925339698792 68 48 76
-6.848111152648926 2.0447850227355957 0.27080756425857544 44 44 42
-9.58389663696289 2.485910177230835 0.27967438101768494 179 205 206
-19.15213394165039 4.234058380126953 0.3666876554489136 114 136 134
-13.19607162475586 2.421731472015381 0.12176716327667236 56 69 78
-9.509170532226562 2.846223831176758 0.013166341930627823 60 67 83
-9.808640480041504 2.549870014190674 -0.08349072188138962 82 90 79
-6.9218902587890625 1.534185767173767 -0.12647734582424164 69 74 68
-13.600902557373047 2.500197410583496 -0.37950998544692993 65 66 70
-9.629610061645508 2.8859360218048096 -0.35421222448349 77 83 73
-8.804312705993652 2.2925567626953125 -0.40708687901496887 84 89 83
-13.502354621887207 2.9998674392700195 -0.7517552375793457 98 112 112
-11.374679565429688 2.0967071056365967 -0.7406622767448425 78 91 82
-8.680704116821289 2.606839418411255 -0.6506465077400208 73 80 88
-9.950349807739258 2.5976507663726807 -0.8389802575111389 97 115 101
-10.943964958190918 2.435469627380371 -1.0201458930969238 70 99 71
-11.271557807922363 2.0799360275268555 -1.1559669971466064 57 65 67
-8.448075294494629 2.5408384799957275 -0.9602340459823608 114 117 106
-9.011275291442871 2.3582074642181396 -1.1046142578125 81 108 65
-9.536680221557617 2.127009868621826 -1.2529072761535645 111 149 100
-8.727530479431152 1.6152135133743286 -1.2259266376495361 97 123 50
-6.618358135223389 1.9956992864608765 -1.0093170404434204 113 148 94
-7.210544586181641 1.890057921409607 -1.160890817642212 94 144 47
-6.985247611999512 1.5608958005905151 -1.1853046417236328 80 114 38
-6.963926315307617 1.289324164390564 -1.2457376718521118 92 129 60
-5.655189514160156 1.7128056287765503 -1.0868279933929443 108 137 73
-5.599409103393555 1.4709786176681519 -1.121361255645752 88 124 62
-5.893772602081299 1.319915533065796 -1.2313286066055298 90 122 55
-5.7841291427612305 1.071519136428833 -1.260141372680664 99 126 59
-4.935386657714844 1.4979004859924316 -1.1484384536743164 94 128 54
-4.7901291847229 1.2623120546340942 -1.1526621580123901 74 92 52
-14.77601432800293 2.7076244354248047 2.9189014434814453 84 127 159
-13.543378829956055 4.070407390594482 2.6338002681732178 50 64 77
-14.10171127319336 3.676358222961426 2.5646398067474365 46 72 95
-14.265618324279785 3.1657299995422363 2.4280192852020264 68 80 78
-16.593122482299805 3.0561671257019043 2.6366891860961914 94 109 116
-6.606922149658203 1.9871925115585327 1.0248298645019531 70 96 109
-15.340277671813965 4.009265422821045 2.196754217147827 78 76 126
-17.31734848022461 3.8556363582611084 2.285627841949463 59 91 104
-15.372029304504395 2.8415277004241943 1.8623967170715332 200 243 226
-7.1228437423706055 2.1456222534179688 0.8286324739456177 81 123 148
-15.527057647705078 4.066478252410889 1.6272598505020142 138 201 236
-5.746675491333008 1.2830532789230347 0.5413573980331421 57 67 40
-14.807411193847656 2.7475826740264893 1.2384357452392578 217 255 251
-8.567279815673828 2.583015203475952 0.6666934490203857 134 145 115
-12.256939888000488 3.2141618728637695 0.8220852017402649 70 80 92
-12.507115364074707 2.799095392227173 0.7071300745010376 70 68 79
-15.191096305847168 2.8270058631896973 0.7054503560066223 79 79 89
-15.499292373657227 4.679789066314697 0.6134821772575378 67 58 63
-9.680639266967773 2.54272723197937 0.2827238142490387 51 51 59
-19.135150909423828 4.291921138763428 0.36661288142204285 101 95 95
-12.679397583007812 2.367144823074341 0.11706600338220596 72 81 90
-9.482208251953125 2.869880199432373 0.013141139410436153 49 65 80
-9.791101455688477 2.5774049758911133 -0.08340834826231003 76 90 73
-12.979778289794922 2.918678045272827 -0.23733007907867432 94 96 91
-13.393702507019043 2.504612445831299 -0.3739410638809204 100 108 110
-9.694355964660645 2.9377832412719727 -0.3569236695766449 70 71 75
-11.274992942810059 2.9728641510009766 -0.5217435359954834 77 79 65
-12.284242630004883 2.768810272216797 -0.6844055652618408 87 104 96
-11.400562286376953 2.1376636028289795 -0.7427711486816406 95 102 95
-9.431416511535645 2.863854169845581 -0.7075700163841248 83 96 43
-11.776047706604004 3.112891435623169 -0.9937174916267395 75 96 65
-10.951013565063477 2.4723236560821533 -1.0215052366256714 63 90 75
-11.178092956542969 2.0981709957122803 -1.1470363140106201 68 85 75
-7.2560954093933105 2.206636905670166 -0.8255155682563782 89 100 92
-8.758260726928711 2.320728063583374 -1.0744670629501343 75 100 68
-9.180869102478027 2.077239513397217 -1.2069932222366333 63 103 66
-8.719614028930664 1.6414320468902588 -1.2255162000656128 83 119 47
-6.615043640136719 2.0168604850769043 -1.009750485420227 92 132 69
-7.029942512512207 1.8657859563827515 -1.1327303647994995 103 146 41
-6.925583362579346 1.5698872804641724 -1.1759921312332153 94 134 48
-6.9609055519104 1.3108654022216797 -1.245910882949829 79 121 49
-5.735484600067139 1.7563531398773193 -1.1032896041870117 98 142 91
-5.5920233726501465 1.4873932600021362 -1.120790719985962 101 145 47
-5.02496862411499 1.1415468454360962 -1.0505446195602417 86 128 54
-5.903810501098633 1.1124353408813477 -1.2869527339935303 104 134 82
-4.937300205230713 1.515039324760437 -1.149959921836853 80 115 59
-4.792821407318115 1.2787595987319946 -1.154248595237732 89 119 65
-14.770533561706543 2.753483533859253 2.919473648071289 68 81 74
-16.095901489257812 4.891449928283691 3.13309645652771 57 75 79
-13.379990577697754 3.5320780277252197 2.4353418350219727 40 57 75
-14.989177703857422 3.3745810985565186 2.552919864654541 103 154 175
-17.266357421875 3.234966278076172 2.745232105255127 135 187 211
-6.699214935302734 2.0373847484588623 1.0401105880737305 65 123 161
-15.4552640914917 4.09001350402832 2.2150068283081055 72 91 106
-16.91265869140625 3.820030927658081 2.2337515354156494 83 108 113
-15.585739135742188 2.9305107593536377 1.8893691301345825 74 84 75
-14.164953231811523 4.314370155334473 1.6494050025939941 100 115 120
-12.337173461914062 3.271538496017456 1.2940008640289307 61 64 69
-11.570889472961426 2.620712995529175 1.0907715559005737 72 86 99
-14.758758544921875 2.7854199409484863 1.2350754737854004 165 202 208
-7.1761651039123535 2.1876368522644043 0.5589585304260254 120 144 156
-14.950469970703125 3.969552755355835 1.0035550594329834 77 79 76
-12.481916427612305 2.833695411682129 0.7061935067176819 90 123 130
-13.157449722290039 2.4903404712677 0.6113629341125488 85 95 94
-6.907115936279297 2.1086487770080566 0.27364739775657654 62 67 71
-12.794981002807617 3.402740240097046 0.3739815354347229 49 61 59
-12.349191665649414 2.8096837997436523 0.2367638200521469 123 144 103
-12.883293151855469 2.4461371898651123 0.11901725828647614 78 84 80
-6.753844261169434 2.0667545795440674 0.009368715807795525 56 66 67
-9.78024959564209 2.606658935546875 -0.08338363468647003 66 72 84
-13.184245109558105 3.007178544998169 -0.24123622477054596 75 83 68
-12.946990966796875 2.4622116088867188 -0.36167845129966736 87 111 59
-9.632742881774902 2.951408863067627 -0.35498693585395813 96 98 87
-8.78718376159668 2.3457629680633545 -0.40695276856422424 77 89 87
-11.978799819946289 2.7386090755462646 -0.6678529977798462 76 79 88
-11.354738235473633 2.1651530265808105 -0.7402149438858032 85 81 98
-8.662637710571289 2.659468412399292 -0.6505032181739807 98 119 104
-10.098862648010254 2.7027177810668945 -0.8528845906257629 67 81 55
-10.967645645141602 2.5114665031433105 -1.0237705707550049 69 94 64
-11.146193504333496 2.1276047229766846 -1.1444274187088013 87 88 80
-7.958161354064941 2.4468390941619873 -0.9062383770942688 79 94 91
-8.890172958374023 2.384895086288452 -1.0915426015853882 63 101 28
-9.180253028869629 2.106727361679077 -1.2077562808990479 91 127 65
-8.68437671661377 1.6624021530151367 -1.221274733543396 100 133 62
-6.585184574127197 2.0298585891723633 -1.006138563156128 85 110 68
-7.150145530700684 1.9211891889572144 -1.1530429124832153 90 135 50
-6.891890048980713 1.5844956636428833 -1.171090841293335 100 151 46
-6.950079917907715 1.3309184312820435 -1.244698166847229 90 115 49
-5.759193420410156 1.7829575538635254 -1.10889732837677 87 112 46
-5.439548015594482 1.4647208452224731 -1.0911262035369873 80 118 41
-5.592430114746094 1.2885154485702515 -1.1700018644332886 79 124 41
-5.898448944091797 1.1301747560501099 -1.2865338325500488 87 120 49
-4.950342178344727 1.5356745719909668 -1.1540894508361816 53 78 36
-4.794517517089844 1.2949814796447754 -1.1556084156036377 73 100 33
-14.817955017089844 2.809391498565674 2.9305365085601807 75 101 116
-14.638318061828613 4.4976019859313965 2.8520476818084717 83 97 100
-13.416665077209473 3.5858254432678223 2.4440078735351562 98 125 152
-16.864683151245117 3.851222515106201 2.874350070953369 78 84 80
-17.332056045532227 3.3023476600646973 2.7572755813598633 94 134 185
-14.117653846740723 4.340865135192871 2.193944215774536 75 90 83
-15.346007347106934 4.111519813537598 2.201145887374878 58 72 72
-17.284664154052734 3.9598278999328613 2.284477949142456 85 118 185
-12.25086784362793 2.342407703399658 1.4859662055969238 81 104 110
-13.654884338378906 4.204834938049316 1.591505765914917 79 140 135
-11.623717308044434 3.1205458641052246 1.2201673984527588 40 80 129
-11.791838645935059 2.708815336227417 1.1123782396316528 129 172 189
-12.41772174835205 2.383073329925537 1.0397745370864868 110 132 109
-7.451507568359375 2.296583414077759 0.5809513330459595 38 59 76
-6.8181352615356445 1.8327182531356812 0.45804479718208313 85 76 95
-12.674579620361328 2.9183528423309326 0.7175971269607544 63 72 81
-16.909761428833008 3.254317283630371 0.7861748933792114 103 151 137
-6.917801380157471 2.135134220123291 0.27432897686958313 69 78 77
-12.793168067932129 3.44431734085083 0.3742356300354004 72 88 101
-12.832497596740723 2.9610819816589355 0.2462029755115509 95 112 120
-12.861001014709473 2.4828081130981445 0.11888112872838974 89 94 90
-6.911787509918213 2.1382999420166016 0.009596864692866802 76 79 88
-9.728760719299316 2.6249301433563232 -0.08301293104887009 77 94 88
-6.859745025634766 1.5867867469787598 -0.12560336291790009 117 144 125
-12.750938415527344 2.465484857559204 -0.35641127824783325 73 73 85
-11.100458145141602 3.4383950233459473 -0.4094621539115906 53 49 72
-9.852365493774414 2.6625232696533203 -0.4566596746444702 86 90 93
-11.446043014526367 2.653787136077881 -0.6386011838912964 41 40 54
-11.36371898651123 2.2030177116394043 -0.741237461566925 79 80 75
-8.278159141540527 2.569248676300049 -0.622220516204834 81 89 91
-10.49071979522705 2.8421077728271484 -0.886710524559021 72 90 74
-11.143232345581055 2.587679147720337 -1.0408967733383179 62 70 59
-11.132776260375977 2.160463809967041 -1.1437249183654785 62 71 68
-8.621792793273926 2.6798603534698486 -0.9827412366867065 96 118 72
-8.78218936920166 2.384833574295044 -1.0791776180267334 90 131 71
-9.167950630187988 2.133533239364624 -1.2069932222366333 85 118 65
-8.683124542236328 1.6897944211959839 -1.221821904182434 101 142 66
-6.539248943328857 2.0376882553100586 -1.0000704526901245 88 120 53
-7.057453632354736 1.919517993927002 -1.1390395164489746 61 107 35
-6.824544429779053 1.5910722017288208 -1.1604712009429932 88 121 40
-6.974966049194336 1.357880711555481 -1.2498952150344849 81 113 74
-5.738678932189941 1.795918345451355 -1.1060030460357666 93 132 53
-5.387668609619141 1.4684935808181763 -1.081618309020996 101 124 20
-5.756381034851074 1.3449013233184814 -1.2051599025726318 76 105 23
-5.875758647918701 1.144526481628418 -1.2823445796966553 91 119 70
-4.952126979827881 1.5528992414474487 -1.1556107997894287 108 131 87
-4.71066427230835 1.28785240650177 -1.1363445520401 65 77 57
-14.8555326461792 2.8637583255767822 2.939692258834839 77 147 173
-13.311483383178711 3.601506233215332 2.426849126815796 91 126 154
-15.083514213562012 3.4931976795196533 2.572589159011841 83 100 156
-17.73893165588379 3.436302661895752 2.823667287826538 119 147 168
-6.427776336669922 1.998003363609314 0.9998519420623779 87 126 165
-15.195655822753906 4.121244430541992 2.1813836097717285 67 74 90
-11.979314804077148 2.7831079959869385 1.5844022035598755 81 121 182
-15.28381633758545 2.9709508419036865 1.8549437522888184 98 126 137
-6.161448955535889 1.9180490970611572 0.7188124060630798 58 67 74
-7.507826328277588 2.040292978286743 0.788766622543335 99 117 157
-5.75886869430542 1.3415380716323853 0.5436462163925171 133 199 198
-12.416221618652344 2.422304153442383 1.0402663946151733 190 216 191
-7.451091289520264 2.321510076522827 0.5814713835716248 113 106 62
-6.69597053527832 1.8219257593154907 0.4502111077308655 177 238 255
-12.498326301574707 2.9181759357452393 0.7081217169761658 170 223 229
-16.844797134399414 3.2954399585723877 0.7836208939552307 120 142 104
-7.423478603363037 2.316176414489746 0.2946622669696808 99 140 110
-9.520842552185059 2.594658851623535 0.27874258160591125 56 59 76
-12.904155731201172 3.0193440914154053 0.24775436520576477 101 113 113
-18.873258590698242 3.703566789627075 0.17455986142158508 71 72 77
-6.930964469909668 2.1675539016723633 0.009632679633796215 59 60 64
-9.719696998596191 2.6545016765594482 -0.08300469070672989 66 72 72
-6.861658096313477 1.6094229221343994 -0.12572821974754333 83 87 86
-12.94046688079834 2.5433413982391357 -0.3619253635406494 80 87 95
-9.340734481811523 2.924752950668335 -0.3448806703090668 52 48 62
-9.891366958618164 2.7056527137756348 -0.4588499963283539 124 144 153
-13.539371490478516 3.182931661605835 -0.7559340596199036 79 95 66
-11.565460205078125 2.278965950012207 -0.7548492550849915 76 82 78
-8.19410228729248 2.5707473754882812 -0.6164923906326294 77 76 81
-12.10735034942627 3.319983720779419 -1.0242096185684204 76 86 61
-11.141057968139648 2.623223304748535 -1.0414406061172485 60 78 30
-11.127071380615234 2.194801092147827 -1.1438252925872803 61 61 59
-7.750469207763672 2.4351325035095215 -0.8842722177505493 77 111 78
-8.799727439880371 2.4186084270477295 -1.0822393894195557 93 102 71
-9.295548439025879 2.1933116912841797 -1.2246720790863037 111 137 92
-8.535049438476562 1.688171148300171 -1.2017090320587158 91 132 53
-6.488607883453369 2.043768882751465 -0.9932801127433777 89 132 60
-6.767641067504883 1.8630110025405884 -1.0931825637817383 92 120 71
-6.822511672973633 1.6126830577850342 -1.160961389541626 67 97 47
-6.96883487701416 1.378890872001648 -1.2495487928390503 117 135 87
-5.712512493133545 1.806990385055542 -1.1020233631134033 105 101 76
-5.394495010375977 1.4881486892700195 -1.0839002132415771 52 104 22
-5.7550883293151855 1.3632328510284424 -1.2057591676712036 95 134 25
-5.8021979331970215 1.1486852169036865 -1.2670536041259766 91 126 68
-4.897093772888184 1.5521591901779175 -1.1438742876052856 65 92 61
-4.630655288696289 1.2812600135803223 -1.117987036705017 58 98 12
-14.861127853393555 2.9121525287628174 2.9425532817840576 140 201 255
-14.911386489868164 4.083507537841797 2.7208025455474854 63 72 81
-15.184126853942871 3.5656166076660156 2.5916028022766113 118 169 222
-17.72830581665039 3.490708827972412 2.823667287826538 124 158 167
-17.373750686645508 5.45894718170166 2.7051103115081787 61 71 120
-14.930767059326172 4.098621368408203 2.145153045654297 76 91 130
-16.839136123657227 3.966660499572754 2.2287683486938477 55 116 134
-14.675529479980469 2.8994619846343994 1.7821893692016602 55 62 72
-6.302479267120361 1.9831814765930176 0.7359718084335327 81 102 121
-11.691645622253418 3.2158195972442627 1.2293462753295898 156 203 229
-11.796316146850586 2.786153554916382 1.1143923997879028 79 91 79
-14.725653648376465 2.91978120803833 1.234501838684082 156 208 206
-7.418251991271973 2.336270570755005 0.5794653296470642 60 89 93
-14.45053768157959 3.979544162750244 0.972414493560791 112 152 164
-12.361059188842773 2.926145553588867 0.7008498907089233 87 138 185
-16.757204055786133 3.331713914871216 0.7800179123878479 91 129 150
-8.685749053955078 2.739283323287964 0.3450978994369507 72 71 79
-9.685324668884277 2.6714320182800293 0.2837967872619629 93 106 97
-12.824787139892578 3.0423035621643066 0.2464085817337036 135 156 149
-12.636646270751953 2.520020008087158 0.11694802343845367 60 68 70
-6.980538368225098 2.2065906524658203 0.009710939601063728 63 62 80
-9.426215171813965 2.605452537536621 -0.08056628704071045 102 118 115
-7.252584457397461 1.7246077060699463 -0.1329876035451889 85 97 93
-12.92280101776123 2.5810723304748535 -0.3616510033607483 79 80 74
-8.019713401794434 2.5381596088409424 -0.2963917553424835 50 57 65
-9.133970260620117 2.5286216735839844 -0.42407307028770447 93 94 98
-11.097352027893066 2.6447982788085938 -0.6200406551361084 79 84 87
-11.601469993591309 2.32305908203125 -0.7576611638069153 114 116 113
-7.961793422698975 2.524721622467041 -0.5995942950248718 83 81 86
-11.683178901672363 3.2422420978546143 -0.9891640543937683 81 93 71
-11.130051612854004 2.6566977500915527 -1.0411686897277832 63 76 59
-11.117359161376953 2.228341579437256 -1.1435242891311646 63 64 59
-7.6245245933532715 2.4212875366210938 -0.8707463145256042 102 118 91
-8.744429588317871 2.432288408279419 -1.076351284980774 76 97 58
-8.840205192565918 2.1145243644714355 -1.1655306816101074 92 129 77
-8.633746147155762 1.7352336645126343 -1.2163491249084473 96 125 61
-6.492678642272949 2.066967725753784 -0.9948692917823792 112 148 76
-6.754278659820557 1.8816436529159546 -1.0919513702392578 84 119 95
-6.790668487548828 1.6271697282791138 -1.1563868522644043 97 130 75
-6.9471917152404785 1.3967701196670532 -1.246430516242981 100 129 83
-5.720993518829346 1.8289999961853027 -1.1047368049621582 95 130 62
-5.422054290771484 1.513667106628418 -1.0903655290603638 80 110 10
-5.684185028076172 1.3648685216903687 -1.1917757987976074 99 128 84
-5.784267425537109 1.1635881662368774 -1.2639117240905762 91 118 39
-4.896956443786621 1.568664789199829 -1.1449609994888306 62 108 33
-4.691418647766113 1.313580870628357 -1.1336249113082886 104 137 48
-15.26417350769043 3.039790153503418 3.0241901874542236 137 195 243
-16.426345825195312 5.2129034996032715 3.2096292972564697 47 47 73
-14.922514915466309 4.135811805725098 2.725135564804077 78 125 143
-15.667338371276855 3.7298407554626465 2.6760172843933105 125 204 243
-15.077518463134766 3.016847848892212 2.4029273986816406 63 98 162
-6.739700794219971 2.1403989791870117 1.0503954887390137 98 118 125
-12.53888988494873 2.994318962097168 1.660811185836792 99 131 144
-14.57894515991211 2.9268815517425537 1.7715423107147217 107 133 158
-6.694149971008301 2.1290202140808105 0.7824681997299194 54 59 63
-17.673065185546875 4.919397354125977 1.8598551750183105 89 117 129
-6.532051086425781 1.563968300819397 0.617530107498169 83 103 101
-14.82800579071045 2.987384557723999 1.2438448667526245 163 205 204
-7.332178592681885 2.3339128494262695 0.573298454284668 71 82 86
-6.737534999847412 1.8777116537094116 0.4537718594074249 72 96 96
-16.03957176208496 3.848937749862671 0.9100801348686218 137 180 171
-16.54323387145996 3.3419644832611084 0.7705316543579102 202 248 235
-8.432618141174316 2.6879234313964844 0.33536669611930847 71 67 104
-6.896522521972656 1.9250043630599976 0.20225213468074799 57 65 68
-12.7667875289917 3.0699470043182373 0.24547399580478668 127 158 127
-13.042434692382812 2.642573356628418 0.120777927339077 93 104 122
-6.98802375793457 2.2325611114501953 0.009730836376547813 95 119 119
-9.538553237915039 2.66802978515625 -0.0815960168838501 61 77 67
-10.65316104888916 2.5677947998046875 -0.19548606872558594 92 110 86
-12.525897026062012 2.54178524017334 -0.3507600426673889 86 86 84
-8.613470077514648 2.755178928375244 -0.318646639585495 101 105 91
-8.886640548706055 2.489530086517334 -0.41294267773628235 83 93 102
-11.088215827941895 2.6785976886749268 -0.6199864149093628 72 93 78
-11.37425422668457 2.3138792514801025 -0.7432824373245239 68 68 70
-7.943562030792236 2.5457875728607178 -0.5988067388534546 35 26 55
-9.632169723510742 2.7049131393432617 -0.8162127137184143 113 124 90
-11.117977142333984 2.689894914627075 -1.0408062934875488 59 75 64
-11.034424781799316 2.2469534873962402 -1.1356974840164185 115 136 117
-7.683320999145508 2.4659337997436523 -0.8783208727836609 59 78 56
-8.694867134094238 2.4472665786743164 -1.0711697340011597 85 97 75
-8.786442756652832 2.1301846504211426 -1.1592985391616821 79 108 60
-8.613822937011719 1.7587409019470215 -1.2142966985702515 90 127 58
-6.486306667327881 2.0868773460388184 -0.9948692917823792 81 123 49
-6.735159397125244 1.8986033201217651 -1.089797019958496 66 88 26
-6.786602973937988 1.6482282876968384 -1.1565502882003784 77 116 69
-6.9457688331604 1.418668508529663 -1.2469502687454224 66 92 47
-5.737816333770752 1.8537999391555786 -1.1090784072875977 84 124 72
-5.429666996002197 1.533764123916626 -1.0928375720977783 87 129 45
-5.613327503204346 1.3660823106765747 -1.1777926683425903 88 120 57
-5.725105285644531 1.169973373413086 -1.2517627477645874 100 134 50
-4.876333713531494 1.5785704851150513 -1.1412662267684937 74 106 43
-4.627391815185547 1.3109766244888306 -1.1191202402114868 66 93 48
-17.16270637512207 3.4726505279541016 3.40242862701416 116 165 197
-14.847169876098633 4.164021015167236 2.713696241378784 69 67 166
-15.65102767944336 3.776733160018921 2.6751978397369385 128 191 235
-15.011067390441895 3.051478385925293 2.393817663192749 73 92 122
-6.704847812652588 2.1519973278045654 1.0459877252578735 95 142 160
-15.28676700592041 4.297384262084961 2.200047731399536 108 124 123
-16.562883377075195 4.0090107917785645 2.1954193115234375 128 195 240
-12.123905181884766 2.472724437713623 1.4741361141204834 126 153 164
-6.20503568649292 1.9944442510604858 0.7260082364082336 65 78 86
-15.38541316986084 4.333519458770752 1.6205017566680908 53 63 72
-15.936291694641113 3.8673577308654785 1.5077073574066162 67 67 79
-14.749445915222168 3.018673896789551 1.2380259037017822 42 31 74
-7.323084831237793 2.355785846710205 0.5731498003005981 73 74 104
-5.99700403213501 1.6911746263504028 0.4042447805404663 58 64 52
-14.467607498168945 3.51869797706604 0.8214960694313049 60 82 80
-8.550835609436035 2.754533052444458 0.3404026925563812 71 86 81
-7.271524429321289 2.0537450313568115 0.21343347430229187 96 108 124
-12.925360679626465 3.1500566005706787 0.2487076222896576 107 135 147
-13.137106895446777 2.703740358352661 0.12173086404800415 67 92 112
-6.989706039428711 2.2567548751831055 0.009742774069309235 53 52 57
-9.61499309539795 2.7212448120117188 -0.08232094347476959 79 84 77
-14.49150276184082 3.540050745010376 -0.2661179006099701 69 68 76
-11.740680694580078 2.419973850250244 -0.32897815108299255 70 78 80
-8.589760780334473 2.7766733169555664 -0.3180831968784332 91 111 99
-10.976155281066895 3.111241579055786 -0.5104789733886719 91 95 96
-11.558097839355469 2.829665184020996 -0.6467418074607849 73 88 83
-11.359283447265625 2.3471484184265137 -0.7427711486816406 56 57 61
-7.85221004486084 2.5431015491485596 -0.5925057530403137 101 98 89
-9.329493522644043 2.6508216857910156 -0.7912499308586121 56 71 68
-11.104835510253906 2.722805976867676 -1.0403531789779663 106 134 75
-10.992403030395508 2.273541212081909 -1.1320849657058716 90 127 75
-7.92631196975708 2.570770025253296 -0.9069958329200745 97 107 73
-8.692092895507812 2.475290298461914 -1.071758508682251 91 120 89
-8.787571907043457 2.1590240001678467 -1.160315990447998 74 109 43
-8.492961883544922 1.761223316192627 -1.1980149745941162 77 117 55
-6.4798736572265625 2.106767177581787 -0.9948692917823792 75 111 39
-6.696996212005615 1.910043478012085 -1.0845650434494019 84 127 12
-6.793968200683594 1.6721066236495972 -1.1586741209030151 100 133 46
-6.9654927253723145 1.4449725151062012 -1.2512811422348022 103 142 77
-5.695639610290527 1.8594903945922852 -1.1020233631134033 85 127 27
-5.44003963470459 1.5547313690185547 -1.095880150794983 67 113 41
-5.588180065155029 1.3781356811523438 -1.1733977794647217 84 117 46
-5.726276397705078 1.188525915145874 -1.2528101205825806 71 120 55
-4.8909502029418945 1.5998963117599487 -1.1458303928375244 63 89 26
-4.668289661407471 1.3380483388900757 -1.1299986839294434 77 87 79
-16.960622787475586 3.4859602451324463 3.364470958709717 66 83 91
-13.343029022216797 3.786365270614624 2.4408881664276123 105 141 177
-18.923242568969727 4.627829551696777 3.236922025680542 138 185 253
-14.607823371887207 3.0162036418914795 2.330976963043213 116 160 189
-14.473749160766602 4.694542407989502 2.260209083557129 71 91 100
-6.725451946258545 1.9129284620285034 0.9687566757202148 130 174 199
-11.575336456298828 2.839406728744507 1.5354645252227783 36 70 69
-14.549043655395508 3.013864040374756 1.7701226472854614 63 74 80
-15.81198501586914 5.135918617248535 1.8518856763839722 40 75 97
-7.535804748535156 2.1475415229797363 0.7944150567054749 186 232 222
-11.857202529907227 2.916008710861206 1.1226322650909424 83 85 97
-11.713249206542969 2.434739828109741 0.9837987422943115 126 164 187
-5.871436595916748 1.9086978435516357 0.4599910080432892 72 89 81
-5.938048839569092 1.6942328214645386 0.400619238615036 51 53 50
-6.954011917114258 1.7139137983322144 0.39515769481658936 76 105 147
-16.197738647460938 3.3757436275482178 0.7553901672363281 198 249 244
-8.764691352844238 2.8531334400177 0.3492629826068878 106 125 123
-7.250771999359131 2.0719242095947266 0.21300992369651794 171 228 222
-12.807891845703125 3.1630873680114746 0.2466328740119934 185 210 217
-13.030868530273438 2.7235734462738037 0.12082330137491226 84 87 80
-7.008418083190918 2.28656268119812 0.009778588078916073 72 86 86
-9.573914527893066 2.7413713932037354 -0.08204086124897003 71 74 65
-13.174216270446777 3.261120080947876 -0.2421102076768875 71 76 79
-12.264482498168945 2.5671896934509277 -0.34387436509132385 71 79 81
-8.586902618408203 2.804875135421753 -0.318294495344162 75 54 0
-9.222664833068848 2.644801378250122 -0.42930299043655396 101 116 123
-8.844464302062988 2.1940929889678955 -0.49527275562286377 87 99 97
-11.390120506286621 2.389979839324951 -0.7452635169029236 94 112 98
-8.563872337341309 2.8026468753814697 -0.6468515396118164 108 103 100
-9.742792129516602 2.8005857467651367 -0.8270273208618164 85 100 79
-11.1254243850708 2.764065980911255 -1.0430716276168823 66 71 67
-10.934743881225586 2.2966203689575195 -1.1268670558929443 59 82 56
-7.991129398345947 2.61891508102417 -0.9153279066085815 78 94 68
-8.676824569702148 2.499746322631836 -1.0708163976669312 84 96 74
-8.3189058303833 2.070960521697998 -1.0992668867111206 90 120 92
-8.452621459960938 1.7799227237701416 -1.193089246749878 99 142 86
-6.60875129699707 2.171109437942505 -1.0156739950180054 65 80 39
-6.629396438598633 1.9127758741378784 -1.074562668800354 78 112 61
-6.772532939910889 1.6888842582702637 -1.1558966636657715 92 126 29
-6.929223537445068 1.4596362113952637 -1.245564341545105 91 121 51
-5.723531723022461 1.888047218322754 -1.108535647392273 75 126 57
-5.4607086181640625 1.5787760019302368 -1.1010143756866455 82 122 49
-5.689444065093994 1.4216396808624268 -1.1955713033676147 92 124 57
-5.689114570617676 1.1990303993225098 -1.2454787492752075 104 147 67
-4.888798713684082 1.61581289768219 -1.1464823484420776 63 86 44
-4.793254852294922 1.3897942304611206 -1.1612741947174072 38 77 48
-15.121199607849121 3.156280517578125 3.0014920234680176 129 189 249
-13.30010986328125 3.818314790725708 2.435168504714966 60 71 127
-13.2558012008667 3.284945011138916 2.2691893577575684 117 191 228
-14.522109031677246 3.044987916946411 2.318779230117798 136 200 200
-6.14916467666626 2.0153448581695557 0.9612096548080444 61 72 74
-6.753819942474365 1.9434136152267456 0.9736971855163574 59 86 103
-14.97676944732666 3.7225213050842285 1.9881690740585327 68 105 111
-5.632043838500977 1.1847212314605713 0.6856667399406433 131 149 189
-5.917891979217529 1.942292332649231 0.6937928795814514 52 62 63
-7.531092643737793 2.1712019443511963 0.7946168184280396 63 70 88
-15.651373863220215 3.9000589847564697 1.4829877614974976 131 186 180
-12.258636474609375 2.5873641967773438 1.0302677154541016 67 78 123
-5.865553379058838 1.9267021417617798 0.4599910080432892 22 32 67
-5.881050109863281 1.6974987983703613 0.39712321758270264 35 29 41
-12.650683403015137 3.1591389179229736 0.7194150686264038 111 147 179
-15.268628120422363 3.231018543243408 0.7125194668769836 177 213 227
-6.204308986663818 2.0407354831695557 0.24748297035694122 74 81 74
-7.206930637359619 2.083333730697632 0.211908757686615 78 90 76
-12.780669212341309 3.197998285293579 0.24629643559455872 66 67 72
-12.418917655944824 2.63546085357666 0.11522366851568222 78 76 61
-7.249248027801514 2.389768362045288 0.010124792344868183 80 94 94
-14.416863441467285 4.175988674163818 -0.12365030497312546 111 136 114
-13.225247383117676 3.3168458938598633 -0.24323390424251556 52 63 67
-12.67308521270752 2.693328380584717 -0.35556086897850037 85 86 91
-8.013585090637207 2.6448395252227783 -0.2973424792289734 74 92 94
-9.752756118774414 2.8292272090911865 -0.45437997579574585 105 127 104
-10.860694885253906 2.729667901992798 -0.6086438298225403 70 79 48
-11.316362380981445 2.410773515701294 -0.7409179210662842 66 61 67
-8.551445960998535 2.8276548385620117 -0.6465651392936707 80 72 61
-10.245219230651855 2.9790685176849365 -0.870448112487793 110 131 90
-11.102405548095703 2.794538974761963 -1.0417124032974243 71 87 84
-10.917915344238281 2.3280818462371826 -1.1258636713027954 35 53 67
-8.03213119506836 2.6596689224243164 -0.920954704284668 92 122 122
-8.6710205078125 2.5269103050231934 -1.0710519552230835 86 98 84
-8.780890464782715 2.2146010398864746 -1.1612062454223633 78 111 54
-8.42968463897705 1.8021190166473389 -1.1906265020370483 99 136 95
-6.396390914916992 2.1231086254119873 -0.9840335249900818 88 120 81
-6.5855560302734375 1.922032356262207 -1.068407416343689 69 96 43
-6.745319843292236 1.7040963172912598 -1.1521390676498413 109 143 67
-6.897745609283447 1.4751207828521729 -1.2407137155532837 110 139 85
-5.713979721069336 1.9043539762496948 -1.1078120470046997 63 101 60
-5.45866584777832 1.5963484048843384 -1.101584792137146 84 110 71
-5.5064778327941895 1.3938835859298706 -1.1580162048339844 95 134 55
-5.578318119049072 1.1935648918151855 -1.2220187187194824 80 114 38
-4.891225337982178 1.6332772970199585 -1.1482211351394653 43 67 31
-4.8001837730407715 1.4077824354171753 -1.1639938354492188 74 103 55
-17.139619827270508 3.632499933242798 3.4043359756469727 125 196 252
-13.537075996398926 3.9313390254974365 2.4807519912719727 87 117 119
-15.134344100952148 3.799791097640991 2.592750310897827 134 197 230
-14.578411102294922 3.103515863418579 2.3292784690856934 66 78 104
-6.368313789367676 2.108827590942383 0.9964726567268372 27 31 56
-6.737364292144775 1.961079716682434 0.9721875786781311 66 70 71
-5.840883255004883 1.4708102941513062 0.7759737372398376 95 103 149
-5.685676574707031 1.2142301797866821 0.6926464438438416 111 147 179
-5.893038272857666 1.9541826248168945 0.6915788054466248 53 62 57
-11.628524780273438 3.391160726547241 1.2280349731445312 46 56 91
-11.862258911132812 2.9945576190948486 1.1248295307159424 106 136 134
-12.14246940612793 2.601783037185669 1.0211706161499023 56 65 70
-7.227267742156982 2.3985848426818848 0.5673543810844421 13 22 65
-6.849050521850586 1.9996845722198486 0.46290040016174316 71 85 88
-12.329239845275879 3.1190831661224365 0.7016761898994446 104 155 156
-19.566770553588867 4.203314304351807 0.9136922955513 109 162 154
-6.223622798919678 2.0682692527770996 0.24850532412528992 81 93 117
-12.39388656616211 3.623983860015869 0.36474844813346863 101 115 124
-12.72524642944336 3.225647211074829 0.24541793763637543 76 97 80
-12.422503471374512 2.6760759353637695 0.11533256620168686 69 69 67
-7.093875885009766 2.3627021312713623 0.009917865507304668 66 87 92
-9.341958045959473 2.7370846271514893 -0.0801955834031105 0 20 52
-6.8337788581848145 1.736189603805542 -0.12578172981739044 74 56 78
-11.606515884399414 2.5038983821868896 -0.3258507549762726 76 78 65
-8.446282386779785 2.816413402557373 -0.3137167692184448 72 89 96
-8.693419456481934 2.5508601665496826 -0.4053882658481598 90 96 94
-11.528661727905273 2.9351840019226074 -0.6465789675712585 99 101 90
-11.57032299041748 2.5020086765289307 -0.7580445408821106 61 59 80
-8.41312313079834 2.8105788230895996 -0.6367557048797607 100 119 97
-9.313305854797363 2.7391066551208496 -0.7919817566871643 123 140 132
-11.076410293579102 2.8241586685180664 -1.040081262588501 113 126 119
-10.91752815246582 2.363039970397949 -1.1265660524368286 61 69 71
-7.9230570793151855 2.6505515575408936 -0.9093764424324036 99 110 104
-7.360171318054199 2.1694228649139404 -0.9099525213241577 76 82 72
-8.753873825073242 2.2363741397857666 -1.158535361289978 69 106 29
-8.453158378601074 1.8342742919921875 -1.1947312355041504 92 110 60
-6.357011318206787 2.131711483001709 -0.978976845741272 94 127 38
-6.562570571899414 1.9371922016143799 -1.065637469291687 72 87 54
-6.214388847351074 1.5902632474899292 -1.0622813701629639 97 139 93
-6.883563041687012 1.4941867589950562 -1.2389813661575317 97 124 53
-5.613969802856445 1.8901787996292114 -1.0895414352416992 72 118 30
-5.393490791320801 1.5952666997909546 -1.0894147157669067 90 128 69
-5.536344528198242 1.4195317029953003 -1.1652076244354248 77 114 21
-5.642473220825195 1.2254072427749634 -1.2368906736373901 70 109 54
-4.83994722366333 1.6326757669448853 -1.1373540163040161 60 96 26
-4.782769680023193 1.418624997138977 -1.1608209609985352 75 100 61
-15.129378318786621 3.254990577697754 3.007023572921753 22 83 78
-6.6571149826049805 1.9554768800735474 1.22105073928833 36 71 77
-15.064297676086426 3.8313722610473633 2.582751750946045 57 70 76
-14.559164047241211 3.1461403369903564 2.3277347087860107 116 165 170
-6.269885540008545 2.0976006984710693 0.9820736050605774 68 96 100
-7.31759786605835 2.1543455123901367 1.0568628311157227 79 87 89
-11.68806266784668 2.981368064880371 1.5539919137954712 131 186 225
-5.683865070343018 1.232088565826416 0.6928830742835999 161 206 229
-5.914344310760498 1.981408715248108 0.6947892904281616 125 147 135
-15.260461807250977 4.5011677742004395 1.6130378246307373 64 88 92
-5.955451011657715 1.5228692293167114 0.565161406993866 175 231 255
-12.264928817749023 2.6674044132232666 1.0321526527404785 167 212 207
-5.982209205627441 2.005770444869995 0.47009578347206116 64 80 70
-6.579695224761963 1.9429689645767212 0.44509652256965637 32 30 43
-12.60107707977295 3.2290191650390625 0.7177072763442993 14 26 52
-19.123353958129883 4.169477939605713 0.8935795426368713 118 136 140
-6.180302619934082 2.074949264526367 0.24702860414981842 86 105 99
-9.326813697814941 2.7582576274871826 0.27473312616348267 98 110 106
-9.658003807067871 2.4797089099884033 0.18640922009944916 88 101 120
-12.357575416564941 2.7017874717712402 0.11480619013309479 72 84 80
-7.052473545074463 2.372974157333374 0.009870113804936409 105 140 146
-9.461990356445312 2.803802013397217 -0.08129945397377014 79 86 79
-11.018235206604004 2.83530592918396 -0.20295949280261993 74 71 78
-12.372161865234375 2.7088232040405273 -0.347577840089798 63 70 62
-8.418661117553711 2.835932493209839 -0.3130125105381012 54 72 72
-9.66434097290039 2.8679840564727783 -0.4510721266269684 101 109 111
-12.273780822753906 3.165018320083618 -0.6889099478721619 78 74 75
-11.263340950012207 2.4718213081359863 -0.738425612449646 72 67 73
-7.997138500213623 2.698911666870117 -0.6058952808380127 88 90 85
-9.981228828430176 2.96884822845459 -0.8495508432388306 82 91 86
-10.332932472229004 2.668382167816162 -0.9710325002670288 80 101 84
-10.961731910705566 2.4078369140625 -1.1318843364715576 75 94 74
-7.895110130310059 2.6681628227233887 -0.9071040749549866 81 95 82
-8.654401779174805 2.5797836780548096 -1.0709341764450073 62 74 54
-8.740249633789062 2.2614810466766357 -1.1576451063156128 90 131 53
-8.41459846496582 1.8529564142227173 -1.1900792121887207 107 155 79
-6.215485095977783 2.1054883003234863 -0.9581721425056458 86 130 43
-6.354928016662598 1.89711332321167 -1.032860517501831 83 116 27
-5.968818187713623 1.5469483137130737 -1.0211101770401 103 146 54
-6.853939056396484 1.5097894668579102 -1.2344772815704346 93 110 68
-5.589521884918213 1.901059627532959 -1.0859235525131226 85 128 36
-5.381046772003174 1.6095554828643799 -1.0878934860229492 91 140 22
-5.53955078125 1.4384804964065552 -1.166805624961853 95 131 43
-5.647281646728516 1.244606375694275 -1.2387759685516357 94 109 68
-4.816436767578125 1.641220211982727 -1.1330071687698364 82 116 42
-4.731748580932617 1.4193000793457031 -1.149489164352417 59 97 22
-14.26193618774414 3.1141765117645264 2.8365015983581543 106 147 149
-14.826866149902344 4.40473747253418 2.722015857696533 71 77 99
-15.390643119812012 3.9646849632263184 2.6407761573791504 30 37 47
-11.410059928894043 2.5023043155670166 1.8254714012145996 62 76 79
-6.366498947143555 2.151663303375244 0.9982357025146484 47 68 63
-17.98641014099121 5.355327606201172 2.6000940799713135 129 178 183
-11.758563995361328 3.0378036499023438 1.5645971298217773 74 139 193
-5.614112854003906 1.235013723373413 0.6848386526107788 100 159 173
-6.024029731750488 2.0387322902679443 0.7084060311317444 54 58 67
-7.606129169464111 2.2688634395599365 0.8047032952308655 180 235 232
-16.55085563659668 4.286362171173096 1.5718865394592285 34 36 97
-11.618257522583008 2.564120292663574 0.9783896207809448 135 178 212
-5.883463382720947 1.9927623271942139 0.4628143906593323 98 130 107
-7.304221153259277 2.181305170059204 0.4945589005947113 56 54 59
-12.591111183166504 3.2676634788513184 0.7177072763442993 69 84 89
-19.346511840820312 4.280351161956787 0.9046164751052856 122 149 144
-6.095361709594727 2.0672614574432373 0.2438858449459076 56 52 87
-9.472495079040527 2.832972526550293 0.27927908301353455 54 47 63
-9.690991401672363 2.519895315170288 0.18719425797462463 127 130 137
-11.422792434692383 2.534156560897827 0.10619345307350159 138 175 167
-7.053681373596191 2.397495985031128 0.00988205149769783 91 106 111
-9.443764686584473 2.8299472332000732 -0.08121707290410995 55 56 58
-6.822997093200684 1.7780882120132446 -0.12578172981739044 58 71 51
-12.366720199584961 2.74741792678833 -0.3476601243019104 70 79 58
-8.268004417419434 2.813455581665039 -0.30773046612739563 109 128 109
-9.272759437561035 2.7827606201171875 -0.4331919252872467 93 93 91
-11.456332206726074 2.9917385578155518 -0.6435398459434509 83 87 88
-6.865444183349609 1.5287634134292603 -0.45040449500083923 99 113 96
-7.9652180671691895 2.7153875827789307 -0.6041052341461182 103 122 118
-9.687647819519043 2.913905143737793 -0.825319766998291 84 110 75
-10.62626838684082 2.7789361476898193 -0.9993950724601746 69 93 61
-10.850382804870605 2.4182963371276855 -1.1211473941802979 56 71 68
-7.427767753601074 2.5356409549713135 -0.8542987704277039 102 115 97
-8.634085655212402 2.6025967597961426 -1.0694032907485962 60 52 73
-8.701607704162598 2.2799887657165527 -1.1534479856491089 83 119 71
-8.435944557189941 1.884811520576477 -1.1939103603363037 102 152 65
-6.299808979034424 2.155620813369751 -0.9721863865852356 98 113 72
-6.516507148742676 1.967143177986145 -1.0600976943969727 51 72 39
-6.616749286651611 1.7365543842315674 -1.132860541343689 102 133 92
-6.732973575592041 1.5048166513442993 -1.2135157585144043 81 112 68
-5.392053127288818 1.8523738384246826 -1.048658847808838 82 134 49
-5.395816802978516 1.6320254802703857 -1.0918867588043213 101 138 68
-5.431819915771484 1.4283080101013184 -1.1450318098068237 79 121 49
-5.652024745941162 1.263846516609192 -1.2406611442565918 110 132 60
-4.692317008972168 1.6150102615356445 -1.10496985912323 62 103 45
-4.703138828277588 1.4264602661132812 -1.1435967683792114 73 101 43
-14.792850494384766 3.277684450149536 2.9440791606903076 138 203 233
-17.556169509887695 5.274222373962402 3.2260348796844482 75 106 135
-11.425704956054688 2.9807121753692627 1.9620192050933838 68 91 109
-14.5376558303833 3.234985113143921 2.327425718307495 62 70 72
-6.441308975219727 2.198988437652588 1.0110186338424683 93 126 117
-17.14756202697754 5.162890911102295 2.481109380722046 107 152 183
-7.302823543548584 1.910590410232544 0.9724907279014587 75 95 122
-15.55648422241211 3.4722442626953125 1.8989514112472534 145 189 176
-5.80615234375 1.984869360923767 0.6834972500801086 51 81 141
-6.693295001983643 2.0189528465270996 0.7087804675102234 107 137 173
-6.037500858306885 1.5833808183670044 0.5738589763641357 71 77 77
-16.81446647644043 3.7650461196899414 1.416935682296753 166 224 246
-6.312295436859131 2.1596202850341797 0.4970666766166687 107 126 107
-6.055611610412598 1.8286789655685425 0.41039517521858215 69 67 72
-7.001262187957764 1.8399224281311035 0.3993995785713196 88 106 84
-7.878536224365234 2.699010133743286 0.31556352972984314 97 112 119
-9.693391799926758 2.9314656257629395 0.28605562448501587 41 37 51
-12.947372436523438 3.4090757369995117 0.25029638409614563 89 91 88
-19.309152603149414 4.345950126647949 0.17963311076164246 50 45 49
-7.051967620849609 2.4210734367370605 0.009890010580420494 97 98 90
-9.583373069763184 2.9038541316986084 -0.08249394595623016 50 61 67
-9.659749984741211 2.5490262508392334 -0.17822051048278809 89 114 84
-12.333854675292969 2.779850959777832 -0.34697428345680237 68 79 73
-7.9843058586120605 2.7442786693573 -0.29748332500457764 64 68 67
-13.646286010742188 4.140937328338623 -0.6380987763404846 81 87 83
-9.07137680053711 2.398677349090576 -0.5099800825119019 77 86 69
-11.533177375793457 2.6053144931793213 -0.757149875164032 94 102 105
-7.965337753295898 2.74273419380188 -0.6047496199607849 55 85 113
-11.335954666137695 3.4476518630981445 -0.9666405320167542 94 124 90
-10.960415840148926 2.902275800704956 -1.0316540002822876 73 75 74
-10.690550804138184 2.4171247482299805 -1.105393409729004 81 86 89
-7.663369178771973 2.6423473358154297 -0.8823245167732239 25 33 22
-8.152059555053711 2.4846065044403076 -1.0106396675109863 74 75 57
-8.673480987548828 2.3010785579681396 -1.150649905204773 81 117 55
-8.393410682678223 1.9023630619049072 -1.1887110471725464 95 140 49
-6.280073165893555 2.1704132556915283 -0.9701637029647827 77 116 59
-6.516111850738525 1.9888570308685303 -1.0610209703445435 87 109 71
-6.616157531738281 1.758112907409668 -1.133677363395691 93 120 77
-6.675497531890869 1.5134888887405396 -1.2039878368377686 102 138 68
-5.387274265289307 1.8692301511764526 -1.0488396883010864 76 107 27
-5.404867649078369 1.6528786420822144 -1.0947391986846924 91 129 42
-5.2143683433532715 1.3882462978363037 -1.1000854969024658 79 119 22
-5.648120880126953 1.281180739402771 -1.2406611442565918 82 112 78
-4.730673313140869 1.644461750984192 -1.115185022354126 70 104 18
-4.71550178527832 1.4460225105285645 -1.1476761102676392 67 96 50
-15.725141525268555 3.5349016189575195 3.131767749786377 89 145 178
-13.741165161132812 4.734975337982178 2.7068545818328857 43 59 93
-13.21735954284668 4.015008926391602 2.431008815765381 99 137 148
-14.80903148651123 3.9119112491607666 2.5450520515441895 131 171 181
-15.12326431274414 3.4140257835388184 2.422844886779785 77 85 96
-6.402737617492676 2.2077765464782715 1.0060229301452637 118 155 173
-16.30438995361328 4.963629722595215 2.3613016605377197 91 127 213
-12.275635719299316 3.251866340637207 1.6360230445861816 71 71 97
-11.757133483886719 2.662113666534424 1.4361618757247925 99 134 166
-6.029256343841553 2.081819772720337 0.7105094790458679 57 87 97
-13.404589653015137 4.08824348449707 1.4207885265350342 93 101 137
-12.38476276397705 3.2886407375335693 1.1781138181686401 22 26 63
-11.565373420715332 2.626971483230591 0.9752752780914307 87 103 90
-6.341456413269043 2.191352605819702 0.4998900592327118 69 73 84
-17.496150970458984 5.342130184173584 1.1868377923965454 99 117 137
-6.992689609527588 1.8606230020523071 0.3992342948913574 70 66 89
-11.698099136352539 2.6635608673095703 0.5477410554885864 165 205 215
-5.969240188598633 2.0654122829437256 0.2393420785665512 80 83 98
-6.822350025177002 2.0860743522644043 0.20151802897453308 51 52 56
-9.678245544433594 2.5800833702087402 0.18725033104419708 114 125 129
-12.029973983764648 2.74641489982605 0.11199275404214859 74 81 74
-7.445106506347656 2.581605911254883 0.010452425107359886 40 50 59
-9.568681716918945 2.9314842224121094 -0.08244451135396957 65 69 68
-9.676033020019531 2.58510160446167 -0.17866641283035278 77 88 72
-13.339705467224121 3.0495879650115967 -0.37553220987319946 78 85 104
-7.254549026489258 2.518366813659668 -0.2705802619457245 83 113 111
-9.717761039733887 2.981423854827881 -0.4548269510269165 69 76 60
-9.00320816040039 2.410228967666626 -0.5065610408782959 81 82 76
-11.50859260559082 2.6368966102600098 -0.7560634613037109 86 98 84
-7.948407173156738 2.7642099857330322 -0.6041052341461182 111 122 116
-8.569253921508789 2.6349523067474365 -0.7314040660858154 80 94 69
-10.463767051696777 2.8051464557647705 -0.9857121706008911 67 76 71
-10.853766441345215 2.4890530109405518 -1.123054027557373 0 16 0
-6.741744041442871 2.34773588180542 -0.77703857421875 75 83 85
-8.6255464553833 2.657865047454834 -1.070345401763916 134 147 137
-8.639557838439941 2.3204734325408936 -1.147088646888733 91 134 44
-8.481180191040039 1.949631690979004 -1.201982855796814 91 127 79
-6.2752532958984375 2.190322160720825 -0.9704527258872986 88 128 75
-6.46749210357666 1.9957281351089478 -1.0540963411331177 105 126 85
-6.617401123046875 1.7801966667175293 -1.1348209381103516 82 96 63
-6.573880195617676 1.5116697549819946 -1.1864910125732422 68 102 51
-5.570859909057617 1.9520984888076782 -1.0857425928115845 82 121 58
-5.39883279800415 1.669162631034851 -1.0945489406585693 107 144 49
-5.377541542053223 1.4493706226348877 -1.1354432106018066 108 150 64
-5.362098217010498 1.23361074924469 -1.178659439086914 82 125 71
-4.74770975112915 1.6667273044586182 -1.1204012632369995 83 135 25
-4.7091827392578125 1.4599058628082275 -1.147222876548767 75 107 58
-13.66321086883545 3.1154608726501465 2.723011016845703 87 124 169
-13.610751152038574 4.180161476135254 2.5057103633880615 127 152 157
-15.034253120422363 4.020788192749023 2.5858659744262695 66 80 81
-15.121387481689453 3.4623920917510986 2.424234628677368 61 72 66
-6.313731670379639 2.198782205581665 0.9930932521820068 86 136 163
-7.159017562866211 2.2034783363342285 1.0377869606018066 75 81 79
-11.226224899291992 3.0107617378234863 1.4973878860473633 68 83 124
-17.541105270385742 4.028365612030029 2.1441872119903564 70 79 84
-7.736413478851318 2.6978707313537598 0.912658154964447 53 52 92
-7.291149139404297 2.248188018798828 0.773535966873169 63 73 72
-11.81396770477295 3.1759047508239746 1.1247379779815674 117 156 197
-11.779664039611816 2.7136764526367188 0.994043231010437 66 69 78
-16.720869064331055 5.835546493530273 1.3194928169250488 77 103 118
-15.236079216003418 4.703207969665527 1.0345014333724976 61 60 58
-6.923316478729248 1.8649271726608276 0.3955983817577362 53 71 71
-12.106464385986328 2.795637369155884 0.5672609210014343 97 123 120
-6.627933025360107 2.3161191940307617 0.26603662967681885 84 114 88
-6.835973262786865 2.1131949424743652 0.20211097598075867 85 97 93
-6.986775875091553 1.8855528831481934 0.135288268327713 94 103 112
-12.820326805114746 2.968261957168579 0.11943473666906357 109 144 140
-7.154954433441162 2.5056118965148926 0.010055816732347012 104 121 113
-9.44119930267334 2.9241418838500977 -0.08142302185297012 94 115 110
-9.716315269470215 2.6278269290924072 -0.17955823242664337 75 78 67
-12.860917091369629 2.981680393218994 -0.36230942606925964 96 101 97
-7.248674392700195 2.5412728786468506 -0.2706506848335266 93 112 92
-8.069323539733887 2.502793073654175 -0.3780316114425659 73 86 105
-9.866049766540527 2.673682928085327 -0.5555673241615295 65 68 73
-11.257433891296387 2.6157259941101074 -0.7400871515274048 39 57 81
-8.122458457946777 2.852703094482422 -0.6179959774017334 97 106 121
-8.298442840576172 2.579573631286621 -0.7089619040489197 61 76 99
-10.518546104431152 2.854449987411499 -0.9916927814483643 171 177 117
-10.8790283203125 2.5300028324127197 -1.1264657974243164 81 100 68
-7.459446907043457 2.6233561038970947 -0.860683023929596 72 81 54
-8.298787117004395 2.5850822925567627 -1.030777096748352 158 206 146
-8.663983345031738 2.355555772781372 -1.1512857675552368 63 101 52
-8.37771987915039 1.9529285430908203 -1.1881636381149292 91 130 65
-6.275036811828613 2.211866855621338 -0.9714640378952026 86 116 62
-6.4387006759643555 2.0084989070892334 -1.050403118133545 57 94 40
-6.630947113037109 1.8056745529174805 -1.138088583946228 102 144 94
-6.527967929840088 1.5222136974334717 -1.179041862487793 94 122 63
-5.665905475616455 2.004941940307617 -1.105460286140442 98 140 54
-5.402120113372803 1.6883540153503418 -1.09626042842865 88 123 59
-5.293664932250977 1.4441988468170166 -1.1186633110046387 96 143 73
-4.9983391761779785 1.1660816669464111 -1.0994817018508911 96 123 82
-4.742574214935303 1.6812851428985596 -1.1204012632369995 59 79 51
-4.71862268447876 1.478715419769287 -1.1506223678588867 79 101 52
-13.935726165771484 3.2226083278656006 2.7792794704437256 47 46 80
-16.617101669311523 5.159319877624512 3.062072992324829 38 67 97
-14.997089385986328 4.0601911544799805 2.581604242324829 36 43 87
-15.172286987304688 3.5230696201324463 2.4341161251068115 119 174 215
-6.240704536437988 2.1948413848876953 0.982661247253418 81 110 142
-6.7086381912231445 2.087409019470215 0.9734227657318115 42 62 115
-11.373908996582031 3.0878045558929443 1.5183427333831787 75 82 88
-17.053817749023438 3.9715778827667236 2.08610200881958 81 69 133
-15.838666915893555 5.577878952026367 1.8704842329025269 73 87 122
-14.063127517700195 4.383584499359131 1.4934115409851074 78 92 93
-11.710965156555176 3.186772108078003 1.1158572435379028 59 62 69
-12.065346717834473 2.8184971809387207 1.0188758373260498 61 61 87
-6.092758655548096 2.147351026535034 0.48131507635116577 81 93 105
-15.212052345275879 4.746956825256348 1.0338540077209473 151 183 168
-6.655540943145752 1.8147155046463013 0.3806140422821045 42 59 103
-12.719354629516602 2.978299379348755 0.5964038372039795 77 80 69
-7.0985565185546875 2.5050415992736816 0.2852339744567871 106 136 128
-6.79892635345459 2.1246166229248047 0.20120742917060852 65 69 70
-6.998319149017334 1.9117215871810913 0.1356247216463089 70 75 69
-12.931872367858887 3.035918951034546 0.12056010961532593 94 109 102
-7.117064476013184 2.5168821811676025 0.010013369843363762 81 92 96
-8.692609786987305 2.7215423583984375 -0.07503867894411087 53 59 59
-9.727495193481445 2.6629037857055664 -0.17991496622562408 68 61 51
-13.010323524475098 3.0584096908569336 -0.3667810261249542 84 92 81
-7.240843772888184 2.5634994506835938 -0.2706506848335266 92 119 66
-9.704050064086914 3.0424892902374268 -0.45505043864250183 54 47 37
-11.200163841247559 3.072141647338867 -0.6312204003334045 98 109 103
-11.762235641479492 2.77108097076416 -0.7738291025161743 97 103 103
-8.091107368469238 2.8696072101593018 -0.6162775158882141 76 85 94
-8.289538383483887 2.604722023010254 -0.7088805437088013 87 97 89
-10.887145042419434 2.9903690814971924 -1.0273045301437378 92 106 80
-10.892518997192383 2.5683908462524414 -1.1286733150482178 65 84 64
-7.222782611846924 2.5650522708892822 -0.8342804312705994 118 143 124
-7.827637195587158 2.464688777923584 -0.9731910824775696 72 90 74
-8.626112937927246 2.373704195022583 -1.1472158432006836 85 117 50
-8.370725631713867 1.9783941507339478 -1.1880269050598145 96 137 61
-6.270085334777832 2.231771469116211 -0.9717530012130737 75 97 59
-6.424027442932129 2.025568962097168 -1.049018144607544 86 121 41
-6.550239086151123 1.8053011894226074 -1.125181794166565 78 114 70
-6.555854797363281 1.549938440322876 -1.1849318742752075 92 131 64
-5.369842052459717 1.918734073638916 -1.0488396883010864 79 115 28
-5.416574001312256 1.7111300230026245 -1.100253701210022 116 163 93
-5.295820713043213 1.4622583389282227 -1.1200616359710693 91 123 48
-5.439116954803467 1.2865201234817505 -1.1973017454147339 78 114 52
-4.744745254516602 1.6984590291976929 -1.1221399307250977 64 104 51
-4.701992988586426 1.4893615245819092 -1.1476761102676392 47 90 11
-13.91143798828125 3.2619857788085938 2.776418447494507 62 73 127
-16.572065353393555 5.201133728027344 3.0566999912261963 56 63 89
-15.400323867797852 4.2201128005981445 2.653233528137207 114 128 129
-15.142172813415527 3.565072774887085 2.431028127670288 77 114 122
-6.500524997711182 2.3086540699005127 1.0246829986572266 115 175 238
-6.619050979614258 2.0818281173706055 0.9613458514213562 51 87 103
-15.29309368133545 4.20220947265625 2.0432398319244385 61 65 74
-12.030753135681152 2.8407211303710938 1.4727165699005127 46 95 91
-7.7197136878967285 2.7452898025512695 0.912658154964447 107 189 237
-13.384424209594727 4.217123508453369 1.4227049350738525 45 59 59
-11.875863075256348 3.2708091735839844 1.132520079612732 66 91 72
-5.811084747314453 1.376299500465393 0.49107977747917175 67 76 81
-6.058896064758301 2.156336545944214 0.4791603982448578 41 45 57
-7.205188274383545 2.272677183151245 0.49015650153160095 74 95 114
-6.594117164611816 1.8197201490402222 0.3774188160896301 74 89 110
-12.288331985473633 2.9171690940856934 0.5766103863716125 84 98 99
-8.25146484375 2.9403953552246094 0.3319210410118103 79 86 70
-6.3396148681640625 2.0024545192718506 0.187795490026474 82 74 85
-9.715764999389648 2.6861014366149902 0.18844658136367798 64 87 95
-15.13655948638916 3.6025302410125732 0.14121614396572113 71 86 81
-7.230795860290527 2.582087516784668 0.010184482671320438 73 86 79
-8.686125755310059 2.7488014698028564 -0.07505515217781067 78 77 83
-9.762639045715332 2.704747438430786 -0.1807176023721695 79 94 99
-12.255054473876953 2.9205689430236816 -0.34573981165885925 77 83 79
-7.2432966232299805 2.589402675628662 -0.2710380554199219 102 108 96
-8.16047477722168 2.5860588550567627 -0.3830380439758301 33 17 30
-8.013689994812012 2.2245676517486572 -0.4520191550254822 128 147 145
-11.736207008361816 2.802981376647949 -0.7726788520812988 92 108 97
-8.101984977722168 2.9014790058135986 -0.6177811622619629 154 168 143
-7.96613073348999 2.529980182647705 -0.6818848848342896 85 95 97
-10.724398612976074 2.98108172416687 -1.0128061771392822 96 138 116
-10.892330169677734 2.603646993637085 -1.1294760704040527 85 104 76
-7.581705570220947 2.718740463256836 -0.8766977190971375 111 132 125
-8.277091979980469 2.6341471672058105 -1.0300705432891846 97 98 93
-8.612101554870605 2.3982949256896973 -1.1463255882263184 96 110 75
-8.42434310913086 2.0183756351470947 -1.1965099573135376 118 151 94
-6.2753143310546875 2.255347967147827 -0.9736312031745911 64 90 42
-6.4130754470825195 2.0437679290771484 -1.0482487678527832 75 124 77
-6.614991188049316 1.8450020551681519 -1.1372716426849365 69 103 66
-6.522336006164551 1.5631581544876099 -1.1797348260879517 93 126 45
-5.404636383056641 1.9498854875564575 -1.0567991733551025 111 138 57
-5.520721912384033 1.7626768350601196 -1.1225022077560425 70 118 34
-5.326226234436035 1.4882551431655884 -1.1274527311325073 80 111 54
-5.51216459274292 1.3216685056686401 -1.2142685651779175 78 114 53
-4.7404303550720215 1.7133394479751587 -1.1223572492599487 80 107 36
-4.603713512420654 1.4737876653671265 -1.124786138534546 69 102 45
-14.119111061096191 3.356412887573242 2.8199071884155273 117 178 232
-6.959052562713623 2.207570791244507 1.2848330736160278 88 79 122
-16.488096237182617 4.5726213455200195 2.843043088912964 39 52 84
-15.3723783493042 3.6690845489501953 2.469782590866089 98 119 124
-6.239223957061768 2.2374329566955566 0.9845713376998901 131 198 225
-17.354267120361328 5.516840934753418 2.5229668617248535 129 163 175
-15.391929626464844 4.2801971435546875 2.058189630508423 135 203 252
-12.458477973937988 2.9820985794067383 1.5261882543563843 50 64 73
-7.309978008270264 2.6248698234558105 0.8651654124259949 145 175 213
-7.358312129974365 2.3432745933532715 0.7829164266586304 46 51 47
-15.468669891357422 4.311428070068359 1.476396083831787 56 56 68
-12.296883583068848 2.952270269393921 1.0399384498596191 103 150 166
-6.061636924743652 2.1782872676849365 0.47990337014198303 94 130 154
-7.330337047576904 2.336902618408203 0.49915552139282227 62 68 84
-6.888548374176025 1.923734426498413 0.3946067690849304 148 189 207
-12.666847229003906 3.048107624053955 0.5948075652122498 146 194 206
-5.976354598999023 2.1503498554229736 0.24066735804080963 62 77 72
-6.084903240203857 1.9425510168075562 0.1804259717464447 92 109 116
-9.692072868347168 2.7115864753723145 0.18814752995967865 46 70 57
-12.949939727783203 3.12412166595459 0.12090498208999634 82 83 85
-6.997067451477051 2.522854804992676 0.009866134263575077 115 142 133
-8.697652816772461 2.781834363937378 -0.07522814720869064 87 99 87
-9.7514066696167 2.7338764667510986 -0.1806640923023224 67 87 75
-13.095281600952148 3.163296699523926 -0.3697163462638855 75 80 83
-8.039974212646484 2.9020557403564453 -0.30118075013160706 58 72 47
-8.687186241149902 2.7823314666748047 -0.40815970301628113 85 56 84
-10.998453140258789 3.0894997119903564 -0.6209090352058411 80 101 86
-12.805156707763672 3.0998377799987793 -0.8436776399612427 79 83 84
-7.892313480377197 2.8537404537200928 -0.6024583578109741 86 94 96
-7.825470924377441 2.511763572692871 -0.6705011129379272 80 92 88
-10.376786231994629 2.9187800884246826 -0.9808189272880554 125 144 124
-10.926837921142578 2.647360324859619 -1.133891224861145 45 67 65
-7.2227983474731445 2.6150753498077393 -0.8361198902130127 120 143 133
-8.23871898651123 2.649798631668091 -1.0263020992279053 102 105 86
-8.591337203979492 2.4209389686584473 -1.1445449590682983 86 123 80
-8.419074058532715 2.044445276260376 -1.1966466903686523 53 86 33
-6.307432174682617 2.2887659072875977 -0.9796991944313049 63 78 55
-6.390786647796631 2.058283805847168 -1.0456327199935913 73 110 59
-6.585562705993652 1.8585888147354126 -1.133187174797058 80 113 58
-6.466785907745361 1.570839762687683 -1.1705533266067505 96 137 33
-5.3912353515625 1.9637644290924072 -1.055351972579956 103 144 52
-5.453623294830322 1.7597085237503052 -1.1099518537521362 94 118 66
-5.34143590927124 1.5101871490478516 -1.1316478252410889 97 125 50
-5.42827033996582 1.3191770315170288 -1.1966733932495117 75 106 36
-4.711310386657715 1.7191752195358276 -1.116706371307373 56 89 8
-4.613070487976074 1.4924017190933228 -1.1281856298446655 67 98 39
-13.868256568908691 3.341764211654663 2.7718405723571777 50 57 75
-6.718723773956299 2.1540422439575195 1.2416759729385376 110 126 160
-16.48253631591797 4.625583171844482 2.844517946243286 48 91 107
-15.308233261108398 3.70345139503479 2.4612905979156494 130 202 250
-6.234190940856934 2.2572379112243652 0.9848652482032776 111 161 188
-14.57031536102295 4.681102275848389 2.1203131675720215 113 145 184
-11.592281341552734 3.2619364261627197 1.5514363050460815 81 116 109
-12.592087745666504 3.05495548248291 1.543696641921997 66 71 91
-7.300021648406982 2.646606683731079 0.8649439811706543 78 117 160
-7.024352073669434 2.260683298110962 0.7481179237365723 86 96 97
-15.435243606567383 4.353188991546631 1.474473476409912 65 59 71
-15.800081253051758 3.8446335792541504 1.3371925354003906 93 121 96
-15.487446784973145 5.6192216873168945 1.2275093793869019 63 66 121
-7.312684535980225 2.3560144901275635 0.4984433650970459 44 63 96
-12.260527610778809 3.464526414871216 0.7029432654380798 74 91 109
-6.991579055786133 1.705138921737671 0.3285534381866455 78 87 84
-8.60614013671875 3.1264266967773438 0.34695324301719666 77 93 93
-8.401079177856445 2.7103984355926514 0.24934925138950348 62 78 91
-6.225240707397461 1.7622696161270142 0.12095197290182114 110 137 156
-12.867443084716797 3.1460251808166504 0.12022431194782257 79 82 89
-8.406322479248047 3.060149669647217 0.01186642050743103 46 66 65
-8.431221008300781 2.725160598754883 -0.07299568504095078 81 98 105
-9.565023422241211 2.713301420211792 -0.17736436426639557 55 72 64
-6.949100971221924 1.7012054920196533 -0.196338951587677 54 53 85
-7.271403789520264 2.6498806476593018 -0.27269306778907776 79 90 92
-8.332643508911133 2.6969926357269287 -0.39188873767852783 67 69 68
-8.909469604492188 2.5322141647338867 -0.5034133195877075 80 101 106
-12.529051780700684 3.073720693588257 -0.826103687286377 69 75 65
-7.876962661743164 2.8755459785461426 -0.6019572019577026 81 99 85
-8.001652717590332 2.5954177379608154 -0.6862757205963135 107 118 104
-9.598628997802734 2.731705904006958 -0.9080550074577332 67 89 77
-10.91866397857666 2.680870771408081 -1.133891224861145 52 53 48
-6.301578044891357 2.303431510925293 -0.7302929162979126 93 98 78
-8.257939338684082 2.6839640140533447 -1.029717206954956 122 160 147
-8.581007957458496 2.44646954536438 -1.1441633701324463 81 89 74
-8.425267219543457 2.0733425617218018 -1.1984254121780396 68 94 46
-6.331971168518066 2.319679021835327 -0.984611451625824 74 94 85
-6.344979286193848 2.065037250518799 -1.0391696691513062 71 99 38
-6.535243034362793 1.8660532236099243 -1.125508427619934 80 101 32
-6.450460433959961 1.5878472328186035 -1.168474555015564 99 138 59
-5.329801082611084 1.9599288702011108 -1.044498085975647 91 134 65
-5.474333763122559 1.784953236579895 -1.1152762174606323 81 123 25
-5.336777687072754 1.5265673398971558 -1.1316478252410889 74 92 42
-5.340646266937256 1.3152482509613037 -1.1782405376434326 117 153 79
-4.68861198425293 1.727210521697998 -1.112576961517334 82 138 13
-4.640872001647949 1.5171396732330322 -1.1361178159713745 75 115 52
-13.859846115112305 3.3847615718841553 2.7722220420837402 61 76 69
-6.8076491355896 2.2056069374084473 1.2593547105789185 75 88 81
-13.592916488647461 3.8596794605255127 2.3478665351867676 109 140 142
-11.268446922302246 2.7627460956573486 1.8131194114685059 103 163 200
-13.785760879516602 5.039356708526611 2.1802797317504883 112 142 178
-6.877537727355957 2.232893466949463 1.001830816268921 59 69 61
-7.090317726135254 2.0186307430267334 0.9497469067573547 59 63 92
-16.632556915283203 4.089282035827637 2.0405564308166504 87 101 136
-16.209543228149414 5.93306303024292 1.9227373600006104 49 78 108
-5.863115310668945 1.9068272113800049 0.6250622868537903 19 79 131
-7.3657002449035645 2.1017587184906006 0.7042315602302551 46 62 62
-6.670994281768799 1.6449474096298218 0.5650040507316589 58 63 66
-6.386194705963135 2.3392629623413086 0.5067256689071655 122 153 111
-7.325348377227783 2.3849258422851562 0.49980291724205017 98 109 113
-6.758533000946045 1.9322069883346558 0.3878307640552521 52 62 74
-12.30654239654541 3.0414087772369385 0.5787538886070251 61 60 68
-8.224990844726562 3.01655912399292 0.3319588899612427 67 66 62
-6.839818477630615 2.2298882007598877 0.20321215689182281 55 65 75
-9.661794662475586 2.767150640487671 0.1878858357667923 83 82 90
-15.815193176269531 3.9181947708129883 0.14787763357162476 113 119 135
-8.4870023727417 3.1190409660339355 0.011993760243058205 59 69 70
-8.417118072509766 2.7491517066955566 -0.07294626533985138 121 125 100
-9.490342140197754 2.7236030101776123 -0.1761336475610733 67 80 73
-6.906980991363525 1.7133713960647583 -0.1952964961528778 88 103 106
-7.1525654792785645 2.6314589977264404 -0.26853787899017334 95 110 103
-7.879961013793945 2.57720947265625 -0.37096893787384033 89 90 72
-9.409310340881348 2.7055037021636963 -0.5321224331855774 81 97 113
-10.579693794250488 2.629927396774292 -0.6981014013290405 97 106 105
-7.415128231048584 2.732759714126587 -0.567301869392395 100 100 110
-8.013541221618652 2.6264729499816895 -0.6879832744598389 88 100 88
-9.524168968200684 2.74212908744812 -0.9018025398254395 91 103 81
-10.939353942871094 2.721562623977661 -1.136901617050171 54 62 51
-6.497799873352051 2.3977808952331543 -0.7538821697235107 65 93 96
-7.399603366851807 2.4301156997680664 -0.9236130118370056 114 122 99
-7.356441974639893 2.121767520904541 -0.9817471504211426 93 113 76
-8.433282852172852 2.102775812149048 -1.2004777193069458 95 142 61
-6.337817668914795 2.3438994884490967 -0.9866341352462769 69 84 55
-6.322657108306885 2.0792462825775146 -1.0365537405014038 87 112 20
-6.498209476470947 1.8770593404769897 -1.1201170682907104 73 97 37
-6.073828220367432 1.51491379737854 -1.101085901260376 98 132 48
-5.387382984161377 1.9998880624771118 -1.056980013847351 86 131 50
-5.443655490875244 1.793445348739624 -1.1101419925689697 86 117 57
-5.308538436889648 1.5361241102218628 -1.1266536712646484 74 94 59
-5.307175159454346 1.3242881298065186 -1.171747088432312 84 126 50
-4.691524505615234 1.744648814201355 -1.1145329475402832 65 96 36
-4.605676174163818 1.5212897062301636 -1.1286388635635376 59 94 40
-13.87226676940918 3.4329264163970947 2.7767996788024902 80 125 180
-12.984888076782227 4.251030445098877 2.4044907093048096 61 70 67
-13.552567481994629 3.893192768096924 2.342949390411377 132 171 202
-15.46932315826416 3.843047618865967 2.4909353256225586 96 146 171
-6.231358528137207 2.2995569705963135 0.9866283535957336 133 173 224
-5.825938701629639 1.9112539291381836 0.8494976162910461 102 125 109
-15.171753883361816 4.369798183441162 2.0340402126312256 42 93 110
-16.56308364868164 4.126128673553467 2.033576726913452 84 95 99
-15.993627548217773 5.909737586975098 1.8992676734924316 57 71 82
-5.955535411834717 1.9571086168289185 0.6355522274971008 49 56 111
-7.474025726318359 2.157487392425537 0.7152180075645447 128 196 217
-6.7094268798828125 1.676276683807373 0.5686920285224915 83 105 93
-6.378052234649658 2.3584985733032227 0.5066513419151306 60 62 74
-7.271548748016357 2.39210844039917 0.49663060903549194 117 147 155
-6.757369518280029 1.9543198347091675 0.38810622692108154 65 75 67
-18.592056274414062 4.655364990234375 0.875017523765564 80 105 86
-8.216634750366211 3.042125940322876 0.33199676871299744 85 89 92
-6.027840614318848 1.9856499433517456 0.17926830053329468 80 87 105
-15.871411323547363 4.598326206207275 0.30891257524490356 56 54 65
-12.872143745422363 3.2310051918029785 0.1204511970281601 57 65 68
-8.333948135375977 3.091846466064453 0.011790813878178596 71 83 99
-8.418140411376953 2.7780959606170654 -0.07302864640951157 102 113 99
-9.476180076599121 2.7510337829589844 -0.17602664232254028 71 83 73
-6.888119220733643 1.731142520904541 -0.19491243362426758 68 66 71
-7.1388373374938965 2.6513025760650635 -0.26832661032676697 67 73 63
-9.530082702636719 3.149294137954712 -0.44910532236099243 78 98 99
-9.061553001403809 2.635636806488037 -0.5129106640815735 102 111 110
-12.248666763305664 3.084735870361328 -0.8088492751121521 84 90 90
-7.226285934448242 2.6883738040924072 -0.553482711315155 80 81 85
-8.1199312210083 2.688958168029785 -0.697822093963623 66 69 76
-10.069328308105469 2.932570219039917 -0.9542686939239502 117 128 132
-10.922269821166992 2.752922534942627 -1.1359983682632446 55 72 62
-6.332042217254639 2.358710765838623 -0.7354868650436401 128 150 114
-7.918976783752441 2.627626657485962 -0.9894423484802246 75 82 51
-7.305145740509033 2.131270408630371 -0.9757694602012634 82 90 77
-8.415266990661621 2.125727653503418 -1.198835849761963 102 150 32
-6.312983512878418 2.356757164001465 -0.9838890433311462 64 95 63
-6.294681549072266 2.091468334197998 -1.0330142974853516 78 108 18
-6.466852188110352 1.8895161151885986 -1.1157058477401733 59 100 32
-6.234344005584717 1.5752813816070557 -1.1310555934906006 90 124 50
-5.426949501037598 1.8064171075820923 -1.1078600883483887 90 131 63
-5.290635108947754 1.548549771308899 -1.123857021331787 92 121 63
-5.282231330871582 1.335291862487793 -1.1671388149261475 88 109 44
-4.601911544799805 1.5357210636138916 -1.1288655996322632 53 79 40
-14.356797218322754 3.5996108055114746 2.8759849071502686 112 162 195
-7.0660834312438965 2.337341070175171 1.3097913265228271 100 136 162
-13.401308059692383 3.8942880630493164 2.318854331970215 58 71 62
-15.713279724121094 3.954876184463501 2.5321602821350098 115 158 164
-6.453224182128906 2.40395188331604 1.0229198932647705 106 128 175
-6.758401393890381 2.2401461601257324 0.986460268497467 45 54 53
-17.06079864501953 4.970619201660156 2.2893333435058594 85 111 100
-5.876865386962891 1.4831846952438354 0.7221031188964844 115 147 185
-17.00717544555664 6.343618392944336 2.0219297409057617 73 85 101
-5.831476211547852 1.9361830949783325 0.6229440569877625 108 126 146
-7.487444877624512 2.1862685680389404 0.7171406149864197 43 49 65
-13.78048038482666 3.487853527069092 1.168937087059021 75 82 88
-6.676292896270752 2.492093086242676 0.5309474468231201 77 106 122
-7.2007293701171875 2.3933181762695312 0.49229297041893005 65 80 73
-6.771466255187988 1.9809291362762451 0.3892630934715271 67 65 68
-12.319602966308594 3.1249685287475586 0.5802589058876038 98 119 120
-8.593850135803223 3.2118000984191895 0.34763482213020325 113 140 151
-9.546167373657227 3.177131175994873 0.2841920852661133 64 74 65
-7.178785800933838 2.103759765625 0.1398489624261856 120 152 131
-15.221010208129883 3.8702664375305176 0.14254118502140045 67 73 63
-6.111506462097168 2.2886884212493896 0.008656412363052368 63 79 78
-7.410673141479492 2.470855951309204 -0.06435417383909225 91 104 110
-9.157830238342285 2.6891043186187744 -0.17026551067829132 58 69 65
-6.869213581085205 1.7488141059875488 -0.19452837109565735 83 95 95
-7.431056499481201 2.7858026027679443 -0.2796301245689392 72 79 87
-8.262931823730469 2.7587010860443115 -0.38978782296180725 98 103 97
-8.501654624938965 2.5010998249053955 -0.48165082931518555 104 106 105
-11.468457221984863 2.9256913661956787 -0.7579167485237122 85 95 94
-8.093685150146484 2.7078487873077393 -0.6962771415710449 57 68 62
-9.769871711730957 2.8779022693634033 -0.9267216324806213 91 96 89
-10.85207462310791 2.7706665992736816 -1.1295764446258545 122 156 140
-7.627472877502441 2.5569052696228027 -0.9539958238601685 108 114 86
-8.482022285461426 2.5028858184814453 -1.1339884996414185 134 160 135
-8.402948379516602 2.150062084197998 -1.1980149745941162 81 122 26
-6.253576278686523 2.0991363525390625 -1.0273206233978271 70 109 42
-6.43453311920166 1.9015185832977295 -1.111131191253662 69 98 18
-6.309628486633301 1.6149137020111084 -1.145607352256775 85 133 24
-5.443715572357178 1.8305683135986328 -1.1124238967895508 179 199 127
-5.197542190551758 1.5386292934417725 -1.1050794124603271 68 119 26
-4.938045024871826 1.2644157409667969 -1.091940999031067 105 143 70
-4.591640472412109 1.547965407371521 -1.1275057792663574 52 79 34
-14.475080490112305 3.676504611968994 2.901925563812256 111 113 161
-15.861695289611816 5.30082368850708 2.943174123764038 112 178 230
-13.570067405700684 3.988516330718994 2.35016131401062 102 159 168
-15.710644721984863 4.005505561828613 2.5337040424346924 66 93 112
-6.526367664337158 2.454026699066162 1.0357025861740112 127 145 121
-6.777796745300293 2.26967716217041 0.9903029203414917 0 18 31
-15.230278015136719 4.488039493560791 2.0455398559570312 50 58 81
-15.105939865112305 3.8617241382598877 1.8575464487075806 61 77 76
-5.842487335205078 1.9597598314285278 0.6247596144676208 78 82 91
-5.733008861541748 1.6930938959121704 0.5495972633361816 169 226 219
-6.919129848480225 1.773843765258789 0.5873779654502869 104 136 149
-15.661908149719238 5.258986949920654 1.071857213973999 154 185 153
-6.800782680511475 2.0121757984161377 0.39130139350891113 42 59 67
-12.70180892944336 3.2634267807006836 0.5987297892570496 174 218 219
-9.543954849243164 3.2089521884918213 0.2844179570674896 79 83 86
-9.375177383422852 2.7786781787872314 0.18280178308486938 62 69 88
-6.3437275886535645 1.6337648630142212 0.05945417657494545 113 136 142
-7.312083721160889 2.462937116622925 -0.06356333941221237 80 81 83
-9.998739242553711 2.9693796634674072 -0.18606849014759064 70 79 76
-6.86575174331665 1.7703794240951538 -0.1945832222700119 65 68 77
-7.640079975128174 2.576831817626953 -0.36077722907066345 95 108 101
-9.579253196716309 2.8500795364379883 -0.5431936383247375 82 94 80
-11.17245864868164 2.886715888977051 -0.7389369010925293 94 110 99
-7.9295430183410645 2.680011510848999 -0.6828606128692627 108 122 87
-9.672234535217285 2.8814196586608887 -0.9182944893836975 75 95 68
-9.385132789611816 2.426832675933838 -0.9776549935340881 100 115 96
-7.355290412902832 2.490791082382202 -0.9209044575691223 88 108 39
-7.515288829803467 2.242708206176758 -1.0056581497192383 80 92 72
-8.271652221679688 2.1435272693634033 -1.1802279949188232 96 125 45
-6.188154220581055 2.0983221530914307 -1.0176260471343994 86 127 51
-6.411654949188232 1.9161657094955444 -1.1081904172897339 82 108 63
-5.917575359344482 1.5339293479919434 -1.0752737522125244 100 133 52
-5.126662731170654 1.7414774894714355 -1.0487209558486938 67 114 18
-5.285727024078369 1.5823882818222046 -1.1248557567596436 97 143 81
-5.189699649810791 1.3458324670791626 -1.1484965085983276 85 122 42
-4.642189025878906 1.5808837413787842 -1.1411038637161255 42 76 43
-14.1604642868042 3.642878293991089 2.8410792350769043 112 163 226
-6.950831413269043 2.3466310501098633 1.2910726070404053 66 110 121
-13.662726402282715 4.0613298416137695 2.3683555126190186 98 138 173
-15.631318092346191 4.0363945960998535 2.5228960514068604 51 55 64
-6.358886241912842 2.151115655899048 0.9300557971000671 113 144 164
-6.733290195465088 2.006629228591919 0.9051535725593567 80 101 118
-12.272664070129395 3.1775619983673096 1.510335922241211 116 153 180
-5.793102741241455 1.9629878997802734 0.6201198101043701 61 68 61
-5.741145610809326 1.714664101600647 0.5508790016174316 86 147 148
-16.585248947143555 4.306197643280029 1.4090678691864014 43 55 67
-6.8570427894592285 2.3259048461914062 0.46976298093795776 49 55 55
-6.065664291381836 1.8149302005767822 0.3493231236934662 75 91 104
-16.10636329650879 4.190862655639648 0.7598139643669128 164 201 184
-8.671806335449219 2.9453537464141846 0.2586952745914459 83 98 105
-6.1610822677612305 1.8466442823410034 0.12024170160293579 62 64 76
-6.385129928588867 1.6653329133987427 0.05988980457186699 159 177 179
-8.122414588928223 2.7636570930480957 -0.07068085670471191 140 160 125
-9.558667182922363 2.8706302642822266 -0.17804214358329773 68 70 67
-9.81408977508545 2.5627646446228027 -0.27836400270462036 84 96 96
-8.153178215026855 2.7777767181396484 -0.3854071795940399 104 109 115
-9.566637992858887 2.8783037662506104 -0.5429765582084656 99 118 98
-10.323604583740234 2.701204538345337 -0.6833392977714539 89 93 105
-8.042961120605469 2.7458670139312744 -0.6933498978614807 87 100 83
-9.752029418945312 2.9377949237823486 -0.9267216324806213 85 105 80
-10.052356719970703 2.632293939590454 -1.0479964017868042 61 80 48
-7.571237564086914 2.5898382663726807 -0.9489319920539856 74 82 69
-7.967022895812988 2.404158115386963 -1.0670888423919678 93 126 69
-8.225752830505371 2.1585853099823 -1.1746182441711426 93 126 35
-6.160187721252441 2.1099331378936768 -1.0140867233276367 95 142 30
-6.411412239074707 1.9375396966934204 -1.1091707944869995 87 106 51
-6.209102630615234 1.6298433542251587 -1.1291499137878418 87 123 35
-5.115724086761475 1.7552858591079712 -1.0475800037384033 67 103 57
-5.272407054901123 1.596042275428772 -1.1230579614639282 78 120 44
-5.102320671081543 1.3398923873901367 -1.1300636529922485 79 111 44
-4.5903449058532715 1.5789612531661987 -1.1295454502105713 67 119 55
-14.847420692443848 3.8682072162628174 2.981273651123047 72 99 106
-13.695549011230469 4.11685848236084 2.37622332572937 75 104 144
-15.167693138122559 3.9663515090942383 2.450019359588623 89 150 169
-6.332572937011719 2.1638882160186768 0.9271738529205322 159 216 236
-7.0518717765808105 2.125149726867676 0.9488524198532104 123 159 171
-11.453145980834961 3.0029008388519287 1.4106091260910034 96 164 203
-7.424898147583008 2.541341781616211 0.7956254482269287 71 87 77
-7.505136966705322 2.266604423522949 0.7208027839660645 141 180 195
-16.57388687133789 4.357567310333252 1.4092319011688232 82 90 111
-5.899237155914307 2.0212197303771973 0.40456846356391907 48 57 52
-6.054333686828613 1.8317960500717163 0.34899261593818665 73 86 77
-16.0982608795166 4.24152946472168 0.7600420713424683 64 71 89
-7.375895023345947 2.5304672718048096 0.22026650607585907 109 138 107
-6.159215450286865 1.8666975498199463 0.12031646817922592 43 42 56
-6.7038726806640625 1.7704495191574097 0.06293012946844101 75 96 97
-8.448665618896484 2.9036154747009277 -0.07359705120325089 94 94 92
-9.570862770080566 2.9063336849212646 -0.1784345507621765 55 55 65
-12.38650131225586 3.2751266956329346 -0.3516104817390442 71 72 74
-7.3964691162109375 2.5453195571899414 -0.3500044345855713 52 61 68
-10.467207908630371 3.184309482574463 -0.5946421027183533 71 85 88
-10.165743827819824 2.6932499408721924 -0.6734338998794556 101 112 104
-7.906353950500488 2.726341485977173 -0.6822914481163025 94 86 97
-9.631508827209473 2.933748722076416 -0.9161196947097778 97 116 94
-9.350831985473633 2.479273557662964 -0.9756481647491455 76 97 58
-7.2751054763793945 2.5134999752044678 -0.9127788543701172 71 94 66
-8.033608436584473 2.451167345046997 -1.0770093202590942 88 105 71
-8.22770881652832 2.186100959777832 -1.1758497953414917 111 145 50
-6.1452813148498535 2.125915288925171 -1.0127018690109253 86 132 59
-6.369584560394287 1.9462454319000244 -1.1029623746871948 71 105 54
-6.183133125305176 1.6433196067810059 -1.1253387928009033 75 118 39
-5.089907169342041 1.7639001607894897 -1.0433965921401978 78 129 52
-5.27872896194458 1.6156514883041382 -1.1254551410675049 75 119 44
-5.146379470825195 1.3683539628982544 -1.1407462358474731 64 103 38
-4.607560157775879 1.6007078886032104 -1.1349847316741943 60 88 13
-14.826940536499023 3.9114863872528076 2.9795567989349365 93 105 95
-6.918609619140625 2.3831422328948975 1.287779450416565 68 92 96
-13.050480842590332 3.966648817062378 2.2664027214050293 94 126 123
-15.214668273925781 4.02854585647583 2.45959210395813 116 191 246
-6.517853736877441 2.2495551109313965 0.9553074240684509 51 76 98
-7.088011741638184 2.1597836017608643 0.9546023011207581 103 129 144
-12.265412330627441 3.256118059158325 1.5118738412857056 141 202 255
-7.469723224639893 2.58231258392334 0.8012738823890686 61 59 98
-17.40107536315918 5.313557147979736 1.672778844833374 19 30 58
-6.039576530456543 1.6077373027801514 0.5139455199241638 139 197 234
-8.076128005981445 2.7947897911071777 0.5544446110725403 58 66 68
-6.056324005126953 1.852698564529419 0.3494333326816559 54 52 63
-16.200031280517578 4.32153844833374 0.7654692530632019 66 77 81
-7.381319999694824 2.557666063308716 0.22066180408000946 95 117 128
-9.303319931030273 2.8507866859436035 0.181904599070549 79 99 98
-7.041347980499268 1.8827025890350342 0.06615196168422699 78 84 80
-8.112860679626465 2.816066265106201 -0.07074674963951111 88 96 59
-9.583884239196777 2.942432403564453 -0.17884477972984314 49 49 59
-10.974309921264648 2.9377799034118652 -0.31177759170532227 72 80 83
-7.879312992095947 2.7385435104370117 -0.3732486665248871 115 111 99
-9.42758846282959 2.8996689319610596 -0.5360841751098633 73 76 91
-10.98348331451416 2.945988416671753 -0.7282007932662964 93 99 95
-8.040080070495605 2.8000831604003906 -0.6945695877075195 70 79 74
-8.472716331481934 2.6092138290405273 -0.806656539440155 89 113 99
-9.348946571350098 2.5094974040985107 -0.976250171661377 112 120 123
-7.248607635498047 2.5292646884918213 -0.9104235768318176 93 107 94
-7.53413724899292 2.324061632156372 -1.0109999179840088 96 136 76
-7.847891330718994 2.1109814643859863 -1.122489094734192 93 134 66
-6.123805999755859 2.1395442485809326 -1.0102397203445435 76 107 50
-6.367353916168213 1.966942548751831 -1.1036158800125122 56 88 25
-6.1837687492370605 1.6638168096542358 -1.1263781785964966 106 142 78
-5.108564376831055 1.7879396677017212 -1.0483406782150269 88 112 64
-5.255962371826172 1.626335620880127 -1.1216596364974976 81 119 36
-5.079839706420898 1.3673620223999023 -1.126921534538269 94 119 53
-4.556674957275391 1.5987135171890259 -1.1236529350280762 73 110 40
-14.718134880065918 3.931118965148926 2.960101366043091 93 127 136
-7.004284381866455 2.4367170333862305 1.3051116466522217 64 66 63
-13.538960456848145 4.160537242889404 2.3534395694732666 54 63 58
-15.079131126403809 4.042203903198242 2.4396746158599854 55 66 62
-6.321046829223633 2.203355550765991 0.9274483323097229 45 65 98
-6.154360294342041 1.8959448337554932 0.8296390175819397 58 73 68
-6.46619176864624 1.73784339427948 0.7976968288421631 65 74 83
-6.8972487449646 2.408120632171631 0.7406538724899292 115 156 140
-7.5110697746276855 2.3187811374664307 0.7227253913879395 77 103 138
-5.944159030914307 1.6018818616867065 0.5062416791915894 53 62 61
-7.396792411804199 2.585139751434326 0.5083487629890442 57 64 56
-6.055380821228027 1.872745394706726 0.34970876574516296 59 68 73
-12.397521018981934 3.347951650619507 0.586279034614563 46 40 50
-6.115755558013916 2.140179395675659 0.18302364647388458 78 84 74
-9.186609268188477 2.8458831310272217 0.17979246377944946 65 73 75
-7.021059989929199 1.9003773927688599 0.06601582467556 84 89 95
-8.047563552856445 2.8210947513580322 -0.07025248557329178 86 95 102
-15.880990982055664 4.9291276931762695 -0.29663583636283875 120 182 207
-9.66948413848877 2.620300769805908 -0.27493488788604736 69 72 77
-7.661612510681152 2.6892523765563965 -0.3633251488208771 72 72 64
-8.12570571899414 2.5265588760375977 -0.462493360042572 99 116 123
-10.177919387817383 2.7634198665618896 -0.6753511428833008 86 97 91
-8.178126335144043 2.876323699951172 -0.7072542905807495 83 96 87
-8.839315414428711 2.751828670501709 -0.8423589468002319 107 99 110
-10.356071472167969 2.81392502784729 -1.082314133644104 81 91 82
-6.579577922821045 2.3184874057769775 -0.8272830843925476 111 109 120
-7.571476459503174 2.3610432147979736 -1.0169776678085327 71 69 54
-7.385461807250977 2.010911703109741 -1.0572248697280884 90 135 34
-6.1339850425720215 2.1642394065856934 -1.0130095481872559 61 107 61
-6.363173007965088 1.9870563745498657 -1.103942632675171 87 124 81
-6.142524719238281 1.6729457378387451 -1.1197952032089233 101 146 43
-5.103980541229248 1.8039312362670898 -1.0485308170318604 72 98 50
-5.243466854095459 1.6401129961013794 -1.1200616359710693 70 98 37
-5.01995849609375 1.367774248123169 -1.1145631074905396 90 127 60
-13.716696739196777 3.7087628841400146 2.7609682083129883 112 133 186
-6.869518756866455 2.1340980529785156 1.1952418088912964 96 143 153
-11.649223327636719 3.1611013412475586 1.8863049745559692 72 82 74
-6.5992302894592285 2.3230535984039307 0.9693055748939514 88 124 146
-7.106822967529297 2.2132608890533447 0.9589466452598572 75 86 108
-6.561435699462891 1.7850432395935059 0.8101183772087097 63 77 42
-7.4302802085876465 2.619826555252075 0.7987522482872009 91 111 138
-13.706489562988281 4.277503490447998 1.3201136589050293 64 73 70
-5.988253116607666 1.6334869861602783 0.5104213953018188 70 83 89
-7.1244025230407715 2.5144946575164795 0.49015650153160095 54 59 53
-6.051512718200684 1.8919100761413574 0.3498189449310303 93 111 115
-7.39858865737915 2.0223636627197266 0.35017117857933044 83 83 85
-6.139319896697998 2.1695902347564697 0.18392719328403473 57 72 67
-9.550902366638184 2.9908804893493652 0.18710079789161682 72 75 82
-7.0209832191467285 1.9234939813613892 0.06607028096914291 88 92 95
-7.4393486976623535 2.6335394382476807 -0.06501320004463196 71 77 77
-15.885828018188477 4.98411226272583 -0.2970103919506073 62 57 64
-9.724061012268066 2.6671409606933594 -0.27671805024147034 93 100 106
-7.655209064483643 2.7134127616882324 -0.36341455578804016 88 96 75
-8.443699836730957 2.6538705825805664 -0.48105388879776 66 72 72
-11.308735847473145 3.1077325344085693 -0.7510150074958801 114 105 106
-8.022747993469238 2.849363327026367 -0.6945695877075195 59 61 73
-7.996766090393066 2.516465902328491 -0.7627987861633301 98 104 94
-9.473435401916504 2.6053335666656494 -0.990900456905365 130 170 162
-7.187108516693115 2.5573813915252686 -0.9046531915664673 96 111 108
-7.583117485046387 2.3902246952056885 -1.0195213556289673 99 126 75
-7.439422607421875 2.050140619277954 -1.0658446550369263 92 127 73
-6.185024738311768 2.203608512878418 -1.022550344467163 91 128 59
-6.300598621368408 1.9887512922286987 -1.0941400527954102 97 126 68
-6.105081558227539 1.6828842163085938 -1.1139053106307983 98 138 26
-4.9597272872924805 1.7700825929641724 -1.0200071334838867 76 108 32
-5.223462104797363 1.6514657735824585 -1.1168653964996338 89 123 88
-5.159961700439453 1.4229404926300049 -1.1466113328933716 66 96 44
-13.188520431518555 4.679060935974121 2.462726593017578 73 92 132
-13.180947303771973 4.13920259475708 2.295578956604004 56 71 104
-6.6557536125183105 1.8280284404754639 1.0786385536193848 85 80 112
-6.701271057128906 2.382106065750122 0.9853623509407043 80 97 125
-14.204728126525879 4.471596717834473 1.9185320138931274 59 59 97
-6.555928707122803 1.8051649332046509 0.8101183772087097 89 116 123
-7.433454990386963 2.6466145515441895 0.7999626398086548 95 151 138
-6.388434410095215 2.015223503112793 0.615882158279419 9 17 20
-7.397357940673828 2.042269229888916 0.6310604810714722 35 62 55
-6.004648208618164 2.140026569366455 0.41356751322746277 98 118 117
-8.6048583984375 2.7191810607910156 0.49789977073669434 93 88 110
-6.8888068199157715 1.9057505130767822 0.3263186812400818 53 56 49
-6.165585517883301 2.2001736164093018 0.1849154382944107 47 51 60
-6.919387340545654 2.1901497840881348 0.13568079471588135 62 69 62
-9.618711471557617 2.66692852973938 0.09059251844882965 61 65 68
-7.563060760498047 2.7034730911254883 -0.06616650521755219 79 100 67
-8.878767013549805 2.8156259059906006 -0.1661631464958191 60 67 75
-9.743764877319336 2.7047150135040283 -0.2775135934352875 75 78 85
-7.907386779785156 2.8301353454589844 -0.3757965862751007 102 118 115
-7.791243553161621 2.4750924110412598 -0.4443127512931824 71 69 70
-11.294340133666992 3.141075611114502 -0.7506954669952393 67 70 77
-7.901385307312012 2.8335890769958496 -0.684812068939209 91 93 79
-7.951995849609375 2.5292158126831055 -0.7592648267745972 37 54 62
-9.200846672058105 2.560756206512451 -0.9632055163383484 91 117 88
-6.933441638946533 2.491110324859619 -0.8736816048622131 119 144 115
-7.522823810577393 2.3966174125671387 -1.0123989582061768 94 124 52
-7.527561664581299 2.099299192428589 -1.079390048980713 84 109 67
-6.223793029785156 2.2389626502990723 -1.030090570449829 82 107 42
-6.294467449188232 2.0080718994140625 -1.0941400527954102 94 140 76
-6.065738201141357 1.6920796632766724 -1.1076688766479492 92 143 42
-5.151926517486572 1.856515645980835 -1.0607008934020996 93 114 23
-5.210904121398926 1.6650974750518799 -1.115267276763916 74 104 52
-4.97944974899292 1.3896139860153198 -1.1074413061141968 79 111 44
-7.007521629333496 2.5103797912597656 1.309964656829834 58 69 123
-13.205796241760254 4.191559314727783 2.302135467529297 56 67 87
-15.556278228759766 4.3239617347717285 2.523205041885376 72 97 94
-6.68087911605835 2.3979692459106445 0.9834410548210144 73 91 113
-5.697169780731201 1.8126777410507202 0.7702239155769348 90 122 133
-6.527402400970459 1.8188728094100952 0.807279109954834 86 89 98
-5.761606216430664 2.0713069438934326 0.6207250356674194 41 56 111
-7.195298671722412 2.2940425872802734 0.6943437457084656 88 135 143
-12.700140953063965 3.5482354164123535 1.0843585729599 56 66 68
-6.085377216339111 2.189862012863159 0.41958844661712646 91 98 91
-15.08711051940918 4.818565368652344 0.8738311529159546 89 108 125
-6.820399284362793 1.909371256828308 0.32335421442985535 65 96 101
-6.009280204772949 2.165203094482422 0.1804259717464447 68 83 88
-6.9002556800842285 2.2074077129364014 0.13543780148029327 72 91 106
-9.55079174041748 2.679677724838257 0.09002982825040817 83 89 79
-8.25075912475586 2.977874994277954 -0.07226251810789108 102 119 101
-8.760591506958008 2.8077592849731445 -0.16411197185516357 60 79 75
-9.732535362243652 2.7337849140167236 -0.27743130922317505 62 71 68
-8.157979011535645 2.9480903148651123 -0.3881339132785797 69 68 76
-8.19718074798584 2.631762742996216 -0.4679204523563385 98 98 96
-9.79373550415039 2.7561402320861816 -0.6515144109725952 76 86 77
-7.905775547027588 2.862567663192749 -0.685950517654419 90 123 104
-8.006773948669434 2.5737144947052 -0.7652454376220703 119 135 98
-9.19677734375 2.59005069732666 -0.9636068344116211 110 145 103
-6.440337181091309 2.3362772464752197 -0.8124449849128723 87 90 99
-7.440847873687744 2.3956713676452637 -1.0023512840270996 132 158 133
-7.411448955535889 2.091444969177246 -1.0636554956436157 104 149 46
-6.255901336669922 2.27221417427063 -1.0365537405014038 88 117 63
-6.261046886444092 2.018594264984131 -1.0894019603729248 62 107 50
-5.983742713928223 1.6890099048614502 -1.0936366319656372 83 131 57
-4.94877290725708 1.8004815578460693 -1.0200071334838867 89 131 49
-5.19551420211792 1.6777642965316772 -1.1130698919296265 72 104 31
-5.130430698394775 1.4487286806106567 -1.142003059387207 94 124 54
-7.021088123321533 2.539571523666382 1.313951015472412 53 72 68
-6.8448896408081055 2.1957263946533203 1.1944222450256348 59 73 82
-6.601612091064453 1.8567949533462524 1.0716904401779175 62 68 102
-6.824357032775879 2.473128080368042 1.0056735277175903 118 184 236
-5.869089126586914 1.8872261047363281 0.7942454218864441 66 83 93
-6.521791458129883 1.8388899564743042 0.807279109954834 88 94 94
-7.221619129180908 2.6212306022644043 0.778881847858429 98 161 168
-7.2299299240112305 2.3295440673828125 0.6983720660209656 75 100 104
-7.47196102142334 2.1122920513153076 0.6385184526443481 64 72 74
-6.213690280914307 2.25759220123291 0.4289112091064453 109 134 164
-5.9891839027404785 1.9331119060516357 0.3472297489643097 68 76 95
-6.860644340515137 1.9433553218841553 0.3255433738231659 110 140 148
-7.107314586639404 2.585498809814453 0.21363112330436707 61 68 78
-8.827536582946777 2.853832721710205 0.17343738675117493 79 92 85
-9.322239875793457 2.6464309692382812 0.08795151859521866 78 88 98
-6.928117275238037 2.5245559215545654 -0.06074599176645279 61 61 63
-8.683450698852539 2.81244158744812 -0.1628277748823166 76 88 86
-9.678909301757812 2.7507872581481934 -0.2761419415473938 63 59 73
-8.903440475463867 3.248398542404175 -0.42407307028770447 90 114 100
-7.739818096160889 2.5111422538757324 -0.44225046038627625 80 99 106
-9.710369110107422 2.764857530593872 -0.6465297937393188 86 91 69
-7.652633190155029 2.7974941730499268 -0.6647279858589172 99 136 128
-8.543461799621582 2.775176763534546 -0.8173491358757019 84 95 99
-9.277776718139648 2.6436100006103516 -0.9729388356208801 77 87 76
-6.3986382484436035 2.3433895111083984 -0.8080878257751465 101 121 84
-7.295753479003906 2.3736844062805176 -0.9837821125984192 92 110 96
-7.351655960083008 2.0989437103271484 -1.0559935569763184 119 146 93
-6.168191909790039 2.261801242828369 -1.0231658220291138 96 132 86
-6.211674690246582 2.023735523223877 -1.081886649131775 80 125 34
-6.015466213226318 1.717907428741455 -1.1003928184509277 87 131 68
-5.111870288848877 1.8775992393493652 -1.0548059940338135 110 138 77
-5.200589179992676 1.6970396041870117 -1.115267276763916 67 95 20
-5.182374000549316 1.4805783033370972 -1.1545709371566772 104 113 66
-14.616438865661621 4.145172119140625 2.9520905017852783 109 123 160
-7.009562969207764 2.559748649597168 1.3132576942443848 89 115 116
-6.53971004486084 2.1199798583984375 1.1422984600067139 55 67 67
-13.5291166305542 3.850081205368042 2.198192834854126 49 57 80
-6.808365345001221 2.490989923477173 1.0044382810592651 115 186 230
-6.752761363983154 2.194255828857422 0.9147366881370544 50 60 51
-11.585591316223145 3.305086612701416 1.4353337287902832 87 113 128
-7.3359174728393555 2.6882174015045166 0.7920951247215271 42 71 89
-7.216121196746826 2.3495559692382812 0.6977311968803406 54 64 66
-6.744868755340576 1.9291123151779175 0.5768876671791077 78 114 140
-15.714982986450195 5.7642927169799805 1.0859707593917847 69 94 88
-5.9718337059021 1.9477620124816895 0.34656867384910583 68 73 92
-12.174734115600586 3.4890151023864746 0.5782065987586975 144 170 159
-8.867149353027344 3.2565300464630127 0.26682713627815247 68 79 75
-8.423375129699707 2.751744270324707 0.1656617820262909 85 88 95
-6.989161968231201 2.0072991847991943 0.06599767506122589 84 92 94
-6.929724216461182 2.5492515563964844 -0.06082836911082268 62 84 82
-8.445772171020508 2.7641191482543945 -0.15852920711040497 59 72 78
-11.102829933166504 3.1923182010650635 -0.317044734954834 63 69 69
-8.091926574707031 2.9804816246032715 -0.38585415482521057 113 128 123
-8.249194145202637 2.70440673828125 -0.471827894449234 99 136 154
-8.832059860229492 2.544093132019043 -0.5885676741600037 85 100 93
-7.11758279800415 2.6266837120056152 -0.6189491748809814 113 127 112
-8.226439476013184 2.700127601623535 -0.7878085374832153 77 93 92
-9.393905639648438 2.7078874111175537 -0.9859836101531982 89 103 106
-6.325287342071533 2.338559627532959 -0.799726665019989 109 99 107
-7.303513526916504 2.401012659072876 -0.9858171343803406 117 147 121
-7.334712982177734 2.118464708328247 -1.0544884204864502 132 170 133
-6.137131214141846 2.2717959880828857 -1.0191649198532104 62 103 45
-6.16701602935791 2.0301353931427 -1.075188159942627 102 137 47
-5.972320079803467 1.725420355796814 -1.09346342086792 99 137 36
-4.998385906219482 1.8533395528793335 -1.032557487487793 90 118 60
-5.156274318695068 1.700100302696228 -1.106877326965332 93 126 37
-5.08762788772583 1.4704073667526245 -1.1344623565673828 74 98 72
-16.726688385009766 4.799124240875244 3.381256341934204 112 151 184
-7.038640022277832 2.5948684215545654 1.320190668106079 115 176 194
-14.312237739562988 4.688175201416016 2.5024352073669434 60 71 77
-13.410903930664062 3.8609557151794434 2.1809000968933105 51 108 135
-7.342404842376709 2.7119505405426025 1.0844475030899048 86 138 198
-5.861168384552002 1.9244402647018433 0.7947565317153931 57 69 67
-15.213160514831543 4.390460014343262 1.8864116668701172 85 104 121
-6.848955154418945 2.533632755279541 0.7403512597084045 76 80 118
-17.634841918945312 5.801771640777588 1.7068368196487427 107 132 137
-6.0314226150512695 1.745093822479248 0.5163221955299377 118 173 193
-5.744918346405029 2.1272687911987305 0.3974469304084778 133 170 199
-7.299156665802002 2.405479669570923 0.42402464151382446 64 74 84
-7.329277992248535 2.1247665882110596 0.348392516374588 77 96 94
-8.491583824157715 3.148200273513794 0.25581520795822144 83 102 116
-6.995479106903076 2.309056043624878 0.13771815598011017 70 75 68
-6.953202724456787 2.0200839042663574 0.06571633368730545 80 89 98
-6.9171833992004395 2.568758964538574 -0.060787178575992584 40 61 78
-8.437252044677734 2.7900173664093018 -0.15852920711040497 84 95 87
-8.982275009155273 2.61247181892395 -0.25671929121017456 123 132 139
-8.357100486755371 3.1073033809661865 -0.3989514112472534 85 89 90
-9.441821098327637 3.127509117126465 -0.5405886173248291 82 102 67
-8.755228996276855 2.551077365875244 -0.5839665532112122 78 81 74
-6.888136386871338 2.5660464763641357 -0.5996781587600708 83 86 79
-7.977075099945068 2.6454169750213623 -0.7647016644477844 108 147 152
-9.117149353027344 2.6584317684173584 -0.9577867984771729 137 142 122
-6.3534369468688965 2.3711485862731934 -0.8042016625404358 106 99 89
-6.837693691253662 2.271143913269043 -0.9238776564598083 89 117 77
-7.100926876068115 2.0745646953582764 -1.0217880010604858 126 159 90
-6.124578952789307 2.2885384559631348 -1.01824152469635 76 91 58
-6.185098171234131 2.0571413040161133 -1.07943594455719 60 99 10
-5.930130481719971 1.7329609394073486 -1.0867072343826294 105 139 55
-5.125934600830078 1.7075504064559937 -1.1014838218688965 91 127 57
-4.995809078216553 1.4604923725128174 -1.1149821281433105 93 121 70
-16.25748634338379 4.71853494644165 3.2893195152282715 63 92 124
-14.36708927154541 4.754998683929443 2.5145645141601562 109 163 207
-13.279471397399902 3.8672735691070557 2.1614456176757812 48 55 61
-6.878340244293213 2.5645546913146973 1.017064094543457 63 78 85
-5.829820156097412 1.9339812994003296 0.7913066744804382 51 66 63
-7.178497791290283 2.0955657958984375 0.890917181968689 122 151 146
-6.76472282409668 2.5260937213897705 0.732080340385437 30 79 94
-5.8606648445129395 1.9480750560760498 0.567816436290741 34 49 88
-13.63128662109375 3.989351987838745 1.167953610420227 47 62 85
-5.904748916625977 2.2070746421813965 0.4089708924293518 52 84 123
-7.28605842590332 2.425969362258911 0.42369410395622253 100 109 126
-7.315056324005127 2.144993782043457 0.34802764654159546 55 59 71
-6.031875133514404 2.257352113723755 0.18192245066165924 79 109 109
-7.863803863525391 2.622452974319458 0.15497030317783356 57 72 67
-9.64286994934082 2.833611011505127 0.0912187322974205 78 88 89
-6.942978382110596 2.602604389190674 -0.06108374148607254 57 71 82
-7.2783427238464355 2.4315876960754395 -0.13689374923706055 102 104 99
-9.59564208984375 2.8228261470794678 -0.2744959592819214 95 98 105
-8.35407543182373 3.135385274887085 -0.39926430583000183 60 62 74
-8.334711074829102 2.7891950607299805 -0.47768908739089966 63 66 55
-8.655466079711914 2.5508434772491455 -0.5778316259384155 89 98 95
-8.379691123962402 2.8075006008148193 -0.804119348526001 76 80 91
-9.057417869567871 2.6711924076080322 -0.9523682594299316 106 136 102
-6.8034234046936035 2.2829601764678955 -0.9201892018318176 88 124 63
-6.850381374359131 2.024197816848755 -0.9866246581077576 75 88 68
-6.140415668487549 2.0632238388061523 -1.0727375745773315 85 118 49
-5.922896862030029 1.7505879402160645 -1.0863608121871948 78 127 46
-5.0463786125183105 1.6982663869857788 -1.0855029821395874 70 107 14
-4.977239608764648 1.4716535806655884 -1.1118401288986206 73 104 62
-14.970437049865723 4.394826889038086 3.0316290855407715 63 91 79
-6.672417640686035 2.2310705184936523 1.1690160036087036 124 185 229
-13.193619728088379 3.886221408843994 2.149402618408203 14 31 83
-6.910303592681885 2.6006476879119873 1.0229653120040894 57 72 93
-7.326608657836914 2.4555020332336426 0.9954900741577148 48 56 59
-7.198700904846191 2.1254525184631348 0.8942296504974365 118 154 154
-5.865988731384277 1.9698501825332642 0.568915069103241 88 133 154
-5.832338333129883 1.726344108581543 0.5001769065856934 74 129 168
-16.644868850708008 5.598868370056152 0.9689158797264099 87 110 100
-6.886082172393799 2.0421690940856934 0.3279149532318115 48 45 62
-7.75433874130249 2.6124107837677 0.1529703140258789 66 76 75
-6.8802900314331055 2.0447635650634766 0.06514456868171692 84 95 99
-7.425264835357666 2.50602126121521 -0.13980107009410858 84 81 90
-9.641550064086914 2.868499994277954 -0.27605965733528137 88 92 77
-8.321385383605957 2.8131537437438965 -0.47741779685020447 92 93 88
-9.581027030944824 2.8555908203125 -0.6402031779289246 100 96 85
-8.322928428649902 2.816912889480591 -0.7994979023933411 104 131 124
-8.867071151733398 2.6446526050567627 -0.9332024455070496 107 122 37
-6.8208112716674805 2.312101125717163 -0.9234960675239563 140 135 116
-6.969423294067383 2.0826430320739746 -1.0046851634979248 89 116 65
-6.116306781768799 2.0760278701782227 -1.0696333646774292 86 136 49
-6.103393077850342 1.8243151903152466 -1.1204882860183716 101 143 33
-5.024445533752441 1.7080637216567993 -1.0819071531295776 66 103 33
-4.9905009269714355 1.492238998413086 -1.1158199310302734 93 111 69
-6.950592994689941 2.3478174209594727 1.2190089225769043 79 83 121
-13.265908241271973 3.951784610748291 2.163144111633301 112 174 195
-15.851815223693848 5.36686372756958 2.156064748764038 51 60 75
-7.17501974105835 2.142413854598999 0.8921002149581909 61 84 98
-5.885379314422607 1.9964747428894043 0.5713870525360107 58 67 76
-7.533204078674316 2.2549514770507812 0.6466320753097534 75 81 139
-7.243618965148926 2.4613139629364014 0.42209649085998535 56 58 55
-6.918058395385742 2.0747642517089844 0.32973921298980713 61 67 63
-7.738715648651123 2.6336119174957275 0.15282079577445984 93 140 120
-9.565927505493164 2.8748812675476074 0.09065604954957962 84 110 109
-7.26707124710083 2.4774913787841797 -0.1369650959968567 66 73 66
-15.795413970947266 4.752160549163818 -0.45267418026924133 79 83 86
-9.038436889648438 3.0864930152893066 -0.5190975069999695 93 105 91
-9.77574348449707 2.9463112354278564 -0.6538150310516357 84 61 81
-7.915638446807861 2.706159830093384 -0.7611677050590515 105 120 127
-8.835102081298828 2.6646616458892822 -0.9306939244270325 118 130 118
-7.170275688171387 2.455113410949707 -0.9718266725540161 97 124 57
-7.258854866027832 2.193413496017456 -1.047373652458191 112 138 91
-6.0791120529174805 2.084223985671997 -1.064241886138916 81 127 52
-6.112851619720459 1.847590684890747 -1.1232600212097168 98 141 52
-5.015474796295166 1.7221975326538086 -1.0811080932617188 67 103 29
-4.996194839477539 1.5106556415557861 -1.1181241273880005 91 120 72
-7.110476016998291 2.4261527061462402 1.2483490705490112 39 72 125
-6.662809371948242 2.007061719894409 1.0874392986297607 64 78 127
-6.042630195617676 2.0665056705474854 0.8227391242980957 22 36 65
-18.076454162597656 5.4579691886901855 2.2495925426483154 151 193 233
-6.224010467529297 2.132661819458008 0.6048957109451294 48 60 58
-8.202563285827637 2.482759475708008 0.7047387957572937 66 69 74
-7.209590435028076 2.474449872970581 0.420553982257843 49 63 64
-15.440820693969727 4.682468891143799 0.7366455793380737 63 66 81
-8.089898109436035 2.7808480262756348 0.1599235236644745 61 67 83
-8.996402740478516 2.7338411808013916 0.08533775806427002 80 91 95
-8.044087409973145 2.769968271255493 -0.1517692506313324 75 88 97
-9.614203453063965 2.9246959686279297 -0.27578529715538025 64 66 61
-8.06042766571045 2.7801592350006104 -0.4634159803390503 99 125 122
-8.345237731933594 2.5431253910064697 -0.5586600303649902 72 85 67
-7.994843482971191 2.7606613636016846 -0.7695949077606201 125 101 101
-8.861145973205566 2.702202796936035 -0.9343063235282898 81 66 61
-6.525274753570557 2.2566537857055664 -0.8853403329849243 80 94 81
-7.056933879852295 2.15604829788208 -1.019188404083252 82 120 45
-6.080146789550781 2.1054470539093018 -1.0655488967895508 76 108 33
-6.105270862579346 1.865760326385498 -1.1229134798049927 113 144 84
-5.00091028213501 1.7343661785125732 -1.0791105031967163 107 128 61
-5.182296276092529 1.5842941999435425 -1.1608549356460571 102 112 59
-6.975227355957031 2.403921127319336 1.225893259048462 59 63 74
-13.837794303894043 4.214756488800049 2.260570526123047 147 178 160
-6.377494812011719 2.2029027938842773 0.8692490458488464 54 78 80
-7.127549648284912 2.1759612560272217 0.8878414630889893 60 57 114
-7.3495073318481445 2.5435361862182617 0.7150349020957947 52 65 74
-12.634016036987305 3.866426706314087 1.0864894390106201 64 78 78
-7.280267715454102 2.523700475692749 0.42512643337249756 55 76 67
-15.472227096557617 4.743874549865723 0.7388347387313843 50 45 51
-7.400328636169434 2.5692265033721924 0.14644703269004822 92 124 121
-9.101719856262207 2.7963762283325195 0.08641774952411652 62 65 74
-8.320747375488281 2.8938207626342773 -0.1571558266878128 84 82 85
-9.631937980651855 2.9624063968658447 -0.2765534222126007 61 61 71
-8.057517051696777 2.8068459033966064 -0.46374157071113586 82 93 87
-8.359331130981445 2.575474500656128 -0.5601298809051514 140 136 124
-7.9252142906188965 2.7638604640960693 -0.7637049555778503 119 127 114
-9.078150749206543 2.7988483905792236 -0.9580878615379333 133 159 124
-6.832952976226807 2.386554479598999 -0.9280747771263123 99 113 98
-6.833543300628662 2.110741138458252 -0.9878560304641724 100 123 69
-6.077383995056152 2.1253936290740967 -1.0662024021148682 76 107 39
-6.082580089569092 1.879249095916748 -1.1197952032089233 78 116 39
-4.92805814743042 1.7260559797286987 -1.064527988433838 94 112 64
-5.124161243438721 1.5837277173995972 -1.148915410041809 73 107 30
-7.032103061676025 2.4476850032806396 1.2372031211853027 70 58 94
-13.945662498474121 4.294409275054932 2.2803337574005127 63 75 75
-6.575789928436279 2.2940027713775635 0.8972315788269043 16 55 88
-14.638283729553223 4.518045902252197 1.8251322507858276 80 119 148
-7.047438144683838 2.4632320404052734 0.686378538608551 134 182 182
-6.988471508026123 2.1621739864349365 0.6015563607215881 50 51 53
-5.941823959350586 2.0801713466644287 0.3473398983478546 88 104 103
-8.597097396850586 2.664802312850952 0.41091981530189514 64 77 70
-8.064190864562988 2.8274567127227783 0.15975528955459595 68 79 75
-8.829529762268066 2.7424232959747314 0.08391288667917252 68 87 85
-7.920341491699219 2.7818334102630615 -0.14975374937057495 93 109 99
-9.111166000366211 2.8328630924224854 -0.2618492543697357 24 26 65
-8.209939956665039 2.8882172107696533 -0.47302186489105225 192 196 161
-8.142724990844727 2.5361177921295166 -0.5461345911026001 89 92 75
-7.907303810119629 2.784853458404541 -0.7627987861633301 83 93 82
-7.8869123458862305 2.458104133605957 -0.8331592082977295 81 92 86
-6.827469825744629 2.4081664085388184 -0.9283291101455688 95 105 94
-7.017096042633057 2.1910412311553955 -1.0153573751449585 100 153 101
-6.066183567047119 2.142385959625244 -1.0653854608535767 77 112 28
-6.115329742431641 1.9099394083023071 -1.126897931098938 76 108 35
-4.866389751434326 1.721235990524292 -1.0523425340652466 62 77 44
-5.18274450302124 1.6192700862884521 -1.1631591320037842 76 108 25
-18.161088943481445 5.635486602783203 3.694833517074585 62 77 108
-6.803065776824951 2.391388416290283 1.1981922388076782 89 118 136
-6.452553749084473 2.0086848735809326 1.056096076965332 59 89 91
-6.781068325042725 2.3889763355255127 0.9262363910675049 72 90 136
-6.1538310050964355 1.9200522899627686 0.768003523349762 58 61 66
-5.950582504272461 2.1003658771514893 0.5801761746406555 61 57 82
-5.878413677215576 1.8385114669799805 0.5064874887466431 56 63 69
-5.936355113983154 2.0987236499786377 0.34739500284194946 49 60 54
-8.575535774230957 2.686983585357666 0.41028133034706116 90 109 103
-6.732219696044922 2.3836610317230225 0.13351258635520935 133 161 139
-8.674151420593262 2.7233705520629883 0.08251523971557617 75 80 76
-7.202197551727295 2.5544509887695312 -0.1363229900598526 81 87 87
-9.736598014831543 3.0601143836975098 -0.2800922989845276 116 112 103
-8.115416526794434 2.8829736709594727 -0.4680832028388977 108 127 108
-9.987296104431152 3.1442697048187256 -0.6704943180084229 109 110 94
-7.9794182777404785 2.8377981185913086 -0.7705917358398438 81 93 93
-8.154536247253418 2.568988561630249 -0.862259030342102 148 169 152
-6.423871994018555 2.287994623184204 -0.8744023442268372 140 171 130
-6.7656731605529785 2.135338544845581 -0.9799203872680664 86 128 56
-6.021483421325684 2.14739990234375 -1.0586870908737183 47 95 33
-6.037124156951904 1.9058620929718018 -1.1135587692260742 79 118 65
-4.839862823486328 1.7285778522491455 -1.0477479696273804 66 101 17
-5.175887107849121 1.6345738172531128 -1.1627401113510132 88 107 41
-6.168187141418457 2.1895034313201904 1.0875520706176758 111 147 199
-6.948686599731445 2.1865382194519043 1.1383912563323975 101 129 168
-16.598337173461914 5.904914855957031 2.26965594291687 125 189 237
-14.61880874633789 4.610467433929443 1.8261969089508057 90 128 151
-7.208535671234131 2.5692808628082275 0.7035906910896301 114 135 140
-12.75754165649414 4.033012390136719 1.1002579927444458 61 68 74
-5.916723728179932 2.1122264862060547 0.3466237485408783 53 62 61
-6.775899887084961 2.1459527015686035 0.3244943916797638 86 89 94
-6.063026428222656 2.167677402496338 0.12037254869937897 91 105 105
-7.1626877784729 2.2729897499084473 0.06820304691791534 67 78 84
-7.390116214752197 2.6466541290283203 -0.14003294706344604 69 74 67
-8.872584342956543 2.818502187728882 -0.25548478960990906 67 100 71
-8.273834228515625 2.967869520187378 -0.47774338722229004 61 77 77
-7.953933238983154 2.530959367752075 -0.5345038175582886 75 84 67
-7.921935558319092 2.8447630405426025 -0.7658796906471252 89 97 99
-7.840395450592041 2.4964892864227295 -0.8298478126525879 96 112 67
-6.41682243347168 2.307692050933838 -0.8744023442268372 136 161 140
-6.745877742767334 2.1518707275390625 -0.9780048727989197 87 124 72
-5.97309684753418 2.150822639465332 -1.051335096359253 63 106 61
-6.006853103637695 1.9165910482406616 -1.109054684638977 99 145 55
-4.8419108390808105 1.746077299118042 -1.0493460893630981 58 85 40
-5.142902374267578 1.6415259838104248 -1.1564562320709229 68 110 38
-6.108509540557861 2.1894447803497314 1.0782091617584229 116 129 164
-6.342187881469727 2.017096519470215 1.0400384664535522 84 99 140
-16.94977378845215 6.08858585357666 2.3202545642852783 89 118 152
-14.63960075378418 4.666453838348389 1.8305740356445312 61 70 69
-7.0816240310668945 2.5485599040985107 0.6919633746147156 139 185 182
-5.860376834869385 1.8724228143692017 0.5059137940406799 62 64 77
-16.72369384765625 6.028144359588623 0.9808151721954346 62 68 68
-6.7683329582214355 2.166426181793213 0.3244487941265106 131 152 153
-6.0601091384887695 2.1876261234283447 0.1204473078250885 57 71 74
-7.017613410949707 2.250673294067383 0.06688708066940308 59 71 71
-7.08013916015625 2.5601751804351807 -0.13430748879909515 118 135 125
-9.025697708129883 2.8976552486419678 -0.26014843583106995 105 115 106
-7.356822490692139 2.6644351482391357 -0.42526379227638245 118 142 129
-8.148488998413086 2.620425224304199 -0.5481156706809998 72 43 48
-6.900149822235107 2.5017659664154053 -0.6678340435028076 102 88 88
-8.63680648803711 2.779289722442627 -0.9150401949882507 72 92 83
-6.409712314605713 2.3273677825927734 -0.8744023442268372 124 145 114
-6.627048969268799 2.136387825012207 -0.9617230296134949 91 120 54
-5.9738874435424805 2.1718342304229736 -1.0526421070098877 73 97 47
-5.98782205581665 1.930779218673706 -1.1066293716430664 105 143 82
-4.836531162261963 1.7609238624572754 -1.0493460893630981 91 114 70
-5.014072418212891 1.6173723936080933 -1.128597378730774 99 145 37
-16.044363021850586 5.141012668609619 3.2736785411834717 68 122 168
-6.0238447189331055 2.1799771785736084 1.0644406080245972 50 53 72
-12.733078002929688 4.092741012573242 2.0901129245758057 115 149 158
-6.675811767578125 2.4211905002593994 0.9148644804954529 66 96 166
-7.084826946258545 2.2822957038879395 0.8867767453193665 57 66 65
-6.677872657775879 2.4264230728149414 0.6532360911369324 39 57 79
-5.866934299468994 1.8943744897842407 0.50697922706604 66 64 85
-6.194518566131592 2.2543447017669678 0.3637015223503113 73 83 75
-6.11723518371582 1.978731632232666 0.29352718591690063 72 79 95
-6.249699592590332 2.2777624130249023 0.1243538111448288 63 72 69
-8.565010070800781 2.7759594917297363 0.08171659708023071 71 81 82
-7.02904748916626 2.5661122798919678 -0.1334870159626007 68 86 60
-9.926713943481445 3.2205491065979004 -0.2864019274711609 99 101 98
-8.283601760864258 3.0288679599761963 -0.47937148809432983 155 161 125
-7.7474846839904785 2.51772141456604 -0.5216588377952576 107 105 92
-7.174873352050781 2.626305341720581 -0.6951998472213745 70 70 78
-8.250711441040039 2.6830079555511475 -0.8750027418136597 63 71 73
-6.402541637420654 2.3470215797424316 -0.8744023442268372 81 84 77
-6.848398208618164 2.2309622764587402 -0.9948340058326721 83 115 52
-6.056107044219971 2.2227847576141357 -1.0683263540267944 76 127 6
-5.996852874755859 1.9540225267410278 -1.1094011068344116 31 64 35
-4.817310810089111 1.7706832885742188 -1.0463496446609497 69 96 51
-4.992352485656738 1.6272931098937988 -1.1248269081115723 42 81 37
-6.0199079513549805 2.199463367462158 1.0649322271347046 48 63 66
-6.328751564025879 2.0556681156158447 1.039884090423584 74 92 80
-6.583600997924805 2.410628080368042 0.903236985206604 119 163 174
-5.975899696350098 1.9453240633010864 0.748720645904541 120 162 174
-6.202020168304443 2.2750844955444336 0.6073676347732544 69 111 133
-7.319262504577637 2.3881378173828125 0.6331093907356262 67 75 86
-5.763009071350098 2.117352247238159 0.33874592185020447 62 76 89
-6.078851699829102 1.986937403678894 0.29197654128074646 33 42 41
-6.12914514541626 2.25515079498291 0.12209215760231018 48 56 59
-8.555502891540527 2.801912307739258 0.08170751482248306 84 86 101
-7.0539774894714355 2.599766731262207 -0.13411130011081696 41 64 72
-8.44826602935791 2.7695682048797607 -0.24399028718471527 79 84 80
-8.012918472290039 2.9577951431274414 -0.4642300605773926 90 114 90
-8.41196060180664 2.7622196674346924 -0.5669677257537842 94 115 98
-7.11540412902832 2.629319667816162 -0.6902160048484802 145 171 146
-8.104437828063965 2.6629626750946045 -0.8603525161743164 146 148 111
-6.403683185577393 2.369751214981079 -0.8755469918251038 79 88 67
-6.590292453765869 2.169267416000366 -0.9583024382591248 72 92 41
-5.945647716522217 2.2029643058776855 -1.0500280857086182 54 92 35
-5.9496684074401855 1.9588594436645508 -1.1017787456512451 93 110 56
-4.780621528625488 1.7738648653030396 -1.0395578145980835 54 85 25
-4.94647216796875 1.6291427612304688 -1.1156104803085327 41 75 24
-6.568446159362793 2.4227476119995117 1.1632790565490723 83 113 115
-6.295191764831543 2.0661399364471436 1.035406470298767 77 87 112
-6.605943202972412 2.4418187141418457 0.907325804233551 104 150 209
-5.728428363800049 1.8842216730117798 0.7184358835220337 53 57 60
-6.209952354431152 2.2996342182159424 0.6088324785232544 66 79 95
-6.696660041809082 2.207749605178833 0.5798380374908447 70 95 100
-5.855719566345215 2.171827793121338 0.3445854187011719 84 93 108
-6.035733222961426 1.9933600425720215 0.29019787907600403 78 79 65
-6.135319232940674 2.278817892074585 0.12235383689403534 83 98 95
-7.154191493988037 2.3673126697540283 0.06839363276958466 82 87 90
-8.018665313720703 2.9832799434661865 -0.15262538194656372 106 115 110
-7.812491416931152 2.5877153873443604 -0.22585700452327728 140 171 103
-6.853855609893799 2.5538718700408936 -0.39753156900405884 90 110 83
-9.351580619812012 3.102576971054077 -0.6309369206428528 99 104 100
-6.6958136558532715 2.4976446628570557 -0.6502546668052673 121 133 121
-7.999912738800049 2.65583872795105 -0.8501173257827759 59 70 66
-6.395453453063965 2.3890392780303955 -0.8754198551177979 50 42 63
-6.657864570617676 2.2141716480255127 -0.9691113829612732 107 136 52
-5.9444050788879395 2.223268508911133 -1.0510082244873047 103 130 23
-5.995965003967285 1.9945120811462402 -1.1114799976348877 102 144 72
-4.944234371185303 1.6452369689941406 -1.1162389516830444 64 86 48
-7.119364261627197 2.6507933139801025 1.2622815370559692 51 63 103
-6.6048583984375 2.190244436264038 1.0874392986297607 79 104 135
-7.310206890106201 2.727663278579712 1.005200982093811 80 86 108
-16.049346923828125 5.333647727966309 2.014885425567627 120 152 167
-6.656190395355225 2.4881303310394287 0.6533276438713074 118 167 163
-5.875726222991943 1.9571106433868408 0.5092740058898926 49 55 89
-15.740480422973633 5.8929829597473145 0.9273231625556946 93 77 41
-6.0608601570129395 2.0223019123077393 0.29170289635658264 86 94 107
-6.608564376831055 2.477691888809204 0.1319425106048584 84 108 108
-7.037832736968994 2.352790117263794 0.06734994053840637 79 95 84
-8.036620140075684 3.0180606842041016 -0.15314264595508575 117 131 114
-8.413102149963379 2.815326452255249 -0.24346905946731567 84 116 113
-8.083547592163086 2.7094390392303467 -0.5459429025650024 91 102 70
-8.353015899658203 2.8015432357788086 -0.888549268245697 194 229 231
-6.7928314208984375 2.2822258472442627 -0.9897715449333191 110 145 79
-5.828309059143066 1.958622694015503 -1.0815101861953735 89 123 63
-4.9391632080078125 1.6603978872299194 -1.1162389516830444 61 81 46
-6.05204439163208 2.2745578289031982 1.074275255203247 32 53 82
-6.737696170806885 2.2572622299194336 1.1104449033737183 60 80 130
-5.838191986083984 1.9601047039031982 0.7336965203285217 59 76 58
-17.085779190063477 5.749294281005859 1.4824185371398926 79 93 96
-6.054627418518066 2.040886878967285 0.29170289635658264 120 144 168
-7.534593105316162 2.544585704803467 0.07217815518379211 91 100 115
-8.308780670166016 2.808791399002075 -0.24069832265377045 133 143 109
-8.079923629760742 2.7358264923095703 -0.5462623834609985 85 101 75
-7.826096534729004 2.651556968688965 -0.8333598375320435 56 57 77
-6.343979835510254 2.1531050205230713 -0.9253283739089966 122 153 112
-5.945376873016357 2.018284797668457 -1.1043773889541626 94 125 32
-4.961822509765625 1.6849757432937622 -1.1225228309631348 152 195 139
-12.758644104003906 4.317980766296387 2.1049351692199707 75 102 119
-6.09545373916626 2.067307472229004 0.7668205499649048 120 159 174
-17.105802536010742 5.814515590667725 1.4856966733932495 42 58 55
-7.2407941818237305 2.4654829502105713 0.34921345114707947 80 95 98
-7.867456436157227 2.6839184761047363 0.07544536888599396 87 116 111
-7.294536113739014 2.4908878803253174 -0.21153689920902252 84 94 96
-8.23579216003418 2.81679630279541 -0.5573819279670715 108 83 86
-7.876288890838623 2.695528745651245 -0.8395812511444092 99 114 93
-6.560364723205566 2.249013662338257 -0.9578920006752014 105 137 100
-5.807796478271484 1.9914724826812744 -1.0799510478973389 96 141 50
-4.878936767578125 1.673540711402893 -1.1049277782440186 78 107 43
-6.4208149909973145 2.1950113773345947 1.0604193210601807 56 76 65
-15.723397254943848 5.38652229309082 1.9801052808761597 83 135 156
-16.817352294921875 5.774083137512207 1.4621753692626953 58 84 75
-7.207690715789795 2.4789137840270996 0.3479820489883423 82 99 81
-8.118227005004883 2.7973012924194336 0.07793207466602325 63 77 80
-7.241500377655029 2.4976108074188232 -0.2102201133966446 81 85 88
-8.018651008605957 2.7700376510620117 -0.5432588458061218 122 114 112
-7.768304347991943 2.685225009918213 -0.828944742679596 95 105 117
-6.575899600982666 2.2769086360931396 -0.9611757397651672 131 162 120
-5.8695969581604 2.0328097343444824 -1.092597246170044 101 138 35
-4.860844135284424 1.684019923210144 -1.1019952297210693 46 77 35
-6.613905906677246 2.2837073802948 1.0934607982635498 73 88 81
-5.817089557647705 2.0127809047698975 0.733341634273529 55 58 65
-7.027358531951904 2.4369056224823 0.6116369366645813 92 106 83
-7.24629020690918 2.5170764923095703 0.350216805934906 48 54 76
-8.065218925476074 2.8067471981048584 0.07750551402568817 84 108 110
-7.449976921081543 2.5951173305511475 -0.21650229394435883 93 105 117
-8.494434356689453 2.9635982513427734 -0.5761061906814575 5 24 39
-7.9920501708984375 2.7900443077087402 -0.853729784488678 83 92 89
-6.412726402282715 2.2424659729003906 -0.9383264183998108 93 119 82
-5.8940110206604 2.0615382194519043 -1.0983140468597412 91 135 12
-4.846425533294678 1.6956956386566162 -1.0999006032943726 95 131 57
-6.396963596343994 2.2307887077331543 1.0587208271026611 102 161 177
-6.1924052238464355 2.163939952850342 0.7814897298812866 84 135 200
-6.049129009246826 2.1184933185577393 0.5270584225654602 76 125 139
-7.148983001708984 2.5078814029693604 0.34588414430618286 77 81 82
-7.238649368286133 2.544019937515259 0.0696369856595993 75 85 74
-7.675838947296143 2.7002289295196533 -0.22330571711063385 56 55 61
-8.075861930847168 2.845386028289795 -0.5483074188232422 72 84 110
-7.996589660644531 2.8191816806793213 -0.8551346063613892 127 145 129
-6.345101833343506 2.2406888008117676 -0.9294329881668091 92 111 91
-5.927590847015381 2.0937159061431885 -1.1057631969451904 91 131 34
-4.860561370849609 1.7173972129821777 -1.1042994260787964 78 88 38
-5.959548473358154 2.0987796783447266 0.9873880743980408 93 129 155
-6.1501545906066895 2.170370578765869 0.7769943475723267 105 153 199
-5.916694164276123 2.0925133228302 0.5160763263702393 66 89 105
-5.942571640014648 2.105166435241699 0.2878262996673584 118 149 152
-7.965859413146973 2.82708477973938 0.07671593874692917 68 75 81
-7.646795272827148 2.7164037227630615 -0.22270217537879944 75 79 64
-8.08495807647705 2.876504421234131 -0.5495215654373169 96 109 102
-7.441441535949707 2.649160861968994 -0.7966338396072388 94 92 95
-6.358725070953369 2.2674646377563477 -0.9324431419372559 88 109 94
-5.937837600708008 2.117847204208374 -1.1088814735412598 98 123 29
-4.846981048583984 1.7293438911437988 -1.1024142503738403 73 100 45
-6.030345916748047 2.1445302963256836 1.000203251838684 114 184 220
-16.11444091796875 5.742392539978027 2.038072109222412 129 171 169
-5.9102463722229 2.1106555461883545 0.5160763263702393 48 52 53
-5.943609714508057 2.126079797744751 0.28819116950035095 63 68 71
-6.996982097625732 2.5074267387390137 0.06745884567499161 112 141 147
-7.470000743865967 2.6794381141662598 -0.21779166162014008 68 78 87
-8.172832489013672 2.9360475540161133 -0.5561038255691528 95 125 115
-7.037224292755127 2.529611825942993 -0.7541881799697876 91 123 84
-6.361990928649902 2.2906534671783447 -0.9339480996131897 91 111 76
-5.902586460113525 2.125709295272827 -1.103511095046997 100 143 35
-4.793815612792969 1.7269728183746338 -1.0915220975875854 73 100 49
-6.04140567779541 2.169365167617798 1.0031368732452393 82 104 179
-7.421433925628662 2.670321464538574 0.9396567940711975 130 160 171
-7.40850830078125 2.671367883682251 0.6476156115531921 73 77 80
-6.048866271972656 2.1846861839294434 0.29361841082572937 59 63 66
-7.948362827301025 2.8759090900421143 0.07671593874692917 85 86 91
-7.9608235359191895 2.883089065551758 -0.2323586493730545 77 92 85
-8.115002632141113 2.943413257598877 -0.5527807474136353 143 182 164
-7.664473533630371 2.7816660404205322 -0.8223220109939575 90 108 112
-6.379138946533203 2.318960428237915 -0.9375054836273193 84 98 81
-5.783114433288574 2.1027493476867676 -1.0823763608932495 93 128 64
-4.782062530517578 1.7393323183059692 -1.0900558233261108 56 93 0
-6.031935214996338 2.1868796348571777 1.002673625946045 114 182 229
-7.1108174324035645 2.5832252502441406 0.9013276100158691 104 142 189
-5.9196600914001465 2.155062675476074 0.5180432796478271 118 137 115
-6.151940822601318 2.2432737350463867 0.29895442724227905 128 163 165
-6.003702640533447 2.1931378841400146 0.05801115557551384 46 47 52
-7.799849510192871 2.8518893718719482 -0.227914497256279 70 74 77
-7.616766452789307 2.7891685962677 -0.519422173500061 86 86 96
-6.940293788909912 2.5429635047912598 -0.74545818567276 81 93 93
-6.372924327850342 2.3388617038726807 -0.9376423358917236 115 138 120
-5.763692378997803 2.1157302856445312 -1.0799510478973389 91 133 59
-4.731727123260498 1.73747980594635 -1.0797920227050781 60 91 50
-6.040042400360107 2.210808515548706 1.0051440000534058 72 74 123
-6.345866680145264 2.3273961544036865 0.8052679896354675 79 82 123
-6.082338809967041 2.235443353652954 0.5328773260116577 50 77 148
-15.628344535827637 5.75317907333374 0.7603157162666321 71 88 70
-6.040102958679199 2.22746205329895 0.05842863395810127 52 45 52
-7.79575252532959 2.8775362968444824 -0.22805166244506836 45 50 43
-7.16542387008667 2.6488516330718994 -0.48919498920440674 88 110 87
-6.29977560043335 2.330220937728882 -0.6774247288703918 86 75 89
-6.354572296142578 2.3542730808258057 -0.9360005259513855 79 102 96
-5.70545768737793 2.114238977432251 -1.0702499151229858 57 102 35
-4.740127086639404 1.7570862770080566 -1.0829339027404785 43 69 42
-6.995212078094482 2.5847885608673096 1.1654112339019775 109 124 143
-6.253957271575928 2.3154799938201904 0.7945027351379395 60 68 89
-15.70441722869873 5.826598644256592 1.377432942390442 87 126 141
-15.846590042114258 5.88878870010376 0.7718086242675781 116 147 115
-6.049172401428223 2.251913070678711 0.05858292058110237 62 75 83
-7.157416820526123 2.6668953895568848 -0.20961658656597137 88 85 78
-7.246087074279785 2.703967809677124 -0.49526599049568176 78 95 89
-6.551720142364502 2.446289300918579 -0.7053204774856567 72 74 71
-6.345463752746582 2.373063325881958 -0.9357268214225769 108 129 112
-6.730827808380127 2.5105926990509033 1.1226425170898438 42 81 98
-6.724915981292725 2.513335704803467 0.8553089499473572 103 168 206
-6.515572547912598 2.440152406692505 0.5721341967582703 88 113 133
-8.243925094604492 3.09236216545105 0.40198081731796265 76 86 75
-6.0370073318481445 2.272920608520508 1.008077621459961 110 166 227
