ply
format ascii 1.0
element vertex 8920
property float x
property float y
property float z
property uchar red
property uchar green
property uchar blue
end_header
-17.766944885253906 -5.303479194641113 1.3814589977264404 63 76 66
-11.258108139038086 -3.3556528091430664 0.445136159658432 38 46 35
-10.23798942565918 -3.044198989868164 0.01416781172156334 70 82 58
-11.047992706298828 -3.280851125717163 -0.4060816764831543 83 100 84
-10.988136291503906 -3.256398916244507 -0.8227058053016663 29 42 33
-8.083739280700684 -2.3919808864593506 -0.9176002144813538 51 83 18
-7.35886812210083 -2.1717653274536133 -1.1202753782272339 58 82 46
-6.105224609375 -1.7936816215515137 -1.1704022884368896 62 104 32
-12.125142097473145 -3.5904150009155273 2.3551318645477295 54 58 70
-16.453601837158203 -4.868381500244141 2.5487775802612305 80 140 164
-9.448369979858398 -2.7913315296173096 1.0974260568618774 85 88 93
-21.666290283203125 -6.395115375518799 1.6831167936325073 44 68 46
-11.022010803222656 -3.2484946250915527 0.4354049563407898 92 108 105
-11.120328903198242 -3.2694573402404785 0.015374881215393543 47 58 44
-14.918527603149414 -4.38049840927124 -0.5478510856628418 66 78 64
-11.402008056640625 -3.341033458709717 -0.8529218435287476 69 79 68
-8.083406448364258 -2.3649356365203857 -0.916734516620636 57 89 26
-7.3388991355896 -2.1414177417755127 -1.1162300109863281 55 86 54
-6.0171966552734375 -1.7477835416793823 -1.1524935960769653 59 101 17
-5.166620254516602 -1.4974948167800903 -1.1977752447128296 32 65 8
-12.154969215393066 -3.558723211288452 2.3587937355041504 42 72 46
-9.25051498413086 -2.7062556743621826 1.4316763877868652 83 126 161
-9.433039665222168 -2.7553648948669434 1.094658374786377 96 111 106
-13.414700508117676 -3.914839506149292 1.0411652326583862 48 57 54
-10.371870994567871 -3.022326946258545 0.4093541204929352 76 97 78
-11.55858039855957 -3.359814405441284 0.015966476872563362 39 56 24
-9.63787841796875 -2.7978622913360596 -0.35361361503601074 72 84 62
-9.994300842285156 -2.895279884338379 -0.7469509840011597 58 71 62
-8.125003814697266 -2.350069046020508 -0.9206300377845764 67 92 37
-7.276980876922607 -2.0991458892822266 -1.1058276891708374 53 83 29
-5.591472148895264 -1.60554039478302 -1.0700045824050903 50 92 10
-5.179635524749756 -1.4840565919876099 -1.1997313499450684 48 78 44
-12.169608116149902 -3.5225090980529785 2.3595261573791504 78 87 116
-9.342391967773438 -2.702047348022461 1.4446061849594116 112 153 197
-12.191385269165039 -3.520512104034424 1.4134910106658936 96 116 105
-9.783737182617188 -2.822664499282837 0.7586767673492432 47 65 49
-10.360929489135742 -2.9846832752227783 0.4085589647293091 85 93 80
-11.753366470336914 -3.377363443374634 0.01622115634381771 67 81 64
-11.300581932067871 -3.2429847717285156 -0.4142512083053589 65 76 60
-8.756579399108887 -2.507627010345459 -0.6538684964179993 68 81 72
-8.144601821899414 -2.328683614730835 -0.9220367670059204 60 96 9
-7.015993118286133 -2.0005648136138916 -1.0652296543121338 36 67 7
-5.928463935852051 -1.6826337575912476 -1.1334993839263916 78 101 75
-5.199190616607666 -1.4724141359329224 -1.2032088041305542 44 91 19
-9.21064567565918 -2.635435104370117 1.7842464447021484 126 166 192
-9.365854263305664 -2.677722930908203 1.446956992149353 104 159 200
-13.440690994262695 -3.8366401195526123 1.556965708732605 74 86 100
-9.76933479309082 -2.786071300506592 0.7568935751914978 32 42 31
-10.901514053344727 -3.1042208671569824 0.4294980764389038 49 66 50
-14.297445297241211 -4.060967445373535 0.019715026021003723 66 83 67
-9.789466857910156 -2.776853561401367 -0.3585434854030609 60 68 55
-14.352725982666016 -4.062595844268799 -1.0708063840866089 59 72 46
-8.210063934326172 -2.320176839828491 -0.9286374449729919 51 95 0
-7.420204162597656 -2.091228485107422 -1.1256210803985596 66 96 44
-5.631520748138428 -1.5797016620635986 -1.0757933855056763 46 81 13
-5.183944225311279 -1.4509315490722656 -1.1986446380615234 61 91 37
-9.247066497802734 -2.6151909828186035 1.7897391319274902 133 173 185
-9.38259220123291 -2.6513969898223877 1.4482793807983398 55 78 110
-9.6234769821167 -2.715115547180176 1.1138105392456055 60 72 58
-9.778796195983887 -2.756356954574585 0.7569679021835327 71 83 69
-11.077397346496582 -3.1175951957702637 0.4360486567020416 54 74 63
-10.256523132324219 -2.879230499267578 0.014130671508610249 47 60 50
-11.345287322998047 -3.180598735809326 -0.4151667654514313 48 60 48
-14.205669403076172 -3.9739372730255127 -1.0589205026626587 65 71 61
-8.174056053161621 -2.2829439640045166 -0.9237681031227112 61 91 17
-7.421818733215332 -2.0671262741088867 -1.1248986721038818 48 86 11
-5.924460411071777 -1.642284870147705 -1.1307859420776367 52 89 35
-5.124398231506348 -1.4173266887664795 -1.1838653087615967 42 80 29
-9.180248260498047 -2.5659027099609375 1.775274634361267 141 182 204
-9.402114868164062 -2.6257920265197754 1.450042486190796 123 158 196
-9.632718086242676 -2.685845136642456 1.1139211654663086 54 66 56
-9.81506633758545 -2.7341036796569824 0.7591226100921631 85 105 93
-11.264054298400879 -3.132864475250244 0.4430157542228699 66 84 72
-11.782988548278809 -3.268777847290039 0.01621983014047146 71 85 59
-11.369438171386719 -3.1497790813446045 -0.4156949520111084 61 76 47
-8.624506950378418 -2.3841400146484375 -0.6423406600952148 59 74 53
-8.26439380645752 -2.28086519241333 -0.9331821203231812 56 92 4
-7.421447277069092 -2.042508840560913 -1.123887300491333 58 90 14
-5.743552207946777 -1.573177456855774 -1.0953301191329956 43 76 31
-5.189924240112305 -1.4183241128921509 -1.1979925632476807 54 85 51
-9.43777847290039 -2.6045656204223633 1.454303503036499 112 150 187
-14.52652359008789 -4.002370834350586 1.6784098148345947 34 42 31
-9.834944725036621 -2.7071542739868164 0.7600141763687134 104 125 106
-11.17629337310791 -3.0715463161468506 0.43919143080711365 78 87 82
-10.390690803527832 -2.848231077194214 0.014291170984506607 71 84 64
-14.190796852111816 -3.8845670223236084 -0.5184126496315002 55 68 50
-11.078622817993164 -3.0259952545166016 -0.8244242668151855 57 71 48
-8.34999942779541 -2.2769458293914795 -0.9420551061630249 53 95 13
-7.3484272956848145 -1.998180627822876 -1.1118957996368408 60 94 18
-5.80056619644165 -1.569678783416748 -1.1052794456481934 40 75 11
-5.182943344116211 -1.3993419408798218 -1.1953845024108887 55 102 30
-11.91681957244873 -3.252082109451294 2.300570011138916 58 74 47
-9.439998626708984 -2.5740370750427246 1.4534218311309814 100 120 157
-14.533940315246582 -3.9564802646636963 1.6778563261032104 75 90 71
-17.617496490478516 -4.791273593902588 1.3602834939956665 88 101 94
-11.396860122680664 -3.0945894718170166 0.44748377799987793 52 75 59
-10.396485328674316 -2.8155553340911865 0.01428719237446785 70 81 64
-14.947412490844727 -4.042428493499756 -0.5455974340438843 63 71 60
-11.25156307220459 -3.036168098449707 -0.8365966081619263 41 47 35
-8.170723915100098 -2.201150417327881 -0.9210628271102905 65 100 20
-7.3593010902404785 -1.9769099950790405 -1.112618088722229 60 100 14
-5.99633264541626 -1.6029274463653564 -1.1416397094726562 71 114 7
-5.2098469734191895 -1.3894710540771484 -1.2006006240844727 45 83 26
-9.500576972961426 -2.561401128768921 1.8325830698013306 66 88 102
-15.639764785766602 -4.213042259216309 2.4059624671936035 71 85 86
-14.50570011138916 -3.901031494140625 1.6732065677642822 55 61 59
-11.692784309387207 -3.1414880752563477 0.9020757079124451 63 78 83
-11.41884708404541 -3.0629754066467285 0.4479759931564331 68 78 69
-14.832374572753906 -3.968071937561035 0.020366312935948372 92 114 91
-15.004158973693848 -4.008417129516602 -0.5472172498703003 50 62 58
-9.536619186401367 -2.5420379638671875 -0.7085008025169373 55 63 48
-8.377263069152832 -2.2292473316192627 -0.9435700178146362 52 89 11
-7.556614398956299 -2.005077838897705 -1.1415135860443115 64 102 53
-5.876652717590332 -1.5516327619552612 -1.117942214012146 66 100 49
-5.199926853179932 -1.3697513341903687 -1.1973406076431274 52 88 27
-9.4874906539917 -2.5266757011413574 1.8285549879074097 130 173 207
-12.123489379882812 -3.2259669303894043 1.863500714302063 108 137 169
-9.540081977844238 -2.5342636108398438 1.0995293855667114 44 52 41
-16.5679931640625 -4.3968505859375 1.2771419286727905 90 113 93
-11.13840389251709 -2.951148748397827 0.43661659955978394 39 55 29
-14.847378730773926 -3.923314332962036 0.02037029154598713 67 81 66
-11.385976791381836 -3.0044119358062744 -0.41492027044296265 63 73 62
-9.590672492980957 -2.5249574184417725 -0.7119377255439758 60 67 60
-8.802305221557617 -2.313459873199463 -0.9906403422355652 56 93 24
-7.53305721282959 -1.9741089344024658 -1.1370347738265991 67 96 32
-5.920403957366943 -1.543770432472229 -1.125359058380127 49 86 19
-5.198436737060547 -1.3523173332214355 -1.196036458015442 44 78 18
-15.763528823852539 -4.146338939666748 3.0356903076171875 86 146 182
-12.158203125 -3.1952943801879883 1.8673208951950073 38 64 37
-9.597801208496094 -2.5180981159210205 1.1052861213684082 87 103 77
-16.760828018188477 -4.393027305603027 1.2909616231918335 80 83 72
-11.457727432250977 -2.9981651306152344 0.4487711489200592 58 67 64
-14.876762390136719 -3.8822901248931885 0.02039416693150997 60 70 45
-14.427912712097168 -3.7597780227661133 -0.5253496766090393 55 60 53
-14.007080078125 -3.6417598724365234 -1.0389435291290283 88 100 80
-11.357117652893066 -3.3982057571411133 -0.9671283960342407 55 70 51
-8.601515769958496 -2.2324981689453125 -0.9672674536705017 55 93 8
-7.31874942779541 -1.8939710855484009 -1.1038050651550293 47 96 4
-5.97654390335083 -1.5388423204421997 -1.1351274251937866 63 93 43
-5.204452037811279 -1.3368480205535889 -1.196471095085144 36 72 11
-9.490446090698242 -2.4652011394500732 1.8261748552322388 73 119 145
-12.217735290527344 -3.1708996295928955 1.874961256980896 102 115 95
-15.361272811889648 -4.5916948318481445 2.2213196754455566 109 134 174
-9.614139556884766 -2.4908840656280518 1.1062824726104736 54 90 78
-10.863981246948242 -3.237687110900879 0.7354612946510315 47 48 50
-13.871122360229492 -3.584249258041382 0.5428646802902222 64 83 61
-11.034199714660645 -3.28359317779541 0.3251902759075165 72 81 64
-14.880855560302734 -3.834634304046631 0.020383555442094803 57 73 47
-10.227123260498047 -3.03739857673645 -0.08788974583148956 64 79 60
-11.396453857421875 -2.932499885559082 -0.41463854908943176 84 97 88
-11.273929595947266 -3.343369722366333 -0.5261688828468323 47 64 45
-8.485301971435547 -2.178359270095825 -0.6288794279098511 75 85 61
-8.0740327835083 -2.388897657394409 -0.6869261860847473 62 77 54
-8.288605690002441 -2.1241629123687744 -0.931342601776123 61 87 26
-7.932565212249756 -2.3419227600097656 -0.9808456897735596 39 77 0
-7.28330135345459 -1.8609752655029297 -1.0975925922393799 74 114 43
-6.9698662757873535 -2.0546648502349854 -1.1316531896591187 72 105 52
-6.03366231918335 -1.5338263511657715 -1.1450767517089844 34 67 22
-5.822444438934326 -1.7129899263381958 -1.1755563020706177 55 79 3
-5.223667621612549 -1.3247138261795044 -1.1999486684799194 64 105 47
-9.48367977142334 -2.4324095249176025 1.8234283924102783 47 56 55
-15.522433280944824 -4.5983500480651855 2.849060535430908 99 150 181
-9.647970199584961 -2.472393751144409 1.4794282913208008 42 52 43
-15.728654861450195 -4.648991584777832 2.272371768951416 104 143 148
-10.08775520324707 -2.5805907249450684 1.159864068031311 57 68 52
-9.493717193603516 -2.800877809524536 1.0035088062286377 79 91 79
-17.772449493408203 -5.237236976623535 1.2020519971847534 31 41 32
-11.64051342010498 -2.9698007106781006 0.4552081227302551 43 46 27
-18.399364471435547 -5.413951396942139 0.5417578816413879 81 97 94
-11.715757369995117 -2.980722665786743 0.016035452485084534 69 81 61
-9.985017776489258 -2.9321889877319336 -0.08573142439126968 53 64 48
-15.758336067199707 -4.0033793449401855 -0.5728878378868103 61 73 61
-11.331107139587402 -3.3225395679473877 -0.5283591747283936 55 67 47
-13.78938102722168 -3.494971990585327 -1.021186351776123 58 67 46
-11.337576866149902 -3.316702127456665 -0.9637132287025452 61 72 55
-8.50229263305664 -2.151149272918701 -0.9546071887016296 55 83 34
-7.960684776306152 -2.3236966133117676 -0.9834365248680115 48 85 16
-7.297611236572266 -1.8407998085021973 -1.0988928079605103 58 95 15
-6.866097450256348 -2.00119948387146 -1.1138027906417847 40 73 16
-6.048832416534424 -1.5179413557052612 -1.147066593170166 56 86 36
-5.576918601989746 -1.6221810579299927 -1.124974250793457 43 77 16
-5.234334945678711 -1.3103408813476562 -1.2014700174331665 55 96 17
-9.48061466217041 -2.4006481170654297 1.8214143514633179 94 125 153
-12.144303321838379 -3.5571250915527344 2.2270092964172363 70 102 141
-12.376006126403809 -3.1310508251190186 1.8962658643722534 43 54 46
-16.050891876220703 -4.690739631652832 2.3168365955352783 104 126 123
-13.484601974487305 -3.4055089950561523 1.5492161512374878 65 74 57
-9.480298042297363 -2.7653307914733887 1.0011889934539795 85 108 98
-22.56350326538086 -5.692502975463867 1.733789324760437 98 109 101
-17.761608123779297 -5.174871444702148 1.2002391815185547 34 40 36
-11.686392784118652 -2.9433484077453613 0.45664697885513306 34 38 24
-11.163558006286621 -3.2476584911346436 0.3284091353416443 45 56 42
-11.951798439025879 -3.001765489578247 0.01634584181010723 59 70 54
-10.363686561584473 -3.0088822841644287 -0.08890300244092941 52 64 42
-11.545096397399902 -2.895336151123047 -0.4193923771381378 69 75 65
-9.662128448486328 -2.8009941577911377 -0.45013341307640076 64 78 53
-9.372260093688965 -2.3448586463928223 -0.6935360431671143 55 64 47
-9.208755493164062 -2.66329288482666 -0.7820615768432617 68 78 54
-8.555148124694824 -2.1366167068481445 -0.959801197052002 40 74 0
-7.948693752288818 -2.2937560081481934 -0.9810811877250671 55 95 33
-7.031490325927734 -1.7507442235946655 -1.0580058097839355 65 103 16
-6.686110019683838 -1.9265048503875732 -1.083641767501831 57 94 40
-5.756563663482666 -1.4258383512496948 -1.0908076763153076 48 87 24
-5.751702785491943 -1.6538991928100586 -1.1592026948928833 57 98 28
-5.268653869628906 -1.301768183708191 -1.2084250450134277 61 106 47
-15.887618064880371 -3.9711790084838867 3.04997181892395 86 146 172
-12.183539390563965 -3.5280683040618896 2.2322089672088623 90 121 152
-12.40762710571289 -3.0985794067382812 1.8996453285217285 40 50 39
-9.382949829101562 -2.710871934890747 1.3531577587127686 98 124 139
-14.465113639831543 -3.6059629917144775 1.6605862379074097 93 117 93
-9.495429039001465 -2.7381622791290283 1.0018949508666992 88 114 111
-18.76141929626465 -4.672106742858887 1.4405274391174316 84 102 80
-9.779056549072266 -2.8166234493255615 0.6602319478988647 37 47 39
-13.926798820495605 -3.462217092514038 0.5437734127044678 41 44 35
-15.276460647583008 -4.393378734588623 0.4490036964416504 41 47 35
-12.355993270874023 -3.0630135536193848 0.016885707154870033 49 67 45
-10.167180061340332 -2.9180386066436768 -0.08714009076356888 57 68 51
-13.401970863342285 -3.317342758178711 -0.48647400736808777 56 67 53
-9.692764282226562 -2.777667760848999 -0.4511615037918091 56 67 50
-14.141740798950195 -3.492074489593506 -1.045674204826355 62 70 55
-9.05684757232666 -2.589275598526001 -0.7684824466705322 59 67 44
-8.631159782409668 -2.1274900436401367 -0.9675921201705933 49 81 18
-7.919404983520508 -2.259007692337036 -0.9766061902046204 43 73 11
-7.316456317901611 -1.7978768348693848 -1.1000486612319946 64 114 17
-6.87159538269043 -1.9571377038955688 -1.1127256155014038 39 72 15
-5.657730579376221 -1.3829498291015625 -1.0712709426879883 51 89 28
-5.752027988433838 -1.6349033117294312 -1.1582518815994263 58 100 18
-5.265036106109619 -1.2837481498718262 -1.20668625831604 55 93 16
-11.132099151611328 -2.7462575435638428 2.1354196071624756 84 129 162
-12.165901184082031 -3.4825422763824463 2.2270092964172363 106 159 190
-12.362332344055176 -3.0470058917999268 1.891270399093628 57 65 76
-9.423605918884277 -2.6913208961486816 1.3578237295150757 100 132 131
-9.878496170043945 -2.4304134845733643 1.1331839561462402 60 70 62
-9.523877143859863 -2.714745044708252 1.004013180732727 49 78 94
-20.8103084564209 -5.1145830154418945 1.596631646156311 66 74 61
-9.761737823486328 -2.7792305946350098 0.6584839224815369 40 48 37
-11.678999900817871 -2.8653957843780518 0.45566248893737793 22 27 23
-11.108278274536133 -3.1577794551849365 0.3262067437171936 76 88 74
-12.215744018554688 -2.9884955883026123 0.016681432723999023 51 65 48
-14.268452644348145 -4.047787666320801 -0.12218395620584488 53 63 55
-11.552936553955078 -2.822070598602295 -0.4190402328968048 69 90 57
-11.304496765136719 -3.2020468711853027 -0.5257218480110168 52 70 56
-9.244986534118652 -2.2528300285339355 -0.6830821633338928 64 72 59
-8.497902870178223 -2.4013004302978516 -0.7204269170761108 61 69 54
-8.539117813110352 -2.0770342350006104 -0.9565548896789551 70 95 37
-7.987468719482422 -2.2519466876983643 -0.9841430187225342 39 66 21
-7.195962429046631 -1.744875431060791 -1.0811221599578857 67 103 7
-7.245651721954346 -2.039663076400757 -1.1722781658172607 54 85 44
-5.79771089553833 -1.3983302116394043 -1.0969581604003906 56 85 39
-5.785371780395508 -1.6252142190933228 -1.163956642150879 59 104 1
-5.2623066902160645 -1.2659910917282104 -1.2051647901535034 60 97 30
-15.914551734924316 -3.8743174076080322 3.0505211353302 102 148 184
-9.327851295471191 -2.639202833175659 1.7060045003890991 102 124 145
-12.28223705291748 -2.9873239994049072 1.87760591506958 46 67 52
-9.429911613464355 -2.6618590354919434 1.3575493097305298 73 97 107
-9.902324676513672 -2.4040815830230713 1.135066032409668 74 80 76
-9.526415824890137 -2.6838948726654053 1.0034080743789673 71 87 77
-15.937548637390137 -3.8651866912841797 1.22186279296875 78 91 84
-16.869979858398438 -4.747090816497803 1.1369868516921997 40 51 35
-11.68870735168457 -2.829786777496338 0.4557003974914551 57 68 62
-11.000508308410645 -3.090698719024658 0.32276201248168945 50 63 53
-12.158753395080566 -2.9350476264953613 0.016591235995292664 50 60 51
-10.045282363891602 -2.816455602645874 -0.08594560623168945 55 72 54
-13.434703826904297 -3.2380917072296143 -0.48693180084228516 102 109 93
-11.32869815826416 -3.1713898181915283 -0.52639240026474 65 84 56
-13.831231117248535 -3.3254921436309814 -1.021186351776123 42 49 42
-13.335739135742188 -3.724212884902954 -1.1295902729034424 49 58 37
-8.425581932067871 -2.022059679031372 -0.9431372284889221 66 96 44
-8.061302185058594 -2.2460882663726807 -0.9923864006996155 57 95 18
-7.391827583312988 -1.768375277519226 -1.1097285747528076 56 102 4
-7.240451812744141 -2.0142462253570557 -1.1704316139221191 54 90 28
-6.0182085037231445 -1.4319878816604614 -1.137840986251831 64 100 26
-5.861279010772705 -1.6271532773971558 -1.1782184839248657 54 86 23
-5.3202996253967285 -1.262688398361206 -1.2175533771514893 79 106 73
-12.011924743652344 -2.88523530960083 2.300753116607666 97 134 186
-9.25528335571289 -2.588029146194458 1.6912721395492554 131 178 186
-14.924860954284668 -3.5816094875335693 2.279897689819336 60 71 65
-9.449482917785645 -2.6361098289489746 1.3591961860656738 69 87 99
-13.459654808044434 -3.2240331172943115 1.5416882038116455 114 131 112
-9.511602401733398 -2.6482510566711426 1.0009872913360596 59 76 57
-16.109357833862305 -3.854562997817993 1.2341221570968628 103 126 116
-16.603731155395508 -4.617244243621826 1.1180824041366577 60 91 60
-12.69551944732666 -3.03233003616333 0.4945873022079468 62 77 54
-11.251692771911621 -3.124058485031128 0.32984915375709534 53 70 51
-12.20272159576416 -2.906071662902832 0.01663898676633835 45 56 48
-12.086236953735352 -3.348729372024536 -0.10331925749778748 53 70 54
-13.475687026977539 -3.2042572498321533 -0.4880586266517639 47 55 44
-11.370147705078125 -3.1454086303710938 -0.5278674960136414 59 73 48
-14.005383491516113 -3.3219456672668457 -1.0332870483398438 60 74 49
-8.66427993774414 -2.391004800796509 -0.7332742214202881 48 57 36
-8.618451118469238 -2.040403127670288 -0.9640212655067444 58 81 39
-8.04996395111084 -2.2163374423980713 -0.9901489019393921 66 95 29
-7.524341106414795 -1.7756892442703247 -1.128799557685852 59 95 33
-7.244692325592041 -1.991499662399292 -1.170123815536499 37 69 30
-5.864588737487793 -1.376438021659851 -1.1079930067062378 58 104 32
-5.815117359161377 -1.5951391458511353 -1.167949914932251 70 112 66
-5.3412556648254395 -1.2503647804260254 -1.2214655876159668 66 89 43
-10.912969589233398 -2.5858826637268066 2.088730812072754 88 123 179
-15.347746849060059 -3.6333305835723877 2.342783212661743 39 49 51
-15.026618957519531 -4.142309665679932 2.1595630645751953 65 86 67
-13.442399978637695 -3.1763250827789307 1.5385884046554565 84 98 85
-13.32985782623291 -3.667313575744629 1.4016242027282715 72 93 76
-16.352102279663086 -3.859644651412964 1.2518056631088257 69 75 71
-16.4879150390625 -4.530588150024414 1.109342336654663 50 60 51
-12.720325469970703 -2.99703311920166 0.49519315361976624 63 77 54
-11.3074951171875 -3.1022186279296875 0.33120447397232056 58 73 70
-11.878643035888672 -2.790410280227661 0.016185341402888298 69 83 66
-10.040191650390625 -2.748692750930786 -0.08575613796710968 60 75 56
-18.58774185180664 -4.359598159790039 -0.6727179884910583 84 104 77
-14.192638397216797 -3.879380226135254 -0.658348023891449 61 70 51
-9.433347702026367 -2.20695424079895 -0.6954692602157593 62 74 50
-8.261938095092773 -2.2527196407318115 -0.6986351609230042 64 76 52
-8.604341506958008 -2.0092051029205322 -0.9617488980293274 48 87 4
-8.105595588684082 -2.2049238681793213 -0.9961548447608948 53 86 17
-7.692626953125 -1.790506362915039 -1.1532162427902222 89 137 19
-7.201183319091797 -1.9557970762252808 -1.1621218919754028 60 97 27
-5.8544111251831055 -1.3551124334335327 -1.1052794456481934 50 92 42
-5.881576061248779 -1.5939832925796509 -1.1803102493286133 90 124 89
-5.373599052429199 -1.2405591011047363 -1.2279858589172363 55 95 32
-13.92293643951416 -3.254028558731079 2.662912130355835 109 143 191
-9.470508575439453 -2.5856642723083496 1.7276697158813477 112 155 190
-9.410829544067383 -2.1973936557769775 1.4354965686798096 52 73 74
-14.976179122924805 -4.079009056091309 2.150505304336548 81 113 89
-13.803435325622559 -3.216953754425049 1.5787746906280518 95 106 100
-13.34488582611084 -3.6274447441101074 1.4020276069641113 98 116 92
-11.584274291992188 -2.696784019470215 0.8861755728721619 101 119 103
-16.3303165435791 -4.433444023132324 1.0978184938430786 86 104 82
-12.584431648254395 -2.924292802810669 0.4895513355731964 58 75 57
-11.14619255065918 -3.021225929260254 0.3262067437171936 82 101 82
-11.869612693786621 -2.749891519546509 0.016161466017365456 58 68 57
-11.747472763061523 -3.1773836612701416 -0.10025477409362793 59 72 54
-15.317808151245117 -3.543118476867676 -0.5539782047271729 74 82 69
-14.146605491638184 -3.820192813873291 -0.6556659936904907 49 69 57
-9.975592613220215 -2.3015570640563965 -0.734921932220459 65 77 63
-13.084585189819336 -3.5245821475982666 -1.1055219173431396 55 67 43
-8.998943328857422 -2.072255849838257 -1.0051401853561401 57 86 28
-8.080674171447754 -2.171541213989258 -0.9922686815261841 45 77 2
-7.775238513946533 -1.7846059799194336 -1.1647744178771973 59 93 17
-7.0296430587768555 -1.886069416999817 -1.1334997415542603 53 94 24
-5.866211891174316 -1.3388957977294922 -1.1067266464233398 60 88 40
-5.733753681182861 -1.5350542068481445 -1.149694800376892 35 81 16
-5.384994029998779 -1.2258005142211914 -1.229724645614624 45 69 35
-11.089570045471191 -2.555967330932617 2.119490385055542 68 102 129
-9.493610382080078 -2.5607006549835205 1.7304428815841675 90 142 166
-9.416563034057617 -2.1682891845703125 1.4353495836257935 75 103 91
-14.98288345336914 -4.031498908996582 2.149681806564331 71 84 90
-14.32369327545166 -3.2919039726257324 1.637116551399231 88 106 90
-13.355952262878418 -3.5864861011505127 1.4020276069641113 40 56 29
-11.62553882598877 -2.6688175201416016 0.8887016773223877 86 111 82
-16.258058547973633 -4.360316276550293 1.092056393623352 50 65 46
-13.248870849609375 -3.035879611968994 0.5150341987609863 44 56 44
-17.339982986450195 -4.643021583557129 0.5070562362670898 71 84 64
-11.883842468261719 -2.714799404144287 0.01616942510008812 67 82 63
-11.804502487182617 -3.15397572517395 -0.10065843164920807 58 73 52
-18.310144424438477 -4.176128387451172 -0.661731481552124 59 70 53
-16.07234764099121 -4.287364482879639 -0.7443069815635681 51 68 52
-13.602564811706543 -3.09444522857666 -1.0014241933822632 43 63 35
-9.59611988067627 -2.553346872329712 -0.810114324092865 68 76 61
-8.92285442352295 -2.025928020477295 -0.9959425330162048 52 77 37
-8.208232879638672 -2.1788413524627686 -1.0071067810058594 83 123 52
-7.745932579040527 -1.7528810501098633 -1.1595731973648071 75 114 51
-6.972358226776123 -1.847787857055664 -1.1233434677124023 66 103 59
-5.901956081390381 -1.328016996383667 -1.1126962900161743 78 114 52
-5.774502754211426 -1.5269935131072998 -1.1569207906723022 83 121 48
-5.381109714508057 -1.2075639963150024 -1.2279858589172363 56 99 27
-9.39958667755127 -2.1361050605773926 1.7952319383621216 73 93 117
-15.453134536743164 -4.117339134216309 2.8143961429595947 94 151 180
-15.568634033203125 -3.5346245765686035 2.371434450149536 59 75 72
-14.9951810836792 -3.985513210296631 2.149681806564331 51 74 46
-12.478521347045898 -2.8275649547576904 1.4252257347106934 85 100 97
-13.366891860961914 -3.5454938411712646 1.4020276069641113 105 136 131
-13.67231273651123 -3.09455943107605 1.0444344282150269 94 99 102
-15.357856750488281 -4.068422317504883 1.0307464599609375 88 100 88
-11.230708122253418 -2.537193536758423 0.436275839805603 71 85 72
-15.152746200561523 -4.007577896118164 0.44273537397384644 74 87 69
-21.06045913696289 -4.743210315704346 0.028635401278734207 79 93 68
-11.439947128295898 -3.0190000534057617 -0.09747037291526794 66 88 67
-17.913354873657227 -4.027853965759277 -0.6469417810440063 55 64 59
-11.52574634552002 -3.036694288253784 -0.5333209037780762 61 68 50
-13.889373779296875 -3.1149051189422607 -1.021830677986145 54 71 35
-8.353654861450195 -2.195329427719116 -0.7046523094177246 46 64 26
-9.76430606842041 -2.185499906539917 -1.089109182357788 50 88 15
-8.05638313293457 -2.1120967864990234 -0.9876759052276611 65 99 25
-7.782179355621338 -1.736002802848816 -1.164196491241455 53 97 2
-7.114686965942383 -1.8621654510498047 -1.1453486680984497 69 102 47
-6.091315269470215 -1.3510046005249023 -1.1476093530654907 59 99 11
-5.767762184143066 -1.506293535232544 -1.1546390056610107 58 100 37
-5.3504791259765625 -1.1834603548049927 -1.2201615571975708 46 73 18
-16.010988235473633 -3.586958646774292 3.055830717086792 109 142 173
-9.485333442687988 -2.4961347579956055 1.7261098623275757 87 111 113
-11.69324016571045 -2.617077112197876 1.7798980474472046 80 119 118
-14.917279243469238 -3.915848970413208 2.136781692504883 41 53 39
-14.334892272949219 -3.2020034790039062 1.6361202001571655 101 112 104
-13.381556510925293 -3.505476474761963 1.4024310111999512 101 121 132
-13.636969566345215 -3.042609453201294 1.0410165786743164 76 106 82
-17.95176887512207 -4.696678161621094 1.2038646936416626 93 110 100
-13.74421501159668 -3.06074595451355 0.533549964427948 67 80 50
-11.506227493286133 -3.0054121017456055 0.3359198272228241 41 57 31
-14.364767074584961 -4.313334941864014 0.2803895175457001 64 71 64
-12.000828742980957 -2.6641526222229004 0.01630604825913906 70 84 67
-14.598834037780762 -3.804760456085205 -0.12428461760282516 52 69 53
-15.614185333251953 -3.46058988571167 -0.5635210275650024 57 65 52
-14.369695663452148 -3.7388827800750732 -0.6643826365470886 62 70 57
-11.393622398376465 -3.4081807136535645 -0.6463618874549866 71 83 71
-8.966915130615234 -1.9820942878723145 -0.6592386960983276 43 58 39
-13.155059814453125 -3.414020299911499 -1.1087744235992432 46 71 31
-11.31601619720459 -3.3806631565093994 -1.0746057033538818 56 66 55
-8.814740180969238 -1.9445844888687134 -0.9825248122215271 44 81 14
-8.2185640335083 -2.1276891231536865 -1.0067535638809204 52 90 3
-7.749777317047119 -1.7038326263427734 -1.1585618257522583 99 129 91
-7.078273773193359 -1.8294498920440674 -1.1385778188705444 52 89 11
-5.947464942932129 -1.2999686002731323 -1.119751214981079 32 82 11
-5.778059482574463 -1.4900621175765991 -1.1557798385620117 66 115 36
-5.291140556335449 -1.1533195972442627 -1.2058168649673462 73 108 54
-16.64974021911621 -3.6764509677886963 3.1755740642547607 116 148 169
-9.399532318115234 -2.4427459239959717 1.709124207496643 92 147 177
-9.535611152648926 -2.1034765243530273 1.4504833221435547 105 142 169
-10.153213500976562 -2.6319923400878906 1.4532036781311035 127 143 143
-13.568814277648926 -4.052196025848389 1.8243623971939087 83 111 122
-14.337854385375977 -3.1565136909484863 1.635345220565796 103 108 111
-10.033591270446777 -2.5955638885498047 1.0507137775421143 46 53 46
-11.564874649047852 -2.5430729389190674 0.8822376132011414 80 90 79
-18.036624908447266 -4.659802436828613 1.2085908651351929 84 107 81
-11.02608871459961 -3.279634714126587 0.6346872448921204 59 81 60
-12.05716323852539 -2.646251678466797 0.46774131059646606 59 67 52
-11.519266128540039 -2.9710962772369385 0.33603277802467346 44 47 36
-11.334806442260742 -3.365647554397583 0.2210443615913391 80 92 90
-22.75379180908203 -4.978084087371826 0.030895672738552094 75 85 76
-14.771193504333496 -3.8013241291046143 -0.12565208971500397 60 74 57
-11.597551345825195 -3.4368374347686768 -0.21578380465507507 73 89 79
-14.889528274536133 -3.252091407775879 -0.5370053648948669 76 84 73
-15.768604278564453 -4.05125617980957 -0.7284830212593079 77 90 70
-11.34178638458252 -3.354799747467041 -0.6428343057632446 42 56 30
-13.980342864990234 -3.045332193374634 -1.0271291732788086 61 85 33
-8.528205871582031 -2.1853480339050293 -0.7182314395904541 43 69 34
-8.165963172912598 -2.412320137023926 -0.7747599482536316 69 89 61
-9.817360877990723 -2.134204626083374 -1.0935457944869995 59 89 29
-8.193304061889648 -2.0943491458892822 -1.002867341041565 68 105 12
-7.746078014373779 -2.2843127250671387 -1.0355467796325684 93 119 94
-7.752067565917969 -1.6794202327728271 -1.1581284999847412 58 95 28
-7.098214626312256 -1.8113902807235718 -1.1408860683441162 67 105 32
-6.529120922088623 -1.9225845336914062 -1.1271421909332275 51 77 38
-6.0696845054626465 -1.3071845769882202 -1.1420015096664429 65 104 41
-5.7683329582214355 -1.4686946868896484 -1.1529275178909302 72 107 39
-5.320420742034912 -1.1426149606704712 -1.2116851806640625 63 85 49
-14.188311576843262 -3.0873188972473145 2.7042911052703857 122 168 201
-8.941451072692871 -2.294438362121582 1.624543309211731 41 52 38
-9.569084167480469 -2.080094814300537 1.4545973539352417 105 146 168
-9.696792602539062 -2.481951951980591 1.386780858039856 55 81 54
-13.579279899597168 -4.009986877441406 1.8241069316864014 58 69 61
-14.129908561706543 -3.0653133392333984 1.6105471849441528 80 107 76
-13.514632225036621 -3.4518632888793945 1.4141314029693604 102 128 117
-10.02479076385498 -2.9538729190826416 0.9608567953109741 70 83 74
-11.54923152923584 -2.502511978149414 0.880454421043396 66 81 58
-18.062437057495117 -4.607404708862305 1.2093676328659058 91 103 93
-11.17403793334961 -3.286360502243042 0.6426201462745667 43 53 44
-12.074993133544922 -2.611360788345337 0.4681199789047241 83 96 78
-11.534138679504395 -2.9372215270996094 0.3362021744251251 34 40 26
-11.386330604553223 -3.342968225479126 0.22184808552265167 60 76 73
-18.1070499420166 -3.9032957553863525 0.024569831788539886 38 51 25
-14.846753120422363 -3.7722413539886475 -0.12619580328464508 52 70 46
-9.814733505249023 -2.875788450241089 -0.18244771659374237 59 78 56
-14.706963539123535 -3.164975166320801 -0.5300682783126831 71 78 70
-15.820660591125488 -4.012930393218994 -0.7303158044815063 70 79 62
-9.66623306274414 -2.826964855194092 -0.5473724603652954 60 87 42
-11.557406425476074 -2.4804296493530273 -0.8485541343688965 49 69 34
-8.629562377929688 -2.18312931060791 -0.7262001037597656 61 76 43
-8.094939231872559 -2.3643605709075928 -0.7673295140266418 66 82 55
-9.071471214294434 -1.9429280757904053 -1.0097930431365967 66 95 31
-8.269979476928711 -2.086940050125122 -1.01146399974823 52 87 7
-7.773999214172363 -2.266645669937134 -1.0383448600769043 50 85 17
-7.705894470214844 -1.64468252658844 -1.1504710912704468 91 128 58
-7.032834529876709 -1.7717424631118774 -1.1294987201690674 62 97 43
-6.540672302246094 -1.9041990041732788 -1.1281224489212036 64 92 54
-6.036145210266113 -1.2805966138839722 -1.134946584701538 66 100 50
-5.682358741760254 -1.428255558013916 -1.1348625421524048 69 108 43
-5.535402297973633 -1.60870361328125 -1.1751956939697266 69 104 46
-5.393613338470459 -1.141034483909607 -1.2275512218475342 48 84 38
-10.664148330688477 -2.286231756210327 2.0312395095825195 93 147 193
-9.025779724121094 -2.2865867614746094 1.638582468032837 49 61 77
-8.954320907592773 -2.621173143386841 1.5502737760543823 76 103 133
-14.573015213012695 -3.1210412979125977 2.2137794494628906 94 123 105
-9.720687866210938 -2.4563164710998535 1.3891139030456543 75 80 83
-9.35107135772705 -2.730226516723633 1.2549998760223389 81 129 129
-12.22265338897705 -2.6123199462890625 1.3922353982925415 95 112 80
-18.79534149169922 -4.739267349243164 1.9651587009429932 60 73 63
-15.884867668151855 -4.62766695022583 1.5211658477783203 61 73 63
-11.445674896240234 -2.4433341026306152 0.8719842433929443 71 89 67
-11.185026168823242 -3.2523422241210938 0.6426752209663391 51 62 46
-22.133012771606445 -4.7154951095581055 0.8574815988540649 77 94 76
-11.551820755004883 -2.904014825820923 0.336456298828125 83 87 72
-12.193492889404297 -3.5393497943878174 0.23736193776130676 67 79 65
-18.046554565429688 -3.8323540687561035 0.024471674114465714 34 42 27
-12.169628143310547 -3.052325963973999 -0.10336044430732727 52 62 53
-9.886894226074219 -2.8640246391296387 -0.18362490832805634 44 58 41
-16.719816207885742 -3.5445096492767334 -0.6022206544876099 51 66 43
-15.066351890563965 -3.772440195083618 -0.6949577331542969 40 57 39
-9.680615425109863 -2.798959970474243 -0.5476980805397034 74 89 58
-14.225166320800781 -3.007356882095337 -1.0437408685684204 51 75 23
-13.168519020080566 -3.2884533405303955 -1.1073107719421387 52 74 25
-9.021636962890625 -2.6050169467926025 -0.8544107675552368 60 64 47
-9.853615760803223 -2.0788514614105225 -1.0961426496505737 67 91 39
-8.292723655700684 -2.065638542175293 -1.0134658813476562 45 86 10
-7.77329158782959 -2.240586757659912 -1.0373272895812988 39 79 6
-7.867774963378906 -1.654011845588684 -1.173876404762268 69 102 33
-6.9912519454956055 -1.7384741306304932 -1.1219584941864014 42 84 12
-5.5728068351745605 -1.6038926839828491 -0.9603337049484253 43 72 6
-5.987096309661865 -1.251008152961731 -1.1249972581863403 72 111 46
-5.75722599029541 -1.4283089637756348 -1.1489341259002686 54 104 9
-5.523360252380371 -1.5868436098098755 -1.1715999841690063 59 99 26
-5.467801094055176 -1.1392147541046143 -1.2436344623565674 62 93 36
-15.913365364074707 -3.3605523109436035 3.029099225997925 133 169 195
-12.215331077575684 -3.0547757148742676 2.215916633605957 124 171 181
-8.93768310546875 -2.586559295654297 1.5460121631622314 104 149 206
-11.454447746276855 -2.4164211750030518 1.7389049530029297 70 99 97
-12.2741117477417 -3.061509847640991 1.752655029296875 77 101 79
-9.41848373413086 -2.7185778617858887 1.262921929359436 97 116 123
-14.19902229309082 -2.9892027378082275 1.61630380153656 90 109 81
-9.902584075927734 -2.46466064453125 1.034575343132019 70 89 67
-9.575757026672363 -2.7578189373016357 0.9161785244941711 77 95 73
-11.373093605041504 -2.39138126373291 0.8658915758132935 116 125 132
-18.267593383789062 -4.540539264678955 1.2212153673171997 101 116 95
-17.234813690185547 -4.9541826248168945 0.9894091486930847 94 107 90
-11.153882026672363 -2.34061336517334 0.43184569478034973 68 80 60
-11.58396053314209 -2.874338150024414 0.3371339738368988 77 88 71
-19.596643447875977 -5.623098850250244 0.38113608956336975 76 92 79
-12.4172945022583 -2.597140312194824 0.01682734303176403 42 53 39
-16.188753128051758 -4.007632732391357 -0.13739106059074402 43 45 34
-11.565252304077148 -3.311784505844116 -0.21460659801959991 94 106 84
-16.727676391601562 -3.492584466934204 -0.6021150350570679 60 68 55
-13.342839241027832 -3.297424077987671 -0.6149886250495911 64 74 63
-11.400985717773438 -3.258502960205078 -0.6444624662399292 64 75 58
-13.192408561706543 -2.746764898300171 -0.9673416018486023 61 80 48
-13.162094116210938 -3.2439825534820557 -1.1059284210205078 73 96 52
-8.474154472351074 -2.4187891483306885 -0.8018538951873779 55 83 24
-9.979668617248535 -2.0734856128692627 -1.109452247619629 62 95 16
-8.22959041595459 -2.023118495941162 -1.0049870014190674 58 87 21
-7.733387470245361 -2.2034103870391846 -1.031095266342163 67 98 31
-7.828240871429443 -1.6206386089324951 -1.167230486869812 60 96 26
-6.974481105804443 -1.7116005420684814 -1.1184191703796387 65 89 29
-6.630992889404297 -1.8864365816116333 -1.1416828632354736 40 67 26
-6.13540506362915 -1.2623648643493652 -1.1521317958831787 71 110 45
-5.794956207275391 -1.4188107252120972 -1.1555896997451782 65 94 48
-5.514064311981201 -1.5658756494522095 -1.168603539466858 67 105 22
-5.4703145027160645 -1.1222381591796875 -1.2434171438217163 64 90 45
-9.305450439453125 -1.9353034496307373 1.7701480388641357 82 139 169
-10.914690971374512 -2.693962574005127 1.9784661531448364 48 74 65
-9.283217430114746 -2.6557180881500244 1.6043646335601807 78 117 160
-11.534441947937012 -2.3963584899902344 1.749924659729004 124 161 190
-12.283446311950684 -3.023838996887207 1.752655029296875 52 65 82
-9.432501792907715 -2.6913022994995117 1.2636884450912476 117 142 136
-14.133193016052246 -2.930091619491577 1.6077795028686523 74 77 56
-9.948745727539062 -2.4437613487243652 1.0386099815368652 58 67 62
-17.409921646118164 -4.9562668800354 1.6642643213272095 39 49 41
-20.46788215637207 -4.238182067871094 1.5573269128799438 117 149 136
-15.912787437438965 -3.9034390449523926 1.0629875659942627 90 98 87
-10.542051315307617 -2.9953501224517822 0.6046634316444397 36 41 34
-11.214834213256836 -2.317505121231079 0.4339282512664795 84 103 83
-11.621850967407227 -2.8459181785583496 0.3379810154438019 86 95 76
-15.303594589233398 -4.340471267700195 0.2973800003528595 63 78 45
-16.783721923828125 -3.456690788269043 0.02273004688322544 45 55 47
-18.299190521240234 -4.470548629760742 -0.15518483519554138 61 63 58
-11.859162330627441 -3.3566150665283203 -0.21986831724643707 50 61 27
-11.740997314453125 -2.4138448238372803 -0.42235028743743896 67 79 59
-22.1470890045166 -5.401182174682617 -1.020019292831421 75 83 68
-11.361921310424805 -3.209665536880493 -0.6416946053504944 54 75 42
-9.960672378540039 -2.0420281887054443 -0.7299097180366516 57 72 41
-13.168110847473145 -3.2026445865631104 -1.1056032180786133 51 74 30
-8.342556953430176 -2.3535714149475098 -0.7887147068977356 72 76 59
-9.910014152526855 -2.027317762374878 -1.1010119915008545 75 114 49
-8.318753242492676 -2.0179941654205322 -1.015114665031433 58 96 13
-7.788802623748779 -2.1933863162994385 -1.0375816822052002 56 92 5
-7.800209999084473 -1.5898950099945068 -1.162318229675293 64 98 38
-6.992183685302734 -1.6932182312011719 -1.1204196214675903 58 92 41
-6.650995254516602 -1.8700897693634033 -1.144133448600769 47 68 35
-6.08912467956543 -1.2333828210830688 -1.1427251100540161 55 97 23
-5.839362621307373 -1.4107084274291992 -1.163576364517212 61 108 27
-5.482049942016602 -1.5386250019073486 -1.1608128547668457 54 84 34
-5.473731517791748 -1.1054502725601196 -1.2434171438217163 67 92 53
-15.923091888427734 -3.2606770992279053 3.027085065841675 147 179 202
-10.90950870513916 -2.657201051712036 1.9760396480560303 118 136 184
-9.325494766235352 -2.636888027191162 1.6102653741836548 87 152 206
-11.90902042388916 -2.4360904693603516 1.8056106567382812 117 158 190
-12.295553207397461 -2.9868412017822266 1.7530666589736938 90 126 148
-13.420324325561523 -3.784630537033081 1.796379804611206 104 142 145
-13.925938606262207 -2.8425910472869873 1.583202838897705 91 125 137
-17.928298950195312 -5.044429779052734 1.7123301029205322 83 95 85
-20.7592716217041 -4.232141494750977 1.5785024166107178 89 101 101
-15.92953872680664 -3.8557751178741455 1.0633113384246826 83 99 86
-11.21737003326416 -3.1500701904296875 0.6428405046463013 116 133 115
-21.87387466430664 -4.450227737426758 0.8458192944526672 47 59 47
-11.6373291015625 -2.8118929862976074 0.3381786644458771 36 51 8
-18.315704345703125 -5.134119510650635 0.3556036949157715 71 84 64
-12.135059356689453 -2.4604909420013428 0.01642410270869732 69 81 67
-12.286641120910645 -2.961749315261841 -0.10411833226680756 75 88 68
-10.089042663574219 -2.8221969604492188 -0.18688896298408508 68 79 65
-11.751286506652832 -2.3784072399139404 -0.42245593667030334 46 61 42
-13.014132499694824 -3.131587028503418 -0.5989411473274231 58 76 54
-14.729179382324219 -4.11214017868042 -0.8311529755592346 91 116 74
-9.771346092224121 -1.9719960689544678 -0.7155894041061401 50 71 38
-13.194350242614746 -3.1661837100982666 -1.1069854497909546 61 78 42
-8.545434951782227 -2.3825273513793945 -0.8072001934051514 54 67 37
-9.98343276977539 -2.010446310043335 -1.1084784269332886 57 80 34
-8.301726341247559 -1.9869155883789062 -1.0122883319854736 66 97 53
-7.832762718200684 -2.179851770401001 -1.0425419807434082 53 78 20
-7.858410835266113 -1.576662540435791 -1.170264482498169 81 125 50
-6.285213947296143 -1.501620888710022 -1.0063927173614502 44 89 4
-6.622481346130371 -1.84016752243042 -1.1382519006729126 57 85 36
-6.076482772827148 -1.211426854133606 -1.1396498680114746 78 119 43
-5.836022853851318 -1.3909658193588257 -1.1620550155639648 53 85 22
-5.585885524749756 -1.5492967367172241 -1.1817878484725952 36 71 15
-5.50773286819458 -1.0947412252426147 -1.2503721714019775 47 76 22
-10.8465576171875 -2.1864709854125977 2.0607173442840576 106 148 173
-10.914735794067383 -2.62302827835083 1.9755196571350098 129 175 198
-12.201818466186523 -3.4098076820373535 2.105113983154297 86 115 85
-14.36585807800293 -2.8927676677703857 2.176753282546997 73 94 75
-9.325302124023438 -2.2350308895111084 1.3285924196243286 88 122 132
-9.667622566223145 -2.694350004196167 1.292948842048645 67 96 74
-11.594135284423828 -2.329589366912842 1.3172876834869385 59 65 61
-12.495806694030762 -2.9882309436798096 1.3025743961334229 89 108 88
-13.286754608154297 -3.694500207901001 1.267928123474121 83 98 91
-12.023310661315918 -2.412766456604004 0.9136664867401123 93 122 117
-16.22665023803711 -3.8750312328338623 1.0823452472686768 87 105 93
-11.558913230895996 -3.207756519317627 0.6618464589118958 61 70 65
-11.567863464355469 -2.316539764404297 0.44702938199043274 92 106 89
-11.648818016052246 -2.776872158050537 0.3382633924484253 29 31 17
-10.51319694519043 -2.9122209548950195 0.2039417326450348 65 76 62
-12.179816246032715 -2.4306864738464355 0.016474507749080658 78 91 71
-12.199358940124512 -2.901136636734009 -0.10330278426408768 50 64 47
-10.098616600036621 -2.791497230529785 -0.18690678477287292 63 71 60
-16.16809844970703 -3.2207467555999756 -0.5808812975883484 67 77 69
-8.865509986877441 -2.1045525074005127 -0.4077126979827881 79 84 78
-14.889961242675781 -4.107827663421631 -0.8395106792449951 38 60 39
-14.931151390075684 -2.9656732082366943 -1.0927882194519043 66 82 53
-13.22533893585205 -3.1307404041290283 -1.1087744235992432 77 96 50
-11.3514404296875 -3.1273603439331055 -1.0713435411453247 38 49 32
-9.951522827148438 -1.9722708463668823 -1.1042582988739014 54 78 30
-8.305850982666016 -1.9609805345535278 -1.0120528936386108 58 94 4
-7.887232303619385 -2.1689610481262207 -1.0489013195037842 46 73 20
-7.910778522491455 -1.5619378089904785 -1.1773438453674316 66 98 48
-6.284982681274414 -1.481197714805603 -1.0056232213974 62 108 9
-6.914453506469727 -1.8984650373458862 -1.187428593635559 54 93 26
-6.082101345062256 -1.1931575536727905 -1.1400116682052612 72 111 46
-5.794389724731445 -1.3622697591781616 -1.1529275178909302 76 115 60
-5.56793212890625 -1.525936484336853 -1.176993489265442 54 76 37
-5.527350902557373 -1.0810235738754272 -1.254067063331604 69 97 38
-10.89468002319336 -2.161410331726074 2.0685904026031494 91 133 147
-10.932315826416016 -2.591801881790161 1.9772529602050781 128 143 166
-9.399502754211426 -2.5956356525421143 1.6202640533447266 49 57 68
-11.470623970031738 -2.2731757164001465 1.7369948625564575 109 139 149
-9.492132186889648 -2.244243860244751 1.3513736724853516 80 102 89
-13.49588394165039 -3.7166969776153564 1.8034073114395142 75 95 93
-11.602203369140625 -2.294200897216797 1.3173984289169312 51 60 55
-10.047313690185547 -2.3701376914978027 1.046578288078308 89 114 95
-13.27306079864502 -3.646860122680664 1.2655476331710815 85 97 95
-11.522897720336914 -2.2755935192108154 0.8751048445701599 65 89 73
-11.701445579528809 -2.7564632892608643 0.7799386382102966 71 85 68
-11.587958335876465 -3.1775600910186768 0.6629481911659241 38 52 27
-11.421969413757324 -2.2508983612060547 0.44112250208854675 96 105 88
-12.768519401550293 -3.002419948577881 0.3705085217952728 33 37 23
-10.520153045654297 -2.879425287246704 0.20390436053276062 65 71 61
-12.174459457397461 -2.3908026218414307 0.016457263380289078 58 75 57
-12.379545211791992 -2.903887987136841 -0.10475264489650726 63 74 60
-9.900727272033691 -2.704127788543701 -0.18308982253074646 78 92 69
-12.164810180664062 -2.384498119354248 -0.43678781390190125 64 81 62
-15.28391170501709 -3.578697443008423 -0.70237797498703 56 64 53
-11.555719375610352 -3.1498615741729736 -0.6509749293327332 54 68 51
-14.92745304107666 -2.9173638820648193 -1.0918573141098022 52 70 30
-9.57772159576416 -2.236257553100586 -0.8023896217346191 56 72 43
-11.381160736083984 -3.098012685775757 -1.0732464790344238 57 69 45
-9.942890167236328 -1.9388766288757324 -1.102635145187378 58 97 16
-8.341809272766113 -1.9424707889556885 -1.0157034397125244 57 89 13
-7.868005275726318 -2.1377313137054443 -1.0454672574996948 51 91 3
-7.865023136138916 -1.527848482131958 -1.1698310375213623 55 92 25
-6.807285785675049 -1.5822618007659912 -1.0884121656417847 58 97 18
-6.91072416305542 -1.8746600151062012 -1.1857948303222656 52 87 29
-6.0818705558776855 -1.1737468242645264 -1.139288067817688 47 88 9
-5.769850730895996 -1.3378338813781738 -1.1472227573394775 45 85 23
-5.547051429748535 -1.5019328594207764 -1.1715999841690063 31 59 11
-5.534475326538086 -1.064798355102539 -1.2549363374710083 66 92 53
-10.903189659118652 -2.128352403640747 2.0689566135406494 93 149 206
-10.948845863342285 -2.5602681636810303 1.97881281375885 132 169 187
-9.450247764587402 -2.5784711837768555 1.6276400089263916 99 143 180
-16.53380012512207 -3.2238783836364746 2.5022010803222656 88 107 103
-9.50861930847168 -2.2173614501953125 1.3527460098266602 37 49 39
-13.462244033813477 -3.6630358695983887 1.797402024269104 78 111 118
-12.175012588500977 -2.368677854537964 1.3816076517105103 52 55 60
-12.85597038269043 -2.991086721420288 1.3381798267364502 97 124 119
-13.263044357299805 -3.6003825664520264 1.2635334730148315 114 138 116
-11.463257789611816 -2.227297306060791 0.8700524568557739 95 110 89
-13.735523223876953 -3.191176176071167 0.9148594737052917 87 94 86
-17.158435821533203 -4.648500919342041 0.9808151721954346 28 43 24
-11.487682342529297 -2.22725772857666 0.44339439272880554 89 116 107
-12.26839542388916 -2.845127820968628 0.3557412922382355 30 36 26
-15.493724822998047 -4.189667224884033 0.3000528812408447 69 83 68
-12.187627792358398 -2.354578971862793 0.01646522246301174 60 68 53
-12.243234634399414 -2.832313299179077 -0.10352519899606705 70 84 67
-11.903321266174316 -3.211874008178711 -0.21993966400623322 39 42 33
-12.243703842163086 -2.3609793186187744 -0.4393583834171295 59 67 54
-15.300660133361816 -3.5331389904022217 -0.7026461958885193 62 72 48
-14.060624122619629 -3.7863454818725586 -0.7914270162582397 72 83 67
-13.014562606811523 -2.502087354660034 -0.9513744115829468 50 69 39
-9.174659729003906 -2.112487554550171 -0.7680758833885193 50 70 42
-8.177504539489746 -2.19903564453125 -0.7705010771751404 53 68 45
-9.964412689208984 -1.9113595485687256 -1.104366421699524 63 84 45
-8.369990348815918 -1.9219812154769897 -1.0184119939804077 52 85 6
-7.9846930503845215 -2.1431519985198975 -1.0600935220718384 50 93 3
-7.6082258224487305 -1.453755259513855 -1.1309667825698853 63 105 23
-6.918050765991211 -1.585652470588684 -1.1053392887115479 91 140 61
-6.882136821746826 -1.8442561626434326 -1.1799131631851196 74 105 48
-6.098004341125488 -1.1574666500091553 -1.1416397094726562 51 83 36
-5.726074695587158 -1.3091850280761719 -1.1377148628234863 74 100 65
-5.545007228851318 -1.483135461807251 -1.1702016592025757 49 91 15
-5.507025718688965 -1.0420067310333252 -1.247981309890747 85 106 65
-14.293595314025879 -2.7446789741516113 2.7106993198394775 78 97 129
-9.400050163269043 -2.1677048206329346 1.6976850032806396 131 169 192
-9.424777030944824 -2.540480136871338 1.6219031810760498 56 89 82
-11.024866104125977 -2.1146183013916016 1.6674975156784058 56 58 71
-9.61577320098877 -2.211266279220581 1.367018699645996 51 61 53
-13.4408540725708 -3.6129634380340576 1.7930576801300049 45 70 49
-12.808904647827148 -2.451242446899414 1.4526808261871338 55 71 60
-14.291523933410645 -3.278898000717163 1.4865527153015137 103 120 102
-19.82399559020996 -5.316169738769531 1.8870145082473755 79 99 87
-11.501380920410156 -2.198108434677124 0.8724300265312195 95 108 101
-13.767621040344238 -3.154146671295166 0.9163485169410706 77 93 80
-15.71423625946045 -4.20553731918335 0.8975197672843933 67 79 69
-11.500350952148438 -2.193126678466797 0.44362157583236694 41 59 43
-12.242959976196289 -2.7996761798858643 0.3547530174255371 31 33 30
-11.50068187713623 -3.0720739364624023 0.22253966331481934 85 101 75
-12.2203369140625 -2.3220300674438477 0.016499709337949753 63 75 65
-18.548898696899414 -4.231136322021484 -0.15673354268074036 64 78 61
-11.830999374389648 -3.153451919555664 -0.21842357516288757 35 48 31
-12.268563270568848 -2.3267569541931152 -0.4399922490119934 87 94 86
-15.3922758102417 -3.5045883655548096 -0.7063563466072083 48 66 40
-13.329146385192871 -3.5455451011657715 -0.7496386766433716 56 69 51
-9.844793319702148 -1.8613886833190918 -0.7192410230636597 61 84 38
-13.224434852600098 -3.002265214920044 -1.1063350439071655 72 92 57
-12.21616268157959 -3.2449264526367188 -1.1500881910324097 55 75 40
-9.985859870910645 -1.8837286233901978 -1.1060978174209595 72 97 58
-8.38650131225586 -1.898705244064331 -1.019707441329956 54 92 5
-7.574172496795654 -2.0080742835998535 -1.0047677755355835 37 74 5
-7.604869842529297 -1.4289448261260986 -1.1298109292984009 78 115 63
-7.338274955749512 -1.6582902669906616 -1.1716625690460205 50 82 17
-6.838169574737549 -1.8100064992904663 -1.1714175939559937 47 84 30
-6.168236255645752 -1.1512030363082886 -1.1541216373443604 68 95 50
-5.838286876678467 -1.3160059452056885 -1.1592026948928833 59 88 30
-5.545741558074951 -1.4651155471801758 -1.1694025993347168 57 101 24
-5.531308650970459 -1.0290342569351196 -1.2527629137039185 85 123 14
-16.28712272644043 -3.0756990909576416 3.086956739425659 118 165 175
-9.405696868896484 -2.1386375427246094 1.6975117921829224 107 135 172
-14.840381622314453 -3.951476573944092 2.551772356033325 116 128 170
-11.108089447021484 -2.095268726348877 1.6791048049926758 73 91 105
-9.697861671447754 -2.1988394260406494 1.377723217010498 61 79 63
-9.574383735656738 -2.542168140411377 1.2762104272842407 86 99 81
-12.862269401550293 -2.4205727577209473 1.4578839540481567 60 64 91
-20.349918365478516 -4.603199481964111 2.115246057510376 82 102 90
-26.124088287353516 -6.919814109802246 2.48467755317688 89 103 103
-13.230066299438477 -2.4864420890808105 1.0029749870300293 79 92 85
-11.590046882629395 -2.617868661880493 0.7708747982978821 101 117 114
-15.422021865844727 -4.076671600341797 0.8801113963127136 93 109 96
-12.129715919494629 -2.2746028900146484 0.46762770414352417 94 109 114
-11.96382999420166 -2.697248935699463 0.34642350673675537 53 53 53
-11.51198673248291 -3.0372860431671143 0.2225770652294159 55 71 60
-12.248046875 -2.2883846759796143 0.01652756705880165 38 49 35
-11.976483345031738 -2.6932930946350098 -0.101127989590168 50 64 39
-12.02916431427002 -3.166776180267334 -0.22190165519714355 48 48 38
-11.924911499023438 -2.223703622817993 -0.42742103338241577 54 68 53
-15.748015403747559 -3.5348012447357178 -0.7221802473068237 49 57 46
-9.758944511413574 -2.5638411045074463 -0.5484036207199097 73 92 60
-9.791620254516602 -1.820238709449768 -0.7149449586868286 64 80 44
-13.272488594055176 -2.970386028289795 -1.109587550163269 77 90 60
-11.756938934326172 -3.0843615531921387 -1.1059585809707642 55 72 38
-10.124526977539062 -1.8777382373809814 -1.1208140850067139 58 74 47
-8.683046340942383 -1.9378578662872314 -1.055036187171936 48 80 7
-7.5764594078063965 -1.9838224649429321 -1.0042591094970703 41 90 0
-7.728902816772461 -1.4277153015136719 -1.1475815773010254 68 102 41
-6.881356239318848 -1.5328619480133057 -1.0979528427124023 60 99 20
-6.8274641036987305 -1.784777045249939 -1.16864013671875 43 83 33
-6.189151287078857 -1.1354682445526123 -1.1573777198791504 42 77 21
-5.822171211242676 -1.2936164140701294 -1.1552094221115112 68 113 44
-5.607097148895264 -1.4629367589950562 -1.1813883781433105 56 95 14
-5.5257978439331055 -1.010479211807251 -1.2508068084716797 63 108 43
-16.644451141357422 -3.090322494506836 3.1528704166412354 129 167 176
-16.100902557373047 -3.6090571880340576 2.9038302898406982 113 141 144
-15.24454402923584 -4.0090460777282715 2.619140148162842 121 175 149
-11.675634384155273 -2.1652486324310303 1.7638827562332153 115 148 157
-11.91343879699707 -2.662785053253174 1.691309928894043 60 74 77
-14.656219482421875 -3.8433895111083984 1.9520089626312256 78 102 80
-12.86181640625 -2.3796539306640625 1.4569982290267944 56 90 73
-9.925128936767578 -2.213101863861084 1.0309442281723022 63 79 66
-9.981589317321777 -2.611203193664551 0.948588490486145 101 128 113
-11.47542667388916 -2.120248317718506 0.869458019733429 128 146 148
-12.01102066040039 -2.674252510070801 0.7983251214027405 82 102 90
-11.606758117675781 -3.0300745964050293 0.6618464589118958 80 92 82
-12.277167320251465 -2.2632851600646973 0.473042368888855 73 107 91
-12.482390403747559 -2.773944139480591 0.3611907660961151 74 88 71
-15.07205581665039 -3.9271440505981445 0.2911744713783264 63 76 67
-12.26681137084961 -2.252964973449707 0.01654348336160183 38 37 17
-11.988594055175781 -2.657402753829956 -0.1011609360575676 97 121 87
-12.066884994506836 -3.1371517181396484 -0.2224189043045044 96 105 88
-11.652234077453613 -3.485677719116211 -0.3337789475917816 68 74 60
-11.932661056518555 -2.187288284301758 -0.427456259727478 50 64 38
-15.741228103637695 -3.482586145401001 -0.7213756442070007 52 61 42
-14.356805801391602 -3.724729299545288 -0.8061343431472778 70 80 56
-12.133365631103516 -2.217074394226074 -0.8854290843009949 63 78 55
-13.401254653930664 -2.956059455871582 -1.1195889711380005 80 102 56
-11.909027099609375 -3.0852410793304443 -1.119369626045227 68 82 57
-10.192832946777344 -1.8580780029296875 -1.1277393102645874 52 79 38
-8.542502403259277 -1.8789969682693481 -1.0372540950775146 52 87 5
-7.744800090789795 -2.0025315284729004 -1.0257534980773926 88 127 62
-7.738114833831787 -1.4048805236816406 -1.1483039855957031 70 106 42
-7.137918949127197 -1.5670430660247803 -1.1381162405014038 52 79 10
-6.517674922943115 -1.682449221611023 -1.1147255897521973 31 67 19
-6.236161231994629 -1.124327540397644 -1.1655181646347046 67 113 40
-5.840497970581055 -1.2788981199264526 -1.1580617427825928 51 82 41
-5.57265567779541 -1.4357045888900757 -1.1731981039047241 59 91 52
-5.528872013092041 -0.9935215711593628 -1.2508068084716797 81 118 51
-15.841470718383789 -2.8909878730773926 2.9990718364715576 110 124 169
-16.537919998168945 -3.6537652015686035 2.980611562728882 130 154 178
-9.509821891784668 -2.4697468280792236 1.6325572729110718 57 62 65
-16.406686782836914 -2.990586280822754 2.4772231578826904 109 135 150
-11.50365924835205 -2.5341639518737793 1.632023572921753 94 114 138
-10.090030670166016 -2.612912178039551 1.3427808284759521 96 101 105
-12.866124153137207 -2.3396499156951904 1.4566662311553955 53 62 43
-12.385445594787598 -2.721842050552368 1.2856290340423584 55 69 54
-13.381431579589844 -3.456780433654785 1.270674705505371 131 153 150
-17.47348976135254 -5.195254325866699 1.4990555047988892 72 78 78
-11.468140602111816 -2.082537889480591 0.8684178590774536 100 131 115
-16.511613845825195 -3.6231770515441895 1.0967178344726562 95 106 100
-18.167522430419922 -4.683347702026367 1.0351334810256958 81 99 85
-10.941510200500488 -3.246917963027954 0.5210608839988708 64 66 61
-12.594768524169922 -2.2819037437438965 0.4850075840950012 75 73 87
-12.028000831604004 -2.634268283843994 0.34780704975128174 77 93 83
-15.178925514221191 -3.905299425125122 0.29300621151924133 78 97 69
-14.327396392822266 -4.242710113525391 0.1356165111064911 58 68 59
-11.799331665039062 -2.1297059059143066 0.015904134139418602 39 47 36
-12.000597953796387 -2.6214632987976074 -0.10119388997554779 66 83 65
-12.081295013427734 -3.1013593673706055 -0.22250808775424957 99 126 91
-14.963214874267578 -4.426163673400879 -0.42823123931884766 69 98 70
-11.758341789245605 -2.118069648742676 -0.4209769666194916 52 67 44
-14.858733177185059 -3.239557981491089 -0.6804747581481934 58 70 50
-15.031728744506836 -3.850649356842041 -0.843363881111145 68 77 58
-9.359530448913574 -2.763603687286377 -0.6249298453330994 63 76 56
-9.957717895507812 -1.7879760265350342 -0.7262580990791321 56 78 29
-13.403443336486816 -2.913449287414551 -1.1190197467803955 70 87 51
-8.474023818969727 -2.1676228046417236 -0.7958732843399048 62 81 36
-8.15908432006836 -2.407443046569824 -0.8579441905021667 79 103 67
-10.220992088317871 -1.8308296203613281 -1.1302281618118286 53 82 18
-8.585105895996094 -1.8607734441757202 -1.0417290925979614 55 86 16
-7.7509074211120605 -1.9787613153457642 -1.0257534980773926 74 119 54
-7.627628803253174 -2.2462894916534424 -1.0982716083526611 61 106 13
-7.713164329528809 -1.3759205341339111 -1.1439696550369263 55 89 28
-7.16007661819458 -1.5488972663879395 -1.1408860683441162 53 92 9
-6.521850109100342 -1.6622017621994019 -1.1145621538162231 68 104 56
-6.337607383728027 -1.8659054040908813 -1.162064790725708 51 85 34
-6.233770847320557 -1.1041607856750488 -1.1644327640533447 58 87 43
-5.847273349761963 -1.2615948915481567 -1.1586322784423828 83 118 64
-5.637808799743652 -1.4340602159500122 -1.1859828233718872 70 101 67
-5.524204254150391 -0.9751970767974854 -1.249068021774292 102 128 89
-16.207427978515625 -3.5286331176757812 2.9190824031829834 139 179 204
-12.352494239807129 -3.167581796646118 2.118882417678833 47 60 53
-16.416757583618164 -2.9404115676879883 2.477370023727417 111 143 142
-11.514284133911133 -2.4994897842407227 1.6324353218078613 62 69 61
-14.834229469299316 -3.7929441928863525 1.9725806713104248 89 106 90
-9.41423225402832 -2.7746150493621826 1.1692771911621094 88 119 104
-12.877154350280762 -2.300865411758423 1.457108974456787 66 81 60
-12.906173706054688 -2.794797897338867 1.3387850522994995 111 128 112
-9.961721420288086 -2.540802240371704 0.94520103931427 112 130 114
-9.808415412902832 -2.8835361003875732 0.8407036662101746 55 69 56
-17.998079299926758 -3.211324453353882 1.3621408939361572 93 126 105
-25.95636558532715 -5.612246513366699 1.722895860671997 78 89 73
-16.342336654663086 -4.159411430358887 0.9304081797599792 96 110 85
-11.058777809143066 -3.244835376739502 0.526168942451477 34 47 37
-13.085747718811035 -2.3294169902801514 0.5036369562149048 77 96 110
-11.70576286315918 -2.5260841846466064 0.3382633924484253 54 68 51
-11.571432113647461 -2.9393270015716553 0.22319388389587402 42 52 41
-14.277966499328613 -4.1804704666137695 0.13502658903598785 52 71 43
-11.747715950012207 -2.0831944942474365 0.015825873240828514 29 36 28
-18.62777328491211 -4.00929594039917 -0.15697243809700012 73 82 63
-11.931804656982422 -3.023996114730835 -0.2195829451084137 62 78 51
-11.36446475982666 -3.323760509490967 -0.32494547963142395 39 48 31
-18.017684936523438 -3.1885464191436768 -0.6447232961654663 55 71 42
-16.078758239746094 -3.4539129734039307 -0.7358585596084595 65 74 55
-15.053152084350586 -3.806962728500366 -0.843906581401825 67 76 57
-11.206304550170898 -3.271559476852417 -0.7475640773773193 60 74 49
-12.034762382507324 -2.1228315830230713 -0.8772664666175842 54 85 15
-13.397699356079102 -2.8691835403442383 -1.1178001165390015 64 90 45
-11.96635627746582 -3.021864175796509 -1.1229941844940186 61 82 39
-8.387068748474121 -2.4467666149139404 -0.8811237215995789 53 80 35
-10.263766288757324 -1.8060100078582764 -1.1343400478363037 41 65 39
-8.907368659973145 -1.9020297527313232 -1.0801197290420532 50 83 12
-7.893517971038818 -1.989393711090088 -1.0438138246536255 60 104 7
-7.597391128540039 -2.2120776176452637 -1.0929354429244995 48 78 14
-7.859649181365967 -1.377184510231018 -1.1650632619857788 51 82 15
-7.1744585037231445 -1.5289826393127441 -1.1424249410629272 57 90 37
-6.66756010055542 -1.6775708198547363 -1.1385786533355713 32 66 31
-6.462451934814453 -1.8811360597610474 -1.1838924884796143 80 109 53
-6.32820987701416 -1.1008753776550293 -1.1814370155334473 67 97 43
-5.842473030090332 -1.2418127059936523 -1.1569207906723022 59 99 37
-5.542396068572998 -1.3917005062103271 -1.1650078296661377 67 102 44
-5.354422569274902 -1.5579948425292969 -1.194578766822815 40 72 9
-5.595454216003418 -0.9700829386711121 -1.2644994258880615 64 85 46
-10.757530212402344 -1.895064353942871 2.0343520641326904 62 77 82
-14.193070411682129 -3.0444958209991455 2.5545871257781982 138 169 189
-15.695832252502441 -3.973641872406006 2.690277338027954 133 149 139
-9.208758354187012 -2.689831018447876 1.499224066734314 97 146 186
-16.425701141357422 -2.8900318145751953 2.477370023727417 72 101 107
-13.396204948425293 -2.865004777908325 1.89798903465271 112 138 151
-14.890031814575195 -3.7585816383361816 1.9784584045410156 122 151 159
-9.416027069091797 -2.7437751293182373 1.1684490442276 71 86 79
-11.166200637817383 -1.959823489189148 1.2628204822540283 35 72 41
-13.302915573120117 -2.838012933731079 1.3790303468704224 136 164 175
-9.976229667663574 -2.511930227279663 0.945841908454895 84 109 80
-9.841141700744629 -2.860384941101074 0.8427526354789734 61 78 62
-11.287196159362793 -1.9782170057296753 0.8537806868553162 93 99 99
-20.675704956054688 -4.404115676879883 1.3714799880981445 75 86 72
-15.954110145568848 -4.008523941040039 0.9076011180877686 67 83 54
-11.089788436889648 -3.217015027999878 0.527172327041626 61 70 49
-12.930414199829102 -2.2608611583709717 0.4973892867565155 62 81 49
-11.320402145385742 -2.406599998474121 0.32691267132759094 59 72 55
-11.615307807922363 -2.912566900253296 0.2238667607307434 67 81 55
-11.656959533691406 -3.3742668628692627 0.1101413369178772 42 54 32
-11.525492668151855 -2.007336139678955 0.015518137253820896 33 36 29
-11.990045547485352 -2.542179584503174 -0.10097146779298782 63 74 60
-11.945876121520996 -2.98858904838562 -0.21967212855815887 57 76 56
-11.383251190185547 -3.2913780212402344 -0.3251923620700836 39 48 31
-17.5606746673584 -3.052137613296509 -0.6280321478843689 34 37 30
-15.344532012939453 -3.246975898742676 -0.7017968893051147 93 102 83
-17.17188835144043 -4.286785125732422 -0.9619449377059937 54 65 51
-9.582457542419434 -2.7656192779541016 -0.638669490814209 60 75 56
-12.190603256225586 -2.1117775440216064 -0.8881499171257019 56 70 45
-13.304039001464844 -2.8064656257629395 -1.109262228012085 85 103 61
-8.357678413391113 -2.0833094120025635 -0.7837308645248413 58 71 45
-9.0216646194458 -2.601890802383423 -0.9469496607780457 44 73 19
-10.130154609680176 -1.7504756450653076 -1.1189745664596558 57 79 41
-9.112377166748047 -1.9165939092636108 -1.104261040687561 43 83 0
-8.134444236755371 -2.023592948913574 -1.0748471021652222 48 94 6
-7.1253132820129395 -2.050933599472046 -1.0241138935089111 48 86 1
-7.976958274841309 -1.3725286722183228 -1.181822657585144 64 97 26
-7.182983875274658 -1.5077764987945557 -1.143040418624878 66 102 28
-6.524266242980957 -1.6202508211135864 -1.1132551431655884 35 66 32
-6.1918230056762695 -1.7817718982696533 -1.133307695388794 68 108 37
-6.324771404266357 -1.0802963972091675 -1.1801707744598389 73 108 52
-5.812623500823975 -1.216841697692871 -1.1502652168273926 73 109 47
-5.670278549194336 -1.405333161354065 -1.190976858139038 59 94 38
-5.340383052825928 -1.5361542701721191 -1.1903893947601318 55 89 52
-5.592630386352539 -0.9519290328025818 -1.2631953954696655 54 87 32
-13.329397201538086 -2.305988073348999 2.51936674118042 67 104 110
-9.411377906799316 -1.9886125326156616 1.6928319931030273 85 111 98
-9.13689136505127 -2.283339738845825 1.5648620128631592 112 144 159
-9.251139640808105 -2.671434164047241 1.5047824382781982 97 160 195
-16.089445114135742 -2.7800064086914062 2.4253571033477783 101 123 146
-11.643776893615723 -2.4528863430023193 1.6486291885375977 98 123 117
-9.760457992553711 -2.4319329261779785 1.2958875894546509 78 101 95
-9.416767120361328 -2.712675094604492 1.1675026416778564 83 108 89
-11.179017066955566 -1.9267385005950928 1.2635953426361084 34 42 31
-12.914316177368164 -2.7137131690979004 1.3378772735595703 107 125 137
-16.163057327270508 -4.017030239105225 1.5312366485595703 70 88 76
-9.753124237060547 -2.8023810386657715 0.834475040435791 69 79 68
-11.29910945892334 -1.9445940256118774 0.8542265295982361 82 100 104
-11.299712181091309 -2.3707263469696045 0.7490569949150085 70 87 71
-15.669780731201172 -3.8860154151916504 0.8907436728477478 69 77 54
-11.108247756958008 -3.185455322265625 0.5275827646255493 72 93 74
-12.537431716918945 -2.15252947807312 0.48201626539230347 67 87 76
-11.747459411621094 -2.459742784500122 0.3390257656574249 71 82 65
-12.383153915405273 -3.0647571086883545 0.23848342895507812 73 89 63
-11.757625579833984 -3.364346504211426 0.11099444329738617 65 77 63
-14.040179252624512 -2.4009485244750977 0.018893951550126076 30 30 32
-17.714282989501953 -3.699103355407715 -0.1490805745124817 57 75 53
-12.039438247680664 -2.972777843475342 -0.2212238758802414 69 78 59
-15.28300952911377 -4.368199825286865 -0.43621429800987244 76 83 76
-12.062043190002441 -2.058342933654785 -0.43115365505218506 70 77 69
-15.691826820373535 -3.27020001411438 -0.7172185182571411 64 77 57
-9.48299503326416 -2.336449146270752 -0.5308199524879456 48 58 47
-14.926637649536133 -4.258452415466309 -0.9939829111099243 57 68 51
-11.97577953338623 -2.0367398262023926 -0.8720395565032959 58 74 45
-13.103754043579102 -2.722252130508423 -1.091861367225647 46 65 37
-9.205366134643555 -2.2646377086639404 -0.8625660538673401 72 95 49
-8.321550369262695 -2.372345209121704 -0.8726948499679565 49 77 2
-10.292296409606934 -1.745991587638855 -1.1362876892089844 47 72 30
-9.01805591583252 -1.8678830862045288 -1.0921313762664795 59 96 16
-8.180108070373535 -2.008323907852173 -1.0800617933273315 40 89 0
-7.596529960632324 -2.1613528728485107 -1.0908831357955933 85 109 83
-7.808434963226318 -1.3188799619674683 -1.156250238418579 71 106 16
-7.147902965545654 -1.4775316715240479 -1.1367312669754028 63 102 21
-6.723721981048584 -1.6479003429412842 -1.1464208364486694 67 89 53
-6.240836143493652 -1.7751621007919312 -1.141276478767395 45 87 3
-6.329025745391846 -1.0610498189926147 -1.1803516149520874 52 84 37
-5.872098445892334 -1.21049964427948 -1.1612944602966309 59 87 39
-5.704069137573242 -1.3951470851898193 -1.197169542312622 75 117 54
-5.330963134765625 -1.5157517194747925 -1.1872475147247314 46 76 26
-5.612854480743408 -0.9376615881919861 -1.267107605934143 61 92 50
-13.366454124450684 -2.270186185836792 2.5250425338745117 100 151 208
-10.745150566101074 -2.2360217571258545 1.9314959049224854 151 188 206
-9.160135269165039 -2.2593133449554443 1.5676484107971191 57 88 56
-9.310595512390137 -2.657683849334717 1.5131200551986694 58 123 101
-11.08236026763916 -1.8798630237579346 1.669701337814331 53 93 58
-11.2167387008667 -2.327009677886963 1.5871469974517822 84 100 99
-12.808415412902832 -3.1496636867523193 1.699271321296692 86 103 93
-9.603632926940918 -2.7346248626708984 1.1896247863769531 104 136 123
-12.859569549560547 -2.175783634185791 1.4527915716171265 61 71 70
-13.176862716674805 -2.726698398590088 1.3642030954360962 86 104 104
-15.991549491882324 -3.9223527908325195 1.5138413906097412 81 89 74
-17.42375946044922 -4.948578834533691 1.489466667175293 79 90 73
-13.514501571655273 -2.283198833465576 1.0211784839630127 96 112 109
-11.676337242126465 -2.4123685359954834 0.7735292315483093 71 83 71
-13.866056442260742 -3.3935794830322266 0.7876160144805908 91 116 74
-11.152566909790039 -3.161167621612549 0.5292245745658875 47 60 40
-11.428518295288086 -1.9260653257369995 0.4391535520553589 71 85 60
-11.827396392822266 -2.4386277198791504 0.34111517667770386 86 101 82
-18.301734924316406 -4.470027446746826 0.35220181941986084 76 86 77
-10.083052635192871 -2.851743459701538 0.09510308504104614 52 72 45
-11.505046844482422 -1.9311165809631348 0.015474364161491394 47 62 41
-12.341378211975098 -2.537642478942871 -0.103797048330307 50 64 47
-12.034902572631836 -2.932513475418091 -0.2209741771221161 74 82 69
-9.888124465942383 -2.7934443950653076 -0.28198519349098206 52 55 38
-12.537469863891602 -2.0999088287353516 -0.447915256023407 57 63 59
-16.12748146057129 -3.309396505355835 -0.7366632223129272 56 66 57
-9.129181861877441 -2.2195897102355957 -0.5106313228607178 54 61 54
-11.345437049865723 -3.1991565227508545 -0.7548492550849915 45 59 46
-12.260394096374512 -2.046462297439575 -0.8923028707504272 58 72 47
-13.148174285888672 -2.6894278526306152 -1.0948700904846191 65 82 48
-8.967423439025879 -2.1769461631774902 -0.8396404981613159 54 75 34
-11.093560218811035 -3.125833749771118 -1.1623890399932861 57 92 26
-10.289759635925293 -1.7131009101867676 -1.1354219913482666 66 92 45
-8.958553314208984 -1.8269128799438477 -1.0842413902282715 49 87 0
-8.178519248962402 -1.9813497066497803 -1.079044222831726 40 84 0
-7.605985641479492 -2.138841390609741 -1.0912935733795166 52 84 21
-7.760706424713135 -1.2863422632217407 -1.1485929489135742 54 93 10
-7.448684215545654 -1.5158919095993042 -1.1838194131851196 47 92 11
-6.732581615447998 -1.6281921863555908 -1.1470743417739868 45 74 16
-6.298399448394775 -1.7706671953201294 -1.1508044004440308 60 88 50
-6.324487686157227 -1.0403505563735962 -1.178904414176941 67 105 22
-5.918118953704834 -1.2010701894760132 -1.1696614027023315 61 107 35
-5.699749946594238 -1.3755717277526855 -1.1953716278076172 37 75 14
-5.40054178237915 -1.5176424980163574 -1.2017006874084473 60 96 32
-5.5954766273498535 -0.9171217679977417 -1.2625434398651123 46 79 22
-13.375295639038086 -2.2294909954071045 2.5254087448120117 97 147 196
-10.98834228515625 -2.2514796257019043 1.9739598035812378 142 159 179
-9.155521392822266 -2.228400230407715 1.5656814575195312 57 55 68
-9.325361251831055 -2.6309847831726074 1.5142008066177368 88 103 134
-11.067585945129395 -1.8424429893493652 1.6666158437728882 104 123 129
-11.398515701293945 -2.328268527984619 1.6118497848510742 116 157 185
-9.470624923706055 -2.2980923652648926 1.255510926246643 117 138 155
-12.167906761169434 -3.4244768619537354 1.505958914756775 83 100 82
-13.029915809631348 -2.1635069847106934 1.4712793827056885 42 58 57
-13.657005310058594 -2.782388925552368 1.4130219221115112 50 64 49
-13.99036693572998 -3.3860394954681396 1.3234096765518188 122 144 132
-13.231232643127441 -3.7140164375305176 1.1300899982452393 89 103 88
-13.52242660522461 -2.241889238357544 1.0212528705596924 123 142 136
-13.0214204788208 -2.6486387252807617 0.8620953559875488 110 122 120
-11.873122215270996 -2.8672494888305664 0.6739110350608826 102 121 93
-11.226662635803223 -3.144991636276245 0.5322802662849426 59 70 54
-11.441274642944336 -1.8921353816986084 0.43941858410835266 72 85 76
-11.369502067565918 -2.307875871658325 0.3277032673358917 77 91 74
-12.09360122680664 -2.9144625663757324 0.2325582504272461 70 87 69
-10.068642616271973 -2.814335346221924 0.09488527476787567 68 84 71
-11.525718688964844 -1.8982481956481934 0.015494261868298054 61 75 60
-12.083501815795898 -2.446002960205078 -0.10156459361314774 40 45 38
-12.103142738342285 -2.909834146499634 -0.22206218540668488 87 98 81
-9.939011573791504 -2.7749226093292236 -0.2831922769546509 63 88 46
-11.71844482421875 -1.9257882833480835 -0.4184415936470032 89 99 90
-9.842147827148438 -1.9881844520568848 -0.4492841064929962 75 84 67
-9.04273509979248 -2.16921067237854 -0.5054213404655457 77 85 70
-8.601957321166992 -2.397092819213867 -0.5718244910240173 59 62 53
-12.273504257202148 -2.0099666118621826 -0.8928040862083435 56 69 52
-9.588072776794434 -1.9305899143218994 -0.7979175448417664 60 84 24
-12.536177635192871 -3.002605676651001 -1.17292320728302 57 79 41
-8.550650596618652 -2.38102650642395 -0.8951719999313354 57 75 27
-10.300853729248047 -1.682485818862915 -1.1360713243484497 62 91 24
-8.927118301391602 -1.7919930219650269 -1.0797663927078247 54 89 9
-8.205782890319824 -1.9613219499588013 -1.0818424224853516 50 92 6
-7.613465785980225 -2.1157617568969727 -1.091430425643921 40 81 5
-7.814426898956299 -1.2706259489059448 -1.155961275100708 70 100 46
-7.413577556610107 -1.4850754737854004 -1.177510142326355 61 94 23
-6.576327800750732 -1.5690639019012451 -1.1196268796920776 45 71 36
-6.512568950653076 -1.809335708618164 -1.1889163255691528 43 72 41
-6.359691143035889 -1.0261120796203613 -1.1848740577697754 59 95 25
-5.913110733032227 -1.1811771392822266 -1.167949914932251 57 89 40
-5.670581340789795 -1.350135326385498 -1.1883800029754639 63 88 58
-5.419304847717285 -1.5049912929534912 -1.2048425674438477 61 92 48
-5.600191116333008 -0.9002605676651001 -1.2629780769348145 69 91 55
-10.750869750976562 -1.758150339126587 2.0288591384887695 91 143 190
-11.008713722229004 -2.2204833030700684 1.976386308670044 146 190 191
-9.143131256103516 -2.1956939697265625 1.5624033212661743 144 182 203
-12.034333229064941 -3.355447769165039 1.952388048171997 106 132 169
-11.066352844238281 -1.8073633909225464 1.665587306022644 136 177 197
-11.390066146850586 -2.290163040161133 1.6096538305282593 106 128 126
-9.49981689453125 -2.2743372917175293 1.2584497928619385 100 129 133
-9.649888038635254 -2.6838951110839844 1.1932920217514038 67 77 68
-11.407175064086914 -1.858121395111084 1.2873971462249756 105 153 193
-11.540884971618652 -2.31441068649292 1.193337321281433 73 84 67
-10.085725784301758 -2.4082820415496826 0.9533492922782898 63 84 53
-9.745851516723633 -2.703439474105835 0.8316885828971863 99 110 130
-13.512507438659668 -2.1976709365844727 1.0199897289276123 86 105 101
-17.69097900390625 -3.5419704914093018 1.170522928237915 85 110 88
-11.523454666137695 -2.745420217514038 0.6535829901695251 92 106 93
-11.31039047241211 -3.1310558319091797 0.5357919931411743 44 48 34
-11.448013305664062 -1.8571852445602417 0.4394564628601074 64 70 70
-11.236355781555176 -2.2449777126312256 0.3236655294895172 60 75 56
-11.711456298828125 -2.784379482269287 0.22504432499408722 73 89 63
-14.675837516784668 -4.053614139556885 0.13818490505218506 77 84 76
-20.8319034576416 -3.3653342723846436 0.02799074538052082 48 58 47
-16.32067108154297 -3.2516214847564697 -0.13709448277950287 74 84 73
-12.053642272949219 -2.858844041824341 -0.22099199891090393 56 64 49
-14.15754508972168 -3.905935525894165 -0.4030476212501526 60 81 62
-11.718378067016602 -1.8888734579086304 -0.4182303249835968 38 48 39
-11.758855819702148 -2.337848424911499 -0.5364499688148499 75 88 62
-15.125324249267578 -3.5792903900146484 -0.8447749018669128 44 58 32
-9.576226234436035 -2.6369566917419434 -0.6360493302345276 55 66 49
-11.792131423950195 -1.8940051794052124 -0.8573611378669739 68 84 57
-13.112611770629883 -2.598433256149292 -1.0905604362487793 64 86 37
-8.950566291809082 -2.1147830486297607 -0.8368313908576965 57 73 44
-8.575182914733887 -2.3595333099365234 -0.8969781398773193 50 73 31
-10.281427383422852 -1.6469444036483765 -1.1333661079406738 54 77 35
-7.8716535568237305 -1.5550158023834229 -0.951522707939148 53 87 13
-8.224311828613281 -1.9390966892242432 -1.0834957361221313 53 86 7
-7.633294582366943 -2.0960662364959717 -1.0933458805084229 58 97 6
-7.703960418701172 -1.2284157276153564 -1.1390573978424072 62 94 27
-7.45881462097168 -1.4703502655029297 -1.1839731931686401 67 103 41
-6.794302940368652 -1.5990558862686157 -1.1558966636657715 63 104 25
-6.4829487800598145 -1.7797000408172607 -1.1825065612792969 78 121 32
-6.446351528167725 -1.0198124647140503 -1.200431227684021 53 91 32
-5.895514011383057 -1.1588646173477173 -1.1637665033340454 76 120 45
-5.697589874267578 -1.3381085395812988 -1.193174123764038 80 110 72
-5.443698406219482 -1.493791937828064 -1.209241271018982 48 83 29
-5.628960132598877 -0.8871783018112183 -1.2688462734222412 61 87 50
-10.803776741027832 -1.7327873706817627 2.0378308296203613 79 98 140
-10.87057113647461 -2.1579337120056152 1.950387954711914 100 117 127
-9.44705867767334 -2.602846384048462 1.5313392877578735 105 136 164
-11.051335334777832 -1.7701184749603271 1.6625018119812012 142 183 201
-11.431049346923828 -2.2619378566741943 1.6144572496414185 44 60 93
-12.377403259277344 -2.923135757446289 1.6384507417678833 94 111 101
-12.239437103271484 -3.3636980056762695 1.5122288465499878 102 117 112
-11.514888763427734 -1.8394203186035156 1.2989104986190796 85 120 152
-13.979331016540527 -2.758831739425659 1.4445927143096924 56 61 54
-10.074650764465332 -2.372990369796753 0.9516097903251648 58 71 64
-17.008159637451172 -4.661810874938965 1.4502098560333252 83 120 87
-13.23162841796875 -2.1103415489196777 0.9982941746711731 94 106 94
-12.972807884216309 -2.555959463119507 0.8578224182128906 112 127 108
-16.177989959716797 -3.8019332885742188 0.916911244392395 80 90 92
-11.363303184509277 -3.108201742172241 0.5378443002700806 52 66 53
-12.726723670959473 -2.0245747566223145 0.4883017838001251 85 100 93
-11.28242301940918 -2.218208074569702 0.3247949779033661 49 60 43
-11.763747215270996 -2.7587084770202637 0.22588543593883514 52 61 42
-20.082691192626953 -5.480783462524414 0.18893559277057648 73 85 61
-22.3848934173584 -3.5457818508148193 0.030062660574913025 58 81 52
-17.720073699951172 -3.47394061088562 -0.14875929057598114 72 84 70
-12.20157527923584 -2.854419231414795 -0.22354260087013245 41 45 28
-15.013341903686523 -4.092517375946045 -0.4270516037940979 45 58 38
-11.697464942932129 -1.848700761795044 -0.41727954149246216 63 77 54
-17.160221099853516 -3.3570315837860107 -0.7823917269706726 62 80 58
-9.011144638061523 -2.1032445430755615 -0.502924919128418 60 72 52
-11.351289749145508 -3.0883126258850098 -0.7533155083656311 92 105 87
-11.744681358337402 -1.8494402170181274 -0.8534946441650391 64 83 38
-10.182785034179688 -1.9854027032852173 -0.8463796377182007 54 79 21
-9.127714157104492 -2.1270930767059326 -0.8527796864509583 66 86 37
-8.232903480529785 -2.2382047176361084 -0.8604528903961182 53 69 30
-10.40035343170166 -1.633284091949463 -1.1459181308746338 59 80 37
-9.33858871459961 -1.8150527477264404 -1.128166913986206 53 90 10
-8.099799156188965 -1.883527159690857 -1.0663257837295532 56 90 29
-7.634909152984619 -2.071341037750244 -1.0926618576049805 55 93 18
-7.846517086029053 -1.2264738082885742 -1.1595731973648071 75 111 67
-7.360469341278076 -1.427518367767334 -1.1676616668701172 54 95 17
-6.785722732543945 -1.5750808715820312 -1.1536093950271606 67 116 1
-6.005504608154297 -1.6288354396820068 -1.0945029258728027 53 81 40
-6.422236919403076 -0.9958109855651855 -1.1953660249710083 43 78 14
-5.962658882141113 -1.1530743837356567 -1.1763169765472412 64 103 24
-5.7016682624816895 -1.320622205734253 -1.193174123764038 52 94 28
-5.369924545288086 -1.4558473825454712 -1.1918556690216064 53 96 24
-5.551589012145996 -0.8575370907783508 -1.2508068084716797 70 94 44
-10.825551986694336 -1.7022298574447632 2.0409433841705322 94 146 196
-10.921605110168457 -2.133258104324341 1.9583607912063599 113 134 151
-9.45690631866455 -2.5743701457977295 1.53164803981781 20 57 23
-11.285372734069824 -1.7721108198165894 1.6968833208084106 141 183 199
-11.47877025604248 -2.2348077297210693 1.6202211380004883 105 153 173
-12.383415222167969 -2.8844735622406006 1.638067364692688 97 128 113
-12.277488708496094 -3.3336777687072754 1.5156594514846802 52 70 46
-11.57742691040039 -1.813002586364746 1.3053314685821533 85 112 81
-13.445682525634766 -2.6106839179992676 1.3886125087738037 60 77 59
-10.076064109802246 -2.3407187461853027 0.9510604739189148 70 79 74
-9.852683067321777 -2.668076276779175 0.8393924236297607 85 103 91
-11.835021018981934 -1.8503786325454712 0.8924910426139832 91 110 91
-11.484636306762695 -2.226173162460327 0.7589623928070068 97 116 88
-13.787014961242676 -3.195436477661133 0.7808399796485901 94 107 100
-15.740406036376953 -4.253608703613281 0.744398832321167 48 62 47
-11.515471458435059 -1.795682430267334 0.44161471724510193 76 91 86
-20.56842041015625 -3.978400707244873 0.5917632579803467 68 79 71
-11.76241397857666 -2.7203519344329834 0.22569851577281952 74 86 72
-10.375073432922363 -2.7972970008850098 0.09752626717090607 53 64 47
-22.175308227539062 -3.4428768157958984 0.029766863211989403 69 92 66
-17.518564224243164 -3.378657102584839 -0.1469799280166626 64 75 59
-12.189815521240234 -2.8122520446777344 -0.2231680452823639 69 83 58
-15.020035743713379 -4.0448784828186035 -0.42688700556755066 56 68 56
-11.749499320983887 -1.8199946880340576 -0.41893458366394043 73 87 52
-11.859308242797852 -2.282266855239868 -0.5403835773468018 76 84 63
-8.995173454284668 -2.070437431335449 -0.5016766786575317 50 57 41
-14.072710037231445 -3.7823896408081055 -0.9331449866294861 60 67 51
-12.34077262878418 -1.904525637626648 -0.8963841795921326 65 77 65
-12.48422622680664 -2.3943960666656494 -1.0370569229125977 62 89 36
-9.120609283447266 -2.095956802368164 -0.8515110611915588 71 88 52
-10.947551727294922 -2.9401724338531494 -1.1432232856750488 49 74 35
-10.419071197509766 -1.6034855842590332 -1.1474330425262451 61 83 37
-7.863490104675293 -1.5033304691314697 -0.9494030475616455 48 80 7
-8.313397407531738 -1.9063321352005005 -1.0936706066131592 66 103 34
-7.643141746520996 -2.0484204292297363 -1.0929354429244995 75 105 43
-7.645820140838623 -1.1710845232009888 -1.1293774843215942 40 79 14
-7.584167003631592 -1.4467743635177612 -1.2024391889572144 54 103 38
-6.561639785766602 -1.5018670558929443 -1.1147255897521973 35 70 14
-6.489941596984863 -1.7388684749603271 -1.1818137168884277 85 142 74
-6.466100215911865 -0.9823071360588074 -1.2029637098312378 68 101 54
-5.944950103759766 -1.1307400465011597 -1.172133445739746 110 148 75
-5.708559036254883 -1.303778052330017 -1.1937735080718994 44 83 20
-5.367753982543945 -1.437595009803772 -1.1903893947601318 54 89 31
-5.6323676109313965 -0.8523308634757996 -1.268411636352539 71 100 54
-10.765625 -1.6589778661727905 2.0286762714385986 86 146 200
-14.278388023376465 -2.7434706687927246 2.558746814727783 90 132 128
-9.428267478942871 -2.1725871562957764 1.6076428890228271 123 158 188
-12.203052520751953 -3.281749963760376 1.9747761487960815 129 163 165
-13.403434753417969 -2.062589168548584 2.014396905899048 131 157 182
-11.526432991027832 -2.2074058055877686 1.6259851455688477 78 105 112
-12.376740455627441 -2.8429157733917236 1.6360230445861816 92 119 104
-12.268477439880371 -3.2908501625061035 1.5132935047149658 47 58 50
-11.453264236450195 -1.7575762271881104 1.2907183170318604 52 64 54
-13.46535587310791 -2.5716605186462402 1.3898228406906128 75 89 74
-9.881040573120117 -2.643244743347168 0.8411134481430054 62 73 65
-13.236441612243652 -2.0279059410095215 0.9976997375488281 57 65 68
-13.170572280883789 -2.511073589324951 0.869864284992218 128 158 160
-11.744858741760254 -2.6841814517974854 0.6647111177444458 73 103 69
-15.542976379394531 -4.1491312980651855 0.7344564199447632 55 66 49
-14.408319473266602 -2.2015254497528076 0.5522929430007935 74 96 94
-11.45981502532959 -2.1801369190216064 0.329510360956192 65 76 68
-11.761931419372559 -2.6822519302368164 0.22553029656410217 61 67 57
-14.943465232849121 -3.9798755645751953 0.1403539776802063 52 61 40
-11.65195083618164 -1.772457480430603 0.015633538365364075 95 109 94
-17.542600631713867 -3.3275039196014404 -0.14709524810314178 78 92 79
-12.242257118225098 -2.784820556640625 -0.2239706665277481 69 77 64
-14.970548629760742 -3.9823319911956787 -0.42513129115104675 88 99 91
-12.180885314941406 -1.848567247390747 -0.4341115951538086 73 84 67
-11.919259071350098 -2.25590443611145 -0.5427974462509155 66 72 62
-15.291031837463379 -3.4702048301696777 -0.8522099852561951 74 89 60
-8.730073928833008 -2.3177289962768555 -0.578406810760498 81 89 76
-12.383047103881836 -1.8721725940704346 -0.8990334272384644 68 84 57
-12.402386665344238 -2.339272975921631 -1.0296576023101807 66 78 56
-9.577664375305176 -2.1700761318206787 -0.8935564756393433 73 87 51
-8.256097793579102 -2.190197467803955 -0.8614562749862671 61 70 51
-10.084800720214844 -1.5203838348388672 -1.110101580619812 58 82 34
-9.394442558288574 -1.7661579847335815 -1.133583903312683 60 100 12
-8.306631088256836 -1.8779746294021606 -1.0920172929763794 44 91 23
-7.725041389465332 -2.0449886322021484 -1.103744387626648 34 78 3
-7.849001884460449 -1.1775712966918945 -1.1588507890701294 67 101 24
-7.318589687347412 -1.372855544090271 -1.159659743309021 80 109 65
-6.456506729125977 -1.4569720029830933 -1.0961004495620728 53 90 36
-6.433359146118164 -1.7025712728500366 -1.1705533266067505 60 83 11
-6.512859344482422 -0.9689777493476868 -1.2111040353775024 49 77 28
-5.955146312713623 -1.1137592792510986 -1.1734645366668701 73 113 50
-5.721135139465332 -1.2881954908370972 -1.1955713033676147 63 100 46
-5.38915491104126 -1.425621509552002 -1.1941598653793335 50 84 34
-5.611782550811768 -0.8316128849983215 -1.2631953954696655 87 109 71
-11.284894943237305 -1.7035698890686035 2.125532627105713 62 122 156
-10.934488296508789 -2.066204309463501 1.9583607912063599 59 104 65
-16.26575469970703 -3.6956567764282227 2.7715775966644287 148 191 207
-12.216882705688477 -3.2453105449676514 1.9753937721252441 48 62 47
-13.49968433380127 -2.0350232124328613 2.02791428565979 119 153 180
-10.990952491760254 -2.069920778274536 1.549544095993042 64 82 104
-12.400880813598633 -2.808436155319214 1.638067364692688 91 118 101
-16.432785034179688 -4.353869915008545 2.0252957344055176 73 85 65
-12.114137649536133 -1.8209683895111084 1.3645589351654053 73 107 135
-13.479049682617188 -2.5314393043518066 1.3904281854629517 58 65 57
-10.096064567565918 -2.280165195465088 0.9516097903251648 127 147 146
-9.89295768737793 -2.613935947418213 0.84144127368927 97 121 107
-13.25049114227295 -1.988471508026123 0.9982941746711731 62 85 41
-11.450019836425781 -2.1466526985168457 0.755790114402771 132 158 159
-11.191003799438477 -2.521501302719116 0.6329243779182434 106 123 117
-15.24169921875 -4.0186543464660645 0.7196341753005981 56 71 52
-13.22116756439209 -1.9786443710327148 0.506552517414093 37 61 35
-11.420268058776855 -2.1363296508789062 0.32818323373794556 69 91 68
-11.786687850952148 -2.6498823165893555 0.22584804892539978 64 79 58
-14.988484382629395 -3.942659616470337 0.1406625360250473 56 64 53
-12.66520881652832 -1.8868540525436401 0.01698519103229046 38 50 30
-18.31751251220703 -3.416304588317871 -0.15350431203842163 61 76 55
-12.264402389526367 -2.750311851501465 -0.2242203801870346 58 70 58
-14.598871231079102 -3.8355424404144287 -0.4142403304576874 59 69 60
-12.565102577209473 -1.8674570322036743 -0.44759833812713623 71 85 68
-12.152015686035156 -2.261362075805664 -0.5530784726142883 77 79 66
-15.19929027557373 -3.400385856628418 -0.8465115427970886 57 76 48
-14.113030433654785 -3.700526237487793 -0.9342953562736511 71 83 59
-14.824841499328613 -2.194843292236328 -1.0758185386657715 66 82 43
-9.89879322052002 -1.8356268405914307 -0.82133549451828 49 71 32
-8.941826820373535 -1.997188687324524 -0.8336598873138428 58 80 33
-11.21658992767334 -2.9387598037719727 -1.1694130897521973 58 90 17
-10.436582565307617 -1.5406867265701294 -1.148298740386963 57 73 46
-9.375405311584473 -1.7328159809112549 -1.130639910697937 58 89 29
-8.335588455200195 -1.8576595783233643 -1.0950697660446167 30 66 5
-7.602855682373047 -1.9877036809921265 -1.0854103565216064 87 124 57
-7.829082012176514 -1.1500340700149536 -1.1553833484649658 67 104 50
-7.195473670959473 -1.3269217014312744 -1.1395010948181152 54 95 17
-6.598659038543701 -1.4677894115447998 -1.1194634437561035 46 83 16
-6.45856237411499 -1.6880559921264648 -1.1741912364959717 46 82 21
-6.495363712310791 -0.9460153579711914 -1.2073053121566772 59 89 39
-6.05798864364624 -1.1137685775756836 -1.193050742149353 62 102 13
-5.736539363861084 -1.273184895515442 -1.1979684829711914 50 90 19
-5.4332380294799805 -1.419461965560913 -1.2029573917388916 41 84 4
-5.651980876922607 -0.8198570609092712 -1.2716717720031738 78 114 68
-14.748004913330078 -3.8835911750793457 2.963344097137451 74 140 166
-12.697315216064453 -1.8769649267196655 2.3904690742492676 47 57 46
-11.33586597442627 -2.5390145778656006 1.9302204847335815 132 168 184
-9.592013359069824 -2.516557216644287 1.549712896347046 77 83 97
-13.486292839050293 -1.990708351135254 2.0249757766723633 92 119 112
-11.037184715270996 -2.0435853004455566 1.5551707744598389 80 91 85
-12.9679594039917 -2.895066022872925 1.7117931842803955 88 114 87
-10.030946731567383 -2.624793529510498 1.2352885007858276 86 102 115
-12.530670166015625 -1.844286322593689 1.4108339548110962 90 135 174
-13.48870849609375 -2.4904356002807617 1.3906298875808716 70 78 63
-16.627105712890625 -3.7016046047210693 1.5661187171936035 82 90 77
-17.677410125732422 -4.612785816192627 1.5023337602615356 89 108 86
-13.31770133972168 -1.9567983150482178 1.0029007196426392 56 58 53
-13.219098091125488 -2.4363627433776855 0.8720654845237732 72 97 102
-11.832262992858887 -2.627869129180908 0.6687326431274414 62 91 63
-11.5939359664917 -3.0188663005828857 0.5469657778739929 44 49 42
-13.30330753326416 -1.949228286743164 0.5094680786132812 52 63 55
-11.879687309265137 -2.632528066635132 0.22747421264648438 36 45 24
-14.985024452209473 -3.892634630203247 0.14051732420921326 46 59 42
-20.792016983032227 -3.032404899597168 0.02787136472761631 69 79 68
-12.306471824645996 -2.256169557571411 -0.10307212173938751 70 83 66
-12.255208969116211 -2.7087879180908203 -0.22389931976795197 62 76 51
-14.5883150100708 -3.7849619388580322 -0.4136093854904175 83 95 75
-12.574728012084961 -1.8294745683670044 -0.4477391839027405 73 96 70
-11.925997734069824 -2.1814684867858887 -0.5424845218658447 65 81 55
-14.843987464904785 -3.2731101512908936 -0.8261601328849792 72 88 59
-14.302078247070312 -3.7032384872436523 -0.9460539221763611 74 86 66
-14.77129077911377 -2.140624761581421 -1.0714508295059204 23 35 13
-9.90535831451416 -1.8054277896881104 -0.8214167356491089 49 69 32
-12.373405456542969 -2.723816394805908 -1.1528066396713257 59 94 10
-8.369558334350586 -2.1654160022735596 -0.8718920946121216 54 68 45
-10.595733642578125 -1.5309803485870361 -1.1652872562408447 50 70 35
-9.360158920288086 -1.7003172636032104 -1.128166913986206 57 93 23
-8.339310646057129 -1.8316521644592285 -1.0948153734207153 39 69 5
-7.326928615570068 -1.8915687799453735 -1.04518461227417 71 113 39
-7.822779178619385 -1.1246013641357422 -1.1539386510849 51 93 9
-7.249095916748047 -1.3138267993927002 -1.1473491191864014 80 116 68
-6.719736576080322 -1.4731003046035767 -1.1392322778701782 36 69 26
-6.256772994995117 -1.6148242950439453 -1.1365991830825806 129 159 147
-6.448578357696533 -0.9190066456794739 -1.1980794668197632 44 74 38
-6.090360641479492 -1.100414514541626 -1.1987555027008057 46 78 13
-5.7566914558410645 -1.2591387033462524 -1.2013643980026245 48 90 14
-5.410109519958496 -1.3957027196884155 -1.1968828439712524 42 87 20
-5.548164367675781 -0.7874257564544678 -1.247763991355896 60 91 57
-11.204649925231934 -1.6212027072906494 2.1085050106048584 39 41 38
-15.033541679382324 -2.7453410625457764 2.6894314289093018 97 128 122
-15.116774559020996 -3.3371939659118652 2.572261333465576 96 119 127
-12.400115013122559 -3.212660789489746 2.001796007156372 76 81 100
-13.522685050964355 -1.9537081718444824 2.0295305252075195 85 114 92
-12.794636726379395 -2.328409433364868 1.8017858266830444 95 142 168
-12.605794906616211 -2.773639678955078 1.662855625152588 79 93 70
-10.05048942565918 -2.596987724304199 1.2367080450057983 82 94 70
-13.161903381347656 -1.8959558010101318 1.4812428951263428 95 136 138
-13.708710670471191 -2.4875876903533936 1.4125176668167114 75 86 70
-12.312949180603027 -2.7015457153320312 1.158979058265686 47 57 56
-13.663198471069336 -1.9647589921951294 1.028459906578064 50 56 52
-13.165631294250488 -2.38476824760437 0.8680515289306641 101 121 120
-11.337943077087402 -2.4816083908081055 0.640361487865448 89 99 90
-11.611849784851074 -2.9855213165283203 0.5473762154579163 58 65 58
-13.319117546081543 -1.9098235368728638 0.5098467469215393 90 109 89
-12.641104698181152 -2.2845170497894287 0.3628566563129425 75 93 71
-11.998086929321289 -2.6201741695404053 0.22958633303642273 34 42 21
-15.022080421447754 -3.853102445602417 0.14075329899787903 84 92 79
-20.66559600830078 -2.9492461681365967 0.02768964320421219 81 93 83
-12.284795761108398 -2.213261365890503 -0.10283322632312775 54 65 51
-12.267369270324707 -2.672027826309204 -0.2239706665277481 93 107 81
-14.93200397491455 -3.8252766132354736 -0.4230189621448517 60 74 59
-12.334909439086914 -1.7559568881988525 -0.4390062689781189 56 66 57
-17.42011260986328 -3.1312341690063477 -0.791957676410675 51 60 41
-9.048201560974121 -1.9660453796386719 -0.5032505393028259 60 72 50
-14.84321117401123 -3.7948007583618164 -0.9810740351676941 64 77 59
-14.658293724060059 -2.0783543586730957 -1.0627869367599487 48 51 40
-12.19774341583252 -2.1846117973327637 -1.0109556913375854 62 84 19
-12.274645805358887 -2.6626193523406982 -1.142838954925537 58 82 30
-8.227706909179688 -2.101804733276367 -0.8564391136169434 65 87 49
-10.644676208496094 -1.5047274827957153 -1.1701565980911255 56 78 31
-9.382927894592285 -1.6747334003448486 -1.1302865743637085 62 96 20
-8.429231643676758 -1.824312448501587 -1.1058804988861084 52 82 30
-7.59859037399292 -1.9368563890457153 -1.0830843448638916 72 109 66
-7.811494827270508 -1.0985291004180908 -1.1517714262008667 52 98 36
-7.460295677185059 -1.3284780979156494 -1.1801261901855469 59 95 23
-6.567039966583252 -1.4185246229171753 -1.112601637840271 55 85 21
-6.234021186828613 -1.5885685682296753 -1.131575345993042 41 88 16
-6.587739944458008 -0.9182264804840088 -1.223405122756958 56 78 40
-6.0879082679748535 -1.0806947946548462 -1.1976145505905151 55 86 29
-5.662826061248779 -1.2204155921936035 -1.1809887886047363 74 120 11
-5.440897464752197 -1.3858561515808105 -1.2027479410171509 59 95 34
-5.553454875946045 -0.7708031535148621 -1.2484160661697388 51 76 34
-11.20957088470459 -1.5868196487426758 2.1085050106048584 81 91 118
-15.04189395904541 -2.6992058753967285 2.6894314289093018 116 149 164
-9.408913612365723 -2.046868324279785 1.5999391078948975 130 154 182
-12.388855934143066 -3.1692159175872803 1.9983993768692017 107 129 152
-13.514904022216797 -1.9102739095687866 2.0274734497070312 85 100 119
-14.377436637878418 -2.5709073543548584 2.0235610008239746 76 116 126
-13.395485877990723 -2.904337167739868 1.7658417224884033 41 60 32
-10.07284164428711 -2.5698230266571045 1.2384825944900513 79 92 75
-13.288704872131348 -1.8726245164871216 1.4948596954345703 75 112 138
-14.146258354187012 -2.5221807956695557 1.456797480583191 80 88 65
-16.681623458862305 -3.606456756591797 1.569139838218689 104 123 101
-22.503828048706055 -5.724952697753906 1.909490704536438 83 92 97
-12.092103004455566 -1.7009878158569336 0.9098029136657715 55 57 54
-15.163359642028809 -2.698607921600342 0.9992174506187439 71 87 60
-12.727577209472656 -2.74487566947937 0.7183683514595032 85 95 87
-13.568108558654785 -3.4441511631011963 0.6390920281410217 68 75 67
-13.320955276489258 -1.8683967590332031 0.509695291519165 67 83 73
-12.391175270080566 -2.2001140117645264 0.3554871380329132 65 78 69
-12.025617599487305 -2.5875585079193115 0.22996015846729279 32 35 26
-12.111205101013184 -3.0669045448303223 0.11339039355516434 47 56 39
-13.311932563781738 -1.858129620552063 0.017828812822699547 82 95 75
-12.280695915222168 -2.173644542694092 -0.10274260491132736 68 78 67
-12.225653648376465 -2.6236801147460938 -0.22306101024150848 76 89 71
-11.380253791809082 -2.878213882446289 -0.32214730978012085 62 68 58
-12.53127670288086 -1.7447034120559692 -0.4458024799823761 58 72 55
-15.442399978637695 -2.726863384246826 -0.7016627788543701 55 67 47
-14.859886169433594 -3.181131362915039 -0.8259430527687073 65 74 57
-14.7473783493042 -3.7221364974975586 -0.9739805459976196 61 66 59
-14.599394798278809 -2.024332046508789 -1.0580612421035767 69 89 52
-12.109171867370605 -2.130427598953247 -1.003068447113037 68 83 54
-12.273992538452148 -2.623075485229492 -1.1420234441757202 71 87 61
-11.52293872833252 -2.905956983566284 -1.1985129117965698 44 71 30
-10.501527786254883 -1.4516443014144897 -1.1539255380630493 64 78 52
-9.402693748474121 -1.648511528968811 -1.132053017616272 63 103 14
-8.257265090942383 -1.7605921030044556 -1.0826054811477661 48 82 8
-7.35088586807251 -1.849718451499939 -1.0469632148742676 60 102 16
-7.9550089836120605 -1.0938338041305542 -1.1724317073822021 63 90 39
-7.463363170623779 -1.3054137229919434 -1.1799722909927368 60 93 40
-6.659172058105469 -1.4170565605163574 -1.1274690628051758 44 78 27
-6.2159423828125 -1.5636688470840454 -1.1274176836013794 59 96 53
-6.617811679840088 -0.901729166507721 -1.2284702062606812 39 75 13
-6.045738697052002 -1.0540868043899536 -1.188677191734314 71 87 58
-5.647373676300049 -1.1989667415618896 -1.176993489265442 63 92 44
-5.397708892822266 -1.3572349548339844 -1.1922746896743774 53 93 30
-5.563531398773193 -0.7548115253448486 -1.2501548528671265 72 94 45
-15.601395606994629 -2.1597208976745605 2.9333410263061523 86 113 134
-9.423830032348633 -2.019853353500366 1.6014142036437988 142 179 206
-12.386066436767578 -3.128047466278076 1.9963921308517456 64 112 62
-14.376093864440918 -1.987032413482666 2.155742645263672 72 104 117
-13.197739601135254 -2.8190972805023193 1.7386257648468018 37 45 32
-9.575151443481445 -2.4115865230560303 1.1763750314712524 58 64 54
-13.135875701904297 -1.8100049495697021 1.4770361185073853 53 113 103
-11.20417308807373 -1.9621797800064087 1.1531929969787598 61 71 60
-12.311762809753418 -2.6222102642059326 1.157331109046936 88 101 94
-12.112082481384277 -1.6659198999404907 0.910917341709137 84 96 72
-11.30740737915039 -1.9765981435775757 0.7447193264961243 70 80 71
-12.325732231140137 -2.618664503097534 0.6952307224273682 105 115 106
-11.758827209472656 -2.946509838104248 0.5534419417381287 75 94 74
-13.361274719238281 -1.8322715759277344 0.5110205411911011 67 88 71
-23.58056640625 -4.112260341644287 0.6761314868927002 75 85 77
-23.946693420410156 -5.075804233551025 0.4576212763786316 61 75 60
-22.46581268310547 -5.615700721740723 0.21017245948314667 54 64 55
-13.295772552490234 -1.8143059015274048 0.017799630761146545 67 81 64
-11.844956398010254 -2.0590617656707764 -0.09904380887746811 65 85 60
-12.184733390808105 -2.575820207595825 -0.2221691906452179 62 77 54
-11.531599044799805 -2.878878593444824 -0.32617998123168945 42 50 39
-12.750463485717773 -1.735361099243164 -0.4534085690975189 35 44 23
-11.91111946105957 -2.0656375885009766 -0.5409200191497803 84 98 72
-15.30533504486084 -3.227415084838867 -0.8501477241516113 88 107 88
-14.746139526367188 -3.6737382411956787 -0.9731497168540955 49 61 47
-14.62728214263916 -1.9824793338775635 -1.0596364736557007 89 107 85
-12.083240509033203 -2.087667465209961 -1.000385046005249 69 85 46
-12.276134490966797 -2.5841763019561768 -1.1414796113967896 71 100 42
-8.45092487335205 -2.1036744117736816 -0.8783141374588013 68 82 46
-10.502976417541504 -1.4190198183059692 -1.1536009311676025 55 81 33
-9.378347396850586 -1.614601969718933 -1.128520131111145 60 82 43
-8.262627601623535 -1.7352509498596191 -1.0826054811477661 39 79 6
-7.216163635253906 -1.7922954559326172 -1.0269871950149536 60 101 5
-7.982844352722168 -1.0727176666259766 -1.1760436296463013 59 87 39
-7.4488301277160645 -1.2793323993682861 -1.1770484447479248 67 104 35
-6.6760406494140625 -1.3992507457733154 -1.1295928955078125 57 87 33
-6.171961307525635 -1.5324870347976685 -1.1185826063156128 60 100 27
-6.623471260070801 -0.8818111419677734 -1.2290128469467163 57 82 42
-6.0673298835754395 -1.0386812686920166 -1.192290186882019 67 98 56
-5.721999168395996 -1.1964757442474365 -1.1917757987976074 66 111 44
-5.3591413497924805 -1.3300694227218628 -1.1828488111495972 77 117 67
-5.52421236038208 -0.73222416639328 -1.2408090829849243 76 97 58
-15.590413093566895 -2.109473705291748 2.9300453662872314 102 144 194
-10.762075424194336 -1.863122582435608 1.9221365451812744 65 80 99
-11.413464546203613 -2.4097001552581787 1.9382522106170654 145 183 202
-15.744239807128906 -3.9247958660125732 2.5357112884521484 102 158 129
-14.590914726257324 -1.9711240530014038 2.1870384216308594 126 169 186
-15.424703598022461 -2.660609483718872 2.1686205863952637 94 139 158
-12.623023986816406 -2.6558678150177 1.66183340549469 38 49 41
-9.594069480895996 -2.385073661804199 1.1777946949005127 86 106 95
-13.507772445678711 -1.8190386295318604 1.5182186365127563 112 155 162
-12.881905555725098 -2.2152884006500244 1.325168251991272 57 64 57
-16.809669494628906 -3.5263173580169678 1.579119324684143 86 105 101
-26.67109489440918 -6.611127853393555 2.25960636138916 99 113 113
-21.6418399810791 -2.9090375900268555 1.6269460916519165 54 64 40
-11.361611366271973 -1.9501702785491943 0.7478916645050049 96 108 98
-11.714091300964355 -2.4511821269989014 0.6603039503097534 70 90 65
-15.66423225402832 -3.874084711074829 0.7366911768913269 80 93 84
-13.391594886779785 -1.7945892810821533 0.5119671821594238 106 128 126
-20.708227157592773 -3.5459182262420654 0.5934574604034424 46 60 47
-11.446203231811523 -2.3894968032836914 0.21859578788280487 67 78 64
-11.84339427947998 -2.9218759536743164 0.11071309447288513 52 55 44
-13.302267074584961 -1.7736387252807617 0.017800958827137947 68 87 67
-11.619575500488281 -1.983176589012146 -0.0971079021692276 76 90 67
-12.321786880493164 -2.565326452255249 -0.22452358901500702 63 75 63
-18.310279846191406 -4.511553764343262 -0.5175260901451111 57 80 51
-12.91918659210205 -1.7179715633392334 -0.4592187702655792 35 41 27
-11.620966911315918 -1.9786136150360107 -0.5274651646614075 25 34 29
-9.767877578735352 -2.028459072113037 -0.5422167181968689 71 85 70
-9.214131355285645 -2.2655365467071533 -0.6076114773750305 59 73 60
-11.023175239562988 -1.459578275680542 -0.7982180118560791 48 68 33
-12.047333717346191 -2.043419599533081 -0.9968886375427246 71 87 50
-9.217147827148438 -1.9107352495193481 -0.8564949035644531 69 92 36
-8.579083442687988 -2.1076467037200928 -0.8909575343132019 48 75 22
-10.67187213897705 -1.4085139036178589 -1.1716715097427368 56 78 39
-9.219738006591797 -1.558186411857605 -1.108853816986084 51 79 20
-8.644786834716797 -1.7878350019454956 -1.1319535970687866 44 79 23
-7.280317306518555 -1.7845337390899658 -1.0353333950042725 61 96 12
-7.992965221405029 -1.049122929573059 -1.1770548820495605 52 86 25
-7.442976951599121 -1.254831075668335 -1.1755096912384033 50 89 8
-6.762429237365723 -1.3957127332687378 -1.1434800624847412 53 86 29
-5.5098981857299805 -1.3501651287078857 -0.9978373646736145 62 98 50
-6.68466329574585 -0.8690944910049438 -1.2398666143417358 44 85 15
-6.122769355773926 -1.028847336769104 -1.2025587558746338 69 96 63
-5.747716426849365 -1.1834602355957031 -1.1963703632354736 57 92 26
-5.431578159332275 -1.3303704261779785 -1.1979302167892456 81 105 43
-5.691964626312256 -0.7366970777511597 -1.2779746055603027 50 63 43
-15.491552352905273 -2.047719717025757 2.910271406173706 99 148 204
-11.105628967285156 -1.887524127960205 1.9824525117874146 103 151 197
-15.219367027282715 -3.16448974609375 2.5829155445098877 148 174 199
-14.715258598327637 -3.6203720569610596 2.368187189102173 50 51 46
-14.830286979675293 -1.9571514129638672 2.2220075130462646 66 91 62
-11.12876033782959 -1.884461760520935 1.5638166666030884 58 105 125
-11.563790321350098 -2.395982503890991 1.5214093923568726 59 69 94
-9.802896499633789 -2.405078649520874 1.202519416809082 86 100 87
-13.473875045776367 -1.7724040746688843 1.5137903690338135 88 129 149
-12.959275245666504 -2.187680721282959 1.3324306011199951 73 83 75
-13.622698783874512 -2.8141520023345947 1.2789145708084106 131 149 137
-15.92607307434082 -3.8958702087402344 1.3482565879821777 83 102 96
-13.477653503417969 -1.7695509195327759 1.0127825736999512 20 25 28
-20.117555618286133 -3.3895840644836426 1.3235713243484497 97 120 94
-11.51325511932373 -2.37231183052063 0.6485698223114014 57 70 63
-15.862375259399414 -3.8714869022369385 0.7454478144645691 76 92 65
-13.416852951049805 -1.756089687347412 0.5127244591712952 68 77 60
-11.387666702270508 -1.9139944314956665 0.32617852091789246 119 144 122
-11.547496795654297 -2.373695135116577 0.22039015591144562 42 53 49
-11.78720760345459 -2.8696794509887695 0.11010503768920898 65 83 57
-13.310620307922363 -1.733206868171692 0.017804937437176704 78 98 73
-11.627577781677246 -1.9478495121002197 -0.09712439030408859 34 36 25
-12.35114860534668 -2.5319290161132812 -0.2249159961938858 57 69 59
-13.448956489562988 -3.270017385482788 -0.3798391819000244 67 75 64
-15.296991348266602 -1.986426830291748 -0.5435197949409485 34 38 24
-18.416942596435547 -3.0776023864746094 -0.8354958295822144 43 51 38
-15.22408676147461 -3.112839460372925 -0.8445578217506409 57 73 47
-14.67142105102539 -3.5596580505371094 -0.966759204864502 66 77 69
-14.666868209838867 -1.8962717056274414 -1.0616413354873657 54 84 20
-11.961129188537598 -1.991065502166748 -0.9892452955245972 72 86 60
-9.405435562133789 -1.9196912050247192 -0.8734399676322937 68 96 45
-8.97712230682373 -2.1762521266937256 -0.9315969944000244 60 84 34
-10.655438423156738 -1.3730982542037964 -1.1693992614746094 53 79 31
-9.345952987670898 -1.5500407218933105 -1.123456358909607 52 80 29
-8.421825408935547 -1.7147983312606812 -1.102064847946167 50 84 10
-7.869234561920166 -1.9033138751983643 -1.118247628211975 61 106 13
-7.97455358505249 -1.0218291282653809 -1.173876404762268 52 83 26
-7.453615188598633 -1.2331193685531616 -1.1765868663787842 57 88 46
-6.419595718383789 -1.3044334650039673 -1.0848274230957031 50 85 21
-6.122853755950928 -1.4804682731628418 -1.1080152988433838 69 94 39
-6.685347080230713 -0.848334550857544 -1.2395049333572388 70 97 42
-6.082306861877441 -1.0028706789016724 -1.19400155544281 69 101 52
-5.75612211227417 -1.1667943000793457 -1.1973692178726196 44 82 23
-5.322530269622803 -1.2863651514053345 -1.173003911972046 64 103 48
-5.638031005859375 -0.7121365070343018 -1.2653688192367554 46 58 34
-12.717853546142578 -3.099830150604248 2.5435242652893066 42 70 58
-15.441211700439453 -1.9928841590881348 2.8996520042419434 102 142 191
-13.394259452819824 -2.234243869781494 2.389758348464966 109 143 170
-9.542530059814453 -1.9536099433898926 1.618461012840271 102 131 137
-12.445055961608887 -3.021375894546509 2.001332998275757 87 92 124
-14.464407920837402 -1.8637354373931885 2.1663215160369873 43 49 47
-11.111038208007812 -1.846413254737854 1.5605230331420898 57 74 56
-11.545820236206055 -2.355339527130127 1.5180872678756714 80 117 161
-9.840147018432617 -2.382235288619995 1.2061866521835327 44 46 41
-13.523609161376953 -1.7367552518844604 1.5187721252441406 99 146 164
-13.047390937805176 -2.161407470703125 1.3408023118972778 106 130 142
-13.59223461151123 -2.764406442642212 1.275252342224121 117 145 149
-16.04839515686035 -3.8736495971679688 1.3575996160507202 92 121 116
-13.497856140136719 -1.7300955057144165 1.013897180557251 54 55 73
-21.65192222595215 -3.5798299312591553 1.4237909317016602 92 118 107
-11.375653266906738 -2.3076000213623047 0.6404165625572205 80 102 81
-13.457845687866211 -3.2409045696258545 0.6319773197174072 88 104 78
-21.440196990966797 -2.7393620014190674 0.8190111517906189 45 45 45
-11.438854217529297 -1.8865307569503784 0.327477365732193 82 85 78
-11.922210693359375 -2.4126224517822266 0.22739942371845245 64 76 64
-11.790122032165527 -2.832101821899414 0.11005058139562607 53 58 51
-13.32579517364502 -1.6936230659484863 0.017818201333284378 70 94 60
-11.625604629516602 -1.910869836807251 -0.0970584824681282 23 29 19
-12.380419731140137 -2.498375415802002 -0.2253084033727646 59 72 54
-11.585796356201172 -2.7793850898742676 -0.3269755244255066 77 85 72
-13.078202247619629 -1.6575169563293457 -0.4645008146762848 40 48 35
-11.652606010437012 -1.9105042219161987 -0.5283591747283936 64 76 56
-11.77219295501709 -2.369434356689453 -0.6526572704315186 72 90 50
-14.739534378051758 -3.528337240219116 -0.9705296158790588 48 60 50
-14.588501930236816 -1.8406524658203125 -1.0555552244186401 115 124 107
-12.014397621154785 -1.9620708227157593 -0.9931483268737793 69 89 40
-12.185162544250488 -2.448129177093506 -1.1308777332305908 67 93 28
-8.957629203796387 -2.142451524734497 -0.928887665271759 66 90 40
-10.58069133758545 -1.3304789066314697 -1.1607426404953003 50 73 29
-9.537873268127441 -1.5518194437026978 -1.145949125289917 56 78 39
-8.695466995239258 -1.7427494525909424 -1.1371681690216064 55 87 11
-7.843239784240723 -1.8715749979019165 -1.1137324571609497 63 106 17
-7.948195457458496 -0.9936761856079102 -1.1695420742034912 40 71 3
-7.473944187164307 -1.2129371166229248 -1.179202914237976 64 104 42
-6.463230609893799 -1.2926651239395142 -1.091525912284851 57 93 31
-6.220293045043945 -1.4838440418243408 -1.1248191595077515 42 69 28
-6.681085586547852 -0.8269745111465454 -1.2382385730743408 63 94 37
-6.179363250732422 -0.999410092830658 -1.212446928024292 47 75 34
-5.741417407989502 -1.1454867124557495 -1.1935737133026123 75 112 45
-5.45295524597168 -1.300192952156067 -1.2008627653121948 67 104 34
-5.784535884857178 -0.7126184701919556 -1.297752857208252 70 93 47
-13.41926383972168 -3.227207660675049 2.6818110942840576 92 144 201
-15.609167098999023 -1.965894103050232 2.9300453662872314 93 146 198
-10.83416748046875 -1.7730587720870972 1.9320158958435059 116 155 194
-10.87041187286377 -2.1907365322113037 1.8425278663635254 132 179 199
-9.228763580322266 -2.210573196411133 1.483012080192566 126 145 160
-16.242502212524414 -2.042203664779663 2.431675434112549 46 57 43
-15.047708511352539 -2.453185796737671 2.112353563308716 112 160 200
-11.535489082336426 -2.316391706466675 1.5157873630523682 90 133 167
-9.86479377746582 -2.356187343597412 1.2083160877227783 79 88 87
-13.566347122192383 -1.6999528408050537 1.5229790210723877 108 144 160
-15.102450370788574 -2.45426344871521 1.551207423210144 106 139 156
-11.51598072052002 -2.305365800857544 1.0797851085662842 99 116 124
-14.514779090881348 -3.456385612487793 1.2269618511199951 131 163 160
-13.509037017822266 -1.689418911933899 1.0143429040908813 124 144 153
-11.97108268737793 -1.9415323734283447 0.7868012189865112 93 114 109
-21.334814071655273 -4.25975227355957 1.2003473043441772 74 87 69
-11.904897689819336 -2.8283119201660156 0.5586411356925964 67 77 66
-20.586793899536133 -2.5661590099334717 0.7861068248748779 82 96 81
-11.471231460571289 -1.8557381629943848 0.3282397389411926 65 77 65
-11.981526374816895 -2.386385440826416 0.22839008271694183 72 87 64
-11.856163024902344 -2.8095204830169678 0.11058603972196579 61 76 55
-13.32497501373291 -1.651993989944458 0.017810244113206863 41 58 26
-22.236116409301758 -3.5848639011383057 -0.18554958701133728 26 35 14
-12.400774955749512 -2.4629130363464355 -0.22554026544094086 75 93 69
-11.612751007080078 -2.748201370239258 -0.3274967670440674 36 53 37
-13.113972663879395 -1.6211867332458496 -0.4655924439430237 71 72 67
-11.790580749511719 -1.8959989547729492 -0.5343490242958069 63 82 52
-11.796056747436523 -2.3366048336029053 -0.653579831123352 62 75 49
-14.689102172851562 -3.468651533126831 -0.9665036201477051 65 79 54
-14.510923385620117 -1.785654067993164 -1.049540638923645 64 91 38
-11.861912727355957 -1.899824619293213 -0.9800570011138916 58 73 50
-12.170145988464355 -2.4062912464141846 -1.1287935972213745 66 92 45
-11.89153003692627 -2.805629014968872 -1.2322286367416382 58 72 37
-10.626166343688965 -1.303093671798706 -1.1652872562408447 52 75 31
-9.330771446228027 -1.488754153251648 -1.1205122470855713 62 91 35
-8.696881294250488 -1.7152962684631348 -1.1366595029830933 56 91 27
-7.357180595397949 -1.7317508459091187 -1.0439531803131104 66 103 8
-8.001300811767578 -0.9753935933113098 -1.1769105195999146 56 96 33
-7.513734817504883 -1.1957473754882812 -1.1848965883255005 56 94 21
-6.433286666870117 -1.2661620378494263 -1.0858076810836792 62 90 49
-6.4155964851379395 -1.5096458196640015 -1.1592930555343628 86 126 55
-6.686521053314209 -0.8068268299102783 -1.2387813329696655 63 98 56
-6.1969451904296875 -0.9827539324760437 -1.2152992486953735 57 92 24
-5.810285568237305 -1.1407028436660767 -1.2071574926376343 69 108 51
-5.448351860046387 -1.2814425230026245 -1.1989775896072388 51 96 15
-5.766343116760254 -0.6924245953559875 -1.2931886911392212 80 98 56
-13.143518447875977 -3.1182687282562256 2.62477970123291 84 132 181
-15.718557357788086 -1.9307010173797607 2.949453592300415 99 124 154
-10.86678409576416 -1.7441818714141846 1.9368687868118286 122 161 192
-10.902239799499512 -2.1623661518096924 1.8467894792556763 107 149 161
-9.212425231933594 -2.1767966747283936 1.4793064594268799 111 136 141
-16.2663631439209 -1.9945296049118042 2.4343199729919434 98 118 145
-15.78386116027832 -2.5235118865966797 2.214595079421997 84 125 169
-11.475404739379883 -2.267723321914673 1.5069708824157715 94 150 173
-13.606587409973145 -3.2058138847351074 1.665427327156067 83 112 66
-26.8963680267334 -3.2865116596221924 3.0182814598083496 80 108 112
-11.670166969299316 -1.8597602844238281 1.198077917098999 45 66 51
-16.835067749023438 -3.3164992332458496 1.577562928199768 101 112 116
-16.393007278442383 -3.850539207458496 1.384726881980896 76 93 77
-13.520096778869629 -1.6486902236938477 1.0147887468338013 106 138 125
-11.502949714660645 -1.8294072151184082 0.7556606531143188 62 61 57
-21.6828556060791 -4.260111331939697 1.21918785572052 49 62 45
-16.418655395507812 -3.8474936485290527 0.7698931694030762 81 89 76
-14.021685600280762 -1.704143762588501 0.5352159738540649 74 86 64
-20.587282180786133 -3.2656893730163574 0.5887985229492188 78 89 85
-12.009395599365234 -2.3536534309387207 0.22878259420394897 73 83 75
-11.860832214355469 -2.7722229957580566 0.11054974049329758 58 66 55
-18.29817771911621 -2.892427921295166 -0.15261462330818176 36 39 32
-12.417104721069336 -2.4265823364257812 -0.22570078074932098 28 40 16
-11.738916397094727 -2.7400546073913574 -0.3308161795139313 73 78 71
-13.118885040283203 -1.5809460878372192 -0.4655924439430237 63 73 65
-11.868378639221191 -1.8711744546890259 -0.5376121401786804 67 82 59
-9.931206703186035 -1.9355638027191162 -0.5499231815338135 49 57 42
-14.810476303100586 -3.449375629425049 -0.9737887978553772 65 76 62
-12.9773530960083 -1.556537389755249 -0.9382713437080383 50 70 45
-12.196551322937012 -1.915061116218567 -1.0072153806686401 64 74 47
-12.175516128540039 -2.3685619831085205 -1.1286123991012573 55 74 44
-9.171202659606934 -2.134126663208008 -0.949658989906311 64 84 47
-10.541275978088379 -1.2598692178726196 -1.1555486917495728 55 79 29
-9.429481506347656 -1.4748523235321045 -1.1318174600601196 67 98 28
-8.589151382446289 -1.6666887998580933 -1.1219059228897095 51 79 31
-7.658694267272949 -1.7779412269592285 -1.0859575271606445 64 90 27
-8.018994331359863 -0.952592134475708 -1.1790776252746582 66 98 35
-7.466601371765137 -1.164770483970642 -1.1768946647644043 57 92 28
-7.029907703399658 -1.3611961603164673 -1.1857948303222656 53 88 32
-6.391416072845459 -1.4832764863967896 -1.1540958881378174 52 92 6
-6.686034202575684 -0.7859645485877991 -1.2382385730743408 66 100 40
-6.260076999664307 -0.9730866551399231 -1.2270890474319458 38 69 25
-5.880140781402588 -1.1356929540634155 -1.2209410667419434 47 89 23
-5.425586700439453 -1.258534550666809 -1.1931124925613403 78 89 75
-5.629803657531738 -0.6585142016410828 -1.262108564376831 86 101 72
-15.737096786499023 -1.883987307548523 2.951833724975586 99 151 199
-10.884732246398926 -1.712825059890747 1.9391220808029175 114 153 182
-10.956265449523926 -2.138167142868042 1.8548213243484497 114 144 132
-9.258511543273926 -2.157717227935791 1.4856369495391846 125 155 153
-16.31169319152832 -1.9493107795715332 2.440197229385376 106 134 148
-11.397652626037598 -1.7864043712615967 1.5984004735946655 104 162 200
-10.641141891479492 -2.0689585208892822 1.396573781967163 110 159 199
-11.515581130981445 -2.675893545150757 1.4084796905517578 79 97 71
-14.55649471282959 -1.7333735227584839 1.6329097747802734 72 109 115
-20.673017501831055 -3.2294535636901855 2.12129807472229 49 62 53
-13.24072265625 -2.566241979598999 1.2400041818618774 103 139 137
-12.296762466430664 -2.8485968112945557 1.0379716157913208 95 112 96
-13.528060913085938 -1.6075563430786133 1.0150115489959717 89 119 83
-13.296113014221191 -2.072784900665283 0.8730366230010986 90 101 95
-11.516011238098145 -2.225921154022217 0.6471375226974487 87 120 103
-13.78396224975586 -3.185509443283081 0.6458874940872192 61 73 61
-21.035808563232422 -2.491147994995117 0.8026536703109741 36 43 35
-20.890562057495117 -3.2481253147125244 0.5971845388412476 91 107 94
-11.631715774536133 -2.2425999641418457 0.22145557403564453 80 95 76
-11.867332458496094 -2.7353720664978027 0.11053159087896347 71 93 72
-21.09821891784668 -2.4843509197235107 0.028179101645946503 43 48 41
-20.69242286682129 -3.205852508544922 -0.17250080406665802 40 48 37
-12.453947067260742 -2.3941385746002197 -0.22623588144779205 77 93 80
-12.18271255493164 -2.8042593002319336 -0.3430787920951843 68 77 60
-13.134591102600098 -1.5419721603393555 -0.46597978472709656 58 66 51
-11.900720596313477 -1.8388729095458984 -0.5388190746307373 67 80 63
-11.82978630065918 -2.267941951751709 -0.6546652913093567 50 52 38
-8.952118873596191 -2.0560240745544434 -0.5881842970848083 60 73 53
-12.800768852233887 -1.4955347776412964 -0.9251681566238403 59 86 35
-12.197443008422852 -1.8768757581710815 -1.0068087577819824 56 84 26
-10.028861999511719 -1.9190495014190674 -0.929077684879303 65 93 55
-9.08170223236084 -2.0839498043060303 -0.9397249221801758 53 78 38
-10.63791275024414 -1.2383280992507935 -1.1657202243804932 60 82 43
-9.283780097961426 -1.4228981733322144 -1.113799810409546 72 102 28
-8.548432350158691 -1.6315898895263672 -1.1159281730651855 50 83 4
-7.982766628265381 -1.8273811340332031 -1.1311088800430298 58 98 9
-8.059231758117676 -0.932306706905365 -1.1845676898956299 67 99 34
-7.509209632873535 -1.1478298902511597 -1.1830499172210693 50 84 34
-7.07475471496582 -1.3473743200302124 -1.1926566362380981 59 98 19
-6.311451435089111 -1.4443269968032837 -1.1388511657714844 51 87 25
-6.697207927703857 -0.766454815864563 -1.2398666143417358 82 113 69
-6.228093147277832 -0.9485549926757812 -1.2202433347702026 49 83 33
-5.879746437072754 -1.1169160604476929 -1.2201420068740845 61 97 49
-5.465643882751465 -1.2501682043075562 -1.2010722160339355 72 104 37
-5.636646747589111 -0.6417912840843201 -1.2631953954696655 72 110 61
-16.47954750061035 -3.803079128265381 3.2862675189971924 79 98 138
-15.893179893493652 -1.853232502937317 2.980030059814453 101 152 205
-10.941460609436035 -2.100452184677124 1.8512152433395386 123 155 170
-9.371006965637207 -2.1536448001861572 1.502620816230774 157 188 208
-16.35394859313965 -1.903489112854004 2.4456334114074707 92 113 106
-11.389372825622559 -1.7493231296539307 1.5964791774749756 77 113 127
-10.669844627380371 -2.0405871868133545 1.399512529373169 102 156 184
-11.510186195373535 -2.637446641921997 1.4068233966827393 97 110 84
-14.842119216918945 -1.7212213277816772 1.664350152015686 96 140 165
-11.19455337524414 -1.713600993156433 1.1481496095657349 55 68 50
-13.273966789245605 -2.530456304550171 1.2423845529556274 105 125 126
-12.291841506958008 -2.8077504634857178 1.0368242263793945 96 112 101
-21.94729995727539 -2.5397651195526123 1.6461154222488403 115 134 128
-13.297476768493652 -2.0312297344207764 0.8727129101753235 59 69 68
-11.40507698059082 -2.1682024002075195 0.6405267715454102 79 86 78
-11.09863567352295 -2.5290799140930176 0.5196927189826965 76 87 83
-23.287857055664062 -2.685422897338867 0.8882654905319214 31 34 27
-12.729991912841797 -1.9393157958984375 0.3637319803237915 88 105 86
-11.435201644897461 -2.168346405029297 0.2175864577293396 67 85 63
-18.59113883972168 -4.225157260894775 0.1730351448059082 52 66 51
-18.478946685791016 -2.11846923828125 0.024671968072652817 35 40 36
-11.679815292358398 -1.7728638648986816 -0.09732209146022797 65 77 65
-12.472040176391602 -2.357962131500244 -0.22643208503723145 92 108 82
-12.17858600616455 -2.7639942169189453 -0.34272217750549316 65 83 67
-13.149189949035645 -1.5028033256530762 -0.46633192896842957 73 81 60
-11.912232398986816 -1.8032504320144653 -0.5390872955322266 77 89 67
-16.55644989013672 -3.12148118019104 -0.9157065153121948 65 73 50
-14.647406578063965 -3.316779851913452 -0.9617106914520264 59 71 49
-12.787458419799805 -1.4542269706726074 -0.9238793253898621 61 84 42
-12.228768348693848 -1.8433082103729248 -1.0089229345321655 68 75 59
-10.690437316894531 -2.011664867401123 -0.9897898435592651 64 84 35
-8.993921279907227 -2.0347814559936523 -0.9299914836883545 68 86 36
-10.569551467895508 -1.1975157260894775 -1.1578210592269897 60 82 36
-9.28515625 -1.3939671516418457 -1.113446593284607 60 94 18
-8.572895050048828 -1.6090153455734253 -1.1184719800949097 49 86 8
-7.965144157409668 -1.7976478338241577 -1.127825140953064 69 106 11
-8.075819969177246 -0.9091266393661499 -1.1865904331207275 45 85 25
-7.508787155151367 -1.1242012977600098 -1.1824344396591187 72 104 65
-7.146734714508057 -1.3383747339248657 -1.204093098640442 65 97 47
-6.367732048034668 -1.4366618394851685 -1.1482058763504028 39 76 33
-6.70930290222168 -0.7469927668571472 -1.241675615310669 82 112 58
-6.222234725952148 -0.9281394481658936 -1.2185319662094116 50 90 19
-5.8532867431640625 -1.0932948589324951 -1.2139493227005005 47 78 8
-5.500931262969971 -1.240492343902588 -1.2079845666885376 58 92 16
-5.6735148429870605 -0.6283634305000305 -1.271019697189331 60 88 50
-11.640005111694336 -1.7585541009902954 2.0717132091522217 115 142 172
-9.395878791809082 -2.129033327102661 1.505554437637329 158 188 212
-16.362661361694336 -1.8536410331726074 2.4460742473602295 96 124 128
-15.726097106933594 -2.3660495281219482 2.203341484069824 89 130 158
-12.776566505432129 -2.402885675430298 1.6748664379119873 91 125 126
-11.463016510009766 -2.589649200439453 1.4000804424285889 77 80 73
-15.197922706604004 -1.7152464389801025 1.703650712966919 63 67 52
-13.134109497070312 -1.9692778587341309 1.346450924873352 26 41 36
-21.437610626220703 -4.018596172332764 2.0053021907806396 86 108 119
-16.608598709106445 -3.740225076675415 1.3999707698822021 74 85 71
-15.71186351776123 -1.7693620920181274 1.178025722503662 77 93 80
-13.306607246398926 -1.9908671379089355 0.8729071021080017 99 126 111
-21.552331924438477 -4.028810501098633 1.2097125053405762 85 101 91
-11.262289047241211 -2.5300509929656982 0.5269898176193237 68 86 64
-23.212570190429688 -2.6046042442321777 0.885084867477417 89 107 95
-12.69040298461914 -1.8934659957885742 0.36243313550949097 78 97 78
-11.445731163024902 -2.133986473083496 0.21766121685504913 69 80 63
-11.4828519821167 -2.5726535320281982 0.10680151730775833 35 46 14
-18.015424728393555 -2.6780197620391846 -0.15004441142082214 40 50 39
-12.489046096801758 -2.32151460647583 -0.2266104519367218 82 96 81
-12.133355140686035 -2.714613914489746 -0.3412133455276489 57 65 50
-13.161684036254883 -1.4633384943008423 -0.46661362051963806 53 65 41
-12.172664642333984 -1.8044908046722412 -0.5506200194358826 71 92 53
-11.955405235290527 -2.216059684753418 -0.6608521342277527 97 105 84
-14.689654350280762 -3.279001235961914 -0.9638195633888245 58 73 52
-12.939577102661133 -1.4313286542892456 -0.934548020362854 50 78 30
-12.155486106872559 -1.7941395044326782 -1.0024179220199585 53 66 49
-9.952314376831055 -1.8411725759506226 -0.9209222793579102 74 106 33
-8.992352485656738 -2.005446195602417 -0.9291887283325195 49 72 26
-10.359735488891602 -1.1415636539459229 -1.1344481706619263 63 89 26
-9.283493995666504 -1.3646074533462524 -1.11273992061615 69 103 19
-8.612906455993652 -1.5891857147216797 -1.1230506896972656 56 86 32
-8.141773223876953 -1.811278223991394 -1.1520426273345947 83 117 57
-8.13168716430664 -0.8901606202125549 -1.194392204284668 57 85 44
-7.518066883087158 -1.1020193099975586 -1.1833577156066895 42 78 14
-7.0246734619140625 -1.2932217121124268 -1.1828540563583374 52 85 42
-6.492283821105957 -1.4438451528549194 -1.1698603630065918 54 92 17
-6.7154741287231445 -0.7268287539482117 -1.2423993349075317 80 112 62
-6.19688081741333 -0.9049315452575684 -1.2130173444747925 65 90 50
-5.8257737159729 -1.0696697235107422 -1.207556962966919 65 91 43
-5.464621543884277 -1.2146985530853271 -1.1991870403289795 63 91 14
-5.692884922027588 -0.6128348708152771 -1.274931788444519 67 97 27
-15.169427871704102 -1.6745612621307373 2.842343807220459 126 162 194
-11.25076961517334 -1.6644604206085205 2.0015177726745605 60 93 66
-9.435151100158691 -2.107520341873169 1.5108041763305664 130 167 193
-16.3515567779541 -1.8015908002853394 2.4435765743255615 82 99 80
-15.803839683532715 -2.32818603515625 2.2132227420806885 62 94 79
-10.80992603302002 -1.9987021684646606 1.4162510633468628 86 120 158
-13.30470085144043 -2.962838649749756 1.6239038705825806 50 68 52
-15.508380889892578 -1.7021162509918213 1.737858772277832 40 50 41
-11.588753700256348 -1.7012364864349365 1.1874871253967285 113 144 149
-13.300015449523926 -2.45094633102417 1.2433916330337524 130 151 152
-16.579132080078125 -3.6801822185516357 1.396528720855713 80 92 78
-20.97512435913086 -2.2969298362731934 1.5721125602722168 75 83 72
-12.314424514770508 -1.8038136959075928 0.8074536323547363 70 82 68
-18.533037185668945 -3.40559720993042 1.0396509170532227 96 126 114
-11.404594421386719 -2.5252902507781982 0.5332836508750916 101 110 107
-23.44793701171875 -2.5581958293914795 0.8937558531761169 88 100 90
-12.921669006347656 -1.8874645233154297 0.36887088418006897 62 74 64
-12.475008010864258 -2.2863080501556396 0.2371002584695816 87 105 83
-11.593215942382812 -2.5600523948669434 0.10775445401668549 79 89 81
-26.321697235107422 -2.854062557220459 0.035119086503982544 36 49 42
-19.04476547241211 -2.7713401317596436 -0.1585458666086197 52 65 45
-12.502010345458984 -2.2842659950256348 -0.22671745717525482 76 91 70
-12.128935813903809 -2.6745779514312744 -0.3408567011356354 71 82 68
-14.846278190612793 -1.604539394378662 -0.5261595845222473 51 52 46
-14.95525074005127 -2.1701154708862305 -0.6761835217475891 55 72 62
-12.325618743896484 -2.245590925216675 -0.6809322237968445 74 88 63
-14.699645042419434 -3.2339186668395996 -0.9638195633888245 57 69 47
-12.949856758117676 -1.3922635316848755 -0.9349775910377502 59 90 33
-12.255631446838379 -1.7705192565917969 -1.0102238655090332 43 59 30
-11.876404762268066 -2.15946626663208 -1.0983468294143677 75 108 39
-11.736872673034668 -2.579746961593628 -1.2119591236114502 50 79 21
-10.59053897857666 -1.1341215372085571 -1.159335970878601 54 76 27
-9.45669937133789 -1.3604410886764526 -1.1329951286315918 79 107 46
-8.750472068786621 -1.5868237018585205 -1.1403478384017944 52 88 18
-8.092138290405273 -1.7741987705230713 -1.144243836402893 76 121 18
-8.185545921325684 -0.8706510066986084 -1.2019050121307373 83 116 61
-7.587921142578125 -1.0884897708892822 -1.1938217878341675 72 108 60
-7.123746395111084 -1.2888773679733276 -1.1988650560379028 49 81 40
-6.408174991607666 -1.4045213460922241 -1.1539226770401 41 77 29
-6.7245192527771 -0.7069423198699951 -1.2436655759811401 68 100 51
-6.201571941375732 -0.8861933350563049 -1.213397741317749 73 99 62
-5.829028129577637 -1.0517914295196533 -1.207556962966919 61 95 19
-5.579121112823486 -1.2222000360488892 -1.2234848737716675 39 77 18
-5.719008445739746 -0.597903847694397 -1.2803654670715332 51 86 22
-16.072946548461914 -3.5537593364715576 3.1985270977020264 68 129 158
-15.975053787231445 -1.7139034271240234 2.9922971725463867 126 168 184
-11.115466117858887 -1.609610915184021 1.9765595197677612 35 47 37
-11.487165451049805 -2.5289013385772705 1.8381321430206299 142 176 185
-16.13866424560547 -1.7280374765396118 2.4109582901000977 64 84 59
-13.531478881835938 -1.9510308504104614 1.89414644241333 106 159 190
-11.091187477111816 -2.015535354614258 1.4522833824157715 77 103 100
-13.250685691833496 -2.908170223236084 1.6162145137786865 116 130 113
-15.507599830627441 -1.6538968086242676 1.737194538116455 40 50 49
-11.917913436889648 -1.7122224569320679 1.2206717729568481 102 149 195
-13.305512428283691 -2.409775972366333 1.2432085275650024 71 98 81
-12.293795585632324 -2.6893887519836426 1.0348572731018066 83 98 79
-13.609243392944336 -1.4480725526809692 1.0196925401687622 69 76 68
-12.174694061279297 -1.74521005153656 0.7979366779327393 52 60 47
-18.18573570251465 -3.284132957458496 1.0195982456207275 59 75 62
-11.220017433166504 -2.448333978652954 0.5242990255355835 77 90 72
-25.238399505615234 -2.675211191177368 0.9616848826408386 68 83 80
-13.337069511413574 -1.906369924545288 0.38056042790412903 84 98 83
-12.681714057922363 -2.2839999198913574 0.240894615650177 71 85 59
-11.946906089782715 -2.5997414588928223 0.11096721142530441 57 71 56
-20.84504508972168 -2.9680347442626953 -0.17345641553401947 49 57 44
-12.528641700744629 -2.2494335174560547 -0.22707419097423553 99 113 98
-12.135130882263184 -2.636929750442505 -0.34080183506011963 70 84 59
-11.29588508605957 -1.1857752799987793 -0.4002010226249695 80 91 77
-13.407001495361328 -1.9034736156463623 -0.6059144139289856 46 54 39
-12.339330673217773 -2.2089977264404297 -0.6813121438026428 45 58 40
-14.949421882629395 -3.2408177852630615 -0.9795402884483337 65 74 53
-11.60985279083252 -1.2121785879135132 -0.8379570841789246 37 41 26
-12.293572425842285 -1.7375140190124512 -1.0129072666168213 46 54 39
-11.943757057189941 -2.1338791847229004 -1.1039650440216064 65 93 35
-11.659159660339355 -2.525192975997925 -1.2031288146972656 70 87 51
-10.413018226623535 -1.0828086137771606 -1.1395338773727417 59 87 26
-9.552281379699707 -1.3442919254302979 -1.1439471244812012 63 94 16
-8.75334644317627 -1.5596222877502441 -1.1400935649871826 66 108 24
-8.149829864501953 -1.7606596946716309 -1.151632308959961 55 91 30
-8.265935897827148 -0.8535634875297546 -1.2133187055587769 73 111 54
-7.603945732116699 -1.0669901371002197 -1.1958222389221191 56 90 30
-7.187890529632568 -1.2777212858200073 -1.2089945077896118 56 88 39
-6.331588268280029 -1.367390751838684 -1.1393709182739258 56 91 33
-6.715893745422363 -0.6852103471755981 -1.241675615310669 78 112 62
-6.217873573303223 -0.869065523147583 -1.216059923171997 42 85 29
-5.812931537628174 -1.030482530593872 -1.203561782836914 67 103 39
-5.529319763183594 -1.1935242414474487 -1.2117549180984497 98 127 69
-5.725671768188477 -0.5808479189872742 -1.2814521789550781 74 111 57
-15.686872482299805 -2.2224738597869873 2.788224458694458 95 114 82
-13.112310409545898 -2.350735664367676 2.2134592533111572 117 153 177
-11.455282211303711 -2.4850592613220215 1.8318016529083252 125 163 174
-16.35148048400879 -1.7001004219055176 2.441960334777832 113 130 137
-13.556036949157715 -1.9121363162994385 1.8967540264129639 77 129 150
-14.978354454040527 -2.674482822418213 1.96018648147583 104 123 121
-12.606369972229004 -2.7262485027313232 1.536598563194275 71 94 86
-12.91662311553955 -1.3375017642974854 1.4464813470840454 56 55 69
-13.050200462341309 -1.8340497016906738 1.336061716079712 118 154 152
-13.337353706359863 -2.373305320739746 1.245497465133667 104 120 117
-27.492660522460938 -5.925965785980225 2.312713861465454 76 89 79
-20.53551483154297 -2.8794426918029785 1.3453245162963867 81 98 56
-15.282718658447266 -2.7114925384521484 0.856367826461792 82 98 87
-11.189387321472168 -2.4057109355926514 0.5225203633308411 36 44 23
-13.335926055908203 -1.8644745349884033 0.38036277890205383 61 80 58
-12.395270347595215 -2.1931707859039307 0.23532457649707794 67 80 62
-11.957758903503418 -2.5637056827545166 0.11099444329738617 65 76 62
-12.146687507629395 -1.2417075634002686 0.016195954754948616 71 85 62
-13.181353569030762 -1.8355934619903564 -0.10963770002126694 78 91 74
-12.542376518249512 -2.2122013568878174 -0.22719904780387878 65 73 62
-12.154892921447754 -2.602198600769043 -0.3411310315132141 64 79 46
-12.98171329498291 -1.3224902153015137 -0.4597821831703186 54 64 56
-12.822041511535645 -1.7803101539611816 -0.5792282819747925 48 67 37
-12.150345802307129 -2.1367149353027344 -0.6705122590065002 63 69 55
-14.959294319152832 -3.1949381828308105 -0.9795402884483337 50 58 47
-12.960140228271484 -1.3129794597625732 -0.9351207613945007 34 37 28
-12.239606857299805 -1.6916024684906006 -1.0080283880233765 70 83 55
-11.953189849853516 -2.097742795944214 -1.1042368412017822 69 97 36
-9.23520278930664 -1.970559000968933 -0.9523682594299316 50 78 19
-10.459813117980957 -1.0552475452423096 -1.1442950963974 56 82 21
-9.604564666748047 -1.3216127157211304 -1.1497174501419067 72 110 11
-8.759066581726074 -1.532930850982666 -1.1402206420898438 64 102 15
-7.536068439483643 -1.6038814783096313 -1.0642027854919434 62 97 33
-8.324637413024902 -0.8338212370872498 -1.221553921699524 61 90 44
-7.607183456420898 -1.043656587600708 -1.1958222389221191 52 94 12
-7.186917304992676 -1.254814624786377 -1.2081775665283203 66 106 36
-6.396442890167236 -1.3608711957931519 -1.150284767150879 92 137 70
-6.718943119049072 -0.6646998524665833 -1.241856575012207 81 106 64
-6.294436931610107 -0.8600867390632629 -1.2305119037628174 63 90 49
-5.8826727867126465 -1.0242410898208618 -1.2173453569412231 85 115 61
-5.522434711456299 -1.174317717552185 -1.2094507217407227 102 133 92
-5.727427005767822 -0.5632790923118591 -1.2814521789550781 66 98 51
-5.314881324768066 -0.7220805883407593 -1.248075246810913 76 107 66
-15.553922653198242 -1.572247862815857 2.911553144454956 87 103 103
-15.608744621276855 -2.1625778675079346 2.7731454372406006 83 96 102
-10.917015075683594 -1.922619104385376 1.841872215270996 92 126 127
-9.588448524475098 -2.049295425415039 1.5322657823562622 156 184 208
-15.942291259765625 -1.6081326007843018 2.380103349685669 84 97 105
-13.622675895690918 -1.8789290189743042 1.9052625894546509 66 94 97
-14.964998245239258 -2.6247479915618896 1.9573755264282227 104 142 161
-12.603991508483887 -2.68528413772583 1.5352972745895386 54 65 69
-15.850708961486816 -1.5921876430511475 1.7745023965835571 91 113 126
-20.37413215637207 -2.799626350402832 2.084986686706543 107 130 138
-11.271865844726562 -1.9701064825057983 1.0520442724227905 77 108 102
-16.70101547241211 -3.546273946762085 1.4039865732192993 90 107 101
-16.357521057128906 -1.6390594244003296 1.224834680557251 94 100 112
-13.620699882507324 -1.867272138595581 0.8919410705566406 65 75 51
-17.902578353881836 -3.1196906566619873 1.0026307106018066 67 84 65
-11.250465393066406 -2.3827548027038574 0.5250287055969238 63 79 50
-26.559913635253906 -2.650592803955078 1.0114010572433472 86 97 83
-13.35445785522461 -1.8253114223480225 0.3807298243045807 79 93 76
-20.209548950195312 -3.511889934539795 0.3834725320339203 63 68 61
-11.973395347595215 -2.528660774230957 0.11106704920530319 69 84 63
-15.374634742736816 -1.5240408182144165 0.020493650808930397 79 92 85
-13.250336647033691 -1.8037774562835693 -0.11016492545604706 73 87 70
-12.551074981689453 -2.1740527153015137 -0.22723472118377686 65 73 58
-17.031858444213867 -3.5916788578033447 -0.4776931703090668 70 78 63
-12.759949684143066 -1.2603572607040405 -0.4517887532711029 44 48 47
-12.860111236572266 -1.7453980445861816 -0.5807033777236938 74 88 55
-12.156844139099121 -2.099428176879883 -0.6705122590065002 40 60 23
-15.672163009643555 -3.296947479248047 -1.0255520343780518 60 74 51
-11.543615341186523 -1.1337047815322876 -0.8326584696769714 33 38 31
-12.216095924377441 -1.650174856185913 -1.005670428276062 74 89 60
-11.71323299407959 -2.018608331680298 -1.0814924240112305 61 84 42
-10.450517654418945 -2.1963765621185303 -1.0769959688186646 49 72 26
-10.499608993530273 -1.026732087135315 -1.148298740386963 75 100 43
-9.586921691894531 -1.2892283201217651 -1.1471266746520996 66 101 9
-8.25051498413086 -1.4178553819656372 -1.0734481811523438 63 95 20
-8.190533638000488 -1.716920256614685 -1.1558736562728882 45 81 11
-8.296625137329102 -0.8053141832351685 -1.2170751094818115 81 108 65
-7.626018524169922 -1.0224138498306274 -1.1982842683792114 81 114 67
-7.205318450927734 -1.2352601289749146 -1.2106281518936157 61 96 14
-6.209726810455322 -1.301245927810669 -1.1159840822219849 96 124 86
-6.747384071350098 -0.646616518497467 -1.246740698814392 67 95 46
-6.328185558319092 -0.8449293375015259 -1.236596941947937 72 108 62
-5.915728569030762 -1.011306881904602 -1.2235379219055176 57 98 30
-5.570992946624756 -1.16679048538208 -1.219295620918274 71 106 40
-5.734958171844482 -0.5462602972984314 -1.2827562093734741 64 89 59
-5.3045196533203125 -0.7041053175926208 -1.2451289892196655 114 132 106
-15.62618350982666 -1.5311367511749268 2.9241864681243896 66 89 81
-15.605546951293945 -2.113358974456787 2.7714123725891113 146 178 201
-11.007430076599121 -1.9037432670593262 1.8561325073242188 88 116 94
-9.592757225036621 -2.0194618701934814 1.5319569110870361 109 132 148
-15.97077751159668 -1.5615248680114746 2.383629560470581 79 105 94
-14.534448623657227 -1.9592663049697876 2.0319323539733887 77 88 94
-11.058443069458008 -1.9046157598495483 1.4456391334533691 93 114 115
-12.614114761352539 -2.6470108032226562 1.5355339050292969 91 110 114
-15.884203910827637 -1.546343445777893 1.7777128219604492 97 117 128
-13.735665321350098 -1.8445110321044922 1.4050534963607788 105 169 194
-11.322022438049316 -1.943095326423645 1.0561641454696655 63 91 66
-13.675966262817383 -2.8601176738739014 1.148939847946167 81 99 101
-13.600648880004883 -1.8220305442810059 0.8902577757835388 54 63 36
-11.389907836914062 -1.948811650276184 0.6375519037246704 90 107 101
-11.139395713806152 -2.3235461711883545 0.5195102691650391 59 73 58
-26.54206085205078 -2.5665950775146484 1.0104166269302368 100 118 94
-13.363959312438965 -1.784861445426941 0.38084280490875244 86 100 85
-20.222200393676758 -3.4502079486846924 0.38350993394851685 43 62 43
-11.98892879486084 -2.493543863296509 0.11113964766263962 57 70 63
-15.305577278137207 -1.4697911739349365 0.020395493134856224 91 108 90
-13.23300838470459 -1.7600849866867065 -0.10997544974088669 74 87 69
-12.383218765258789 -2.1058666706085205 -0.22407768666744232 76 88 74
-12.134418487548828 -2.520047903060913 -0.340116024017334 35 45 34
-12.77768325805664 -1.2225369215011597 -0.45228174328804016 38 34 31
-12.864415168762207 -1.7058043479919434 -0.5806586742401123 70 86 59
-15.541956901550293 -2.6349425315856934 -0.8567686676979065 47 63 34
-9.773038864135742 -2.024660587310791 -0.6391168236732483 53 62 41
-11.388166427612305 -1.083173155784607 -0.8212022185325623 38 48 40
-11.285348892211914 -1.4892072677612305 -0.9286676645278931 55 67 43
-11.713479995727539 -1.9816665649414062 -1.080948829650879 65 77 57
-10.199015617370605 -2.1108672618865967 -1.050404667854309 56 78 40
-10.570009231567383 -1.0008875131607056 -1.1556568145751953 70 101 41
-9.581971168518066 -1.2586461305618286 -1.1460667848587036 70 102 29
-8.76830768585205 -1.4791574478149414 -1.1402206420898438 64 97 10
-8.0521821975708 -1.662145733833313 -1.1356239318847656 46 69 25
-8.277382850646973 -0.7778199911117554 -1.213896632194519 71 100 42
-7.675166606903076 -1.005042552947998 -1.2055168151855469 43 78 24
-7.215884685516357 -1.214294672012329 -1.211771845817566 65 100 46
-6.379593849182129 -1.3164228200912476 -1.1457806825637817 43 74 32
-6.727791786193848 -0.6239147782325745 -1.2427610158920288 72 103 46
-6.3141984939575195 -0.8233527541160583 -1.2333643436431885 51 86 22
-5.928466320037842 -0.9947744011878967 -1.22553551197052 56 80 18
-5.639667510986328 -1.1631239652633667 -1.233539342880249 84 109 67
-5.756046772003174 -0.5304545760154724 -1.2871030569076538 60 79 51
-5.32404088973999 -0.6900814771652222 -1.2492083311080933 102 132 80
-15.858844757080078 -1.5048272609710693 2.9668471813201904 89 118 132
-15.319049835205078 -2.0267200469970703 2.7194159030914307 145 186 204
-10.990850448608398 -1.8661659955978394 1.8523625135421753 58 71 87
-15.907561302185059 -3.297917127609253 2.538799285888672 99 140 162
-16.295534133911133 -1.5428205728530884 2.4313812255859375 136 166 190
-14.539408683776855 -1.9145365953445435 2.0317952632904053 92 123 115
-11.074992179870605 -1.872498869895935 1.4470447301864624 92 114 128
-12.625093460083008 -2.6089015007019043 1.5358887910842896 101 126 148
-16.208471298217773 -1.527727723121643 1.8134708404541016 81 102 93
-13.598224639892578 -1.783600926399231 1.3904281854629517 75 112 121
-14.606707572937012 -2.460707187652588 1.361862301826477 119 149 139
-11.367291450500488 -2.3409173488616943 0.9543765187263489 90 110 111
-27.471399307250977 -2.5825417041778564 2.055805206298828 86 110 96
-13.487439155578613 -1.7647597789764404 0.8824888467788696 31 33 30
-11.504149436950684 -1.9320497512817383 0.6436117887496948 92 114 102
-20.617694854736328 -4.234642505645752 0.9609412550926208 66 87 70
-26.562744140625 -2.4863638877868652 1.0109089612960815 77 90 70
-13.827308654785156 -1.8035845756530762 0.3938876688480377 69 81 71
-11.458419799804688 -1.9188182353973389 0.21719394624233246 64 81 63
-12.004359245300293 -2.458355665206909 0.11121225357055664 64 72 51
-12.257171630859375 -1.1391133069992065 0.01632859744131565 90 106 80
-13.25322151184082 -1.7214105129241943 -0.11009901762008667 77 89 75
-11.658846855163574 -1.9458972215652466 -0.2108609676361084 59 67 56
-12.141112327575684 -2.482607841491699 -0.3400885760784149 55 60 53
-12.888847351074219 -1.1932799816131592 -0.4560847878456116 74 82 61
-12.881477355957031 -1.6678681373596191 -0.5811951160430908 57 65 54
-16.300527572631836 -2.7121284008026123 -0.8981229066848755 36 48 36
-11.684002876281738 -2.383190155029297 -0.7636042833328247 53 71 49
-12.79090690612793 -1.1770076751708984 -0.9220892190933228 31 38 30
-12.682686805725098 -1.6340274810791016 -1.0432367324829102 92 107 74
-11.739152908325195 -1.948982834815979 -1.0827610492706299 67 84 50
-9.558098793029785 -1.9476574659347534 -0.9837760925292969 47 84 4
-10.594809532165527 -0.9704495072364807 -1.1580374240875244 59 84 27
-9.580862998962402 -1.2286115884780884 -1.1454780101776123 71 105 18
-8.982216835021973 -1.4869158267974854 -1.1674385070800781 58 89 32
-8.203826904296875 -1.6672236919403076 -1.1562840938568115 53 99 11
-7.811642646789551 -0.7098841667175293 -1.1452699899673462 70 101 44
-7.720358848571777 -0.986877977848053 -1.212133765220642 52 90 15
-7.235150337219238 -1.1947227716445923 -1.214385986328125 43 81 8
-6.215663909912109 -1.26272714138031 -1.1156376600265503 55 112 9
-6.732612609863281 -0.6035346984863281 -1.243303656578064 76 117 47
-6.277738571166992 -0.799018919467926 -1.2257579565048218 51 81 47
-5.937291622161865 -0.9775364995002747 -1.2267341613769531 67 98 28
-5.641292572021484 -1.1454271078109741 -1.233120322227478 106 145 101
-5.831537246704102 -0.5193736553192139 -1.3036210536956787 41 62 31
-5.355121612548828 -0.6774112582206726 -1.256007432937622 96 116 81
-10.651009559631348 -2.184152841567993 2.1126413345336914 91 134 179
-15.547176361083984 -1.4271396398544312 2.907708168029785 87 136 166
-15.167939186096191 -1.9593979120254517 2.6915111541748047 142 168 185
-11.001389503479004 -1.833248496055603 1.8531821966171265 119 159 184
-11.410375595092773 -2.3290834426879883 1.8199129104614258 107 130 138
-16.724735260009766 -1.5317003726959229 2.4947078227996826 106 137 142
-14.145355224609375 -1.8185158967971802 1.9759397506713867 71 89 99
-14.897527694702148 -2.4718048572540283 1.9454925060272217 65 81 78
-12.522110939025879 -2.5475881099700928 1.5224025249481201 61 94 85
-16.23881721496582 -1.4803396463394165 1.8163492679595947 82 99 93
-11.997052192687988 -1.5361595153808594 1.2262194156646729 96 150 184
-13.09431266784668 -2.1646311283111572 1.2202285528182983 51 61 50
-17.066024780273438 -3.4599390029907227 1.4319335222244263 103 124 115
-26.882314682006836 -2.443984031677246 2.011151075363159 110 121 107
-13.467053413391113 -1.7200853824615479 0.8808055520057678 42 48 38
-12.12281322479248 -1.9977285861968994 0.6778774857521057 93 100 116
-12.00529956817627 -2.42739200592041 0.5591884255409241 70 84 67
-27.28879165649414 -2.4698939323425293 1.0382471084594727 74 87 70
-13.8883056640625 -1.7682243585586548 0.3954688608646393 65 77 55
-11.477078437805176 -1.8857625722885132 0.21743692457675934 104 132 110
-12.053014755249023 -2.4298148155212402 0.11159342527389526 44 65 34
-12.303436279296875 -1.1053510904312134 0.0163856353610754 85 99 86
-13.264391899108887 -1.6814966201782227 -0.11014843732118607 72 84 64
-11.711136817932129 -1.9177131652832031 -0.21169927716255188 61 73 61
-12.151612281799316 -2.445939540863037 -0.34017086029052734 71 85 72
-16.364410400390625 -1.464434266090393 -0.5789093375205994 63 76 50
-12.914284706115723 -1.6318471431732178 -0.5824466943740845 48 66 40
-11.773573875427246 -1.9218189716339111 -0.6483699083328247 54 59 52
-15.43179702758789 -3.098345994949341 -1.0079141855239868 42 63 24
-12.657353401184082 -1.1255680322647095 -0.9122081995010376 46 53 46
-12.735106468200684 -1.6010774374008179 -1.0471396446228027 80 111 41
-11.751956939697266 -1.9140790700912476 -1.0833953619003296 63 81 43
-10.52784538269043 -2.1116440296173096 -1.082916259765625 55 90 8
-10.608630180358887 -0.9389045238494873 -1.159227728843689 62 93 26
-9.670312881469727 -1.2099380493164062 -1.1557233333587646 66 101 19
-9.01317024230957 -1.4636443853378296 -1.170872449874878 56 90 29
-7.670773983001709 -1.5344034433364868 -1.0804846286773682 51 80 22
-8.344099044799805 -0.7324675917625427 -1.2229986190795898 67 98 56
-7.732174396514893 -0.9642881155014038 -1.213518738746643 43 88 19
-7.238781929016113 -1.1725200414657593 -1.214385986328125 60 94 43
-6.273591041564941 -1.25446617603302 -1.1253387928009033 72 102 74
-6.734432697296143 -0.5828765034675598 -1.243303656578064 70 102 39
-6.32595157623291 -0.7854408621788025 -1.2346954345703125 49 76 35
-5.982824325561523 -0.9661900401115417 -1.2355235815048218 68 101 56
-5.623685359954834 -1.1238986253738403 -1.2285120487213135 65 119 0
-5.830185890197754 -0.5012295246124268 -1.3029690980911255 44 71 40
-5.389073848724365 -0.664914608001709 -1.263486385345459 74 111 44
-10.65477466583252 -2.150883197784424 2.1120693683624268 93 136 179
-15.462369918823242 -1.371530532836914 2.8910467624664307 90 127 146
-15.560824394226074 -1.961633324623108 2.7601466178894043 155 186 206
-10.876506805419922 -1.7781603336334229 1.8312180042266846 130 169 200
-15.862598419189453 -3.1872081756591797 2.528454542160034 109 140 161
-15.196605682373047 -1.9062892198562622 2.121959924697876 26 44 22
-16.3166446685791 -2.6558544635772705 2.1297430992126465 60 79 57
-11.578614234924316 -2.318666458129883 1.4068233966827393 38 46 35
-13.289056777954102 -1.1703401803970337 1.4860031604766846 70 92 105
-13.545730590820312 -1.6922369003295898 1.3839727640151978 16 65 70
-13.10285758972168 -2.1247668266296387 1.2204116582870483 63 79 50
-11.543684005737305 -2.303499937057495 0.967981219291687 94 124 116
-13.480189323425293 -1.6797481775283813 0.881323516368866 48 60 58
-11.787837028503418 -1.9053996801376343 0.6588165163993835 111 132 123
-12.015629768371582 -2.3911337852478027 0.5593252778053284 61 66 62
-34.03966522216797 -2.9756526947021484 1.2947418689727783 79 94 75
-26.76162338256836 -3.3238205909729004 0.7617420554161072 54 56 55
-20.58772087097168 -3.31786847114563 0.3898462951183319 59 73 58
-12.128090858459473 -2.406252861022949 0.11221964657306671 30 32 18
-12.682358741760254 -1.1001814603805542 0.016885707154870033 68 88 77
-13.282389640808105 -1.6423894166946411 -0.11025553941726685 113 129 102
-12.446499824523926 -1.9989399909973145 -0.22488032281398773 55 70 51
-16.255878448486328 -3.2202062606811523 -0.4547865092754364 34 38 21
-12.679865837097168 -1.095505952835083 -0.4484434723854065 62 72 47
-13.020363807678223 -1.6046830415725708 -0.587006151676178 34 37 20
-11.794204711914062 -1.888056755065918 -0.649183988571167 75 90 67
-15.432418823242188 -3.049246311187744 -1.0073391199111938 57 69 47
-12.74720573425293 -1.0941517353057861 -0.9184375405311584 23 29 25
-12.92198657989502 -1.5843168497085571 -1.062101125717163 69 101 38
-11.753840446472168 -1.877387285232544 -1.0830329656600952 75 89 63
-9.932008743286133 -1.960455298423767 -1.0210037231445312 78 104 41
-10.632261276245117 -0.9081299304962158 -1.161500096321106 73 112 47
-9.74298095703125 -1.1886827945709229 -1.1639667749404907 78 110 37
-8.993130683898926 -1.4320859909057617 -1.16769278049469 67 98 39
-8.141979217529297 -1.6026968955993652 -1.1461594104766846 81 114 57
-8.348278999328613 -0.707031786441803 -1.223287582397461 84 108 72
-7.7341156005859375 -0.9404423236846924 -1.213364839553833 54 75 42
-7.238447189331055 -1.1496871709823608 -1.213732361793518 62 93 51
-6.287074089050293 -1.237114667892456 -1.1270712614059448 49 91 9
-6.842039585113525 -0.5710472464561462 -1.2628406286239624 66 89 61
-6.353672504425049 -0.769096851348877 -1.2396395206451416 48 77 31
-6.065118789672852 -0.9603966474533081 -1.251904010772705 64 94 42
-5.6175127029418945 -1.1047533750534058 -1.2264175415039062 54 82 21
-5.82877779006958 -0.48309850692749023 -1.3023170232772827 47 64 48
-5.398824691772461 -0.649308443069458 -1.2652994394302368 76 99 55
-10.69598388671875 -2.1250710487365723 2.1189358234405518 79 118 133
-15.550742149353027 -1.331297755241394 2.906792640686035 101 152 195
-14.921614646911621 -1.8345645666122437 2.645754098892212 150 178 199
-10.916001319885254 -1.7502493858337402 1.836954951286316 133 173 199
-16.048704147338867 -3.173408269882202 2.5565552711486816 112 156 159
-11.688738822937012 -0.9982060194015503 1.742578148841858 122 158 180
-15.285955429077148 -1.8698809146881104 2.1336252689361572 67 70 63
-13.166135787963867 -2.101604461669922 1.7176707983016968 100 131 159
-12.565759658813477 -2.476273775100708 1.525833249092102 30 37 29
-13.287633895874023 -1.1291435956954956 1.4854496717453003 96 111 114
-12.089210510253906 -1.4726234674453735 1.234692096710205 106 165 195
-12.752325057983398 -2.0277915000915527 1.1871776580810547 59 71 49
-25.829599380493164 -2.188565731048584 1.931352972984314 104 146 136
-13.497166633605957 -1.6398279666900635 0.8821004033088684 71 88 69
-13.432644844055176 -2.1290013790130615 0.7503753900527954 116 130 115
-11.42490005493164 -2.2371602058410645 0.5315049290657043 85 102 83
-43.07011795043945 -3.6319580078125 1.637795090675354 92 108 95
-23.40265655517578 -2.8337550163269043 0.6658819317817688 32 45 38
-11.443004608154297 -1.8081268072128296 0.21657712757587433 61 79 57
-12.152100563049316 -2.3722901344299316 0.11237393319606781 33 35 30
-12.588016510009766 -1.0530973672866821 0.016755715012550354 84 95 87
-17.76579475402832 -2.1414525508880615 -0.14741651713848114 43 51 38
-12.07528305053711 -1.9013382196426392 -0.21806685626506805 74 88 71
-12.242921829223633 -2.38624906539917 -0.34231066703796387 55 61 49
-12.951072692871094 -1.0789179801940918 -0.45791590213775635 73 85 65
-13.06291675567627 -1.5692574977874756 -0.5887047648429871 36 41 35
-12.196495056152344 -1.9140981435775757 -0.6710007190704346 63 82 50
-15.706197738647461 -3.053304672241211 -1.024593472480774 68 80 56
-12.657063484191895 -1.047307014465332 -0.9117069840431213 68 84 58
-12.788235664367676 -1.5281094312667847 -1.0507174730300903 61 77 50
-11.716254234313965 -1.8345396518707275 -1.0790458917617798 59 76 32
-7.657369613647461 -1.4870766401290894 -0.7866997122764587 54 83 35
-10.654812812805176 -0.8771376609802246 -1.1636642217636108 53 88 20
-9.785039901733398 -1.1633583307266235 -1.1685594320297241 71 108 39
-9.035701751708984 -1.4104547500610352 -1.172653079032898 62 102 29
-7.976665496826172 -1.5447509288787842 -1.1222155094146729 53 88 22
-8.344491958618164 -0.6809334754943848 -1.2224206924438477 86 102 73
-7.736964225769043 -0.9167099595069885 -1.213364839553833 57 80 51
-7.192224502563477 -1.1197344064712524 -1.2054001092910767 59 98 33
-6.431044578552246 -1.2449620962142944 -1.1521903276443481 56 97 39
-6.943753719329834 -0.558090329170227 -1.2812920808792114 65 94 50
-6.39207649230957 -0.7538549304008484 -1.2466753721237183 29 56 21
-6.117417812347412 -0.9494487047195435 -1.262091875076294 58 87 41
-5.66407585144043 -1.095872163772583 -1.235843300819397 57 85 37
-5.818556785583496 -0.46428215503692627 -1.2997089624404907 55 66 58
-5.4346489906311035 -0.636708676815033 -1.2732315063476562 60 88 39
-11.30650806427002 -2.210334300994873 2.238530397415161 80 97 113
-15.966256141662598 -1.3175398111343384 2.983692169189453 70 100 134
-15.834635734558105 -1.8975216150283813 2.8065967559814453 140 174 183
-11.18053913116455 -1.7574987411499023 1.880555272102356 103 141 164
-11.239303588867188 -2.186607837677002 1.789341688156128 123 159 171
-11.701604843139648 -0.9631522297859192 1.7440475225448608 110 131 152
-15.312274932861328 -1.8254377841949463 2.136507034301758 44 46 45
-11.399919509887695 -1.7838293313980103 1.4865269660949707 102 158 207
-12.631787300109863 -2.4490506649017334 1.5329312086105347 36 35 30
-16.66975975036621 -1.3650484085083008 1.8630669116973877 88 139 166
-12.096634864807129 -1.4358792304992676 1.234994649887085 84 96 86
-11.658463478088379 -1.817198634147644 1.0848206281661987 100 117 109
-11.485188484191895 -2.218637704849243 0.961916446685791 111 144 125
-13.402138710021973 -1.094173789024353 1.001860499382019 90 119 115
-13.514026641845703 -1.599819302558899 0.8828772902488708 94 111 92
-13.636443138122559 -2.118436098098755 0.7613933682441711 108 129 122
-11.428767204284668 -2.2015318870544434 0.5313681364059448 65 77 65
-26.448955535888672 -3.1203181743621826 0.7522830963134766 31 36 32
-13.606391906738281 -2.10720157623291 0.2573991119861603 87 103 92
-12.05915641784668 -2.3157615661621094 0.11144822090864182 39 41 36
-12.587200164794922 -1.014151692390442 0.016750408336520195 79 94 75
-17.796117782592773 -2.0897367000579834 -0.1476142406463623 85 91 79
-14.541539192199707 -2.2439706325531006 -0.2624792754650116 31 44 14
-12.370940208435059 -2.37182879447937 -0.3456849455833435 57 58 52
-12.73615837097168 -1.0216788053512573 -0.45020416378974915 75 87 65
-13.056754112243652 -1.5278962850570679 -0.5882130265235901 37 42 38
-12.17270278930664 -1.872117280960083 -0.6693726181983948 57 72 51
-9.843133926391602 -1.8821965456008911 -0.6417369246482849 66 74 59
-12.787485122680664 -1.018608570098877 -0.9208720326423645 59 79 42
-12.710693359375 -1.4793052673339844 -1.0439685583114624 62 91 37
-11.845856666564941 -1.8176170587539673 -1.0904632806777954 49 72 26
-10.627949714660645 -2.030153274536133 -1.0912449359893799 71 92 59
-10.701058387756348 -0.8479000926017761 -1.1684253215789795 59 98 15
-9.520247459411621 -1.1022669076919556 -1.1365280151367188 59 97 22
-9.057635307312012 -1.3854265213012695 -1.1749424934387207 68 97 39
-7.957038879394531 -1.5156376361846924 -1.1187947988510132 47 83 13
-8.324838638305664 -0.6536257266998291 -1.2192422151565552 101 118 86
-7.7093119621276855 -0.8894582986831665 -1.208594560623169 80 114 27
-7.1868486404418945 -1.0963246822357178 -1.2039297819137573 76 114 55
-6.343888759613037 -1.2079095840454102 -1.1359062194824219 69 104 46
-6.941511154174805 -0.536481499671936 -1.2805684804916382 86 112 75
-6.41386604309082 -0.7364806532859802 -1.2504785060882568 47 75 34
-6.08349084854126 -0.9250786900520325 -1.2545008659362793 89 128 65
-5.6059346199035645 -1.06679105758667 -1.2224376201629639 61 101 12
-5.809247970581055 -0.4456076920032501 -1.2973182201385498 62 77 58
-5.437544822692871 -0.6201428174972534 -1.2734582424163818 87 110 54
-14.261077880859375 -2.742532253265381 2.82181453704834 93 126 180
-15.908482551574707 -1.2636456489562988 2.9721572399139404 122 147 167
-16.651330947875977 -1.9435887336730957 2.9502804279327393 141 179 188
-11.216102600097656 -1.7278450727462769 1.885636568069458 133 163 189
-10.986862182617188 -2.1025331020355225 1.7481168508529663 79 108 116
-14.588520050048828 -2.2369420528411865 1.9014103412628174 84 123 140
-17.367984771728516 -3.3120501041412354 2.106449604034424 44 48 33
-13.307191848754883 -1.0486059188842773 1.4868888854980469 85 121 155
-15.396040916442871 -1.7796382904052734 1.5712796449661255 113 162 195
-13.161233901977539 -2.0100951194763184 1.224073886871338 74 92 80
-12.543517112731934 -2.383183479309082 1.049937129020691 101 126 130
-13.444205284118652 -1.0560972690582275 1.0047582387924194 55 63 76
-20.449310302734375 -2.357239007949829 1.3354837894439697 80 94 81
-13.304298400878906 -2.025054693222046 0.7424976229667664 54 80 55
-11.722065925598145 -2.220754861831665 0.544685423374176 78 93 86
-13.756155014038086 -1.075046181678772 0.522834300994873 81 98 80
-23.694684982299805 -2.721703052520752 0.6737031936645508 33 37 38
-13.607850074768066 -2.064697742462158 0.25730565190315247 65 83 61
-11.70166301727295 -2.2099087238311768 0.10808117687702179 40 47 40
-12.608199119567871 -0.976920485496521 0.016774285584688187 78 96 70
-17.81138801574707 -2.03615140914917 -0.1476883888244629 46 59 42
-11.757514953613281 -1.7774419784545898 -0.21212735772132874 50 52 41
-12.37913990020752 -2.3340492248535156 -0.3457123637199402 74 89 60
-12.794035911560059 -0.9868269562721252 -0.4521408677101135 74 82 61
-13.08222484588623 -1.4902058839797974 -0.5891517400741577 48 55 48
-17.05112648010254 -2.5688767433166504 -0.9371976256370544 59 75 46
-9.86357307434082 -1.8547556400299072 -0.6426954865455627 64 74 49
-12.57374382019043 -0.9627715349197388 -0.90526282787323 72 92 55
-12.684471130371094 -1.4368247985839844 -1.0414477586746216 70 95 37
-11.891756057739258 -1.7873347997665405 -1.094178557395935 70 80 53
-9.94278621673584 -1.867674708366394 -1.020301342010498 60 87 32
-10.687749862670898 -0.8138579726219177 -1.1666940450668335 53 84 24
-9.845280647277832 -1.1093006134033203 -1.1749186515808105 56 89 36
-8.94118881225586 -1.339555263519287 -1.1592985391616821 74 115 23
-7.96165132522583 -1.4912185668945312 -1.1187947988510132 59 94 30
-8.321871757507324 -0.6277102828025818 -1.2185198068618774 81 99 61
-7.377169132232666 -0.8282114267349243 -1.1561205387115479 47 73 34
-7.234086513519287 -1.0808308124542236 -1.2112817764282227 73 99 38
-6.691225528717041 -1.2527841329574585 -1.1974048614501953 53 92 48
-6.94410514831543 -0.5152554512023926 -1.2807494401931763 52 88 27
-6.433657646179199 -0.7187618017196655 -1.2539013624191284 48 75 32
-6.070794105529785 -0.9041011333465576 -1.2513047456741333 69 110 34
-5.644742965698242 -1.056241512298584 -1.2301877737045288 52 78 39
-5.806694030761719 -0.42749637365341187 -1.2964487075805664 63 73 65
-5.4549102783203125 -0.6051760911941528 -1.2770843505859375 78 105 52
-13.250868797302246 -2.5061280727386475 2.6203925609588623 77 148 176
-16.511211395263672 -1.2605586051940918 3.084027051925659 120 166 182
-15.305810928344727 -1.7389553785324097 2.710923194885254 131 168 184
-10.86606502532959 -2.0448789596557617 1.7278906106948853 60 70 69
-16.141666412353516 -1.2289451360702515 2.4046404361724854 85 106 137
-16.412778854370117 -1.8545678853988647 2.288428544998169 45 62 44
-14.57863998413086 -2.1896700859069824 1.899238109588623 72 98 71
-17.227764129638672 -3.2305660247802734 2.088231325149536 50 49 45
-13.021960258483887 -0.9859403967857361 1.454673409461975 100 157 186
-15.517102241516113 -1.7454067468643188 1.583080768585205 95 116 107
-15.414748191833496 -2.305898427963257 1.4329994916915894 15 43 20
-11.546589851379395 -2.1570920944213867 0.965932309627533 103 120 112
-13.447382926940918 -1.0148460865020752 1.0047582387924194 92 107 102
-20.814443588256836 -2.3346450328826904 1.3588553667068481 90 96 68
-13.29859733581543 -1.9824614524841309 0.7418364882469177 79 93 102
-21.776350021362305 -4.056380271911621 1.01129150390625 68 79 62
-13.735472679138184 -1.0310425758361816 0.5219255089759827 91 106 83
-23.73272705078125 -2.652326822280884 0.6745502948760986 68 86 62
-13.589397430419922 -2.019266128540039 0.2568383812904358 74 92 70
-11.432121276855469 -2.1227011680603027 0.10553093254566193 70 82 68
-12.242156982421875 -0.9107833504676819 0.01628349907696247 80 93 75
-16.985706329345703 -1.88898766040802 -0.14079329371452332 51 68 52
-16.691408157348633 -2.47096848487854 -0.3010057508945465 42 56 43
-12.049115180969238 -2.2335658073425293 -0.33630281686782837 47 55 44
-12.753150939941406 -0.944323718547821 -0.45059147477149963 83 93 69
-13.097657203674316 -1.4512735605239868 -0.5896434783935547 61 74 46
-11.79672908782959 -1.7402669191360474 -0.6480985283851624 56 81 41
-12.04089641571045 -2.2259562015533447 -0.7841178774833679 58 71 51
-12.632344245910645 -0.9282848238945007 -0.9092724919319153 58 84 19
-12.691791534423828 -1.3982300758361816 -1.041691780090332 67 99 23
-11.903094291687012 -1.7517129182815552 -1.0947222709655762 50 76 29
-10.269388198852539 -1.8964251279830933 -1.0532143115997314 61 87 26
-10.715974807739258 -0.7829480767250061 -1.1695075035095215 67 96 30
-9.90984058380127 -1.0857963562011719 -1.1822199821472168 55 95 25
-9.045355796813965 -1.3268007040023804 -1.172271490097046 62 101 22
-7.969111919403076 -1.4673237800598145 -1.119205355644226 56 90 6
-8.324745178222656 -0.6022475957870483 -1.218664288520813 100 111 81
-7.737215995788574 -0.8446042537689209 -1.212133765220642 43 68 26
-7.20905876159668 -1.0544910430908203 -1.2065438032150269 56 98 16
-6.53812313079834 -1.2033690214157104 -1.16934072971344 54 90 20
-6.936823844909668 -0.49332091212272644 -1.2791212797164917 58 80 41
-6.450472831726074 -0.700610339641571 -1.25675368309021 73 100 69
-6.038633346557617 -0.8803830146789551 -1.2441133260726929 79 106 63
-5.7239298820495605 -1.0528936386108398 -1.2467355728149414 83 108 69
-5.79824161529541 -0.4089928865432739 -1.2942754030227661 80 96 70
-5.479981899261475 -0.5909440517425537 -1.2825236320495605 72 102 52
-13.229541778564453 -2.4600791931152344 2.6146702766418457 42 73 93
-16.92679786682129 -1.2400654554367065 3.160926342010498 75 98 130
-15.277790069580078 -1.6883115768432617 2.7050302028656006 150 187 205
-11.376778602600098 -1.6812002658843994 1.9108790159225464 110 148 167
-16.223295211791992 -1.1851105690002441 2.416247844696045 130 169 200
-16.328792572021484 -1.794359564781189 2.275940179824829 58 62 61
-14.43712043762207 -2.123143434524536 1.8799442052841187 73 117 142
-17.04912567138672 -3.1429531574249268 2.065399646759033 31 46 41
-24.931726455688477 -1.8107619285583496 2.784470796585083 69 91 79
-15.337440490722656 -1.6775641441345215 1.5642189979553223 88 108 81
-11.721003532409668 -1.716602087020874 1.0891236066818237 41 46 40
-23.003381729125977 -4.2244133949279785 1.9232592582702637 96 121 115
-40.088714599609375 -2.9017491340637207 2.994659423828125 103 126 120
-21.99209213256836 -2.3984391689300537 1.435250163078308 10 30 19
-13.304616928100586 -1.941652536392212 0.7418364882469177 48 67 61
-12.179616928100586 -2.230111598968506 0.5652998089790344 61 73 69
-23.737770080566406 -2.579179286956787 0.6744655966758728 48 55 48
-13.301671028137207 -1.934821367263794 0.2512870132923126 72 78 74
-11.44251537322998 -2.088336229324341 0.10556723922491074 78 97 77
-13.332130432128906 -0.9507548809051514 0.01772932894527912 70 83 63
-18.477710723876953 -1.997543454170227 -0.1531088799238205 48 59 45
-11.805801391601562 -1.7107144594192505 -0.2128051370382309 34 44 35
-12.42764949798584 -2.264319896697998 -0.34667253494262695 64 76 54
-12.757981300354004 -0.9053345918655396 -0.45066189765930176 61 65 50
-13.41293716430664 -1.444566249847412 -0.6036347150802612 39 48 31
-12.256620407104492 -1.7697067260742188 -0.6730629801750183 42 51 48
-12.088908195495605 -2.196497678756714 -0.7868019342422485 53 70 38
-12.64110279083252 -0.8899452686309814 -0.9097021222114563 65 88 46
-11.095515251159668 -1.1879292726516724 -0.9103723764419556 66 97 30
-11.885741233825684 -1.7119210958480835 -1.0926381349563599 69 81 59
-10.660867691040039 -1.9349154233932495 -1.0927499532699585 58 83 26
-10.689566612243652 -0.748055636882782 -1.1663694381713867 54 93 10
-9.987184524536133 -1.0632728338241577 -1.1910520792007446 47 86 23
-9.080802917480469 -1.3035539388656616 -1.1763414144515991 69 100 32
-8.5067720413208 -1.5393531322479248 -1.1940470933914185 51 80 26
-8.310759544372559 -0.575610876083374 -1.2163527011871338 78 98 61
-7.850801944732666 -0.8326385617256165 -1.229522466659546 48 83 25
-7.305037975311279 -1.0456492900848389 -1.2220646142959595 55 84 38
-6.449714183807373 -1.1666507720947266 -1.1528832912445068 43 72 28
-6.943211078643799 -0.4723705053329468 -1.2800257205963135 54 70 43
-6.480906009674072 -0.6838046908378601 -1.262268304824829 61 89 48
-6.034515857696533 -0.860883891582489 -1.2427150011062622 61 85 49
-5.754075527191162 -1.0401984453201294 -1.2526006698608398 75 98 69
-5.800442695617676 -0.39126789569854736 -1.2944927215576172 74 90 63
-5.473051071166992 -0.5732157826423645 -1.2804838418960571 99 114 85
-10.365206718444824 -1.8945651054382324 2.047408103942871 91 129 152
-15.38963508605957 -1.6528959274291992 2.7239222526550293 148 187 204
-11.398479461669922 -1.6486893892288208 1.9136654138565063 58 82 146
-17.22345542907715 -1.2050610780715942 2.564646005630493 122 163 183
-16.35096549987793 -1.746043086051941 2.278273105621338 82 92 83
-14.484797477722168 -2.08477520942688 1.8853108882904053 84 107 99
-10.96762466430664 -1.9870753288269043 1.3279173374176025 86 119 134
-13.03470516204834 -0.9065032005310059 1.4554483890533447 86 128 144
-14.829052925109863 -1.5759342908859253 1.5118699073791504 52 61 42
-11.655241966247559 -1.6704624891281128 1.0825316905975342 35 42 34
-21.726491928100586 -3.921056032180786 1.8154871463775635 71 85 62
-16.721437454223633 -1.1587928533554077 1.2488335371017456 74 90 79
-22.47865104675293 -2.381742000579834 1.4665201902389526 23 28 32
-12.687786102294922 -1.8118963241577148 0.7071300745010376 72 84 82
-12.1864013671875 -2.192734718322754 0.5652998089790344 93 105 101
-12.958958625793457 -0.8928267955780029 0.4922018349170685 83 102 83
-26.59162139892578 -2.8067407608032227 0.7553043365478516 98 113 90
-13.345159530639648 -1.8993568420410156 0.25199729204177856 97 115 91
-12.433124542236328 -2.229736089706421 0.11464282870292664 67 76 55
-13.125473022460938 -0.8955529928207397 0.01745077595114708 115 130 107
-12.03076171875 -1.705643892288208 -0.21676480770111084 79 91 77
-12.46996021270752 -2.2325234413146973 -0.3476601243019104 52 64 52
-12.760698318481445 -0.8661894202232361 -0.45066189765930176 63 75 55
-11.441075325012207 -1.1967014074325562 -0.5147255063056946 59 72 46
-16.252429962158203 -2.295773983001709 -0.8920988440513611 56 75 45
-12.120150566101074 -2.1637840270996094 -0.7883995771408081 58 61 42
-12.409905433654785 -0.8354151248931885 -0.8928756713867188 55 80 38
-12.073601722717285 -1.2551931142807007 -0.9903023838996887 54 72 32
-11.909674644470215 -1.6780881881713867 -1.0943597555160522 46 62 35
-10.960604667663574 -1.9546014070510864 -1.1228532791137695 57 82 40
-10.678916931152344 -0.7143943905830383 -1.1649627685546875 64 103 14
-10.000277519226074 -1.0336486101150513 -1.1922297477722168 81 111 57
-8.76258373260498 -1.2304481267929077 -1.1346244812011719 68 102 26
-8.559244155883789 -1.5217440128326416 -1.2007513046264648 43 72 16
-8.299651145935059 -0.5492616891860962 -1.2144744396209717 92 109 75
-7.870028495788574 -0.8102689981460571 -1.2321385145187378 60 88 47
-7.305280685424805 -1.022822380065918 -1.2215745449066162 48 91 1
-6.642352104187012 -1.1804622411727905 -1.1866642236709595 60 85 45
-7.014309406280518 -0.4555927813053131 -1.2928694486618042 68 84 55
-6.498599529266357 -0.665518581867218 -1.2653107643127441 57 93 32
-6.037128448486328 -0.8423662185668945 -1.2427150011062622 87 128 72
-5.713915824890137 -1.014845609664917 -1.24317467212677 47 76 12
-5.7938232421875 -0.3729689121246338 -1.2927539348602295 72 74 69
-5.480597496032715 -0.5570129156112671 -1.281843662261963 92 108 63
-10.368072509765625 -1.86223566532135 2.0468361377716064 60 96 82
-15.51315975189209 -1.6180357933044434 2.74489426612854 123 162 169
-15.733833312988281 -2.811255931854248 2.4977288246154785 122 151 167
-16.191770553588867 -1.0829694271087646 2.410517454147339 118 163 196
-16.271512985229492 -1.687085509300232 2.2664706707000732 118 150 173
-13.52177619934082 -1.9038439989089966 1.759197473526001 109 124 105
-11.018640518188477 -1.9614229202270508 1.3333592414855957 99 136 142
-16.430904388427734 -1.092050552368164 1.834283471107483 85 130 149
-19.59006118774414 -2.0211422443389893 1.9966284036636353 89 119 147
-13.17899227142334 -1.847605586051941 1.2235244512557983 51 50 64
-11.248984336853027 -1.9945276975631714 0.9394605159759521 105 114 113
-27.865571975708008 -1.8451963663101196 2.080695867538452 69 99 91
-11.827025413513184 -1.6519654989242554 0.658871591091156 85 96 98
-15.425539016723633 -2.726731777191162 0.7151646614074707 51 80 50
-13.09226131439209 -0.8616620302200317 0.4971621334552765 81 89 74
-23.698457717895508 -2.427875518798828 0.67291259765625 65 80 59
-13.351914405822754 -1.8585433959960938 0.25201600790023804 84 97 77
-20.60778045654297 -3.6305437088012695 0.1899157464504242 34 44 36
-13.308775901794434 -0.8670473098754883 0.017690863460302353 74 85 69
-12.243180274963379 -1.247604250907898 -0.10138335824012756 65 75 51
-11.800230026245117 -1.636046290397644 -0.21251976490020752 62 71 54
-17.958528518676758 -3.158322334289551 -0.5004078149795532 71 80 63
-12.960759162902832 -0.8398312926292419 -0.45763418078422546 68 74 62
-13.410615921020508 -1.3611291646957397 -0.603143036365509 92 101 84
-11.10501480102539 -1.533929467201233 -0.609295129776001 71 90 68
-12.190624237060547 -2.137794017791748 -0.7925533652305603 56 75 47
-12.681163787841797 -0.8146020770072937 -0.9122081995010376 74 102 51
-11.311836242675781 -1.140930414199829 -0.9275292754173279 55 65 54
-11.922659873962402 -1.6426292657852173 -1.0950847864151 58 82 20
-10.789163589477539 -1.8898937702178955 -1.1046910285949707 55 88 19
-10.533234596252441 -0.6721948981285095 -1.1488398313522339 64 96 23
-10.074542999267578 -1.0100961923599243 -1.2007086277008057 71 96 54
-9.161347389221191 -1.2577942609786987 -1.1857532262802124 60 84 32
-8.583390235900879 -1.4988856315612793 -1.2034878730773926 46 68 32
-8.301297187805176 -0.5237960815429688 -1.2144744396209717 90 112 66
-7.8773932456970215 -0.7866111993789673 -1.2329078912734985 50 79 35
-7.299587249755859 -0.9992011785507202 -1.2201040983200073 60 93 36
-6.6537041664123535 -1.1614329814910889 -1.1880501508712769 54 89 35
-7.058866024017334 -0.4367433786392212 -1.3008289337158203 71 113 49
-6.525034427642822 -0.6480035781860352 -1.2700648307800293 63 87 61
-5.950366020202637 -0.8116571307182312 -1.2243369817733765 44 72 32
-5.720855236053467 -0.9979828596115112 -1.244012475013733 79 116 75
-5.787146091461182 -0.35471421480178833 -1.2910151481628418 91 97 87
-5.491973876953125 -0.5411511659622192 -1.2841100692749023 80 96 57
-13.357961654663086 -2.3569767475128174 2.6356518268585205 64 78 113
-15.240213394165039 -0.9755744338035583 2.84417462348938 88 145 200
-15.696385383605957 -1.5884820222854614 2.7764387130737305 136 168 181
-15.793889999389648 -2.1855955123901367 2.6492996215820312 78 88 77
-15.40373420715332 -2.7035348415374756 2.443997621536255 139 176 202
-16.195016860961914 -1.0332887172698975 2.410517454147339 108 152 181
-16.262813568115234 -1.6357693672180176 2.264549493789673 107 161 205
-13.353645324707031 -1.8384085893630981 1.7365814447402954 90 112 91
-14.681868553161621 -2.5670669078826904 1.7756829261779785 78 125 131
-13.64009952545166 -0.8645409941673279 1.5224254131317139 83 109 132
-17.279672622680664 -1.7292145490646362 1.760603666305542 101 128 147
-12.31345272064209 -1.687759518623352 1.1426825523376465 70 85 80
-11.252105712890625 -1.9594941139221191 0.9392147064208984 102 128 115
-16.837711334228516 -1.0630823373794556 1.2570066452026367 82 110 98
-20.473133087158203 -2.042294979095459 1.3348363637924194 95 112 106
-13.451522827148438 -1.8368147611618042 0.7490532994270325 65 85 58
-20.159156799316406 -3.499735116958618 0.934124231338501 89 113 87
-14.705517768859863 -0.9225355386734009 0.5583134293556213 75 88 71
-26.590436935424805 -2.6417458057403564 0.754796028137207 75 83 72
-13.342692375183105 -1.8155494928359985 0.2517356276512146 72 90 74
-12.444601058959961 -2.1530649662017822 0.11462467908859253 40 58 36
-13.476056098937988 -0.836434006690979 0.01790972612798214 46 58 44
-15.812467575073242 -1.5623210668563843 -0.1308996081352234 74 87 70
-13.082314491271973 -1.7729108333587646 -0.23551076650619507 36 46 38
-12.034246444702148 -2.0783913135528564 -0.3351506292819977 67 77 68
-13.190701484680176 -0.8141005039215088 -0.4656628668308258 98 107 90
-11.170820236206055 -1.0991840362548828 -0.5022541284561157 32 42 34
-11.076024055480957 -1.4953105449676514 -0.6074499487876892 54 80 33
-12.199091911315918 -2.100722312927246 -0.7926812171936035 49 63 38
-12.68559455871582 -0.7758147716522217 -0.9123513698577881 61 68 50
-12.718905448913574 -1.2434437274932861 -1.0425862073898315 45 53 30
-11.463762283325195 -1.5435824394226074 -1.0524955987930298 57 74 42
-10.855705261230469 -1.8672410249710083 -1.1109123229980469 61 75 52
-10.531277656555176 -0.6396352052688599 -1.148406982421875 61 94 23
-10.087478637695312 -0.9801435470581055 -1.2018862962722778 66 98 33
-9.189739227294922 -1.2329790592193604 -1.1889327764511108 64 98 12
-8.40439510345459 -1.44107186794281 -1.1777652502059937 45 76 19
-8.217920303344727 -0.49322739243507385 -1.2020494937896729 65 86 43
-7.87583589553833 -0.7620593905448914 -1.2322924137115479 36 68 19
-7.305551528930664 -0.9771940112113953 -1.2205941677093506 52 88 26
-6.573753833770752 -1.1267058849334717 -1.1731518507003784 51 88 19
-7.106317520141602 -0.4177979826927185 -1.3093310594558716 81 103 64
-6.544581890106201 -0.6296744346618652 -1.2734876871109009 73 106 77
-6.0043044090271 -0.8002586960792542 -1.23492431640625 60 83 37
-5.767260551452637 -0.9878556132316589 -1.2534384727478027 55 79 27
-5.780411720275879 -0.3365040123462677 -1.2892764806747437 97 112 91
-5.530452251434326 -0.5278157591819763 -1.292722225189209 116 149 94
-13.32934284210205 -2.3097825050354004 2.6285946369171143 80 131 162
-14.076397895812988 -0.8577204942703247 2.626476526260376 92 142 201
-15.904144287109375 -2.151146173477173 2.6666743755340576 69 87 63
-10.995465278625488 -1.8950780630111694 1.7436392307281494 89 130 124
-16.11122703552246 -0.9783223867416382 2.397587776184082 105 139 166
-11.523773193359375 -1.123399257659912 1.6041643619537354 64 74 83
-13.310074806213379 -1.7908189296722412 1.7301926612854004 73 97 83
-11.129312515258789 -1.9107470512390137 1.345307469367981 103 153 188
-13.113924026489258 -0.7908039093017578 1.4634193181991577 117 168 199
-20.19525718688965 -1.9584236145019531 2.057046890258789 113 162 179
-12.058009147644043 -1.6150740385055542 1.1185123920440674 98 132 160
-13.55388355255127 -2.3175153732299805 1.1307456493377686 89 99 91
-17.06088638305664 -1.0246320962905884 1.2734267711639404 90 106 80
-13.422453880310059 -1.7909153699874878 0.7471250891685486 95 108 88
-11.37000846862793 -1.9379777908325195 0.5265793800354004 39 60 45
-14.767132759094238 -0.8809261322021484 0.560547411441803 88 107 77
-13.361084938049316 -1.776319146156311 0.2519786059856415 95 119 87
-11.657546997070312 -1.9800792932510376 0.10731882601976395 54 72 46
-13.820962905883789 -0.8152841925621033 0.018364697694778442 92 107 86
-12.868759155273438 -1.231619119644165 -0.1064990684390068 67 79 69
-13.192758560180664 -1.7466769218444824 -0.23740141093730927 68 82 67
-12.028738975524902 -2.0394558906555176 -0.3348214328289032 57 65 50
-13.071420669555664 -0.7664909362792969 -0.46136680245399475 76 87 71
-11.179112434387207 -1.0653811693191528 -0.5024775862693787 38 45 38
-11.096399307250977 -1.463411569595337 -0.6083182692527771 79 95 59
-12.27534294128418 -2.075096368789673 -0.7972185015678406 80 91 74
-12.718783378601074 -0.7386850118637085 -0.9145710468292236 52 66 40
-12.316829681396484 -1.1659979820251465 -1.0093295574188232 41 56 17
-11.850561141967773 -1.5586633682250977 -1.0875636339187622 46 70 18
-10.803499221801758 -1.8241539001464844 -1.1049920320510864 60 88 37
-10.51731014251709 -0.6064070463180542 -1.1466755867004395 62 93 33
-10.0864839553833 -0.9488189816474915 -1.2014153003692627 68 97 41
-9.210198402404785 -1.2069705724716187 -1.191094994544983 58 83 18
-8.248571395874023 -1.3883167505264282 -1.1553263664245605 49 77 19
-8.317197799682617 -0.4735817611217499 -1.2163527011871338 80 112 63
-7.808288097381592 -0.7313507795333862 -1.2213667631149292 49 85 15
-7.300689220428467 -0.9537539482116699 -1.2192872762680054 63 108 17
-6.543186664581299 -1.100813627243042 -1.1670886278152466 52 87 31
-7.121313571929932 -0.39676007628440857 -1.311863660812378 61 83 45
-6.5855841636657715 -0.6132339835166931 -1.281093955039978 88 109 70
-6.079605579376221 -0.7913191914558411 -1.2499064207077026 53 81 41
-5.7355499267578125 -0.9643207788467407 -1.2458977699279785 68 91 47
-5.758026123046875 -0.3174787163734436 -1.2840602397918701 61 75 58
-5.546593189239502 -0.512189507484436 -1.2961217164993286 55 77 30
-13.330559730529785 -2.267889976501465 2.6274499893188477 93 133 169
-16.61994743347168 -0.9615380167961121 3.1005053520202637 91 142 195
-15.583279609680176 -1.4804973602294922 2.7547736167907715 135 152 144
-14.532702445983887 -1.9202663898468018 2.435723066329956 146 176 200
-11.09766960144043 -1.877652883529663 1.7589248418807983 92 102 127
-16.184263229370117 -0.9329308271408081 2.408019542694092 111 148 174
-16.151247024536133 -1.5245026350021362 2.247669219970703 110 157 203
-16.18491554260254 -2.127084732055664 2.1030383110046387 113 139 130
-12.638148307800293 -2.1298975944519043 1.52689790725708 89 111 125
-16.98499298095703 -0.9719501733779907 1.8950608968734741 110 147 165
-16.492570877075195 -1.5482983589172363 1.6794072389602661 74 102 90
-13.368231773376465 -1.7488359212875366 1.2395464181900024 89 107 143
-13.208072662353516 -2.2167019844055176 1.1013234853744507 95 129 113
-17.095809936523438 -0.974100649356842 1.2758045196533203 93 106 99
-26.85004425048828 -2.5121333599090576 1.749569296836853 77 93 90
-13.448678016662598 -1.752436876296997 0.7482819557189941 38 36 37
-11.376885414123535 -1.9032509326934814 0.5266250371932983 86 98 86
-13.5565767288208 -0.7669795155525208 0.514504075050354 107 116 113
-13.368453979492188 -1.7355769872665405 0.25201600790023804 87 100 83
-11.514628410339355 -1.919477105140686 0.10594841837882996 29 54 15
-14.731979370117188 -0.8236777782440186 0.01957176811993122 93 111 89
-12.82966136932373 -1.1881673336029053 -0.10614483803510666 72 86 69
-13.195079803466797 -1.7058093547821045 -0.23734790086746216 52 60 49
-11.762784957885742 -1.957257628440857 -0.3272498846054077 52 63 46
-13.315189361572266 -0.7398014664649963 -0.46988847851753235 73 82 61
-13.157962799072266 -1.2132446765899658 -0.5912526845932007 38 43 37
-12.86465072631836 -1.65647292137146 -0.7049740552902222 71 87 58
-12.208799362182617 -2.0253407955169678 -0.7924895286560059 58 77 47
-12.96100902557373 -0.7128620147705078 -0.9318271279335022 42 52 27
-12.669720649719238 -1.1601978540420532 -1.0379513502120972 39 45 33
-12.013331413269043 -1.5425928831100464 -1.1020621061325073 46 73 6
-10.808064460754395 -1.7908381223678589 -1.1048916578292847 60 88 40
-10.569746971130371 -0.5769007205963135 -1.1521942615509033 64 98 24
-9.786726951599121 -0.8903389573097229 -1.1653798818588257 67 95 34
-8.232948303222656 -1.0532227754592896 -1.0642906427383423 56 85 37
-8.42480754852295 -1.3914133310317993 -1.1794071197509766 43 76 21
-8.302802085876465 -0.44721120595932007 -1.2140411138534546 95 127 77
-7.689455986022949 -0.696429431438446 -1.2024391889572144 41 70 39
-7.3143463134765625 -0.9327239990234375 -1.2210843563079834 64 96 29
-6.777803897857666 -1.1189136505126953 -1.2083187103271484 51 83 20
-7.126425743103027 -0.37511715292930603 -1.3125872611999512 54 78 44
-6.605034351348877 -0.5946112275123596 -1.28451669216156 84 116 67
-6.145186901092529 -0.7806902527809143 -1.2628909349441528 59 75 49
-5.721115589141846 -0.943854808807373 -1.2421272993087769 58 91 20
-5.745326042175293 -0.2991013824939728 -1.2810174226760864 74 87 61
-5.565600872039795 -0.4967288672924042 -1.300201177597046 119 126 92
-13.331645965576172 -2.2260117530822754 2.62630558013916 46 62 61
-16.41275405883789 -0.8990374207496643 3.061323642730713 88 144 193
-15.908448219299316 -1.4621572494506836 2.8114497661590576 127 147 146
-15.3936185836792 -1.9859905242919922 2.578981876373291 128 166 189
-10.867509841918945 -1.8044334650039673 1.7215601205825806 118 142 154
-16.929784774780273 -0.923802375793457 2.518510341644287 125 167 192
-16.6589298248291 -1.520872950553894 2.317660093307495 82 123 153
-11.394651412963867 -1.4619815349578857 1.4800103902816772 80 110 112
-12.839577674865723 -2.1233551502227783 1.550439715385437 82 129 155
-16.61376190185547 -0.8995782732963562 1.8533248901367188 111 153 175
-16.30799674987793 -1.4805117845535278 1.660141944885254 114 159 190
-13.549359321594238 -1.7302676439285278 1.2558430433273315 76 126 133
-13.364287376403809 -2.200784921646118 1.1137808561325073 140 168 156
-27.345401763916016 -1.4739586114883423 2.040350914001465 99 123 110
-14.355073928833008 -1.2986700534820557 0.9351235032081604 108 125 132
-13.452010154724121 -1.7109166383743286 0.7481718063354492 71 82 68
-11.367884635925293 -1.8659110069274902 0.5259408950805664 114 127 110
-14.811175346374512 -0.7923821210861206 0.5620241165161133 106 123 107
-27.280656814575195 -2.456977128982544 0.7737139463424683 90 103 83
-26.782148361206055 -3.3935086727142334 0.504686176776886 63 74 57
-11.543160438537598 -1.8878538608551025 0.10615715384483337 72 84 72
-14.716462135314941 -0.7775270938873291 0.01954789273440838 83 98 75
-12.362147331237793 -1.1066292524337769 -0.10224833339452744 68 82 69
-13.186363220214844 -1.663567304611206 -0.23709818720817566 63 75 61
-11.730257987976074 -1.9148796796798706 -0.32617998123168945 76 87 71
-13.322385787963867 -0.699209451675415 -0.47006455063819885 94 100 86
-12.764595985412598 -1.1374906301498413 -0.5734172463417053 64 79 50
-12.891468048095703 -1.6197354793548584 -0.7061680555343628 67 88 57
-11.738216400146484 -1.9102901220321655 -0.7615593671798706 70 87 55
-13.155380249023438 -0.6830769777297974 -0.9456462860107422 37 39 36
-12.669249534606934 -1.1209709644317627 -1.0376261472702026 92 105 85
-11.897452354431152 -1.490625023841858 -1.091007113456726 65 89 41
-11.301592826843262 -1.8370064496994019 -1.154762864112854 57 85 24
-10.606215476989746 -0.5462601184844971 -1.1559815406799316 58 92 16
-10.042654037475586 -0.882564902305603 -1.1955270767211914 67 98 28
-8.822749137878418 -1.1011745929718018 -1.1400935649871826 56 79 51
-8.204131126403809 -1.3291237354278564 -1.1479380130767822 53 79 31
-8.288323402404785 -0.42093339562416077 -1.2117294073104858 61 95 35
-7.826409339904785 -0.6846317648887634 -1.223521113395691 66 91 59
-7.342628002166748 -0.9134461283683777 -1.225332260131836 68 102 41
-6.839538097381592 -1.1075605154037476 -1.2187128067016602 52 87 23
-7.121649265289307 -0.35295969247817993 -1.3115018606185913 53 72 50
-6.607806205749512 -0.5744295120239258 -1.284706950187683 59 85 38
-6.150469779968262 -0.7621948719024658 -1.2634902000427246 52 79 48
-5.755837917327881 -0.9314529895782471 -1.249039649963379 56 86 24
-5.741342067718506 -0.2812348008155823 -1.279930830001831 105 123 97
-5.5719499588012695 -0.48006951808929443 -1.301334261894226 65 80 57
-10.634693145751953 -1.7421767711639404 2.0939488410949707 91 132 160
-13.473026275634766 -0.696556806564331 2.512592315673828 87 143 200
-15.645045280456543 -1.3895573616027832 2.7641329765319824 110 131 116
-10.738834381103516 -1.3519772291183472 1.7984356880187988 148 181 200
-11.082653045654297 -1.8052349090576172 1.7547560930252075 149 186 205
-16.523574829101562 -0.8508005142211914 2.457681655883789 123 158 180
-11.708271980285645 -1.032693862915039 1.628455400466919 121 153 178
-16.430898666381836 -2.056933879852295 2.1333208084106445 99 112 95
-12.843091011047363 -2.0834767818450928 1.5500848293304443 80 111 116
-16.296838760375977 -0.8322815299034119 1.817677617073059 85 130 151
-16.25596809387207 -1.4255186319351196 1.6543926000595093 81 111 109
-13.548674583435059 -1.687951922416687 1.255293607711792 111 157 180
-13.373927116394043 -2.160250186920166 1.114026665687561 83 102 80
-27.48026466369629 -1.3966883420944214 2.050084114074707 110 127 119
-26.25555992126465 -2.2940914630889893 1.7098828554153442 136 155 161
-13.469086647033691 -1.6711137294769287 0.7488328814506531 84 95 79
-23.845806121826172 -3.83893084526062 1.1026880741119385 92 103 95
-14.740681648254395 -0.7432647943496704 0.5592600107192993 83 106 78
-33.61764144897461 -2.9237589836120605 0.9531799554824829 78 91 74
-23.74416160583496 -2.934584856033325 0.44726622104644775 75 78 69
-20.689678192138672 -3.3186025619506836 0.19017894566059113 54 59 62
-13.229621887207031 -0.6582768559455872 0.01757015474140644 76 94 72
-12.545804977416992 -1.0842819213867188 -0.10373938828706741 81 94 74
-13.227129936218262 -1.627500057220459 -0.23774030804634094 71 82 68
-12.37075424194336 -1.980491042137146 -0.3438194990158081 63 75 63
-12.891265869140625 -0.6369300484657288 -0.4547819197177887 87 104 68
-12.768026351928711 -1.0983240604400635 -0.5734172463417053 68 77 56
-12.917190551757812 -1.5827276706695557 -0.7073076963424683 63 82 50
-11.758803367614746 -1.8766279220581055 -0.7625178694725037 74 81 63
-13.895631790161133 -0.6787741184234619 -0.9987033009529114 24 19 23
-12.704407691955566 -1.0848103761672974 -1.0402281284332275 50 56 42
-12.060134887695312 -1.4734408855438232 -1.1055054664611816 49 75 12
-11.314053535461426 -1.8034212589263916 -1.1554652452468872 53 79 32
-10.69621467590332 -0.5179979205131531 -1.165611982345581 68 105 36
-10.105673789978027 -0.8568681478500366 -1.2027106285095215 73 104 44
-8.880239486694336 -1.0806918144226074 -1.147088646888733 64 88 26
-7.8911919593811035 -1.2535924911499023 -1.1036075353622437 60 87 42
-8.318239212036133 -0.39687076210975647 -1.2159192562103271 64 99 45
-7.841272354125977 -0.6616975665092468 -1.2255215644836426 51 74 45
-7.3091583251953125 -0.8865197896957397 -1.2192872762680054 63 100 31
-6.845821380615234 -1.0870351791381836 -1.2192325592041016 44 84 31
-7.1128740310668945 -0.3306524157524109 -1.3096928596496582 67 82 63
-6.629103660583496 -0.5557948350906372 -1.2885100841522217 57 82 50
-6.153751850128174 -0.7434394359588623 -1.2636898756027222 75 100 58
-5.786674499511719 -0.9182339906692505 -1.2551140785217285 73 98 56
-5.745102882385254 -0.2637535631656647 -1.2805827856063843 86 103 69
-5.577279567718506 -0.4632952809333801 -1.3022408485412598 75 93 69
-10.90555191040039 -1.752210259437561 2.146211862564087 88 139 182
-17.06014633178711 -0.8295395970344543 3.1810667514801025 95 148 202
-15.51578140258789 -1.3301119804382324 2.740561008453369 102 120 108
-15.097090721130371 -1.8536311388015747 2.5273497104644775 120 152 167
-11.126189231872559 -1.7773033380508423 1.7607777118682861 150 185 205
-16.49942970275879 -0.7988113760948181 2.453714609146118 96 114 126
-15.044071197509766 -1.8364611864089966 1.9525201320648193 79 92 82
-16.564115524291992 -2.6349921226501465 1.9982051849365234 63 89 76
-13.044217109680176 -0.6260523796081543 1.454673409461975 64 101 128
-16.66573143005371 -1.4099422693252563 1.6956465244293213 104 149 170
-13.550824165344238 -1.6460169553756714 1.255018949508667 109 154 175
-12.030924797058105 -1.9054642915725708 1.0016651153564453 77 100 82
-27.358911514282227 -1.3063805103302002 2.040722370147705 82 98 88
-26.243581771850586 -2.211937189102173 1.7086527347564697 118 146 149
-21.60740852355957 -2.6135523319244385 1.2008429765701294 116 136 127
-22.815471649169922 -3.6012814044952393 1.0545270442962646 96 113 105
-14.633094787597656 -0.6928388476371765 0.5550949573516846 83 93 92
-27.275299072265625 -2.2878689765930176 0.773149311542511 88 109 90
-23.434415817260742 -2.823335886001587 0.44126632809638977 39 46 39
-11.970399856567383 -1.8823882341384888 0.10997797548770905 74 86 74
-13.426366806030273 -0.6267790794372559 0.017828812822699547 71 80 61
-12.556048393249512 -1.04636812210083 -0.103797048330307 73 85 73
-13.259857177734375 -1.5902457237243652 -0.23823972046375275 75 86 70
-12.31159496307373 -1.932299256324768 -0.34200891852378845 82 90 67
-12.499825477600098 -0.5791529417037964 -0.4409078061580658 88 96 81
-12.86790657043457 -1.0671558380126953 -0.5777531266212463 63 77 51
-12.994362831115723 -1.5517339706420898 -0.7112694382667542 63 79 50
-11.948881149291992 -1.8693888187408447 -0.774468183517456 62 74 50
-13.22807502746582 -0.6054911613464355 -0.9505868554115295 48 48 36
-12.555696487426758 -1.0333210229873657 -1.0277873277664185 46 54 43
-12.08338737487793 -1.4386709928512573 -1.1072272062301636 49 77 19
-11.320516586303711 -1.7688554525375366 -1.155565619468689 56 80 30
-10.816926956176758 -0.4905848503112793 -1.1785968542099 66 101 33
-10.123101234436035 -0.827073335647583 -1.204477071762085 70 89 57
-8.540741920471191 -1.012795329093933 -1.102828025817871 55 82 37
-7.926322937011719 -1.2342541217803955 -1.1079859733581543 52 82 28
-8.30458927154541 -0.37068700790405273 -1.213752031326294 71 96 54
-7.868871212005615 -0.6397194266319275 -1.229522466659546 70 97 64
-7.286370277404785 -0.861081063747406 -1.2150393724441528 51 87 17
-6.809224605560303 -1.0598173141479492 -1.212129831314087 61 92 48
-7.116803169250488 -0.3089568614959717 -1.310235619544983 53 69 43
-6.6552414894104 -0.537429928779602 -1.2932640314102173 36 51 28
-6.15405797958374 -0.7243274450302124 -1.2632904052734375 56 83 32
-5.811686992645264 -0.9039328694343567 -1.2599319219589233 52 85 38
-5.752711296081543 -0.2464189976453781 -1.2821041345596313 68 89 58
-5.5709075927734375 -0.4455610513687134 -1.300427794456482 45 67 29
-10.5394868850708 -1.660240888595581 2.0731582641601562 89 140 203
-16.873069763183594 -0.7685624361038208 3.1457297801971436 85 146 201
-16.915512084960938 -1.3978418111801147 2.9870245456695557 56 58 71
-16.554306030273438 -1.981014609336853 2.77026629447937 121 154 173
-13.433263778686523 -2.103592872619629 2.1248528957366943 147 182 202
-16.578876495361328 -0.7516825795173645 2.465174913406372 105 124 130
-16.071916580200195 -1.9119082689285278 2.0851497650146484 73 90 58
-11.612552642822266 -1.8107949495315552 1.4001986980438232 104 117 110
-16.170581817626953 -0.7263832688331604 1.8030644655227661 96 143 161
-16.448848724365234 -1.3407812118530273 1.6731536388397217 96 147 168
-15.570195198059082 -1.8428540229797363 1.441514015197754 103 157 185
-13.203750610351562 -2.0497121810913086 1.0987828969955444 44 58 43
-13.46727466583252 -1.0934877395629883 0.8765974044799805 97 119 106
-20.580076217651367 -2.425250768661499 1.1433295011520386 30 44 31
-22.482858657836914 -3.4781196117401123 1.0386556386947632 93 107 107
-13.895407676696777 -0.6151912212371826 0.5270372629165649 81 95 98
-27.590063095092773 -2.2290525436401367 0.7818741202354431 88 107 88
-12.634320259094238 -1.947090983390808 0.11602231115102768 77 91 76
-12.63398265838623 -0.5509487986564636 0.016774285584688187 69 80 46
-12.71170425415039 -1.0200798511505127 -0.10505744069814682 63 72 69
-18.48831558227539 -2.1597747802734375 -0.33205875754356384 56 63 55
-12.53581428527832 -1.9281024932861328 -0.3480716049671173 56 71 50
-12.490560531616211 -0.5403261184692383 -0.44052043557167053 45 56 39
-12.743654251098633 -1.0174953937530518 -0.5720314979553223 74 86 64
-12.926658630371094 -1.5034394264221191 -0.7073076963424683 37 49 29
-12.437911033630371 -1.906822681427002 -0.8057817816734314 60 83 39
-13.160113334655762 -0.5619266033172607 -0.9455746412277222 81 89 76
-12.381951332092285 -0.9807868599891663 -1.0133137702941895 58 65 57
-12.098626136779785 -1.4028546810150146 -1.1082239151000977 58 86 25
-11.349493980407715 -1.7377302646636963 -1.1579738855361938 55 78 34
-10.461808204650879 -0.44232091307640076 -1.139750361442566 65 101 31
-10.070152282714844 -0.7916539311408997 -1.1978824138641357 67 83 46
-9.440460205078125 -1.0901278257369995 -1.218567132949829 61 84 42
-8.341362953186035 -1.2726832628250122 -1.1654512882232666 50 78 19
-8.2938232421875 -0.34471404552459717 -1.212018370628357 75 92 56
-7.8954243659973145 -0.6175011992454529 -1.2333695888519287 61 78 44
-7.304659366607666 -0.8405271768569946 -1.217653512954712 76 111 53
-6.564169883728027 -1.0010591745376587 -1.1679548025131226 50 85 31
-7.089218616485596 -0.2859717309474945 -1.3049895763397217 79 97 75
-6.672520160675049 -0.5182257294654846 -1.2963066101074219 76 90 67
-6.139701843261719 -0.7035472989082336 -1.2598944902420044 67 85 45
-5.829899311065674 -0.8884556293487549 -1.2632832527160645 56 86 26
-5.7592926025390625 -0.2290014624595642 -1.2834081649780273 82 93 76
-5.553797245025635 -0.4270488917827606 -1.2961217164993286 89 105 78
-10.563934326171875 -1.6308939456939697 2.0769731998443604 40 75 71
-16.44061851501465 -1.307827353477478 2.9024434089660645 101 131 165
-15.10132122039795 -1.7601627111434937 2.5262022018432617 124 146 169
-13.438676834106445 -2.062220335006714 2.1246986389160156 149 184 204
-16.588022232055664 -0.7011081576347351 2.466203451156616 148 184 198
-16.43045997619629 -1.2969194650650024 2.2834880352020264 95 142 168
-15.529928207397461 -1.7991316318511963 2.0141072273254395 60 64 63
-11.457073211669922 -1.7505630254745483 1.3807975053787231 100 113 106
-16.144929885864258 -0.6756057143211365 1.7999646663665771 109 157 193
-13.060741424560547 -1.0242830514907837 1.3281941413879395 54 66 54
-15.854743957519531 -1.827227234840393 1.467332124710083 77 95 95
-13.211947441101074 -2.009493827819824 1.0989466905593872 41 55 29
-13.527771949768066 -0.5627760887145996 1.00877046585083 92 110 120
-13.473549842834473 -1.0523985624313354 0.8767915964126587 125 154 152
-20.51202964782715 -2.3534505367279053 1.1391427516937256 30 32 27
-11.575610160827637 -1.7544115781784058 0.5345150232315063 80 101 70
-13.957136154174805 -0.5750259160995483 0.5293091535568237 110 123 116
-27.51803970336914 -2.1382789611816406 0.7796434760093689 70 77 69
-28.516450881958008 -3.2582247257232666 0.5365737080574036 32 36 35
-12.65902042388916 -1.9111565351486206 0.11619474738836288 80 99 71
-12.668585777282715 -0.5135222673416138 0.016818059608340263 83 95 73
-12.585163116455078 -0.9710753560066223 -0.10398651659488678 61 70 53
-16.91230583190918 -1.923092246055603 -0.3036454916000366 84 87 76
-12.53771686553955 -1.889038324356079 -0.3479619026184082 53 63 39
-13.10029125213623 -0.5264411568641663 -0.4619654417037964 66 73 65
-13.020634651184082 -0.9994186758995056 -0.5843241214752197 75 89 66
-13.008601188659668 -1.472534418106079 -0.7115408182144165 38 43 39
-15.559316635131836 -2.336522340774536 -1.0075308084487915 69 90 51
-13.045166969299316 -0.5169285535812378 -0.9371972680091858 82 97 58
-12.379932403564453 -0.9424166679382324 -1.0129072666168213 46 65 37
-12.160269737243652 -1.3722069263458252 -1.1134796142578125 57 84 31
-11.36461067199707 -1.7043778896331787 -1.1589772701263428 53 71 33
-10.466094970703125 -0.41033926606178284 -1.1400749683380127 75 106 49
-9.90518569946289 -0.7481160163879395 -1.1779804229736328 57 74 40
-9.017948150634766 -1.0133129358291626 -1.1636228561401367 62 93 33
-8.320734977722168 -1.2434260845184326 -1.1620306968688965 56 83 32
-8.314618110656738 -0.32002851366996765 -1.2149078845977783 60 80 52
-7.939650058746338 -0.596458375453949 -1.239986538887024 71 93 47
-7.3444600105285645 -0.8222840428352356 -1.223861813545227 56 100 21
-6.802936553955078 -1.0161253213882446 -1.209877848625183 50 81 13
-7.025196552276611 -0.26180365681648254 -1.2930502891540527 73 99 64
-6.681910991668701 -0.49833640456199646 -1.2978278398513794 65 91 56
-6.135014533996582 -0.6839476823806763 -1.2584961652755737 82 109 42
-5.847104549407959 -0.8727308511734009 -1.266425371170044 66 97 38
-5.758992671966553 -0.21129533648490906 -1.2831908464431763 88 102 79
-5.5473103523254395 -0.4094345271587372 -1.2943086624145508 61 74 54
-11.220161437988281 -1.6969774961471558 2.2049598693847656 38 44 32
-13.46091365814209 -0.5303954482078552 2.5089304447174072 92 143 198
-16.888416290283203 -1.29132080078125 2.9807846546173096 106 148 186
-15.06058120727539 -1.7085978984832764 2.518498420715332 146 180 190
-13.464481353759766 -2.023918867111206 2.127786636352539 140 171 189
-16.64445686340332 -0.6523441076278687 2.4742846488952637 156 188 203
-12.111541748046875 -1.3654706478118896 1.5702191591262817 89 101 87
-16.588645935058594 -2.4825754165649414 1.9983233213424683 49 73 99
-17.041717529296875 -0.6607646346092224 1.8997106552124023 101 140 169
-13.298948287963867 -1.0019224882125854 1.3520992994308472 49 61 61
-15.87511920928955 -1.7802414894104004 1.468705415725708 78 86 71
-13.993802070617676 -0.5391622185707092 1.0433942079544067 110 136 133
-13.14037036895752 -0.985823929309845 0.8549090623855591 107 130 114
-21.662303924560547 -2.418117046356201 1.202605962753296 37 39 38
-13.33388900756836 -1.9790699481964111 0.6154219508171082 87 96 91
-15.322863578796387 -0.584209144115448 0.5810321569442749 83 97 84
-13.496081352233887 -1.007062315940857 0.3822827935218811 81 98 79
-26.332210540771484 -2.9268460273742676 0.49530309438705444 77 88 72
-12.932899475097656 -1.9119411706924438 0.11865423619747162 45 56 42
-13.300658226013184 -0.49827536940574646 0.01765504851937294 67 78 62
-13.042821884155273 -0.9661447405815125 -0.10774298757314682 61 78 59
-18.282588958740234 -2.0221107006073 -0.32813477516174316 73 79 65
-12.163707733154297 -1.7945395708084106 -0.33742755651474 77 85 74
-12.71834659576416 -0.47201481461524963 -0.4484434723854065 60 70 61
-12.805449485778809 -0.9433929324150085 -0.5745347142219543 71 90 60
-13.019012451171875 -1.433273196220398 -0.7118663787841797 30 38 23
-15.831018447875977 -2.3276820182800293 -1.0246573686599731 65 88 46
-13.568000793457031 -0.4959598779678345 -0.9746450185775757 46 54 43
-12.507020950317383 -0.9135066270828247 -1.0230712890625 31 56 17
-12.161453247070312 -1.3345674276351929 -1.1132078170776367 45 74 10
-11.367816925048828 -1.6692146062850952 -1.1587766408920288 60 80 43
-9.958642959594727 -0.3598477244377136 -1.0846726894378662 54 91 14
-9.890596389770508 -0.7165040373802185 -1.175978422164917 60 87 32
-8.981574058532715 -0.9813321828842163 -1.158535361289978 55 83 32
-8.282363891601562 -1.2117265462875366 -1.1561473608016968 60 86 41
-8.32742691040039 -0.29493841528892517 -1.2166416645050049 62 81 53
-7.926659107208252 -0.5710320472717285 -1.2376782894134521 45 78 33
-7.342044830322266 -0.7992139458656311 -1.223044991493225 57 98 22
-6.88690710067749 -1.0070772171020508 -1.2242563962936401 62 100 43
-7.017120361328125 -0.23994693160057068 -1.2914222478866577 90 103 77
-6.686346530914307 -0.4780443012714386 -1.2983983755111694 60 85 45
-6.047463417053223 -0.655409574508667 -1.240118145942688 58 82 48
-5.88748836517334 -0.8603019118309021 -1.2745944261550903 72 94 55
-5.76644229888916 -0.19385556876659393 -1.284712314605713 88 103 80
-5.538825035095215 -0.391726553440094 -1.2920422554016113 69 82 65
-11.132094383239746 -1.6487400531768799 2.1866488456726074 81 104 136
-13.518475532531738 -0.49112993478775024 2.51936674118042 90 120 146
-15.402264595031738 -1.1301679611206055 2.717855930328369 113 158 197
-15.45992374420166 -1.7058782577514648 2.584390878677368 131 154 162
-10.863692283630371 -1.598913311958313 1.7160016298294067 114 143 138
-16.205509185791016 -0.5853520631790161 2.408754348754883 164 193 201
-16.159513473510742 -1.175808310508728 2.2447872161865234 82 117 137
-12.10285758972168 -1.3269013166427612 1.5685582160949707 63 87 73
-12.314502716064453 -1.8043190240859985 1.4827721118927002 118 159 191
-26.870849609375 -1.9415210485458374 2.7313313484191895 77 110 103
-15.633023262023926 -1.7045447826385498 1.445816993713379 65 77 67
-13.242766380310059 -1.9311213493347168 1.100503921508789 78 83 79
-14.075119972229004 -0.4990542531013489 1.0493382215499878 117 136 142
-13.343852996826172 -1.9387273788452148 0.6156044602394104 72 96 74
-15.126847267150879 -0.5302649736404419 0.5735349655151367 70 86 75
-13.696524620056152 -0.9797742962837219 0.38787347078323364 83 98 79
-26.380828857421875 -2.850342273712158 0.49605077505111694 80 93 76
-13.262320518493652 -1.919082522392273 0.12162195891141891 69 80 72
-14.071669578552246 -0.4839322566986084 0.01867641508579254 100 112 92
-13.046722412109375 -0.9261962175369263 -0.10775122791528702 75 88 70
-13.002010345458984 -1.3976984024047852 -0.2332812249660492 51 61 52
-11.926761627197266 -1.7222119569778442 -0.3307064473628998 42 59 49
-12.823610305786133 -0.4365293085575104 -0.45210567116737366 32 42 31
-12.915907859802246 -0.9116988182067871 -0.5793623924255371 67 81 48
-13.023347854614258 -1.3933247327804565 -0.7118663787841797 34 41 34
-15.992178916931152 -2.301276445388794 -1.0346266031265259 49 57 44
-12.59052848815918 -0.4215550422668457 -0.9043320417404175 55 68 40
-12.526667594909668 -0.8763138055801392 -1.0244535207748413 39 54 21
-11.647577285766602 -1.2420233488082886 -1.0658159255981445 64 93 35
-11.366976737976074 -1.633481740951538 -1.1581745147705078 64 87 43
-10.747613906860352 -0.3553437888622284 -1.1704813241958618 52 85 28
-9.961103439331055 -0.6908978819847107 -1.184104084968567 70 99 43
-9.258743286132812 -0.9828809499740601 -1.1938930749893188 50 82 33
-8.514521598815918 -1.2190221548080444 -1.1880269050598145 60 87 34
-8.325325965881348 -0.2692928612232208 -1.2162082195281982 85 100 67
-7.852471828460693 -0.5414767861366272 -1.2258293628692627 60 87 42
-7.316010475158691 -0.7736762762069702 -1.2183068990707397 72 105 52
-6.894838809967041 -0.9866414070129395 -1.2251225709915161 56 92 31
-7.000129222869873 -0.21786686778068542 -1.2881661653518677 91 104 76
-6.68778133392334 -0.45752865076065063 -1.2983983755111694 62 78 39
-6.294034957885742 -0.6626021862030029 -1.2902581691741943 38 58 33
-5.902683734893799 -0.8440346717834473 -1.2773175239562988 67 97 47
-5.760180473327637 -0.17595484852790833 -1.2831908464431763 95 97 86
-5.525424480438232 -0.3737458884716034 -1.2886427640914917 52 68 58
-10.875771522521973 -1.5766937732696533 2.1353397369384766 97 147 182
-13.537605285644531 -0.45024174451828003 2.522662401199341 92 143 198
-15.880179405212402 -1.1162644624710083 2.801570415496826 111 150 183
-15.32089900970459 -1.6429777145385742 2.560295820236206 119 150 168
-12.839045524597168 -1.8494199514389038 2.0271177291870117 31 86 81
-14.052064895629883 -0.4644056558609009 2.088449001312256 139 168 186
-16.163043975830078 -1.1262260675430298 2.2447872161865234 124 165 195
-15.605003356933594 -1.6624256372451782 2.0217738151550293 104 147 181
-13.327479362487793 -1.9109928607940674 1.604029655456543 105 165 202
-17.057371139526367 -0.5565750598907471 1.9010391235351562 90 142 181
-17.007970809936523 -1.1764497756958008 1.728427767753601 70 86 76
-20.19931411743164 -2.1397430896759033 1.867513656616211 24 31 24
-21.934038162231445 -3.1298296451568604 1.821961760520935 42 44 43
-15.75704288482666 -0.5102916955947876 1.1746079921722412 126 151 158
-33.896331787109375 -3.5733401775360107 1.8805384635925293 83 93 82
-13.3635835647583 -1.8997483253479004 0.6162429451942444 54 68 43
-14.462221145629883 -0.4625473916530609 0.5482792854309082 84 95 81
-13.117061614990234 -0.897882878780365 0.3713838458061218 80 90 89
-13.283987045288086 -1.880627989768982 0.12176716327667236 73 85 63
-14.211019515991211 -0.44507861137390137 0.018859464675188065 95 105 80
-13.103376388549805 -0.8898235559463501 -0.10819607228040695 68 76 61
-13.04104232788086 -1.3614357709884644 -0.23390549421310425 52 69 51
-16.01192855834961 -2.261979579925537 -0.44378581643104553 39 49 40
-13.138544082641602 -0.4068987965583801 -0.46316272020339966 39 41 36
-12.709330558776855 -0.8579394221305847 -0.5699752569198608 69 83 57
-13.57182502746582 -1.409903645515442 -0.7416066527366638 43 46 37
-12.429739952087402 -1.7497344017028809 -0.8038007616996765 75 94 64
-12.863935470581055 -0.3912028670310974 -0.9238793253898621 70 86 47
-12.698356628417969 -0.849183976650238 -1.0382766723632812 60 74 51
-12.085212707519531 -1.2512036561965942 -1.1055054664611816 59 83 33
-11.356170654296875 -1.5963846445083618 -1.1565691232681274 57 83 35
-10.453530311584473 -0.313517689704895 -1.1383436918258667 50 77 24
-9.937414169311523 -0.658626914024353 -1.1810423135757446 72 81 60
-9.336701393127441 -0.9621985554695129 -1.203559160232544 76 114 53
-8.211161613464355 -1.1498935222625732 -1.145201563835144 66 94 43
-8.35084056854248 -0.24447377026081085 -1.219820261001587 76 91 72
-7.838320255279541 -0.5163440108299255 -1.2233672142028809 55 83 34
-7.190766334533691 -0.738131046295166 -1.1970678567886353 91 118 75
-6.896857738494873 -0.9653471112251282 -1.2249492406845093 55 100 9
-6.9978156089782715 -0.1963070183992386 -1.2876235246658325 78 91 63
-6.686214447021484 -0.43681663274765015 -1.2978278398513794 73 86 56
-6.301886558532715 -0.6438868641853333 -1.291456699371338 41 53 39
-5.911055564880371 -0.8267340660095215 -1.2785742282867432 56 74 48
-5.745081901550293 -0.15785308182239532 -1.2797133922576904 85 97 75
-5.5207133293151855 -0.35641586780548096 -1.287282943725586 50 65 58
-11.141029357910156 -1.5802658796310425 2.186458110809326 62 71 76
-15.235963821411133 -1.0240163803100586 2.6873514652252197 91 139 179
-15.569197654724121 -1.6213053464889526 2.6009459495544434 138 176 185
-14.927550315856934 -2.1035349369049072 2.355835199356079 128 158 184
-16.612186431884766 -0.4979986846446991 2.4687013626098633 137 170 179
-16.15555191040039 -1.0759092569351196 2.2432775497436523 107 142 172
-15.611016273498535 -1.6146442890167236 2.0219016075134277 106 150 187
-13.35392951965332 -1.8729920387268066 1.6065138578414917 87 130 139
-14.448291778564453 -0.4270721971988678 1.6101043224334717 98 146 168
-13.218259811401367 -0.8735750317573547 1.3430213928222656 103 144 164
-19.787761688232422 -2.0347771644592285 1.8288780450820923 65 74 91
-20.486623764038086 -2.859189748764038 1.700994849205017 66 82 56
-13.704113960266113 -0.40172386169433594 1.0214757919311523 100 118 128
-12.572346687316895 -0.8269206881523132 0.8174238204956055 77 86 83
-13.63000202178955 -1.3946027755737305 0.7559394836425781 100 110 111
-13.381221771240234 -1.8603910207748413 0.6167901754379272 97 112 109
-14.217851638793945 -0.4110713601112366 0.538964569568634 84 103 84
-13.338201522827148 -0.871915876865387 0.37756744027137756 105 122 103
-13.299599647521973 -1.8412357568740845 0.12185792624950409 52 64 52
-14.329272270202637 -0.4047815203666687 0.019014660269021988 92 105 75
-12.760782241821289 -0.8272365927696228 -0.10534577071666718 69 78 61
-15.621562004089355 -1.5823988914489746 -0.28010156750679016 58 62 61
-15.55536937713623 -2.14882755279541 -0.43094712495803833 27 34 26
-12.729145050048828 -0.35513338446617126 -0.4486899673938751 96 105 88
-12.929234504699707 -0.8329449892044067 -0.5797199606895447 62 73 41
-11.338739395141602 -1.14276921749115 -0.6193894147872925 72 69 62
-15.5947265625 -2.146498441696167 -1.0080420970916748 113 132 113
-12.97674560546875 -0.3547881245613098 -0.9318987131118774 72 94 48
-12.784453392028809 -0.8155519366264343 -1.0451068878173828 76 85 58
-11.857123374938965 -1.190833568572998 -1.084301471710205 59 92 37
-11.305815696716309 -1.5539499521255493 -1.1509497165679932 56 84 23
-10.388854026794434 -0.279679536819458 -1.131201982498169 65 93 44
-9.956235885620117 -0.6292009949684143 -1.1830443143844604 70 96 48
-9.383036613464355 -0.9378902316093445 -1.2091554403305054 62 97 33
-8.272555351257324 -1.132624626159668 -1.1532741785049438 64 96 33
-8.364409446716309 -0.21918955445289612 -1.2216984033584595 70 91 60
-7.854659557342529 -0.49322277307510376 -1.2256754636764526 56 85 37
-7.393266201019287 -0.7360035181045532 -1.2303968667984009 73 97 45
-6.939794540405273 -0.9496580362319946 -1.232051968574524 93 142 51
-6.998384952545166 -0.17483709752559662 -1.2876235246658325 81 96 73
-6.675764560699463 -0.41556960344314575 -1.2955459356307983 97 117 92
-6.292131423950195 -0.6233906149864197 -1.2890596389770508 54 68 51
-5.899032115936279 -0.8066083192825317 -1.2754322290420532 77 94 58
-5.735780715942383 -0.139988511800766 -1.2775399684906006 88 88 86
-5.521780490875244 -0.33947688341140747 -1.287282943725586 72 84 70
-16.172775268554688 -2.243384838104248 3.172586441040039 60 78 92
-14.960887908935547 -0.959430992603302 2.638301372528076 57 92 130
-16.83431625366211 -1.700858473777771 2.811408042907715 138 176 185
-15.890183448791504 -2.189488410949707 2.5066840648651123 127 174 182
-14.251419067382812 -0.3834696114063263 2.117687940597534 159 191 202
-16.07178497314453 -1.020814299583435 2.231200695037842 110 154 189
-15.76293659210205 -1.5814954042434692 2.040940046310425 120 163 198
-13.441266059875488 -1.8432111740112305 1.616332769393921 101 148 178
-17.07834815979004 -0.45237624645233154 1.9030317068099976 106 141 163
-13.318185806274414 -0.839148998260498 1.3529062271118164 121 167 200
-12.896363258361816 -1.2861626148223877 1.1915721893310547 95 136 158
-12.131280899047852 -1.6551599502563477 1.0068283081054688 28 38 29
-13.06328296661377 -0.3428298532962799 0.9736266136169434 79 107 121
-12.562872886657715 -0.7875961065292358 0.8166468739509583 106 127 132
-23.162864685058594 -2.2982075214385986 1.2842485904693604 92 107 88
-13.400725364685059 -1.8212127685546875 0.617428719997406 70 84 71
-14.787447929382324 -0.38213837146759033 0.5605095624923706 43 59 30
-26.666629791259766 -2.633159875869751 0.500947892665863 83 98 77
-13.319059371948242 -1.8023016452789307 0.12198498100042343 55 68 51
-14.237475395202637 -0.3584771454334259 0.01889129914343357 105 118 92
-12.761262893676758 -0.7879598736763 -0.10532929003238678 73 86 68
-12.337685585021973 -1.211527943611145 -0.22115252912044525 67 78 64
-12.135282516479492 -1.6384495496749878 -0.3360559046268463 38 44 42
-13.151782989501953 -0.32654741406440735 -0.46355003118515015 72 81 64
-13.049389839172363 -0.8004924058914185 -0.5849946141242981 60 76 47
-11.783437728881836 -1.151080846786499 -0.6434855461120605 108 117 100
-15.420242309570312 -2.0742971897125244 -0.9963473677635193 64 97 42
-13.376628875732422 -0.3246547281742096 -0.9605395197868347 63 86 44
-12.757049560546875 -0.7745139598846436 -1.0426675081253052 78 81 64
-12.055987358093262 -1.1734569072723389 -1.102152705192566 49 78 14
-11.272071838378906 -1.51409113407135 -1.1470363140106201 51 82 14
-10.402584075927734 -0.24811382591724396 -1.1326087713241577 58 86 38
-9.984884262084961 -0.6002617478370667 -1.1862239837646484 79 111 44
-9.372047424316406 -0.9077602624893188 -1.2073746919631958 63 98 34
-8.483160972595215 -1.1349564790725708 -1.1821435689926147 61 100 19
-8.353172302246094 -0.19325225055217743 -1.219964623451233 73 100 59
-7.867971897125244 -0.4698294997215271 -1.2275220155715942 56 83 52
-7.395489692687988 -0.7133178114891052 -1.2303968667984009 67 103 55
-7.000270843505859 -0.9360641241073608 -1.2422728538513184 86 118 68
-6.99888801574707 -0.15336553752422333 -1.2876235246658325 79 98 66
-6.660347938537598 -0.3941008746623993 -1.2923132181167603 94 102 79
-6.295965671539307 -0.6042709946632385 -1.289459228515625 52 47 53
-5.603933334350586 -0.7487509846687317 -1.211126446723938 86 111 69
-5.711786270141602 -0.12187018245458603 -1.272106409072876 53 55 42
-5.528630256652832 -0.32287541031837463 -1.2886427640914917 95 113 87
-11.195262908935547 -1.5179431438446045 2.1952321529388428 80 127 169
-16.172895431518555 -0.9873438477516174 2.851487159729004 102 149 191
-15.585724830627441 -1.5264171361923218 2.60209321975708 138 170 185
-16.081890106201172 -2.165649175643921 2.5358657836914062 37 48 32
-14.20605182647705 -0.33863717317581177 2.1107823848724365 162 191 205
-15.715929985046387 -0.9498107433319092 2.1813836097717285 121 166 199
-11.900069236755371 -1.1570686101913452 1.5403199195861816 39 54 51
-13.52460765838623 -1.8123842477798462 1.6256784200668335 81 126 147
-16.9971866607666 -0.39804720878601074 1.893843173980713 105 154 187
-17.11341667175293 -1.0255762338638306 1.7381107807159424 96 114 116
-13.023155212402344 -1.2584679126739502 1.2029249668121338 109 157 179
-12.227189064025879 -1.6300503015518188 1.0143682956695557 92 94 117
-12.928685188293457 -0.2996085584163666 0.9635217189788818 118 156 157
-16.09154510498047 -0.9592639207839966 1.0458312034606934 99 109 108
-26.86016082763672 -2.5818591117858887 1.488796353340149 102 112 114
-13.41417121887207 -1.7811431884765625 0.6177935600280762 47 65 49
-14.283044815063477 -0.325257807970047 0.5413500666618347 66 78 66
-13.28841781616211 -0.78680819272995 0.37601447105407715 78 92 79
-26.39889144897461 -2.5249664783477783 0.4957703948020935 75 98 72
-13.33741283416748 -1.763134479522705 0.12210296094417572 81 98 80
-14.61341667175293 -0.3230842649936676 0.019388718530535698 110 123 93
-13.228804588317871 -0.7760962247848511 -0.109168142080307 85 98 80
-15.40105152130127 -1.4646509885787964 -0.2759813666343689 67 75 60
-13.120390892028809 -1.7304846048355103 -0.3631872534751892 57 63 61
-12.800025939941406 -0.278522253036499 -0.45111969113349915 81 94 76
-13.135558128356934 -0.7653347253799438 -0.5887494683265686 85 102 58
-11.256070137023926 -1.0647118091583252 -0.6145051121711731 61 77 64
-11.028423309326172 -1.4490864276885986 -0.7122883796691895 47 69 23
-12.836077690124512 -0.272134393453598 -0.9216596484184265 57 79 33
-12.769315719604492 -0.7359457015991211 -1.043480634689331 53 58 36
-11.931628227233887 -1.12441086769104 -1.0904632806777954 42 65 19
-11.335853576660156 -1.4872674942016602 -1.1530569791793823 57 89 13
-10.606053352355957 -0.22041162848472595 -1.154682993888855 59 92 23
-10.002541542053223 -0.5705304741859436 -1.1881080865859985 70 105 25
-9.327385902404785 -0.8745584487915039 -1.2012698650360107 66 101 37
-8.349087715148926 -1.090956449508667 -1.1629884243011475 53 86 29
-8.367575645446777 -0.16790208220481873 -1.221987247467041 70 97 56
-7.888120174407959 -0.4467502534389496 -1.2304457426071167 61 85 53
-7.394696235656738 -0.690350353717804 -1.2299067974090576 124 169 114
-7.057798385620117 -0.921725332736969 -1.251974105834961 46 90 27
-7.004241943359375 -0.13198517262935638 -1.2885279655456543 85 106 65
-6.663486003875732 -0.37377533316612244 -1.2926936149597168 89 110 77
-6.303643703460693 -0.5854961276054382 -1.2906577587127686 83 121 64
-5.955258846282959 -0.777103066444397 -1.2865338325500488 60 68 47
-5.710181713104248 -0.10431044548749924 -1.2716717720031738 69 76 69
-5.526677131652832 -0.30575087666511536 -1.287962794303894 97 107 83
-11.222249031066895 -1.4865541458129883 2.1996190547943115 75 98 114
-14.572169303894043 -0.3056887090206146 2.7145445346832275 102 147 186
-16.15126609802246 -0.9362964630126953 2.847153902053833 105 139 176
-15.901650428771973 -1.508118987083435 2.654053211212158 121 151 149
-16.563549041748047 -2.1787943840026855 2.6107497215270996 45 50 43
-14.290094375610352 -0.29677724838256836 2.123124361038208 147 175 189
-16.22212791442871 -0.9304618835449219 2.251237392425537 122 167 198
-16.001428604125977 -1.5063111782073975 2.0705835819244385 59 62 81
-13.537981033325195 -1.771913766860962 1.6266249418258667 95 123 137
-14.69604778289795 -0.29904964566230774 1.6373380422592163 105 139 164
-16.47679901123047 -0.9367023706436157 1.6731536388397217 71 81 93
-16.900638580322266 -1.5808417797088623 1.5606255531311035 74 114 113
-13.53470516204834 -1.7621151208877563 1.12238609790802 127 158 152
-12.926551818847656 -0.2598823606967926 0.9632987976074219 100 123 139
-16.308618545532227 -0.9220013618469238 1.0597505569458008 69 83 70
-26.367877960205078 -2.45292067527771 1.4610862731933594 105 124 102
-13.437405586242676 -1.742292881011963 0.6186144948005676 51 56 49
-14.853456497192383 -0.29265695810317993 0.5629329085350037 85 100 77
-13.566225051879883 -0.7614980936050415 0.38380753993988037 93 112 80
-26.807727813720703 -2.4810969829559326 0.503303050994873 61 68 60
-13.3516845703125 -1.7233595848083496 0.1221846342086792 92 110 86
-14.848297119140625 -0.28270384669303894 0.019699107855558395 75 84 67
-13.61252212524414 -0.7567087411880493 -0.11231499910354614 70 76 62
-13.00499439239502 -1.1965361833572388 -0.2329780012369156 70 78 63
-13.127620697021484 -1.6904789209365845 -0.36324211955070496 58 72 49
-13.498265266418457 -0.25228646397590637 -0.47569870948791504 87 93 79
-12.688977241516113 -0.7002604007720947 -0.5686342716217041 70 80 56
-16.700490951538086 -1.528019666671753 -0.9114733338356018 40 49 44
-11.044695854187012 -1.4167685508728027 -0.7130552530288696 64 91 36
-13.109106063842773 -0.23768900334835052 -0.9412069320678711 65 80 47
-12.7993803024292 -0.6982868313789368 -1.0457574129104614 27 33 21
-12.139328002929688 -1.1064209938049316 -1.1091301441192627 76 89 61
-11.31075668334961 -1.4486905336380005 -1.1500465869903564 65 91 30
-10.572884559631348 -0.1872730702161789 -1.1510039567947388 64 97 28
-10.062748908996582 -0.542997419834137 -1.1950560808181763 78 108 44
-7.260528087615967 -0.6583003401756287 -0.9348155856132507 47 67 32
-8.14014720916748 -1.0382646322250366 -1.1334348917007446 71 101 37
-8.373988151550293 -0.1423308402299881 -1.2228542566299438 72 104 37
-7.888466835021973 -0.42249488830566406 -1.2302919626235962 66 88 65
-7.314243793487549 -0.6602104902267456 -1.216183066368103 78 114 53
-7.058639049530029 -0.8998188972473145 -1.2516275644302368 78 111 58
-7.0154314041137695 -0.11066647619009018 -1.290517807006836 86 104 66
-6.619503974914551 -0.35093939304351807 -1.2839462757110596 120 137 101
-6.322000503540039 -0.5676436424255371 -1.2940536737442017 78 104 69
-5.967314720153809 -0.760064423084259 -1.2886285781860352 77 105 56
-5.709498882293701 -0.08677653223276138 -1.2714544534683228 89 108 78
-5.518835067749023 -0.28833648562431335 -1.2859231233596802 111 119 104
-17.132038116455078 -1.581139326095581 3.5138142108917236 86 136 169
-15.963957786560059 -2.0648481845855713 3.1277623176574707 66 98 109
-14.3499116897583 -0.2569846212863922 2.6729822158813477 87 142 199
-16.7499942779541 -0.9194530248641968 2.9521868228912354 109 149 175
-15.932723999023438 -1.4617595672607422 2.6584784984588623 75 94 74
-15.680351257324219 -2.013697862625122 2.4705545902252197 106 117 139
-14.292915344238281 -0.2529694736003876 2.123418092727661 160 194 206
-16.129953384399414 -0.8755346536636353 2.238062620162964 127 167 193
-16.018815994262695 -1.4583814144134521 2.072244644165039 101 124 132
-14.321480751037598 -1.829789161682129 1.7200819253921509 81 121 146
-16.673320770263672 -0.8965649604797363 1.6928223371505737 76 88 86
-13.859736442565918 -1.2535227537155151 1.279463768005371 62 73 75
-13.531149864196777 -1.7194522619247437 1.1216485500335693 143 179 175
-14.017109870910645 -0.2387886941432953 1.044508695602417 96 114 116
-15.976552963256836 -0.854064404964447 1.0379974842071533 96 116 115
-13.952384948730469 -1.254782795906067 0.7729070782661438 91 116 87
-13.847038269042969 -1.75222647190094 0.637222170829773 28 34 34
-15.315889358520508 -0.2547641396522522 0.5804263353347778 83 94 78
-26.722747802734375 -3.36590313911438 0.24445095658302307 30 44 27
-14.83409595489502 -0.23690903186798096 0.01967921108007431 93 104 87
-13.262277603149414 -0.6964318752288818 -0.10940703749656677 64 81 62
-12.8263521194458 -1.1404272317886353 -0.22971396148204803 70 78 63
-13.114892959594727 -1.6479527950286865 -0.3627483546733856 67 78 62
-13.355082511901855 -0.20862537622451782 -0.47062796354293823 86 92 78
-12.606266021728516 -0.6569089293479919 -0.564834713935852 72 84 62
-16.573806762695312 -1.4651693105697632 -0.9043096303939819 59 78 46
-12.91854476928711 -1.6168681383132935 -0.8337084054946899 50 76 28
-13.298267364501953 -0.20030894875526428 -0.9547396898269653 72 90 52
-12.12460994720459 -0.6241714358329773 -0.9904650449752808 57 59 58
-12.095046997070312 -1.0649800300598145 -1.1047805547714233 54 84 20
-11.20950984954834 -1.4007818698883057 -1.1393097639083862 59 90 14
-10.58533763885498 -0.15500971674919128 -1.1523023843765259 83 110 57
-10.088170051574707 -0.5133339762687683 -1.1978824138641357 90 120 50
-9.314790725708008 -0.8157525658607483 -1.198980450630188 73 98 58
-8.335965156555176 -1.0372605323791504 -1.1602519750595093 61 96 40
-8.384279251098633 -0.11677692830562592 -1.2242988348007202 71 100 44
-7.952882766723633 -0.40147972106933594 -1.2401403188705444 67 97 63
-7.372256755828857 -0.6426510810852051 -1.2254955768585205 79 108 60
-7.035955429077148 -0.874998927116394 -1.2471234798431396 77 124 30
-7.0098371505737305 -0.08906794339418411 -1.289432406425476 63 71 56
-6.7146806716918945 -0.3353303074836731 -1.302201509475708 99 122 76
-6.320784091949463 -0.5479915142059326 -1.2934544086456299 73 98 68
-5.983203411102295 -0.7434413433074951 -1.2915611267089844 58 77 47
-5.611159801483154 -0.06806385517120361 -1.2495027780532837 75 91 62
-5.519693851470947 -0.27140358090400696 -1.2859231233596802 90 97 81
-17.072399139404297 -1.5228263139724731 3.500607490539551 105 128 142
-16.07052993774414 -2.0285239219665527 3.1474087238311768 79 85 101
-14.43123722076416 -0.21415464580059052 2.6879959106445312 100 144 191
-14.01159381866455 -0.7260252833366394 2.469139575958252 107 144 173
-15.994126319885254 -1.4179242849349976 2.667985439300537 83 109 122
-14.96296215057373 -1.8749247789382935 2.35660719871521 151 187 203
-14.71792221069336 -0.21532578766345978 2.186450719833374 130 166 164
-16.170154571533203 -0.8279693722724915 2.2432775497436523 127 165 188
-16.07063865661621 -1.413400411605835 2.0783779621124268 104 153 193
-16.4199161529541 -2.0467183589935303 1.971351146697998 90 116 131
-12.896247863769531 -0.6537893414497375 1.3091307878494263 107 132 137
-13.498452186584473 -1.1791069507598877 1.2457720041275024 84 107 115
-13.547240257263184 -1.6792798042297363 1.1225500106811523 60 80 81
-14.019770622253418 -0.19581153988838196 1.0446572303771973 55 78 62
-16.004013061523438 -0.8063002824783325 1.0396159887313843 105 111 99
-13.861668586730957 -1.2037651538848877 0.7676735520362854 87 100 91
-26.255216598510742 -3.2405691146850586 1.2077667713165283 44 50 36
-14.536230087280273 -0.19718851149082184 0.5508540868759155 46 56 48
-13.522722244262695 -0.6758480072021484 0.38245224952697754 88 102 89
-27.294605255126953 -2.357339859008789 0.5121627449989319 88 102 87
-23.77530288696289 -2.9205827713012695 0.21740572154521942 86 92 78
-14.45178508758545 -0.18645653128623962 0.019171180203557014 72 79 61
-13.138508796691895 -0.6495193243026733 -0.10836906731128693 72 83 69
-12.673391342163086 -1.0876487493515015 -0.2269136756658554 85 98 81
-13.109964370727539 -1.6064932346343994 -0.3624739944934845 59 69 60
-13.517546653747559 -0.16968372464179993 -0.47633251547813416 77 86 65
-12.697026252746582 -0.6225847601890564 -0.5688130855560303 73 89 62
-13.121899604797363 -1.1194502115249634 -0.7157739400863647 66 80 57
-12.93235969543457 -1.5783151388168335 -0.8342835307121277 37 51 26
-13.24994945526123 -0.15892332792282104 -0.9512312412261963 61 87 39
-12.846230506896973 -0.6218101978302002 -1.0492538213729858 42 50 35
-11.7410249710083 -0.9975175261497498 -1.0721590518951416 72 90 52
-11.216717720031738 -1.366745948791504 -1.139610767364502 58 90 23
-10.676223754882812 -0.12358073145151138 -1.1621493101119995 64 94 32
-9.89627456665039 -0.47313404083251953 -1.1749186515808105 91 130 41
-9.509980201721191 -0.8034542202949524 -1.223781704902649 64 97 44
-8.243720054626465 -1.0001089572906494 -1.1469802856445312 61 91 17
-8.488490104675293 -0.09218201041221619 -1.239469051361084 65 96 39
-7.9896087646484375 -0.37876319885253906 -1.2456802129745483 76 106 56
-7.338801860809326 -0.6170545220375061 -1.2196139097213745 51 86 18
-7.052294731140137 -0.8550684452056885 -1.2495487928390503 85 112 67
-7.01106071472168 -0.06757111847400665 -1.2896132469177246 73 92 72
-6.714696884155273 -0.31468239426612854 -1.302011251449585 82 99 65
-6.3185296058654785 -0.5282704830169678 -1.292655348777771 82 119 65
-5.988368034362793 -0.725434422492981 -1.2921894788742065 78 95 53
-5.625007152557373 -0.05097257345914841 -1.2525455951690674 100 124 92
-5.520500659942627 -0.2544681131839752 -1.2859231233596802 86 90 73
-17.046730041503906 -1.4678361415863037 3.4944043159484863 83 124 170
-11.228635787963867 -1.3823647499084473 2.1982839107513428 72 100 124
-14.466231346130371 -0.1702842265367508 2.694404125213623 83 139 198
-16.299163818359375 -1.3945820331573486 2.718142509460449 129 165 181
-14.976490020751953 -1.829969048500061 2.357842445373535 89 111 124
-14.737306594848633 -0.1703881025314331 2.189242362976074 147 175 186
-16.512969970703125 -0.7947365641593933 2.290487051010132 135 170 192
-16.088735580444336 -1.365263819694519 2.0801665782928467 103 161 198
-16.169830322265625 -1.9651854038238525 1.9405931234359741 107 137 145
-16.42725944519043 -1.3841725587844849 1.5156724452972412 85 107 105
-13.597843170166016 -1.64320969581604 1.1263200044631958 126 140 149
-15.900980949401855 -0.17329487204551697 1.1847870349884033 105 137 158
-14.908949851989746 -0.7052804827690125 0.9683358073234558 109 135 126
-27.571393966674805 -2.3091318607330322 1.526532769203186 97 118 113
-20.583965301513672 -2.476501941680908 0.9465294480323792 30 35 29
-15.047372817993164 -0.15795083343982697 0.5702028870582581 83 97 82
-13.861227989196777 -0.6501405239105225 0.39196765422821045 87 102 81
-27.103431701660156 -2.257078170776367 0.5084431767463684 71 82 68
-23.8010311126709 -2.8496482372283936 0.21756000816822052 52 61 58
-15.028260231018066 -0.1477820724248886 0.019935214892029762 53 55 52
-12.565077781677246 -0.5825333595275879 -0.10362405329942703 87 98 64
-12.95965576171875 -1.072174310684204 -0.23197917640209198 70 82 68
-13.132698059082031 -1.5683985948562622 -0.3629678189754486 76 87 71
-13.763839721679688 -0.1305433064699173 -0.484995037317276 76 85 68
-12.940380096435547 -0.5947272181510925 -0.5796306133270264 43 53 44
-12.786914825439453 -1.0513670444488525 -0.6973219513893127 59 73 50
-12.948041915893555 -1.5399281978607178 -0.8349865078926086 59 85 40
-13.26333999633789 -0.11838804185390472 -0.9521620273590088 65 83 41
-12.875956535339355 -0.583659291267395 -1.0515304803848267 46 53 46
-11.935595512390137 -0.9771754145622253 -1.0896477699279785 47 73 28
-11.186277389526367 -1.3282212018966675 -1.1360987424850464 47 68 25
-9.999574661254883 -0.08506687730550766 -1.0884599685668945 63 93 39
-9.904623985290527 -0.4430811405181885 -1.1757429838180542 66 103 33
-9.527228355407715 -0.7754812240600586 -1.2256895303726196 65 92 37
-8.247733116149902 -0.9749292135238647 -1.1471171379089355 72 111 28
-8.461028099060059 -0.06592339277267456 -1.2354236841201782 77 103 68
-8.013436317443848 -0.3552561402320862 -1.2492194175720215 75 98 44
-7.456695079803467 -0.6039344072341919 -1.2388925552368164 63 97 20
-7.054884910583496 -0.8334282636642456 -1.2495487928390503 55 81 46
-7.0033674240112305 -0.04600948467850685 -1.2881661653518677 86 108 72
-6.700918674468994 -0.2934362590312958 -1.2991589307785034 74 92 68
-6.313283920288086 -0.5083324909210205 -1.2912570238113403 103 126 97
-5.993479251861572 -0.7074028253555298 -1.2928178310394287 89 117 76
-5.60756778717041 -0.03360975161194801 -1.2486333847045898 84 106 70
-5.503739833831787 -0.23677672445774078 -1.281843662261963 101 125 93
-11.227950096130371 -1.3473244905471802 2.1973302364349365 103 130 139
-14.722281455993652 -0.12812606990337372 2.7420084476470947 92 145 197
-15.92092514038086 -1.3130297660827637 2.6543807983398438 120 151 179
-14.995769500732422 -1.7856487035751343 2.360004186630249 124 149 156
-13.683283805847168 -0.6164783835411072 1.897714614868164 113 146 151
-15.629239082336426 -1.2779890298843384 2.020240545272827 91 139 175
-15.759653091430664 -1.8662889003753662 1.8906704187393188 81 108 89
-14.376612663269043 -0.1160840317606926 1.6014692783355713 58 80 104
-16.925369262695312 -0.7539615035057068 1.717635154724121 104 122 126
-13.21561336517334 -1.0727345943450928 1.2190383672714233 92 119 138
-15.88925838470459 -1.8706707954406738 1.3156381845474243 134 161 156
-16.060991287231445 -0.12575985491275787 1.1966750621795654 98 120 131
-13.918103218078613 -0.6156179904937744 0.9038534760475159 100 112 110
-13.732444763183594 -1.1076905727386475 0.7601262331008911 88 104 91
-14.030254364013672 -1.6443593502044678 0.6449297666549683 35 49 32
-14.114481925964355 -0.10485216975212097 0.5348373651504517 78 91 74
-13.785263061523438 -0.6041977405548096 0.38976526260375977 65 78 60
-27.13713836669922 -2.1760730743408203 0.5089478492736816 75 88 68
-24.385732650756836 -2.843794345855713 0.2228238433599472 53 60 53
-15.236638069152832 -0.10308250039815903 0.02021111734211445 59 72 46
-13.100288391113281 -0.5670744776725769 -0.10802307724952698 75 87 75
-12.415704727172852 -0.9888302087783813 -0.22218704223632812 66 70 56
-13.172200202941895 -1.532142996788025 -0.363927960395813 78 86 71
-13.775168418884277 -0.08838636428117752 -0.4853823781013489 97 102 80
-12.69062614440918 -0.5442375540733337 -0.5683660507202148 46 52 42
-12.683570861816406 -1.0037038326263428 -0.6915149688720703 66 81 50
-12.960636138916016 -1.5011154413223267 -0.8354977369308472 62 94 45
-13.354406356811523 -0.07822781801223755 -0.9586778283119202 66 89 47
-12.84781265258789 -0.5428913235664368 -1.049091100692749 32 44 30
-12.047745704650879 -0.9491567015647888 -1.099615454673767 48 68 41
-11.224892616271973 -1.2978957891464233 -1.139610767364502 61 86 29
-10.509769439697266 -0.05716196447610855 -1.1439704895019531 70 96 35
-9.878155708312988 -0.41153469681739807 -1.1724456548690796 71 105 45
-9.551318168640137 -0.7479521036148071 -1.2284876108169556 73 105 38
-8.69648265838623 -1.0009303092956543 -1.2090976238250732 57 101 6
-8.387967109680176 -0.03961915895342827 -1.2247323989868164 82 104 66
-8.012514114379883 -0.33058813214302063 -1.248911738395691 79 107 67
-7.474250316619873 -0.5822808146476746 -1.241506576538086 82 121 38
-7.053494453430176 -0.8113300800323486 -1.2488558292388916 63 92 61
-6.991673469543457 -0.024481913074851036 -1.285995364189148 89 117 76
-6.706692218780518 -0.27307647466659546 -1.3001097440719604 72 90 64
-6.27866792678833 -0.4861624538898468 -1.2838659286499023 61 88 57
-6.000478267669678 -0.6895699501037598 -1.2938652038574219 62 79 60
-5.602763652801514 -0.016391538083553314 -1.247546672821045 80 112 63
-5.510279655456543 -0.22012364864349365 -1.2832034826278687 111 119 106
-11.228131294250488 -1.3124154806137085 2.1965672969818115 78 106 156
-14.906441688537598 -0.08399400860071182 2.776247024536133 86 142 199
-16.8640079498291 -1.3387305736541748 2.8109161853790283 90 122 137
-15.161149978637695 -1.7581855058670044 2.385171413421631 143 171 182
-16.021713256835938 -0.6725854873657227 2.221731424331665 141 179 190
-17.44546127319336 -1.3726333379745483 2.254451036453247 73 88 93
-16.914508819580078 -1.9504474401474 2.0284900665283203 59 67 54
-14.327208518981934 -0.07172787934541702 1.5959340333938599 106 165 209
-16.956430435180664 -0.703227162361145 1.7205601930618286 109 128 135
-13.221820831298828 -1.0324171781539917 1.2193130254745483 104 143 160
-15.746399879455566 -1.8048902750015259 1.3033448457717896 94 100 96
-27.484508514404297 -0.13088281452655792 2.047780990600586 122 144 141
-17.799480438232422 -0.7325891852378845 1.155761957168579 100 116 113
-13.575505256652832 -1.053121566772461 0.7512568831443787 76 90 75
-23.63787078857422 -2.6968913078308105 1.0861783027648926 28 30 27
-13.748003959655762 -0.05994987115263939 0.5209410786628723 73 87 72
-13.26768970489502 -0.5407353043556213 0.37508270144462585 87 101 86
-12.544570922851562 -0.9671999216079712 0.23521243035793304 67 81 64
-21.110565185546875 -2.3962297439575195 0.19282902777194977 32 36 35
-15.251883506774902 -0.0563921257853508 0.020231014117598534 78 86 62
-13.989218711853027 -0.562560498714447 -0.1153382956981659 75 87 63
-12.613079071044922 -0.9656173586845398 -0.2256651222705841 63 69 57
-16.786415100097656 -1.9003570079803467 -0.46362000703811646 65 74 57
-15.254448890686035 -0.051076740026474 -0.5374983549118042 85 94 77
-12.687246322631836 -0.5051020383834839 -0.5681425929069519 49 54 48
-12.670660018920898 -0.963575005531311 -0.6906466484069824 66 85 55
-12.965180397033691 -1.4613456726074219 -0.8354977369308472 58 70 48
-13.275785446166992 -0.03703688085079193 -0.9530212879180908 68 90 41
-12.759784698486328 -0.49996018409729004 -1.0417730808258057 35 60 18
-11.8519926071167 -0.8971562385559082 -1.0814924240112305 47 71 19
-11.20805835723877 -1.2611160278320312 -1.1375036239624023 55 87 14
-10.672931671142578 -0.025304721668362617 -1.1617164611816406 70 102 35
-9.950818061828613 -0.3839839994907379 -1.180924654006958 69 97 39
-9.49718952178955 -0.7144046425819397 -1.2212380170822144 77 107 55
-8.691636085510254 -0.9733631610870361 -1.2080029249191284 60 98 23
-8.392006874084473 -0.01389160193502903 -1.225310206413269 93 115 66
-8.009541511535645 -0.3058537244796753 -1.2482962608337402 66 89 47
-7.493710517883301 -0.5606723427772522 -1.2444474697113037 86 110 60
-7.050078392028809 -0.7890292406082153 -1.2478164434432983 68 94 55
-6.966144561767578 -0.0030205571092665195 -1.2812920808792114 82 100 74
-6.709460258483887 -0.2525731921195984 -1.3004900217056274 64 77 59
-6.292832851409912 -0.46784186363220215 -1.2864627838134766 83 103 75
-5.996735095977783 -0.6705055832862854 -1.292608380317688 46 71 50
-5.5852179527282715 0.0007950748549774289 -1.2436344623565674 87 124 70
-5.457396507263184 -0.20124328136444092 -1.2707386016845703 64 67 60
-11.23307991027832 -1.2780728340148926 2.1967580318450928 88 140 200
-16.93885612487793 -1.2923897504806519 2.8227179050445557 54 54 62
-16.35638427734375 -1.8459548950195312 2.5723040103912354 160 193 210
-14.709565162658691 -0.03467470780014992 2.184981346130371 158 188 198
-13.984734535217285 -0.5440990328788757 1.9390228986740112 74 90 115
-17.573211669921875 -1.3284502029418945 2.2704226970672607 80 127 147
-16.00171661376953 -1.7954634428024292 1.918352723121643 37 47 39
-16.979385375976562 -0.6520039439201355 1.7226784229278564 58 70 84
-13.430479049682617 -1.007264494895935 1.2382646799087524 88 111 117
-15.871711730957031 -1.7699376344680786 1.3132613897323608 58 72 57
-27.61043357849121 -0.04677378386259079 2.057142734527588 103 126 116
-13.78999137878418 -0.525193452835083 0.8953076004981995 104 130 121
-13.21224594116211 -0.9841727614402771 0.7309839129447937 108 126 112
-13.695556640625 -1.520003318786621 0.6291041374206543 28 34 32
-13.877030372619629 -0.01793793775141239 0.5258256196975708 88 97 80
-14.562851905822754 -0.5487736463546753 0.4116479158401489 86 100 85
-13.566514015197754 -1.0041335821151733 0.254315048456192 77 92 73
-24.18207359313965 -2.669752359390259 0.22080905735492706 50 52 51
-16.20098304748535 -0.010197051800787449 0.021489813923835754 64 81 63
-14.002869606018066 -0.5200849175453186 -0.11543715000152588 65 73 58
-12.940056800842285 -0.9507267475128174 -0.23146191239356995 82 90 77
-14.704571723937988 -1.6190000772476196 -0.40598297119140625 53 55 52
-14.51699161529541 -0.004069744609296322 -0.5115107893943787 77 88 74
-13.081077575683594 -0.4805901050567627 -0.585709810256958 70 83 63
-12.734305381774902 -0.9291298389434814 -0.6939571499824524 59 82 36
-12.9775390625 -1.4224320650100708 -0.8360090255737305 52 63 46
-13.276834487915039 0.0036931089125573635 -0.9530928730964661 54 81 40
-12.670619010925293 -0.457538366317749 -1.0343736410140991 35 60 30
-11.949049949645996 -0.867642343044281 -1.090100884437561 47 74 23
-11.160444259643555 -1.2210969924926758 -1.132285714149475 63 89 28
-10.629218101501465 0.007409000303596258 -1.156955361366272 72 102 40
-9.803086280822754 -0.34816649556159973 -1.1632601022720337 53 87 26
-9.314336776733398 -0.6719187498092651 -1.1974543333053589 84 116 51
-8.683749198913574 -0.9455136060714722 -1.2064979076385498 56 91 35
-8.414769172668457 0.011886929161846638 -1.2286332845687866 67 82 59
-8.023279190063477 -0.2817300856113434 -1.2502965927124023 58 84 37
-7.532788276672363 -0.5403617024421692 -1.2506556510925293 67 108 32
-7.044632434844971 -0.7665438652038574 -1.246430516242981 62 86 34
-6.909078121185303 0.018201015889644623 -1.270799994468689 75 94 64
-6.7072601318359375 -0.2318859100341797 -1.299919605255127 94 109 80
-6.320627212524414 -0.4504140317440033 -1.291856288909912 38 64 27
-5.988070964813232 -0.6509422659873962 -1.2903043031692505 51 72 57
-5.644731044769287 0.018121426925063133 -1.256892442703247 77 106 52
-5.427812099456787 -0.1834792196750641 -1.263713002204895 71 73 70
-16.385337829589844 -1.2085202932357788 3.35553240776062 91 138 190
-15.943646430969238 -1.7644991874694824 3.1168901920318604 73 104 148
-14.04351806640625 0.007039127871394157 2.6154909133911133 81 142 197
-13.666766166687012 -0.4980997145175934 2.4067437648773193 80 113 132
-16.498044967651367 -1.207858681678772 2.7486300468444824 86 106 130
-16.1409969329834 -1.7715131044387817 2.537564277648926 128 161 166
-13.934863090515137 -0.49934735894203186 1.9318866729736328 113 139 136
-12.407119750976562 -1.3536030054092407 1.486912488937378 106 126 159
-17.057865142822266 -0.6026135087013245 1.7304449081420898 122 148 163
-13.17129135131836 -0.9471988081932068 1.2140944004058838 110 141 170
-15.79185676574707 -1.7119977474212646 1.3062132596969604 74 85 69
-27.663299560546875 0.03800667077302933 2.0610806941986084 100 117 107
-14.234334945678711 -0.49838757514953613 0.9240527749061584 114 138 140
-27.558813095092773 -1.9678410291671753 1.5243842601776123 101 125 111
-13.699161529541016 -1.4778716564178467 0.6290584802627563 33 39 37
-15.564806938171387 0.02763265185058117 0.5897789001464844 80 93 73
-14.686346054077148 -0.5083112716674805 0.41509267687797546 89 107 91
-13.324190139770508 -0.9451050162315369 0.24971695244312286 87 102 81
-15.572940826416016 0.037975504994392395 0.020656805485486984 65 79 62
-14.057367324829102 -0.4789268672466278 -0.11587376147508621 84 87 76
-13.017716407775879 -0.9162879586219788 -0.23279964923858643 80 93 75
-13.080385208129883 -1.399571180343628 -0.3610200583934784 78 95 76
-13.998259544372559 0.03902190178632736 -0.4932349920272827 75 89 72
-12.84186840057373 -0.43235448002815247 -0.5749370455741882 67 76 59
-12.722153663635254 -0.8890130519866943 -0.6931430697441101 73 100 55
-12.985811233520508 -1.3830336332321167 -0.8362646102905273 35 42 35
-13.41141414642334 0.04487641528248787 -0.9627591371536255 54 86 19
-12.648055076599121 -0.41787344217300415 -1.0324221849441528 47 70 42
-11.980466842651367 -0.8329823017120361 -1.0927287340164185 55 69 43
-11.20074462890625 -1.1907432079315186 -1.1359983682632446 64 92 34
-10.67288589477539 0.04018363356590271 -1.1617164611816406 73 107 46
-9.780287742614746 -0.31731656193733215 -1.1604337692260742 69 101 38
-9.29260540008545 -0.6416996121406555 -1.1944018602371216 82 118 44
-8.711236953735352 -0.9214728474617004 -1.20991849899292 66 102 30
-8.444377899169922 0.03783602640032768 -1.2329676151275635 89 106 70
-8.064597129821777 -0.25841113924980164 -1.256605863571167 45 63 41
-7.563938140869141 -0.519275963306427 -1.2555570602416992 101 128 83
-7.041074752807617 -0.7443063855171204 -1.2453911304473877 80 111 54
-6.908989906311035 0.03939768299460411 -1.270799994468689 63 75 51
-6.704014778137207 -0.2111835926771164 -1.2991589307785034 67 80 50
-6.340553283691406 -0.4322868287563324 -1.2956517934799194 71 95 61
-6.001708984375 -0.6338003277778625 -1.2928178310394287 65 80 61
-5.60853385925293 0.03521239012479782 -1.248850703239441 94 113 67
-5.404011249542236 -0.1660780906677246 -1.258047103881836 81 85 86
-16.368444442749023 -1.1567946672439575 3.351330280303955 84 138 200
-15.4307222366333 -1.659828782081604 3.0156068801879883 95 145 180
-16.993701934814453 -1.191743016242981 2.8305857181549072 111 157 193
-16.068742752075195 -1.7137075662612915 2.5253665447235107 101 124 130
-14.007610321044922 -0.45892879366874695 1.9417678117752075 112 135 151
-16.22552490234375 -1.1264891624450684 2.095371723175049 72 90 110
-17.22205352783203 -1.8254591226577759 2.063270092010498 35 70 92
-13.342362403869629 0.056005120277404785 1.4862245321273804 109 166 209
-16.070222854614258 -0.518363356590271 1.6300841569900513 131 159 170
-16.57272720336914 -1.1407129764556885 1.5272998809814453 65 89 89
-19.82707405090332 -2.08793306350708 1.6394460201263428 38 44 34
-27.654077529907227 0.12283643335103989 2.0604119300842285 95 112 104
-13.133676528930664 -0.4195113778114319 0.8525136113166809 101 120 124
-12.688078880310059 -0.866877555847168 0.7016761898994446 79 92 75
-13.474127769470215 -1.4117894172668457 0.6185232400894165 72 85 78
-13.887871742248535 0.06726349890232086 0.5262421369552612 99 113 98
-14.629887580871582 -0.4614240825176239 0.41345497965812683 82 95 86
-13.548479080200195 -0.9192478060722351 0.25386643409729004 86 104 80
-26.36716651916504 -2.7473411560058594 0.24060291051864624 59 75 49
-15.690749168395996 0.08640220016241074 0.02081332542002201 88 101 84
-14.066765785217285 -0.4360450506210327 -0.1159396544098854 82 93 76
-12.909734725952148 -0.868893027305603 -0.23081982135772705 73 80 64
-13.056777954101562 -1.3565422296524048 -0.36025193333625793 59 64 58
-17.40190315246582 0.1018993929028511 -0.6131720542907715 78 93 74
-12.672385215759277 -0.38772985339164734 -0.5672932863235474 71 77 65
-12.658069610595703 -0.8455190062522888 -0.6895069479942322 66 82 56
-13.009846687316895 -1.3452401161193848 -0.8375427722930908 31 36 30
-13.42617416381836 0.08611780405044556 -0.9638331532478333 61 90 36
-12.545668601989746 -0.37596285343170166 -1.0239657163619995 47 76 32
-11.971041679382324 -0.7954304814338684 -1.0916414260864258 34 60 25
-11.201376914978027 -1.1560677289962769 -1.1356974840164185 53 82 28
-10.772123336791992 0.07360667735338211 -1.1725372076034546 61 99 14
-9.766325950622559 -0.2868722379207611 -1.1586674451828003 70 103 48
-9.267807960510254 -0.6114243268966675 -1.1909677982330322 68 96 21
-8.773147583007812 -0.9008136987686157 -1.2181278467178345 69 110 18
-8.460053443908691 0.06386234611272812 -1.2352792024612427 80 84 70
-8.075228691101074 -0.23395425081253052 -1.258144736289978 63 72 55
-7.5448222160339355 -0.49471214413642883 -1.2521260976791382 83 118 60
-7.0423455238342285 -0.7226006388664246 -1.2452179193496704 81 121 51
-6.920638084411621 0.060697488486766815 -1.2729707956314087 51 59 48
-6.695799350738525 -0.19036386907100677 -1.2974475622177124 96 109 91
-6.361405372619629 -0.41410523653030396 -1.2996469736099243 46 64 42
-5.947206974029541 -0.6096014380455017 -1.28066885471344 52 71 51
-5.628896236419678 0.05261053889989853 -1.2534148693084717 74 109 29
-5.440518856048584 -0.1504945158958435 -1.266432523727417 78 87 68
-16.561559677124023 -1.1193894147872925 3.390150547027588 85 141 190
-15.885828971862793 -1.6594980955123901 3.1035380363464355 85 131 167
-16.571090698242188 -1.1110272407531738 2.7596120834350586 108 156 194
-16.16139030456543 -1.6734580993652344 2.5391082763671875 138 163 167
-14.320834159851074 -0.42521223425865173 1.9849973917007446 135 163 177
-11.982551574707031 -1.2329328060150146 1.4350972175598145 95 140 169
-14.38962173461914 0.10454932600259781 1.6029084920883179 106 161 202
-14.516376495361328 -0.42366451025009155 1.4723308086395264 118 139 142
-14.077107429504395 -0.9255539774894714 1.2970421314239502 85 110 106
-13.056442260742188 0.09805343300104141 0.9728092551231384 117 141 143
-15.812156677246094 -0.456510454416275 1.026279330253601 110 136 135
-13.684121131896973 -1.391362190246582 0.6279639601707458 87 97 88
-18.759950637817383 0.14841775596141815 0.7108698487281799 95 110 89
-13.8468656539917 -0.39420777559280396 0.39128997921943665 49 54 50
-13.335723876953125 -0.8637192249298096 0.24982909858226776 78 99 84
-26.555545806884766 -2.6846396923065186 0.2422455996274948 72 84 70
-15.87340259552002 0.13610944151878357 0.02105606533586979 79 90 73
-14.076034545898438 -0.39311009645462036 -0.1160055622458458 76 84 71
-12.841496467590332 -0.8247326016426086 -0.2295534461736679 69 80 66
-13.110607147216797 -1.3214905261993408 -0.3616235852241516 49 59 51
-15.978447914123535 0.14258812367916107 -0.56302809715271 84 95 81
-12.67651081085205 -0.3489321172237396 -0.5674273371696472 63 72 53
-12.733348846435547 -0.8113155961036682 -0.6934686899185181 53 63 39
-11.363590240478516 -1.1397895812988281 -0.7313321232795715 32 36 35
-13.58044147491455 0.1287742406129837 -0.9749314188957214 55 82 29
-12.587613105773926 -0.3385702669620514 -1.0272995233535767 37 65 25
-12.135430335998535 -0.7689656019210815 -1.1064116954803467 55 69 44
-11.183090209960938 -1.1195166110992432 -1.1334898471832275 47 75 27
-10.781787872314453 0.10675317049026489 -1.1736193895339966 62 94 29
-9.773116111755371 -0.2570648789405823 -1.1593739986419678 63 96 43
-9.260730743408203 -0.5824278593063354 -1.1898231506347656 71 104 23
-8.944427490234375 -0.8906786441802979 -1.241524338722229 65 103 26
-8.467734336853027 0.0899011641740799 -1.236435055732727 69 90 51
-8.078872680664062 -0.20925545692443848 -1.2586064338684082 78 95 63
-7.555166244506836 -0.4721163809299469 -1.253596544265747 73 106 51
-7.045508861541748 -0.7010891437530518 -1.2453911304473877 77 110 55
-6.928287029266357 0.08202256262302399 -1.2744179964065552 78 85 77
-6.667889595031738 -0.16909874975681305 -1.2919329404830933 83 97 74
-6.375359535217285 -0.39537522196769714 -1.302243947982788 45 57 45
-5.9325079917907715 -0.5897085070610046 -1.2771079540252686 84 104 76
-5.68824577331543 0.0706186443567276 -1.2666728496551514 67 89 43
-5.419534206390381 -0.13327574729919434 -1.2614467144012451 62 67 60
-16.54340362548828 -1.0671863555908203 3.3857479095458984 88 134 186
-15.570509910583496 -1.5782828330993652 3.040975332260132 72 117 146
-14.195231437683105 0.13777077198028564 2.6438703536987305 88 144 193
-14.368782043457031 -0.39130181074142456 2.5296287536621094 68 92 118
-16.58229637145996 -1.0606863498687744 2.760923147201538 104 156 195
-15.930512428283691 -1.6001687049865723 2.502052068710327 61 87 48
-16.036087036132812 -0.4269041419029236 2.222554922103882 104 128 138
-15.78176212310791 -0.9984177947044373 2.0372345447540283 74 103 133
-12.721402168273926 -1.269526481628418 1.523112416267395 109 153 182
-15.079924583435059 0.15583303570747375 1.6798490285873413 105 159 197
-14.582254409790039 -0.3808151185512543 1.4788869619369507 112 149 178
-17.308900833129883 -1.0847187042236328 1.5945003032684326 96 136 138
-13.638919830322266 -1.3517142534255981 1.127057671546936 107 132 128
-27.643829345703125 0.29242143034935 2.0597431659698486 85 106 109
-13.029264450073242 -0.336162805557251 0.8455862998962402 102 130 131
-12.947281837463379 -0.8048049211502075 0.7157240509986877 122 138 127
-13.706218719482422 -1.351137399673462 0.6287848353385925 95 115 114
-18.7534122467041 0.2059059590101242 0.7106426954269409 97 111 96
-14.524521827697754 -0.36890700459480286 0.41040554642677307 65 87 66
-13.170660018920898 -0.8124598264694214 0.24668894708156586 116 136 111
-13.110654830932617 -1.2848035097122192 0.11956179887056351 91 105 90
-16.676856994628906 0.19416801631450653 0.02212253212928772 38 50 36
-12.639381408691406 -0.7728224396705627 -0.22589699923992157 80 92 80
-12.635065078735352 -1.2344123125076294 -0.3484008312225342 44 51 44
-15.490273475646973 0.18576055765151978 -0.5458438992500305 84 96 72
-12.682515144348145 -0.31016162037849426 -0.5676508545875549 80 87 71
-12.996912002563477 -0.7880805730819702 -0.7076876163482666 73 96 50
-11.27962589263916 -1.09642493724823 -0.7257084846496582 26 33 25
-13.599929809570312 0.170688197016716 -0.976363480091095 54 84 24
-12.629444122314453 -0.30092382431030273 -1.0306332111358643 47 72 32
-11.922017097473145 -0.7187264561653137 -1.0867481231689453 68 81 37
-11.180530548095703 -1.0846257209777832 -1.132887840270996 56 83 32
-10.757552146911621 0.1395213007926941 -1.1710222959518433 73 109 39
-9.90192699432373 -0.23005564510822296 -1.1745654344558716 61 93 30
-9.20900821685791 -0.5508157014846802 -1.1829551458358765 81 111 57
-8.965852737426758 -0.8650408983230591 -1.244123935699463 67 97 35
-8.503037452697754 0.11636684834957123 -1.2416362762451172 78 107 63
-8.069597244262695 -0.18424329161643982 -1.2570675611495972 72 85 57
-7.58513879776001 -0.4506319761276245 -1.2583343982696533 83 117 57
-7.042725563049316 -0.6789979934692383 -1.2445249557495117 84 118 57
-6.929969787597656 0.10330718010663986 -1.2747797966003418 69 85 58
-6.642858028411865 -0.14807231724262238 -1.2869887351989746 78 88 77
-6.382411003112793 -0.3761599063873291 -1.303442358970642 71 85 68
-5.922609806060791 -0.5703802704811096 -1.2745944261550903 52 75 46
-5.687026023864746 0.08805449306964874 -1.2664554119110107 63 90 39
-5.449130058288574 -0.11727694422006607 -1.2682455778121948 108 121 93
-16.396976470947266 -1.0072357654571533 3.3551321029663086 77 133 184
-15.549878120422363 -1.5280097723007202 3.0360162258148193 76 113 158
-14.094473838806152 0.1800396740436554 2.625194787979126 93 134 178
-14.746023178100586 -0.35630500316619873 2.5958375930786133 89 147 197
-16.391498565673828 -0.9979974031448364 2.728632926940918 100 150 185
-16.540115356445312 -1.6101605892181396 2.597008228302002 97 121 107
-15.99166202545166 -0.9624481797218323 2.063939332962036 122 154 169
-16.861557006835938 -1.6304614543914795 2.018198013305664 74 101 118
-15.113163948059082 0.20254969596862793 1.6836130619049072 101 154 186
-17.046072006225586 -0.3928293287754059 1.728629469871521 113 166 198
-17.30916404724121 -1.031432867050171 1.5942256450653076 100 119 133
-13.633081436157227 -1.308911681175232 1.1262381076812744 134 163 145
-14.015844345092773 0.19126854836940765 1.0443601608276367 107 132 126
-13.585922241210938 -0.3088192641735077 0.8816472291946411 105 125 124
-26.513673782348633 -2.531567096710205 1.2159759998321533 91 106 83
-15.703181266784668 0.22059981524944305 0.5950799584388733 85 94 75
-14.112852096557617 -0.3151286840438843 0.3987441956996918 83 93 84
-12.08520221710205 -1.14689040184021 0.11017763614654541 71 92 75
-16.832164764404297 0.24762572348117828 0.022329458966851234 45 53 42
-17.8951473236084 -0.3898973762989044 -0.14745771884918213 80 98 82
-13.48314094543457 -0.7829005122184753 -0.24093300104141235 77 89 69
-13.003028869628906 -1.2300997972488403 -0.3584413528442383 56 67 50
-16.42594337463379 0.24738462269306183 -0.5788389444351196 67 72 50
-17.805110931396484 -0.38078489899635315 -0.7968747615814209 75 86 69
-13.099953651428223 -0.7539980411529541 -0.7131689190864563 65 80 51
-15.503604888916016 -1.4590128660202026 -0.9971781373023987 28 28 26
-13.427804946899414 0.20973210036754608 -0.9640479683876038 59 85 38
-12.625327110290527 -0.2620723843574524 -1.030226707458496 49 74 34
-11.77701473236084 -0.6737287044525146 -1.0733370780944824 47 63 34
-11.18776798248291 -1.0506913661956787 -1.133289098739624 45 78 7
-10.86740779876709 0.17429392039775848 -1.1830333471298218 66 102 30
-9.878758430480957 -0.19919539988040924 -1.171739101409912 62 99 21
-9.232440948486328 -0.5237963199615479 -1.1857532262802124 74 103 36
-8.985231399536133 -0.8390957713127136 -1.2464499473571777 70 101 41
-8.534299850463867 0.14298367500305176 -1.2462594509124756 73 99 52
-8.041475296020508 -0.1589190661907196 -1.2526049613952637 56 74 34
-7.6160359382629395 -0.4290235936641693 -1.2632358074188232 65 98 43
-7.046736717224121 -0.657571017742157 -1.2448713779449463 75 108 53
-6.9276533126831055 0.12453219294548035 -1.2744179964065552 89 92 75
-6.631502151489258 -0.12746523320674896 -1.284706950187683 77 90 72
-6.387448310852051 -0.3567957878112793 -1.3042415380477905 74 90 63
-5.936988353729248 -0.5533869862556458 -1.2773175239562988 80 113 70
-5.704296112060547 0.10582753270864487 -1.2703676223754883 77 114 62
-5.423171043395996 -0.10007351636886597 -1.2621265649795532 72 99 58
-16.61028480529785 -0.9691963195800781 3.3981542587280273 86 139 189
-15.148585319519043 0.2399894893169403 2.8216543197631836 88 140 198
-14.213369369506836 -0.299806147813797 2.5018973350524902 93 144 201
-16.634780883789062 -0.9615950584411621 2.768627166748047 79 106 125
-16.02127456665039 -0.9149087071418762 2.0673892498016357 112 158 181
-17.013376235961914 -0.33985528349876404 1.7251999378204346 90 136 152
-17.287391662597656 -0.9769197106361389 1.5919368267059326 99 117 127
-13.649934768676758 -1.2682785987854004 1.1273034811019897 82 98 85
-27.253644943237305 0.4555519223213196 2.0308406352996826 111 130 126
-14.03377914428711 -0.275924950838089 0.9106513261795044 102 125 105
-16.15507698059082 -0.9047293066978455 0.8927268981933594 84 105 90
-26.924179077148438 -2.487431526184082 1.2344468832015991 121 133 109
-15.719415664672852 0.26906618475914 0.5957236289978027 88 105 86
-13.827919960021973 -0.2663244605064392 0.3906688094139099 76 82 72
-13.495847702026367 -0.74942547082901 0.2526888847351074 70 80 69
-17.001298904418945 0.3022870719432831 0.022554954513907433 37 43 33
-15.9146728515625 -0.29790136218070984 -0.13113027811050415 78 90 66
-13.728074073791504 -0.7548707723617554 -0.24526722729206085 75 83 70
-12.465208053588867 -1.1406474113464355 -0.3435177206993103 80 84 69
-13.83414077758789 0.2508048415184021 -0.4875304102897644 90 104 81
-12.564319610595703 -0.23014186322689056 -0.5622867941856384 69 81 59
-13.087248802185059 -0.7129895687103271 -0.712354838848114 73 85 63
-12.345582962036133 -1.1236175298690796 -0.7938315272331238 43 46 37
-13.509870529174805 0.2524738907814026 -0.9699909687042236 55 84 26
-12.703800201416016 -0.22471211850643158 -1.0365689992904663 50 73 31
-11.942112922668457 -0.6464220285415649 -1.088197946548462 45 64 32
-11.194902420043945 -1.0167227983474731 -1.1336904764175415 53 75 36
-10.861852645874023 0.20753887295722961 -1.1824923753738403 84 123 40
-9.95776081085205 -0.1702277660369873 -1.1810423135757446 77 111 51
-9.238956451416016 -0.4957347810268402 -1.1863890886306763 68 85 49
-7.310574054718018 -0.6600882411003113 -1.0138522386550903 65 94 46
-8.557564735412598 0.169636532664299 -1.2497268915176392 71 97 50
-8.044889450073242 -0.13429690897464752 -1.2530666589736938 62 74 54
-7.635049343109131 -0.4066002666950226 -1.2661765813827515 84 111 60
-7.060491561889648 -0.6370108127593994 -1.2469502687454224 60 91 31
-6.923305511474609 0.1457025706768036 -1.273694396018982 76 89 71
-6.627935409545898 -0.10705603659152985 -1.2839462757110596 89 113 79
-6.384598731994629 -0.3369911015033722 -1.303442358970642 75 79 64
-5.925998210906982 -0.5340290665626526 -1.2745944261550903 98 113 80
-5.710775852203369 0.12347526848316193 -1.271889090538025 88 105 61
-5.430269718170166 -0.08353985846042633 -1.263713002204895 61 83 45
-16.3206729888916 -0.9020649790763855 3.3383235931396484 77 127 190
-15.600015640258789 -1.4363489151000977 3.044027090072632 78 130 178
-14.611058235168457 -0.26335135102272034 2.5717458724975586 91 146 200
-16.58249282836914 -0.9075369238853455 2.759448289871216 99 143 188
-16.2889404296875 -1.4848731756210327 2.5560920238494873 89 118 136
-16.020265579223633 0.3063198924064636 2.380103349685669 160 194 196
-15.821450233459473 -0.27549979090690613 2.1923625469207764 123 145 156
-16.095312118530273 -0.8696043491363525 2.0765891075134277 99 163 201
-15.571782112121582 -1.409359335899353 1.8627516031265259 86 128 153
-17.020309448242188 -0.2877582907676697 1.7258051633834839 115 161 197
-17.053646087646484 -0.9112325310707092 1.570147156715393 85 103 117
-26.395286560058594 -2.37085223197937 2.1792895793914795 102 114 104
-26.43055534362793 0.5229087471961975 1.9696173667907715 110 126 123
-25.880023956298828 -0.42941462993621826 1.67926025390625 70 77 69
-16.41502571105957 -0.8687770962715149 0.9069400429725647 109 128 122
-27.30082893371582 -2.4377799034118652 1.251367211341858 93 104 100
-17.665721893310547 0.3565973937511444 0.6695217490196228 96 111 90
-13.883642196655273 -0.22478976845741272 0.3922217786312103 82 90 79
-27.32954216003418 -2.42447829246521 0.24901598691940308 55 78 60
-18.10004997253418 0.37737414240837097 0.024014048278331757 38 41 34
-15.712543487548828 -0.2458980232477188 -0.1294579952955246 52 61 56
-13.749297142028809 -0.7137349247932434 -0.24560612440109253 71 82 65
-12.744468688964844 -1.1267856359481812 -0.35111668705940247 75 87 63
-17.401288986206055 0.36888232827186584 -0.6132776737213135 78 88 64
-15.633539199829102 -0.238384410738945 -0.6996065378189087 81 97 70
-12.940790176391602 -0.6651974320411682 -0.7042685151100159 55 65 40
-12.333065032958984 -1.0843379497528076 -0.792809009552002 35 45 37
-13.691519737243652 0.297890841960907 -0.9830940365791321 55 80 41
-12.733330726623535 -0.18615888059139252 -1.0389270782470703 52 72 35
-12.047477722167969 -0.6150619387626648 -1.097622036933899 55 68 25
-11.206889152526855 -0.9831550121307373 -1.1345936059951782 54 80 32
-10.849237442016602 0.24059709906578064 -1.1811938285827637 71 102 32
-10.01384162902832 -0.1404569000005722 -1.1876369714736938 71 102 58
-9.264208793640137 -0.46859028935432434 -1.1894415616989136 74 100 55
-8.92705249786377 -0.7784402370452881 -1.2376933097839355 58 86 27
-8.556014060974121 0.19586731493473053 -1.2495824098587036 75 97 59
-8.067987442016602 -0.10992450267076492 -1.256605863571167 88 94 80
-7.65399694442749 -0.38406431674957275 -1.2691174745559692 52 74 36
-7.080073833465576 -0.6168853640556335 -1.2500685453414917 94 118 86
-6.9208598136901855 0.16689486801624298 -1.2733325958251953 87 98 82
-6.6027092933654785 -0.08638737350702286 -1.2790021896362305 107 130 88
-6.379731178283691 -0.31711000204086304 -1.302243947982788 78 91 81
-5.969496250152588 -0.5194910764694214 -1.2836014032363892 67 85 45
-5.687926769256592 0.1404409557580948 -1.266890287399292 77 108 51
-5.417839527130127 -0.06672371178865433 -1.2607667446136475 86 120 85
-16.300859451293945 -0.850814938545227 3.3337209224700928 87 135 183
-14.45128345489502 -0.21612347662448883 2.543494701385498 83 143 195
-16.785186767578125 -0.8669880032539368 2.79272198677063 128 152 164
-17.255966186523438 -1.5196598768234253 2.7070953845977783 136 171 199
-16.019250869750977 0.35546794533729553 2.380103349685669 158 191 200
-14.812966346740723 -0.21248188614845276 2.052517890930176 114 139 144
-15.664058685302734 -0.7981151938438416 2.0206239223480225 112 157 186
-15.551302909851074 -1.35941743850708 1.8597941398620605 85 124 153
-13.60395622253418 -0.1882525235414505 1.3793329000473022 106 165 205
-16.846513748168945 -0.8483410477638245 1.5508291721343994 74 89 82
-13.398309707641602 -1.1620243787765503 1.1059130430221558 98 123 128
-15.632577896118164 0.3572608530521393 1.1650232076644897 106 122 109
-14.938702583312988 -0.7446891665458679 0.8252421617507935 104 125 120
-13.624231338500977 -1.1744314432144165 0.6243153810501099 93 109 99
-17.572635650634766 0.4086560010910034 0.6660381555557251 77 89 77
-14.498969078063965 -0.1902606338262558 0.40958669781684875 51 67 38
-13.559109687805176 -0.669511616230011 0.2537916898727417 78 90 78
-12.621299743652344 -1.0806540250778198 0.11496954411268234 78 90 78
-18.090810775756836 0.43271124362945557 0.024003436788916588 86 95 74
-13.477477073669434 -0.16956304013729095 -0.11103813350200653 59 72 52
-13.226131439208984 -0.6458967924118042 -0.2362242192029953 62 75 57
-12.717986106872559 -1.0851314067840576 -0.35029372572898865 85 91 77
-13.910269737243652 0.3375759720802307 -0.4902770519256592 94 112 88
-15.586248397827148 -0.1898362636566162 -0.697460949420929 67 83 47
-13.487330436706543 -0.6518097519874573 -0.733900249004364 61 70 53
-12.199109077453613 -1.034854769706726 -0.7839900851249695 66 80 55
-13.577865600585938 0.33709704875946045 -0.9750030636787415 64 94 32
-12.758758544921875 -0.1473805159330368 -1.0409599542617798 52 81 25
-12.045328140258789 -0.5779069662094116 -1.0972594022750854 43 66 14
-11.211835861206055 -0.9489360451698303 -1.1347943544387817 54 77 31
-10.818634033203125 0.2731282711029053 -1.1779476404190063 83 117 43
-9.977484703063965 -0.10933162271976471 -1.1832797527313232 65 100 36
-9.279473304748535 -0.44082480669021606 -1.1912221908569336 74 101 60
-8.871159553527832 -0.7461502552032471 -1.2296208143234253 74 87 57
-8.567243576049805 0.22242406010627747 -1.2513161897659302 72 87 46
-8.084095001220703 -0.08533862978219986 -1.2590680122375488 80 92 70
-7.657110214233398 -0.3606732189655304 -1.269444227218628 54 86 49
-7.125115394592285 -0.5987901091575623 -1.2576907873153687 57 84 41
-6.921298027038574 0.1881537139415741 -1.2735135555267334 65 71 71
-6.5941081047058105 -0.06604165583848953 -1.2772908210754395 97 118 85
-6.360119342803955 -0.2965772747993469 -1.2980488538742065 72 85 68
-5.988600730895996 -0.5026466250419617 -1.2873717546463013 67 85 47
-5.62404727935791 0.15612994134426117 -1.2527629137039185 93 119 74
-5.400487899780273 -0.0499395877122879 -1.2566872835159302 81 108 77
-16.32002830505371 -0.8016178011894226 3.337122917175293 78 124 173
-15.938136100769043 -1.3689110279083252 3.108306884765625 92 120 160
-14.597627639770508 -0.1735190451145172 2.569146156311035 93 147 191
-17.037052154541016 -0.8275970220565796 2.8341917991638184 107 140 149
-16.45624351501465 -1.3983665704727173 2.5809507369995117 109 140 169
-14.769968032836914 -0.16654394567012787 2.0464797019958496 116 145 140
-17.495208740234375 -0.8376101851463318 2.256495475769043 99 160 191
-16.167879104614258 -1.3633472919464111 1.9330217838287354 111 161 198
-15.146300315856934 0.3889401853084564 1.687709093093872 96 127 148
-16.684911727905273 -0.7888925671577454 1.5357227325439453 105 131 132
-13.163451194763184 -1.1009773015975952 1.0862436294555664 98 128 136
-14.04932689666748 0.3642062842845917 1.0471091270446777 112 139 146
-15.838834762573242 -0.16560213267803192 1.0276389122009277 108 124 121
-17.135175704956055 -0.8014898300170898 0.946439266204834 89 101 97
-13.801987648010254 -1.1471068859100342 0.6322965621948242 86 95 90
-16.869047164916992 0.44407930970191956 0.6394193768501282 92 106 91
-14.055683135986328 -0.14131556451320648 0.39705005288124084 79 101 65
-13.268464088439941 -0.6143600344657898 0.24831509590148926 102 111 90
-12.611600875854492 -1.0408581495285034 0.11485156416893005 92 103 87
-17.662553787231445 0.47669103741645813 0.02343704365193844 73 85 73
-17.542612075805664 -0.16688069701194763 -0.14452503621578217 73 81 58
-13.722455024719238 -0.6279405355453491 -0.24505318701267242 81 89 76
-12.477170944213867 -1.026036262512207 -0.34357255697250366 67 76 59
-13.885193824768066 0.3795950710773468 -0.4894319474697113 62 76 53
-13.33310604095459 -0.12148348242044449 -0.5966167449951172 62 70 55
-12.922683715820312 -0.5847886204719543 -0.70307457447052 54 59 52
-12.519516944885254 -1.0233591794967651 -0.8043758869171143 68 81 55
-13.361406326293945 0.3727438151836395 -0.9595370888710022 55 85 31
-12.793035507202148 -0.10852394998073578 -1.043724536895752 58 84 39
-12.200257301330566 -0.5478293895721436 -1.111214280128479 53 81 33
-11.237502098083496 -0.9163941144943237 -1.1371022462844849 48 76 27
-10.847557067871094 0.30716225504875183 -1.1811938285827637 84 121 52
-9.892374992370605 -0.07804685831069946 -1.173152208328247 75 111 47
-9.335281372070312 -0.41477519273757935 -1.1982173919677734 91 117 78
-8.796392440795898 -0.7126906514167786 -1.2189487218856812 89 108 78
-8.576412200927734 0.24899409711360931 -1.252760887145996 106 114 103
-8.09321117401123 -0.06060316041111946 -1.2604528665542603 87 101 68
-7.663108825683594 -0.3373968005180359 -1.2702610492706299 53 78 46
-7.147533893585205 -0.5785965323448181 -1.2613288164138794 61 92 32
-6.928552627563477 0.2096250057220459 -1.2749606370925903 94 111 77
-6.571699619293213 -0.045654043555259705 -1.2729171514511108 83 118 64
-6.333589553833008 -0.2758694589138031 -1.2924555540084839 104 124 99
-5.983292579650879 -0.48371991515159607 -1.2859055995941162 57 82 40
-5.6781768798828125 0.17506803572177887 -1.2649340629577637 83 112 54
-5.394772052764893 -0.033334776759147644 -1.2553274631500244 67 94 49
-16.59086799621582 -1.373711347579956 3.2347679138183594 83 129 163
-16.814828872680664 -0.7651007771492004 2.7968201637268066 101 151 200
-16.45060920715332 -1.3470666408538818 2.57940673828125 130 167 185
-14.35340690612793 -0.11780695617198944 1.9887028932571411 120 144 148
-16.972566604614258 -0.7604048848152161 2.188774824142456 106 160 194
-13.054375648498535 -1.0604779720306396 1.5603768825531006 98 151 183
-15.610960006713867 0.4488014578819275 1.739630103111267 104 146 184
-27.649444580078125 -0.21293991804122925 2.803248405456543 82 118 114
-13.525689125061035 -0.597935676574707 1.2447649240493774 97 124 105
-13.171734809875488 -1.0609873533248901 1.0866533517837524 91 115 115
-15.696878433227539 0.45511022210121155 1.1700012683868408 98 117 111
-15.550882339477539 -0.1148781031370163 1.008928656578064 113 136 126
-14.944985389709473 -0.6531001329421997 0.8253523111343384 93 106 99
-14.162925720214844 -1.1333645582199097 0.6486695408821106 85 105 96
-17.240175247192383 0.506782591342926 0.6535428762435913 86 104 82
-13.893120765686035 -0.09705447405576706 0.39244768023490906 82 97 78
-13.237323760986328 -0.5722250938415527 0.24769829213619232 81 92 76
-11.744511604309082 -0.9330276846885681 0.10692857950925827 80 94 81
-17.671003341674805 0.5311772227287292 0.023450307548046112 80 91 74
-17.620037078857422 -0.1135561540722847 -0.14515934884548187 77 88 74
-13.806229591369629 -0.58933424949646 -0.24651578068733215 67 75 64
-13.031329154968262 -1.0313664674758911 -0.3587431013584137 63 71 58
-17.8686466217041 0.543361246585846 -0.6298984289169312 87 99 75
-17.880783081054688 -0.10805850476026535 -0.8000931143760681 91 107 71
-13.226700782775879 -0.5578896999359131 -0.7195185422897339 70 65 45
-12.594228744506836 -0.9905790686607361 -0.8089770674705505 63 77 54
-13.589499473571777 0.42083513736724854 -0.976005494594574 50 72 36
-12.837162971496582 -0.06951242685317993 -1.0473023653030396 47 78 21
-12.208845138549805 -0.510688304901123 -1.1118484735488892 48 77 19
-11.273984909057617 -0.8845596313476562 -1.1405138969421387 49 76 35
-10.515682220458984 0.33005526661872864 -1.1451606750488281 68 103 47
-9.833978652954102 -0.0474146232008934 -1.1662042140960693 59 96 27
-9.381107330322266 -0.38797739148139954 -1.203940749168396 71 99 51
-8.630645751953125 -0.6726158857345581 -1.1956889629364014 63 85 46
-8.586485862731934 0.27565422654151917 -1.254350185394287 82 98 72
-8.101263999938965 -0.03580819442868233 -1.2616839408874512 73 97 39
-7.666079044342041 -0.31396588683128357 -1.2705878019332886 70 95 65
-7.17382287979126 -0.5585768818855286 -1.2656596899032593 76 102 63
-6.919030666351318 0.23058569431304932 -1.2733325958251953 92 104 82
-6.560027599334717 -0.025446437299251556 -1.2706352472305298 90 128 69
-6.217900276184082 -0.2517204284667969 -1.2686840295791626 97 115 89
-5.991572380065918 -0.4658917784690857 -1.2873717546463013 72 101 43
-5.634689807891846 0.19103239476680756 -1.25537109375 109 143 83
-5.456209182739258 -0.016974590718746185 -1.2696053981781006 61 89 48
-17.14885139465332 -0.7368809580802917 3.5056099891662598 83 144 198
-17.007946014404297 -1.3557207584381104 3.315260171890259 116 149 182
-14.190502166748047 -0.6020697951316833 2.3599960803985596 89 148 180
-16.357152938842773 -1.2889068126678467 2.5641207695007324 114 141 152
-15.365750312805176 0.48249387741088867 2.2835707664489746 140 170 180
-15.776095390319824 -0.08108115196228027 2.1857752799987793 151 177 194
-17.482179641723633 -0.729501485824585 2.254195213317871 115 156 176
-16.170991897583008 -1.263730525970459 1.932430386543274 102 135 152
-15.695931434631348 0.49944302439689636 1.749261498451233 105 147 171
-27.52262306213379 -0.1275215744972229 2.790337562561035 116 165 198
-14.408992767333984 -0.5926975011825562 1.3258816003799438 71 91 80
-13.429304122924805 -1.0402768850326538 1.1076340675354004 99 127 131
-21.424575805664062 0.6869683265686035 1.5970773696899414 102 121 115
-13.219086647033691 -0.057095497846603394 0.8576281666755676 93 114 107
-13.70882511138916 -0.5569466352462769 0.7569862008094788 106 128 115
-13.681276321411133 -1.0525892972946167 0.6264589428901672 102 120 108
-17.242534637451172 0.5598020553588867 0.6536942720413208 92 104 92
-14.022299766540527 -0.05493570864200592 0.3960900604724884 67 80 60
-15.551748275756836 -0.624478280544281 0.2909688353538513 65 77 65
-12.774287223815918 -0.9754080176353455 0.11627642810344696 68 74 60
-27.632816314697266 0.9154829382896423 0.036673687398433685 61 73 61
-17.625303268432617 -0.05951499938964844 -0.14520055055618286 66 84 62
-12.823901176452637 -0.5079925060272217 -0.2289469987154007 65 74 57
-12.8500337600708 -0.9773569703102112 -0.3536679744720459 60 71 55
-18.566070556640625 0.6215870976448059 -0.6545478701591492 62 71 54
-15.33059310913086 -0.04561234265565872 -0.6859729290008545 72 85 55
-16.703561782836914 -0.6532098054885864 -0.908542811870575 49 54 47
-13.04401683807373 -0.9856999516487122 -0.8376705646514893 61 79 57
-13.601103782653809 0.46296629309654236 -0.9769363403320312 61 81 44
-12.715719223022461 -0.029842862859368324 -1.0373821258544922 46 81 17
-12.231252670288086 -0.47403961420059204 -1.1137514114379883 53 87 11
-11.267716407775879 -0.8492943048477173 -1.139610767364502 58 86 28
-10.852422714233398 0.37395545840263367 -1.1819512844085693 55 85 31
-9.944305419921875 -0.017437461763620377 -1.1792758703231812 72 103 44
-9.394146919250488 -0.3596501052379608 -1.2054669857025146 61 94 39
-8.655388832092285 -0.647834837436676 -1.198835849761963 80 96 57
-8.54901123046875 0.3007088899612427 -1.2490044832229614 89 100 86
-8.12307357788086 -0.010983090847730637 -1.2650694847106934 77 105 54
-7.677850723266602 -0.2908560037612915 -1.2723850011825562 59 83 47
-7.190235137939453 -0.537666916847229 -1.2682582139968872 63 88 49
-6.919273376464844 0.25184765458106995 -1.2735135555267334 112 119 103
-6.534549236297607 -0.0052997344173491 -1.2656910419464111 95 117 78
-6.244101524353027 -0.23359540104866028 -1.273877739906311 101 133 86
-6.021251201629639 -0.44961926341056824 -1.2934461832046509 50 64 38
-5.695528984069824 0.2105906456708908 -1.2690635919570923 79 100 59
-5.477663040161133 -0.00023602053988724947 -1.274591326713562 79 104 65
-17.04921531677246 -0.6802034974098206 3.4847991466522217 85 135 184
-14.571739196777344 0.4992600083351135 2.7154598236083984 86 143 198
-16.734434127807617 -0.6585763692855835 2.7827236652374268 82 111 106
-16.213253021240234 -1.2275291681289673 2.5409610271453857 114 142 163
-16.149045944213867 -1.2121801376342773 1.9293544292449951 98 150 174
-15.659562110900879 0.5463821887969971 1.7453868389129639 101 146 175
-13.347563743591309 -0.02089352160692215 1.3532087802886963 84 119 138
-16.722209930419922 -1.2437571287155151 1.3789081573486328 66 89 79
-25.75766944885254 0.9050195813179016 1.920282244682312 88 107 87
-27.51912498474121 -0.03443147614598274 1.78537118434906 106 127 132
-14.53064250946045 -0.5456869006156921 0.8022698163986206 109 130 131
-27.18358039855957 -2.0075366497039795 1.2444348335266113 94 109 104
-16.976093292236328 0.6032939553260803 0.6436601877212524 82 94 84
-15.504810333251953 -0.013175327330827713 0.4379635453224182 96 113 94
-13.68320369720459 -0.5074049830436707 0.2559785544872284 78 92 77
-13.289824485778809 -0.9737719893455505 0.12094128131866455 72 85 67
-18.527847290039062 0.6707438826560974 0.024592380970716476 83 91 80
-14.079522132873535 -0.004346420522779226 -0.115989089012146 75 82 75
-12.818405151367188 -0.46839138865470886 -0.22882214188575745 46 52 38
-12.768228530883789 -0.9317449927330017 -0.35133615136146545 77 81 66
-16.266036987304688 0.5945473909378052 -0.5735216736793518 73 82 65
-14.380611419677734 0.0013333791866898537 -0.6434627771377563 80 97 63
-12.531360626220703 -0.451551616191864 -0.68152916431427 70 84 58
-12.558265686035156 -0.910253643989563 -0.8062930107116699 69 85 46
-13.80594539642334 0.5123486518859863 -0.9917579293251038 60 90 38
-12.801466941833496 0.009230360388755798 -1.0443750619888306 44 80 19
-12.150042533874512 -0.433564692735672 -1.10623037815094 50 73 45
-11.287139892578125 -0.8159410357475281 -1.1413166522979736 43 70 29
-10.823409080505371 0.40620455145835876 -1.1789214611053467 63 95 46
-9.859904289245605 0.012960368767380714 -1.1692661046981812 60 95 29
-9.39818000793457 -0.33093228936195374 -1.2058485746383667 62 89 44
-8.713654518127441 -0.6253190636634827 -1.2066346406936646 101 125 73
-8.41357421875 0.32179227471351624 -1.2293556928634644 55 60 54
-8.125045776367188 0.013941590674221516 -1.265377163887024 79 106 65
-7.7063140869140625 -0.26826032996177673 -1.2769595384597778 70 91 60
-7.253739356994629 -0.5200420022010803 -1.2791720628738403 81 112 70
-6.916501998901367 0.2729969322681427 -1.2731516361236572 81 88 72
-6.517845630645752 0.014710338786244392 -1.2624584436416626 77 102 63
-6.218348503112793 -0.21352975070476532 -1.2684842348098755 86 104 80
-6.044059753417969 -0.43268030881881714 -1.298054575920105 40 58 34
-5.674374580383301 0.2272430658340454 -1.2644994258880615 97 134 67
-5.4844560623168945 0.01658983714878559 -1.2761777639389038 52 86 35
-17.172632217407227 -0.632364809513092 3.5096120834350586 88 123 151
-16.950353622436523 -1.2465128898620605 3.302480697631836 92 137 192
-14.806464195251465 0.005709501449018717 2.6057169437408447 67 122 163
-16.912837982177734 -0.6136351823806763 2.812063694000244 109 145 177
-16.250446319580078 -1.1802152395248413 2.546210527420044 80 107 128
-17.15329360961914 -0.6103687286376953 2.211263418197632 109 153 188
-16.206172943115234 -1.166479468345642 1.935742735862732 72 91 108
-15.647879600524902 0.5940454006195068 1.7442797422409058 98 138 164
-25.877750396728516 -1.8449106216430664 2.133394241333008 106 121 126
-14.22317123413086 0.5434391498565674 1.0604832172393799 109 126 116
-15.770819664001465 0.028652120381593704 1.0231716632843018 110 124 124
-14.542227745056152 -0.5014490485191345 0.8028207421302795 104 121 102
-13.027815818786621 -0.9219403266906738 0.5962669849395752 92 111 91
-33.60483169555664 1.2974836826324463 1.2742950916290283 69 84 61
-18.58354377746582 0.041222166270017624 0.5249294638633728 91 102 86
-13.859564781188965 -0.4713704586029053 0.25924956798553467 100 117 98
-13.283771514892578 -0.9323647022247314 0.12085960060358047 73 88 69
-16.979894638061523 0.6668729186058044 0.022540362551808357 57 71 58
-20.433231353759766 0.05638066679239273 -0.16833247244358063 67 82 63
-12.78780460357666 -0.42799267172813416 -0.2282513976097107 80 87 79
-13.003373146057129 -0.9088069796562195 -0.35772809386253357 68 80 56
-15.913629531860352 0.6305596828460693 -0.5611617565155029 71 83 59
-14.006916046142578 0.0442715585231781 -0.6267448663711548 82 95 69
-12.506739616394043 -0.41224852204322815 -0.6801181435585022 97 107 82
-12.50922966003418 -0.8681284189224243 -0.8029699325561523 62 84 45
-13.936860084533691 0.560028612613678 -1.0012809038162231 58 81 39
-12.843238830566406 0.04866327345371246 -1.0477901697158813 47 77 15
-12.14434814453125 -0.3960596024990082 -1.1055960655212402 43 69 34
-11.304478645324707 -0.7823390960693359 -1.1428219079971313 52 81 23
-10.78337287902832 0.4378354847431183 -1.174701452255249 52 88 24
-9.983946800231934 0.043754056096076965 -1.1839864253997803 65 100 46
-9.399150848388672 -0.30209752917289734 -1.2058485746383667 70 107 38
-8.711579322814941 -0.5983115434646606 -1.2060874700546265 69 97 49
-8.443195343017578 0.34886959195137024 -1.2338343858718872 46 50 49
-8.138797760009766 0.038934990763664246 -1.2675315141677856 54 80 43
-7.727807998657227 -0.2452736794948578 -1.2803905010223389 81 100 72
-7.270039081573486 -0.49879658222198486 -1.2817705869674683 49 75 27
-6.912684440612793 0.29408976435661316 -1.272608995437622 68 91 62
-6.471627712249756 0.03446103632450104 -1.2535210847854614 88 98 71
-6.208200931549072 -0.19411426782608032 -1.266286849975586 84 109 77
-6.060966968536377 -0.41520458459854126 -1.301405906677246 54 68 42
-5.6687750816345215 0.2444404661655426 -1.2634127140045166 84 111 58
-5.488275051116943 0.03343956917524338 -1.2770843505859375 85 101 74
-16.790569305419922 -1.1829825639724731 3.270627021789551 83 128 167
-14.489252090454102 0.05003985017538071 2.5499074459075928 83 116 151
-16.976757049560547 -0.5638073682785034 2.82239031791687 110 151 179
-16.627544403076172 -1.156332015991211 2.6047282218933105 129 169 194
-14.383465766906738 -0.4676303565502167 1.854006052017212 105 148 180
-16.209674835205078 -1.116754174232483 1.935742735862732 110 155 186
-36.54727554321289 0.16704343259334564 3.7052865028381348 100 150 175
-14.559150695800781 -0.4646936058998108 1.3392484188079834 109 129 138
-16.75339126586914 -1.1427558660507202 1.3808751106262207 96 126 136
-26.303630828857422 1.0858356952667236 1.9614444971084595 81 97 87
-15.705793380737305 0.07671933621168137 1.0189634561538696 109 139 141
-13.539719581604004 -0.4252958595752716 0.7474005818367004 80 96 85
-17.351470947265625 0.7232604026794434 0.6580488085746765 88 103 80
-25.72338104248047 0.1359793245792389 0.7266168594360352 79 90 74
-14.515517234802246 -0.44909968972206116 0.2714924216270447 81 93 79
-13.28257942199707 -0.8913384675979614 0.12082330137491226 83 106 80
-17.07068634033203 0.7228981256484985 0.022663721814751625 73 87 74
-18.297069549560547 0.10662221908569336 -0.15073637664318085 79 86 70
-16.949474334716797 -0.5152254104614258 -0.3025040030479431 46 63 47
-12.93628215789795 -0.8642444610595703 -0.35580775141716003 86 95 76
-16.274065017700195 0.6948543787002563 -0.5739442706108093 44 54 43
-17.406248092651367 0.10841871798038483 -0.7788604497909546 67 83 47
-12.509941101074219 -0.37393611669540405 -0.6802266836166382 69 84 63
-12.566601753234863 -0.8333785533905029 -0.8064847588539124 59 82 36
-13.988887786865234 0.6051113605499268 -1.0051474571228027 60 83 39
-12.472270011901855 0.08552322536706924 -1.0175420045852661 52 88 14
-12.181343078613281 -0.35985809564590454 -1.1088582277297974 54 85 17
-11.312782287597656 -0.7480476498603821 -1.1434239149093628 64 90 42
-10.823692321777344 0.47273823618888855 -1.179246187210083 73 103 53
-9.975821495056152 0.07432497292757034 -1.1830443143844604 73 103 51
-9.18984317779541 -0.2671496570110321 -1.1788851022720337 56 96 34
-8.744016647338867 -0.5735920667648315 -1.2103289365768433 85 116 56
-8.431211471557617 0.3742885887622833 -1.2322452068328857 47 48 52
-8.140615463256836 0.063919797539711 -1.2678393125534058 78 92 56
-7.737399101257324 -0.22181837260723114 -1.2818608283996582 62 80 54
-7.2970871925354 -0.4781644642353058 -1.2862746715545654 74 91 55
-6.906836986541748 0.31507208943367004 -1.2717045545578003 65 69 52
-6.486217498779297 0.05443914234638214 -1.256373405456543 94 112 88
-6.203869819641113 -0.17492876946926117 -1.26528799533844 90 114 80
-6.066115379333496 -0.39686319231987 -1.3022438287734985 81 96 73
-5.652397632598877 0.26111021637916565 -1.2599352598190308 93 125 62
-5.486198902130127 0.050259362906217575 -1.2766311168670654 76 103 70
-14.844559669494629 0.09681063890457153 2.6124765872955322 68 110 158
-16.991222381591797 -0.5121070146560669 2.8245208263397217 128 166 185
-16.940563201904297 -1.1258870363235474 2.653209686279297 115 148 165
-14.333282470703125 -0.42198261618614197 1.8473618030548096 114 165 192
-15.92072868347168 -1.0477815866470337 1.9008442163467407 69 117 127
-13.9461030960083 0.10652997344732285 1.4139297008514404 106 155 187
-14.615254402160645 -0.42160385847091675 1.344283938407898 114 139 143
-16.770742416381836 -1.0922586917877197 1.382022500038147 97 122 116
-17.45142364501953 0.7740477323532104 1.3015122413635254 99 114 91
-13.963203430175781 0.11104753613471985 0.9059252142906189 100 125 122
-14.592937469482422 -0.4135679006576538 0.8054649829864502 102 119 109
-17.336193084716797 0.7759097218513489 0.6575565338134766 107 120 103
-14.081892013549805 0.11764466017484665 0.39778417348861694 99 114 93
-14.068078994750977 -0.3920586109161377 0.2630999684333801 94 108 93
-13.757265090942383 -0.8808044195175171 0.12511605024337769 87 94 87
-15.961827278137207 0.14198707044124603 -0.1315009742975235 67 85 63
-12.65426254272461 -0.3458055853843689 -0.22582563757896423 72 82 71
-12.811180114746094 -0.816415011882782 -0.3522963225841522 76 83 67
-15.25455379486084 0.6982161998748779 -0.5380617380142212 84 91 75
-16.40587615966797 0.15252333879470825 -0.7341152429580688 60 74 49
-12.511029243469238 -0.3355543911457062 -0.6802266836166382 90 98 77
-12.568102836608887 -0.7947578430175781 -0.8064208626747131 83 99 62
-13.932165145874023 0.6454868912696838 -1.0012093782424927 60 87 32
-12.656326293945312 0.12561720609664917 -1.0325847864151 56 93 16
-12.160487174987793 -0.3219047784805298 -1.1068646907806396 58 92 32
-11.301122665405273 -0.7124605774879456 -1.1420191526412964 57 92 34
-10.852975845336914 0.507381796836853 -1.1826006174087524 63 93 41
-9.960651397705078 0.10477333515882492 -1.1812777519226074 58 93 37
-9.231273651123047 -0.2400113344192505 -1.184099793434143 72 108 46
-8.775394439697266 -0.5486173629760742 -1.2144335508346558 80 117 47
-8.499210357666016 0.4034375846385956 -1.2423585653305054 79 87 76
-8.140380859375 0.0888945534825325 -1.2678393125534058 72 83 66
-7.7755208015441895 -0.19903866946697235 -1.288069248199463 61 72 56
-7.313264846801758 -0.4566958248615265 -1.288873314857483 76 89 63
-6.903873443603516 0.33616483211517334 -1.2713427543640137 85 99 73
-6.492891788482666 0.07441707700490952 -1.257704496383667 112 129 97
-6.20339822769165 -0.15587013959884644 -1.2650882005691528 86 115 69
-6.06925630569458 -0.3783724308013916 -1.30266273021698 67 81 64
-5.657419204711914 0.27873849868774414 -1.2612392902374268 91 112 55
-5.490888595581055 0.06715010106563568 -1.2777643203735352 88 118 68
-14.840252876281738 0.1423148661851883 2.611783027648926 85 148 199
-16.034212112426758 -0.43403053283691406 2.665199041366577 116 145 175
-14.354337692260742 -0.3785296380519867 1.8499172925949097 107 145 166
-16.077478408813477 -1.0085688829421997 1.9191808700561523 104 160 195
-27.116931915283203 1.2794839143753052 3.0239274501800537 115 135 134
-27.77366065979004 -1.7233126163482666 2.2882909774780273 87 113 110
-15.689062118530273 0.1729108691215515 1.017927646636963 116 133 125
-14.939502716064453 -0.37752285599708557 0.8245260119438171 86 105 85
-27.537199020385742 -1.6941670179367065 1.259576439857483 110 129 109
-17.327741622924805 0.8288062810897827 0.6573293209075928 73 90 72
-15.648737907409668 0.17874905467033386 0.4420577585697174 92 106 83
-13.944275856018066 -0.34579816460609436 0.260763555765152 75 88 70
-17.39853858947754 0.8437584638595581 0.023105431348085403 61 72 55
-16.527257919311523 0.19772735238075256 -0.1361636072397232 83 94 77
-13.308967590332031 -0.3228382468223572 -0.23749059438705444 36 41 35
-12.933359146118164 -0.7843685746192932 -0.35558831691741943 95 109 83
-15.910146713256836 0.7771443724632263 -0.5612674355506897 73 81 58
-16.453279495239258 0.20344804227352142 -0.7362608909606934 70 88 50
-12.510004043579102 -0.2971220910549164 -0.6801181435585022 66 75 56
-12.592397689819336 -0.7575140595436096 -0.8078267574310303 85 101 74
-13.941078186035156 0.6887685060501099 -1.0019969940185547 57 90 21
-12.899053573608398 0.16760535538196564 -1.0524250268936157 50 87 10
-12.28487491607666 -0.2874844968318939 -1.1181010007858276 58 96 11
-11.321131706237793 -0.6788578629493713 -1.1438252925872803 65 103 30
-10.88611888885498 0.5424073934555054 -1.1863878965377808 63 95 48
-9.893755912780762 0.1344277709722519 -1.1733877658843994 67 97 43
-9.367817878723145 -0.21480414271354675 -1.201524257659912 73 106 61
-8.7918701171875 -0.5225738883018494 -1.2164859771728516 65 92 47
-8.506828308105469 0.4299604892730713 -1.2436589002609253 65 76 62
-8.140069961547852 0.11386847496032715 -1.2678393125534058 71 86 67
-7.754395961761475 -0.17469394207000732 -1.2844749689102173 59 71 57
-7.302833557128906 -0.4335564970970154 -1.2867944240570068 55 93 42
-6.903791904449463 0.35739487409591675 -1.2715235948562622 82 111 63
-6.4160637855529785 0.09322410821914673 -1.2428721189498901 90 119 75
-6.204826831817627 -0.1368592530488968 -1.26528799533844 79 103 69
-6.059650897979736 -0.3591141104698181 -1.300358533859253 55 73 47
-5.610723495483398 0.29369574785232544 -1.2510241270065308 85 106 73
-5.491630554199219 0.08401048928499222 -1.2779909372329712 96 119 75
-16.628299713134766 -1.0178405046463013 3.2370564937591553 95 139 184
-14.878153800964355 0.18832962214946747 2.6185426712036133 109 157 195
-14.220876693725586 -0.341287761926651 2.3636021614074707 103 133 167
-16.133525848388672 -0.9728584289550781 2.525829792022705 86 106 117
-14.387160301208496 -0.33522865176200867 1.854006052017212 90 130 142
-16.20043182373047 -0.9663935303688049 1.9334949254989624 97 125 149
-27.124792098999023 1.3632701635360718 3.0252559185028076 119 140 135
-14.908159255981445 0.2053649127483368 1.5115673542022705 109 155 181
-27.756929397583008 -1.6368054151535034 2.2864878177642822 66 71 64
-17.871623992919922 0.9025914072990417 1.3332382440567017 103 113 89
-13.966249465942383 0.1967782825231552 0.9061841368675232 93 108 101
-13.526090621948242 -0.30028483271598816 0.7464640140533447 107 122 117
-15.782602310180664 -0.9223960638046265 0.7217777371406555 32 46 33
-17.900957107543945 0.911277174949646 0.6791771650314331 96 114 88
-18.68358612060547 0.27074506878852844 0.5278095006942749 80 97 81
-13.941272735595703 -0.30292922258377075 0.26068878173828125 52 65 37
-13.405022621154785 -0.7756943106651306 0.12186699360609055 69 83 66
-27.112947463989258 1.3982576131820679 0.03601178899407387 60 71 57
-16.46758270263672 0.2475445568561554 -0.13567757606506348 81 95 70
-12.581174850463867 -0.2665655016899109 -0.22448791563510895 48 48 46
-13.10536003112793 -0.754452645778656 -0.36025193333625793 88 97 80
-16.19013023376465 0.840617299079895 -0.571232795715332 79 87 72
-13.908426284790039 0.21465922892093658 -0.622408926486969 74 87 67
-12.639638900756836 -0.2614039182662964 -0.6871190071105957 78 95 59
-13.04201602935791 -0.7444115877151489 -0.8365201950073242 62 68 40
-14.171977996826172 0.7437682747840881 -1.018751859664917 54 86 19
-12.829715728759766 0.2060738205909729 -1.0468144416809082 52 88 14
-12.289681434631348 -0.24987463653087616 -1.118463397026062 51 88 34
-11.351968765258789 -0.6457605957984924 -1.1467353105545044 65 100 34
-10.901280403137207 0.5766957998275757 -1.1882274150848389 49 78 24
-9.944928169250488 0.1656407117843628 -1.1795114278793335 79 112 59
-9.371408462524414 -0.18612216413021088 -1.2019058465957642 58 97 30
-8.829035758972168 -0.49760502576828003 -1.2214114665985107 83 113 59
-8.524242401123047 0.4570636749267578 -1.2464040517807007 96 111 88
-8.124862670898438 0.138588547706604 -1.2655309438705444 69 77 66
-7.757854461669922 -0.1509605497121811 -1.2849650382995605 73 77 60
-7.336579322814941 -0.4129762649536133 -1.292511224746704 56 79 51
-6.891860485076904 0.3779812753200531 -1.2695337533950806 67 82 53
-6.3990607261657715 0.1126142144203186 -1.2396395206451416 88 103 72
-6.20717716217041 -0.11785967648029327 -1.2656875848770142 71 99 61
-6.035341262817383 -0.33909550309181213 -1.2949124574661255 82 105 87
-5.620516777038574 0.31150197982788086 -1.2534148693084717 92 119 84
-5.489398956298828 0.10082240402698517 -1.2775375843048096 93 121 73
-16.99981689453125 -0.9882411360740662 3.308774948120117 89 135 187
-15.084301948547363 0.2372264862060547 2.654940366744995 95 145 204
-16.98634147644043 -0.3555165231227875 2.8230459690093994 112 135 166
-16.963031768798828 -0.9706563949584961 2.655216932296753 94 115 108
-15.507638931274414 -0.3137369751930237 1.9982633590698242 119 154 176
-16.209270477294922 -0.9170233011245728 1.9342048168182373 86 132 158
-14.638874053955078 0.24657748639583588 1.4843336343765259 101 142 148
-13.10817813873291 -0.25741153955459595 1.2053967714309692 109 161 182
-16.854717254638672 -0.9420298337936401 1.3881691694259644 105 115 116
-17.830930709838867 0.9553889632225037 1.330414891242981 106 116 108
-14.058372497558594 0.24121734499931335 0.9122051000595093 102 124 121
-15.189116477966309 -0.29058516025543213 0.8381882309913635 114 135 118
-16.143436431884766 -0.8937967419624329 0.7381506562232971 80 93 84
-18.366060256958008 0.9914553761482239 0.6969356536865234 94 109 86
-16.14906883239746 0.2835747003555298 0.4562320411205292 80 91 77
-14.507939338684082 -0.27071431279182434 0.2712681293487549 74 80 78
-13.414328575134277 -0.7349475622177124 0.12193052470684052 98 111 93
-16.304777145385742 0.29513341188430786 -0.13434304296970367 75 83 70
-13.49363899230957 -0.24448449909687042 -0.2407546490430832 35 41 39
-13.353156089782715 -0.7276222109794617 -0.3670004606246948 93 104 87
-17.391908645629883 0.9565256834030151 -0.6137354969978333 79 89 65
-17.288740158081055 0.3198866546154022 -0.773719847202301 68 91 37
-12.483636856079102 -0.21986421942710876 -0.6785985827445984 70 83 53
-13.208662986755371 -0.7132747173309326 -0.8470646142959595 53 55 50
-14.013274192810059 0.7785568833351135 -1.0075103044509888 57 96 15
-12.948603630065918 0.2477215826511383 -1.0565718412399292 56 92 30
-12.365070343017578 -0.21345846354961395 -1.125259518623352 66 97 37
-11.347935676574707 -0.6106094717979431 -1.146133303642273 64 101 21
-10.962984085083008 0.6136937141418457 -1.1951526403427124 93 120 79
-9.952315330505371 0.1963071972131729 -1.1804534196853638 85 120 62
-9.321355819702148 -0.15652090311050415 -1.1954193115234375 72 106 46
-8.87503433227539 -0.47288742661476135 -1.227568507194519 89 115 68
-8.51687240600586 0.4828774333000183 -1.2455370426177979 88 96 81
-8.111557960510254 0.16325615346431732 -1.2635306119918823 72 85 75
-7.760254383087158 -0.12719140946865082 -1.2852917909622192 74 83 62
-7.4125566482543945 -0.3944433927536011 -1.305677056312561 48 83 29
-6.879868030548096 0.39849787950515747 -1.267543911933899 80 101 70
-6.475245475769043 0.1338280439376831 -1.254471778869629 72 93 62
-6.21240758895874 -0.09889374673366547 -1.2666863203048706 67 86 56
-5.970931529998779 -0.3171033561229706 -1.2808783054351807 71 83 63
-5.6273298263549805 0.32920005917549133 -1.2551536560058594 97 129 80
-5.501722812652588 0.11793451756238937 -1.2804838418960571 98 124 79
-16.658735275268555 -0.9171410799026489 3.2418251037597656 84 144 198
-13.591883659362793 -0.735924243927002 2.127168893814087 108 145 164
-14.427621841430664 -0.24760812520980835 1.8589892387390137 127 163 187
-16.1892032623291 -0.8660696744918823 1.9314839839935303 94 132 169
-14.267024040222168 0.2840995490550995 1.4467109441757202 96 117 118
-17.831899642944336 1.010314702987671 1.3307121992111206 119 135 124
-13.728324890136719 0.2776870131492615 0.8908404111862183 113 125 111
-15.040183067321777 -0.2415788471698761 0.8299247622489929 39 45 31
-16.75663185119629 -0.8761891722679138 0.7660622000694275 87 99 87
-18.221263885498047 1.0397133827209473 0.6915588974952698 83 97 74
-17.167499542236328 0.3541466295719147 0.48503243923187256 52 64 54
-13.931873321533203 -0.21721003949642181 0.2604832053184509 69 82 64
-13.499406814575195 -0.6980757117271423 0.1226838007569313 86 99 82
-28.199033737182617 1.6278132200241089 0.037466906011104584 78 89 72
-16.19582176208496 0.3428685963153839 -0.1334533542394638 86 99 82
-13.654281616210938 -0.20549273490905762 -0.24360845983028412 45 48 39
-13.37030029296875 -0.6874217987060547 -0.3674119710922241 74 88 65
-16.185667037963867 0.9400002360343933 -0.5712680816650391 67 75 64
-13.967772483825684 0.3013099431991577 -0.625135600566864 63 90 49
-12.496233940124512 -0.18173818290233612 -0.6792498230934143 60 80 45
-13.189858436584473 -0.6716818809509277 -0.8457225561141968 52 54 53
-14.258753776550293 0.8360833525657654 -1.0253392457962036 57 91 15
-12.568138122558594 0.2790178954601288 -1.0255919694900513 49 83 23
-12.298949241638184 -0.17457495629787445 -1.1191884279251099 60 91 34
-11.504768371582031 -0.5836557149887085 -1.1617870330810547 60 94 20
-10.9769287109375 0.6482625603675842 -1.196884036064148 57 90 35
-9.942730903625488 0.2266358882188797 -1.1793936491012573 93 126 73
-9.308899879455566 -0.12774571776390076 -1.1937658786773682 64 99 31
-8.881390571594238 -0.44590532779693604 -1.228252649307251 66 101 35
-8.499547004699707 0.5080598592758179 -1.2432254552841187 108 132 100
-8.091261863708496 0.18768301606178284 -1.2604528665542603 74 81 63
-7.756661891937256 -0.10333012044429779 -1.2846382856369019 76 84 73
-7.3724188804626465 -0.3696288466453552 -1.2984012365341187 66 93 50
-6.87272310256958 0.41924384236335754 -1.266458511352539 78 101 59
-6.481674671173096 0.15385626256465912 -1.255802869796753 70 91 50
-6.2117018699646 -0.07982129603624344 -1.2664865255355835 93 120 79
-5.95625114440918 -0.29800155758857727 -1.2775269746780396 76 94 68
-5.567838668823242 0.3428632915019989 -1.2421131134033203 94 133 78
-5.498414039611816 0.13474144041538239 -1.279803991317749 86 102 76
-16.442859649658203 -0.8546655774116516 3.1992900371551514 84 139 195
-14.438613891601562 0.31569772958755493 2.5415878295898438 84 139 195
-14.816222190856934 -0.219156414270401 2.4621129035949707 126 163 190
-15.119719505310059 0.3398306369781494 2.0953359603881836 161 191 202
-14.704999923706055 -0.20724308490753174 1.8946382999420166 107 142 164
-15.938894271850586 -0.803646981716156 1.9013173580169678 83 134 177
-15.574965476989746 0.9265680909156799 1.7379695177078247 119 151 166
-14.559503555297852 0.33461228013038635 1.476466178894043 104 148 175
-13.886164665222168 -0.18746115267276764 1.2768088579177856 110 165 196
-14.453288078308105 -0.7188792824745178 1.1899996995925903 83 110 101
-17.78590965270996 1.0624604225158691 1.3275171518325806 105 125 113
-15.637873649597168 0.36431118845939636 1.0148200988769531 99 123 110
-14.486742973327637 -0.18823517858982086 0.7993500232696533 91 117 88
-16.76223373413086 -0.8249237537384033 0.766198992729187 82 101 99
-18.25689125061035 1.0979501008987427 0.6930356621742249 79 93 70
-27.623226165771484 0.654625415802002 0.7804905772209167 65 84 64
-15.148165702819824 -0.18968988955020905 0.28321191668510437 83 101 59
-13.404603004455566 -0.6519448757171631 0.12180346250534058 79 88 69
-27.288578033447266 1.6592707633972168 0.03626381233334541 79 90 73
-17.891138076782227 0.43367642164230347 -0.14743301272392273 60 76 49
-13.648849487304688 -0.1635291427373886 -0.2435014396905899 79 88 71
-13.39331340789795 -0.6474125981330872 -0.36798807978630066 73 86 68
-17.297929763793945 1.057854175567627 -0.6106367111206055 58 67 50
-13.80998706817627 0.3402974009513855 -0.6181176900863647 81 95 69
-16.14011573791504 -0.1852070540189743 -0.877282977104187 94 105 88
-13.170924186706543 -0.6302111744880676 -0.8443805575370789 36 38 35
-14.027148246765137 0.8656934499740601 -1.0088708400726318 60 100 14
-12.95780086517334 0.32744503021240234 -1.0574663877487183 63 94 35
-12.230714797973633 -0.13607700169086456 -1.1129359006881714 50 85 3
-11.5432767868042 -0.5501092076301575 -1.1654996871948242 53 89 15
-10.988779067993164 0.6827993988990784 -1.1983989477157593 75 105 55
-9.967799186706543 0.2578062415122986 -1.1824554204940796 80 107 72
-9.237835884094238 -0.09842496365308762 -1.1846084594726562 80 113 60
-8.856989860534668 -0.4174429476261139 -1.2246952056884766 69 100 40
-8.471283912658691 0.5324577689170837 -1.2393245697021484 81 100 68
-8.077807426452637 0.21216851472854614 -1.2584524154663086 79 79 71
-7.749050140380859 -0.07945161312818527 -1.283331274986267 66 77 60
-7.377453327178955 -0.34719404578208923 -1.2990942001342773 45 81 19
-6.863553047180176 0.4398239254951477 -1.2650114297866821 91 118 75
-6.485097885131836 0.1738462746143341 -1.2565635442733765 90 100 75
-6.189382553100586 -0.0605432502925396 -1.2618920803070068 90 108 68
-5.9493231773376465 -0.27935969829559326 -1.2758511304855347 67 92 63
-5.5589680671691895 0.3594397306442261 -1.2403743267059326 103 141 92
-5.423007011413574 0.1495424062013626 -1.2623531818389893 94 104 79
-14.472505569458008 -0.15955834090709686 1.864611268043518 106 134 145
-15.532635688781738 -0.7353958487510681 1.852577805519104 109 154 187
-21.186279296875 1.3256309032440186 2.3645639419555664 119 146 155
-15.59175968170166 0.40619969367980957 1.5812653303146362 100 138 151
-13.843856811523438 -0.14441147446632385 1.272871971130371 121 169 179
-14.408634185791016 -0.6723504066467285 1.1861478090286255 74 85 71
-17.83332633972168 1.1202102899551392 1.3313065767288208 87 101 84
-15.623713493347168 0.41194385290145874 1.0139784812927246 103 109 95
-13.361021041870117 -0.1326114684343338 0.7372090220451355 108 136 124
-13.974562644958496 -0.6447625160217285 0.6386815905570984 81 95 82
-18.31427001953125 1.1578021049499512 0.6953453421592712 84 99 80
-16.79228401184082 0.44950070977211 0.47450050711631775 94 110 84
-28.676708221435547 -0.27110862731933594 0.5361250638961792 59 66 50
-13.45948314666748 -0.6132292151451111 0.12228447198867798 70 78 67
-16.76481056213379 1.0710113048553467 0.022283032536506653 58 65 57
-16.349349975585938 0.4464964270591736 -0.13473846018314362 39 43 29
-17.652490615844727 -0.1573343276977539 -0.31491804122924805 81 90 69
-13.931485176086426 -0.6305921077728271 -0.38271966576576233 69 76 58
-16.366092681884766 1.051275610923767 -0.5778529047966003 72 82 57
-13.974647521972656 0.38725796341896057 -0.6255379319190979 70 84 58
-13.756210327148438 -0.11564413458108902 -0.7476849555969238 70 80 53
-15.604373931884766 -0.6986722350120544 -1.0002455711364746 37 41 26
-14.212545394897461 0.9209133982658386 -1.0224034786224365 57 86 20
-12.524345397949219 0.3549434244632721 -1.0221768617630005 53 94 28
-12.04783821105957 -0.09707660973072052 -1.0962626934051514 54 86 21
-11.561807632446289 -0.5154457092285156 -1.167205572128296 59 96 18
-11.005480766296387 0.7177385091781616 -1.200454831123352 71 103 36
-10.072179794311523 0.2914302349090576 -1.1949383020401 75 110 56
-9.136926651000977 -0.06931572407484055 -1.171635627746582 65 98 45
-8.874062538146973 -0.3909657299518585 -1.226884365081787 75 103 52
-8.39555835723877 0.5535621643066406 -1.228488802909851 68 92 60
-8.044525146484375 0.23599374294281006 -1.2533743381500244 57 58 60
-7.745311260223389 -0.05564913526177406 -1.2826777696609497 89 93 79
-7.399146556854248 -0.325467586517334 -1.3027321100234985 73 94 53
-6.853339195251465 0.4602857530117035 -1.2633832693099976 89 105 68
-6.460982322692871 0.19303779304027557 -1.2519997358322144 79 109 71
-6.176801681518555 -0.04146869108080864 -1.2592952251434326 90 110 82
-5.958944320678711 -0.26149192452430725 -1.2777364253997803 75 94 62
-5.571473121643066 0.3774162828922272 -1.2434171438217163 77 108 51
-5.4468607902526855 0.16692513227462769 -1.2680189609527588 87 118 58
-14.574624061584473 -0.12614144384860992 2.421790599822998 126 161 191
-16.489044189453125 -0.7406525611877441 2.57940673828125 139 162 178
-21.707189559936523 1.4159632921218872 3.2312629222869873 157 189 202
-14.749631881713867 -0.11735821515321732 1.900260329246521 110 140 164
-17.295631408691406 -0.7656914591789246 2.0625603199005127 115 151 173
-15.823858261108398 1.0388493537902832 1.766420841217041 121 151 162
-15.604362487792969 0.45443809032440186 1.5826773643493652 106 132 149
-13.680927276611328 -0.10073596239089966 1.257857084274292 93 109 99
-14.33197021484375 -0.6247135400772095 1.1796733140945435 78 91 99
-22.459901809692383 1.4800227880477905 1.6770241260528564 99 112 103
-26.27934455871582 0.7735832929611206 1.705674648284912 89 103 80
-15.721718788146973 -0.10780492424964905 0.8674407601356506 81 93 83
-13.898628234863281 -0.5985336899757385 0.6351242661476135 84 100 87
-18.335559844970703 1.2156367301940918 0.696291983127594 79 97 75
-16.794822692871094 0.5011358261108398 0.4746134579181671 92 109 91
-12.668048858642578 -0.5382301807403564 0.11507844924926758 76 89 71
-17.66225242614746 0.5365837216377258 -0.1455712467432022 39 40 32
-18.024826049804688 -0.10535038262605667 -0.32155320048332214 83 90 74
-12.494176864624023 -0.527129054069519 -0.3431885242462158 51 61 37
-16.68087387084961 1.122893214225769 -0.5890859961509705 55 63 48
-17.6190185546875 0.5423495173454285 -0.7887392044067383 73 89 63
-15.64468765258789 -0.08352036029100418 -0.8503105044364929 76 93 57
-12.761748313903809 -0.5321703553199768 -0.8179237842559814 51 52 44
-14.452468872070312 0.9809941649436951 -1.0398744344711304 57 74 40
-12.558064460754395 0.39446109533309937 -1.0250227451324463 58 95 17
-12.036128997802734 -0.06005427986383438 -1.0951753854751587 47 83 13
-11.565322875976562 -0.480054646730423 -1.1674062013626099 70 108 31
-11.008186340332031 0.7518381476402283 -1.200995922088623 87 123 62
-10.096052169799805 0.3231240212917328 -1.1978824138641357 89 115 80
-9.230331420898438 -0.04170496389269829 -1.1835910081863403 49 76 45
-8.864333152770996 -0.3632924556732178 -1.2253793478012085 88 119 59
-8.408628463745117 0.580338716506958 -1.2306559085845947 82 107 77
-8.028949737548828 0.2601928114891052 -1.2510660886764526 90 103 85
-7.746431827545166 -0.03189065679907799 -1.2828410863876343 79 92 74
-7.392237663269043 -0.3024437129497528 -1.3013463020324707 76 91 62
-6.844046115875244 0.48075801134109497 -1.261936068534851 87 108 69
-6.484889984130859 0.2136671394109726 -1.25675368309021 93 126 73
-6.152403831481934 -0.022429034113883972 -1.2543011903762817 84 103 73
-5.959718227386475 -0.24320891499519348 -1.2777364253997803 87 113 74
-5.580025672912598 0.3951971232891083 -1.2455906867980957 67 94 49
-5.368448734283447 0.18100938200950623 -1.249888300895691 94 112 70
-16.839384078979492 -0.7199395298957825 3.2750136852264404 90 149 183
-15.769378662109375 0.4996793866157532 2.1859123706817627 157 189 202
-14.517843246459961 -0.07097188383340836 1.8703612089157104 123 153 187
-17.05085563659668 -0.7024481296539307 2.0331037044525146 106 147 177
-29.644285202026367 2.037529945373535 3.309880256652832 126 151 158
-25.921627044677734 0.8345040082931519 2.629356622695923 110 140 151
-13.381439208984375 -0.05747559294104576 1.230299472808838 114 170 203
-13.381815910339355 -0.5421699285507202 1.1013234853744507 81 121 133
-22.491069793701172 1.5513923168182373 1.6796989440917969 91 108 100
-21.69490623474121 0.7052544951438904 1.4082530736923218 114 125 108
-28.164962768554688 -0.10671757906675339 1.5539673566818237 93 106 96
-13.903393745422363 -0.5560102462768555 0.635261058807373 102 119 103
-27.558923721313477 1.9120792150497437 1.0467666387557983 86 99 81
-17.545499801635742 0.5774170160293579 0.49587491154670715 88 102 85
-15.475211143493652 -0.05134325474500656 0.28930529952049255 64 84 59
-14.038521766662598 -0.5533158183097839 0.12751200795173645 68 81 63
-17.399351119995117 1.218788743019104 0.023135939612984657 79 96 80
-17.803438186645508 0.5955488681793213 -0.14674925804138184 35 41 37
-15.515472412109375 -0.04308207333087921 -0.2767840027809143 79 90 73
-12.341912269592285 -0.4827778935432434 -0.3389638364315033 67 74 58
-16.816919326782227 1.183889627456665 -0.5940159559249878 71 83 61
-17.60529136657715 0.5959957838058472 -0.7882028222084045 65 74 55
-14.058215141296387 -0.031920138746500015 -0.7640746235847473 75 97 51
-12.529973030090332 -0.48400169610977173 -0.8029699325561523 64 78 53
-14.507097244262695 1.0294239521026611 -1.0440272092819214 48 85 34
-12.331676483154297 0.425224244594574 -1.0066461563110352 71 108 28
-12.086050987243652 -0.023223355412483215 -1.0997060537338257 55 87 22
-11.59259033203125 -0.44556403160095215 -1.1700152158737183 85 118 47
-11.080198287963867 0.7909159064292908 -1.2091114521026611 84 114 60
-10.13371753692627 0.35545438528060913 -1.2024750709533691 56 90 40
-9.249261856079102 -0.013413839973509312 -1.1860076189041138 45 65 37
-8.795124053955078 -0.3334309160709381 -1.2156649827957153 75 108 53
-8.442337989807129 0.6086950302124023 -1.2358571290969849 79 99 64
-7.999477863311768 0.2838081121444702 -1.2466036081314087 87 99 79
-7.746493339538574 -0.008124787360429764 -1.2828410863876343 83 96 79
-7.416750907897949 -0.280657023191452 -1.3055038452148438 78 90 68
-6.819979190826416 0.500098705291748 -1.2577755451202393 87 100 74
-6.4783172607421875 0.23334945738315582 -1.2556127309799194 68 80 56
-6.131866931915283 -0.003541735466569662 -1.2501062154769897 87 106 74
-5.957504749298096 -0.22481298446655273 -1.2771079540252686 92 124 87
-5.58170747756958 0.4125303626060486 -1.246242642402649 95 125 71
-5.364948272705078 0.19737125933170319 -1.2492083311080933 70 99 55
-17.049457550048828 -0.6765248775482178 3.315450668334961 83 139 190
-14.754661560058594 -0.037163060158491135 2.451622486114502 100 144 171
-15.699466705322266 0.5456826686859131 2.176443099975586 157 191 201
-15.891637802124023 -0.028932293877005577 2.0473287105560303 116 147 165
-16.472461700439453 -0.6280034780502319 1.9638983011245728 107 151 186
-22.295333862304688 1.601156234741211 2.4898829460144043 128 146 156
-14.002931594848633 -0.017184190452098846 1.2874289751052856 103 159 186
-13.256932258605957 -0.496376633644104 1.0909150838851929 103 140 156
-22.44741439819336 1.6175912618637085 1.676801323890686 99 114 107
-17.773365020751953 0.6323649287223816 1.1538196802139282 119 137 123
-13.406607627868652 -0.009666690602898598 0.7396880388259888 123 147 147
-13.966927528381348 -0.5156376361846924 0.6380887031555176 63 76 66
-18.391542434692383 1.3327410221099854 0.698715329170227 71 84 58
-17.472721099853516 0.6286911368370056 0.49387019872665405 85 98 81
-15.951212882995605 -0.003984617069363594 0.29820239543914795 75 94 74
-13.86927318572998 -0.5040335655212402 0.1259600818157196 76 88 68
-16.673458099365234 1.2193571329116821 0.022175589576363564 67 79 59
-16.25161361694336 0.593558669090271 -0.13397233188152313 55 64 59
-13.667825698852539 0.003980779089033604 -0.24382250010967255 70 81 67
-16.38818359375 -0.5907063484191895 -0.4500405788421631 62 77 54
-16.481307983398438 1.2110888957977295 -0.5822898745536804 63 71 58
-15.319221496582031 0.565662682056427 -0.685928225517273 72 89 57
-14.257952690124512 0.011369255371391773 -0.7749287486076355 71 93 55
-12.58226203918457 -0.44736647605895996 -0.8062291145324707 67 79 57
-14.258177757263184 1.0557340383529663 -1.0263415575027466 49 85 11
-12.281511306762695 0.4612225294113159 -1.0026618242263794 55 94 11
-12.002410888671875 0.01376032829284668 -1.0920944213867188 45 83 10
-11.558106422424316 -0.40873050689697266 -1.166402816772461 61 96 32
-11.089616775512695 0.825791597366333 -1.2104099988937378 90 121 62
-10.174257278442383 0.3881324231624603 -1.2074211835861206 86 118 71
-9.305795669555664 0.01505401823669672 -1.1932570934295654 67 107 45
-8.822835922241211 -0.30737754702568054 -1.2193591594696045 70 91 48
-8.461152076721191 0.6361508369445801 -1.2388912439346313 93 114 75
-7.896871089935303 0.3044283092021942 -1.2307535409927368 96 104 89
-7.733656406402588 0.01561526209115982 -1.280717134475708 77 83 73
-7.427420139312744 -0.2582436800003052 -1.3072363138198853 70 93 49
-6.835083484649658 0.5222936272621155 -1.2608506679534912 89 111 73
-6.4687418937683105 0.25287842750549316 -1.2539013624191284 88 117 61
-6.125969886779785 0.0152559420093894 -1.2489075660705566 95 113 87
-5.949371814727783 -0.20622970163822174 -1.2752227783203125 112 134 98
-5.553165435791016 0.42755481600761414 -1.2401570081710815 81 104 52
-5.381834983825684 0.21452805399894714 -1.2532877922058105 81 109 48
-14.75174617767334 0.008102151565253735 2.4511308670043945 109 155 179
-14.008940696716309 -0.500104546546936 2.190627336502075 134 169 189
-15.961077690124512 0.019909299910068512 2.0562727451324463 108 128 152
-17.68379020690918 1.3245198726654053 1.9753226041793823 121 146 151
-26.114852905273438 1.001163125038147 2.6495296955108643 110 128 130
-14.032793045043945 0.025831270962953568 1.2901756763458252 111 157 183
-14.420780181884766 -0.4956548810005188 1.186557650566101 90 110 119
-22.472179412841797 1.6886932849884033 1.6790302991867065 104 123 119
-18.360660552978516 0.709667980670929 1.1920816898345947 103 121 105
-13.97071361541748 0.032788243144750595 0.7708136439323425 115 135 126
-14.523547172546387 -0.491573691368103 0.6634462475776672 81 98 79
-18.416263580322266 1.3913424015045166 0.6998133659362793 92 108 95
-26.432300567626953 1.032275915145874 0.7472006678581238 84 97 77
-18.396713256835938 0.051845043897628784 0.34392157196998596 73 87 64
-13.586922645568848 -0.4520377516746521 0.12338261306285858 89 106 87
-17.540115356445312 1.336849570274353 0.023333581164479256 69 85 58
-15.14661693572998 0.5997374057769775 -0.12487773597240448 83 97 84
-13.916707992553711 0.04674936830997467 -0.24826373159885406 80 88 73
-13.195858001708984 -0.43510740995407104 -0.3623368442058563 62 75 65
-17.15212059020996 1.3133002519607544 -0.6061294078826904 72 83 66
-17.616273880004883 0.7046074867248535 -0.7888733148574829 72 91 61
-16.716203689575195 0.06461445242166519 -0.908542811870575 62 81 49
-12.570609092712402 -0.40834134817123413 -0.8053983449935913 74 81 50
-14.4487943649292 1.1144298315048218 -1.0403039455413818 49 83 22
-12.3865966796875 0.5032286047935486 -1.0113623142242432 54 86 21
-11.708528518676758 0.04934500530362129 -1.0653629302978516 44 78 18
-11.496657371520996 -0.37124577164649963 -1.160081148147583 57 93 23
-11.093968391418457 0.8603482246398926 -1.211167335510254 84 118 58
-10.155158996582031 0.4186086058616638 -1.2053014039993286 69 100 58
-9.348356246948242 0.04380357265472412 -1.1987260580062866 66 98 57
-8.80888557434082 -0.2798362076282501 -1.2173068523406982 64 104 44
-8.456201553344727 0.6618746519088745 -1.2384576797485352 67 86 56
-8.024240493774414 0.33399608731269836 -1.2507582902908325 95 108 82
-7.706935405731201 0.03920620679855347 -1.2763060331344604 56 61 54
-7.40848970413208 -0.23483139276504517 -1.3037716150283813 76 97 54
-6.825605869293213 0.5426374077796936 -1.2594035863876343 85 102 66
-6.47382116317749 0.2729712128639221 -1.255042314529419 97 125 67
-6.131772994995117 0.03408275917172432 -1.2501062154769897 64 91 50
-5.947044849395752 -0.18788368999958038 -1.2745944261550903 105 133 84
-5.564476490020752 0.4456025958061218 -1.2429825067520142 113 142 98
-5.385044097900391 0.23120540380477905 -1.2541943788528442 82 112 60
-16.542314529418945 -0.5397329330444336 2.5865089893341064 140 173 188
-21.543210983276367 1.6709928512573242 3.2096643447875977 155 187 202
-15.60877799987793 1.2172679901123047 1.7439476251602173 117 143 156
-26.361501693725586 0.129402756690979 2.4237027168273926 118 150 163
-14.05565071105957 -0.4399363100528717 1.156397819519043 90 112 123
-22.605085372924805 1.7684401273727417 1.6893579959869385 122 147 144
-22.08232307434082 0.9213731288909912 1.4338905811309814 60 70 59
-13.970547676086426 0.07564963400363922 0.7708136439323425 112 127 120
-13.371734619140625 -0.4115218222141266 0.610770046710968 96 112 102
-27.529199600219727 2.1647820472717285 1.046350121498108 59 66 58
-18.25851821899414 0.769169270992279 0.5162046551704407 82 93 77
-18.421463012695312 0.10843224823474884 0.34438884258270264 80 93 73
-13.326375961303711 -0.4024433195590973 0.12100481241941452 94 104 77
-17.281728744506836 1.3704965114593506 0.02299533598124981 58 68 57
-17.874130249023438 0.7626644968986511 -0.14738357067108154 77 84 68
-18.72063636779785 0.12032245844602585 -0.33396726846694946 68 76 61
-12.812448501586914 -0.38311827182769775 -0.3517751097679138 44 49 43
-16.82124900817871 1.3398878574371338 -0.5945793390274048 59 67 56
-17.265703201293945 0.7436473965644836 -0.7732729315757751 57 73 47
-14.02096939086914 0.09721343219280243 -0.762066662311554 67 86 54
-12.581778526306152 -0.37006673216819763 -0.806037425994873 76 85 68
-14.588478088378906 1.1702375411987305 -1.050614595413208 54 87 18
-12.4905424118042 0.545840322971344 -1.0199813842773438 52 84 17
-11.914464950561523 0.0867672711610794 -1.084120273590088 50 84 23
-11.503708839416504 -0.33614712953567505 -1.1606831550598145 48 78 26
-11.11109447479248 0.8959780931472778 -1.2133314609527588 86 119 62
-10.155811309814453 0.4498501121997833 -1.205536961555481 68 102 41
-9.436452865600586 0.07316818833351135 -1.2100456953048706 63 95 46
-8.702762603759766 -0.24974077939987183 -1.202530026435852 60 85 45
-8.461034774780273 0.6883764266967773 -1.239469051361084 86 100 67
-8.010346412658691 0.358038991689682 -1.2487579584121704 63 75 55
-7.67422342300415 0.06258507072925568 -1.2709145545959473 69 72 63
-7.399330139160156 -0.21181952953338623 -1.3020391464233398 69 88 43
-6.809206485748291 0.5623612403869629 -1.2566901445388794 86 103 67
-6.553374767303467 0.296469509601593 -1.2706352472305298 94 126 61
-6.1110639572143555 0.052717115730047226 -1.2459112405776978 120 150 96
-5.9475932121276855 -0.169637531042099 -1.2745944261550903 76 105 61
-5.549464702606201 0.46153944730758667 -1.2399396896362305 97 120 74
-5.3395538330078125 0.2456662356853485 -1.2437691688537598 94 122 61
-15.958259582519531 -0.471670001745224 2.4949495792388916 130 161 181
-21.461078643798828 1.730876088142395 3.1982038021087646 155 187 198
-15.04822063446045 0.11110737174749374 1.938720464706421 131 166 186
-14.315739631652832 -0.41387027502059937 1.7062407732009888 110 162 201
-27.155805587768555 1.2079823017120361 2.7558414936065674 112 143 148
-13.519962310791016 -0.38165396451950073 1.1122236251831055 101 138 147
-22.03253936767578 0.9870174527168274 1.4308477640151978 98 109 95
-15.368074417114258 0.13036812841892242 0.847939133644104 99 116 100
-14.012022972106934 -0.38820192217826843 0.6399585604667664 82 93 79
-18.415348052978516 1.504967451095581 0.7001163363456726 84 97 79
-18.265058517456055 0.8255881667137146 0.5164587497711182 64 73 54
-18.427043914794922 0.16500170528888702 0.34450098872184753 78 91 73
-14.41910171508789 -0.3911689519882202 0.13091535866260529 89 100 83
-28.418682098388672 2.3414502143859863 0.037823718041181564 70 88 66
-17.415199279785156 0.7966161370277405 -0.1436188668012619 78 94 67
-16.726585388183594 0.15882599353790283 -0.2984016537666321 77 84 66
-12.682659149169922 -0.34029605984687805 -0.3481813371181488 28 29 24
-17.80506706237793 1.4732389450073242 -0.6295111179351807 86 95 74
-15.233531951904297 0.7029491066932678 -0.6823521852493286 69 84 53
-16.400972366333008 0.16403622925281525 -0.8914475440979004 62 90 42
-12.622758865356445 -0.3325158357620239 -0.8085936307907104 71 86 67
-14.670302391052246 1.2221100330352783 -1.0567724704742432 57 88 18
-12.629188537597656 0.5907243490219116 -1.0314463376998901 55 88 19
-11.91015911102295 0.12327869236469269 -1.0837578773498535 56 89 34
-11.439041137695312 -0.29913604259490967 -1.1540603637695312 49 82 27
-11.204387664794922 0.9381079077720642 -1.223827600479126 67 97 37
-10.177197456359863 0.48208627104759216 -1.2082455158233643 66 98 51
-9.447093963623047 0.1022365391254425 -1.2114447355270386 71 107 46
-8.736166954040527 -0.22387734055519104 -1.2070451974868774 65 93 44
-8.484519004821777 0.7164961695671082 -1.2432254552841187 103 121 95
-8.017105102539062 0.38298988342285156 -1.2499889135360718 72 84 62
-7.6838603019714355 0.08623968064785004 -1.2725483179092407 81 80 85
-7.390100002288818 -0.18886609375476837 -1.3003069162368774 73 97 49
-6.804509162902832 0.5829970836639404 -1.2561473846435547 96 108 68
-6.551453590393066 0.31652623414993286 -1.2704451084136963 101 140 77
-6.103034496307373 0.07137367874383926 -1.24431312084198 92 131 78
-5.948085308074951 -0.15138977766036987 -1.2745944261550903 78 96 58
-5.564554691314697 0.47998881340026855 -1.2436344623565674 84 101 69
-5.317372798919678 0.26099610328674316 -1.2387831211090088 85 115 53
-13.495439529418945 -0.3696986138820648 2.623253583908081 87 143 200
-14.449200630187988 0.1409292221069336 2.4009740352630615 119 157 180
-14.277643203735352 -0.37815919518470764 2.232006549835205 143 174 192
-21.613380432128906 1.809916615486145 3.221712827682495 154 186 199
-14.076887130737305 0.14712642133235931 1.8136292695999146 128 163 185
-14.325876235961914 -0.37017911672592163 1.7073055505752563 110 162 199
-17.54804801940918 1.4768856763839722 1.9615951776504517 132 157 164
-15.6937255859375 0.7463598251342773 1.592864751815796 118 140 138
-13.417451858520508 -0.337566614151001 1.1037002801895142 108 144 156
-22.725971221923828 1.918264627456665 1.6992398500442505 63 77 77
-17.836034774780273 0.853859543800354 1.1584811210632324 86 97 83
-18.553543090820312 0.2143179178237915 1.023729920387268 95 113 97
-14.9498872756958 -0.3682882487773895 0.6827380061149597 94 104 93
-26.29587745666504 1.2694355249404907 0.7436429858207703 62 74 52
-15.789100646972656 0.18982644379138947 0.2951931059360504 78 90 78
-15.046027183532715 -0.36198559403419495 0.1365966796875 87 103 77
-28.166257858276367 2.407674551010132 0.03749741241335869 88 97 80
-16.630630493164062 0.8118642568588257 -0.13716863095760345 73 83 72
-16.72602081298828 0.21014168858528137 -0.2984016537666321 77 89 65
-13.459132194519043 -0.31981152296066284 -0.36946946382522583 65 73 58
-17.20502471923828 1.4767491817474365 -0.6084534525871277 68 72 58
-16.175214767456055 0.7961407899856567 -0.7246387600898743 75 87 67
-15.708473205566406 0.20530955493450165 -0.8538380861282349 67 82 49
-12.53891658782959 -0.2918145954608917 -0.8031616806983948 59 71 47
-14.786725997924805 1.2775003910064697 -1.0654362440109253 69 101 36
-12.72785758972168 0.634479284286499 -1.0396589040756226 48 77 29
-11.901758193969727 0.1597110629081726 -1.0830329656600952 40 75 7
-11.541363716125488 -0.2663818597793579 -1.1642955541610718 54 85 26
-11.188582420349121 0.9713603258132935 -1.2224209308624268 60 95 15
-10.183605194091797 0.5137074589729309 -1.209187626838684 70 105 41
-9.49235725402832 0.13185304403305054 -1.2172951698303223 65 93 52
-8.768503189086914 -0.19778893887996674 -1.211423397064209 81 116 62
-8.508894920349121 0.7448527216911316 -1.2471262216567993 85 116 57
-8.004051208496094 0.40698209404945374 -1.2481422424316406 84 101 82
-7.680600166320801 0.10977073013782501 -1.272058129310608 95 94 90
-7.1996259689331055 -0.16189728677272797 -1.2666990756988525 77 99 63
-6.786035060882568 0.6023918986320496 -1.2530722618103027 85 101 72
-6.583787441253662 0.33833739161491394 -1.276910424232483 74 99 59
-6.087111473083496 0.08986576646566391 -1.2411168813705444 92 119 78
-5.9514546394348145 -0.13320623338222504 -1.2752227783203125 114 139 99
-5.551389217376709 0.4960159659385681 -1.2410264015197754 86 113 68
-5.319465160369873 0.27746057510375977 -1.2394630908966064 102 124 78
-13.50141716003418 -0.32841283082962036 2.6242074966430664 84 140 199
-14.442782402038574 0.18518219888210297 2.3999905586242676 98 153 192
-15.793124198913574 0.7916426658630371 2.1908531188964844 139 170 175
-17.702838897705078 1.544623851776123 1.9794187545776367 121 144 152
-15.661553382873535 0.7929946780204773 1.5898388624191284 123 145 143
-14.017478942871094 0.19783653318881989 1.2888939380645752 108 136 150
-13.494149208068848 -0.29807355999946594 1.109928846359253 92 115 133
-22.723953247070312 1.988325595855713 1.6995370388031006 88 106 106
-17.91106605529785 0.9125361442565918 1.1635308265686035 87 101 84
-18.554794311523438 0.2712675929069519 1.0238401889801025 82 104 83
-14.600394248962402 -0.31486111879348755 0.6667299270629883 93 101 80
-26.495508193969727 1.360561728477478 0.7494030594825745 80 88 75
-17.163047790527344 0.2590101659297943 0.3208937644958496 92 110 86
-14.860115051269531 -0.3118993937969208 0.1348995417356491 77 90 73
-16.852752685546875 0.8745423555374146 -0.13902215659618378 84 95 78
-15.864537239074707 0.24799972772598267 -0.2830445468425751 69 81 61
-13.364107131958008 -0.27653270959854126 -0.36683589220046997 71 80 63
-22.314048767089844 1.984250545501709 -0.7893450260162354 64 76 54
-16.444055557250977 0.8599527478218079 -0.7367973327636719 66 92 45
-16.416629791259766 0.264941543340683 -0.8923701643943787 61 75 49
-15.358402252197266 -0.3102903962135315 -0.9836941361427307 65 82 48
-14.988384246826172 1.3412621021270752 -1.0802578926086426 56 86 22
-12.811446189880371 0.6780550479888916 -1.046651840209961 47 83 19
-11.830513954162598 0.19505873322486877 -1.0765992403030396 61 93 44
-11.559038162231445 -0.23131060600280762 -1.1660014390945435 73 100 55
-11.167726516723633 1.0040793418884277 -1.2204731702804565 68 100 33
-10.235527992248535 0.5478137731552124 -1.2155468463897705 69 103 52
-9.517693519592285 0.161411851644516 -1.220602035522461 62 93 49
-8.793829917907715 -0.17136915028095245 -1.2148441076278687 80 116 52
-8.497700691223145 0.770150363445282 -1.245826005935669 83 98 65
-7.99684476852417 0.4312170445919037 -1.2472190856933594 84 85 79
-7.680227279663086 0.1333339661359787 -1.272058129310608 106 119 102
-7.374379634857178 -0.14319269359111786 -1.2973618507385254 62 75 58
-6.789051532745361 0.6236581802368164 -1.253976583480835 72 88 52
-6.601344108581543 0.35954904556274414 -1.280523419380188 60 96 24
-6.107380390167236 0.10890720039606094 -1.2453118562698364 101 129 70
-5.957701206207275 -0.11506008356809616 -1.2764796018600464 74 101 56
-5.558588981628418 0.5138537287712097 -1.2429825067520142 86 114 74
-5.311781406402588 0.29340311884880066 -1.2378766536712646 100 125 86
-21.936824798583984 1.972619891166687 3.2716684341430664 136 159 173
-14.577066421508789 -0.28717944025993347 1.7369987964630127 118 154 176
-22.187847137451172 2.0045621395111084 2.4815800189971924 113 134 137
-15.619307518005371 0.8389055728912354 1.5858042240142822 102 123 124
-13.938149452209473 0.2394891232252121 1.2816611528396606 103 135 134
-22.73760986328125 2.0598318576812744 1.7010231018066406 96 119 111
-17.898218154907227 0.9669439792633057 1.1628835201263428 104 113 108
-25.746809005737305 0.45542436838150024 1.4207607507705688 87 99 89
-14.084917068481445 -0.26051539182662964 0.643151044845581 89 102 93
-34.26374435424805 3.117868185043335 1.3036779165267944 66 82 55
-30.273103713989258 1.6476801633834839 0.8563880324363708 76 88 68
-17.6140193939209 0.3198699653148651 0.3293422758579254 60 72 58
-14.532069206237793 -0.2604132890701294 0.1319136768579483 118 130 110
-30.687320709228516 2.8129496574401855 0.0408758819103241 70 77 70
-17.60482406616211 0.9677348732948303 -0.14524996280670166 70 83 63
-17.36020278930664 0.3246566355228424 -0.30974555015563965 76 85 66
-15.940522193908691 -0.28092148900032043 -0.437531054019928 70 81 65
-19.382041931152344 1.7834752798080444 -0.6858174800872803 82 89 73
-17.527585983276367 0.970546543598175 -0.7854760885238647 68 80 60
-13.897921562194824 0.2669447064399719 -0.7554998993873596 62 83 44
-15.390214920043945 -0.263700008392334 -0.9856752157211304 70 82 60
-15.180849075317383 1.4054454565048218 -1.0944349765777588 64 95 25
-13.029229164123535 0.7296731472015381 -1.0646218061447144 53 84 17
-11.990166664123535 0.23448839783668518 -1.0911883115768433 50 80 26
-11.572625160217285 -0.1960659921169281 -1.167305827140808 52 86 36
-11.16063404083252 1.0379685163497925 -1.2200404405593872 76 108 35
-10.272465705871582 0.5814018249511719 -1.220139503479004 72 103 59
-9.552854537963867 0.19132597744464874 -1.225180745124817 64 101 31
-8.80718994140625 -0.14460064470767975 -1.2166227102279663 64 96 49
-8.490371704101562 0.7957556247711182 -1.2451035976409912 99 115 79
-7.994497299194336 0.45569273829460144 -1.2470650672912598 73 76 67
-7.673863887786865 0.15677502751350403 -1.2710778713226318 108 118 109
-7.368875503540039 -0.12047114223241806 -1.2963223457336426 68 78 69
-6.7831902503967285 0.6441118717193604 -1.2532531023025513 81 104 52
-6.584527969360352 0.37889760732650757 -1.277480959892273 84 100 71
-6.115834712982178 0.12782815098762512 -1.2471097707748413 78 94 58
-5.956070899963379 -0.09674981236457825 -1.276060700416565 87 100 72
-5.576419830322266 0.5327614545822144 -1.2473293542861938 73 108 50
-5.307939052581787 0.3095279633998871 -1.237196683883667 86 120 59
-14.133286476135254 -0.2570224106311798 2.7466628551483154 98 143 182
-14.461041450500488 0.8049927949905396 2.5488674640655518 90 145 199
-15.882829666137695 -0.2744195759296417 2.482443332672119 116 146 154
-21.639141082763672 2.0127949714660645 3.228177309036255 140 168 179
-14.400160789489746 -0.2395005077123642 1.7158230543136597 108 163 202
-17.959856033325195 1.019883632659912 1.8237454891204834 134 159 163
-13.892546653747559 0.2813423275947571 1.277541160583496 110 134 136
-22.748062133789062 2.1311614513397217 1.7022861242294312 90 106 103
-22.02275276184082 1.2575438022613525 1.4311068058013916 90 106 95
-25.98687171936035 0.5394269824028015 1.434092402458191 106 114 101
-14.953642845153809 -0.23069295287132263 0.6827836632728577 89 100 83
-18.08111000061035 1.7012581825256348 0.6881511211395264 94 109 88
-18.50104522705078 1.0638984441757202 0.5234612226486206 82 94 74
-17.690921783447266 0.3755626976490021 0.3308001756668091 76 94 70
-15.240692138671875 -0.22634130716323853 0.13833919167518616 79 88 69
-18.233304977416992 1.7277790307998657 0.0242939293384552 69 77 62
-17.55884552001953 1.019249439239502 -0.1448957473039627 65 76 62
-17.847932815551758 0.38855698704719543 -0.31846749782562256 88 100 86
-15.441550254821777 -0.22474168241024017 -0.4238145053386688 66 76 52
-17.037490844726562 1.6204650402069092 -0.6030305624008179 85 93 80
-16.152244567871094 0.9441054463386536 -0.7239683270454407 69 85 58
-16.184093475341797 0.36052998900413513 -0.8798336386680603 75 109 35
-15.380972862243652 -0.21634189784526825 -0.9850361347198486 74 88 53
-14.653207778930664 1.4019501209259033 -1.0567008256912231 55 87 24
-12.731428146362305 0.7521843314170837 -1.0404720306396484 55 91 19
-11.983416557312012 0.27113744616508484 -1.0906445980072021 59 94 38
-11.573172569274902 -0.1605607569217682 -1.167305827140808 59 90 30
-11.176198959350586 1.0740108489990234 -1.22209632396698 61 92 25
-10.24386978149414 0.6113173961639404 -1.2169599533081055 62 94 44
-9.575029373168945 0.22115960717201233 -1.2281060218811035 70 95 55
-8.839288711547852 -0.11800304055213928 -1.2210010290145874 78 107 59
-8.335230827331543 0.8070194125175476 -1.2227096557617188 105 126 85
-8.001938819885254 0.4807506799697876 -1.2484500408172607 89 93 79
-7.66644287109375 0.18015514314174652 -1.2699342966079712 46 45 50
-7.354438781738281 -0.09766701608896255 -1.2937239408493042 55 57 52
-6.779223918914795 0.6647273898124695 -1.252891182899475 87 109 71
-6.5176777839660645 0.3951165974140167 -1.2647403478622437 74 99 60
-6.106597423553467 0.14637933671474457 -1.2453118562698364 95 114 69
-5.948517322540283 -0.07837332785129547 -1.27438485622406 90 104 79
-5.60292911529541 0.5526456832885742 -1.2536323070526123 70 94 46
-5.330296516418457 0.3272434175014496 -1.24263596534729 96 119 77
-14.133028030395508 -0.2136460691690445 2.746472120285034 89 133 172
-14.443424224853516 0.3181673586368561 2.400482177734375 102 134 175
-14.79590892791748 -0.21023546159267426 2.3124489784240723 134 168 177
-21.755939483642578 2.0910024642944336 3.2465436458587646 139 175 189
-14.174449920654297 -0.19224990904331207 1.6888506412506104 106 162 199
-21.779428482055664 2.1024675369262695 2.4372975826263428 126 154 157
-13.96130657196045 0.3255879282951355 1.2839499711990356 96 120 130
-13.990612030029297 -0.1802317202091217 1.1505789756774902 94 118 92
-22.225265502929688 2.1509876251220703 1.6636501550674438 95 119 105
-22.121387481689453 1.3312771320343018 1.4377750158309937 70 85 66
-15.529966354370117 0.3700350224971771 0.8570839166641235 103 121 105
-14.742517471313477 -0.18219763040542603 0.6731149554252625 64 72 61
-30.908092498779297 3.0038461685180664 1.176680088043213 81 101 89
-18.56953239440918 1.125006079673767 0.5254941582679749 80 93 75
-17.601728439331055 0.42769864201545715 0.3291553556919098 79 95 69
-15.273311614990234 -0.17995944619178772 0.13862960040569305 113 126 108
-28.77751922607422 2.8160510063171387 0.0383542999625206 60 65 59
-16.167274475097656 0.9882487058639526 -0.1334368735551834 74 85 69
-15.846590995788574 0.39363014698028564 -0.28277701139450073 89 102 82
-13.78689956665039 -0.15835443139076233 -0.3783852159976959 85 94 77
-19.28818130493164 1.8942604064941406 -0.682894766330719 94 103 84
-16.1502685546875 0.9937166571617126 -0.7240129709243774 71 84 56
-15.937352180480957 0.4039563536643982 -0.8664830923080444 64 86 48
-15.377572059631348 -0.16910883784294128 -0.984780490398407 62 88 40
-15.148117065429688 1.4962139129638672 -1.0927165746688843 43 85 9
-12.989689826965332 0.8074410557746887 -1.0617759227752686 55 89 29
-11.886955261230469 0.3054449260234833 -1.081945538520813 59 91 44
-11.576595306396484 -0.12508626282215118 -1.1676069498062134 52 90 33
-11.170873641967773 1.1080976724624634 -1.2218799591064453 67 103 31
-10.29249095916748 0.6459142565727234 -1.2229658365249634 67 95 47
-9.577280044555664 0.25061219930648804 -1.2284876108169556 73 101 53
-8.869324684143066 -0.09118945151567459 -1.2251057624816895 85 110 71
-8.358315467834473 0.8351455926895142 -1.2264660596847534 63 90 47
-8.009302139282227 0.5058586001396179 -1.2498351335525513 73 94 61
-7.669798851013184 0.2037794291973114 -1.2705878019332886 92 90 91
-7.337961673736572 -0.07493248581886292 -1.2907788753509521 59 70 64
-6.777153015136719 0.6855226159095764 -1.252891182899475 105 138 91
-6.524272918701172 0.4156099855899811 -1.2662615776062012 74 109 45
-6.120811462402344 0.16551069915294647 -1.2483083009719849 93 130 61
-5.943841457366943 -0.06007375940680504 -1.2733376026153564 86 94 71
-5.620628833770752 0.5718084573745728 -1.257979154586792 87 114 73
-5.325379371643066 0.3433443307876587 -1.2417293787002563 95 129 78
-14.500723838806152 -0.1747085303068161 2.8178091049194336 77 115 162
-14.803400993347168 -0.16491831839084625 2.3135297298431396 146 181 200
-21.81836700439453 2.1738085746765137 2.442389965057373 106 125 119
-15.6405668258667 0.4127638339996338 1.438492774963379 99 123 135
-13.914361953735352 -0.13655519485473633 1.1442683935165405 119 158 187
-25.6330623626709 2.5601999759674072 1.919316291809082 90 112 100
-17.886568069458008 1.1315077543258667 1.162753939628601 80 93 86
-25.328306198120117 0.6812579035758972 1.3979536294937134 64 78 61
-14.253538131713867 -0.13242004811763763 0.6507675051689148 86 92 78
-30.92060661315918 3.1008503437042236 1.1775131225585938 105 123 97
-17.773914337158203 1.1315449476242065 0.5030750632286072 76 87 73
-13.93934440612793 0.38150152564048767 0.26068878173828125 69 81 57
-15.297789573669434 -0.13330987095832825 0.13884742558002472 86 95 74
-16.671106338500977 1.070393443107605 -0.1376217156648636 69 83 58
-15.94725227355957 0.4450902044773102 -0.28459632396698 58 71 53
-13.873285293579102 -0.11677969247102737 -0.38074448704719543 73 85 63
-18.813966751098633 1.9059836864471436 -0.6663091778755188 76 80 57
-16.13019561767578 1.0421652793884277 -0.723253071308136 73 95 57
-16.349262237548828 0.46459200978279114 -0.8889511227607727 65 81 52
-14.96388053894043 -0.11864665895700455 -0.9582598209381104 53 70 38
-14.643338203430176 1.4917330741882324 -1.0566293001174927 35 69 9
-12.889683723449707 0.840930163860321 -1.053807258605957 48 77 19
-11.908858299255371 0.34257078170776367 -1.0840296745300293 51 83 34
-11.578914642333984 -0.08958457410335541 -1.1678075790405273 53 85 18
-11.219836235046387 1.1477259397506714 -1.2276148796081543 62 93 25
-10.347933769226074 0.6812719702720642 -1.2297961711883545 86 111 69
-9.587371826171875 0.28031253814697266 -1.2298866510391235 72 102 52
-8.910176277160645 -0.06427127867937088 -1.2307155132293701 68 95 42
-8.35079288482666 0.8602775931358337 -1.2257436513900757 51 65 39
-8.025458335876465 0.5316039323806763 -1.2526049613952637 90 102 80
-7.5715107917785645 0.22441546618938446 -1.2544134855270386 71 78 70
-7.325353622436523 -0.05232812836766243 -1.2885267734527588 65 77 65
-6.738824844360352 0.7025381922721863 -1.246198058128357 103 126 84
-6.476927280426025 0.43254953622817993 -1.25732421875 84 114 60
-6.147698402404785 0.1851140707731247 -1.253901720046997 79 108 62
-5.950841903686523 -0.04188620299100876 -1.274803876876831 78 98 63
-5.619819164276123 0.5891514420509338 -1.258196473121643 102 122 87
-5.330131530761719 0.36007463932037354 -1.243089199066162 64 101 49
-14.68082332611084 -0.13183321058750153 2.8527145385742188 82 141 197
-14.803836822509766 -0.11950135231018066 2.3135297298431396 145 180 202
-21.76202392578125 1.4257862567901611 3.0215489864349365 138 173 195
-21.421079635620117 2.200617790222168 2.3986613750457764 112 139 132
-15.630269050598145 0.46048256754875183 1.437668800354004 86 125 130
-13.365580558776855 -0.09016153216362 1.0991106033325195 115 158 177
-25.6826229095459 2.644753932952881 1.9236257076263428 106 129 113
-18.244455337524414 1.2103562355041504 1.1862549781799316 92 106 89
-18.284971237182617 0.5479556322097778 1.0092965364456177 75 84 65
-18.93790626525879 -0.11783504486083984 0.8646190762519836 99 111 101
-30.869199752807617 3.191382884979248 1.1759227514266968 71 85 70
-17.2686767578125 1.1525847911834717 0.4888724982738495 82 94 82
-13.935110092163086 0.4241737723350525 0.26063272356987 65 78 58
-15.5551118850708 -0.08782727271318436 0.14117984473705292 83 95 73
-22.31251335144043 2.3217153549194336 0.029756249859929085 58 68 57
-27.30832290649414 1.837514877319336 -0.22547851502895355 72 88 75
-16.33556365966797 0.506088376045227 -0.29155248403549194 45 53 38
-13.32579231262207 -0.07128612697124481 -0.36571112275123596 77 86 69
-18.911405563354492 1.9744881391525269 -0.6699714064598083 80 89 72
-17.360862731933594 1.1751737594604492 -0.7785922288894653 61 80 52
-16.354745864868164 0.5149686336517334 -0.889331042766571 56 81 42
-14.964174270629883 -0.07273755967617035 -0.9582598209381104 62 79 47
-15.14956283569336 1.5902782678604126 -1.0935041904449463 42 75 18
-12.997418403625488 0.8880122900009155 -1.0628329515457153 57 86 28
-11.875899314880371 0.3780909776687622 -1.081130027770996 52 84 21
-11.574159622192383 -0.054037317633628845 -1.167305827140808 42 77 11
-11.248887062072754 1.185581088066101 -1.231185793876648 71 99 51
-10.433966636657715 0.7190923690795898 -1.2402769327163696 72 100 42
-9.574570655822754 0.3093405067920685 -1.2283604145050049 76 107 50
-8.938068389892578 -0.03704990819096565 -1.234546422958374 75 110 52
-8.314659118652344 0.8823432326316833 -1.2208315134048462 62 68 58
-8.056318283081055 0.5584781169891357 -1.2576830387115479 80 96 67
-7.577688694000244 0.24786925315856934 -1.2555570602416992 60 64 63
-7.330404281616211 -0.029874082654714584 -1.2893929481506348 88 104 78
-6.70241117477417 0.7195349931716919 -1.2398666143417358 90 128 71
-6.447167873382568 0.450434148311615 -1.2518095970153809 73 100 55
-6.132411956787109 0.2034866213798523 -1.250905156135559 86 111 56
-5.978321075439453 -0.023737790063023567 -1.28066885471344 107 132 90
-5.611191749572754 0.6056567430496216 -1.2566750049591064 77 94 58
-5.311513900756836 0.37519028782844543 -1.2390098571777344 79 99 72
-22.637680053710938 2.381425619125366 4.239347457885742 85 141 200
-14.457632064819336 0.4516420364379883 2.403432607650757 104 152 190
-21.711181640625 2.288558006286621 3.242870330810547 150 177 194
-21.867238998413086 1.500069260597229 3.0367825031280518 133 171 194
-15.646645545959473 0.4997199475765228 2.0167906284332275 111 160 193
-14.431803703308105 -0.06290017813444138 1.719372034072876 112 164 203
-21.204700469970703 2.2441515922546387 2.3751919269561768 132 152 153
-21.26700210571289 1.4697089195251465 2.161240816116333 119 140 135
-26.395652770996094 0.8586997389793396 2.4280974864959717 102 136 146
-13.044880867004395 -0.04797584190964699 1.0727208852767944 123 163 188
-29.985185623168945 3.180823564529419 2.246607542037964 100 121 106
-17.371089935302734 0.5739156007766724 0.9589446783065796 96 109 91
-13.541828155517578 -0.042712923139333725 0.6182496547698975 74 87 69
-38.05538558959961 4.0523576736450195 1.4501380920410156 88 102 85
-16.953941345214844 1.1838345527648926 0.48006296157836914 76 89 72
-15.037331581115723 -0.038769010454416275 0.13647869229316711 72 81 60
-22.334121704101562 2.3932483196258545 0.02979471907019615 69 82 75
-16.925569534301758 1.1910561323165894 -0.13978002965450287 74 85 69
-16.41087532043457 0.5588228702545166 -0.2929258644580841 59 65 51
-13.163009643554688 -0.030031098052859306 -0.3612395226955414 101 114 96
-19.135786056518555 2.0572822093963623 -0.6781409382820129 72 80 67
-17.054235458374023 1.2069904804229736 -0.7650032639503479 66 83 51
-16.301197052001953 0.5633485317230225 -0.8865089416503906 72 94 48
-14.778707504272461 -0.026495004072785378 -0.946373462677002 58 72 46
-14.623991966247559 1.580483078956604 -1.0559132099151611 61 91 31
-13.259078979492188 0.9467664361000061 -1.08446204662323 63 95 30
-11.889612197875977 0.4150450825691223 -1.0824891328811646 75 112 58
-11.567306518554688 -0.018516892567276955 -1.166603446006775 61 92 33
-11.289671897888184 1.2249120473861694 -1.2360551357269287 66 102 41
-10.44161605834961 0.7518131136894226 -1.2414546012878418 73 100 49
-9.559699058532715 0.3382224440574646 -1.2265797853469849 77 101 51
-8.938139915466309 -0.00962812639772892 -1.234546422958374 80 113 60
-8.30207633972168 0.9067736864089966 -1.2193866968154907 61 83 47
-8.063436508178711 0.583834171295166 -1.2590680122375488 91 112 71
-7.575906753540039 0.2710808217525482 -1.2553937435150146 60 63 54
-7.339324951171875 -0.007393508218228817 -1.2909520864486694 68 79 63
-6.663025379180908 0.7359911203384399 -1.2329926490783691 74 97 69
-6.44673490524292 0.47028306126594543 -1.2519997358322144 86 104 80
-6.12882137298584 0.2221931517124176 -1.2503058910369873 65 102 35
-5.9842329025268555 -0.005401744041591883 -1.2819256782531738 83 103 50
-5.596695423126221 0.6214683651924133 -1.2538496255874634 81 87 73
-5.327821731567383 0.39277294278144836 -1.243089199066162 86 112 75
-21.747325897216797 2.359851360321045 3.249335289001465 146 179 196
-21.956396102905273 1.5738780498504639 3.0498201847076416 131 168 194
-15.82543659210205 0.5540364384651184 2.0400454998016357 109 150 182
-14.506402969360352 -0.018719838932156563 1.728244662284851 106 158 195
-20.998136520385742 2.287454843521118 2.3528292179107666 114 133 131
-21.8577823638916 1.5779297351837158 2.221759796142578 122 143 138
-26.350101470947266 0.9381528496742249 2.4241604804992676 96 129 138
-13.031013488769531 -0.007945979945361614 1.0715734958648682 120 160 185
-17.338314056396484 0.6260896921157837 0.9572368860244751 71 83 81
-15.341020584106445 -0.0013220221735537052 0.7003879547119141 95 105 96
-18.209636688232422 0.6661456823348999 0.3406505584716797 121 135 110
-16.006338119506836 0.007839633151888847 0.14527292549610138 62 73 56
-22.31077003479004 2.46000337600708 0.029773494228720665 71 83 61
-16.639606475830078 1.222246527671814 -0.13744871318340302 72 87 68
-16.274198532104492 0.6041606068611145 -0.2905179560184479 81 89 76
-13.563889503479004 0.010667852126061916 -0.37224018573760986 76 88 64
-19.09859275817871 2.1125741004943848 -0.6770492792129517 76 87 70
-16.690792083740234 1.2327429056167603 -0.7488664388656616 61 78 44
-15.029165267944336 0.5655577778816223 -0.8174225687980652 77 96 66
-14.266767501831055 0.018192723393440247 -0.9135900139808655 63 81 43
-14.863931655883789 1.652564525604248 -1.073598861694336 54 89 23
-13.150754928588867 0.9795922636985779 -1.0758429765701294 60 88 27
-11.801703453063965 0.44823160767555237 -1.0746057033538818 42 78 14
-11.328520774841309 0.016620848327875137 -1.142520785331726 55 89 28
-11.303645133972168 1.2615272998809814 -1.238002896308899 77 108 67
-10.453124046325684 0.7848849892616272 -1.243103265762329 96 118 82
-9.622050285339355 0.36998873949050903 -1.2347196340560913 81 104 60
-8.946051597595215 0.017809519544243813 -1.2356410026550293 79 116 39
-8.254021644592285 0.9271588325500488 -1.2127407789230347 63 86 57
-8.076387405395508 0.6096853613853455 -1.2613762617111206 74 99 57
-7.578982353210449 0.2944753170013428 -1.2560471296310425 79 84 77
-7.337343692779541 0.015119200572371483 -1.2906056642532349 98 112 89
-6.564968585968018 0.7455536127090454 -1.2152647972106934 73 96 54
-6.428619861602783 0.48879384994506836 -1.2487671375274658 102 117 76
-6.1467132568359375 0.24172663688659668 -1.2541013956069946 96 119 73
-5.961731433868408 0.012908951379358768 -1.2771079540252686 91 101 74
-5.5714874267578125 0.6359790563583374 -1.2486333847045898 88 88 76
-5.286776065826416 0.40605849027633667 -1.2337971925735474 79 101 62
-14.721662521362305 0.003300092415884137 2.860534906387329 86 141 195
-22.19762420654297 2.4729340076446533 4.159701824188232 84 143 201
-14.686736106872559 0.016621530055999756 2.295156240463257 144 177 194
-21.873428344726562 1.6353975534439087 3.038978338241577 123 166 198
-15.781044960021973 0.6009626388549805 2.0345511436462402 117 163 196
-15.289850234985352 0.027177872136235237 1.8215832710266113 104 143 172
-21.39004135131836 2.3965723514556885 2.397554397583008 116 141 137
-21.28337860107422 1.6021146774291992 2.163863182067871 98 122 106
-15.634324073791504 0.6046665906906128 1.438492774963379 115 143 146
-27.700416564941406 0.0680929496884346 2.2778823375701904 99 130 135
-22.770387649536133 2.5568623542785645 1.707189917564392 108 131 137
-17.775304794311523 0.6964808106422424 0.9814762473106384 76 87 79
-15.417872428894043 0.04597293213009834 0.7038997411727905 74 91 72
-18.34476661682129 1.3941118717193604 0.5196775794029236 62 75 58
-26.474565505981445 1.0498347282409668 0.4953218102455139 96 107 91
-15.598259925842285 0.05549485981464386 0.1415700912475586 83 98 77
-22.274303436279297 2.5251736640930176 0.029735028743743896 55 67 57
-17.109376907348633 1.3095393180847168 -0.14136171340942383 60 72 60
-15.074426651000977 0.6059374213218689 -0.26913222670555115 63 76 58
-13.588783264160156 0.05237755551934242 -0.3729260563850403 76 85 66
-18.40984344482422 2.0935802459716797 -0.6528576612472534 77 87 62
-17.438955307006836 1.3418066501617432 -0.7826153039932251 69 90 59
-16.292442321777344 0.6631571054458618 -0.8862375617027283 59 80 39
-14.970196723937988 0.06501810997724533 -0.9586432576179504 66 85 57
-14.862756729125977 1.6986117362976074 -1.0738853216171265 63 98 14
-13.174516677856445 1.022014856338501 -1.0780383348464966 66 97 40
-12.001273155212402 0.49268829822540283 -1.0929099321365356 45 78 23
-11.317472457885742 0.05132654681801796 -1.1414170265197754 57 97 9
-11.30268383026123 1.2965402603149414 -1.2383273839950562 80 111 52
-10.471457481384277 0.8185762166976929 -1.24557626247406 69 99 49
-9.636726379394531 0.40016549825668335 -1.2367547750473022 77 106 60
-8.934067726135254 0.04519540071487427 -1.2339991331100464 66 102 40
-8.315032958984375 0.9598531723022461 -1.2221318483352661 74 90 61
-8.082358360290527 0.6350796818733215 -1.262607216835022 88 108 71
-7.587900638580322 0.3181391954421997 -1.2576810121536255 72 77 70
-7.334308624267578 0.03761463239789009 -1.2900859117507935 95 113 89
-6.5001301765441895 0.7583966851234436 -1.203687310218811 91 116 74
-6.511258125305176 0.5151736736297607 -1.2651206254959106 86 113 62
-6.127342700958252 0.2597947120666504 -1.2503058910369873 92 115 47
-5.945041179656982 0.03111223503947258 -1.2735470533370972 117 133 104
-5.478381633758545 0.6423836350440979 -1.228203296661377 81 93 73
-5.263175010681152 0.42049217224121094 -1.22858464717865 74 101 50
-14.767720222473145 0.04861738905310631 2.869499683380127 63 100 127
-14.798260688781738 0.062148597091436386 2.312603235244751 152 185 202
-27.088499069213867 2.1089000701904297 3.764413833618164 113 161 197
-15.852458953857422 0.6523932814598083 2.044006586074829 117 160 192
-14.879599571228027 0.0720992237329483 1.7727253437042236 124 155 173
-26.029945373535156 2.997323751449585 2.9186460971832275 100 119 113
-17.68485450744629 1.3858110904693604 1.7984281778335571 121 141 130
-15.680152893066406 0.6546229720115662 1.442887306213379 96 114 114
-28.054874420166016 0.15503698587417603 2.307058811187744 89 110 111
-26.42689323425293 3.049574851989746 1.982025384902954 97 115 103
-27.633275985717773 1.1676591634750366 1.5259817838668823 97 112 91
-13.914252281188965 0.08417873829603195 0.635261058807373 87 106 87
-22.094385147094727 2.558605670928955 0.8427901268005371 103 117 100
-17.291099548339844 1.3674057722091675 0.4899454414844513 76 94 70
-13.743057250976562 0.5872083306312561 0.2571561336517334 106 120 103
-15.820002555847168 0.10482022166252136 0.14358487725257874 63 74 58
-22.385644912719727 2.607381582260132 0.029894201084971428 73 83 75
-17.264768600463867 1.3747234344482422 -0.14267976582050323 47 55 40
-16.406038284301758 0.7098841667175293 -0.2929437458515167 43 50 42
-15.292876243591309 0.10586528480052948 -0.4196995198726654 79 90 76
-18.25840950012207 2.133119583129883 -0.6477164626121521 72 84 62
-17.42081642150879 1.3941866159439087 -0.7819895148277283 60 80 45
-16.504810333251953 0.7225276231765747 -0.897905707359314 60 77 45
-14.329256057739258 0.10619755834341049 -0.9176160097122192 59 83 47
-14.444381713867188 1.6957067251205444 -1.0440272092819214 43 76 21
-13.243842124938965 1.0682787895202637 -1.0839741230010986 58 93 27
-12.133023262023926 0.5353882312774658 -1.1050523519515991 46 83 13
-11.203840255737305 0.0851854532957077 -1.129977822303772 50 85 5
-11.31148910522461 1.332722544670105 -1.239734172821045 84 106 70
-10.499579429626465 0.8531916737556458 -1.2492269277572632 89 119 69
-9.721661567687988 0.4335734248161316 -1.2478199005126953 60 84 48
-8.92199993133545 0.07250791788101196 -1.2323572635650635 66 106 43
-8.330718994140625 0.9875720739364624 -1.224876880645752 84 111 66
-8.078402519226074 0.6597121953964233 -1.2622994184494019 88 110 71
-7.585903644561768 0.34137269854545593 -1.2575175762176514 79 91 77
-7.32234001159668 0.06001892313361168 -1.288007140159607 82 81 76
-6.512420654296875 0.780089795589447 -1.206400752067566 84 112 63
-6.533129692077637 0.5370779633522034 -1.2696844339370728 89 118 62
-6.13043212890625 0.27876996994018555 -1.2511050701141357 70 79 48
-5.9351396560668945 0.04927004501223564 -1.2714524269104004 86 101 80
-5.528716564178467 0.6654871106147766 -1.2399396896362305 70 84 61
-5.304568290710449 0.44018134474754333 -1.2385565042495728 80 107 62
-22.49934959411621 2.6464128494262695 4.219206809997559 85 144 202
-15.101885795593262 1.2223396301269531 2.0991785526275635 140 175 197
-14.895195960998535 0.11787457764148712 1.774618148803711 95 153 191
-21.384803771972656 2.5289413928985596 2.3986613750457764 106 122 112
-17.52682113647461 1.4275423288345337 1.7827941179275513 112 132 123
-26.075021743774414 0.2240971326828003 2.144294261932373 106 126 133
-26.48574447631836 3.138734817504883 1.987152099609375 88 107 87
-36.803550720214844 3.0092520713806152 2.3956875801086426 93 115 103
-27.40812873840332 1.2423938512802124 1.5137518644332886 93 106 96
-13.450430870056152 0.12264051288366318 0.614099383354187 77 90 73
-30.56556510925293 3.6346631050109863 1.166343092918396 81 98 82
-18.431507110595703 1.5145056247711182 0.522388219833374 93 105 93
-29.67869758605957 1.3593320846557617 0.555414617061615 73 85 65
-15.816606521606445 0.15332572162151337 0.14355765283107758 65 78 61
-19.70756721496582 2.356755256652832 0.026327379047870636 54 66 54
-17.180744171142578 1.4210901260375977 -0.14202073216438293 81 94 76
-16.624509811401367 0.7704431414604187 -0.29688555002212524 55 65 57
-15.943202018737793 0.159283846616745 -0.43755850195884705 90 99 82
-18.2626953125 2.190434694290161 -0.6481038331985474 94 106 82
-17.8345947265625 1.4823813438415527 -0.8007636666297913 51 80 16
-16.446659088134766 0.7705433368682861 -0.8948665857315063 64 90 53
-14.289945602416992 0.14975076913833618 -0.9151237607002258 81 101 66
-14.465848922729492 1.743235468864441 -1.045960545539856 45 74 26
-13.217658996582031 1.1069921255111694 -1.082103967666626 66 101 35
-12.106454849243164 0.5714354515075684 -1.1027870178222656 57 97 37
-11.372658729553223 0.1213628351688385 -1.1470363140106201 50 88 31
-11.288595199584961 1.3651517629623413 -1.2376782894134521 82 111 57
-10.524619102478027 0.8877369165420532 -1.2525242567062378 84 114 52
-9.744062423706055 0.4645305871963501 -1.250872254371643 76 92 63
-8.924707412719727 0.09991315752267838 -1.2327677011489868 55 76 43
-8.31684398651123 1.0118111371994019 -1.223287582397461 75 97 58
-8.076340675354004 0.6844933032989502 -1.2622994184494019 81 93 69
-7.574965953826904 0.36417055130004883 -1.255883812904358 79 97 71
-7.3083343505859375 0.0823279544711113 -1.2855818271636963 77 89 67
-6.529519557952881 0.8024652600288391 -1.2100186347961426 94 132 75
-6.530472755432129 0.5570353269577026 -1.2694942951202393 92 119 66
-6.12856912612915 0.297529011964798 -1.250905156135559 61 88 37
-5.932027339935303 0.06744521856307983 -1.2708240747451782 121 138 106
-5.479180335998535 0.6765843033790588 -1.2292898893356323 89 120 78
-5.341038227081299 0.45971086621284485 -1.2473952770233154 76 101 62
-21.92699432373047 2.647317886352539 4.113379001617432 85 144 200
-21.5109920501709 1.807533621788025 2.9908080101013184 120 165 196
-15.115191459655762 0.16599254310131073 1.8008806705474854 107 160 200
-22.796680450439453 2.7668514251708984 2.557966947555542 94 109 102
-17.532272338867188 1.4821451902389526 1.78380286693573 123 138 131
-26.206754684448242 0.3056389093399048 2.1551945209503174 90 114 118
-26.741294860839844 3.2522430419921875 2.0070645809173584 74 87 69
-38.984649658203125 3.3080239295959473 2.5383126735687256 114 130 129
-25.433618545532227 0.30994105339050293 1.1612476110458374 79 88 67
-26.810745239257812 3.2716119289398193 1.023442029953003 84 98 85
-27.788063049316406 2.369178533554077 0.7877753376960754 69 77 62
-27.44044303894043 1.3411914110183716 0.5136019587516785 72 86 61
-16.423986434936523 0.20960821211338043 0.14907561242580414 75 87 67
-17.84781265258789 1.5314114093780518 -0.1475730538368225 71 82 68
-16.931640625 0.8367414474487305 -0.30241477489471436 66 79 62
-17.38097381591797 0.22697947919368744 -0.4770347476005554 81 92 76
-18.666534423828125 2.296984910964966 -0.6626821756362915 78 83 63
-17.044662475585938 1.4693907499313354 -0.7654949426651001 57 70 44
-15.390089988708496 0.7683687210083008 -0.837502658367157 56 83 38
-13.83938217163086 0.1874939501285553 -0.8863024711608887 55 80 38
-14.587140083312988 1.8032715320587158 -1.0551255941390991 56 93 24
-13.507121086120605 1.1729756593704224 -1.1060911417007446 57 90 21
-12.243892669677734 0.6155757308006287 -1.1154731512069702 61 100 33
-11.398098945617676 0.1566084921360016 -1.1496453285217285 59 91 26
-11.310990333557129 1.4030824899673462 -1.2405997514724731 81 108 63
-10.537674903869629 0.9214058518409729 -1.2544084787368774 90 120 58
-9.779244422912598 0.4962828457355499 -1.2555781602859497 85 106 73
-8.969922065734863 0.12794320285320282 -1.2390615940093994 49 67 43
-8.294063568115234 1.0348718166351318 -1.2203980684280396 88 114 75
-8.050580024719238 0.7071928381919861 -1.2586064338684082 98 114 85
-7.57676887512207 0.3875597417354584 -1.2563740015029907 74 102 64
-7.300168991088867 0.1046362966299057 -1.284195899963379 68 81 64
-6.5699615478515625 0.8279041647911072 -1.2179782390594482 83 109 70
-6.504284858703613 0.5749070048332214 -1.2647403478622437 79 105 57
-6.126648902893066 0.3162792921066284 -1.2507054805755615 83 111 62
-5.927881717681885 0.08558763563632965 -1.2699861526489258 92 114 68
-5.458679676055908 0.6910617351531982 -1.2251603603363037 84 112 64
-5.345423698425293 0.4766137897968292 -1.2487550973892212 78 107 49
-21.654369354248047 2.6818315982818604 4.063760757446289 85 142 197
-15.115604400634766 0.21237847208976746 1.8009990453720093 125 170 193
-24.212215423583984 3.0140609741210938 2.7178261280059814 94 100 98
-17.50782012939453 1.5341894626617432 1.781785488128662 103 121 123
-25.71800422668457 1.3109042644500732 2.3675801753997803 92 107 112
-27.782201766967773 0.40926235914230347 2.284848690032959 99 123 123
-21.727937698364258 2.7101967334747314 1.6314040422439575 84 99 80
-38.89280319213867 3.420442819595337 2.533003807067871 101 121 110
-18.43551254272461 0.9490548968315125 1.0184965133666992 87 99 85
-19.079904556274414 0.2910604178905487 0.8711864948272705 92 108 98
-22.683670043945312 2.838656187057495 0.8662282824516296 78 91 73
-27.873266220092773 2.46260142326355 0.7904012799263 88 104 77
-27.640888214111328 1.4360052347183228 0.5174337029457092 68 78 54
-17.277124404907227 0.27351266145706177 0.15682615339756012 105 119 96
-34.39779281616211 4.3277459144592285 0.04598669335246086 45 53 40
-22.620031356811523 2.010812997817993 -0.18708182871341705 73 84 70
-16.7382869720459 0.8786719441413879 -0.2990080416202545 73 82 63
-13.835990905761719 0.22314263880252838 -0.3797568678855896 76 83 67
-18.819034576416016 2.3743832111358643 -0.6683515906333923 84 92 77
-18.94955825805664 1.692192792892456 -0.8512751460075378 66 85 53
-16.177383422851562 0.8574384450912476 -0.880484938621521 82 101 69
-14.298735618591309 0.23759520053863525 -0.9157628417015076 66 93 60
-14.377697944641113 1.8221815824508667 -1.0403755903244019 46 78 11
-13.447868347167969 1.2094100713729858 -1.1015375852584839 65 98 27
-12.239956855773926 0.6530304551124573 -1.115291953086853 69 100 58
-11.423429489135742 0.19201138615608215 -1.1522542238235474 53 87 26
-11.202096939086914 1.4244844913482666 -1.2291297912597656 66 88 49
-10.534797668457031 0.9537306427955627 -1.2544084787368774 90 117 64
-9.764800071716309 0.5255897641181946 -1.2539247274398804 70 87 53
-9.01702880859375 0.15628592669963837 -1.2456289529800415 51 78 45
-8.2869234085083 1.059810757637024 -1.219820261001587 77 103 58
-8.015899658203125 0.7289353609085083 -1.2535282373428345 91 106 75
-7.584410190582275 0.4112838804721832 -1.25784432888031 71 90 68
-7.298828601837158 0.12701526284217834 -1.2840226888656616 53 53 51
-6.620062351226807 0.8548581600189209 -1.227746605873108 89 119 67
-6.4790263175964355 0.5927125811576843 -1.2601765394210815 113 143 93
-6.133477210998535 0.3355022668838501 -1.2523036003112793 101 142 76
-5.919769763946533 0.10363679379224777 -1.2683104276657104 81 85 71
-5.4381422996521 0.7054197192192078 -1.221030831336975 112 145 98
-5.341026782989502 0.492742657661438 -1.248075246810913 94 118 82
-14.447998046875 0.22488641738891602 2.807699680328369 85 140 197
-21.926916122436523 2.783914566040039 4.116491794586182 84 139 196
-23.866790771484375 3.0352869033813477 3.5737545490264893 138 168 178
-26.516014099121094 2.392033100128174 3.6886589527130127 139 174 194
-15.12977409362793 0.25900641083717346 1.8027734756469727 106 161 200
-29.232711791992188 3.7301478385925293 3.282646894454956 110 122 110
-17.72327423095703 0.9579192996025085 1.6318542957305908 90 107 114
-21.971763610839844 2.809093713760376 1.650350570678711 99 115 102
-22.64952278137207 2.0619654655456543 1.4755191802978516 112 131 127
-18.386653900146484 1.0031077861785889 1.0159623622894287 85 98 81
-14.208812713623047 0.26035723090171814 0.6488063931465149 99 120 105
-22.71945571899414 2.9139561653137207 0.8679322004318237 71 85 62
-28.084579467773438 2.568129539489746 0.7966130971908569 82 96 73
-26.92355728149414 1.4815751314163208 0.5040880441665649 94 105 88
-18.32897186279297 0.3464139401912689 0.16638274490833282 74 86 72
-28.531803131103516 3.678673028945923 0.038159310817718506 66 75 74
-28.69586944580078 2.639683961868286 -0.2373986840248108 68 79 65
-17.559110641479492 0.9757888913154602 -0.31372302770614624 73 84 68
-16.078983306884766 0.308662086725235 -0.441344290971756 77 87 62
-21.84650421142578 2.824474573135376 -0.7761752009391785 86 97 80
-18.932342529296875 1.7492183446884155 -0.8507387638092041 72 91 61
-15.910482406616211 0.8922500610351562 -0.8661032319068909 55 68 50
-14.570328712463379 0.286824107170105 -0.9332089424133301 52 75 33
-14.1771821975708 1.8409799337387085 -1.0262700319290161 51 83 16
-13.124540328979492 1.2209347486495972 -1.075355052947998 61 96 38
-12.036052703857422 0.6791890859603882 -1.096897006034851 70 106 44
-11.428754806518555 0.22717569768428802 -1.1528562307357788 50 85 21
-11.178943634033203 1.4564051628112793 -1.2270737886428833 72 93 60
-10.541709899902344 0.9869721531867981 -1.2555861473083496 80 98 58
-9.772053718566895 0.5560523867607117 -1.255069375038147 62 81 49
-9.058103561401367 0.18479767441749573 -1.251375675201416 80 98 76
-8.263029098510742 1.0825303792953491 -1.2167860269546509 90 116 55
-7.975258827209473 0.7499167323112488 -1.24752676486969 65 79 53
-7.589022636413574 0.4348892271518707 -1.2588245868682861 81 95 69
-7.282649993896484 0.1490846425294876 -1.2812509536743164 68 79 63
-6.630084037780762 0.8768405318260193 -1.2300982475280762 66 99 44
-6.398985862731934 0.6051921248435974 -1.2449638843536377 108 139 98
-6.1412224769592285 0.35482656955718994 -1.2541013956069946 73 102 22
-5.902804851531982 0.12145593762397766 -1.264749526977539 110 136 88
-5.437888145446777 0.7223575115203857 -1.2214655876159668 72 107 67
-5.334641933441162 0.5086641311645508 -1.2469420433044434 70 91 50
-22.143468856811523 2.8804664611816406 4.158786296844482 91 137 187
-23.706314086914062 3.088813543319702 3.5511274337768555 126 151 155
-21.880056381225586 2.0415117740631104 3.044605016708374 133 169 185
-24.201148986816406 3.16359806060791 2.7187116146087646 100 118 102
-27.619522094726562 2.591132640838623 2.812427043914795 108 125 119
-17.733177185058594 1.013027310371399 1.6330446004867554 107 124 118
-15.594954490661621 0.3254508972167969 1.2826919555664062 109 133 137
-22.15882110595703 2.902130126953125 1.6650619506835938 87 100 70
-27.039936065673828 1.5584174394607544 1.4943604469299316 81 95 80
-26.042909622192383 0.5571312308311462 1.1892503499984741 105 120 97
-22.64600944519043 2.9751839637756348 0.8654709458351135 71 84 64
-33.970924377441406 3.2115156650543213 0.9638530015945435 73 79 65
-26.965795516967773 1.566894292831421 0.5049665570259094 48 58 31
-15.425642967224121 0.33888667821884155 0.14003631472587585 81 96 73
-22.39655113220215 2.957522392272949 0.029965830966830254 71 79 66
-17.555036544799805 1.0295964479446411 -0.3137052059173584 55 61 49
-16.90444564819336 0.376392662525177 -0.46403148770332336 61 76 57
-19.20139503479004 2.5424134731292725 -0.6824721693992615 91 101 76
-18.875173568725586 1.8023557662963867 -0.8484143614768982 64 79 46
-16.15487289428711 0.9556823968887329 -0.8795623183250427 62 79 43
-13.890945434570312 0.3160862326622009 -0.8897533416748047 54 83 39
-14.34152889251709 1.9070802927017212 -1.0385855436325073 64 98 12
-13.130654335021973 1.262148141860962 -1.076168179512024 59 96 29
-12.098530769348145 0.7199572920799255 -1.1027870178222656 50 88 29
-11.375286102294922 0.26102784276008606 -1.1475380659103394 58 96 23
-11.089678764343262 1.4793897867202759 -1.2177680730819702 58 84 37
-10.533690452575684 1.0188310146331787 -1.2549972534179688 88 117 61
-9.789113998413086 0.5871583819389343 -1.2574858665466309 51 78 37
-9.116912841796875 0.2139812856912613 -1.259584903717041 63 91 51
-8.242997169494629 1.1056396961212158 -1.2143300771713257 65 94 48
-7.9286651611328125 0.7700825333595276 -1.2406020164489746 96 118 79
-7.587652683258057 0.45816999673843384 -1.2588245868682861 74 90 64
-7.279204368591309 0.17135725915431976 -1.280731201171875 84 96 76
-6.626388072967529 0.8970453143119812 -1.2299174070358276 73 117 42
-6.372671604156494 0.6224352121353149 -1.240209937095642 91 120 76
-6.162599563598633 0.3750348687171936 -1.2586958408355713 71 102 45
-5.914134979248047 0.13984228670597076 -1.2672630548477173 104 125 92
-5.482071399688721 0.7453493475914001 -1.2318980693817139 84 122 71
-5.328209400177002 0.5245510339736938 -1.2458088397979736 77 103 74
-15.261898040771484 0.33123359084129333 2.96620512008667 76 131 187
-21.930919647216797 2.9259417057037354 3.286508321762085 151 180 194
-27.04509162902832 2.6071534156799316 3.764413833618164 141 173 186
-22.734407424926758 2.203216791152954 2.3156654834747314 108 125 117
-17.84031867980957 1.0740697383880615 1.6432068347930908 111 139 142
-15.638718605041504 0.37436729669570923 1.2863799333572388 109 140 143
-22.138940811157227 2.9686408042907715 1.664244532585144 86 107 98
-29.601884841918945 2.8781392574310303 1.929550051689148 117 141 141
-18.134977340698242 1.1010220050811768 1.0024102926254272 78 92 77
-26.020105361938477 0.6365140676498413 1.1882925033569336 87 99 87
-22.159420013427734 2.980442762374878 0.8472203016281128 72 80 67
-28.195636749267578 2.752837896347046 0.8002272844314575 69 83 68
-27.397968292236328 1.6763614416122437 0.5131533741950989 87 96 79
-17.647743225097656 0.4418766498565674 0.1602204293012619 75 88 70
-22.29818344116211 3.0141639709472656 0.029846450313925743 57 71 58
-24.75413703918457 2.430354118347168 -0.204908549785614 112 125 107
-16.623708724975586 1.0261601209640503 -0.2971174120903015 74 82 67
-13.91529369354248 0.3525523245334625 -0.3820064067840576 86 94 70
-18.628028869628906 2.5246710777282715 -0.6623652577400208 67 81 56
-18.862594604492188 1.8595694303512573 -0.8481014370918274 81 109 61
-16.11997413635254 1.0032556056976318 -0.8778256773948669 61 83 47
-13.801121711730957 0.35640862584114075 -0.8840657472610474 54 84 32
-14.308924674987793 1.9474387168884277 -1.0366523265838623 63 93 29
-13.276485443115234 1.3172860145568848 -1.0884463787078857 65 94 46
-12.100240707397461 0.7573204636573792 -1.1031495332717896 66 102 32
-11.329673767089844 0.2947610318660736 -1.1430225372314453 66 102 38
-11.134337425231934 1.5201293230056763 -1.2231783866882324 73 92 60
-10.477155685424805 1.0458168983459473 -1.2486381530761719 83 111 53
-9.830822944641113 0.6199348568916321 -1.2630821466445923 69 91 55
-9.11522388458252 0.24192431569099426 -1.2594481706619263 81 103 64
-8.250349044799805 1.1324037313461304 -1.2159192562103271 73 96 67
-7.906602382659912 0.7924330234527588 -1.2375245094299316 66 89 47
-7.567503929138184 0.4802592098712921 -1.2557203769683838 75 90 69
-7.264861106872559 0.19332194328308105 -1.2783058881759644 87 104 86
-6.635295391082764 0.9189896583557129 -1.2320880889892578 70 106 34
-6.356080055236816 0.6405068635940552 -1.2373576164245605 95 122 91
-6.097859859466553 0.3898758590221405 -1.2457114458084106 81 111 41
-5.9166107177734375 0.15806429088115692 -1.267891526222229 89 114 75
-5.51166296005249 0.7666020393371582 -1.2390702962875366 94 123 65
-5.3372344970703125 0.5419777035713196 -1.2483018636703491 60 74 48
-14.189187049865723 0.35150766372680664 2.7579164505004883 84 143 201
-21.757173538208008 2.966085910797119 4.089576721191406 83 140 193
-22.88033103942871 3.1240835189819336 3.4302048683166504 152 184 199
-21.662097930908203 2.155327796936035 3.016059637069702 159 187 199
-15.110867500305176 0.39782804250717163 1.8008806705474854 106 157 186
-21.13080596923828 2.8942198753356934 2.3757452964782715 98 110 106
-26.47454833984375 2.647688388824463 2.6974406242370605 99 105 101
-15.826787948608398 0.42745691537857056 1.30195152759552 98 117 115
-23.79644775390625 3.2652482986450195 1.7895885705947876 79 97 71
-25.472309112548828 2.5555381774902344 1.6608736515045166 101 125 125
-18.411518096923828 1.1745163202285767 1.017890453338623 89 107 83
-17.543071746826172 0.4830034673213959 0.8012252449989319 105 119 102
-22.201648712158203 3.055497407913208 0.849189281463623 57 68 54
-33.944610595703125 3.4192957878112793 0.9636836051940918 55 64 47
-27.392696380615234 1.7604093551635742 0.5131533741950989 69 78 59
-17.106538772583008 0.4808449149131775 0.15531960129737854 85 93 78
-22.060009002685547 3.0509133338928223 0.029540037736296654 74 86 76
-21.041645050048828 2.1310596466064453 -0.17423076927661896 64 77 57
-16.754182815551758 1.0858210325241089 -0.2995074987411499 78 86 71
-15.719738960266113 0.4465314447879791 -0.4315780699253082 73 84 67
-22.20465660095215 3.078817844390869 -0.7898732423782349 81 94 68
-18.46819496154785 1.877915382385254 -0.8306235074996948 87 97 73
-16.20549964904785 1.058498501777649 -0.882655680179596 65 87 49
-14.407465934753418 0.4163018763065338 -0.9229841232299805 62 86 38
-14.896613121032715 2.073991298675537 -1.0796849727630615 62 93 33
-13.141501426696777 1.3446201086044312 -1.077713131904602 66 104 19
-12.264809608459473 0.8054031133651733 -1.118372917175293 83 119 57
-11.36750316619873 0.3306467831134796 -1.1469359397888184 63 95 28
-11.141436576843262 1.555931806564331 -1.224476933479309 73 96 50
-10.443275451660156 1.0748038291931152 -1.2449874877929688 100 125 60
-9.832833290100098 0.6503543257713318 -1.263590931892395 96 113 77
-9.094635009765625 0.2693018615245819 -1.2567116022109985 61 81 53
-8.220378875732422 1.1539958715438843 -1.212018370628357 95 117 78
-7.900201797485352 0.8162801265716553 -1.2369087934494019 83 98 59
-7.495119094848633 0.49875733256340027 -1.243957281112671 80 92 68
-7.257342338562012 0.21540477871894836 -1.2770931720733643 75 81 67
-6.631470680236816 0.9392042756080627 -1.2319072484970093 81 121 61
-6.327719688415527 0.6572654247283936 -1.232223391532898 94 119 80
-6.211020469665527 0.4162478446960449 -1.2690834999084473 83 115 50
-5.920984268188477 0.17636100947856903 -1.2689387798309326 74 103 45
-5.5112175941467285 0.7837828397750854 -1.2395049333572388 53 83 33
-5.3297343254089355 0.5577412843704224 -1.2469420433044434 68 86 62
-14.213555335998535 0.39574816823005676 2.76287579536438 86 138 195
-21.367265701293945 2.979731321334839 4.017987251281738 84 141 196
-15.367061614990234 0.4418231248855591 2.4024641513824463 144 166 187
-21.5765380859375 3.013521909713745 3.236111640930176 152 185 200
-26.148651123046875 2.6827714443206787 3.6418607234954834 117 145 148
-15.23960018157959 0.44800809025764465 1.816378116607666 105 152 180
-20.734037399291992 2.904707670211792 2.332127332687378 116 134 120
-21.719921112060547 2.2395071983337402 2.2136905193328857 112 135 119
-26.607118606567383 0.8003130555152893 2.188960313796997 78 89 85
-24.862756729125977 3.489309787750244 1.8705755472183228 80 93 75
-22.65130043029785 2.3427319526672363 1.477396845817566 89 115 106
-18.496492385864258 1.2369259595870972 1.0227934122085571 47 57 48
-15.723254203796387 0.4811785817146301 0.7181747555732727 83 94 90
-26.452091217041016 3.7231898307800293 1.0121963024139404 84 104 67
-17.28082847595215 1.163810133934021 0.32379090785980225 96 109 91
-26.01228904724121 0.8110500574111938 0.23620125651359558 84 97 77
-22.337688446044922 3.1591882705688477 0.029924709349870682 100 111 94
-17.300416946411133 1.1745326519012451 -0.30933529138565063 67 78 64
-16.360734939575195 0.5149785280227661 -0.4492175579071045 73 77 62
-22.22281265258789 3.1508545875549316 -0.7908592224121094 83 93 66
-18.506065368652344 1.9391471147537231 -0.8325904011726379 77 97 62
-16.334671020507812 1.1172738075256348 -0.889873743057251 52 70 44
-14.804101943969727 0.47322314977645874 -0.9484823346138 61 82 41
-14.872406005859375 2.1171534061431885 -1.078396201133728 64 93 39
-13.396016120910645 1.4122036695480347 -1.098935604095459 63 97 36
-12.259300231933594 0.8428223133087158 -1.1181010007858276 68 106 45
-11.386323928833008 0.3661598265171051 -1.1489428281784058 58 97 32
-11.122832298278809 1.5881386995315552 -1.2229620218276978 61 72 42
-10.426103591918945 1.1053725481033325 -1.2433388233184814 101 121 72
-9.83870792388916 0.6810659766197205 -1.264608383178711 62 78 51
-9.093766212463379 0.29720255732536316 -1.2567116022109985 74 95 64
-8.218759536743164 1.179491400718689 -1.2123074531555176 102 123 80
-7.875061988830566 0.8381087779998779 -1.2333695888519287 76 100 50
-7.4994587898254395 0.5221608281135559 -1.244937539100647 75 81 69
-7.259600639343262 0.23776571452617645 -1.2776129245758057 97 117 92
-6.641211986541748 0.9613766074180603 -1.2342588901519775 89 112 40
-6.3256731033325195 0.6766754984855652 -1.232223391532898 91 119 71
-6.057232856750488 0.4246120750904083 -1.2379207611083984 71 100 44
-5.934097766876221 0.19497506320476532 -1.2718714475631714 74 106 30
-5.505889415740967 0.8002661466598511 -1.2388529777526855 77 109 59
-5.316377639770508 0.5728379487991333 -1.2442224025726318 94 129 75
-21.882606506347656 3.1200673580169678 4.116674423217773 66 108 150
-21.716032028198242 3.1009573936462402 3.2584450244903564 135 167 180
-15.563678741455078 0.5053297281265259 1.8551805019378662 111 159 199
-30.437238693237305 4.35931921005249 3.4250144958496094 100 118 104
-21.4151611328125 2.2745041847229004 2.1833302974700928 101 127 118
-15.569864273071289 0.5161400437355042 1.2810527086257935 97 130 147
-22.076129913330078 3.1673195362091064 1.6616439819335938 75 85 77
-25.49980926513672 2.7164363861083984 1.663722276687622 86 99 81
-22.129180908203125 1.5480659008026123 1.2239255905151367 78 98 73
-16.076133728027344 0.5413497090339661 0.7343652844429016 104 127 99
-22.196331024169922 3.1936590671539307 0.8497193455696106 81 95 80
-32.9727897644043 3.5259029865264893 0.9366902709007263 91 99 86
-16.950044631958008 1.193781852722168 0.3176601529121399 84 102 76
-17.961729049682617 0.6152026057243347 0.16311554610729218 103 126 106
-21.954769134521484 3.1737663745880127 0.02942463755607605 85 96 79
-19.25444793701172 2.0694870948791504 -0.15953442454338074 79 90 74
-16.748201370239258 1.1886730194091797 -0.29952532052993774 79 91 79
-17.870607376098633 0.6173901557922363 -0.4907239079475403 65 76 59
-19.028305053710938 2.757499933242798 -0.6774718165397644 87 97 73
-18.41162872314453 1.9863766431808472 -0.8286120295524597 74 99 44
-16.300291061401367 1.1651755571365356 -0.8881913423538208 58 70 46
-14.772659301757812 0.5175909399986267 -0.9465651512145996 75 86 54
-15.01784610748291 2.1848859786987305 -1.0894229412078857 63 100 22
-13.418375015258789 1.456198811531067 -1.1011310815811157 64 99 15
-12.334136009216309 0.8859949111938477 -1.125169038772583 54 86 19
-11.414977073669434 0.4021417498588562 -1.1519532203674316 49 79 25
-11.108070373535156 1.620820164680481 -1.2218799591064453 81 94 68
-10.391074180603027 1.1339069604873657 -1.2395704984664917 64 85 26
-9.842507362365723 0.7116766571998596 -1.2653714418411255 55 74 42
-9.098751068115234 0.3253127932548523 -1.2575324773788452 91 107 68
-8.192583084106445 1.201398491859436 -1.208984375 100 111 81
-7.856738567352295 0.8605439066886902 -1.2309074401855469 76 103 58
-7.560795783996582 0.5497452616691589 -1.2553937435150146 74 82 71
-7.274585247039795 0.26060086488723755 -1.2803846597671509 89 97 84
-6.633366584777832 0.9810276031494141 -1.2333544492721558 107 147 94
-6.296243190765381 0.6930714249610901 -1.2268989086151123 83 109 62
-6.011926174163818 0.4399751126766205 -1.2289315462112427 115 144 90
-5.975490570068359 0.21468935906887054 -1.2808783054351807 81 108 53
-5.50051212310791 0.8167241811752319 -1.2382010221481323 83 119 58
-5.290393829345703 0.5864628553390503 -1.2385565042495728 66 98 57
-21.178335189819336 3.085975408554077 3.985945701599121 84 145 200
-21.73969268798828 3.1724226474761963 3.2634403705596924 151 181 189
-24.67430305480957 2.6845993995666504 3.4387500286102295 151 184 193
-28.331050872802734 2.037970542907715 3.659330129623413 101 149 187
-14.994429588317871 0.5329025983810425 1.7875127792358398 108 164 201
-21.5346736907959 2.354032516479492 2.1962409019470215 127 145 147
-17.612258911132812 1.277429223060608 1.6235229969024658 125 142 149
-13.92184829711914 0.5042715072631836 1.1455796957015991 93 121 125
-23.8009090423584 3.4893343448638916 1.792263388633728 99 113 90
-25.681812286376953 2.8155360221862793 1.6761525869369507 85 98 89
-22.056610107421875 1.6110038757324219 1.2201794385910034 78 89 72
-22.211143493652344 3.2653748989105225 0.8506659865379333 70 93 51
-16.953283309936523 1.2462913990020752 0.3177909851074219 75 88 68
-17.098390579223633 0.6381570100784302 0.15529237687587738 102 111 92
-29.771026611328125 4.396965980529785 0.03991818428039551 82 96 73
-16.786354064941406 1.2431515455245972 -0.30027446150779724 60 66 64
-15.010726928710938 0.5646999478340149 -0.4122377038002014 70 79 62
-22.045873641967773 3.2638802528381348 -0.7852602601051331 112 126 103
-18.4322566986084 2.0458290576934814 -0.8298189640045166 78 100 61
-16.741744995117188 1.2483686208724976 -0.9124503135681152 65 81 54
-14.796930313110352 0.5638984441757202 -0.9482266902923584 73 94 53
-14.959769248962402 2.22332501411438 -1.0856996774673462 68 97 39
-13.502001762390137 1.507199764251709 -1.1083678007125854 62 93 23
-12.271773338317871 0.919367253780365 -1.1197320222854614 47 86 31
-11.572765350341797 0.4432533383369446 -1.1680082082748413 54 91 39
-11.112878799438477 1.6563571691513062 -1.2229620218276978 55 68 50
-10.378664016723633 1.1647841930389404 -1.2385104894638062 74 99 41
-9.831377029418945 0.7411985993385315 -1.2642267942428589 65 82 63
-9.115528106689453 0.3539176285266876 -1.2599953413009644 85 93 72
-8.182988166809082 1.2256479263305664 -1.2081174850463867 107 130 86
-7.851115703582764 0.8843121528625488 -1.2304457426071167 79 110 53
-7.563992023468018 0.5733116269111633 -1.2562105655670166 105 125 90
-7.277688026428223 0.2830708920955658 -1.2810777425765991 59 61 58
-6.627408027648926 1.000933289527893 -1.2328118085861206 61 87 22
-6.282381057739258 0.7110598683357239 -1.2246171236038208 87 118 77
-5.98221492767334 0.4562564194202423 -1.2231383323669434 100 129 75
-5.979689121246338 0.2332114279270172 -1.2819256782531738 89 108 63
-5.493155002593994 0.8328640460968018 -1.2371143102645874 70 112 49
-5.268247604370117 0.6003748774528503 -1.2337971925735474 102 132 72
-14.346646308898926 0.5316386818885803 2.789579391479492 70 121 176
-21.83290672302246 3.249790906906128 4.110998630523682 82 143 190
-22.724346160888672 2.5289533138275146 4.023834228515625 85 144 200
-21.685832977294922 3.232541799545288 3.256828546524048 151 179 193
-23.9227352142334 2.6771154403686523 3.3351361751556396 143 168 173
-15.236907005310059 1.1430529356002808 1.9684919118881226 107 159 198
-15.065157890319824 0.5816991925239563 1.7961487770080566 107 153 187
-30.706764221191406 4.590372085571289 3.4584474563598633 123 151 155
-21.652912139892578 2.434204339981079 2.2090508937835693 113 133 122
-18.007429122924805 1.3616403341293335 1.660327434539795 111 132 123
-21.449989318847656 0.8428544402122498 1.7652482986450195 95 105 104
-24.572179794311523 3.679448366165161 1.851183295249939 87 101 76
-21.901920318603516 2.469165802001953 1.4299414157867432 89 101 91
-22.01373291015625 1.6757851839065552 1.2180861234664917 90 104 89
-26.960533142089844 1.0735238790512085 1.2318474054336548 81 92 78
-27.055086135864258 4.062344551086426 1.0366568565368652 65 80 57
-26.960298538208008 2.0651190280914307 0.5054898858070374 58 65 58
-17.097352981567383 0.6906515955924988 0.15530146658420563 69 71 60
-27.409950256347656 4.134218215942383 0.03676919266581535 83 97 84
-22.266794204711914 2.531555652618408 -0.18461871147155762 55 66 52
-17.255979537963867 1.3311740159988403 -0.30874669551849365 82 88 74
-16.300369262695312 0.6633015871047974 -0.44770878553390503 65 72 56
-22.265995025634766 3.366309404373169 -0.7934650182723999 96 111 72
-18.268075942993164 2.084362030029297 -0.8227115273475647 72 96 48
-16.525787353515625 1.283259630203247 -0.900890588760376 57 75 35
-14.65054988861084 0.6033380627632141 -0.9389604330062866 92 109 75
-14.9341402053833 2.266366958618164 -1.0843391418457031 50 85 17
-13.567617416381836 1.5566825866699219 -1.1141409873962402 55 88 19
-12.524062156677246 0.9769160747528076 -1.1430201530456543 50 82 33
-11.653861045837402 0.4821698069572449 -1.1763368844985962 56 90 30
-11.13428020477295 1.694481611251831 -1.2258836030960083 66 82 53
-10.369122505187988 1.1959373950958252 -1.2378039360046387 91 108 66
-9.799391746520996 0.7690293192863464 -1.260411262512207 66 81 58
-9.129244804382324 0.38250401616096497 -1.2620476484298706 62 63 68
-8.171363830566406 1.2495505809783936 -1.2069616317749023 73 94 61
-7.848365783691406 0.9083948731422424 -1.2304457426071167 82 113 54
-7.545477867126465 0.5951960682868958 -1.253433108329773 90 112 66
-7.293513298034668 0.3060992360115051 -1.2840226888656616 57 65 54
-6.620418071746826 1.02066171169281 -1.2320880889892578 75 91 62
-6.263591766357422 0.7284026741981506 -1.2213842868804932 87 118 59
-5.887016773223877 0.46716630458831787 -1.2039613723754883 107 124 79
-5.974060535430908 0.2513502240180969 -1.2808783054351807 86 106 71
-5.495397567749023 0.8504593372344971 -1.2382010221481323 74 104 68
-5.242196559906006 0.6137035489082336 -1.2281312942504883 108 135 102
-22.301025390625 3.3894362449645996 4.201080799102783 93 142 198
-21.743288040161133 3.3093273639678955 3.2669665813446045 144 176 175
-23.930152893066406 2.752307653427124 3.337331771850586 143 171 175
-15.414511680603027 0.6425558924674988 1.8380268812179565 110 160 195
-21.78173065185547 2.5163798332214355 2.2229702472686768 107 128 131
-18.032949447631836 1.4192239046096802 1.6630741357803345 100 122 119
-14.27596378326416 0.6048299074172974 1.175001859664917 87 102 95
-24.49275779724121 3.7444186210632324 1.846056580543518 102 120 108
-22.0211238861084 2.551046848297119 1.4382282495498657 94 111 92
-21.994550704956055 1.7422105073928833 1.2173148393630981 78 92 75
-15.596400260925293 0.6689539551734924 0.7127019166946411 116 133 117
-34.44618606567383 4.004447937011719 0.9795520305633545 78 91 73
-18.25294303894043 1.454489827156067 0.34231409430503845 90 103 86
-29.26611328125 4.506054401397705 0.03927750885486603 67 73 71
-22.125831604003906 2.5843119621276855 -0.18351483345031738 67 78 61
-16.68472671508789 1.338611125946045 -0.2985978424549103 87 99 79
-16.451053619384766 0.7199945449829102 -0.4519060552120209 57 65 50
-22.29507064819336 3.440701961517334 -0.7948735356330872 73 86 60
-18.25564193725586 2.139699935913086 -0.8224433064460754 77 104 51
-17.117950439453125 1.3820888996124268 -0.9333987236022949 60 85 45
-15.087300300598145 0.6676960587501526 -0.9670787453651428 67 91 59
-14.915288925170898 2.3103415966033936 -1.0834800004959106 56 90 16
-13.581584930419922 1.600516438484192 -1.1156859397888184 66 100 39
-12.546814918518066 1.0174275636672974 -1.1453760862350464 62 100 41
-11.564857482910156 0.5140332579612732 -1.1675065755844116 60 101 9
-10.939435958862305 1.6991842985153198 -1.204999566078186 88 108 80
-10.38907241821289 1.2305470705032349 -1.2406302690505981 74 88 53
-9.80291748046875 0.7995736002922058 -1.2611743211746216 60 78 56
-9.14188289642334 0.41113343834877014 -1.263963222503662 53 61 50
-8.167491912841797 1.2746140956878662 -1.2069616317749023 84 102 64
-7.844560623168945 0.9323524236679077 -1.2302919626235962 86 112 64
-7.5052690505981445 0.6151992082595825 -1.2470613718032837 81 102 61
-7.304346561431885 0.32900577783584595 -1.2861014604568481 81 84 75
-6.619198322296143 1.0412737131118774 -1.2324498891830444 80 104 52
-6.265227317810059 0.7480812668800354 -1.2221449613571167 83 110 75
-6.096486568450928 0.5026150941848755 -1.2471097707748413 107 129 82
-5.9078145027160645 0.2667224705219269 -1.2668441534042358 93 105 69
-5.487941265106201 0.8665537238121033 -1.2371143102645874 65 90 50
-5.228684425354004 0.6283888816833496 -1.2254117727279663 94 124 72
-22.48093032836914 3.4873762130737305 4.236967086791992 83 136 188
-21.721460342407227 2.5523698329925537 3.8489527702331543 86 146 200
-21.94708824157715 3.409270763397217 3.2991440296173096 127 152 149
-23.375642776489258 2.761221170425415 3.261165142059326 115 135 134
-21.515798568725586 1.7469122409820557 2.7810091972351074 114 158 193
-15.49777889251709 0.6936623454093933 1.848200798034668 93 133 169
-22.575153350830078 2.678250789642334 2.304771900177002 104 132 120
-22.478816986083984 1.8385294675827026 2.073601007461548 79 95 92
-24.377696990966797 3.8034024238586426 1.8382550477981567 109 132 124
-22.692962646484375 2.6994571685791016 1.4826407432556152 100 117 99
-21.97915267944336 1.8088618516921997 1.216763973236084 80 90 91
-25.77989959716797 1.184988021850586 1.178213357925415 95 112 96
-29.3823299407959 4.596306800842285 1.1268881559371948 55 64 45
-18.407821655273438 1.5236784219741821 0.3453047275543213 66 78 66
-26.936731338500977 1.2537100315093994 0.24474138021469116 68 81 64
-29.249187469482422 4.5953545570373535 0.03927353024482727 68 81 61
-22.1545352935791 2.656586170196533 -0.18381963670253754 81 91 80
-17.266416549682617 1.4386069774627686 -0.30908557772636414 72 83 67
-16.409822463989258 0.7686381340026855 -0.4508361220359802 77 86 69
-22.328834533691406 3.5160815715789795 -0.7964581847190857 91 100 69
-18.38388442993164 2.211927652359009 -0.8285226821899414 70 97 30
-17.104673385620117 1.4338487386703491 -0.9329102039337158 43 71 20
-15.07421588897705 0.71346116065979 -0.9663757681846619 64 88 40
-14.937686920166016 2.3607611656188965 -1.0856280326843262 65 98 27
-13.649832725524902 1.6510331630706787 -1.121703028678894 64 95 38
-12.24889850616455 1.0311051607131958 -1.118463397026062 69 102 49
-11.54036808013916 0.548425018787384 -1.1651986837387085 50 85 29
-10.541420936584473 1.6704987287521362 -1.1617164611816406 85 101 65
-10.394120216369629 1.2634930610656738 -1.2416901588439941 84 100 64
-9.778674125671387 0.8278040289878845 -1.2583762407302856 81 94 68
-9.15146255493164 0.4397013187408447 -1.2654682397842407 60 73 56
-8.168428421020508 1.300443410873413 -1.20768404006958 81 105 69
-7.828912734985352 0.9548596739768982 -1.2282915115356445 80 97 65
-7.429620265960693 0.6319511532783508 -1.234808087348938 76 100 64
-7.305270195007324 0.35150831937789917 -1.2864478826522827 60 62 59
-6.612088680267334 1.0609530210494995 -1.2317264080047607 64 78 63
-6.277519702911377 0.7690899968147278 -1.2249974012374878 81 114 69
-6.107607841491699 0.5224020481109619 -1.249706745147705 116 155 100
-5.861064434051514 0.2826325297355652 -1.2569993734359741 76 81 59
-5.508385181427002 0.8871111273765564 -1.2423304319381714 108 136 87
-5.223832607269287 0.6440697908401489 -1.2247319221496582 61 97 36
-22.324474334716797 3.533278226852417 4.209503173828125 77 133 190
-21.71352767944336 2.6189982891082764 3.8489527702331543 85 140 197
-22.037151336669922 3.49253511428833 3.3142778873443604 151 181 179
-21.517255783081055 1.8134965896606445 2.7819035053253174 112 155 187
-21.147104263305664 1.0115370750427246 2.5222740173339844 99 129 153
-30.539541244506836 4.853141784667969 3.4444985389709473 127 148 149
-24.015649795532227 2.9238908290863037 2.4527413845062256 81 87 87
-18.13503074645996 1.5392777919769287 1.6733280420303345 112 129 123
-17.814844131469727 0.8642982244491577 1.4666827917099 110 130 119
-23.970993041992188 3.815317153930664 1.8084608316421509 96 110 93
-22.517169952392578 2.7486307621002197 1.4716994762420654 99 118 116
-22.324684143066406 1.9062715768814087 1.236210584640503 112 125 118
-28.158796310424805 1.3809205293655396 1.2871230840682983 66 77 61
-26.810890197753906 3.2836809158325195 0.7629843950271606 82 98 69
-18.40903663635254 1.5806589126586914 0.3454168736934662 65 77 57
-26.888813018798828 1.3341645002365112 0.24434204399585724 69 80 63
-29.449216842651367 4.719405174255371 0.03956136852502823 93 104 87
-22.23858070373535 2.735898017883301 -0.18458576500415802 86 96 85
-22.677875518798828 1.959555983543396 -0.40606164932250977 85 94 77
-16.713891983032227 0.834278404712677 -0.459258109331131 75 82 64
-22.295246124267578 3.580923557281494 -0.7956482172012329 107 115 94
-18.292736053466797 2.257915735244751 -0.8247230648994446 73 91 53
-17.074331283569336 1.4840704202651978 -0.9314992427825928 58 80 44
-14.341382026672363 0.7228801250457764 -0.9195332527160645 63 88 30
-15.220867156982422 2.453401803970337 -1.1067506074905396 67 100 31
-13.734710693359375 1.7040698528289795 -1.1291024684906006 70 105 37
-12.407392501831055 1.0827922821044922 -1.133233666419983 62 95 38
-11.565461158752441 0.5851853489875793 -1.167907953262329 83 116 71
-10.525450706481934 1.7010868787765503 -1.160526156425476 82 108 61
-10.39610767364502 1.2961128950119019 -1.2423967123031616 82 95 77
-9.764232635498047 0.8567603826522827 -1.2568501234054565 70 81 65
-9.1609525680542 0.46833187341690063 -1.2669732570648193 48 66 42
-8.166354179382324 1.3258148431777954 -1.2079730033874512 75 101 64
-7.820063591003418 0.9781381487846375 -1.2273681163787842 77 104 49
-7.421750068664551 0.6542221307754517 -1.233827829360962 67 90 48
-7.289403438568115 0.3731636106967926 -1.2838494777679443 47 43 44
-6.626273155212402 1.0840919017791748 -1.2349824905395508 56 71 42
-6.250777721405029 0.7852861285209656 -1.2202433347702026 72 107 51
-6.103047847747803 0.5408779382705688 -1.2491073608398438 72 100 59
-5.852357864379883 0.30021196603775024 -1.2553236484527588 81 105 73
-5.500822067260742 0.9032157063484192 -1.241243839263916 93 120 79
-5.224730491638184 0.6604596376419067 -1.2254117727279663 75 116 60
-20.849966049194336 3.3655102252960205 3.9333982467651367 81 137 194
-21.942901611328125 2.714989423751831 3.8910698890686035 90 147 200
-21.549135208129883 1.8827825784683228 2.7867588996887207 114 162 198
-30.49213218688965 4.941566467285156 3.440845251083374 141 165 167
-23.820966720581055 2.9743812084198 2.433778762817383 87 102 81
-29.73031234741211 2.6153628826141357 2.743957757949829 99 120 125
-17.937519073486328 0.9254193902015686 1.4770094156265259 93 101 90
-24.246606826782227 3.9354944229125977 1.8301564455032349 46 59 41
-22.731420516967773 2.8455891609191895 1.4862662553787231 86 106 78
-22.876699447631836 2.024122714996338 1.267115831375122 91 107 97
-27.60274887084961 1.4385526180267334 1.2619023323059082 78 92 75
-29.349628448486328 4.775864601135254 1.1267367601394653 92 108 82
-22.21257781982422 2.7896955013275146 0.6323661804199219 89 104 83
-34.49673080444336 3.06864333152771 0.6474509835243225 85 100 81
-27.036376953125 1.424649953842163 0.24572153389453888 71 86 67
-29.323078155517578 4.79150915145874 0.039411481469869614 82 95 78
-22.380884170532227 2.823134183883667 -0.18583792448043823 85 93 80
-19.356536865234375 1.7324094772338867 -0.3466845452785492 81 89 78
-16.732215881347656 0.8866627812385559 -0.4598342180252075 77 86 69
-21.615482330322266 3.539804220199585 -0.7717735171318054 94 109 80
-18.245086669921875 2.3088841438293457 -0.8228903412818909 93 110 68
-17.052791595458984 1.5349249839782715 -0.9305766224861145 50 77 36
-15.238965034484863 0.8150016665458679 -0.9772396683692932 90 111 72
-15.334328651428223 2.519981861114502 -1.1155575513839722 78 107 41
-13.728428840637207 1.7460734844207764 -1.129021167755127 64 99 33
-12.37822437286377 1.1185222864151 -1.1308777332305908 66 100 49
-11.563611030578613 0.6206648945808411 -1.167907953262329 70 96 61
-10.550590515136719 1.7383806705474854 -1.163880705833435 65 80 49
-10.39602279663086 1.3285051584243774 -1.2428678274154663 101 116 83
-9.646971702575684 0.8763039112091064 -1.2420965433120728 75 93 67
-9.150569915771484 0.4959525763988495 -1.2657419443130493 62 80 64
-8.156391143798828 1.34989333152771 -1.2071062326431274 86 114 66
-7.803305149078369 1.0003662109375 -1.2252137660980225 102 120 80
-7.511078834533691 0.6853255033493042 -1.2490220069885254 92 108 72
-7.2695393562316895 0.3945114016532898 -1.2805579900741577 87 93 83
-6.637467861175537 1.1068425178527832 -1.2376959323883057 67 91 55
-6.229838848114014 0.80207759141922 -1.2166303396224976 101 144 73
-6.0876994132995605 0.5583463907241821 -1.2463107109069824 103 135 88
-5.840668678283691 0.31758132576942444 -1.2530195713043213 84 107 65
-5.510540008544922 0.9221821427345276 -1.244069218635559 81 96 55
-5.231373310089111 0.6776118278503418 -1.2274514436721802 68 109 43
-20.672693252563477 3.402003526687622 3.9019060134887695 82 138 189
-21.705842971801758 2.753296136856079 3.850512742996216 85 138 192
-21.67843246459961 1.9458565711975098 3.6165409088134766 136 173 199
-21.61515235900879 3.5617494583129883 3.2540369033813477 126 148 159
-21.591659545898438 1.9532639980316162 2.793020009994507 119 158 187
-21.603729248046875 3.569162607192993 2.4390690326690674 128 153 158
-21.73835563659668 2.7820963859558105 2.221860885620117 72 86 69
-27.258773803710938 2.4822418689727783 2.516538381576538 100 114 114
-17.876874923706055 0.9772911667823792 1.4722559452056885 102 117 96
-30.176925659179688 4.993119716644287 2.27892804145813 97 113 113
-22.722583770751953 2.9153146743774414 1.4862662553787231 90 110 85
-22.87236976623535 2.09447979927063 1.267225980758667 87 104 94
-27.568283081054688 1.521578311920166 1.2605341672897339 89 103 80
-22.299091339111328 3.698838233947754 0.8564971089363098 103 115 103
-27.67458724975586 3.561950922012329 0.7881706357002258 96 111 90
-32.69106674194336 3.0091373920440674 0.6137317419052124 105 117 103
-22.3612060546875 2.890374183654785 -0.18574729561805725 84 99 80
-19.493501663208008 1.8049688339233398 -0.3492351472377777 67 78 64
-17.098697662353516 0.9586972594261169 -0.4699844419956207 61 72 55
-21.471446990966797 3.583890914916992 -0.7670196890830994 95 105 80
-18.619338989257812 2.4143059253692627 -0.8400999903678894 69 87 39
-17.029109954833984 1.5854761600494385 -0.9295454621315002 48 72 38
-15.260306358337402 0.8631027936935425 -0.9787734150886536 95 108 78
-15.39341926574707 2.578218936920166 -1.1204265356063843 72 108 36
-13.720043182373047 1.787797212600708 -1.128777265548706 70 105 41
-12.437202453613281 1.1623308658599854 -1.1365864276885986 71 101 47
-11.546751976013184 0.6552929878234863 -1.166402816772461 46 72 35
-10.58736515045166 1.777820348739624 -1.1685335636138916 72 89 57
-10.397805213928223 1.3611667156219482 -1.2435742616653442 90 108 70
-9.753853797912598 0.9161926507949829 -1.2562141418457031 80 89 70
-9.149994850158691 0.5240804553031921 -1.2658787965774536 58 69 53
-8.153186798095703 1.375074863433838 -1.2072505950927734 91 118 65
-7.783544540405273 1.022114634513855 -1.2225977182388306 103 125 86
-7.4794745445251465 0.7055861949920654 -1.2441205978393555 84 96 74
-7.236830234527588 0.4150077998638153 -1.2750144004821777 65 62 71
-6.634040832519531 1.127200722694397 -1.2376959323883057 94 108 85
-6.222481727600098 0.820544958114624 -1.2156795263290405 71 103 54
-6.058644771575928 0.5744309425354004 -1.2407174110412598 99 129 77
-5.8279523849487305 0.334825724363327 -1.2505059242248535 99 123 75
-5.511533737182617 0.9397401213645935 -1.244938611984253 61 76 57
-5.262097358703613 0.6980128288269043 -1.2351570129394531 54 92 31
-20.815349578857422 3.491103172302246 3.9308347702026367 89 142 196
-22.175853729248047 2.8820714950561523 3.9354403018951416 93 136 179
-22.037757873535156 2.0462841987609863 3.677515745162964 127 163 189
-21.833364486694336 3.666543960571289 3.2885653972625732 130 161 166
-21.929210662841797 2.051647901535034 2.8374853134155273 111 159 195
-21.56719398498535 3.6311347484588623 2.436190605163574 117 138 139
-24.182056427001953 3.1702780723571777 2.472611904144287 124 145 146
-21.55733299255371 2.0297608375549316 1.9907450675964355 97 105 94
-17.808124542236328 1.0283399820327759 1.4668468236923218 92 109 99
-22.645265579223633 2.976041078567505 1.4817991256713867 95 117 115
-22.961265563964844 2.173675298690796 1.2725145816802979 99 120 105
-17.930875778198242 1.0448485612869263 0.8200153708457947 84 100 87
-22.309314727783203 3.770897388458252 0.8573300838470459 105 119 104
-27.417753219604492 3.61443829536438 0.7811681628227234 66 79 61
-28.04443359375 2.6682186126708984 0.5266485810279846 87 99 79
-17.04880142211914 1.0033023357391357 0.15500196814537048 47 59 45
-29.189607620239258 4.9537739753723145 0.03927220404148102 89 100 83
-22.360164642333984 2.9600138664245605 -0.18581320345401764 53 59 55
-28.322107315063477 2.7101004123687744 -0.5075502991676331 67 75 64
-17.244359970092773 1.0199450254440308 -0.4740719795227051 47 57 46
-24.333290100097656 4.138346195220947 -0.869702160358429 85 94 75
-18.66730308532715 2.4787819385528564 -0.8426032066345215 80 90 66
-16.98739242553711 1.6341755390167236 -0.9275375008583069 54 68 42
-15.330307960510254 0.9142535924911499 -0.9834384918212891 56 85 37
-15.361839294433594 2.6214065551757812 -1.1187080144882202 69 101 51
-13.717456817626953 1.8302767276763916 -1.129021167755127 74 98 46
-12.56938362121582 1.2135944366455078 -1.1490007638931274 71 103 40
-11.508933067321777 0.6885756850242615 -1.162790298461914 60 88 39
-10.600479125976562 1.8134785890579224 -1.170589566230774 69 90 51
-10.397517204284668 1.3935880661010742 -1.244045376777649 103 129 82
-9.695711135864258 0.9407484531402588 -1.249091625213623 79 94 61
-9.127579689025879 0.5508965253829956 -1.2630054950714111 48 60 48
-8.176236152648926 1.4047737121582031 -1.2112960815429688 93 119 72
-7.776455402374268 1.0454628467559814 -1.2219822406768799 109 134 92
-7.469419479370117 0.7277642488479614 -1.2428135871887207 73 96 54
-7.259117126464844 0.43863382935523987 -1.2791720628738403 55 60 56
-6.615045547485352 1.144864797592163 -1.2348015308380127 106 119 93
-6.225772857666016 0.8404194116592407 -1.216820478439331 57 91 41
-6.064655303955078 0.5937796831130981 -1.2423155307769775 75 104 46
-5.792737007141113 0.3506363034248352 -1.24317467212677 92 122 70
-5.504777908325195 0.9559768438339233 -1.244069218635559 92 113 72
-5.271512508392334 0.7157258987426758 -1.2378766536712646 61 87 58
-20.83458137512207 3.5600805282592773 3.9365108013153076 107 146 187
-22.204980850219727 2.9551594257354736 3.94219970703125 89 138 181
-21.904701232910156 2.101731300354004 3.6563713550567627 136 173 200
-21.600690841674805 3.6956448554992676 3.2552123069763184 125 148 156
-24.297611236572266 3.248764991760254 3.39634370803833 138 164 165
-21.890235900878906 2.115767478942871 2.833268880844116 97 133 165
-21.332326889038086 1.2829502820968628 2.5460524559020996 113 155 180
-21.557912826538086 3.6976211071014404 2.4364120960235596 114 141 136
-24.222503662109375 3.2512025833129883 2.4777560234069824 106 122 112
-21.70066261291504 2.110442876815796 2.0045695304870605 107 121 122
-21.893295288085938 2.945572853088379 1.433178424835205 95 112 94
-22.86107635498047 2.2349770069122314 1.267336130142212 108 124 114
-18.330408096313477 1.1245678663253784 0.8384405970573425 69 81 59
-22.211963653564453 3.824571371078491 0.8540358543395996 102 117 110
-27.746318817138672 3.744391918182373 0.7908530235290527 88 102 87
-28.40228843688965 2.790217638015747 0.5335269570350647 84 98 75
-27.021121978759766 1.6733640432357788 0.24571247398853302 39 47 34
-27.067520141601562 4.679112434387207 0.03643625229597092 65 78 58
-22.33512306213379 3.026451587677002 -0.18568138778209686 75 87 65
-18.682079315185547 1.8455184698104858 -0.33489474654197693 67 78 62
-16.492877960205078 1.0262833833694458 -0.45349714159965515 56 68 54
-24.463260650634766 4.2377142906188965 -0.8748080730438232 82 93 76
-18.64872169494629 2.5345609188079834 -0.8421115279197693 73 89 53
-16.988258361816406 1.6868762969970703 -0.9278630614280701 59 73 40
-15.103330612182617 0.9472272396087646 -0.9690598249435425 65 90 35
-15.342915534973145 2.666644811630249 -1.1179205179214478 64 105 26
-13.806580543518066 1.8852981328964233 -1.1368271112442017 67 101 27
-12.413981437683105 1.2370423078536987 -1.135136604309082 69 104 50
-11.616988182067871 0.7308153510093689 -1.1739286184310913 45 76 34
-10.629143714904785 1.8519642353057861 -1.1743768453598022 84 105 66
-10.39122486114502 1.42521071434021 -1.2438098192214966 88 117 73
-9.699687004089355 0.9711818099021912 -1.2499819993972778 76 96 61
-9.118925094604492 0.5784579515457153 -1.2620476484298706 50 57 50
-8.225496292114258 1.439231276512146 -1.2192422151565552 70 95 53
-7.765380382537842 1.0682384967803955 -1.2207512855529785 109 125 96
-7.466169834136963 0.750577986240387 -1.2426502704620361 77 98 57
-7.245942115783691 0.46015337109565735 -1.2770931720733643 82 93 76
-6.599879264831543 1.163105845451355 -1.2326308488845825 88 100 60
-6.247478008270264 0.8628738522529602 -1.2215745449066162 55 84 40
-6.06572961807251 0.6126784086227417 -1.2429147958755493 94 117 71
-5.785778999328613 0.3680340647697449 -1.2419178485870361 96 127 70
-5.501819133758545 0.9728607535362244 -1.244069218635559 120 142 106
-5.282797813415527 0.7337712645530701 -1.2410495281219482 76 112 66
-20.82356071472168 3.623983383178711 3.9365108013153076 98 145 191
-22.188003540039062 3.0222063064575195 3.9408133029937744 81 119 158
-21.63558006286621 1.3537911176681519 3.387690782546997 153 186 203
-22.288917541503906 3.8838131427764893 3.3607075214385986 157 192 194
-21.590530395507812 2.153677463531494 2.7953197956085205 98 127 141
-29.567461013793945 1.8692775964736938 3.5295987129211426 123 153 164
-21.96647071838379 3.837108612060547 2.4839048385620117 101 120 116
-21.2170352935791 2.9140944480895996 2.1712262630462646 102 116 99
-22.67302131652832 2.2752461433410645 2.095024824142456 79 91 91
-22.52785301208496 1.4396244287490845 1.8563013076782227 118 135 127
-29.175861358642578 5.103793621063232 2.206782817840576 81 96 73
-21.886133193969727 3.0129990577697754 1.4333080053329468 49 57 42
-22.887889862060547 2.3085100650787354 1.2692092657089233 90 111 106
-34.28313446044922 2.2088606357574463 1.5684276819229126 77 91 68
-22.275915145874023 3.9059882164001465 0.8569514751434326 111 132 117
-28.206039428710938 3.8945794105529785 0.8042932152748108 90 102 92
-28.50898551940918 2.8890349864959717 0.5356951951980591 95 111 84
-22.674203872680664 1.474012017250061 0.20622459053993225 92 103 86
-22.31879997253418 3.0939993858337402 -0.18562372028827667 66 79 59
-18.672351837158203 1.902420163154602 -0.3348233997821808 72 78 68
-16.559478759765625 1.0814380645751953 -0.4554175138473511 47 56 39
-21.59797477722168 3.8096537590026855 -0.7727594971656799 85 97 75
-18.62601661682129 2.5896990299224854 -0.8414410352706909 77 97 46
-16.983997344970703 1.7390894889831543 -0.9279173612594604 54 76 37
-15.255699157714844 1.0037803649902344 -0.9790290594100952 58 86 37
-15.330733299255371 2.7130086421966553 -1.1176340579986572 72 108 47
-13.821460723876953 1.9305425882339478 -1.138534665107727 58 92 16
-12.766769409179688 1.311766505241394 -1.1677581071853638 68 98 60
-11.539238929748535 0.7614731788635254 -1.1663024425506592 63 97 47
-10.63417911529541 1.8864753246307373 -1.1755670309066772 77 94 58
-10.353368759155273 1.4523934125900269 -1.2398059368133545 103 130 85
-9.722314834594727 1.0035834312438965 -1.253288745880127 81 100 72
-9.126992225646973 0.6070891618728638 -1.2634159326553345 55 66 58
-8.241498947143555 1.4681042432785034 -1.222276210784912 69 104 48
-7.776742935180664 1.0941221714019775 -1.2230594158172607 77 96 66
-7.463832378387451 0.7734803557395935 -1.2426502704620361 92 114 76
-7.245479106903076 0.4824468791484833 -1.277266502380371 89 105 79
-6.623385429382324 1.1882110834121704 -1.2376959323883057 109 137 97
-6.288546562194824 0.8882154822349548 -1.2301316261291504 56 84 43
-6.055050373077393 0.6303718090057373 -1.2411168813705444 99 146 78
-5.781695365905762 0.3855876326560974 -1.241289496421814 68 96 35
-5.508415222167969 0.9914645552635193 -1.246242642402649 96 122 87
-5.2776288986206055 0.7495642900466919 -1.2403695583343506 89 132 78
-21.2779598236084 3.7703568935394287 4.02457857131958 81 142 197
-21.625551223754883 3.0132009983062744 3.8425400257110596 96 147 190
-21.544567108154297 1.4144657850265503 3.374103307723999 148 180 193
-21.195823669433594 3.7603816986083984 3.1976161003112793 132 165 148
-15.566499710083008 1.0320837497711182 1.8586111068725586 97 149 188
-21.963401794433594 3.9060490131378174 2.484901189804077 115 130 133
-27.54201889038086 3.8689401149749756 2.8196895122528076 111 141 131
-21.51099395751953 2.2253165245056152 1.988273024559021 107 118 122
-17.73028564453125 1.1876684427261353 1.4612737894058228 116 141 146
-21.890913009643555 3.8986754417419434 1.6566660404205322 149 180 183
-21.98943519592285 3.0959908962249756 1.4406883716583252 54 72 50
-22.930355072021484 2.383880615234375 1.2719637155532837 117 140 130
-27.146865844726562 1.832719326019287 1.2422001361846924 67 81 66
-22.260875701904297 3.9737846851348877 0.8568378686904907 70 82 58
-30.07652473449707 4.246921539306641 0.857997477054596 86 99 79
-29.992605209350586 3.1323721408843994 0.5637509822845459 65 73 62
-27.378477096557617 1.864197015762329 0.24906136095523834 69 80 64
-22.307222366333008 3.162177085876465 -0.18560723960399628 83 93 82
-21.005199432373047 2.205233573913574 -0.376774400472641 66 73 57
-16.89316749572754 1.1552892923355103 -0.46468988060951233 66 73 66
-24.014814376831055 4.311968803405762 -0.8597015142440796 93 101 77
-18.97008514404297 2.696887254714966 -0.8573544025421143 80 93 63
-16.987518310546875 1.7921302318572998 -0.92840576171875 71 101 51
-15.332195281982422 1.056065559387207 -0.98414146900177 49 69 32
-15.527499198913574 2.7969858646392822 -1.132598876953125 71 103 38
-13.694110870361328 1.9556059837341309 -1.1285332441329956 59 93 19
-12.77853012084961 1.3526054620742798 -1.1692079305648804 79 114 50
-11.659929275512695 0.805372953414917 -1.178745150566101 60 85 43
-10.609752655029297 1.9157353639602661 -1.1735111474990845 89 105 79
-10.283987045288086 1.4748461246490479 -1.232033610343933 98 123 81
-9.727081298828125 1.0342453718185425 -1.2543063163757324 114 144 84
-9.079629898071289 0.6319237947463989 -1.2571221590042114 67 71 57
-8.272981643676758 1.4999133348464966 -1.2276219129562378 71 95 43
-7.728360652923584 1.1115052700042725 -1.215980887413025 97 121 69
-7.417279243469238 0.7916637659072876 -1.2352982759475708 90 108 82
-7.225297927856445 0.5033729076385498 -1.2739750146865845 93 106 86
-6.648734092712402 1.21382474899292 -1.2431228160858154 103 111 96
-6.3129987716674805 0.9114322662353516 -1.2354559898376465 64 90 42
-6.0443196296691895 0.6480054259300232 -1.239319086074829 82 115 58
-5.772681713104248 0.40277934074401855 -1.2396137714385986 73 97 49
-5.510148048400879 1.009238839149475 -1.2473293542861938 99 108 77
-5.275304317474365 0.7657523155212402 -1.2403695583343506 49 89 27
-22.352779388427734 4.031579494476318 4.2301926612854 81 111 147
-21.610355377197266 3.0786995887756348 3.8415000438690186 81 131 180
-21.19197654724121 3.8267982006073 3.198791742324829 87 97 96
-22.274202346801758 3.1871578693389893 3.1174778938293457 147 175 176
-24.43121337890625 2.5885329246520996 3.1650989055633545 102 137 159
-21.494606018066406 3.89074444770813 2.433201551437378 94 109 104
-32.18614196777344 4.6220574378967285 3.2965805530548096 72 85 78
-21.098085403442383 2.2480430603027344 1.9507360458374023 100 124 110
-17.728548049926758 1.2421979904174805 1.461437702178955 121 148 155
-22.14280891418457 3.1868951320648193 1.4513707160949707 61 75 60
-22.24981117248535 2.3821516036987305 1.2346129417419434 93 107 94
-27.182968139648438 1.9189505577087402 1.2441155910491943 84 100 74
-22.91813087463379 4.163703441619873 0.8826236724853516 46 52 42
-22.526491165161133 3.251347064971924 0.6428980827331543 73 93 68
-33.00291061401367 3.54915189743042 0.6205354332923889 87 107 80
-27.22301483154297 1.9375357627868652 0.2477000206708908 68 81 63
-27.51027488708496 5.016841888427734 0.037092845886945724 65 75 64
-22.314239501953125 3.233037233352661 -0.18574729561805725 83 97 74
-17.94560432434082 1.9397028684616089 -0.32199910283088684 78 89 73
-16.647253036499023 1.189794659614563 -0.45802363753318787 63 71 60
-24.578554153442383 4.4910712242126465 -0.8803718090057373 91 101 74
-18.97951889038086 2.757659912109375 -0.858159065246582 101 119 81
-17.440563201904297 1.894045114517212 -0.9534787535667419 60 94 33
-15.269160270690918 1.0988013744354248 -0.9803071618080139 60 86 41
-15.525712966918945 2.8458690643310547 -1.1331000328063965 66 102 32
-13.69100570678711 1.9980415105819702 -1.128777265548706 61 97 36
-12.72481918334961 1.3864096403121948 -1.1646772623062134 80 113 60
-11.60778522491455 0.8375610709190369 -1.1737278699874878 63 93 39
-10.528538703918457 1.9344438314437866 -1.1651791334152222 98 124 77
-10.18017578125 1.491847276687622 -1.220139503479004 116 135 89
-9.725833892822266 1.0642985105514526 -1.2545607089996338 79 106 55
-9.07666015625 0.659704864025116 -1.2569853067398071 66 78 66
-8.292668342590332 1.5297750234603882 -1.231233835220337 62 85 41
-7.748376369476318 1.1386582851409912 -1.2196741104125977 90 115 75
-7.475616931915283 0.8210940957069397 -1.2454276084899902 82 94 80
-7.2207722663879395 0.5253230333328247 -1.273455262184143 82 103 72
-6.654648303985596 1.2360130548477173 -1.2449318170547485 92 118 71
-6.299489498138428 0.9292200803756714 -1.2333643436431885 91 117 78
-6.016006946563721 0.6636452674865723 -1.2339255809783936 81 117 56
-5.609530448913574 0.4086931049823761 -1.2048425674438477 68 94 49
-5.499349117279053 1.0247085094451904 -1.2455906867980957 102 129 98
-5.273894309997559 0.7820760607719421 -1.2405962944030762 64 100 28
-21.43330955505371 3.933675765991211 4.058450698852539 90 140 177
-21.643688201904297 3.1512279510498047 3.849125862121582 84 138 182
-21.482267379760742 1.5428123474121094 3.3657658100128174 148 180 195
-21.12371063232422 3.8814280033111572 3.190269708633423 136 169 176
-22.276079177856445 3.2571988105773926 3.1191246509552 159 189 199
-23.726083755493164 2.5874550342559814 3.0747623443603516 119 160 182
-21.661436080932617 3.989614486694336 2.453460693359375 108 123 126
-27.94595718383789 4.100693702697754 2.863565683364868 92 113 108
-21.535539627075195 2.361496925354004 1.991843581199646 81 98 82
-17.747514724731445 1.2982549667358398 1.4633227586746216 103 119 116
-25.016572952270508 4.613885879516602 1.8953174352645874 111 123 123
-22.178342819213867 3.2614917755126953 1.4543488025665283 67 79 39
-22.452802658081055 2.4735817909240723 1.246291995048523 66 87 70
-27.32041358947754 2.0129077434539795 1.250683069229126 89 105 79
-23.034955978393555 4.257972240447998 0.8876218199729919 51 61 50
-22.504545211791992 3.318692207336426 0.642559289932251 59 70 54
-33.128013610839844 3.6654505729675293 0.6230961680412292 48 59 51
-27.38547134399414 2.033560276031494 0.24923379719257355 78 94 67
-22.350549697875977 4.146792411804199 0.030152859166264534 87 102 81
-30.195959091186523 4.469621181488037 -0.2514689564704895 87 99 85
-18.655044555664062 2.074305772781372 -0.33484122157096863 53 59 49
-16.630565643310547 1.2398959398269653 -0.4576669931411743 86 94 79
-24.32590103149414 4.522071838378906 -0.8718149662017822 90 106 70
-19.031246185302734 2.824822187423706 -0.860885739326477 89 116 65
-17.576576232910156 1.9633947610855103 -0.9612393975257874 68 101 44
-15.289600372314453 1.1474336385726929 -0.9818408489227295 67 94 43
-15.520831108093262 2.894219160079956 -1.133386492729187 65 101 40
-13.701570510864258 2.0425338745117188 -1.130159616470337 60 86 47
-12.76405143737793 1.4303220510482788 -1.1686642169952393 64 98 22
-11.595239639282227 0.8724228143692017 -1.1727244853973389 69 98 50
-10.500078201293945 1.96253502368927 -1.1626904010772705 99 129 91
-10.027253150939941 1.500875473022461 -1.202357292175293 95 121 73
-9.687039375305176 1.0901387929916382 -1.2499819993972778 80 99 69
-9.051875114440918 0.6858273148536682 -1.2538384199142456 82 94 72
-8.308359146118164 1.5590417385101318 -1.2342678308486938 86 107 64
-7.7516865730285645 1.1634511947631836 -1.2207512855529785 101 133 86
-7.485806941986084 0.8454644680023193 -1.2475515604019165 82 97 76
-7.173952102661133 0.5440477132797241 -1.265486478805542 93 113 76
-6.6643548011779785 1.2589794397354126 -1.2474644184112549 100 108 85
-6.314083099365234 0.9511746168136597 -1.2367870807647705 73 101 60
-6.011021614074707 0.6817677021026611 -1.2333261966705322 85 113 73
-5.740851402282715 0.4359709620475769 -1.2333298921585083 73 94 53
-5.493302345275879 1.0410301685333252 -1.244938611984253 109 138 84
-5.287840843200684 0.8007314801216125 -1.2444490194320679 52 77 35
-21.359291076660156 3.9878664016723633 4.0467329025268555 83 135 183
-21.562807083129883 3.207038402557373 3.8364734649658203 93 143 192
-20.736392974853516 3.876063108444214 3.1335551738739014 133 165 164
-22.190547943115234 3.3142590522766113 3.1085574626922607 153 186 193
-24.42374038696289 2.7393860816955566 3.1662487983703613 95 128 145
-21.71454429626465 4.068314552307129 2.4608781337738037 111 135 122
-21.5103816986084 2.4255473613739014 1.990195631980896 119 132 141
-17.865678787231445 1.362015962600708 1.4734033346176147 109 130 133
-21.88056755065918 4.104953765869141 1.6586720943450928 107 127 126
-22.173166275024414 3.3302597999572754 1.4546725749969482 52 54 41
-22.035354614257812 2.496039867401123 1.22353994846344 93 115 102
-21.785152435302734 1.6722960472106934 0.9975181818008423 98 113 94
-22.905900955200195 4.306833267211914 0.8831537961959839 73 86 68
-30.821983337402344 4.641906261444092 0.8804448246955872 91 107 81
-29.90290069580078 3.401503801345825 0.5626295208930969 64 75 59
-28.306297302246094 2.189279556274414 0.25767409801483154 75 83 68
-22.32200050354004 4.212376594543457 0.030131636187434196 62 73 65
-25.19196319580078 3.8079447746276855 -0.20989248156547546 64 71 63
-18.308860778808594 2.0926976203918457 -0.3287412226200104 83 96 76
-17.174827575683594 1.333470344543457 -0.4727552533149719 69 82 65
-24.27950668334961 4.590554237365723 -0.8706528544425964 86 105 60
-19.03730583190918 2.885441541671753 -0.8615562319755554 88 104 65
-17.57344627380371 2.017651319503784 -0.9614022374153137 58 86 45
-15.387491226196289 1.2022651433944702 -0.9883592128753662 65 89 37
-15.52853775024414 2.9449822902679443 -1.13460373878479 77 107 55
-13.781949043273926 2.0977580547332764 -1.137315034866333 55 88 35
-12.728933334350586 1.4659427404403687 -1.1658551692962646 62 84 46
-11.652023315429688 0.9126539826393127 -1.178745150566101 62 95 26
-10.488147735595703 1.9936256408691406 -1.1620410680770874 82 110 69
-10.040271759033203 1.5343319177627563 -1.204477071762085 82 106 56
-9.789077758789062 1.1320451498031616 -1.263590931892395 69 83 58
-9.06552791595459 0.7148407101631165 -1.2560274600982666 73 92 64
-8.308396339416504 1.5854514837265015 -1.2349902391433716 75 101 56
-7.772497653961182 1.1909688711166382 -1.2245982885360718 77 104 61
-7.130383014678955 0.8274846076965332 -1.1887356042861938 86 100 74
-7.16537618637085 0.5655120611190796 -1.264273762702942 89 117 68
-6.65369987487793 1.278120756149292 -1.246198058128357 109 117 94
-6.313076019287109 0.9708399772644043 -1.237167477607727 64 80 41
-5.99916934967041 0.6990719437599182 -1.2313286066055298 86 112 77
-5.764831066131592 0.45558449625968933 -1.2387759685516357 89 104 75
-5.492958068847656 1.0584325790405273 -1.2455906867980957 106 119 89
-5.311347961425781 0.8209676146507263 -1.250568151473999 33 56 28
-21.219465255737305 4.029169082641602 4.02256441116333 101 121 146
-21.884899139404297 3.3236021995544434 3.8955764770507812 92 148 197
-21.079090118408203 4.007088661193848 3.1871843338012695 105 128 118
-24.451677322387695 2.8185062408447266 3.170976400375366 86 112 99
-21.16452980041504 1.6643372774124146 2.5292537212371826 112 139 158
-21.811304092407227 4.155747890472412 2.4732770919799805 105 128 112
-22.175912857055664 3.393143892288208 2.274411678314209 99 108 91
-21.57801628112793 2.500239849090576 1.9971537590026855 98 115 105
-17.7342472076416 1.4067331552505493 1.462912917137146 122 140 124
-21.880603790283203 4.174492835998535 1.6596380472183228 117 143 134
-23.642406463623047 3.6251344680786133 1.5517845153808594 83 99 89
-21.707246780395508 2.526348829269409 1.205746054649353 86 99 90
-21.99500846862793 1.7562990188598633 1.0073692798614502 84 97 79
-22.402809143066406 4.283442497253418 0.8642593026161194 95 109 92
-22.208106994628906 3.4143354892730713 0.6346815228462219 91 109 83
-34.219120025634766 3.998859405517578 0.6440678238868713 75 89 76
-18.109771728515625 1.456560730934143 0.16489435732364655 68 77 58
-27.89014434814453 5.351803302764893 0.03766985237598419 74 87 61
-29.488035202026367 4.549904823303223 -0.24580129981040955 77 85 70
-17.807828903198242 2.090796947479248 -0.31985872983932495 63 69 55
-16.958425521850586 1.3690227270126343 -0.4669119417667389 81 90 69
-24.175020217895508 4.647663116455078 -0.8674132823944092 87 104 62
-19.26728057861328 2.9807958602905273 -0.8723737597465515 89 103 68
-17.582050323486328 2.073310613632202 -0.9622163772583008 64 95 28
-15.434459686279297 1.2535879611968994 -0.9916183948516846 59 91 28
-15.542935371398926 2.9971420764923096 -1.1363221406936646 59 95 31
-13.87590503692627 2.155636787414551 -1.145608901977539 66 95 39
-12.954812049865723 1.5322426557540894 -1.1869685649871826 68 99 42
-11.783044815063477 0.9592968821525574 -1.1922916173934937 85 113 65
-10.485886573791504 2.026548147201538 -1.1624740362167358 110 142 95
-10.032573699951172 1.5646687746047974 -1.204123854637146 72 92 41
-9.777678489685059 1.161136507987976 -1.2625733613967896 71 93 57
-9.06428050994873 0.7427309155464172 -1.2561644315719604 53 71 47
-8.30349349975586 1.610933780670166 -1.2349902391433716 71 96 54
-7.785403251647949 1.2174041271209717 -1.2272143363952637 80 102 63
-7.467742919921875 0.8898630738258362 -1.2454276084899902 86 106 79
-7.153791904449463 0.5866875052452087 -1.2625415325164795 96 116 81
-6.641059875488281 1.296831488609314 -1.244570016860962 91 105 88
-6.299398899078369 0.9885294437408447 -1.2350757122039795 90 116 71
-5.960025787353516 0.7130507230758667 -1.2237377166748047 75 114 51
-5.754635334014893 0.47254836559295654 -1.2368906736373901 91 118 65
-5.466695785522461 1.0707768201828003 -1.2403743267059326 78 91 61
-5.3155388832092285 0.8383208513259888 -1.2521545886993408 84 102 78
-21.51589012145996 4.153884410858154 4.0811543464660645 90 123 158
-21.875572204589844 3.3908791542053223 3.895749568939209 91 143 193
-22.65984535217285 2.666393280029297 3.7911064624786377 93 150 203
-21.441553115844727 1.7383885383605957 3.3617513179779053 140 169 183
-23.624767303466797 4.566159248352051 3.574195146560669 147 177 175
-22.2813720703125 3.4677205085754395 3.1242024898529053 138 168 170
-23.577163696289062 2.7910237312316895 3.0586628913879395 116 137 142
-21.619895935058594 4.188055992126465 2.4530179500579834 85 105 94
-30.56699562072754 4.773085594177246 3.136507272720337 128 144 143
-21.780864715576172 2.5914878845214844 2.0166547298431396 105 125 123
-22.74188232421875 1.8741812705993652 1.876462459564209 110 135 131
-21.918601989746094 4.251476287841797 1.6635016202926636 84 99 76
-21.984710693359375 3.44002366065979 1.4436665773391724 70 81 67
-22.03152084350586 2.6326208114624023 1.224200963973999 86 101 96
-21.804346084594727 1.8084126710891724 0.9988862872123718 88 100 80
-23.213537216186523 4.512320041656494 0.8960655927658081 89 102 84
-22.11161231994629 3.4689743518829346 0.632224977016449 70 82 58
-18.423097610473633 1.5386625528335571 0.16778947412967682 80 91 75
-27.70575523376465 5.404603481292725 0.03744302690029144 81 99 75
-29.56580352783203 4.654814720153809 -0.24656742811203003 79 89 80
-19.855138778686523 2.392946243286133 -0.3567620813846588 82 93 79
-18.083757400512695 1.5157246589660645 -0.4980211555957794 69 80 63
-24.24892234802246 4.739060878753662 -0.8705825209617615 115 125 100
-19.58269691467285 3.091139316558838 -0.887080192565918 96 108 86
-17.599397659301758 2.1301214694976807 -0.9635188579559326 57 91 31
-15.65826416015625 1.3201334476470947 -1.006252646446228 43 78 20
-15.565967559814453 3.0511443614959717 -1.1386849880218506 60 90 30
-13.886945724487305 2.201005697250366 -1.147072434425354 66 96 46
-12.943130493164062 1.5711402893066406 -1.186334252357483 59 96 27
-11.701723098754883 0.9888237714767456 -1.1843644380569458 90 122 47
-10.538148880004883 2.070206642150879 -1.1689664125442505 79 108 52
-10.008111953735352 1.5923203229904175 -1.2017686367034912 98 129 70
-9.798686027526855 1.194128394126892 -1.2657530307769775 79 94 65
-9.11427116394043 0.7749843597412109 -1.2634159326553345 82 95 75
-8.298511505126953 1.6364010572433472 -1.2349902391433716 85 106 63
-7.807977199554443 1.2454861402511597 -1.231369137763977 98 125 82
-7.408180236816406 0.9058247804641724 -1.2359517812728882 96 123 72
-7.087189674377441 0.6031204462051392 -1.2511078119277954 86 96 72
-6.6003923416137695 1.3099247217178345 -1.2376959323883057 99 116 82
-6.30215311050415 1.008782148361206 -1.23621666431427 79 103 51
-5.960727214813232 0.7316905856132507 -1.2243369817733765 64 101 50
-5.766798496246338 0.4913633167743683 -1.2398232221603394 81 107 68
-5.443281173706055 1.0835415124893188 -1.2358101606369019 87 94 78
-5.311980247497559 0.8544700741767883 -1.2519279718399048 78 104 77
-20.488187789916992 4.0207133293151855 3.888540029525757 99 137 174
-22.380638122558594 3.5395145416259766 3.987610340118408 79 131 181
-22.30192756652832 2.6936709880828857 3.7325901985168457 90 146 197
-20.739633560180664 4.0745697021484375 3.1395792961120605 131 160 156
-21.537893295288086 3.4197211265563965 3.021411895751953 143 172 178
-23.600980758666992 2.8672914505004883 3.0628793239593506 71 80 75
-21.571842193603516 4.247453212738037 2.4490325450897217 75 87 67
-30.290861129760742 4.825210094451904 3.1096770763397217 123 145 132
-21.75205421447754 2.655764102935791 2.0147321224212646 100 120 108
-22.76581573486328 1.9464905261993408 1.8789210319519043 114 135 128
-21.680421829223633 4.274335861206055 1.6464126110076904 102 117 98
-25.520793914794922 3.129009962081909 1.4186122417449951 98 111 101
-21.811634063720703 1.876412034034729 0.9994792342185974 66 79 61
-29.417810440063477 4.707724094390869 0.8415360450744629 64 77 59
-37.1669807434082 4.5746846199035645 0.7000672817230225 86 100 87
-18.439210891723633 1.596988558769226 0.16798005998134613 40 45 38
-27.23782730102539 5.400120735168457 0.036832861602306366 72 84 62
-29.552370071411133 4.745657920837402 -0.24657566845417023 91 102 85
-19.43292999267578 2.402569532394409 -0.34930649399757385 97 113 100
-17.08713722229004 1.4849956035614014 -0.4706977307796478 68 78 67
-24.26465606689453 4.819468975067139 -0.871674120426178 79 100 57
-19.7220516204834 3.1751809120178223 -0.8938299417495728 91 108 66
-17.66214370727539 2.1927170753479004 -0.9673177599906921 74 105 48
-15.71180248260498 1.3732056617736816 -1.0099592208862305 54 83 25
-15.594683647155762 3.10648512840271 -1.1414774656295776 69 103 26
-13.941130638122559 2.25346040725708 -1.1521137952804565 65 97 47
-12.976790428161621 1.6156402826309204 -1.1898682117462158 69 104 38
-11.745219230651855 1.0288000106811523 -1.1890805959701538 75 105 53
-10.519074440002441 2.0999975204467773 -1.1675597429275513 98 130 81
-9.999258041381836 1.6223809719085693 -1.2012975215911865 98 116 78
-9.575493812561035 1.1967536211013794 -1.2373905181884766 61 76 47
-9.124679565429688 0.8040733933448792 -1.2651946544647217 80 94 69
-8.30412483215332 1.6639913320541382 -1.236579418182373 62 76 53
-7.816797733306885 1.271497130393982 -1.2333695888519287 83 110 55
-7.322160243988037 0.9181153774261475 -1.2220646142959595 114 140 105
-7.146132946014404 0.6302251815795898 -1.2618485689163208 101 119 81
-6.563562870025635 1.3235580921173096 -1.2315454483032227 116 136 101
-6.31065559387207 1.0300098657608032 -1.238498568534851 91 128 77
-5.962343215942383 0.7504639029502869 -1.2251360416412354 83 114 55
-5.777925968170166 0.5101713538169861 -1.2425462007522583 97 111 78
-5.424623489379883 1.0971400737762451 -1.232332706451416 96 100 85
-5.311256408691406 0.8710783123970032 -1.2523813247680664 82 103 72
-22.50809669494629 4.488868236541748 4.274501323699951 84 137 189
-22.692474365234375 3.6602277755737305 4.04515266418457 84 138 185
-22.35425567626953 2.769599676132202 3.7427525520324707 87 140 190
-22.02891731262207 1.9221352338790894 3.4556264877319336 151 183 196
-20.76195526123047 4.145150661468506 3.144868850708008 145 180 176
-21.901798248291016 3.5464224815368652 3.0739736557006836 135 164 160
-26.351749420166016 3.2835536003112793 3.421158790588379 100 130 130
-17.839563369750977 1.5682014226913452 2.133540391921997 120 155 177
-30.25725555419922 4.9150872230529785 3.1077606678009033 97 119 116
-26.281091690063477 3.290588140487671 2.4351470470428467 86 104 90
-22.144376754760742 4.436427116394043 1.6826709508895874 108 129 112
-23.894657135009766 3.8892312049865723 1.5706242322921753 102 120 104
-21.979290008544922 2.763270378112793 1.2222177982330322 90 101 97
-23.151123046875 4.647786617279053 0.8947403430938721 73 84 67
-29.66663932800293 4.84093713760376 0.8490749597549438 65 82 63
-36.86014175415039 4.651759624481201 0.6945532560348511 98 112 99
-18.25495147705078 1.6374708414077759 0.1663464456796646 65 73 58
-29.25346565246582 4.789767265319824 -0.24420315027236938 72 83 67
-28.9398193359375 3.668121337890625 -0.5203924775123596 69 77 66
-17.261709213256836 1.5535398721694946 -0.47563570737838745 75 83 68
-24.11162757873535 4.866013050079346 -0.8667089939117432 75 91 52
-19.282405853271484 3.165120840072632 -0.8743405938148499 98 107 86
-17.634532928466797 2.244246244430542 -0.9661781191825867 78 113 45
-15.728386878967285 1.4232910871505737 -1.0113011598587036 50 82 19
-15.585079193115234 3.1543142795562744 -1.1414774656295776 49 80 21
-14.008892059326172 2.308537244796753 -1.158293604850769 70 101 44
-13.034008979797363 1.663387417793274 -1.1955769062042236 71 103 40
-11.76975154876709 1.0673450231552124 -1.1918902397155762 78 115 61
-10.472636222839355 2.124157428741455 -1.1631232500076294 103 133 79
-10.005011558532715 1.6548333168029785 -1.2025929689407349 91 113 77
-8.547600746154785 1.0949302911758423 -1.1049902439117432 68 87 41
-9.12315559387207 0.8321536183357239 -1.2653313875198364 79 99 62
-8.30285930633545 1.6902498006820679 -1.2371574640274048 62 75 49
-7.818708419799805 1.2964423894882202 -1.2342928647994995 78 109 52
-7.337900638580322 0.9429642558097839 -1.2251688241958618 79 97 59
-7.124549865722656 0.6503556370735168 -1.258383870124817 95 116 77
-6.5498366355896 1.3417149782180786 -1.2297364473342896 112 126 91
-6.313276767730713 1.0503325462341309 -1.2396395206451416 82 118 80
-5.96195650100708 0.7690032124519348 -1.22553551197052 83 116 63
-5.785097599029541 0.5286962985992432 -1.244431495666504 103 123 88
-5.372469902038574 1.1037594079971313 -1.2212482690811157 94 105 89
-5.3095197677612305 0.8875294923782349 -1.2526079416275024 85 106 63
-22.720645904541016 4.603780746459961 4.317528247833252 88 139 186
-22.297271728515625 3.6667046546936035 3.9766907691955566 86 129 171
-22.82321548461914 2.89882493019104 3.8227412700653076 87 131 180
-22.065231323242188 1.9935328960418701 3.462265968322754 152 183 203
-23.866744995117188 4.841213703155518 3.6173923015594482 120 143 135
-21.588825225830078 3.563749074935913 3.031567335128784 120 143 151
-24.285385131835938 3.1017675399780273 3.1541101932525635 130 168 189
-20.900232315063477 1.901886224746704 2.500270128250122 110 138 149
-21.133398056030273 4.295989513397217 2.4022040367126465 54 68 53
-26.332109451293945 3.3790602684020996 2.4408233165740967 89 108 89
-22.063234329223633 4.490620136260986 1.6775442361831665 101 117 106
-23.873754501342773 3.9610507488250732 1.570041537284851 90 105 82
-26.716205596923828 3.4420952796936035 1.486207127571106 103 120 102
-33.99620819091797 3.134882688522339 1.558667778968811 92 106 91
-21.963760375976562 4.479557037353516 0.8493785262107849 92 107 88
-22.560169219970703 2.917443037033081 0.42526647448539734 80 92 80
-34.51728057861328 3.2029829025268555 0.3146233856678009 66 75 54
-22.353708267211914 4.5745320320129395 0.030265606939792633 71 84 66
-27.909067153930664 4.6576080322265625 -0.23309852182865143 77 87 76
-18.952802658081055 2.4613709449768066 -0.34094128012657166 87 102 81
-17.289705276489258 1.6095483303070068 -0.4765409827232361 71 77 67
-24.098543167114258 4.940365314483643 -0.8667794466018677 79 96 60
-19.031204223632812 3.18387770652771 -0.8633889555931091 75 81 53
-17.615680694580078 2.296788215637207 -0.965526819229126 73 106 35
-15.718977928161621 1.4710735082626343 -1.0109816789627075 42 71 23
-15.631017684936523 3.2135629653930664 -1.1455587148666382 59 87 47
-14.028282165527344 2.355962038040161 -1.1604889631271362 65 100 32
-13.025882720947266 1.7029801607131958 -1.1953052282333374 79 110 51
-11.746610641479492 1.1015911102294922 -1.1898833513259888 66 101 35
-10.48067569732666 2.1592860221862793 -1.1647464036941528 86 114 73
-9.995969772338867 1.684860110282898 -1.2021218538284302 85 101 62
-9.497162818908691 1.2461940050125122 -1.2282332181930542 67 91 43
-9.126477241516113 0.8606972694396973 -1.2661523818969727 79 100 67
-8.268564224243164 1.7097036838531494 -1.2328230142593384 69 84 63
-7.82151460647583 1.3215762376785278 -1.23537015914917 98 111 83
-7.3075852394104 0.9618672728538513 -1.2205941677093506 88 116 78
-7.119579315185547 0.6719327569007874 -1.2578641176223755 92 110 70
-6.516802787780762 1.3557935953140259 -1.2243095636367798 72 80 56
-6.310024738311768 1.0696964263916016 -1.2396395206451416 86 115 71
-5.965397357940674 0.7880606055259705 -1.2267341613769531 83 109 70
-5.783448696136475 0.5464422702789307 -1.244431495666504 88 118 64
-5.387213230133057 1.124024748802185 -1.2253777980804443 91 104 86
-5.330775260925293 0.9079027771949768 -1.258273720741272 76 89 72
-22.223033905029297 4.573974609375 4.22561502456665 84 137 191
-20.868764877319336 3.4975812435150146 3.7238144874572754 89 138 179
-22.209671020507812 2.8901619911193848 3.7214438915252686 96 133 177
-21.973426818847656 2.0532217025756836 3.4488332271575928 139 167 179
-23.213342666625977 4.782869815826416 3.52056622505188 87 108 89
-22.16680908203125 3.7290546894073486 3.11432147026062 119 146 139
-21.494386672973633 2.0224621295928955 2.572078227996826 104 123 137
-23.368494033813477 4.825041770935059 2.6579341888427734 77 89 77
-23.363239288330078 3.9424872398376465 2.402107000350952 140 162 159
-23.86223602294922 3.1365578174591064 2.2127628326416016 102 120 94
-30.41556739807129 2.8827667236328125 2.5123581886291504 97 120 110
-21.67043685913086 4.479954719543457 1.648715853691101 72 90 64
-24.159622192382812 4.084681034088135 1.5896581411361694 77 90 72
-21.937192916870117 4.544284820556641 0.8488863110542297 78 94 68
-28.215652465820312 3.7368478775024414 0.5320877432823181 90 104 78
-22.416915893554688 4.6591668128967285 0.030370397493243217 80 93 75
-26.903900146484375 4.574743270874023 -0.22481946647167206 84 98 85
-21.74803352355957 2.8922581672668457 -0.3913823664188385 78 90 66
-19.316539764404297 1.858025312423706 -0.5325594544410706 64 70 56
-21.200910568237305 4.414151191711426 -0.7630405426025391 82 94 70
-19.302013397216797 3.2900900840759277 -0.8761285543441772 96 107 77
-17.624387741088867 2.352935791015625 -0.9663951396942139 60 88 40
-15.803790092468262 1.5279349088668823 -1.016733169555664 42 64 26
-15.657212257385254 3.269045829772949 -1.1482081413269043 63 98 34
-14.082880973815918 2.409578800201416 -1.165611743927002 65 99 39
-13.045272827148438 1.7462382316589355 -1.197570562362671 75 105 45
-11.778826713562012 1.1410777568817139 -1.193495750427246 66 99 46
-10.502220153808594 2.197334051132202 -1.167884349822998 107 132 93
-9.986839294433594 1.714847207069397 -1.2016507387161255 74 100 61
-9.485429763793945 1.2742685079574585 -1.2272157669067383 78 93 72
-9.11590576171875 0.8879245519638062 -1.2650578022003174 90 106 77
-8.222607612609863 1.7265231609344482 -1.2267550230026245 72 81 64
-7.823265552520752 1.346571683883667 -1.2362933158874512 90 110 82
-7.351531505584717 0.9906059503555298 -1.2284363508224487 79 102 73
-7.111602783203125 0.6931988596916199 -1.2568246126174927 74 90 54
-6.494329929351807 1.3719182014465332 -1.2208725214004517 84 106 85
-6.325094223022461 1.092224359512329 -1.2432525157928467 96 118 72
-5.927995681762695 0.8016314506530762 -1.2195427417755127 65 87 49
-5.766173362731934 0.5626636147499084 -1.2410800457000732 84 115 71
-5.396153450012207 1.1431770324707031 -1.228203296661377 80 98 74
-5.317409038543701 0.922421932220459 -1.255780816078186 98 102 85
-20.861820220947266 3.5622522830963135 3.7245078086853027 81 125 162
-22.827489852905273 3.0418078899383545 3.8265113830566406 87 146 202
-23.159833908081055 4.845961570739746 3.5146892070770264 105 119 120
-21.6807804107666 3.7157251834869385 3.047624111175537 120 149 145
-20.551054000854492 2.7530717849731445 2.671250820159912 119 144 151
-21.0640926361084 2.047189474105835 2.5213277339935303 121 150 166
-23.338991165161133 4.893653392791748 2.656273603439331 99 118 124
-25.6925106048584 4.416656494140625 2.6429734230041504 112 132 130
-21.649728775024414 2.9133317470550537 2.0084147453308105 94 114 102
-25.584972381591797 2.504148483276367 2.1139705181121826 89 110 105
-22.104557037353516 4.640460014343262 1.6828194856643677 70 93 67
-29.124082565307617 5.015979290008545 1.917314052581787 81 98 82
-25.992042541503906 3.5110573768615723 1.4470936059951782 58 67 62
-22.052406311035156 2.170053482055664 1.0116562843322754 96 111 90
-21.836118698120117 4.593258380889893 0.8455163836479187 87 102 83
-22.47246742248535 3.8796749114990234 0.6441686749458313 95 111 100
-27.807748794555664 3.7696707248687744 0.524611234664917 68 80 58
-32.3316535949707 3.2003798484802246 0.2948749363422394 68 78 67
-22.21074104309082 4.687445640563965 0.03011041320860386 73 87 70
-22.271066665649414 3.0313799381256104 -0.4009604752063751 55 61 51
-18.81636619567871 1.8681938648223877 -0.5189251899719238 82 93 77
-24.217374801635742 5.11976432800293 -0.8721671104431152 75 93 55
-19.538883209228516 3.392184019088745 -0.8873484134674072 81 95 62
-17.697221755981445 2.4179444313049316 -0.9707910418510437 75 95 60
-15.728523254394531 1.569378137588501 -1.0121958255767822 45 75 25
-15.66076946258545 3.3199620246887207 -1.1492104530334473 65 99 39
-14.140227317810059 2.4640660285949707 -1.170978307723999 75 107 34
-12.970787048339844 1.7767913341522217 -1.1912274360656738 78 106 45
-11.801011085510254 1.179782748222351 -1.1961047649383545 64 98 38
-10.520711898803711 2.234915018081665 -1.1706976890563965 79 112 67
-9.980552673339844 1.745307207107544 -1.2015329599380493 74 107 54
-9.461823463439941 1.3006619215011597 -1.2246720790863037 62 73 59
-9.130880355834961 0.9176706671714783 -1.2675206661224365 65 86 53
-8.176626205444336 1.7430768013000488 -1.2206870317459106 75 95 68
-7.820071220397949 1.3707374334335327 -1.2364473342895508 94 106 86
-7.264408111572266 1.0015673637390137 -1.214385986328125 73 91 65
-7.101603031158447 0.7142252326011658 -1.2554388046264648 75 87 67
-6.532402038574219 1.4009101390838623 -1.2288320064544678 92 119 78
-6.338150978088379 1.1145148277282715 -1.2464852333068848 81 92 60
-5.931331634521484 0.8206201791763306 -1.2207412719726562 94 122 74
-5.720639705657959 0.5759435892105103 -1.2316540479660034 60 85 45
-5.41170597076416 1.163831353187561 -1.2325501441955566 78 87 70
-5.2972893714904785 0.9356817007064819 -1.2517013549804688 66 77 61
-20.629901885986328 4.378188610076904 3.927722215652466 76 131 185
-20.8459415435791 3.6253950595855713 3.7236413955688477 107 145 166
-22.818050384521484 3.1118273735046387 3.8265113830566406 83 119 167
-21.591217041015625 3.7685980796813965 3.0366451740264893 79 91 79
-20.526790618896484 2.8139536380767822 2.6692066192626953 127 149 160
-23.824172973632812 2.389242172241211 2.852567672729492 116 148 161
-21.08713150024414 4.489072322845459 2.4015398025512695 142 173 178
-21.733375549316406 3.8047475814819336 2.2368898391723633 150 181 186
-21.68409538269043 2.98571515083313 2.0124433040618896 84 98 72
-22.075851440429688 2.229088068008423 1.8245843648910522 107 124 114
-22.915346145629883 4.884119987487793 1.7456773519515991 63 74 60
-31.497983932495117 5.52438497543335 2.074700117111206 99 117 105
-25.987083435058594 3.5916037559509277 1.4474241733551025 86 100 77
-21.69097137451172 4.632263660430908 0.8404424786567688 85 100 81
-22.28423309326172 3.9176201820373535 0.639114499092102 96 109 91
-28.258546829223633 3.9191079139709473 0.5333400964736938 68 89 58
-28.442007064819336 2.9035003185272217 0.25948014855384827 95 101 87
-22.497421264648438 4.820089817047119 0.03051896020770073 79 88 67
-22.346826553344727 3.1115505695343018 -0.4024944007396698 86 97 80
-18.663372039794922 1.9108445644378662 -0.5148651003837585 70 77 61
-24.153675079345703 5.183762550354004 -0.8704416751861572 78 102 52
-19.482147216796875 3.443939208984375 -0.8852474689483643 78 90 52
-17.778722763061523 2.484665870666504 -0.9756754040718079 63 98 30
-15.891404151916504 1.6348851919174194 -1.022995948791504 50 79 23
-15.644659042358398 3.3667337894439697 -1.1487808227539062 77 113 52
-14.159096717834473 2.5121371746063232 -1.1731736660003662 79 110 51
-13.047134399414062 1.8280460834503174 -1.1987485885620117 72 98 33
-11.938864707946777 1.230569839477539 -1.210453987121582 77 111 51
-10.619731903076172 2.2900233268737793 -1.1824923753738403 80 107 64
-9.96928596496582 1.7748745679855347 -1.2008264064788818 79 109 55
-9.23678970336914 1.2986135482788086 -1.1960551738739014 65 75 51
-9.14477252960205 0.9474148154258728 -1.2698465585708618 87 111 63
-8.070658683776855 1.746389627456665 -1.205661416053772 76 89 72
-7.8197197914123535 1.3954169750213623 -1.2370628118515015 91 115 67
-7.331638336181641 1.0337671041488647 -1.226149082183838 95 128 81
-7.096439838409424 0.7357046604156494 -1.2549190521240234 88 97 78
-6.490594387054443 1.4127867221832275 -1.2217769622802734 91 118 73
-6.342432975769043 1.1353386640548706 -1.2480064630508423 96 126 72
-5.976325511932373 0.8455392718315125 -1.230529546737671 56 66 41
-5.725654125213623 0.5941980481147766 -1.233120322227478 82 107 65
-5.428136348724365 1.1847999095916748 -1.2371143102645874 81 95 78
-5.3011040687561035 0.9531356692314148 -1.2532877922058105 100 120 85
-21.057493209838867 4.536491870880127 4.0117621421813965 91 137 196
-21.500959396362305 3.807307243347168 3.8427133560180664 92 129 171
-21.71120834350586 3.0287575721740723 3.6424386501312256 94 137 182
-23.178001403808594 4.118875503540039 3.2615768909454346 103 124 115
-23.811792373657227 2.4618120193481445 2.851976156234741 117 141 151
-20.89937400817871 4.516170978546143 2.381723403930664 123 145 156
-22.03209114074707 3.9267446994781494 2.2688639163970947 123 146 152
-24.196218490600586 3.407285690307617 2.2465462684631348 101 121 112
-22.522916793823242 2.3440558910369873 1.8621201515197754 89 106 96
-30.5057315826416 6.599822044372559 2.325439929962158 118 136 114
-31.48579978942871 5.621870994567871 2.075023889541626 122 152 144
-26.093591690063477 3.6879420280456543 1.453979730606079 82 100 78
-22.069475173950195 2.3085455894470215 1.0130701065063477 99 116 98
-21.98428726196289 4.765472888946533 0.8523698449134827 80 94 77
-22.221927642822266 3.9769880771636963 0.6376745104789734 88 99 85
-30.02230453491211 4.257638454437256 0.5668724179267883 83 96 79
-28.526445388793945 3.0005784034729004 0.26033324003219604 90 102 80
-22.72290802001953 4.941362380981445 0.030845267698168755 76 93 61
-22.34014320373535 3.1805176734924316 -0.4025478959083557 82 94 82
-18.980506896972656 2.0021748542785645 -0.5237808227539062 77 88 71
-24.033172607421875 5.235081195831299 -0.8666738271713257 83 111 53
-19.67206573486328 3.5397846698760986 -0.8943663835525513 102 112 88
-17.75421142578125 2.536797523498535 -0.9747527837753296 65 102 24
-16.130443572998047 1.70950448513031 -1.0387166738510132 47 82 18
-15.593329429626465 3.405776023864746 -1.1457736492156982 69 102 33
-14.24254035949707 2.5720374584198 -1.1807358264923096 69 99 47
-13.153847694396973 1.8841633796691895 -1.2090786695480347 75 100 45
-11.9419584274292 1.2679272890090942 -1.2111563682556152 60 88 40
-10.726279258728027 2.3474600315093994 -1.1951526403427124 87 117 63
-9.883668899536133 1.7909328937530518 -1.1911699771881104 92 120 62
-9.361376762390137 1.3454302549362183 -1.2127165794372559 87 107 82
-9.146747589111328 0.9759916663169861 -1.2705307006835938 93 115 69
-8.039168357849121 1.7654114961624146 -1.2017605304718018 82 88 74
-7.820262908935547 1.4202837944030762 -1.2378321886062622 84 102 76
-7.305973052978516 1.05301833152771 -1.2223913669586182 95 122 87
-7.0853352546691895 0.7565316557884216 -1.2533599138259888 107 129 91
-6.524643421173096 1.4411778450012207 -1.2290128469467163 81 107 59
-6.3427839279174805 1.1554954051971436 -1.2487671375274658 110 144 84
-5.990189075469971 0.8662545084953308 -1.2339255809783936 65 86 53
-5.746166706085205 0.6141514778137207 -1.2379380464553833 74 87 57
-5.421617031097412 1.2008142471313477 -1.2364622354507446 98 110 98
-5.28857421875 0.9676417708396912 -1.2510215044021606 103 115 103
-20.99545669555664 4.590574741363525 4.002607345581055 93 139 188
-21.657827377319336 3.903650999069214 3.872871160507202 101 145 184
-21.693025588989258 3.0940988063812256 3.640963554382324 90 129 168
-21.756948471069336 2.302645444869995 3.4190337657928467 142 171 185
-21.780792236328125 4.767065525054932 3.31192684173584 91 111 100
-21.619346618652344 3.9103522300720215 3.0439186096191406 118 136 150
-23.525131225585938 3.372173309326172 3.0617294311523438 106 127 132
-20.755050659179688 2.2101638317108154 2.486665725708008 111 134 142
-24.382179260253906 5.347123146057129 2.7804853916168213 109 135 136
-21.659696578979492 3.9289729595184326 2.231745481491089 127 147 136
-24.174806594848633 3.4799418449401855 2.2455391883850098 89 104 85
-26.39324951171875 2.8287346363067627 2.1828136444091797 91 107 96
-22.02352523803711 3.181645631790161 1.2277268171310425 81 94 76
-22.07818031311035 2.3779544830322266 1.0137999057769775 73 91 75
-21.976396560668945 4.834400177001953 0.8526349067687988 97 112 91
-22.20470428466797 4.044249534606934 0.6375333070755005 80 98 82
-28.84843635559082 4.181490898132324 0.5449474453926086 83 97 72
-28.4952335357666 3.0857138633728027 0.2601335942745209 73 81 66
-21.78708839416504 3.1700069904327393 -0.39275574684143066 90 98 83
-19.14421272277832 2.078850030899048 -0.5284719467163086 88 100 76
-22.31711196899414 4.933041095733643 -0.8053319454193115 74 99 44
-19.988340377807617 3.660039186477661 -0.9092516303062439 90 104 69
-17.660385131835938 2.5787031650543213 -0.9700312614440918 65 100 36
-16.429689407348633 1.7922070026397705 -1.058335542678833 50 81 22
-15.647078514099121 3.467844009399414 -1.1504993438720703 80 111 54
-14.261049270629883 2.620584487915039 -1.1829311847686768 69 101 62
-13.159830093383789 1.9262408018112183 -1.2101659774780273 69 96 45
-12.004280090332031 1.3118003606796265 -1.2178795337677002 70 98 60
-10.735525131225586 2.3840205669403076 -1.1969921588897705 88 120 70
-9.699413299560547 1.788297176361084 -1.1696193218231201 63 94 53
-9.318931579589844 1.3685237169265747 -1.2077562808990479 68 80 58
-9.052135467529297 0.9939932823181152 -1.2578063011169434 113 139 91
-8.029850959777832 1.7892060279846191 -1.2011826038360596 81 92 88
-7.822669982910156 1.445526123046875 -1.238909363746643 73 82 61
-7.3427252769470215 1.081320881843567 -1.2290898561477661 102 125 83
-7.066338539123535 0.7764369249343872 -1.2504149675369263 84 111 66
-6.5134735107421875 1.4596829414367676 -1.227746605873108 107 144 103
-6.3353471755981445 1.1742336750030518 -1.2480064630508423 79 94 61
-6.003981590270996 0.887062668800354 -1.2373214960098267 80 108 67
-5.753974914550781 0.6328465342521667 -1.24003267288208 82 99 67
-5.409336090087891 1.2155159711837769 -1.2345061302185059 85 83 68
-5.277920246124268 0.9824364185333252 -1.2492083311080933 83 90 74
-21.421009063720703 3.9288580417633057 3.832660436630249 80 115 145
-21.833759307861328 3.1825497150421143 3.666205883026123 87 131 158
-20.803340911865234 4.62006139755249 3.165438652038574 122 149 158
-21.629653930664062 3.9807848930358887 3.0470752716064453 149 178 186
-23.782419204711914 2.6063575744628906 2.8503201007843018 91 113 110
-24.365659713745117 5.421901226043701 2.7804853916168213 93 113 102
-21.96453285217285 4.0539116859436035 2.2644259929656982 118 143 140
-28.04964828491211 4.125599384307861 2.6066272258758545 96 114 100
-26.298261642456055 2.9001901149749756 2.1756834983825684 100 120 108
-23.675376892089844 5.274369716644287 1.8071978092193604 103 118 99
-21.99785614013672 3.2468650341033936 1.2268452644348145 74 93 74
-22.299144744873047 2.4709832668304443 1.0242894887924194 80 91 77
-21.966337203979492 4.902888298034668 0.8528242111206055 87 100 80
-22.16073989868164 4.106525421142578 0.6366297602653503 54 62 47
-22.20098876953125 3.2875378131866455 0.4195655882358551 83 95 83
-29.751750946044922 3.3141589164733887 0.2716958820819855 47 60 42
-23.006380081176758 5.1510467529296875 0.03127238154411316 57 71 54
-22.3192195892334 3.317387342453003 -0.40253007411956787 57 63 53
-18.360868453979492 2.0508015155792236 -0.5070191621780396 75 86 70
-22.148773193359375 4.967151165008545 -0.7998034358024597 85 102 66
-21.07893943786621 3.9266128540039062 -0.9594054818153381 101 112 80
-17.585235595703125 2.6228559017181396 -0.9663408994674683 60 92 29
-16.318988800048828 1.830810308456421 -1.0515614748001099 61 90 34
-15.565326690673828 3.49985933303833 -1.1452723741531372 64 96 33
-14.289192199707031 2.671100616455078 -1.1859397888183594 81 110 56
-13.149919509887695 1.9660165309906006 -1.209803581237793 74 99 60
-11.970536231994629 1.3452892303466797 -1.2148690223693848 60 93 38
-10.76307487487793 2.4248111248016357 -1.200887680053711 56 92 31
-9.788555145263672 1.8358019590377808 -1.1810423135757446 83 122 55
-9.273491859436035 1.390928030014038 -1.2024145126342773 86 99 69
-8.896470069885254 1.0045325756072998 -1.2365987300872803 69 90 49
-8.023359298706055 1.813614845275879 -1.201038122177124 86 94 79
-7.82208251953125 1.470249056816101 -1.2395248413085938 93 109 80
-7.341324806213379 1.1041364669799805 -1.2294167280197144 89 119 67
-7.038477897644043 0.7952376008033752 -1.245910882949829 75 92 60
-6.491702079772949 1.4757349491119385 -1.2244905233383179 91 135 58
-6.3249616622924805 1.1923916339874268 -1.2466753721237183 104 128 94
-6.0128583908081055 0.9072327017784119 -1.2397185564041138 93 114 81
-5.7724103927612305 0.6528040170669556 -1.244431495666504 86 101 62
-5.404630184173584 1.231889009475708 -1.2342888116836548 78 84 48
-5.274881362915039 0.9986242055892944 -1.2492083311080933 101 113 89
-21.493438720703125 4.837831020355225 4.103126049041748 88 132 181
-22.022939682006836 3.2791574001312256 3.699643850326538 100 121 126
-21.22330093383789 4.781697750091553 3.2315568923950195 81 101 108
-23.126453399658203 4.32965612411499 3.2597925662994385 136 160 170
-27.213708877563477 4.071471214294434 3.5449719429016113 121 145 147
-24.239362716674805 5.471898555755615 2.7679755687713623 110 129 127
-21.717315673828125 4.077220916748047 2.240218162536621 131 152 155
-21.797473907470703 3.2743682861328125 2.0265424251556396 84 98 85
-26.27141571044922 2.978837251663208 2.174208164215088 93 109 98
-23.84000587463379 5.387868404388428 1.8210175037384033 89 106 87
-24.637386322021484 4.633449554443359 1.6264313459396362 78 91 81
-22.136878967285156 3.336811065673828 1.235163927078247 101 121 86
-22.294435501098633 2.5397236347198486 1.0244263410568237 104 117 108
-21.993101119995117 4.979746341705322 0.8544524312019348 76 89 72
-22.22465705871582 4.18893575668335 0.638832151889801 66 79 59
-30.502832412719727 4.612558364868164 0.5767228007316589 71 84 58
-29.897417068481445 3.4232795238494873 0.2731207609176636 79 93 78
-22.970966339111328 5.2171759605407715 0.03124585561454296 56 63 56
-19.68144989013672 2.987070083618164 -0.3551211357116699 91 100 83
-17.83807945251465 2.047837495803833 -0.4927540123462677 69 78 59
-23.52791404724121 5.352307319641113 -0.8501938581466675 79 97 57
-20.567188262939453 3.8966097831726074 -0.9366529583930969 89 114 57
-17.415212631225586 2.652139902114868 -0.9574404954910278 68 101 22
-16.254802703857422 1.8741236925125122 -1.0477911233901978 55 86 26
-14.974928855895996 3.415407419204712 -1.102597713470459 66 95 39
-14.311284065246582 2.7206971645355225 -1.1884604692459106 94 126 61
-13.125120162963867 2.003495454788208 -1.208081841468811 62 89 36
-11.9782133102417 1.3833777904510498 -1.2160732746124268 48 78 18
-10.763338088989258 2.45959210395813 -1.2017533779144287 87 126 69
-9.783852577209473 1.866010308265686 -1.1811600923538208 81 116 62
-9.280945777893066 1.4211738109588623 -1.203940749168396 68 84 57
-8.660140037536621 1.0047647953033447 -1.204171895980835 95 115 78
-8.094915390014648 1.8559117317199707 -1.2125962972640991 80 101 68
-7.816565036773682 1.4940545558929443 -1.2393710613250732 71 84 64
-7.344728946685791 1.127702236175537 -1.230560302734375 95 114 69
-7.0095906257629395 0.8137611150741577 -1.241233468055725 90 121 77
-6.473726749420166 1.4925508499145508 -1.2219579219818115 86 118 68
-6.2933125495910645 1.206430435180664 -1.2411607503890991 86 102 75
-6.004236221313477 0.9247806668281555 -1.2385200262069702 93 124 67
-5.77815055847168 0.6714133620262146 -1.2461072206497192 85 114 68
-5.392265796661377 1.246485710144043 -1.232332706451416 95 107 85
-5.268923759460449 1.0142502784729004 -1.2485284805297852 100 101 87
-21.179201126098633 3.208251953125 4.374858856201172 76 136 196
-21.368276596069336 4.878584861755371 4.082070350646973 98 139 183
-21.190401077270508 4.021111488342285 3.795743227005005 66 90 118
-21.68508529663086 3.296886920928955 3.6445696353912354 86 114 136
-21.82181739807129 4.986941814422607 3.3250036239624023 120 152 165
-23.51858901977539 3.5924437046051025 3.065051555633545 117 141 145
-23.62492561340332 2.7358996868133545 2.8334028720855713 103 123 121
-24.156583786010742 5.531154155731201 2.7604477405548096 104 129 110
-21.803407669067383 4.162673473358154 2.2504055500030518 71 88 69
-21.480228424072266 3.29413104057312 1.99797785282135 96 118 116
-21.730199813842773 2.531470775604248 1.7990140914916992 79 93 76
-23.684364318847656 5.4291205406188965 1.8103926181793213 90 112 99
-24.345674514770508 4.6559672355651855 1.608109474182129 116 139 133
-22.20745849609375 3.4171619415283203 1.2396811246871948 83 105 84
-22.069250106811523 2.58268141746521 1.0144383907318115 86 102 89
-23.206819534301758 5.329460144042969 0.9022375345230103 75 93 71
-23.101152420043945 4.427572727203369 0.6644136905670166 77 86 81
-26.919437408447266 4.155202388763428 0.5092095136642456 58 65 47
-22.539714813232422 2.6508989334106445 0.20597954094409943 46 48 35
-22.28148651123047 5.132516384124756 0.030329277738928795 57 71 56
-22.374618530273438 4.300876617431641 -0.18769967555999756 74 84 75
-19.920194625854492 3.0858561992645264 -0.3595980405807495 75 82 66
-20.49127960205078 2.4161462783813477 -0.5662473440170288 78 86 65
-22.107166290283203 5.100488662719727 -0.7994160652160645 93 109 82
-19.967540740966797 3.8464975357055664 -0.9098774194717407 103 126 80
-17.42376708984375 2.7081634998321533 -0.9583630561828613 71 96 39
-16.220237731933594 1.9205809831619263 -1.0459378957748413 52 84 17
-14.961464881896973 3.4606592655181885 -1.1023828983306885 70 99 45
-14.309720039367676 2.7659149169921875 -1.1890296936035156 76 112 50
-13.154336929321289 2.049272060394287 -1.2113441228866577 76 102 57
-11.976877212524414 1.420471429824829 -1.2163742780685425 76 103 48
-10.76058292388916 2.4937241077423096 -1.2022943496704102 103 136 81
-9.61040210723877 1.8635040521621704 -1.160904884338379 72 100 60
-9.3147611618042 1.455613136291504 -1.2089009284973145 67 79 55
-8.727838516235352 1.0397661924362183 -1.2140231132507324 62 79 61
-8.110386848449707 1.8856674432754517 -1.2157747745513916 84 109 69
-7.825523853302002 1.5206670761108398 -1.241525411605835 74 82 61
-7.354879856109619 1.152368187904358 -1.2328475713729858 78 106 57
-6.828094959259033 0.8139290809631348 -1.209531307220459 104 138 88
-6.476778984069824 1.5141961574554443 -1.223405122756958 97 124 83
-6.275126934051514 1.2229154109954834 -1.238308310508728 102 118 91
-5.987819194793701 0.9410672783851624 -1.2357233762741089 91 113 66
-5.773150444030762 0.6887897849082947 -1.2454787492752075 71 92 51
-5.2981343269348145 1.241861343383789 -1.2116851806640625 103 122 94
-5.266743183135986 1.030597448348999 -1.2487550973892212 71 69 70
-20.838537216186523 4.020614147186279 3.734907388687134 71 102 131
-21.61248016357422 3.353719472885132 3.6340794563293457 112 151 180
-21.477825164794922 4.977712631225586 3.2749009132385254 115 138 154
-20.631282806396484 3.9937002658843994 2.911484956741333 95 121 110
-22.981212615966797 3.5825445652008057 2.996436595916748 126 149 157
-24.26128578186035 2.885051965713501 2.910771369934082 78 91 82
-24.01558494567871 5.576466083526611 2.746277332305908 70 90 81
-27.185670852661133 5.276742458343506 2.8075854778289795 99 116 100
-22.277740478515625 3.486422538757324 2.073143482208252 87 104 88
-21.72530174255371 2.5984814167022705 1.799259901046753 114 141 132
-23.6666259765625 5.501532077789307 1.8103183507919312 117 139 118
-22.01559829711914 4.280407905578613 1.4550609588623047 105 127 114
-22.15149688720703 3.4781529903411865 1.2371470928192139 87 99 77
-22.066181182861328 2.650972604751587 1.0146664381027222 77 98 83
-32.893558502197266 7.66033935546875 1.279747486114502 83 93 69
-26.579374313354492 5.178799629211426 0.7649044990539551 45 56 26
-22.206335067749023 3.4974868297576904 0.42025718092918396 93 107 84
-22.597990036010742 2.728066921234131 0.20658759772777557 47 54 46
-22.194549560546875 5.18424654006958 0.030232446268200874 77 98 79
-22.341690063476562 4.365665435791016 -0.18753491342067719 74 87 69
-29.30648422241211 4.632008075714111 -0.5292927622795105 80 86 72
-18.65282440185547 2.257415294647217 -0.515633225440979 86 92 80
-22.0865478515625 5.167150020599365 -0.799239993095398 68 88 51
-20.434070587158203 4.001424789428711 -0.9316912293434143 102 119 75
-17.647136688232422 2.798356771469116 -0.9711166620254517 74 107 38
-16.150867462158203 1.9626303911209106 -1.0418479442596436 44 77 22
-14.958545684814453 3.508366107940674 -1.1029555797576904 71 98 53
-14.100677490234375 2.7704126834869385 -1.1723605394363403 75 99 51
-13.151922225952148 2.0902445316314697 -1.211706519126892 75 102 49
-11.982339859008789 1.458411455154419 -1.217377781867981 67 100 45
-10.76255989074707 2.5289993286132812 -1.2033764123916626 72 109 42
-9.62704849243164 1.8973960876464844 -1.1636134386062622 67 101 50
-9.322006225585938 1.4860572814941406 -1.210427165031433 86 119 62
-8.686260223388672 1.0618501901626587 -1.2086870670318604 78 90 78
-8.116121292114258 1.9132654666900635 -1.2175084352493286 80 112 65
-7.820821762084961 1.5446683168411255 -1.241525411605835 107 117 93
-7.383458614349365 1.180065393447876 -1.238239049911499 77 100 56
-6.907683849334717 0.844917893409729 -1.2240831851959229 79 103 67
-6.531435966491699 1.5481230020523071 -1.2346206903457642 92 119 66
-6.249195575714111 1.2377742528915405 -1.233934760093689 107 114 96
-5.973294258117676 0.9575719833374023 -1.2333261966705322 79 97 55
-5.744804859161377 0.7032901644706726 -1.2398232221603394 79 121 45
-5.274356842041016 1.2533708810806274 -1.2071210145950317 106 132 87
-5.265466690063477 1.0471305847167969 -1.2492083311080933 80 92 72
-22.24402618408203 3.5093042850494385 4.599174499511719 79 137 200
-21.74756622314453 5.105776309967041 4.160434246063232 91 141 192
-21.32830047607422 3.37666392326355 3.5880203247070312 93 144 187
-23.740713119506836 5.578963279724121 3.622534990310669 99 112 131
-20.77249526977539 4.087192058563232 2.933168411254883 89 114 118
-21.932828903198242 3.488069534301758 2.861123561859131 129 162 169
-24.24640655517578 2.9587490558624268 2.9100613594055176 108 125 115
-21.53148651123047 5.06932258605957 2.463977813720703 95 118 98
-21.72865104675293 4.286749839782715 2.2453625202178955 109 127 127
-21.711292266845703 2.664393186569214 1.7987682819366455 79 101 80
-22.093700408935547 5.2073869705200195 1.6912155151367188 110 136 123
-22.10025978088379 4.367276668548584 1.461535096168518 100 112 98
-22.122976303100586 3.5432543754577637 1.2361555099487305 44 57 40
-26.781246185302734 3.300808906555176 1.2319384813308716 75 95 60
-22.111669540405273 5.220992565155029 0.8608894348144531 82 102 77
-21.845888137817383 4.326122283935547 0.6290625929832458 63 79 53
-22.248807907104492 3.574162006378174 0.4212665259838104 49 60 52
-22.47737693786621 2.7834970951080322 0.2055620700120926 36 52 16
-22.091934204101562 5.231803894042969 0.030114391818642616 68 81 63
-22.33799934387207 4.436135768890381 -0.18761728703975677 91 105 88
-20.579021453857422 3.3173418045043945 -0.3718515932559967 73 81 66
-19.599132537841797 2.4329729080200195 -0.5419964790344238 78 86 63
-22.22617530822754 5.271789073944092 -0.8048741221427917 87 105 63
-20.65292739868164 4.110113620758057 -0.9422405362129211 88 105 61
-17.471879959106445 2.8255438804626465 -0.9619449377059937 80 115 47
-16.219039916992188 2.021427869796753 -1.0466407537460327 61 94 25
-14.825444221496582 3.5251691341400146 -1.0939338207244873 72 102 52
-13.8663330078125 2.768580436706543 -1.153577446937561 96 127 68
-13.058938026428223 2.116562843322754 -1.2037323713302612 89 121 72
-12.00446605682373 1.4984933137893677 -1.220086932182312 59 87 38
-10.7595853805542 2.5631585121154785 -1.203917384147644 86 114 65
-9.936662673950195 1.9901067018508911 -1.2017686367034912 84 110 71
-9.309571266174316 1.5133767127990723 -1.2094098329544067 77 102 63
-8.67116641998291 1.0870156288146973 -1.2070451974868774 70 83 63
-8.090965270996094 1.9335565567016602 -1.2146190404891968 65 95 41
-7.798607349395752 1.5651551485061646 -1.238755464553833 81 96 73
-7.405119895935059 1.2068378925323486 -1.242486834526062 95 130 90
-6.899195671081543 0.8653709292411804 -1.2230437994003296 69 92 64
-6.5151801109313965 1.5653966665267944 -1.2324498891830444 107 134 83
-6.245368480682373 1.2569407224655151 -1.233934760093689 102 107 84
-5.970328330993652 0.9758933186531067 -1.2333261966705322 77 92 59
-5.724186420440674 0.7185975313186646 -1.235843300819397 92 107 76
-5.208804607391357 1.2546886205673218 -1.1929937601089478 82 95 67
-5.256501197814941 1.0621224641799927 -1.2478485107421875 55 60 54
-20.8174991607666 4.954856872558594 3.985396385192871 76 131 188
-20.90619659423828 4.166882038116455 3.7515459060668945 102 142 177
-21.315893173217773 3.441767692565918 3.5876922607421875 96 130 167
-24.170804977416992 3.0089595317840576 3.8064234256744385 146 177 197
-21.359317779541016 5.088543891906738 3.2615303993225098 111 135 139
-23.533926010131836 4.705572605133057 3.325117826461792 87 104 98
-21.76146697998047 3.5293025970458984 2.8401684761047363 134 164 175
-24.333772659301758 3.04520583152771 2.92165470123291 117 141 143
-21.450096130371094 5.119666576385498 2.4564497470855713 79 102 86
-21.20814323425293 4.251700401306152 2.1929123401641846 77 90 72
-30.25446128845215 4.925134181976318 2.8182079792022705 86 101 94
-24.10589027404785 3.0333545207977295 1.9979209899902344 112 134 122
-21.939889907836914 5.242236137390137 1.6806648969650269 106 124 110
-21.833358764648438 4.384175777435303 1.4447672367095947 110 133 117
-22.2539005279541 3.6342837810516357 1.2440882921218872 103 120 104
-26.86514663696289 3.3948545455932617 1.2362711429595947 76 93 75
-23.01630401611328 4.631326198577881 0.6631712913513184 76 91 68
-22.144987106323242 3.627211809158325 0.41950950026512146 86 99 82
-22.452857971191406 2.850428581237793 0.20541685819625854 93 107 94
-29.99050521850586 6.051555633544922 -0.252045601606369 75 81 69
-18.211231231689453 2.3174374103546143 -0.5038095712661743 92 104 82
-22.215728759765625 5.341355323791504 -0.8050854206085205 41 49 34
-20.569721221923828 4.159201145172119 -0.9390221238136292 88 120 70
-17.59317970275879 2.9005746841430664 -0.9691086411476135 78 108 46
-16.142478942871094 2.062199115753174 -1.0421035289764404 43 76 19
-14.933828353881836 3.5993828773498535 -1.1027408838272095 79 109 59
-14.043365478515625 2.848756790161133 -1.1690268516540527 95 119 71
-12.986551284790039 2.145740032196045 -1.1976611614227295 66 94 43
-12.080738067626953 1.5456695556640625 -1.2283152341842651 67 88 57
-10.708185195922852 2.585655927658081 -1.1990480422973633 74 101 68
-10.011277198791504 2.0370163917541504 -1.2115428447723389 77 112 56
-9.181588172912598 1.5214993953704834 -1.1933842897415161 72 103 59
-8.748357772827148 1.1239641904830933 -1.2182645797729492 89 114 84
-8.197513580322266 1.9856246709823608 -1.231522798538208 91 130 75
-7.738583564758301 1.5778217315673828 -1.229984164237976 90 99 82
-7.403328895568848 1.2298741340637207 -1.2428135871887207 88 107 77
-6.855480670928955 0.8812592625617981 -1.215767741203308 108 126 88
-6.506525039672852 1.584446907043457 -1.2317264080047607 89 111 75
-6.212627410888672 1.2701956033706665 -1.2282299995422363 94 98 83
-5.962473392486572 0.9934002757072449 -1.2323273420333862 101 121 70
-5.691890716552734 0.7322878241539001 -1.229349970817566 84 101 82
-5.238119602203369 1.278765320777893 -1.2006006240844727 66 93 48
-5.248447895050049 1.0772651433944702 -1.2467154264450073 50 54 37
-20.927461624145508 3.433332681655884 4.331235885620117 77 137 199
-22.345083236694336 4.5249924659729 4.012221813201904 110 142 165
-21.30815315246582 3.5076284408569336 3.588184118270874 89 139 188
-21.081111907958984 5.090662956237793 3.221418857574463 93 108 113
-23.44269371032715 4.762173652648926 3.3142759799957275 105 126 129
-21.937435150146484 3.6269493103027344 2.8645734786987305 141 172 192
-22.87360954284668 5.533655643463135 2.621401309967041 114 137 145
-21.23691749572754 4.325283527374268 2.1972496509552 93 102 97
-22.230955123901367 3.6890316009521484 2.071861743927002 93 114 109
-24.2259578704834 3.1239938735961914 2.008657217025757 76 88 66
-21.916919708251953 5.3078789710998535 1.6801447868347168 108 127 107
-21.822738647460938 4.451737403869629 1.4449613094329834 100 115 110
-22.537141799926758 3.7515625953674316 1.260560154914856 98 116 90
-22.077503204345703 2.8586983680725098 1.0163538455963135 79 92 72
-22.047168731689453 5.348793983459473 0.8596398234367371 89 104 85
-22.878589630126953 4.676692962646484 0.6596136093139648 78 92 69
-22.26491928100586 3.717031717300415 0.42199549078941345 65 77 57
-22.426158905029297 2.916978120803833 0.2052534967660904 84 99 78
-25.019067764282227 6.087369441986084 0.03415475785732269 76 88 66
-28.72770881652832 5.888526916503906 -0.24158352613449097 79 88 69
-20.958637237548828 3.510610580444336 -0.37909314036369324 66 74 59
-18.58962631225586 2.4235680103302 -0.5144810080528259 77 86 69
-22.199235916137695 5.409486770629883 -0.8050854206085205 44 50 50
-20.55686378479004 4.222288608551025 -0.9390221238136292 78 110 47
-17.729936599731445 2.9790236949920654 -0.9771407246589661 65 101 37
-16.206331253051758 2.12090802192688 -1.0466407537460327 54 83 35
-14.750243186950684 3.6030523777008057 -1.0899957418441772 77 110 57
-14.023821830749512 2.889615297317505 -1.1681324243545532 92 116 64
-12.930804252624512 2.1773040294647217 -1.193130373954773 85 111 63
-12.178537368774414 1.5961724519729614 -1.2387510538101196 62 90 41
-10.569841384887695 2.586594820022583 -1.184440016746521 89 108 76
-10.024431228637695 2.0717408657073975 -1.2138981819152832 81 115 64
-9.114283561706543 1.539090871810913 -1.1852444410324097 76 104 53
-8.65058422088623 1.1383910179138184 -1.2051297426223755 72 97 67
-8.205798149108887 2.01430344581604 -1.2336900234222412 61 99 38
-7.717257499694824 1.5981496572494507 -1.2273681163787842 94 105 89
-7.3995208740234375 1.2525813579559326 -1.2428135871887207 100 122 75
-6.959178447723389 0.9163013100624084 -1.2346504926681519 79 96 64
-6.498768329620361 1.603694200515747 -1.231183648109436 94 119 89
-6.205817699432373 1.2886509895324707 -1.2276595830917358 99 113 88
-5.966159820556641 1.0128360986709595 -1.233725666999817 109 115 87
-5.709005832672119 0.752301812171936 -1.233539342880249 81 100 68
-5.219958782196045 1.291313648223877 -1.1973406076431274 107 142 100
-5.231769561767578 1.0905795097351074 -1.2435425519943237 82 108 71
-20.978652954101562 5.129429817199707 4.02219820022583 82 119 163
-22.3349552154541 4.594318866729736 4.012915134429932 90 132 172
-22.404428482055664 3.75872540473938 3.7747154235839844 97 151 189
-22.40806770324707 2.9292545318603516 3.5315914154052734 149 180 198
-21.521772384643555 5.267003536224365 3.291210174560547 125 147 160
-23.398868560791016 4.828066825866699 3.3101587295532227 69 80 74
-21.693437576293945 3.655017614364624 2.8341634273529053 126 155 169
-20.82550048828125 2.736055612564087 2.5023996829986572 121 141 140
-21.21750259399414 5.201961040496826 2.4334230422973633 121 147 144
-23.088306427001953 4.7761712074279785 2.390305757522583 104 137 118
-22.21756935119629 3.756885528564453 2.071678400039673 113 131 135
-24.119430541992188 3.1855149269104004 2.0006256103515625 59 73 58
-22.051616668701172 5.41217565536499 1.6917356252670288 88 111 85
-22.044471740722656 4.567460060119629 1.4605640172958374 67 80 62
-23.603466033935547 4.003523826599121 1.3208832740783691 86 99 90
-22.067638397216797 2.926286220550537 1.0163081884384155 111 131 122
-22.48382568359375 5.5278239250183105 0.8773226737976074 90 104 91
-21.886381149291992 4.543868541717529 0.6314061880111694 95 109 96
-22.295793533325195 3.7925312519073486 0.4227991998195648 70 84 59
-28.364337921142578 3.7778873443603516 0.2597070336341858 72 89 73
-22.473936080932617 5.541201114654541 0.030703336000442505 80 93 73
-22.369646072387695 4.656826496124268 -0.1882351189851761 63 74 57
-26.861318588256836 4.584085941314697 -0.4861110746860504 85 93 72
-18.932859420776367 2.5274124145507812 -0.5241923928260803 67 73 63
-23.773723602294922 5.870482444763184 -0.8628354668617249 77 103 58
-20.610313415527344 4.29920768737793 -0.942061722278595 68 99 40
-17.66855239868164 3.024475336074829 -0.97426438331604 64 96 31
-16.22744369506836 2.1743292808532715 -1.04843008518219 56 89 20
-14.755578994750977 3.652362585067749 -1.0912129878997803 69 104 40
-13.844167709350586 2.896902084350586 -1.1539027690887451 100 128 79
-13.139022827148438 2.253838539123535 -1.2129751443862915 66 91 51
-12.178513526916504 1.6341897249221802 -1.2392528057098389 66 96 46
-10.476944923400879 2.5979552268981934 -1.1749178171157837 94 112 88
-10.020943641662598 2.103097438812256 -1.2142513990402222 82 117 61
-9.109519004821777 1.5670459270477295 -1.1852444410324097 79 107 69
-8.64901351928711 1.1651897430419922 -1.2054033279418945 76 106 70
-8.201499938964844 2.0399467945098877 -1.2339788675308228 78 108 74
-7.670740127563477 1.6130748987197876 -1.2207512855529785 104 117 99
-7.391754150390625 1.2746063470840454 -1.2421600818634033 74 94 59
-6.948525905609131 0.9365950226783752 -1.233264684677124 78 107 59
-6.490001678466797 1.6226704120635986 -1.2304600477218628 80 108 59
-6.190307140350342 1.3052533864974976 -1.2253776788711548 93 115 79
-5.965920925140381 1.0316362380981445 -1.2343250513076782 92 93 85
-5.707640171051025 0.7699439525604248 -1.2337487936019897 93 109 70
-5.2443766593933105 1.3144413232803345 -1.2038607597351074 73 119 29
-5.200765609741211 1.1007764339447021 -1.236970067024231 109 118 87
-21.531877517700195 3.668304681777954 4.460903167724609 80 135 199
-21.210922241210938 5.255237579345703 4.069802761077881 81 137 196
-21.53223991394043 3.6803557872772217 3.6296536922454834 98 135 164
-22.40583038330078 2.9989051818847656 3.532672166824341 141 173 184
-21.821374893188477 5.411335468292236 3.3395497798919678 119 154 174
-23.36552619934082 4.895971298217773 3.307551383972168 104 115 111
-23.28719139099121 3.997051477432251 3.043968915939331 108 136 140
-20.58770751953125 2.7690930366516113 2.4748356342315674 114 141 136
-21.173473358154297 5.260082244873047 2.4302124977111816 123 138 145
-21.15740203857422 4.444465160369873 2.191802978515625 70 78 65
-22.116636276245117 3.809648036956787 2.063347101211548 110 140 150
-24.06905174255371 3.2540228366851807 1.9972654581069946 66 76 77
-22.479108810424805 5.590270519256592 1.7258392572402954 78 91 81
-22.058673858642578 4.64102840423584 1.4624414443969727 74 88 71
-23.58812141418457 4.075409412384033 1.3207180500030518 72 85 76
-22.092212677001953 2.9985432624816895 1.017858862876892 69 82 72
-22.44930648803711 5.592429161071777 0.876641035079956 94 112 90
-22.141315460205078 4.667697906494141 0.6391710042953491 98 113 94
-29.00177764892578 5.0248236656188965 0.5502557754516602 63 76 56
-22.348392486572266 3.04642391204834 0.20470896363258362 77 90 72
-22.43257713317871 5.60406494140625 0.030670175328850746 85 98 78
-22.373844146728516 4.729362964630127 -0.18839165568351746 52 63 57
-23.456512451171875 4.077128887176514 -0.42471843957901 65 78 50
-21.825965881347656 2.9818058013916016 -0.6045439839363098 81 87 75
-23.806987762451172 5.956247329711914 -0.8647018671035767 77 106 52
-20.75242042541504 4.395331382751465 -0.9491690993309021 80 102 56
-17.7093563079834 3.0874133110046387 -0.9770321249961853 72 99 44
-16.100074768066406 2.2075650691986084 -1.0406336784362793 54 86 23
-14.842019081115723 3.7221200466156006 -1.0984447002410889 78 106 57
-13.786468505859375 2.9290053844451904 -1.1498371362686157 86 105 59
-13.131064414978027 2.29396653175354 -1.2128844261169434 64 86 47
-12.129085540771484 1.6654545068740845 -1.2347372770309448 71 98 57
-10.476637840270996 2.632023334503174 -1.175783395767212 96 107 90
-10.01055908203125 2.1330034732818604 -1.2137802839279175 68 95 54
-8.966911315917969 1.5708534717559814 -1.167311191558838 69 96 43
-8.72390365600586 1.2025405168533325 -1.2163491249084473 73 95 59
-8.21919059753418 2.071143388748169 -1.2375907897949219 104 133 85
-7.635799407958984 1.6302053928375244 -1.215980887413025 89 91 80
-7.379063606262207 1.2957422733306885 -1.2406896352767944 52 62 35
-6.966108322143555 0.9607340097427368 -1.2369025945663452 106 137 95
-6.485946178436279 1.6428152322769165 -1.2306410074234009 72 97 57
-6.165153503417969 1.3197178840637207 -1.2211941480636597 88 114 67
-5.98588752746582 1.0540125370025635 -1.239119291305542 99 101 80
-5.708156585693359 0.7878521680831909 -1.234377145767212 84 110 83
-5.23085880279541 1.328122615814209 -1.2016874551773071 109 148 83
-5.212600231170654 1.1200006008148193 -1.2405962944030762 101 124 80
-20.746274948120117 3.6115589141845703 3.499016284942627 100 153 195
-21.93645668029785 3.0046160221099854 3.46010422706604 139 173 174
-20.553699493408203 5.163959980010986 3.147954225540161 114 144 152
-21.627613067626953 3.7805428504943848 2.8285410404205322 118 144 145
-20.697160720825195 2.8484885692596436 2.4890317916870117 112 136 138
-21.139888763427734 5.320650577545166 2.42822003364563 117 137 135
-21.186479568481445 4.518484592437744 2.1962409019470215 79 94 87
-22.76984214782715 3.9941325187683105 2.125420570373535 120 144 156
-21.908754348754883 3.030433177947998 1.8187655210494995 100 113 106
-22.21042823791504 5.595863342285156 1.7065212726593018 92 110 98
-22.55374526977539 4.817492485046387 1.4962365627288818 68 82 57
-21.393390655517578 3.7638468742370605 1.1984741687774658 83 98 79
-26.716581344604492 3.709712266921997 1.231436848640442 78 95 77
-32.28191375732422 8.14713191986084 1.2615724802017212 100 112 88
-23.364364624023438 5.000449180603027 0.6749173402786255 68 83 64
-33.4721565246582 5.905187606811523 0.6354137659072876 97 109 85
-25.465120315551758 6.4447150230407715 0.034843187779188156 43 46 35
-22.22430419921875 4.76902961730957 -0.18725481629371643 72 85 68
-19.292205810546875 2.6959681510925293 -0.5345895290374756 58 66 45
-23.671382904052734 5.99954891204834 -0.8604410290718079 71 79 58
-20.73493194580078 4.458138465881348 -0.9489903450012207 81 109 51
-17.92101287841797 3.180995464324951 -0.9892430305480957 77 118 26
-16.123863220214844 2.2612457275390625 -1.0426148176193237 64 97 28
-14.673920631408691 3.727851390838623 -1.0868452787399292 78 108 56
-13.743317604064941 2.9639337062835693 -1.1469911336898804 77 99 52
-12.89256763458252 2.2930846214294434 -1.1914992332458496 82 110 70
-11.948538780212402 1.6780282258987427 -1.2168760299682617 82 110 61
-10.46466064453125 2.6631722450256348 -1.1753506660461426 55 48 55
-9.988438606262207 2.160346746444702 -1.2118961811065674 90 123 80
-9.14465045928955 1.6309224367141724 -1.191094994544983 81 109 61
-8.717230796813965 1.2288845777511597 -1.2159385681152344 70 96 59
-8.09582805633545 2.066493034362793 -1.219964623451233 97 125 74
-7.634624481201172 1.6544610261917114 -1.2165963649749756 87 96 79
-7.372140407562256 1.3178540468215942 -1.2401995658874512 81 96 63
-7.006038188934326 0.9881533980369568 -1.2445249557495117 56 93 39
-6.483733177185059 1.6634392738342285 -1.231183648109436 96 124 73
-6.156278610229492 1.3375838994979858 -1.2202433347702026 52 81 33
-5.998057842254639 1.0751382112503052 -1.2423155307769775 87 111 79
-5.710554122924805 0.8060441613197327 -1.2354243993759155 64 103 46
-5.261736869812012 1.3531596660614014 -1.2097290754318237 114 150 86
-5.188203811645508 1.1314218044281006 -1.2356102466583252 108 112 97
-21.310712814331055 5.4189629554748535 4.095252513885498 89 141 189
-20.680957794189453 4.452871799468994 3.7229480743408203 93 132 173
-21.464570999145508 3.8044862747192383 3.6221139430999756 99 135 161
-22.886018753051758 3.20623779296875 3.6114163398742676 138 165 172
-26.54427719116211 6.755691051483154 4.0686116218566895 100 127 146
-26.99007225036621 5.82855749130249 3.8256213665008545 116 144 147
-21.523149490356445 3.830368995666504 2.8164026737213135 133 155 153
-22.029691696166992 5.6165266036987305 2.5323939323425293 75 88 71
-23.26506996154785 5.036462306976318 2.4133031368255615 99 125 124
-27.52170181274414 4.91475248336792 2.5703718662261963 94 110 110
-21.880603790283203 3.0949816703796387 1.8172082901000977 76 91 72
-22.131315231323242 5.648195266723633 1.7017661333084106 90 108 110
-22.661739349365234 4.913305759429932 1.5043939352035522 97 113 100
-21.38763999938965 3.830519437789917 1.1988047361373901 97 114 108
-28.26874542236328 4.013674736022949 1.303541660308838 57 70 50
-28.689138412475586 7.334103584289551 1.1220414638519287 84 98 85
-23.953563690185547 5.203454971313477 0.6923952102661133 106 120 95
-27.214797973632812 4.887398719787598 0.5169103145599365 67 81 64
-22.54079246520996 4.909330368041992 -0.1900474578142166 85 98 72
-24.10116195678711 4.3416948318481445 -0.4368650019168854 47 50 39
-22.360429763793945 3.19470477104187 -0.6198791265487671 64 68 54
-23.83871841430664 6.1198554039001465 -0.8672019839286804 64 68 54
-20.77776527404785 4.534084320068359 -0.9515829086303711 82 109 56
-18.140117645263672 3.27732515335083 -1.0018880367279053 65 102 22
-15.855069160461426 2.273170232772827 -1.0256799459457397 59 94 38
-14.711679458618164 3.785529136657715 -1.0904968976974487 83 104 63
-13.786735534667969 3.0175914764404297 -1.1513820886611938 91 115 63
-12.784536361694336 2.3143556118011475 -1.1821659803390503 91 114 70
-11.66954517364502 1.6753705739974976 -1.1889803409576416 67 94 43
-10.506499290466309 2.7081680297851562 -1.180977463722229 74 75 77
-9.974973678588867 2.18949031829834 -1.2110718488693237 74 106 59
-9.14741039276123 1.6603871583938599 -1.1921124458312988 94 122 71
-8.668317794799805 1.2491236925125122 -1.2096447944641113 67 89 50
-8.108611106872559 2.0962743759155273 -1.2228542566299438 101 122 81
-7.638198375701904 1.6797860860824585 -1.2179813385009766 85 95 84
-7.371944904327393 1.3411715030670166 -1.2408530712127686 73 82 63
-7.016621112823486 1.011610507965088 -1.2469502687454224 84 114 60
-6.495733737945557 1.6877752542495728 -1.2344398498535156 98 133 65
-6.163650989532471 1.3590013980865479 -1.2225253582000732 63 88 49
-6.000514507293701 1.0945899486541748 -1.243514060974121 87 103 76
-5.712893009185791 0.8242583274841309 -1.2364717721939087 74 101 56
-5.286842346191406 1.3769222497940063 -1.2164666652679443 84 131 63
-5.153326034545898 1.140389084815979 -1.2281312942504883 116 134 108
-21.784025192260742 3.099853038787842 4.275447845458984 83 137 197
-22.10321044921875 5.692735195159912 4.250882148742676 84 122 161
-21.257003784179688 4.645185470581055 3.8291940689086914 105 142 171
-21.508132934570312 3.8803038597106934 3.6314566135406494 92 113 130
-22.881942749023438 3.2772765159606934 3.6123428344726562 126 146 155
-26.57131576538086 6.849441051483154 4.075957775115967 92 106 117
-20.856033325195312 4.570914268493652 2.9581456184387207 103 120 104
-21.584489822387695 3.9096405506134033 2.8259856700897217 103 122 120
-22.39630889892578 5.783231258392334 2.5765655040740967 104 130 121
-23.30781364440918 5.12062406539917 2.4193551540374756 135 165 165
-21.95718765258789 3.9906065464019775 2.051811456680298 95 109 109
-24.50365447998047 3.542722463607788 2.0359485149383545 84 102 90
-22.11967658996582 5.717564105987549 1.7022119760513306 76 90 75
-28.253429412841797 7.315136909484863 1.1058733463287354 35 40 34
-21.8133544921875 4.8086628913879395 0.630954384803772 100 119 87
-22.361665725708008 4.086699962615967 0.4249674379825592 95 112 96
-28.472185134887695 4.148456573486328 0.26114097237586975 102 117 98
-28.20203399658203 7.321791172027588 0.03864876925945282 82 97 78
-26.95068359375 5.95645809173584 -0.22738145291805267 93 111 85
-24.5981388092041 4.509181022644043 -0.44612202048301697 73 84 68
-22.197208404541016 3.24090576171875 -0.6156269907951355 64 68 53
-23.69699478149414 6.161026477813721 -0.8627299070358276 35 38 29
-21.07782745361328 4.667354583740234 -0.9659764170646667 87 108 67
-18.12015724182129 3.3311574459075928 -1.0013452768325806 74 105 37
-15.828271865844727 2.318908929824829 -1.0244017839431763 57 93 23
-14.704822540283203 3.8319036960601807 -1.0908548831939697 83 106 62
-13.765737533569336 3.057281255722046 -1.1504062414169312 86 107 66
-12.766602516174316 2.3515827655792236 -1.1811691522598267 69 96 45
-11.815949440002441 1.7334040403366089 -1.2044332027435303 78 110 61
-10.511608123779297 2.743903875350952 -1.1824923753738403 53 63 54
-9.960454940795898 2.218355655670166 -1.2101296186447144 84 109 70
-9.153002738952637 1.6904247999191284 -1.1935116052627563 104 131 80
-8.631123542785645 1.270805835723877 -1.2049927711486816 65 92 51
-8.073423385620117 2.1136231422424316 -1.2185198068618774 67 92 52
-7.617578506469727 1.6997687816619873 -1.2155191898345947 118 146 98
-7.3823466300964355 1.3664754629135132 -1.243303656578064 95 114 84
-7.007637977600098 1.0322712659835815 -1.245910882949829 82 104 66
-6.487671375274658 1.7069451808929443 -1.233897089958191 72 100 49
-6.211188316345215 1.3894784450531006 -1.2327938079833984 85 110 71
-5.998091697692871 1.1131728887557983 -1.2437138557434082 94 108 83
-5.7122721672058105 0.8420665264129639 -1.2368906736373901 83 108 51
-5.292975425720215 1.3958736658096313 -1.2188575267791748 77 117 47
-5.105137825012207 1.1461659669876099 -1.2174795866012573 92 101 82
-20.862308502197266 5.441442489624023 4.0154242515563965 75 142 197
-21.12727165222168 4.684794902801514 3.8083956241607666 96 140 175
-21.31760025024414 3.91349720954895 3.601296901702881 94 123 139
-22.368318557739258 3.2737762928009033 3.5328264236450195 127 141 144
-21.82913589477539 4.854419231414795 3.098264694213867 132 165 170
-21.66115379333496 3.9922008514404297 2.837613105773926 93 108 89
-30.278112411499023 4.451409339904785 3.646005630493164 131 159 162
-26.86107635498047 7.024108409881592 3.0926756858825684 54 65 51
-24.168867111206055 5.387574195861816 2.510436534881592 127 151 151
-22.907394409179688 4.235942840576172 2.1418087482452393 127 156 152
-24.081533432006836 3.557152032852173 2.0017731189727783 76 88 88
-27.171701431274414 7.112430095672607 2.092658042907715 82 103 88
-23.59438133239746 5.267294406890869 1.5684230327606201 89 106 88
-35.95637512207031 6.667731285095215 2.0176563262939453 99 117 103
-31.18632698059082 4.623307704925537 1.4393595457077026 56 68 44
-27.636388778686523 7.2459211349487305 1.0825865268707275 81 95 80
-22.108707427978516 4.944945812225342 0.6399333477020264 81 98 66
-22.254655838012695 4.137740135192871 0.42317304015159607 74 85 68
-28.1407527923584 7.398109436035156 0.038595713675022125 67 72 52
-22.944448471069336 5.144908428192139 -0.19371330738067627 90 105 86
-26.183361053466797 4.882850170135498 -0.4751417338848114 74 82 61
-22.264278411865234 3.3204917907714844 -0.6177667379379272 82 97 78
-23.88479995727539 6.288147926330566 -0.870265543460846 69 95 47
-21.022472381591797 4.722801208496094 -0.9640990495681763 91 115 67
-18.09709358215332 3.384347677230835 -1.0006399154663086 88 117 59
-16.382667541503906 2.451493740081787 -1.060763955116272 53 91 30
-14.747004508972168 3.8912501335144043 -1.0948646068572998 84 106 68
-13.741707801818848 3.0962133407592773 -1.149186611175537 75 92 56
-12.745624542236328 2.3881711959838867 -1.1799005270004272 79 101 62
-11.707260131835938 1.7541662454605103 -1.1938971281051636 77 92 63
-10.534856796264648 2.7845234870910645 -1.1860631704330444 79 74 68
-9.93907356262207 2.2456207275390625 -1.2083632946014404 81 94 66
-9.11950397491455 1.7131870985031128 -1.1898231506347656 83 116 63
-8.613470077514648 1.295217514038086 -1.2030773162841797 60 88 50
-8.069770812988281 2.1391427516937256 -1.218953251838684 78 93 60
-7.685569763183594 1.7397102117538452 -1.2272143363952637 99 124 66
-7.388784408569336 1.3911256790161133 -1.2451008558273315 87 102 79
-6.978142261505127 1.0498095750808716 -1.241233468055725 120 148 110
-6.493808269500732 1.7298790216445923 -1.2360678911209106 105 138 67
-6.182003498077393 1.4028786420822144 -1.2278497219085693 84 118 67
-5.993685245513916 1.1313878297805786 -1.243514060974121 100 114 88
-5.727066516876221 0.86220782995224 -1.2406611442565918 75 109 59
-5.297155380249023 1.4143718481063843 -1.220813512802124 65 95 45
-5.086402893066406 1.158362627029419 -1.2138534784317017 46 47 39
-21.20142364501953 3.1497914791107178 4.164818286895752 81 140 200
-21.927600860595703 4.93289041519165 3.9553723335266113 78 117 150
-21.09894561767578 3.9403069019317627 3.5663840770721436 101 128 155
-21.682960510253906 3.2414467334747314 3.426136016845703 128 152 162
-27.027978897094727 7.144301414489746 4.152654647827148 91 123 136
-24.20851707458496 5.461549282073975 3.438338279724121 114 143 151
-31.40143394470215 4.715022087097168 3.782996892929077 111 131 132
-21.449613571166992 5.679387092590332 2.471616268157959 122 143 136
-24.143489837646484 5.459722995758057 2.509528636932373 59 75 64
-21.94011688232422 4.126730918884277 2.052543878555298 114 139 133
-24.01630401611328 3.62283992767334 1.9972654581069946 75 91 78
-26.76417350769043 7.093564033508301 2.0629382133483887 92 113 98
-23.419469833374023 5.30372953414917 1.5578702688217163 92 105 87
-27.765663146972656 7.370928764343262 1.088531255722046 100 118 96
-22.072961807250977 5.008106231689453 0.6393404006958008 73 89 62
-22.132808685302734 4.185375690460205 0.4210982918739319 94 108 83
-27.87675666809082 4.236540794372559 0.2559134364128113 69 84 61
-28.08120346069336 7.474634647369385 0.03854530677199364 78 89 75
-22.897354125976562 5.208179473876953 -0.1934497058391571 59 67 44
-26.53368377685547 5.032464504241943 -0.4817768335342407 82 90 69
-19.58576011657715 2.982471227645874 -0.5436972975730896 83 96 76
-23.746620178222656 6.32973575592041 -0.8659343123435974 79 101 62
-21.30691146850586 4.855417728424072 -0.9778221249580383 92 116 66
-18.07681655883789 3.4379873275756836 -1.0000971555709839 98 123 65
-16.16987419128418 2.4703943729400635 -1.0474716424942017 54 89 21
-14.602015495300293 3.9009487628936768 -1.0849835872650146 81 100 70
-13.654413223266602 3.1205930709838867 -1.14268159866333 85 97 73
-12.725519180297852 2.424839735031128 -1.1787225008010864 68 84 57
-11.716574668884277 1.7923320531845093 -1.1954022645950317 78 102 50
-10.38509464263916 2.7790536880493164 -1.1701565980911255 87 94 76
-9.88083553314209 2.2643463611602783 -1.2021218538284302 81 101 66
-9.228192329406738 1.7629332542419434 -1.2047038078308105 78 112 52
-8.579102516174316 1.3169777393341064 -1.198835849761963 81 113 66
-8.091839790344238 2.1715846061706543 -1.223287582397461 74 90 63
-7.681159496307373 1.7635021209716797 -1.2273681163787842 76 110 60
-7.395140647888184 1.4158283472061157 -1.2468980550765991 102 118 92
-6.957365989685059 1.0685220956802368 -1.2381151914596558 106 136 98
-6.483723163604736 1.7485133409500122 -1.2351634502410889 93 130 78
-6.188194751739502 1.4242604970932007 -1.229941487312317 85 125 75
-5.98441219329834 1.1486625671386719 -1.2423155307769775 89 96 78
-5.787214756011963 0.889428973197937 -1.2542762756347656 66 90 54
-5.303156852722168 1.4334182739257812 -1.2232043743133545 62 100 27
-5.0875701904296875 1.1750578880310059 -1.2149865627288818 77 93 57
-22.24552345275879 5.948239803314209 4.288599491119385 81 134 188
-21.033794403076172 4.799660682678223 3.7967827320098877 88 140 200
-23.374919891357422 4.439610958099365 3.953378677368164 120 157 173
-22.882064819335938 3.4925076961517334 3.617283344268799 142 172 180
-22.72710418701172 6.082110404968262 3.494706869125366 94 119 116
-21.190624237060547 4.849067687988281 3.011805295944214 125 149 159
-23.024564743041992 4.389723777770996 3.0196917057037354 126 156 156
-22.623401641845703 6.064514636993408 2.6090023517608643 92 115 109
-21.571414947509766 4.947696208953857 2.243748426437378 70 87 68
-21.819766998291016 4.173444747924805 2.042473077774048 100 122 119
-27.619726181030273 7.4110822677612305 2.1306252479553223 90 102 88
-23.634559631347656 5.428722381591797 1.5732786655426025 85 101 88
-27.64041519165039 5.301257610321045 1.552810549736023 88 102 85
-22.02044105529785 3.4026973247528076 1.0172659158706665 89 108 86
-27.640626907348633 7.428586006164551 1.0845177173614502 76 88 74
-22.099380493164062 5.085440635681152 0.6405545473098755 58 67 64
-22.399686813354492 4.307064056396484 0.42642533779144287 86 103 84
-29.477262496948242 4.572343349456787 0.27073386311531067 34 47 29
-28.42215347290039 7.658841609954834 0.03904537856578827 61 71 60
-26.918106079101562 6.209648132324219 -0.22757916152477264 85 97 83
-30.240924835205078 5.831763744354248 -0.549412190914154 82 93 76
-22.68798065185547 3.526122808456421 -0.6301116943359375 80 90 66
-23.783052444458008 6.417660713195801 -0.867976725101471 67 94 49
-21.29483413696289 4.921438217163086 -0.9779561758041382 73 109 39
-18.313234329223633 3.5412018299102783 -1.0137733221054077 66 101 17
-16.352527618408203 2.549663782119751 -1.0598053932189941 51 84 29
-14.810469627380371 4.005358695983887 -1.101380467414856 81 96 65
-13.60496711730957 3.153243064880371 -1.139347791671753 94 110 71
-12.835345268249512 2.4865989685058594 -1.1895962953567505 84 95 78
-11.6982421875 1.8262745141983032 -1.194097876548767 87 108 69
-10.483989715576172 2.8400142192840576 -1.1822758913040161 107 121 96
-9.856431007385254 2.2906033992767334 -1.2000020742416382 63 71 48
-9.308424949645996 1.8078782558441162 -1.2158962488174438 80 103 57
-8.526089668273926 1.335626482963562 -1.1919947862625122 87 112 73
-8.079410552978516 2.194843292236328 -1.2224206924438477 97 120 92
-7.668014049530029 1.7852668762207031 -1.2261371612548828 91 120 74
-7.399477481842041 1.4402059316635132 -1.2483683824539185 87 106 78
-6.9443254470825195 1.0883370637893677 -1.2363829612731934 67 94 61
-6.480225563049316 1.768914818763733 -1.2355252504348755 93 116 64
-6.163719177246094 1.4385530948638916 -1.2259482145309448 109 135 90
-5.967396259307861 1.164389967918396 -1.2395188808441162 93 92 87
-5.769002437591553 0.9047556519508362 -1.250924825668335 76 96 59
-5.359930992126465 1.4664243459701538 -1.2373316287994385 74 111 34
-5.073509693145752 1.1882177591323853 -1.212493658065796 89 114 49
-20.795604705810547 3.2200381755828857 4.088903427124023 80 141 198
-21.9083251953125 5.930155277252197 4.227080345153809 77 132 188
-22.438081741333008 5.192576885223389 4.053125381469727 81 142 196
-20.453510284423828 3.949798345565796 3.4613165855407715 78 97 103
-21.662662506103516 3.374429941177368 3.426136016845703 91 111 120
-22.65773582458496 6.138099193572998 3.486919403076172 101 133 146
-21.152488708496094 4.908682823181152 3.008511543273926 110 133 139
-23.05674934387207 4.469211578369141 3.0256969928741455 128 145 139
-22.244043350219727 6.036030292510986 2.5673770904541016 115 136 119
-24.01069450378418 5.584772109985352 2.4992403984069824 112 129 111
-21.985740661621094 4.275150299072266 2.059227228164673 87 106 86
-22.261493682861328 6.046606063842773 1.718706488609314 68 79 62
-23.558509826660156 5.48739767074585 1.5693295001983643 100 119 100
-21.820301055908203 4.254443645477295 1.2265698909759521 112 131 111
-22.15692710876465 3.4934206008911133 1.0240614414215088 100 117 99
-28.017864227294922 7.622213363647461 1.100231409072876 92 100 87
-22.148895263671875 5.168436050415039 0.6424462795257568 98 116 92
-22.62088966369629 4.421605587005615 0.43089258670806885 69 81 61
-29.187538146972656 4.619147777557373 0.2682017683982849 98 113 90
-28.006832122802734 7.63916540145874 0.03850683942437172 75 87 63
-22.1940975189209 5.191647529602051 -0.18777380883693695 55 66 62
-30.284704208374023 5.936631202697754 -0.5505358576774597 86 97 83
-19.805030822753906 3.1403188705444336 -0.5503087043762207 83 93 69
-23.89339828491211 6.526144027709961 -0.8727304935455322 65 83 43
-21.281579971313477 4.9872026443481445 -0.9780455827713013 68 106 23
-18.393404006958008 3.615279197692871 -1.0188204050064087 70 108 31
-16.348569869995117 2.600447654724121 -1.060060977935791 52 82 28
-15.00783634185791 4.108186721801758 -1.1169896125793457 91 107 80
-13.537983894348145 3.1815147399902344 -1.1345504522323608 89 108 76
-12.713333129882812 2.503453493118286 -1.1789944171905518 75 88 58
-11.671950340270996 1.8588694334030151 -1.191990613937378 88 112 78
-10.49056625366211 2.876371145248413 -1.1840072870254517 85 105 77
-9.732401847839355 2.2932732105255127 -1.1857527494430542 75 89 66
-9.351490020751953 1.8460323810577393 -1.2222554683685303 81 117 69
-8.558144569396973 1.3675613403320312 -1.1970571279525757 62 99 47
-8.070731163024902 2.2190957069396973 -1.2221318483352661 114 134 99
-7.631727695465088 1.8015193939208984 -1.2212128639221191 93 128 74
-7.395991802215576 1.4630918502807617 -1.2485318183898926 90 105 84
-6.9691572189331055 1.1141456365585327 -1.2414066791534424 78 82 67
-6.46339225769043 1.7856446504592896 -1.2333544492721558 81 113 50
-6.157365322113037 1.4570040702819824 -1.2255678176879883 91 130 77
-5.961873531341553 1.182310938835144 -1.239119291305542 84 89 83
-5.791303634643555 0.9264664649963379 -1.2563709020614624 85 116 72
-5.359169960021973 1.483903408050537 -1.2382010221481323 66 93 42
-5.085002422332764 1.207377552986145 -1.2161197662353516 84 104 79
-22.457244873046875 3.5479140281677246 4.417740345001221 78 137 197
-22.177318572998047 6.076051712036133 4.282557487487793 87 138 193
-21.452678680419922 5.033926963806152 3.8778975009918213 97 138 192
-20.799457550048828 4.082835674285889 3.5219640731811523 102 126 138
-21.723438262939453 3.4521937370300293 3.4374072551727295 115 140 144
-27.144235610961914 7.442979335784912 4.180865287780762 110 134 136
-21.57508087158203 5.076556205749512 3.070817232131958 120 148 160
-21.22713279724121 4.182178497314453 2.7872700691223145 104 128 140
-21.234270095825195 3.3885176181793213 2.56178617477417 117 145 148
-29.458192825317383 8.090737342834473 3.4028730392456055 53 66 56
-21.493202209472656 5.068772792816162 2.2388060092926025 111 129 113
-21.927583694458008 4.333700656890869 2.055015802383423 115 142 137
-28.797801971435547 7.916928291320801 2.2252092361450195 86 105 86
-22.777238845825195 5.379143238067627 1.5183780193328857 101 118 100
-23.96092414855957 4.748166561126709 1.3477119207382202 107 126 106
-22.18851661682129 3.5682010650634766 1.0260225534439087 53 67 44
-27.24190902709961 7.500954627990723 1.0706591606140137 84 101 83
-22.034687042236328 5.2131195068359375 0.6395944952964783 82 100 86
-22.228681564331055 4.415787696838379 0.4236777126789093 71 79 64
-29.57501220703125 4.773521423339844 0.27189552783966064 62 75 57
-27.9822998046875 7.72478723526001 0.03850551322102547 100 113 93
-22.17806625366211 5.259713649749756 -0.18777380883693695 81 99 75
-30.228107452392578 6.021897315979004 -0.5498402118682861 82 90 75
-21.133407592773438 3.417447805404663 -0.5875080227851868 78 87 66
-23.882896423339844 6.60207986831665 -0.8730826377868652 64 91 40
-21.213693618774414 5.0400004386901855 -0.9756317138671875 77 115 32
-18.47231101989746 3.6896862983703613 -1.0238133668899536 67 106 23
-16.34149932861328 2.650751829147339 -1.0601248741149902 61 99 16
-15.035533905029297 4.165395736694336 -1.1199969053268433 67 79 59
-13.435081481933594 3.2008581161499023 -1.1267443895339966 74 98 64
-12.708521842956543 2.543031930923462 -1.179266333580017 84 99 80
-11.751633644104004 1.908545970916748 -1.2007205486297607 91 111 74
-10.482650756835938 2.9088082313537598 -1.1841155290603638 98 126 75
-9.743672370910645 2.327504873275757 -1.1879903078079224 65 79 54
-9.355507850646973 1.8766645193099976 -1.223527431488037 69 102 55
-8.558797836303711 1.394607424736023 -1.1977412700653076 74 103 72
-8.011453628540039 2.2292563915252686 -1.2141854763031006 68 91 62
-7.673252105712891 1.8361926078796387 -1.2287530899047852 88 118 66
-7.389533996582031 1.4853867292404175 -1.2482050657272339 85 99 73
-6.986119270324707 1.138849139213562 -1.2450445890426636 97 109 89
-6.432309627532959 1.7983158826828003 -1.2284702062606812 67 94 51
-6.166231632232666 1.4790936708450317 -1.2282299995422363 33 63 11
-5.953415870666504 1.199628472328186 -1.2381205558776855 101 106 86
-5.788434028625488 0.9442296028137207 -1.2563709020614624 74 100 63
-5.351772308349609 1.499548077583313 -1.2375489473342896 81 130 49
-5.068964004516602 1.2200095653533936 -1.213173508644104 91 137 75
-22.183202743530273 6.150891304016113 4.287317752838135 82 117 155
-21.323116302490234 5.072595596313477 3.857272148132324 76 127 190
-23.086376190185547 4.605349063873291 3.911581039428711 106 135 143
-21.61028289794922 5.996908187866211 3.3313214778900146 92 118 105
-21.40813446044922 5.106639862060547 3.0492711067199707 127 160 177
-21.066381454467773 4.217687606811523 2.767848253250122 85 109 93
-21.26297950744629 3.4600272178649902 2.5665183067321777 145 169 179
-21.993053436279297 6.113050937652588 2.542689561843872 105 122 132
-21.363370895385742 5.107391834259033 2.2269039154052734 103 128 125
-27.937021255493164 5.610499382019043 2.6198110580444336 57 72 53
-22.035680770874023 5.275441646575928 1.4700162410736084 88 106 90
-21.933757781982422 4.416434288024902 1.234447717666626 103 120 114
-22.153806686401367 3.632378578186035 1.0249279737472534 79 93 80
-33.88484191894531 9.441994667053223 1.332871437072754 81 96 73
-34.350826263427734 8.238324165344238 0.9978204965591431 68 83 64
-22.85696792602539 4.613534450531006 0.4359205663204193 92 107 74
-33.221832275390625 5.466763019561768 0.30557504296302795 57 69 55
-21.68798065185547 3.5754387378692627 -0.6032271981239319 78 86 73
-23.86541748046875 6.676128387451172 -0.8731882572174072 73 93 58
-21.256406784057617 5.119093418121338 -0.9783138036727905 47 64 28
-18.555828094482422 3.765604257583618 -1.0290776491165161 77 114 37
-16.33131980895996 2.7005484104156494 -1.0599969625473022 60 95 29
-15.048614501953125 4.21877384185791 -1.1219301223754883 78 97 67
-13.425198554992676 3.2420613765716553 -1.1267443895339966 77 103 66
-12.684069633483887 2.578636407852173 -1.1777257919311523 65 88 46
-11.778115272521973 1.949953317642212 -1.2040319442749023 102 119 85
-10.564602851867676 2.9664859771728516 -1.1943951845169067 73 106 53
-9.772196769714355 2.3660333156585693 -1.1923476457595825 72 85 65
-9.389554023742676 1.9134783744812012 -1.228742003440857 93 121 81
-8.562295913696289 1.4221572875976562 -1.198835849761963 76 103 62
-7.845513820648193 2.209038019180298 -1.1900578737258911 89 125 79
-7.681025981903076 1.8629858493804932 -1.2309074401855469 70 115 34
-7.369476795196533 1.504892349243164 -1.2455910444259644 97 105 81
-7.009795665740967 1.1647971868515015 -1.2498952150344849 87 102 73
-6.3822832107543945 1.805458903312683 -1.2199680805206299 96 116 79
-6.161664962768555 1.49800443649292 -1.2282299995422363 73 109 39
-5.941067695617676 1.2161191701889038 -1.2363226413726807 67 80 62
-5.786474227905273 0.9621441960334778 -1.2565803527832031 89 106 74
-5.345268726348877 1.515427589416504 -1.2371143102645874 75 105 51
-5.0595197677612305 1.2341703176498413 -1.2118136882781982 84 105 64
-22.109331130981445 6.203516006469727 4.276698589324951 86 130 177
-21.446279525756836 5.17146635055542 3.88240385055542 67 106 149
-22.65447425842285 4.59150505065918 3.8407716751098633 89 118 132
-21.278785705566406 3.515526294708252 3.3703978061676025 129 158 172
-21.204193115234375 5.954339981079102 3.27152156829834 58 81 87
-21.555078506469727 5.211636066436768 3.0724639892578125 82 96 107
-23.471435546875 4.774144172668457 3.0857510566711426 112 141 149
-21.591201782226562 3.5814664363861084 2.607450008392334 124 145 148
-22.108139038085938 6.21816873550415 2.5581884384155273 107 124 116
-20.9385929107666 5.073800086975098 2.1842379570007324 106 129 111
-21.4302921295166 4.372215747833252 2.0108869075775146 104 127 117
-21.980602264404297 5.333608627319336 1.4674265384674072 98 110 90
-21.903474807739258 4.480303764343262 1.233511209487915 118 140 137
-22.62239646911621 3.7805159091949463 1.0471386909484863 87 102 83
-22.22467613220215 4.5569167137146 0.4241263270378113 41 48 41
-33.560916900634766 5.628365993499756 0.30885133147239685 87 99 75
-33.69080352783203 9.523534774780273 0.04644033685326576 68 79 63
-22.443641662597656 5.4683685302734375 -0.19030283391475677 79 90 76
-29.947708129882812 6.157323360443115 -0.5454168319702148 74 83 66
-23.852514266967773 6.751492023468018 -0.8734699487686157 62 75 47
-21.192075729370117 5.172439098358154 -0.9760787487030029 79 89 65
-18.647850036621094 3.8438830375671387 -1.0348302125930786 87 120 51
-16.241281509399414 2.7368760108947754 -1.0546929836273193 64 101 24
-15.079741477966309 4.2774434089660645 -1.1252238750457764 95 111 74
-13.472307205200195 3.297213315963745 -1.1315418481826782 82 105 61
-12.522974967956543 2.585919141769409 -1.163499116897583 89 114 72
-11.786794662475586 1.988561749458313 -1.2055370807647705 82 91 60
-10.47512435913086 2.976062297821045 -1.1853057146072388 84 112 63
-9.77164363861084 2.3976595401763916 -1.1931719779968262 82 90 69
-9.415691375732422 1.9489105939865112 -1.2329391241073608 80 117 65
-8.686817169189453 1.4702398777008057 -1.2168962955474854 50 84 33
-7.7844557762146 2.217644214630127 -1.181822657585144 72 99 66
-7.591794967651367 1.866023302078247 -1.2175196409225464 76 98 60
-7.279816150665283 1.5098633766174316 -1.2312138080596924 87 99 77
-7.049886703491211 1.1936964988708496 -1.2576907873153687 92 106 81
-6.289724349975586 1.8001344203948975 -1.2033255100250244 91 106 73
-6.152274131774902 1.5157270431518555 -1.2272793054580688 95 122 77
-5.932512283325195 1.233343243598938 -1.2353239059448242 103 106 95
-5.788315773010254 0.9807090759277344 -1.2576277256011963 95 125 73
-5.3377790451049805 1.5310120582580566 -1.2364622354507446 95 122 69
-5.045309066772461 1.2471160888671875 -1.2093207836151123 92 115 73
-20.560894012451172 3.4425694942474365 4.050755500793457 84 140 199
-21.233230590820312 5.1890740394592285 3.8466994762420654 81 143 202
-20.72235107421875 4.266139030456543 3.5154073238372803 101 137 149
-21.591367721557617 3.6352529525756836 3.421658515930176 128 166 179
-21.544536590576172 6.121283531188965 3.326913833618164 96 125 143
-20.53361701965332 5.031393527984619 2.929051399230957 90 110 108
-23.425596237182617 4.839709758758545 3.081662178039551 55 67 63
-23.345413208007812 3.9460794925689697 2.8207449913024902 118 144 143
-22.09373664855957 6.287326335906982 2.558741807937622 105 126 119
-22.978023529052734 5.64268159866333 2.3987784385681152 135 161 162
-21.419702529907227 4.438548564910889 2.0111615657806396 82 95 77
-27.185338973999023 7.74345064163208 2.106032133102417 85 103 87
-22.349811553955078 5.4958577156066895 1.4931936264038086 93 110 92
-22.106657028198242 4.592568397521973 1.2457410097122192 86 103 85
-22.55948257446289 3.8411834239959717 1.0447670221328735 65 83 57
-27.538799285888672 7.856082916259766 1.0851235389709473 58 72 55
-32.32351303100586 7.962170124053955 0.9403327107429504 48 56 35
-22.18220329284668 4.619168281555176 0.4235842525959015 68 81 64
-22.385011672973633 5.526891708374023 -0.18994860351085663 52 63 46
-22.381668090820312 4.673340797424316 -0.4078809916973114 70 81 64
-21.833133697509766 3.737116813659668 -0.6078908443450928 85 89 72
-23.82784652709961 6.823538303375244 -0.8733291029930115 61 89 38
-21.17804718017578 5.237911224365234 -0.976168155670166 77 90 70
-18.680927276611328 3.9104866981506348 -1.037326693534851 74 110 36
-16.143301010131836 2.77132511138916 -1.048877477645874 59 95 25
-15.071341514587402 4.3250627517700195 -1.1255818605422974 95 116 85
-13.539519309997559 3.357722759246826 -1.1380467414855957 80 108 67
-12.714794158935547 2.666226387023926 -1.1820753812789917 80 106 59
-11.770832061767578 2.0230283737182617 -1.2045336961746216 73 98 58
-10.385687828063965 2.9851174354553223 -1.1762163639068604 79 107 69
-9.77387809753418 2.430022954940796 -1.1943495273590088 68 87 68
-9.430051803588867 1.9820728302001953 -1.235610008239746 79 117 58
-8.600265502929688 1.4827463626861572 -1.2054033279418945 94 132 71
-7.71486234664917 2.223430633544922 -1.1722872257232666 71 101 51
-7.583158016204834 1.8885895013809204 -1.2170580625534058 96 117 86
-7.186334133148193 1.513485312461853 -1.216183066368103 83 92 73
-7.056867599487305 1.217160940170288 -1.2595964670181274 72 82 47
-6.245439529418945 1.8082084655761719 -1.195908784866333 88 117 63
-6.140927314758301 1.5329303741455078 -1.2259482145309448 101 119 81
-5.925824165344238 1.250930905342102 -1.234724521636963 92 102 91
-5.776607990264893 0.9969660639762878 -1.2557425498962402 80 109 65
-5.320870399475098 1.5438449382781982 -1.233636736869812 78 102 50
-5.060355186462402 1.2673213481903076 -1.2138534784317017 94 133 68
-20.933427810668945 3.5710017681121826 4.126288890838623 75 122 168
-22.048171997070312 6.332546234130859 4.272304058074951 97 146 186
-21.81279182434082 5.401680946350098 3.954679012298584 81 131 180
-22.065828323364258 4.6133341789245605 3.7457029819488525 111 155 194
-21.510000228881836 3.689451217651367 3.4105417728424072 130 155 159
-22.434478759765625 6.448585510253906 3.4673779010772705 91 110 116
-20.53635025024414 5.098901271820068 2.931658983230591 103 123 130
-23.401901245117188 4.909722805023193 3.080512285232544 139 173 183
-21.696035385131836 3.7357852458953857 2.6228291988372803 114 130 130
-21.320283889770508 5.304999828338623 2.2274081707000732 100 120 108
-23.15416717529297 4.872094631195068 2.1754090785980225 95 118 90
-22.100433349609375 3.820908546447754 1.8443357944488525 117 137 146
-27.329147338867188 7.8751397132873535 2.1190345287323 84 103 83
-22.6427001953125 5.641602993011475 1.5139108896255493 99 112 102
-22.44124412536621 4.733944416046143 1.2654080390930176 91 114 94
-23.183429718017578 4.02064847946167 1.0742292404174805 40 53 35
-27.81123924255371 8.026151657104492 1.0968236923217773 68 83 64
-22.45301055908203 5.6039137840271 0.653684139251709 93 107 84
-22.15618896484375 4.684719085693359 0.4233599603176117 68 79 65
-22.400415420532227 3.8981432914733887 0.20636071264743805 80 90 81
-27.27361297607422 6.822737216949463 -0.23160746693611145 76 88 74
-22.376026153564453 4.7438507080078125 -0.40804147720336914 75 86 69
-21.628551483154297 3.770434856414795 -0.6025139689445496 94 104 79
-23.74632453918457 6.879090309143066 -0.8711106777191162 80 89 60
-21.32758331298828 5.344383239746094 -0.9838119149208069 100 118 80
-18.920835494995117 4.021337985992432 -1.0513285398483276 89 128 49
-16.421772003173828 2.8710238933563232 -1.067537784576416 69 107 22
-15.138463973999023 4.394638538360596 -1.1315964460372925 95 121 76
-13.588119506835938 3.4140610694885254 -1.1430069208145142 81 107 68
-12.717268943786621 2.707503318786621 -1.1830720901489258 89 114 74
-11.63912296295166 2.0371744632720947 -1.1916894912719727 88 109 68
-10.268610954284668 2.985603094100952 -1.1639889478683472 100 131 74
-9.77022933959961 2.460967779159546 -1.1948206424713135 71 89 63
-9.423927307128906 2.0109944343566895 -1.235610008239746 70 98 58
-8.598603248596191 1.5096385478973389 -1.2058137655258179 70 101 44
-7.707054138183594 2.246811866760254 -1.1721426248550415 67 105 30
-7.572537899017334 1.9106367826461792 -1.2162885665893555 82 100 62
-7.175868511199951 1.534287929534912 -1.215202808380127 85 82 73
-7.061830520629883 1.2403388023376465 -1.261155605316162 79 101 65
-6.257795333862305 1.83261239528656 -1.1993458271026611 91 119 61
-6.147616863250732 1.5546514987945557 -1.2282299995422363 92 132 69
-5.922916412353516 1.269310474395752 -1.23492431640625 85 99 86
-5.770632743835449 1.0141760110855103 -1.2551140785217285 109 122 94
-5.321728229522705 1.561811089515686 -1.234940767288208 103 119 92
-5.047946453094482 1.2806845903396606 -1.2118136882781982 106 140 79
-21.22992706298828 3.6886444091796875 4.186944007873535 75 110 152
-22.025808334350586 6.399336338043213 4.271754741668701 96 140 165
-21.171377182006836 5.311830997467041 3.8413264751434326 89 135 185
-22.385454177856445 4.7518839836120605 3.8024163246154785 93 130 156
-21.738004684448242 3.7972490787506104 3.448524236679077 112 127 146
-22.836305618286133 6.640003681182861 3.5326144695281982 107 140 171
-21.892364501953125 5.506941795349121 3.1276333332061768 103 128 135
-23.433290481567383 4.991413593292236 3.0866453647613525 130 160 170
-21.171972274780273 3.712463855743408 2.560839891433716 105 124 131
-21.567277908325195 5.4367756843566895 2.2549445629119873 111 125 125
-22.04640007019043 3.881263017654419 1.8408116102218628 135 158 166
-26.12630844116211 7.615417957305908 2.027571439743042 68 82 47
-22.604000091552734 5.705670356750488 1.5124865770339966 60 74 59
-22.113208770751953 4.735652923583984 1.2477242946624756 100 117 101
-22.958498001098633 4.054232120513916 1.0643781423568726 53 67 52
-35.50553894042969 10.364785194396973 1.401520013809204 68 78 54
-23.364639282226562 5.015169620513916 0.44674286246299744 50 65 42
-22.373580932617188 3.9642317295074463 0.20622459053993225 102 119 87
-26.807632446289062 6.7936272621154785 -0.2278262972831726 43 52 47
-22.29098892211914 4.797330856323242 -0.40675726532936096 59 67 56
-21.115901947021484 3.7478537559509277 -0.5885504484176636 82 90 67
-23.49205780029297 6.883622646331787 -0.8625537753105164 70 98 49
-21.345945358276367 5.418639183044434 -0.9854211807250977 76 86 61
-18.694650650024414 4.033249855041504 -1.0394432544708252 78 114 40
-16.129924774169922 2.871026039123535 -1.0491331815719604 70 106 34
-15.150749206542969 4.448648929595947 -1.1335296630859375 90 117 66
-13.701215744018555 3.4871997833251953 -1.1534148454666138 83 104 71
-12.72934341430664 2.7509243488311768 -1.184975028038025 84 109 67
-11.63967514038086 2.0740950107574463 -1.1923919916152954 86 106 69
-10.297553062438965 3.0283117294311523 -1.168317198753357 88 113 71
-9.778989791870117 2.4951043128967285 -1.1968225240707397 92 116 80
-9.403172492980957 2.036747694015503 -1.233702301979065 62 88 51
-8.65146541595459 1.5462946891784668 -1.2138863801956177 82 111 67
-7.671651840209961 2.2620508670806885 -1.1678084135055542 62 89 44
-7.618335723876953 1.9470720291137695 -1.2245982885360718 79 99 71
-7.204872131347656 1.5636192560195923 -1.2209210395812988 92 100 85
-7.0647783279418945 1.2632118463516235 -1.2623682022094727 90 107 75
-6.24459981918335 1.8495680093765259 -1.1978986263275146 96 121 66
-6.148524761199951 1.574966549873352 -1.2293709516525269 74 117 61
-5.912292003631592 1.286017894744873 -1.2335259914398193 96 100 85
-5.746318340301514 1.0280866622924805 -1.2505059242248535 99 113 88
-5.295389652252197 1.5717426538467407 -1.229941964149475 108 123 100
-5.0326738357543945 1.2932565212249756 -1.2090940475463867 63 97 36
-20.829490661621094 5.294032096862793 3.78222393989563 80 117 172
-20.867319107055664 3.711164712905884 3.3121891021728516 146 175 191
-20.881908416748047 4.5149712562561035 2.752387523651123 124 154 165
-21.025583267211914 3.7533202171325684 2.5445144176483154 102 128 127
-26.629159927368164 7.843637943267822 3.0922329425811768 124 152 140
-21.648820877075195 5.528024673461914 2.265232801437378 104 114 105
-23.046955108642578 4.997403621673584 2.1681761741638184 124 150 147
-22.07068634033203 3.9553873538970947 1.8438440561294556 123 153 163
-27.741369247436523 7.093040466308594 1.85768723487854 101 114 104
-22.482027053833008 4.88682222366333 1.2693744897842407 93 110 74
-23.302852630615234 4.188803672790527 1.0809334516525269 72 86 60
-28.10648536682129 8.298514366149902 1.1104549169540405 74 82 67
-23.335466384887695 5.083847999572754 0.44648119807243347 70 85 64
-27.230554580688477 4.911019802093506 0.2511305809020996 87 102 81
-22.37384796142578 4.8870320320129395 -0.40854090452194214 77 91 68
-23.674924850463867 7.016147136688232 -0.870054304599762 67 86 56
-21.38050079345703 5.497286796569824 -0.9877902865409851 78 92 67
-18.837278366088867 4.124543190002441 -1.0480722188949585 80 118 35
-16.6405029296875 3.0146048069000244 -1.0829390287399292 61 98 29
-15.096871376037598 4.483184337615967 -1.13052237033844 91 118 73
-13.734848976135254 3.540663003921509 -1.1571552753448486 93 117 81
-12.728626251220703 2.7916712760925293 -1.1856999397277832 85 110 68
-11.619550704956055 2.1073098182678223 -1.1909871101379395 70 92 54
-10.015690803527832 2.978837013244629 -1.1373698711395264 107 129 83
-9.811671257019043 2.535529613494873 -1.2017686367034912 85 118 71
-9.380410194396973 2.0619664192199707 -1.2315400838851929 60 84 50
-8.67007064819336 1.5770845413208008 -1.2171701192855835 69 93 61
-7.295807838439941 2.175581455230713 -1.1116068363189697 60 95 39
-7.620935440063477 1.9726641178131104 -1.2259832620620728 81 108 63
-7.205821990966797 1.5869892835617065 -1.221901297569275 74 88 65
-7.059900760650635 1.2847039699554443 -1.2621949911117554 78 92 67
-6.186135768890381 1.8529143333435059 -1.1877684593200684 77 101 51
-6.220637798309326 1.613791584968567 -1.2447737455368042 111 143 76
-5.895880222320557 1.3014049530029297 -1.2309290170669556 98 104 92
-5.733517646789551 1.0439597368240356 -1.2484112977981567 84 90 80
-5.294281959533691 1.5891035795211792 -1.2308112382888794 99 112 92
-5.0324530601501465 1.3096717596054077 -1.2100006341934204 58 92 16
-21.4880313873291 3.869464874267578 4.2424492835998535 95 133 172
-20.670366287231445 4.520534515380859 3.515735387802124 83 134 181
-21.55290985107422 3.901346445083618 3.422893762588501 117 145 148
-21.343595504760742 6.348265647888184 3.307666063308716 78 132 178
-26.539588928222656 6.8493523597717285 3.797487735748291 114 133 131
-20.90574073791504 4.587305545806885 2.757370948791504 67 77 69
-21.179080963134766 3.8478052616119385 2.564507246017456 105 130 126
-22.645055770874023 5.856475353240967 2.3713431358337402 83 99 72
-21.963342666625977 4.005734920501709 1.835894227027893 149 181 180
-27.83177375793457 8.298152923583984 2.163837432861328 101 119 123
-27.43256378173828 7.103818416595459 1.8384590148925781 84 99 76
-21.858501434326172 4.821565628051758 1.2349985837936401 95 110 91
-28.24370765686035 7.325968265533447 0.8241993188858032 85 97 77
-31.914691925048828 7.055541515350342 0.6110401749610901 74 85 68
-26.827381134033203 6.974089622497559 -0.22835351526737213 95 109 94
-22.479793548583984 4.982479572296143 -0.41075262427330017 50 59 54
-21.10135841369629 3.878974676132202 -0.588797390460968 85 97 73
-23.78252410888672 7.12747859954834 -0.8748080730438232 73 90 56
-21.339365005493164 5.5565619468688965 -0.9866728186607361 68 79 49
-18.71048927307129 4.156978130340576 -1.0417226552963257 94 127 46
-16.492795944213867 3.040134906768799 -1.0739283561706543 65 102 25
-15.14609432220459 4.5484137535095215 -1.135248064994812 96 120 72
-13.724885940551758 3.583035707473755 -1.1572364568710327 82 110 69
-12.718056678771973 2.8302762508392334 -1.1855186223983765 84 110 63
-11.613031387329102 2.1429481506347656 -1.1909871101379395 81 107 70
-9.9722318649292 2.9992430210113525 -1.133474349975586 86 103 67
-9.833626747131348 2.5734128952026367 -1.2054191827774048 83 120 68
-9.352742195129395 2.0859851837158203 -1.228742003440857 78 80 69
-8.718764305114746 1.613591194152832 -1.2246952056884766 78 105 54
-7.657627582550049 2.3090806007385254 -1.1678084135055542 62 93 34
-7.60242223739624 1.9927785396575928 -1.223982810974121 87 106 84
-7.2018818855285645 1.6093040704727173 -1.2220646142959595 79 96 62
-7.056894302368164 1.3065366744995117 -1.2623682022094727 93 107 84
-6.171009063720703 1.8690335750579834 -1.1859594583511353 89 115 50
-6.195716857910156 1.6276302337646484 -1.2407803535461426 90 120 70
-5.866043567657471 1.313705563545227 -1.22553551197052 95 107 97
-5.723556995391846 1.0602980852127075 -1.2469450235366821 104 115 98
-5.285645961761475 1.6042048931121826 -1.229941964149475 85 110 71
-5.024643898010254 1.324112057685852 -1.2090940475463867 57 94 17
-21.19121742248535 3.8831753730773926 4.18618106842041 83 133 192
-22.294750213623047 5.812307834625244 4.054685592651367 103 138 178
-23.77178192138672 4.378352642059326 3.7773964405059814 154 189 191
-26.671125411987305 8.021989822387695 4.137080192565918 106 150 179
-27.955015182495117 7.306196212768555 4.003206253051758 86 105 103
-26.891843795776367 5.987358570098877 3.54931640625 115 138 144
-21.672969818115234 4.006259918212891 2.625786542892456 79 93 80
-27.060144424438477 8.151358604431152 3.148028612136841 100 119 115
-22.008132934570312 5.763847827911377 2.3064866065979004 92 110 98
-24.025630950927734 5.364173889160156 2.2633004188537598 127 152 146
-21.88333511352539 4.060552597045898 1.8302392959594727 78 93 86
-27.77849769592285 8.375152587890625 2.1616828441619873 111 144 137
-22.436628341674805 5.883601665496826 1.5048470497131348 77 89 85
-23.47081756591797 5.252774238586426 1.326998233795166 63 72 43
-23.4309024810791 4.360402584075928 1.088093876838684 71 83 63
-33.656097412109375 10.161975860595703 1.3321521282196045 90 106 80
-27.819875717163086 7.3071980476379395 0.8124815821647644 87 101 84
-23.042375564575195 5.16829252243042 0.4414719045162201 97 115 89
-23.105815887451172 4.313675880432129 0.21333076059818268 76 83 67
-24.576980590820312 7.438456058502197 0.034060582518577576 72 86 71
-27.980791091918945 7.365650653839111 -0.23836252093315125 72 77 70
-26.764331817626953 6.018320083618164 -0.48937511444091797 74 86 72
-21.59637451171875 4.038506031036377 -0.6029528379440308 82 92 67
-23.61134147644043 7.155194282531738 -0.8693147897720337 75 106 46
-21.35312843322754 5.630154132843018 -0.9881032109260559 74 95 54
-18.841812133789062 4.24685525894165 -1.0497546195983887 87 121 37
-16.500064849853516 3.093846321105957 -1.0750147104263306 52 89 12
-15.213193893432617 4.61949348449707 -1.1413342952728271 90 113 71
-13.651195526123047 3.608569860458374 -1.1519511938095093 76 105 74
-12.515027046203613 2.825418710708618 -1.1673955917358398 85 114 70
-11.574131965637207 2.17250919342041 -1.1876757144927979 77 103 58
-10.155109405517578 3.0882503986358643 -1.1553322076797485 84 101 67
-9.81032657623291 2.5995001792907715 -1.2035349607467651 99 116 71
-9.317276000976562 2.108102560043335 -1.224926471710205 55 60 56
-8.798466682434082 1.656275749206543 -1.2365987300872803 65 91 46
-7.903221607208252 2.4096128940582275 -1.2063838243484497 67 91 55
-7.599137306213379 2.0168533325195312 -1.2244443893432617 89 110 79
-7.194024085998535 1.6307371854782104 -1.2215745449066162 81 94 64
-7.066402912139893 1.3307324647903442 -1.2647935152053833 78 93 60
-6.169948101043701 1.8893970251083374 -1.186863899230957 76 110 49
-6.166026592254639 1.6400694847106934 -1.2358362674713135 80 113 58
-5.851475238800049 1.3293083906173706 -1.2233381271362305 87 105 79
-5.723160266876221 1.078395962715149 -1.2475733757019043 109 121 97
-5.277899742126465 1.6195544004440308 -1.2292898893356323 103 113 88
-5.0280866622924805 1.3415299654006958 -1.210907220840454 65 95 43
-21.24193000793457 3.9598641395568848 4.19857931137085 79 120 164
-22.6291446685791 5.973689079284668 4.118814468383789 93 137 184
-20.666297912597656 4.6526970863342285 3.5198330879211426 91 139 187
-21.257625579833984 3.9827568531036377 3.3798162937164307 96 122 121
-27.600309371948242 8.393887519836426 4.285184860229492 90 121 150
-22.03571891784668 5.831436634063721 3.158100128173828 103 121 123
-21.85043716430664 4.935317516326904 2.885911703109741 90 114 116
-27.366531372070312 5.145596027374268 3.317486524581909 71 81 72
-27.381074905395508 8.339744567871094 3.1883254051208496 124 154 165
-22.575037002563477 5.986387252807617 2.3678128719329834 87 104 85
-23.95758819580078 5.426199913024902 2.2584481239318848 99 123 109
-22.441734313964844 4.2354278564453125 1.8780195713043213 139 167 171
-27.912172317504883 7.411060810089111 1.8736135959625244 56 64 53
-23.55196189880371 5.346862316131592 1.3325072526931763 41 50 45
-23.38993263244629 4.427065372467041 1.0868167877197266 85 93 80
-27.705554962158203 7.368107795715332 0.8097991943359375 100 119 91
-22.164588928222656 5.042880058288574 0.42494872212409973 74 89 66
-30.484107971191406 5.787984848022461 0.2816154956817627 76 90 75
-24.074974060058594 7.367221355438232 0.03339603170752525 93 105 81
-28.418956756591797 7.57429838180542 -0.24229197204113007 82 94 72
-22.87088966369629 5.216593265533447 -0.4184757471084595 87 96 77
-23.961938858032227 7.341779708862305 -0.8830480575561523 76 102 41
-21.318382263183594 5.691000461578369 -0.9872986078262329 70 101 34
-19.005857467651367 4.345144271850586 -1.0596319437026978 81 118 40
-16.44344139099121 3.1354808807373047 -1.0719473361968994 56 92 31
-15.140785217285156 4.648288249969482 -1.136966586112976 88 118 82
-13.624655723571777 3.6463115215301514 -1.1506502628326416 78 104 67
-12.44902515411377 2.8506855964660645 -1.1620492935180664 81 106 64
-11.562525749206543 2.2070751190185547 -1.1871740818023682 71 97 58
-10.322330474853516 3.1737332344055176 -1.1754589080810547 106 127 88
-9.73900318145752 2.6126039028167725 -1.1957626342773438 63 93 41
-9.30109691619873 2.1344592571258545 -1.2236545085906982 56 62 58
-8.814748764038086 1.6873586177825928 -1.239608883857727 62 91 47
-7.880662441253662 2.429184675216675 -1.2040722370147705 83 107 57
-7.486993312835693 2.01169753074646 -1.2073633670806885 83 115 52
-7.178411483764648 1.6503690481185913 -1.2197773456573486 112 139 86
-7.057450771331787 1.3514795303344727 -1.2639273405075073 93 102 85
-6.222371578216553 1.9263503551483154 -1.1980794668197632 65 97 21
-6.13157844543457 1.6510655879974365 -1.229941487312317 77 104 35
-5.837821006774902 1.345054268836975 -1.221340537071228 90 108 84
-5.730388641357422 1.0979734659194946 -1.2498775720596313 77 73 70
-5.272906303405762 1.6357392072677612 -1.2292898893356323 109 123 100
-5.055916786193848 1.3655844926834106 -1.218612790107727 95 136 60
-22.315753936767578 5.964254379272461 4.065084934234619 85 124 153
-27.589555740356445 8.483175277709961 4.287535667419434 81 131 180
-22.108619689941406 5.923366546630859 3.171137571334839 117 136 132
-27.11272430419922 6.211386203765869 3.583432197570801 112 130 130
-27.222850799560547 5.205101490020752 3.3019893169403076 66 83 73
-27.394304275512695 8.435701370239258 3.192864418029785 110 138 142
-22.81311798095703 6.124493598937988 2.3947439193725586 95 117 94
-21.94349479675293 5.040848731994629 2.070030450820923 92 111 89
-21.963716506958008 4.215036392211914 1.8390904664993286 91 121 111
-28.637653350830078 8.826234817504883 2.232713460922241 69 84 65
-27.60501480102539 7.4202423095703125 1.8545148372650146 89 108 88
-27.86412239074707 5.362505912780762 1.2954691648483276 105 128 112
-27.755210876464844 7.472562789916992 0.8119168281555176 60 67 49
-22.115890502929688 5.103212833404541 0.42431318759918213 43 51 38
-22.450542449951172 4.334062576293945 0.20752239227294922 40 42 39
-24.390443801879883 7.545672416687012 0.03386559337377548 99 122 94
-28.27104377746582 7.627848148345947 -0.24122929573059082 96 105 100
-22.710607528686523 5.253386497497559 -0.415835976600647 73 88 65
-23.84001922607422 7.384506702423096 -0.8793858885765076 66 92 45
-21.3422908782959 5.767584323883057 -0.9892206788063049 72 101 45
-19.002164840698242 4.405688285827637 -1.0601747035980225 79 112 33
-16.480772018432617 3.195030689239502 -1.0750147104263306 64 100 38
-15.19408893585205 4.715709209442139 -1.1420502662658691 117 144 103
-13.591278076171875 3.6820995807647705 -1.1487799882888794 78 105 64
-12.464472770690918 2.8944971561431885 -1.1643147468566895 90 117 76
-11.519561767578125 2.2355246543884277 -1.183461308479309 76 102 63
-10.34861946105957 3.216599464416504 -1.1795707941055298 93 120 79
-9.723275184631348 2.6403887271881104 -1.1948206424713135 67 102 48
-9.191136360168457 2.1389288902282715 -1.2100456953048706 51 47 46
-8.828978538513184 1.7181785106658936 -1.2423453330993652 60 87 42
-7.75508451461792 2.416553497314453 -1.1860125064849854 101 143 93
-7.400696277618408 2.0128748416900635 -1.1944372653961182 102 136 60
-7.173314094543457 1.672384262084961 -1.2197773456573486 79 108 62
-7.059072017669678 1.3742543458938599 -1.2649668455123901 78 81 74
-6.236143589019775 1.9515999555587769 -1.2018784284591675 86 107 64
-6.115118026733398 1.6667711734771729 -1.2276595830917358 80 101 45
-5.831758975982666 1.3625123500823975 -1.2209410667419434 91 111 83
-5.734671592712402 1.117044448852539 -1.2515532970428467 83 86 77
-5.266932010650635 1.6516164541244507 -1.2290725708007812 112 128 92
-5.088344097137451 1.3911066055297852 -1.2274514436721802 83 111 50
-23.914505004882812 5.538370609283447 4.078770637512207 91 146 187
-27.672969818115234 8.601837158203125 4.304579257965088 97 128 157
-22.499513626098633 6.102138996124268 3.229875087738037 85 96 98
-23.524864196777344 5.46544075012207 3.111433744430542 121 141 152
-21.633228302001953 4.205183982849121 2.625549793243408 118 146 132
-27.83612060546875 8.665339469909668 3.2474422454833984 104 122 134
-27.260513305664062 7.408194065093994 2.863969087600708 75 92 84
-21.936655044555664 5.110180377960205 2.070854663848877 117 144 135
-21.95948600769043 4.284117698669434 1.8398281335830688 105 128 108
-28.343852996826172 8.83099365234375 2.211909532546997 65 83 69
-27.564788818359375 7.500182151794434 1.8533495664596558 96 109 89
-28.135770797729492 5.504354953765869 1.30887770652771 83 96 78
-28.718765258789062 7.826554775238037 0.8408019542694092 82 101 81
-22.362564086914062 4.3882856369018555 0.2068326473236084 77 90 72
-22.371206283569336 5.24723482131958 -0.4099142849445343 103 117 102
-25.715167999267578 5.054102897644043 -0.7192144989967346 76 92 66
-23.676101684570312 7.41341495513916 -0.8741742372512817 86 102 73
-21.323532104492188 5.832770824432373 -0.9891760349273682 69 96 43
-19.025495529174805 4.472648620605469 -1.0622369050979614 92 116 66
-16.869396209716797 3.3241028785705566 -1.1010241508483887 65 96 37
-15.17479133605957 4.760808944702148 -1.1416922807693481 103 119 90
-13.588568687438965 3.726152181625366 -1.1495119333267212 82 107 77
-12.388647079467773 2.9169750213623047 -1.1580623388290405 66 87 54
-11.326205253601074 2.2340800762176514 -1.1642955541610718 81 99 61
-10.04848575592041 3.1571500301361084 -1.1464592218399048 103 141 90
-9.7017240524292 2.66652250289917 -1.1931719779968262 57 87 35
-9.158465385437012 2.160966634750366 -1.2066116333007812 65 69 68
-8.838241577148438 1.7481404542922974 -1.2443976402282715 59 86 51
-7.8231377601623535 2.464116334915161 -1.1975706815719604 74 101 56
-7.423065662384033 2.0434377193450928 -1.1990537643432617 80 115 51
-7.17294979095459 1.6955184936523438 -1.2205941677093506 90 112 65
-7.067382335662842 1.3983900547027588 -1.267218828201294 83 91 80
-6.244192600250244 1.9751721620559692 -1.2045918703079224 101 137 76
-6.097672462463379 1.682130217552185 -1.2251875400543213 92 123 66
-5.807528495788574 1.3756545782089233 -1.2167459726333618 78 114 78
-5.725461959838867 1.1334935426712036 -1.2502964735031128 96 110 95
-5.240439414978027 1.6609842777252197 -1.2240737676620483 104 117 100
-5.0868682861328125 1.4074900150299072 -1.2281312942504883 57 94 27
-20.60636329650879 4.037975788116455 4.080129623413086 77 119 157
-22.261640548706055 6.096386432647705 4.061964988708496 89 142 194
-22.179332733154297 5.2082672119140625 3.7855334281921387 88 135 181
-20.492053985595703 4.034891605377197 3.263861894607544 105 122 129
-27.420913696289062 8.615832328796387 4.269463539123535 67 103 153
-22.516538619995117 5.304040908813477 2.9802093505859375 134 164 164
-22.063461303710938 4.359104633331299 2.6793763637542725 102 125 107
-28.233173370361328 8.884044647216797 3.2969279289245605 121 146 150
-21.85497283935547 5.161891460418701 2.064628839492798 116 137 138
-22.043020248413086 4.370657920837402 1.8479417562484741 72 84 80
-27.542612075805664 7.584980010986328 1.8534144163131714 22 35 28
-28.393901824951172 6.7214860916137695 1.6098833084106445 98 111 83
-23.39522361755371 4.651503562927246 1.089005947113037 69 87 61
-27.934324264526367 7.704919338226318 0.8185240030288696 86 101 80
-32.11012268066406 7.617181777954102 0.6169466376304626 63 77 60
-22.41960334777832 4.470952987670898 0.207486093044281 86 100 77
-22.191585540771484 5.276984691619873 -0.4069178104400635 56 67 61
-25.044727325439453 5.002185821533203 -0.7008891701698303 77 90 62
-23.779014587402344 7.525822162628174 -0.8788224458694458 78 101 59
-20.87805938720703 5.779821395874023 -0.9693289995193481 71 90 44
-18.9359188079834 4.512940406799316 -1.0580037832260132 76 107 39
-16.969694137573242 3.3979833126068115 -1.1082454919815063 60 93 36
-15.21621036529541 4.825130939483643 -1.1459168195724487 90 110 75
-13.616449356079102 3.7787508964538574 -1.1528456211090088 81 112 71
-12.52493953704834 2.989651679992676 -1.1716545820236206 83 105 67
-11.430510520935059 2.291109085083008 -1.1757348775863647 73 96 52
-10.147714614868164 3.2225661277770996 -1.1589030027389526 76 106 52
-9.671491622924805 2.6901535987854004 -1.1904633045196533 79 102 58
-9.091018676757812 2.1745176315307617 -1.1985989809036255 47 51 60
-8.839634895324707 1.7766138315200806 -1.2453553676605225 54 79 49
-7.692023277282715 2.4487833976745605 -1.1786441802978516 84 116 69
-7.352987766265869 2.0484354496002197 -1.1887435913085938 86 121 57
-7.24830436706543 1.7368277311325073 -1.2343180179595947 61 93 46
-6.970365047454834 1.401429295539856 -1.2505881786346436 95 105 97
-6.285880088806152 2.009593963623047 -1.2138175964355469 87 128 68
-6.079244613647461 1.697134017944336 -1.2225253582000732 92 97 67
-5.80899715423584 1.3948379755020142 -1.217944622039795 77 114 62
-5.725791931152344 1.151824951171875 -1.2511342763900757 98 112 87
-5.22044563293457 1.672289490699768 -1.220596194267273 99 118 86
-5.086277961730957 1.424140214920044 -1.229037880897522 74 104 54
-20.558256149291992 4.094082355499268 4.0730719566345215 82 123 167
-16.15366554260254 5.126368522644043 3.156348943710327 75 139 201
-22.157413482666016 6.140981674194336 4.046366214752197 79 97 143
-20.83892250061035 4.961012840270996 3.559335470199585 72 104 142
-27.500883102416992 8.733749389648438 4.28606653213501 102 147 188
-21.280107498168945 5.911834239959717 3.0599756240844727 105 124 141
-21.580821990966797 5.153555393218994 2.8584401607513428 114 133 140
-21.112455368041992 4.23855447769165 2.56545352935791 119 144 148
-22.15386962890625 6.166654586791992 2.3314003944396973 95 109 96
-24.117746353149414 5.774509429931641 2.280054807662964 101 123 111
-25.553565979003906 5.148252964019775 2.143556594848633 55 62 54
-33.58674240112305 9.360428810119629 2.262061595916748 98 109 92
-22.001981735229492 5.279708385467529 1.2483854293823242 91 107 94
-21.75540542602539 4.394896030426025 1.0132981538772583 89 101 87
-27.975061416625977 7.808589935302734 0.8204157948493958 65 78 58
-34.03083419799805 8.183175086975098 0.6543294191360474 78 97 77
-22.506725311279297 4.560166835784912 0.20842087268829346 101 116 95
-26.499433517456055 8.466141700744629 0.036900512874126434 84 98 73
-24.495927810668945 6.85175895690918 -0.20954647660255432 88 106 82
-22.33858871459961 5.384403228759766 -0.4099142849445343 82 95 78
-25.408390045166016 5.1559319496154785 -0.7115057706832886 80 93 63
-23.949045181274414 7.660548210144043 -0.8859707713127136 56 83 38
-20.85830307006836 5.843307971954346 -0.9692395925521851 61 96 32
-18.916160583496094 4.569606781005859 -1.0576781034469604 73 109 37
-16.94940948486328 3.448040008544922 -1.1076065301895142 55 86 27
-14.791951179504395 4.740589618682861 -1.1150563955307007 103 127 95
-13.64317512512207 3.8312864303588867 -1.1560981273651123 73 108 52
-12.547651290893555 3.0357918739318848 -1.1746448278427124 87 109 70
-11.427327156066895 2.326960563659668 -1.1761361360549927 84 104 76
-10.06962776184082 3.2318103313446045 -1.1511121988296509 87 120 67
-9.620177268981934 2.707705497741699 -1.185163974761963 74 103 47
-9.118042945861816 2.2105777263641357 -1.2030504941940308 64 78 65
-8.83608341217041 1.8041213750839233 -1.2456289529800415 74 94 69
-7.587453365325928 2.4411556720733643 -1.1637630462646484 75 103 55
-7.4103875160217285 2.0889463424682617 -1.1990537643432617 102 139 61
-7.2285614013671875 1.755564570426941 -1.2318673133850098 77 115 68
-6.8984856605529785 1.4090110063552856 -1.2384616136550903 82 80 68
-6.277812957763672 2.0282645225524902 -1.2134557962417603 101 138 87
-6.022991180419922 1.701365351676941 -1.2122567892074585 100 115 74
-5.798978328704834 1.4112629890441895 -1.2167459726333618 90 118 78
-5.726063251495361 1.1701692342758179 -1.2519721984863281 71 75 61
-5.178144454956055 1.6762728691101074 -1.2119024991989136 83 100 56
-5.066890716552734 1.4354901313781738 -1.2254117727279663 89 128 73
-16.34755516052246 5.243157863616943 3.197362184524536 57 103 153
-21.25033950805664 5.127897262573242 3.6322762966156006 89 145 196
-22.735414505004883 4.62169885635376 3.6256208419799805 147 176 180
-21.455448150634766 6.031510829925537 3.0878348350524902 120 148 151
-23.422752380371094 4.777174472808838 2.847954034805298 86 103 84
-22.149211883544922 6.238638877868652 2.332913398742676 93 119 84
-21.710634231567383 5.268652439117432 2.054008722305298 106 133 118
-21.544189453125 4.4093098640441895 1.8083570003509521 110 127 111
-27.048946380615234 7.6278910636901855 1.8233096599578857 70 87 71
-22.512496948242188 5.47531270980835 1.2782989740371704 107 126 104
-21.739864349365234 4.461218357086182 1.013206958770752 98 117 95
-27.649877548217773 7.8093390464782715 0.8115780353546143 94 105 88
-33.905517578125 8.263157844543457 0.652404248714447 92 103 87
-22.475980758666992 4.625768184661865 0.20826660096645355 81 94 74
-27.14289665222168 7.682008743286133 -0.23239006102085114 92 103 87
-22.308366775512695 5.449589729309082 -0.4096645712852478 87 97 73
-25.02237319946289 5.15757942199707 -0.70113605260849 80 93 65
-23.655364990234375 7.6466875076293945 -0.8759701251983643 72 93 52
-20.839317321777344 5.907000541687012 -0.9691948890686035 67 91 39
-18.88265609741211 4.622870922088623 -1.0565928220748901 78 113 49
-16.922136306762695 3.4965908527374268 -1.1065200567245483 59 91 28
-14.757411003112793 4.779494285583496 -1.1135528087615967 104 130 85
-13.677375793457031 3.8862009048461914 -1.1600011587142944 55 86 44
-12.636937141418457 3.098463296890259 -1.1838876008987427 75 98 70
-11.302240371704102 2.3376243114471436 -1.163994550704956 81 103 64
-9.735311508178711 3.157489538192749 -1.1139968633651733 101 130 84
-9.5879487991333 2.730407476425171 -1.1822199821472168 85 119 59
-9.117960929870605 2.2401976585388184 -1.203940749168396 64 83 55
-8.827597618103027 1.8306183815002441 -1.2452186346054077 71 91 56
-7.603453159332275 2.4720706939697266 -1.167374849319458 70 100 62
-7.416296482086182 2.115194320678711 -1.2010542154312134 99 131 56
-7.1762003898620605 1.7661802768707275 -1.223861813545227 96 129 82
-6.880629539489746 1.427367925643921 -1.2360364198684692 63 70 62
-6.239772796630859 2.037137031555176 -1.2073053121566772 105 139 89
-5.9865922927856445 1.7109328508377075 -1.2059816122055054 98 115 73
-5.794620990753174 1.4290473461151123 -1.2167459726333618 82 105 61
-5.7291483879089355 1.189121961593628 -1.2534384727478027 90 103 83
-5.171122074127197 1.6915444135665894 -1.2114678621292114 94 104 79
-5.087742805480957 1.458274245262146 -1.2315309047698975 92 129 78
-20.198131561279297 4.151373863220215 4.006694316864014 82 138 195
-16.276216506958008 5.275403022766113 3.1865596771240234 75 136 199
-22.105106353759766 6.272789001464844 4.043766498565674 96 121 151
-21.024654388427734 5.141746520996094 3.5963797569274902 103 144 176
-23.558103561401367 4.864245414733887 3.7591772079467773 140 161 166
-22.575376510620117 6.421141624450684 3.251833200454712 121 151 159
-20.926536560058594 5.133237361907959 2.775897979736328 113 133 134
-23.313669204711914 4.829473972320557 2.8364789485931396 62 72 71
-34.96539306640625 11.357172012329102 4.095116138458252 88 113 117
-22.08021354675293 6.292383670806885 2.3276684284210205 101 120 124
-21.5367488861084 5.296472072601318 2.0390853881835938 92 110 84
-21.7413272857666 4.519196510314941 1.8260594606399536 78 96 74
-27.330570220947266 7.797905921936035 1.8438973426818848 94 109 86
-22.50141143798828 5.545788288116455 1.2786295413970947 120 134 119
-21.89427947998047 4.562950134277344 1.0210514068603516 92 110 86
-27.618099212646484 7.891933441162109 0.8113521337509155 55 66 49
-22.394155502319336 5.530548572540283 0.43122902512550354 58 61 50
-22.06330680847168 4.611437797546387 0.20457282662391663 72 88 62
-26.514484405517578 8.650602340698242 0.03699468821287155 94 104 93
-24.62646484375 7.0514817237854 -0.2110292911529541 53 56 47
-25.67681312561035 6.3559889793396 -0.47187769412994385 88 95 77
-25.003496170043945 5.233708381652832 -0.7010537385940552 89 102 74
-23.590946197509766 7.7058820724487305 -0.874455988407135 78 101 59
-21.323331832885742 6.114933490753174 -0.9925732612609863 60 86 38
-18.828649520874023 4.670922756195068 -1.0543676614761353 76 112 40
-16.901561737060547 3.5464413166046143 -1.1058809757232666 79 112 59
-14.880131721496582 4.8697309494018555 -1.1239349842071533 96 116 88
-13.707536697387695 3.9402594566345215 -1.1635788679122925 96 125 79
-12.664098739624023 3.146343231201172 -1.187330961227417 75 100 61
-11.408940315246582 2.3962156772613525 -1.1757348775863647 89 113 79
-9.546088218688965 3.1285181045532227 -1.0934375524520874 73 100 57
-9.571892738342285 2.75761079788208 -1.1812777519226074 95 129 79
-9.119707107543945 2.2703170776367188 -1.2050853967666626 73 86 56
-8.806429862976074 1.854426383972168 -1.2430293560028076 76 88 64
-7.589252948760986 2.4932241439819336 -1.1663635969161987 66 91 69
-7.3917341232299805 2.132732629776001 -1.198130488395691 80 110 50
-7.176491737365723 1.7896205186843872 -1.2248420715332031 76 101 61
-6.838632583618164 1.4405533075332642 -1.2292802333831787 49 50 54
-6.263381481170654 2.0661299228668213 -1.2130939960479736 90 119 75
-5.974713325500488 1.727382779121399 -1.2046505212783813 108 137 81
-5.8139753341674805 1.452756643295288 -1.2217400074005127 83 117 67
-5.730257034301758 1.2077014446258545 -1.2544857263565063 88 90 76
-5.158493995666504 1.7049506902694702 -1.2097290754318237 70 81 64
-5.100082874298096 1.478758454322815 -1.2356102466583252 64 98 47
-22.147520065307617 4.622899532318115 4.396186351776123 97 140 182
-16.293588638305664 5.336328506469727 3.193150758743286 77 137 199
-21.50860023498535 5.330086708068848 3.681941509246826 91 143 183
-23.310991287231445 4.88783597946167 3.722121000289917 125 163 166
-21.769290924072266 6.2641191482543945 3.138475179672241 110 129 135
-21.94732093811035 5.45507287979126 2.913511276245117 104 119 124
-21.098785400390625 4.438207626342773 2.568647623062134 127 158 153
-22.292434692382812 5.5548996925354 2.112236976623535 114 136 124
-23.039915084838867 4.862910747528076 1.93637216091156 108 125 117
-28.19049835205078 8.136869430541992 1.903588891029358 88 103 82
-22.572444915771484 5.636809349060059 1.2836426496505737 107 122 99
-21.992568969726562 4.6538825035095215 1.0262961387634277 95 117 105
-27.906808853149414 8.067122459411621 0.8205569386482239 72 85 65
-22.46825408935547 5.622040271759033 0.4329860210418701 41 46 40
-22.77094841003418 4.832300662994385 0.21127061545848846 63 80 62
-24.47504997253418 7.089442729949951 -0.20991717278957367 117 135 113
-20.74568748474121 4.4089460372924805 -0.5820488333702087 77 89 67
-23.383081436157227 7.717456817626953 -0.8676245808601379 78 99 66
-21.272808074951172 6.171138763427734 -0.9910981059074402 52 78 30
-19.013721466064453 4.778805255889893 -1.0655473470687866 84 121 41
-17.146329879760742 3.652756690979004 -1.1226242780685425 59 95 33
-14.923835754394531 4.934774398803711 -1.1283743381500244 93 119 80
-13.705911636352539 3.985356569290161 -1.164473295211792 74 101 60
-12.647625923156738 3.1834795475006104 -1.1866966485977173 102 129 88
-11.433646202087402 2.438053846359253 -1.1790461540222168 78 106 48
-9.661962509155273 3.199352741241455 -1.107829213142395 89 114 82
-9.618683815002441 2.8030784130096436 -1.1881080865859985 93 119 80
-9.115584373474121 2.2990128993988037 -1.2054669857025146 67 97 45
-8.780356407165527 1.8770864009857178 -1.2401560544967651 77 88 72
-7.503620624542236 2.4906234741210938 -1.154371976852417 129 168 123
-7.143284320831299 2.084808349609375 -1.1588903665542603 81 107 33
-7.229314804077148 1.8263697624206543 -1.234808087348938 79 105 58
-6.785062789916992 1.451022982597351 -1.2204452753067017 91 93 88
-5.936045169830322 1.9783638715744019 -1.1508655548095703 92 128 82
-5.962789058685303 1.743775725364685 -1.2033193111419678 97 107 70
-5.821839332580566 1.473712682723999 -1.2243369817733765 80 118 59
-5.745648384094238 1.229367733001709 -1.2586750984191895 98 113 92
-5.152312755584717 1.7204594612121582 -1.209511637687683 82 89 71
-5.123560905456543 1.5026214122772217 -1.242409348487854 95 117 68
-16.28180694580078 5.38783597946167 3.1940665245056152 77 137 200
-22.236520767211914 5.582939624786377 3.809464454650879 92 146 193
-21.272342681884766 4.5285491943359375 3.3988072872161865 129 165 181
-26.5623722076416 7.731647968292236 3.832894802093506 86 106 104
-20.71767807006836 5.216980457305908 2.752387523651123 104 123 117
-23.51471519470215 5.021790504455566 2.8646342754364014 136 168 165
-26.871204376220703 7.836297035217285 2.8377442359924316 74 92 70
-21.843704223632812 5.514315128326416 2.071312189102173 95 119 105
-22.947900772094727 4.91707706451416 1.929897665977478 55 67 43
-26.07907485961914 7.61418342590332 1.7625821828842163 60 75 56
-36.07490921020508 9.126324653625488 2.053079128265381 83 97 74
-22.169618606567383 4.762455463409424 1.0352351665496826 72 91 71
-33.37929916381836 8.46112060546875 0.6437501311302185 50 64 49
-31.048439025878906 6.688505172729492 0.288258820772171 89 106 74
-22.286699295043945 4.807957172393799 -0.6256949305534363 84 95 79
-23.732830047607422 7.9137139320373535 -0.8814986348152161 73 95 56
-21.796335220336914 6.395573616027832 -1.016398549079895 59 86 35
-19.062835693359375 4.853376388549805 -1.069129228591919 82 118 46
-17.13991928100586 3.7063980102539062 -1.1229437589645386 65 100 42
-14.917140007019043 4.9833807945251465 -1.129018783569336 82 111 67
-13.692663192749023 4.027105331420898 -1.1643919944763184 77 98 65
-12.632974624633789 3.221036672592163 -1.1862436532974243 77 98 59
-11.43778133392334 2.4756457805633545 -1.1802502870559692 97 118 75
-9.659643173217773 3.2315032482147217 -1.1086947917938232 90 118 77
-9.624326705932617 2.8367862701416016 -1.189874529838562 89 114 75
-9.215161323547363 2.354220390319824 -1.219584584236145 69 97 48
-8.665164947509766 1.88027822971344 -1.2246952056884766 70 72 58
-7.550357818603516 2.531879186630249 -1.1627516746520996 91 120 76
-7.048721790313721 2.080698251724243 -1.144579291343689 84 133 52
-7.264775276184082 1.8590573072433472 -1.2418333292007446 75 99 65
-6.767104148864746 1.4689074754714966 -1.2180198431015015 89 104 83
-5.815300941467285 1.95796537399292 -1.128615140914917 80 117 65
-5.947055816650391 1.758998155593872 -1.2012276649475098 86 95 66
-5.827731132507324 1.4942439794540405 -1.226534366607666 104 133 77
-5.734205722808838 1.2453291416168213 -1.2569993734359741 107 118 102
-5.096141338348389 1.719098687171936 -1.1975579261779785 75 105 71
-5.113324165344238 1.5166714191436768 -1.2410495281219482 74 100 53
-22.358869552612305 5.686634540557861 3.833395481109619 84 125 155
-21.7305850982666 4.695837497711182 3.474308967590332 105 133 134
-20.592018127441406 5.2525715827941895 2.737821578979492 109 139 141
-21.049808502197266 4.5629563331604 2.5660452842712402 140 171 176
-34.85844421386719 11.67818832397461 4.095005512237549 124 146 144
-27.058881759643555 7.981184959411621 2.8601362705230713 81 101 76
-21.829578399658203 5.58204460144043 2.071587085723877 95 121 112
-22.992115020751953 5.000377178192139 1.9348970651626587 63 72 67
-27.887380599975586 8.235079765319824 1.886497139930725 97 118 85
-28.210241317749023 7.228858947753906 1.6067432165145874 94 107 89
-22.09536361694336 4.81746768951416 1.032453179359436 93 107 81
-36.30685043334961 9.321846008300781 0.7007588148117065 77 89 69
-23.086687088012695 5.047537326812744 0.2144833654165268 60 72 52
-23.475357055664062 6.040878772735596 -0.43242374062538147 43 48 42
-22.317739486694336 4.88635778427124 -0.6269842982292175 90 98 74
-23.702756881713867 7.984573841094971 -0.8812873363494873 74 97 53
-21.799596786499023 6.469234943389893 -1.0174713134765625 55 86 29
-19.10393714904785 4.92629861831665 -1.0722769498825073 81 117 45
-17.01929473876953 3.73500657081604 -1.1157863140106201 75 111 47
-14.941473960876465 5.042518138885498 -1.132025957107544 106 128 89
-13.456697463989258 4.002603054046631 -1.1453648805618286 71 92 61
-12.62110424041748 3.2592809200286865 -1.1860624551773071 93 117 81
-11.393204689025879 2.5026135444641113 -1.176437258720398 84 110 65
-9.249418258666992 3.1258530616760254 -1.0627065896987915 100 133 88
-9.608916282653809 2.864314079284668 -1.1890501976013184 79 105 66
-9.317363739013672 2.4108052253723145 -1.2340837717056274 88 124 60
-8.621626853942871 1.898545503616333 -1.2193591594696045 57 69 49
-7.523811340332031 2.54868221282959 -1.1598622798919678 99 138 71
-7.2013678550720215 2.1497979164123535 -1.1704316139221191 66 102 38
-7.281958103179932 1.8872768878936768 -1.2457544803619385 76 112 68
-6.779879093170166 1.4934754371643066 -1.2211381196975708 71 75 61
-5.975006103515625 2.0321671962738037 -1.1608147621154785 75 110 54
-5.932225227355957 1.7744216918945312 -1.1993260383605957 105 119 66
-5.827861785888672 1.5133475065231323 -1.227533221244812 114 144 94
-5.703620433807373 1.2570229768753052 -1.2511342763900757 80 109 81
-5.027092456817627 1.7130019664764404 -1.1825612783432007 90 131 89
-5.097451686859131 1.5289937257766724 -1.2383298873901367 90 112 74
-15.95970344543457 5.390120983123779 3.1373074054718018 74 134 197
-22.687131881713867 5.844286918640137 3.8927314281463623 93 130 172
-20.457622528076172 4.486496448516846 3.2729716300964355 121 156 158
-26.67772102355957 7.9431047439575195 3.856499671936035 112 143 163
-22.284135818481445 5.757065773010254 2.965131998062134 111 127 116
-24.749032974243164 5.444385528564453 3.0190155506134033 119 150 145
-27.026641845703125 8.061887741088867 2.8593294620513916 130 161 156
-22.407136917114258 5.8030290603637695 2.12807559967041 51 59 48
-23.859373092651367 5.2657036781311035 2.0092310905456543 78 98 87
-27.859115600585938 8.319741249084473 1.8863029479980469 90 107 97
-27.92891502380371 7.248153209686279 1.5919791460037231 91 108 89
-23.369922637939453 5.170517444610596 1.0927456617355347 126 141 122
-35.04004669189453 11.883944511413574 1.4020122289657593 84 102 76
-28.3820743560791 7.380034923553467 0.548237144947052 66 81 60
-23.075973510742188 5.119424819946289 0.21452873945236206 96 110 93
-30.070459365844727 10.220734596252441 0.042128048837184906 73 84 68
-26.829511642456055 6.991829872131348 -0.49460116028785706 63 73 65
-22.37192726135254 4.970196723937988 -0.6289320588111877 90 97 79
-23.699909210205078 8.06466007232666 -0.8820973038673401 85 102 68
-21.971973419189453 6.593801975250244 -1.0264561176300049 65 89 41
-19.0983943939209 4.987408638000488 -1.072819709777832 83 116 45
-17.196731567382812 3.8292834758758545 -1.1281839609146118 67 105 48
-14.951423645019531 5.097024440765381 -1.1339592933654785 93 114 73
-13.472989082336426 4.052481174468994 -1.1478043794631958 82 103 62
-12.616826057434082 3.2994983196258545 -1.1866060495376587 78 104 65
-11.434028625488281 2.548377513885498 -1.1814544200897217 94 119 80
-9.27553653717041 3.166419744491577 -1.0668184757232666 81 110 64
-9.417532920837402 2.8387537002563477 -1.1664397716522217 105 138 93
-9.30992317199707 2.4393792152404785 -1.2340837717056274 108 140 90
-8.601259231567383 1.9217473268508911 -1.2173068523406982 95 106 92
-7.353054523468018 2.51601243019104 -1.13472318649292 60 98 39
-7.28460168838501 2.1990084648132324 -1.185050368309021 94 136 64
-7.2723164558410645 1.9086068868637085 -1.2451008558273315 91 117 82
-6.788721084594727 1.5172762870788574 -1.2235634326934814 77 91 65
-6.16872501373291 2.119189739227295 -1.1997076272964478 91 128 74
-5.850636959075928 1.769590973854065 -1.1839232444763184 100 121 82
-5.8430914878845215 1.5364527702331543 -1.231728196144104 90 140 41
-5.59763240814209 1.2516839504241943 -1.2287214994430542 111 125 100
-5.060577392578125 1.7417587041854858 -1.1916896104812622 115 152 98
-5.082484245300293 1.541515588760376 -1.2358368635177612 76 96 68
-21.014760971069336 4.65628719329834 4.182366371154785 88 134 183
-15.96356201171875 5.446043014526367 3.1413354873657227 76 131 195
-22.34455680847168 5.829197406768799 3.8370015621185303 87 126 169
-20.680042266845703 4.601816654205322 3.3107993602752686 127 154 173
-16.138376235961914 5.50945520401001 2.5330564975738525 86 149 203
-26.688318252563477 8.035479545593262 3.861577272415161 108 132 158
-22.655929565429688 5.927323818206787 3.0170083045959473 92 109 103
-21.962997436523438 6.624876976013184 2.325752019882202 90 120 118
-27.36910629272461 7.177757263183594 2.6014087200164795 94 105 91
-23.886869430541992 5.348678112030029 2.0129189491271973 81 100 96
-28.206981658935547 8.517969131469727 1.9116168022155762 96 117 120
-27.25953483581543 7.163769245147705 1.555069088935852 46 59 42
-22.053693771362305 4.950325965881348 1.0319058895111084 78 98 70
-35.51958465576172 12.168214797973633 1.4226863384246826 96 113 95
-37.62348937988281 11.378056526184082 1.1102832555770874 70 83 65
-27.859426498413086 7.3354573249816895 0.538573682308197 78 87 68
-23.19088363647461 5.2196197509765625 0.21574488282203674 65 78 61
-24.408220291137695 7.395925045013428 -0.21010665595531464 77 87 76
-28.19908332824707 7.441207408905029 -0.5202676057815552 73 86 68
-24.891019821166992 5.61003303527832 -0.7002307772636414 81 90 71
-23.56825828552246 8.100625038146973 -0.8781181573867798 80 97 63
-22.10650634765625 6.708173751831055 -1.0336976051330566 65 96 28
-19.036666870117188 5.033725738525391 -1.0702146291732788 80 120 50
-17.185874938964844 3.882244110107422 -1.128247857093811 74 110 46
-14.910252571105957 5.1341023445129395 -1.132025957107544 98 124 87
-13.559661865234375 4.123957633972168 -1.1562607288360596 81 101 66
-12.63648796081543 3.3460934162139893 -1.1894150972366333 69 92 64
-11.506705284118652 2.601656436920166 -1.189782977104187 85 114 58
-9.235703468322754 3.1844921112060547 -1.063355803489685 81 109 58
-9.203600883483887 2.805097818374634 -1.1410030126571655 77 115 54
-9.258295059204102 2.4562301635742188 -1.2282332181930542 74 109 41
-8.553781509399414 1.9387110471725464 -1.211423397064209 95 96 90
-7.320984840393066 2.530155658721924 -1.1309667825698853 70 115 48
-7.282546520233154 2.2227892875671387 -1.1858198642730713 77 124 28
-7.270240783691406 1.9319226741790771 -1.2457544803619385 86 124 65
-6.838783264160156 1.5505094528198242 -1.2334378957748413 92 120 72
-6.064632415771484 2.1042540073394775 -1.180713415145874 93 130 78
-5.8695902824401855 1.7949968576431274 -1.1888673305511475 78 108 48
-5.8620219230651855 1.5606741905212402 -1.2367222309112549 84 120 56
-5.586137294769287 1.2671208381652832 -1.2270458936691284 71 76 69
-5.039535999298096 1.7518277168273926 -1.1879947185516357 100 132 85
-5.0712127685546875 1.5551023483276367 -1.2342504262924194 71 91 56
-22.68231964111328 5.991696834564209 3.8981406688690186 100 142 164
-27.590293884277344 8.399456024169922 3.995795249938965 118 144 169
-22.51300048828125 5.963786602020264 3.0003976821899414 73 90 82
-24.358766555786133 5.515443325042725 2.9754812717437744 107 130 114
-27.47056007385254 8.378199577331543 2.9116785526275635 108 140 129
-22.766672134399414 6.045445442199707 2.1657042503356934 83 94 77
-30.38777732849121 6.902312755584717 2.5625154972076416 69 77 62
-33.50094985961914 11.576582908630371 2.640843152999878 99 117 101
-28.207439422607422 8.612626075744629 1.9134294986724854 98 116 118
-27.60988426208496 7.346470355987549 1.57633376121521 95 107 85
-38.318721771240234 11.716740608215332 1.1318552494049072 85 100 79
-27.827129364013672 7.418318748474121 0.5383867621421814 103 118 95
-22.18916130065918 5.065733432769775 0.20656946301460266 69 82 62
-24.6607723236084 7.555132865905762 -0.21247915923595428 84 97 79
-24.17897605895996 6.459786415100098 -0.44646093249320984 48 61 54
-23.973270416259766 5.480525493621826 -0.6748825907707214 82 90 69
-23.553680419921875 8.176498413085938 -0.878505527973175 103 119 90
-22.097280502319336 6.779479503631592 -1.0342340469360352 61 87 39
-18.890918731689453 5.05724573135376 -1.0628881454467773 88 124 54
-17.283803939819336 3.960136890411377 -1.1354691982269287 68 105 53
-14.881241798400879 5.175235748291016 -1.1310235261917114 88 107 75
-13.606965065002441 4.183993816375732 -1.1613835096359253 82 101 73
-12.645401954650879 3.3900034427642822 -1.1912274360656738 67 85 59
-11.532610893249512 2.6447300910949707 -1.1932950019836426 79 104 62
-9.168622016906738 3.192868709564209 -1.0567551851272583 83 117 57
-9.191155433654785 2.832151174545288 -1.1405318975448608 95 132 78
-9.24305248260498 2.4825644493103027 -1.2272157669067383 80 108 59
-8.535243034362793 1.9620596170425415 -1.2096447944641113 94 107 87
-7.487889766693115 2.6135823726654053 -1.1579838991165161 77 117 55
-7.316291809082031 2.2576491832733154 -1.1924368143081665 78 127 38
-7.250942230224609 1.9506303071975708 -1.243467092514038 64 89 47
-6.821516513824463 1.5686140060424805 -1.231185793876648 86 117 50
-6.122191429138184 2.145291805267334 -1.1931953430175781 79 107 49
-5.836855411529541 1.8045865297317505 -1.1833528280258179 92 124 61
-5.844907283782959 1.5753363370895386 -1.2341252565383911 93 128 64
-5.523142337799072 1.270660638809204 -1.2140591144561768 79 97 75
-4.996377468109131 1.7540242671966553 -1.1790837049484253 102 135 90
-21.847164154052734 4.981551170349121 4.35403299331665 81 137 198
-15.075648307800293 5.246614456176758 2.9728896617889404 85 138 192
-22.282638549804688 5.959310054779053 3.832576036453247 72 109 151
-16.18647003173828 5.637001991271973 2.5459861755371094 83 145 206
-27.299314498901367 8.402473449707031 3.957368850708008 105 136 156
-22.58656120300293 6.057491302490234 3.0126640796661377 100 116 116
-27.772729873657227 8.563576698303223 2.946477174758911 125 144 150
-27.335126876831055 7.348399639129639 2.6024158000946045 116 131 110
-23.883708953857422 5.50208044052124 2.0154595375061035 78 94 83
-35.98578643798828 12.558960914611816 2.8397440910339355 97 116 110
-28.12653160095215 8.682347297668457 1.9097392559051514 66 91 88
-27.96611213684082 7.533205032348633 1.597983956336975 86 99 89
-28.551128387451172 6.5930562019348145 1.3377926349639893 89 102 92
-35.39991760253906 12.370436668395996 1.420906662940979 73 86 76
-28.30426025390625 7.638599395751953 0.5480688810348511 40 50 39
-22.143314361572266 5.126792907714844 0.20628811419010162 46 56 47
-30.338478088378906 10.624309539794922 0.04263873025774956 79 93 67
-22.292125701904297 5.168215751647949 -0.6279993057250977 80 90 65
-23.615249633789062 8.27914047241211 -0.8817451596260071 96 109 83
-22.113590240478516 6.858782768249512 -1.0359773635864258 57 87 37
-19.011205673217773 5.152004718780518 -1.0705403089523315 80 116 46
-17.314342498779297 4.0230817794799805 -1.138280987739563 74 108 47
-14.855884552001953 5.2175612449646 -1.1303075551986694 99 119 91
-13.49888801574707 4.196134090423584 -1.1532522439956665 81 92 76
-12.670503616333008 3.4384334087371826 -1.1945801973342896 60 76 50
-11.58840274810791 2.6949734687805176 -1.1999177932739258 92 124 75
-9.174725532531738 3.2265892028808594 -1.0585945844650269 66 103 33
-9.183371543884277 2.8606314659118652 -1.1406497955322266 79 108 64
-9.22486400604248 2.508047580718994 -1.2258167266845703 56 85 31
-8.524359703063965 1.9871116876602173 -1.2089606523513794 96 100 85
-7.346384048461914 2.5895025730133057 -1.1373237371444702 67 108 42
-7.2253804206848145 2.253897190093994 -1.178741216659546 92 124 59
-7.15354061126709 1.9479821920394897 -1.2277828454971313 77 108 38
-6.789815902709961 1.5832723379135132 -1.2263352870941162 82 122 62
-6.0571699142456055 2.143394947052002 -1.1817988157272339 70 109 54
-5.830353736877441 1.8221923112869263 -1.1831625699996948 86 116 62
-5.866514682769775 1.6004818677902222 -1.2397185564041138 81 111 61
-5.58397102355957 1.3027058839797974 -1.2283025979995728 96 109 83
-4.993732929229736 1.7703232765197754 -1.179735779762268 106 136 86
-15.39708423614502 5.411495685577393 3.0395355224609375 76 130 192
-22.43183708190918 6.073014736175537 3.861424207687378 93 138 157
-20.35001564025879 4.72536039352417 3.2647881507873535 93 113 137
-27.232738494873047 8.473532676696777 3.951467752456665 93 117 127
-21.261350631713867 5.772061347961426 2.838252067565918 77 85 74
-21.67751693725586 5.048367500305176 2.6516942977905273 114 131 125
-15.75054931640625 5.546846866607666 1.8600778579711914 119 148 164
-27.004018783569336 7.348297119140625 2.5730271339416504 76 87 71
-23.872539520263672 5.576688766479492 2.01595139503479 102 113 105
-27.627273559570312 8.621155738830566 1.8776274919509888 73 86 69
-27.571029663085938 7.517581939697266 1.5767194032669067 49 61 57
-22.085981369018555 5.1715407371521 1.0356000661849976 84 100 73
-33.85784149169922 11.948246002197266 1.3604748249053955 87 101 88
-22.133323669433594 5.196074962615967 0.20634257793426514 73 88 69
-29.960683822631836 10.59531021118164 0.042153250426054 77 93 67
-24.125383377075195 6.604328632354736 -0.44621121883392334 94 103 84
-22.254756927490234 5.231550216674805 -0.6273958086967468 81 96 75
-23.615175247192383 8.360557556152344 -0.8826959133148193 80 102 64
-22.103883743286133 6.93018102645874 -1.0365138053894043 65 100 36
-19.008790969848633 5.214004039764404 -1.0713001489639282 72 100 39
-17.316490173339844 4.079615592956543 -1.1392396688461304 69 100 56
-14.932872772216797 5.296121120452881 -1.137396216392517 90 97 79
-13.415587425231934 4.215418815612793 -1.1472350358963013 91 102 88
-12.66469669342041 3.4786086082458496 -1.195033311843872 83 98 75
-11.601385116577148 2.73553729057312 -1.2021253108978271 86 112 77
-9.245348930358887 3.2833333015441895 -1.067900538444519 91 131 69
-9.159396171569824 2.8840200901031494 -1.1387654542922974 73 111 52
-9.1549654006958 2.5192320346832275 -1.2175496816635132 73 101 53
-8.558712005615234 2.022824287414551 -1.2147072553634644 87 110 81
-7.339337348937988 2.6123604774475098 -1.1374682188034058 70 114 39
-7.293819904327393 2.2998244762420654 -1.1910518407821655 103 133 71
-7.071442604064941 1.9489493370056152 -1.2147126197814941 86 126 63
-6.75137996673584 1.5961647033691406 -1.2202719449996948 68 99 58
-6.074645519256592 2.17057204246521 -1.18650221824646 102 148 73
-5.786354064941406 1.8279458284378052 -1.1753661632537842 83 112 56
-5.862521171569824 1.618733286857605 -1.2399183511734009 92 121 73
-5.588511943817139 1.3218567371368408 -1.2301877737045288 66 98 57
-4.979087829589844 1.7823457717895508 -1.1775623559951782 93 131 74
-21.209304809570312 4.973206043243408 4.232912540435791 73 129 188
-15.776012420654297 5.599112510681152 3.1177163124084473 108 156 196
-22.24945831298828 6.096964359283447 3.8332316875457764 90 133 167
-21.121145248413086 4.972761631011963 3.390933036804199 108 145 174
-22.539405822753906 6.193337917327881 3.0113861560821533 108 128 119
-28.161954879760742 6.649646759033203 3.4473798274993896 136 162 159
-15.782151222229004 5.612459182739258 1.8658345937728882 134 165 186
-22.21179962158203 6.117497444152832 2.11818790435791 116 133 115
-21.88661003112793 5.183632850646973 1.8495808839797974 109 137 123
-27.570240020751953 8.696269035339355 1.8755558729171753 84 104 79
-27.462173461914062 7.578493118286133 1.5718164443969727 96 113 94
-22.103057861328125 5.247120380401611 1.0371507406234741 51 56 49
-27.98992156982422 7.738327503204346 0.5428913831710815 87 101 84
-29.147287368774414 9.223917961120605 -0.25185614824295044 89 98 77
-24.052013397216797 6.663630485534668 -0.4452302157878876 81 92 75
-22.21234703063965 5.293545246124268 -0.626655101776123 44 50 46
-24.03923797607422 8.593775749206543 -0.8995279669761658 89 115 70
-22.07204246520996 6.994642734527588 -1.0360220670700073 64 95 36
-19.189945220947266 5.32705020904541 -1.082425594329834 83 115 52
-17.30583381652832 4.133185863494873 -1.1393673419952393 74 113 48
-13.216902732849121 4.733231067657471 -1.0077967643737793 92 103 87
-13.39499282836914 4.254144191741943 -1.1465846300125122 69 69 59
-12.632855415344238 3.5115790367126465 -1.1930397748947144 77 95 71
-11.614228248596191 2.7762057781219482 -1.204332947731018 82 109 66
-9.2633056640625 3.321749210357666 -1.0711467266082764 90 132 56
-9.095621109008789 2.8946406841278076 -1.1319352388381958 89 122 79
-8.964688301086426 2.496483087539673 -1.1932570934295654 66 91 49
-8.634349822998047 2.068690776824951 -1.2263370752334595 75 101 56
-7.35922384262085 2.6449050903320312 -1.1418025493621826 65 107 41
-7.197293281555176 2.2936885356903076 -1.1764329671859741 76 111 47
-6.971351146697998 1.9443951845169067 -1.1985383033752441 74 102 44
-6.774226665496826 1.6235268115997314 -1.2252957820892334 94 128 77
-6.110513687133789 2.204552173614502 -1.1948233842849731 71 104 51
-5.732086181640625 1.8301619291305542 -1.1654778718948364 82 113 69
-5.864133358001709 1.6385574340820312 -1.2413166761398315 105 123 85
-5.547346115112305 1.330104112625122 -1.2220187187194824 99 125 78
-4.965334892272949 1.7946269512176514 -1.175606369972229 85 131 59
-22.233501434326172 6.165987014770508 3.833723545074463 84 136 183
-21.111553192138672 5.038912773132324 3.391859292984009 85 124 163
-21.92403793334961 6.096650123596191 2.931654930114746 100 115 122
-21.661584854125977 5.184981822967529 2.6535871028900146 144 172 175
-33.41356658935547 11.998156547546387 3.9546303749084473 128 161 168
-22.192928314208984 6.185613632202148 2.11818790435791 101 115 100
-21.96654510498047 5.273789405822754 1.8576946258544922 85 102 83
-33.89786911010742 12.181411743164062 2.6837143898010254 99 126 117
-26.954103469848633 7.527353286743164 1.5440512895584106 52 63 57
-27.806459426879883 6.691253185272217 1.3057308197021484 88 110 89
-33.37205505371094 12.007585525512695 1.3438900709152222 59 73 58
-27.852432250976562 7.7923760414123535 0.5406858325004578 59 74 51
-32.85894012451172 7.927089691162109 0.3067820966243744 74 87 78
-24.553251266479492 6.883678913116455 -0.45489752292633057 84 97 77
-25.18682289123535 6.084129810333252 -0.711094319820404 60 73 56
-24.091720581054688 8.695987701416016 -0.9024859070777893 79 104 62
-22.06950569152832 7.068419456481934 -1.0369160175323486 62 94 27
-19.268680572509766 5.412632942199707 -1.0877982378005981 81 111 61
-17.36678695678711 4.204104900360107 -1.1442241668701172 64 99 43
-13.80357551574707 4.9911627769470215 -1.0536935329437256 78 91 73
-13.396113395690918 4.299788475036621 -1.1478043794631958 70 76 66
-12.329625129699707 3.468074083328247 -1.1654021739959717 81 98 64
-11.673343658447266 2.8282241821289062 -1.2113569974899292 84 112 63
-9.268961906433105 3.3559062480926514 -1.0729862451553345 85 122 53
-9.067790985107422 2.9164507389068604 -1.1295799016952515 78 107 63
-8.852925300598145 2.4946513175964355 -1.1793938875198364 65 86 53
-8.649140357971191 2.100313663482666 -1.2293472290039062 82 107 68
-7.417116641998291 2.691434860229492 -1.1520603895187378 96 130 80
-7.19962739944458 2.3187875747680664 -1.1779718399047852 83 118 62
-6.979595184326172 1.9697932004928589 -1.2009888887405396 75 100 58
-6.808452606201172 1.6538336277008057 -1.2323983907699585 103 125 87
-6.067681312561035 2.210160732269287 -1.1877684593200684 79 111 36
-5.841365814208984 1.884820580482483 -1.1888673305511475 122 153 109
-5.8109917640686035 1.6429449319839478 -1.2311288118362427 83 105 58
-5.56224250793457 1.35173499584198 -1.226207971572876 93 125 75
-4.937798500061035 1.8018214702606201 -1.170390009880066 65 96 54
-14.277048110961914 5.1659650802612305 2.8276963233947754 81 138 193
-15.949933052062988 5.1135945320129395 2.9476802349090576 78 140 201
-21.08159065246582 5.100173473358154 3.389543294906616 90 126 158
-15.545948028564453 5.628782272338867 2.455918550491333 83 148 206
-21.89472770690918 6.160928249359131 2.9302494525909424 99 123 125
-21.598291397094727 5.239943027496338 2.6477904319763184 138 168 160
-33.44854736328125 12.126696586608887 3.9631552696228027 119 141 152
-27.29368782043457 7.697616100311279 2.6072680950164795 74 87 77
-21.946388244628906 5.340214729309082 1.8573668003082275 108 127 107
-33.83877182006836 12.277527809143066 2.6820051670074463 104 125 118
-34.933528900146484 11.254949569702148 2.3811209201812744 90 111 96
-33.970115661621094 9.599127769470215 1.9476375579833984 80 91 75
-27.655229568481445 7.828769207000732 0.5373213291168213 84 99 76
-32.84223556518555 8.029762268066406 0.3068546950817108 83 99 73
-29.918277740478516 10.891136169433594 0.04223283752799034 96 116 91
-24.818660736083984 7.040286540985107 -0.46021273732185364 82 89 71
-24.783540725708008 6.067245006561279 -0.7002307772636414 75 83 70
-24.174787521362305 8.809894561767578 -0.9066058397293091 54 83 29
-22.068628311157227 7.142862796783447 -1.0378994941711426 69 106 39
-19.055084228515625 5.415760517120361 -1.0766727924346924 72 104 41
-17.37900733947754 4.263548374176025 -1.1458858251571655 80 114 63
-14.348496437072754 5.2380290031433105 -1.0965114831924438 81 101 64
-13.408455848693848 4.349169731140137 -1.149999737739563 75 87 67
-12.331378936767578 3.5094282627105713 -1.166580080986023 70 93 64
-11.704228401184082 2.873751401901245 -1.2154711484909058 90 121 79
-8.895411491394043 3.2515618801116943 -1.0308935642242432 59 97 36
-9.042746543884277 2.9390387535095215 -1.1275781393051147 80 111 69
-8.938709259033203 2.5484511852264404 -1.1918580532073975 79 103 69
-8.736921310424805 2.150036334991455 -1.2427557706832886 83 117 66
-7.4190449714660645 2.717921733856201 -1.1536496877670288 81 123 47
-7.166171550750732 2.3323025703430176 -1.1736631393432617 99 131 84
-6.959289073944092 1.9871339797973633 -1.1985383033752441 82 103 64
-6.860726833343506 1.6888386011123657 -1.2427926063537598 118 138 101
-5.988872528076172 2.202289342880249 -1.1736584901809692 76 110 50
-5.820621013641357 1.8978632688522339 -1.1858247518539429 121 149 101
-5.7682414054870605 1.6499861478805542 -1.2231383323669434 93 104 74
-5.535283088684082 1.363181710243225 -1.2211809158325195 77 118 42
-4.944154262542725 1.8213483095169067 -1.1732155084609985 93 138 71
-21.22843360900879 5.184269905090332 4.2460737228393555 80 140 203
-15.048800468444824 5.497485160827637 2.983875036239624 75 135 198
-15.887325286865234 5.147326946258545 2.939014434814453 79 139 202
-21.471750259399414 5.264345169067383 3.454854726791382 103 145 169
-15.680036544799805 5.731805324554443 2.479867935180664 84 146 205
-27.857797622680664 9.044442176818848 4.057963848114014 106 130 154
-21.852828979492188 6.221553325653076 2.927182912826538 123 152 158
-22.344844818115234 5.493705749511719 2.741365671157837 140 159 165
-15.743827819824219 5.762600898742676 1.8674952983856201 116 143 162
-22.14402198791504 6.31866455078125 2.117180824279785 84 94 67
-21.963769912719727 5.4158711433410645 1.8602352142333984 102 119 103
-33.797203063964844 12.379915237426758 2.6817080974578857 113 134 129
-22.577512741088867 5.579751014709473 1.0617785453796387 88 106 84
-34.026710510253906 12.479477882385254 1.373310923576355 103 121 99
-33.93739318847656 9.71971321105957 0.6599555611610413 51 57 43
-22.520198822021484 5.579351902008057 0.2105717957019806 85 99 76
-29.99360466003418 11.02288818359375 0.04238670691847801 62 69 62
-26.4157772064209 8.627772331237793 -0.22893016040325165 94 103 86
-24.32314682006836 6.980422496795654 -0.4514194428920746 99 112 94
-25.692338943481445 6.3733367919921875 -0.7264568209648132 78 86 65
-24.760107040405273 9.10934829711914 -0.9296002984046936 62 102 32
-22.076993942260742 7.2204718589782715 -1.0393298864364624 73 105 42
-19.179447174072266 5.51475715637207 -1.0846505165100098 70 104 53
-17.535329818725586 4.3589768409729 -1.157069206237793 97 132 74
-14.484910011291504 5.3382463455200195 -1.108182668685913 102 120 82
-13.387472152709961 4.3878021240234375 -1.1493492126464844 80 101 70
-12.516740798950195 3.6037285327911377 -1.185156226158142 83 107 71
-11.735908508300781 2.9197347164154053 -1.219685673713684 75 102 67
-9.310684204101562 3.4357755184173584 -1.0802361965179443 69 109 47
-9.026138305664062 2.9642889499664307 -1.1266359090805054 77 104 69
-8.935613632202148 2.577237129211426 -1.1924940347671509 72 98 63
-8.744701385498047 2.1804256439208984 -1.2448080778121948 74 104 44
-7.296518325805664 2.698453426361084 -1.1358789205551147 75 115 52
-7.235011577606201 2.379279851913452 -1.1861275434494019 80 116 78
-6.8972392082214355 1.9923222064971924 -1.188899040222168 91 117 70
-6.883225917816162 1.716791033744812 -1.2478164434432983 100 127 84
-6.015280723571777 2.2329742908477783 -1.1801707744598389 84 123 68
-5.784933090209961 1.905881404876709 -1.1797398328781128 124 154 100
-5.7292680740356445 1.6578700542449951 -1.2159470319747925 94 112 64
-5.594639301300049 1.3960185050964355 -1.2352149486541748 84 122 65
-4.933968544006348 1.83480703830719 -1.1721287965774536 62 102 49
-16.374834060668945 6.038904666900635 3.2504591941833496 77 135 199
-15.878945350646973 5.198495388031006 2.9404008388519287 82 141 197
-22.351076126098633 5.552683353424072 3.599064350128174 92 127 159
-15.370994567871094 5.672354698181152 2.433732271194458 87 147 207
-20.959671020507812 5.221389293670654 2.5733795166015625 101 120 116
-22.121662139892578 6.385743141174316 2.11690616607666 99 120 105
-22.264198303222656 5.562465190887451 1.8871166706085205 97 118 101
-27.97713851928711 8.091355323791504 1.6068533658981323 81 88 70
-22.49245262145996 5.6320061683654785 1.0585860013961792 70 83 66
-33.99763870239258 12.587282180786133 1.3736896514892578 80 97 79
-22.401140213012695 5.622855186462402 0.20961886644363403 74 84 59
-30.31591796875 11.247030258178711 0.0428907610476017 58 68 59
-26.465150833129883 8.733843803405762 -0.22958919405937195 69 79 70
-24.368831634521484 7.074524879455566 -0.4526679813861847 71 85 70
-22.18352508544922 5.575229167938232 -0.6277250051498413 53 62 35
-24.798559188842773 9.20997142791748 -0.9321004152297974 77 106 50
-22.068965911865234 7.292870998382568 -1.040000319480896 64 103 14
-19.230512619018555 5.5933732986450195 -1.0885038375854492 76 111 55
-17.53058433532715 4.414947509765625 -1.1576443910598755 84 112 61
-14.47407341003418 5.384746551513672 -1.1086121797561646 90 115 73
-13.360701560974121 4.424467086791992 -1.148210883140564 82 108 63
-12.540047645568848 3.652137279510498 -1.1884183883666992 84 97 80
-11.741368293762207 2.959373712539673 -1.2211908102035522 91 112 71
-8.702947616577148 3.241882562637329 -1.0108751058578491 72 107 51
-8.979301452636719 2.979457139968872 -1.1219254732131958 91 129 80
-8.945755958557129 2.609917163848877 -1.1949105262756348 72 90 66
-8.743733406066895 2.2086992263793945 -1.2456289529800415 76 111 57
-7.306745529174805 2.7277474403381348 -1.1387685537338257 75 119 58
-7.167666435241699 2.381525993347168 -1.1762791872024536 58 87 39
-6.868366718292236 2.0068325996398926 -1.1849778890609741 98 122 70
-6.970548629760742 1.7613040208816528 -1.264620304107666 96 119 67
-5.767880439758301 1.919899582862854 -1.1774579286575317 104 132 81
-5.647042751312256 1.6528689861297607 -1.1995664834976196 77 98 41
-5.563786506652832 1.406466007232666 -1.229349970817566 85 117 52
-21.280014038085938 5.33543586730957 4.262858867645264 81 141 195
-16.46678924560547 6.13027286529541 3.272430419921875 83 135 192
-27.650440216064453 8.034945487976074 4.784409523010254 111 148 167
-22.35788917541504 5.627257823944092 3.602924108505249 90 139 180
-15.396157264709473 5.7353692054748535 2.440490961074829 85 147 206
-26.28774070739746 7.658864498138428 3.5274670124053955 137 169 166
-21.760000228881836 5.491720199584961 2.6736981868743896 121 143 141
-15.824570655822754 5.902510643005371 1.8813334703445435 128 156 177
-26.839330673217773 7.836850643157959 2.5706465244293213 88 107 85
-21.899206161499023 5.542710781097412 1.8576124906539917 96 118 95
-27.912891387939453 8.165655136108398 1.6045947074890137 99 118 99
-28.447505950927734 7.215943336486816 1.339890480041504 72 89 70
-31.871471405029297 11.91140079498291 1.289251446723938 83 98 75
-33.68138122558594 9.870406150817871 0.6561424732208252 84 101 69
-30.255048751831055 11.33016586303711 0.042853619903326035 87 106 87
-24.791183471679688 7.2796807289123535 -0.4609261751174927 75 83 70
-26.38316535949707 6.7168169021606445 -0.747141420841217 64 71 63
-24.752408981323242 9.279343605041504 -0.9314313530921936 69 95 48
-22.152616500854492 7.3959760665893555 -1.0450067520141602 62 98 26
-19.30426597595215 5.679117202758789 -1.093659520149231 90 124 63
-17.522756576538086 4.470189571380615 -1.1580277681350708 73 106 59
-14.379981994628906 5.400022983551025 -1.1026692390441895 90 118 70
-13.332887649536133 4.460693359375 -1.1469911336898804 81 106 64
-12.375935554504395 3.6455681324005127 -1.1739200353622437 67 77 68
-11.683067321777344 2.9828290939331055 -1.2160732746124268 77 94 60
-8.928690910339355 2.9931037425994873 -1.1167439222335815 79 109 59
-8.940561294555664 2.6381924152374268 -1.1952921152114868 96 112 86
-8.734037399291992 2.2347779273986816 -1.2452186346054077 76 107 48
-7.045109272003174 2.3648300170898438 -1.1573514938354492 78 118 48
-6.859339714050293 2.0270564556121826 -1.1844878196716309 83 116 45
-6.937442779541016 1.7755992412567139 -1.2595964670181274 88 109 68
-5.796393394470215 1.9491640329360962 -1.1844936609268188 131 172 104
-5.696438789367676 1.686317801475525 -1.2111526727676392 108 123 90
-5.569864749908447 1.426196813583374 -1.2316540479660034 99 146 54
-21.595596313476562 5.485033988952637 4.329427242279053 77 127 180
-14.496020317077637 5.447288513183594 2.8840889930725098 76 135 201
-22.29265022277832 5.683620452880859 3.5952043533325195 90 152 193
-15.838640213012695 5.955601215362549 2.513514757156372 89 148 204
-22.309690475463867 5.703310489654541 2.7433767318725586 85 100 97
-27.032907485961914 7.983460903167725 2.5915207862854004 77 92 85
-22.44107437133789 5.753173828125 1.9050650596618652 82 102 100
-27.9920711517334 8.28213119506836 1.6105995178222656 68 85 77
-27.988874435424805 7.191073417663574 1.3193217515945435 92 110 84
-33.74009323120117 10.000116348266602 0.6578808426856995 83 98 69
-28.349714279174805 7.3011908531188965 0.2656969130039215 69 83 60
-31.11570930480957 9.2406005859375 -0.5790382623672485 96 104 81
-26.6799259185791 6.8795952796936035 -0.7561395168304443 39 39 37
-22.214069366455078 7.492319583892822 -1.0489851236343384 59 97 24
-19.3527889251709 5.757963180541992 -1.0974041223526 75 105 45
-17.51282501220703 4.52492618560791 -1.1582833528518677 70 103 50
-13.301198959350586 4.495513439178467 -1.1454463005065918 99 127 66
-12.37614631652832 3.686931848526001 -1.1750073432922363 84 96 76
-11.609322547912598 3.001969814300537 -1.2093502283096313 70 94 62
-8.907238006591797 3.0163416862487793 -1.1152129173278809 72 107 51
-8.916267395019531 2.660787343978882 -1.1931300163269043 74 101 58
-8.730016708374023 2.262308359146118 -1.2456289529800415 75 99 47
-7.0172343254089355 2.3794522285461426 -1.1539661884307861 98 139 83
-6.864431381225586 2.051481008529663 -1.186448335647583 88 118 68
-6.916708469390869 1.792920470237732 -1.2568246126174927 101 126 87
-5.8192033767700195 1.9767268896102905 -1.190388560295105 103 129 84
-5.702502727508545 1.7071584463119507 -1.2135498523712158 107 112 90
-5.5853400230407715 1.4484329223632812 -1.2360528707504272 104 140 70
-21.680387496948242 5.5774312019348145 4.349836349487305 88 140 188
-22.304763793945312 5.759644031524658 3.5999908447265625 113 150 169
-26.775379180908203 7.979495525360107 3.5994040966033936 122 147 154
-22.335344314575195 5.782928943634033 2.7487001419067383 103 128 124
-27.861299514770508 8.321122169494629 2.673369884490967 115 135 134
-22.724288940429688 5.900139331817627 1.9306353330612183 41 46 39
-28.231502532958984 8.447253227233887 1.625859260559082 88 108 96
-27.8584041595459 7.248734474182129 1.314213752746582 69 77 56
-37.76045608520508 11.317837715148926 0.736945390701294 68 81 64
-28.463611602783203 7.423715114593506 0.26697656512260437 67 81 64
-25.463483810424805 8.66396713256836 -0.22158199548721313 94 105 88
-24.420469284057617 7.3338823318481445 -0.4548618197441101 65 73 49
-26.72833251953125 6.979600429534912 -0.7581146955490112 36 37 29
-22.254335403442383 7.582021713256836 -1.0519800186157227 57 94 25
-19.351287841796875 5.822200298309326 -1.0983268022537231 65 103 44
-17.377214431762695 4.546804428100586 -1.1502312421798706 78 110 63
-13.281684875488281 4.534367561340332 -1.1449583768844604 84 117 60
-12.3838472366333 3.7306289672851562 -1.1768196821212769 92 105 85
-11.331520080566406 2.9672536849975586 -1.18135404586792 88 113 73
-8.895123481750488 3.0426902770996094 -1.1148595809936523 83 120 53
-8.873876571655273 2.6778135299682617 -1.1885511875152588 72 104 63
-8.705788612365723 2.284555196762085 -1.243166208267212 88 119 62
-7.0650529861450195 2.4198598861694336 -1.1630452871322632 75 122 41
-6.919489860534668 2.0910816192626953 -1.1970678567886353 84 122 45
-6.895933628082275 1.8101314306259155 -1.2540528774261475 74 100 55
-5.834469795227051 2.001899003982544 -1.1947622299194336 70 107 53
-5.684108734130859 1.7206709384918213 -1.2107532024383545 86 114 56
-5.597893238067627 1.470031976699829 -1.2398232221603394 98 126 67
-15.837262153625488 5.4009108543396 2.9447340965270996 84 139 203
-27.70001983642578 8.326578140258789 4.8060455322265625 89 139 188
-22.33095932006836 5.839545249938965 3.607093095779419 92 122 146
-27.46013832092285 8.27537727355957 3.6948513984680176 115 143 147
-22.694978713989258 5.95039701461792 2.795192003250122 52 66 51
-27.8385009765625 8.407423973083496 2.673644542694092 96 119 101
-27.368358612060547 7.195624351501465 2.3270559310913086 92 110 96
-33.51816940307617 10.141239166259766 1.9321024417877197 81 92 75
-27.479581832885742 7.240251541137695 1.2973846197128296 90 104 79
-37.54758071899414 11.379692077636719 0.733468770980835 73 82 63
-28.031740188598633 7.403001308441162 0.2631376087665558 79 94 75
-29.12681007385254 10.010226249694824 -0.25372612476348877 83 94 80
-24.394983291625977 7.407896995544434 -0.4548083245754242 91 100 79
-26.748348236083984 7.072556495666504 -0.759294331073761 62 75 58
-22.104389190673828 7.606701850891113 -1.045990228652954 58 97 32
-18.865238189697266 5.739138603210449 -1.0717341899871826 77 112 56
-16.8499755859375 4.464129447937012 -1.1162337064743042 65 99 49
-13.241328239440918 4.565996170043945 -1.14268159866333 95 123 72
-12.40664005279541 3.7790513038635254 -1.180081844329834 81 92 78
-11.271391868591309 2.9884896278381348 -1.176035761833191 86 103 71
-8.884808540344238 3.069641590118408 -1.1147419214248657 79 114 48
-8.817235946655273 2.690263271331787 -1.1820647716522217 72 106 56
-8.615447044372559 2.2891228199005127 -1.2312626838684082 100 132 83
-6.7914652824401855 2.3494577407836914 -1.119188666343689 62 104 38
-6.868697166442871 2.0987508296966553 -1.1893891096115112 72 106 30
-6.860840797424316 1.8234370946884155 -1.2486826181411743 66 103 36
-5.8626227378845215 2.0316836833953857 -1.2017980813980103 80 111 69
-5.62727165222168 1.7223292589187622 -1.1997663974761963 111 147 85
-5.619816780090332 1.494234561920166 -1.2456883192062378 70 108 49
-20.764930725097656 5.4779839515686035 4.1728291511535645 83 130 182
-16.130695343017578 5.556281089782715 3.0024499893188477 103 149 199
-22.6042423248291 5.985159873962402 3.6541850566864014 75 81 97
-15.935548782348633 5.499953746795654 2.3356382846832275 100 152 200
-27.679393768310547 8.43416976928711 3.7278170585632324 108 141 150
-22.35414695739746 5.934390068054199 2.7554433345794678 110 134 144
-28.633533477783203 8.743477821350098 2.752563714981079 101 133 146
-27.17857551574707 7.234945774078369 2.312795639038086 80 93 73
-27.989133834838867 8.56219482421875 1.6148964166641235 90 102 100
-27.548934936523438 7.348984241485596 1.3017174005508423 83 97 82
-35.372718811035156 12.256832122802734 1.057454228401184 90 105 82
-37.49528503417969 11.489561080932617 0.7331323623657227 70 88 62
-28.571123123168945 7.639293670654297 0.2684195935726166 79 92 75
-26.602022171020508 9.233864784240723 -0.231978178024292 92 103 86
-23.769784927368164 6.363078594207764 -0.675294041633606 76 85 58
-22.109256744384766 7.684319972991943 -1.0473312139511108 52 87 31
-18.722515106201172 5.7585344314575195 -1.0646247863769531 65 98 45
-17.04439926147461 4.571646690368652 -1.1300371885299683 76 111 57
-13.040892601013184 4.541694164276123 -1.1265817880630493 90 112 66
-12.33883285522461 3.7998032569885254 -1.1747355461120605 73 86 66
-11.377482414245605 3.0540084838867188 -1.1880770921707153 106 115 94
-8.843469619750977 3.085761785507202 -1.110737919807434 70 112 38
-8.617483139038086 2.6582422256469727 -1.1563732624053955 70 104 53
-8.526115417480469 2.293415069580078 -1.2194960117340088 82 107 65
-7.15734338760376 2.500643253326416 -1.1807416677474976 79 119 56
-6.917840003967285 2.136993646621704 -1.1990283727645874 103 129 81
-6.8542633056640625 1.8442214727401733 -1.248509407043457 103 132 78
-5.807250022888184 2.0324718952178955 -1.191719651222229 63 96 43
-5.625704765319824 1.74074387550354 -1.2005653381347656 81 112 45
-5.623703479766846 1.513756275177002 -1.2475733757019043 78 118 58
-20.99555778503418 5.607778072357178 4.222612380981445 75 133 197
-15.841959953308105 5.511251926422119 2.9518401622772217 86 141 197
-16.0158748626709 5.5827250480651855 2.3499109745025635 94 149 203
-27.281831741333008 8.404585838317871 3.677729606628418 102 121 128
-21.381681442260742 5.746506214141846 2.637734889984131 78 91 100
-33.674217224121094 10.39574146270752 3.2401793003082275 107 131 131
-27.128345489501953 7.310773849487305 2.3104190826416016 82 97 74
-27.77863121032715 8.591086387634277 1.604264259338379 102 125 115
-28.163734436035156 7.605618953704834 1.3318636417388916 43 53 42
-28.615116119384766 7.7452006340026855 0.2690548896789551 49 55 53
-25.29728889465332 7.851749420166016 -0.47251978516578674 74 83 62
-24.65901756286621 6.6822638511657715 -0.70113605260849 69 81 57
-22.08840560913086 7.753107070922852 -1.0474653244018555 65 100 42
-18.665666580200195 5.8037919998168945 -1.0623996257781982 66 104 45
-16.982139587402344 4.610842227935791 -1.1268420219421387 77 106 62
-12.553021430969238 4.415014743804932 -1.0856003761291504 78 104 65
-12.414597511291504 3.8648746013641357 -1.1830720901489258 79 98 68
-11.375741004943848 3.090986967086792 -1.1888799667358398 91 99 84
-8.87517261505127 3.1274003982543945 -1.115919589996338 79 117 56
-8.599818229675293 2.681715250015259 -1.1551014184951782 71 111 76
-8.50374698638916 2.3153979778289795 -1.2173068523406982 80 93 65
-7.139388084411621 2.5189733505249023 -1.179049015045166 66 109 40
-6.924435615539551 2.1623241901397705 -1.2013156414031982 77 106 50
-6.814363479614258 1.8559242486953735 -1.2422728538513184 97 102 72
-5.824128150939941 2.058457612991333 -1.1964735984802246 79 114 56
-5.616597652435303 1.7568250894546509 -1.1997663974761963 61 79 39
-5.630354404449463 1.534087061882019 -1.250087022781372 63 97 37
-20.636165618896484 5.579670429229736 4.153755187988281 90 134 179
-16.09165382385254 5.653520584106445 3.0015835762023926 89 138 181
-27.31747055053711 8.507414817810059 3.686034917831421 89 118 134
-22.581762313842773 6.1433844566345215 2.7880940437316895 88 102 89
-22.29249382019043 6.080988883972168 1.9001476764678955 79 89 78
-27.656843185424805 8.646475791931152 1.5987552404403687 100 116 90
-27.644010543823242 7.556339263916016 1.3083760738372803 86 106 79
-28.029926300048828 7.679180145263672 0.2637728750705719 55 68 48
-29.58017921447754 10.471423149108887 -0.25850409269332886 80 86 72
-26.45698356628418 8.30076789855957 -0.49465465545654297 81 90 69
-24.57381248474121 6.740169525146484 -0.6992980241775513 85 94 75
-22.076757431030273 7.825175762176514 -1.0480464696884155 88 125 58
-18.948789596557617 5.955639839172363 -1.0795491933822632 77 111 50
-16.943857192993164 4.656310081481934 -1.125244379043579 83 112 66
-12.721624374389648 4.518218994140625 -1.1013749837875366 89 105 76
-12.454930305480957 3.9193856716156006 -1.1880559921264648 79 98 66
-11.35373306274414 3.1224429607391357 -1.1875754594802856 84 88 71
-8.920734405517578 3.174255847930908 -1.1228675842285156 78 124 62
-8.5972261428833 2.7098753452301025 -1.1558644771575928 66 99 56
-8.365768432617188 2.3054211139678955 -1.1985621452331543 85 102 70
-7.079503059387207 2.522294282913208 -1.1704316139221191 73 112 49
-6.978921413421631 2.2028603553771973 -1.2119351625442505 87 117 67
-6.772557735443115 1.8668761253356934 -1.2356898784637451 83 93 56
-5.775252819061279 2.061136484146118 -1.187726378440857 71 108 54
-5.6027727127075195 1.7713898420333862 -1.1979684829711914 85 104 58
-5.64730167388916 1.557332158088684 -1.2549046277999878 88 126 51
-21.479612350463867 5.8784990310668945 4.327138423919678 93 140 184
-15.186894416809082 5.388049602508545 2.835888147354126 79 139 202
-21.97499656677246 6.050781726837158 2.7154579162597656 81 99 85
-22.257400512695312 6.144843578338623 1.8987544775009155 69 80 63
-27.02665138244629 7.4767746925354 1.2802364826202393 83 99 73
-33.69183349609375 12.022845268249512 1.0104701519012451 77 91 74
-27.858802795410156 7.7242608070373535 0.2623843252658844 50 64 49
-26.427579879760742 8.380688667297363 -0.4945833384990692 84 96 74
-24.14076805114746 6.701095104217529 -0.6875566840171814 73 81 60
-22.04323959350586 7.889503002166748 -1.0475994348526 59 93 43
-18.957075119018555 6.022211074829102 -1.081068754196167 139 159 106
-16.95641326904297 4.715758323669434 -1.1270337104797363 82 117 63
-12.92911434173584 4.636629581451416 -1.1205646991729736 86 102 63
-12.426712989807129 3.952446699142456 -1.1865154504776 92 109 77
-11.309593200683594 3.1476571559906006 -1.1839630603790283 72 81 52
-8.838993072509766 3.1757543087005615 -1.113799810409546 86 126 63
-8.503814697265625 2.7091410160064697 -1.1444177627563477 66 99 46
-8.442625045776367 2.3544933795928955 -1.2106025218963623 97 109 85
-7.029892444610596 2.5289506912231445 -1.1635068655014038 83 121 46
-6.83302640914917 2.1798839569091797 -1.1877553462982178 70 105 51
-6.763003349304199 1.8865866661071777 -1.2349969148635864 77 92 53
-5.816006660461426 2.0958192348480225 -1.1974244117736816 66 111 30
-5.583311557769775 1.7840969562530518 -1.194972038269043 108 148 78
-5.629311561584473 1.5709707736968994 -1.2519721984863281 63 98 40
-14.67889404296875 5.258577823638916 2.744027614593506 82 129 175
-21.90658950805664 6.104311466217041 2.709306240081787 124 150 149
-26.987232208251953 7.555078029632568 1.279461145401001 65 78 60
-34.822792053222656 12.546996116638184 1.0455389022827148 70 86 73
-34.02084732055664 9.545271873474121 0.3206949830055237 88 107 87
-26.501718521118164 8.493769645690918 -0.4964561462402344 87 98 81
-24.576261520385742 6.90325927734375 -0.7005599737167358 70 83 63
-22.062149047851562 7.972711563110352 -1.0496556758880615 60 97 43
-18.94231414794922 6.081563472747803 -1.081285834312439 80 111 52
-16.889991760253906 4.753159046173096 -1.1235828399658203 84 120 58
-12.979491233825684 4.6996870040893555 -1.1261751651763916 82 101 71
-12.142420768737793 3.903085947036743 -1.1605088710784912 66 88 52
-11.27977180480957 3.176675796508789 -1.1818557977676392 62 81 49
-8.677979469299316 3.1479976177215576 -1.0947222709655762 67 101 40
-8.486966133117676 2.7324819564819336 -1.143273115158081 74 109 51
-8.252315521240234 2.3287298679351807 -1.1843326091766357 93 112 82
-7.025815486907959 2.5518555641174316 -1.164122462272644 53 93 30
-6.966212749481201 2.245943546295166 -1.2120985984802246 85 117 70
-6.7069478034973145 1.8931465148925781 -1.2258155345916748 86 115 67
-5.855678558349609 2.1304354667663574 -1.2069323062896729 92 134 84
-5.575946807861328 1.8006157875061035 -1.1945725679397583 100 132 91
-5.631052494049072 1.590093970298767 -1.2534384727478027 84 127 56
-22.152050018310547 6.208881855010986 4.470193862915039 89 140 197
-8.568673133850098 3.0993425846099854 1.6035715341567993 83 137 199
-15.995832443237305 5.13119649887085 2.7912471294403076 80 139 197
-21.02034568786621 5.912264347076416 3.4123947620391846 88 119 137
-21.26559066772461 5.996064186096191 2.632293224334717 104 123 121
-33.55312728881836 12.178776741027832 3.618845224380493 116 145 161
-34.9336051940918 11.255900382995605 3.374397039413452 103 127 137
-33.67022705078125 12.23325252532959 2.324148416519165 91 111 100
-34.02545166015625 9.638093948364258 1.6145362854003906 89 106 74
-31.757465362548828 11.55273151397705 0.9545634984970093 77 96 68
-33.87308120727539 9.616012573242188 0.3195786774158478 93 112 90
-26.462217330932617 8.570722579956055 -0.4962064325809479 83 95 73
-24.907854080200195 7.078917980194092 -0.7106279134750366 72 80 67
-21.9981689453125 8.025979042053223 -1.0477782487869263 54 89 33
-19.04323959350586 6.178476333618164 -1.0881239175796509 81 118 49
-17.057693481445312 4.856879234313965 -1.1357247829437256 95 128 81
-12.812426567077637 4.683706760406494 -1.1129212379455566 76 99 71
-12.13417911529541 3.9415507316589355 -1.1608713865280151 86 113 70
-11.286239624023438 3.2159016132354736 -1.1835616827011108 119 140 99
-8.717700958251953 3.1927058696746826 -1.1009635925292969 77 111 50
-8.506839752197266 2.7677128314971924 -1.147088646888733 72 104 63
-8.368961334228516 2.3893909454345703 -1.2021195888519287 80 97 65
-7.010531902313232 2.5706770420074463 -1.1628912687301636 79 120 44
-6.800761699676514 2.2156572341918945 -1.1844878196716309 100 137 83
-6.645234107971191 1.897757649421692 -1.2155945301055908 84 104 41
-5.847271919250488 2.1477134227752686 -1.2065520286560059 66 97 53
-5.567601680755615 1.8168020248413086 -1.1939733028411865 82 103 60
-5.595120906829834 1.5984982252120972 -1.2465261220932007 81 107 72
-8.575775146484375 3.131697177886963 1.6066912412643433 81 136 200
-21.27191925048828 6.068360328674316 2.635368824005127 100 115 108
-34.944358825683594 11.377820014953613 3.3787918090820312 100 121 112
-27.169200897216797 7.7707133293151855 2.323777914047241 68 91 75
-33.88642883300781 12.429621696472168 2.34169340133667 93 115 112
-31.983665466308594 11.746252059936523 0.9624412655830383 66 80 65
-30.064151763916016 11.059760093688965 -0.26389986276626587 96 108 96
-26.374982833862305 8.631962776184082 -0.4950648844242096 74 82 67
-24.869688034057617 7.150605201721191 -0.710161566734314 73 80 64
-21.96500587463379 8.090323448181152 -1.047376036643982 69 102 49
-19.079227447509766 6.254912853240967 -1.0912716388702393 79 117 44
-17.060932159423828 4.9144368171691895 -1.1369389295578003 91 120 66
-13.050459861755371 4.816162109375 -1.1348756551742554 91 124 67
-12.101212501525879 3.971926689147949 -1.1588778495788574 86 102 65
-11.29065990447998 3.254645824432373 -1.185066819190979 83 107 59
-8.66315746307373 3.202907085418701 -1.0953110456466675 77 106 52
-8.501134872436523 2.7947278022766113 -1.147470235824585 77 105 67
-8.104634284973145 2.34083890914917 -1.1651777029037476 77 107 55
-7.067476749420166 2.6161842346191406 -1.1736631393432617 90 133 62
-6.777064323425293 2.2309587001800537 -1.1815470457077026 74 102 61
-6.5996413230896 1.9066550731658936 -1.2083187103271484 82 110 72
-5.81580114364624 2.1564271450042725 -1.2014178037643433 64 108 45
-5.568515777587891 1.8360223770141602 -1.1953716278076172 65 98 53
-5.58079719543457 1.6129413843154907 -1.244431495666504 94 114 79
-8.572595596313477 3.160377264022827 1.6079045534133911 75 135 198
-22.228395462036133 6.399482250213623 3.6148128509521484 99 124 154
-15.832351684570312 5.847750663757324 2.3383829593658447 88 143 197
-27.946088790893555 9.175743103027344 3.7894043922424316 97 123 124
-22.496320724487305 6.49235200881958 2.7895138263702393 124 150 141
-27.138532638549805 7.852091312408447 2.3232040405273438 69 81 59
-34.02125930786133 12.597631454467773 2.353670597076416 94 113 109
-35.143489837646484 11.581742286682129 2.041565418243408 82 100 88
-27.836671829223633 8.069884300231934 1.3231983184814453 59 74 51
-31.965286254882812 11.850924491882324 0.9629777669906616 66 84 72
-29.5810604095459 10.985196113586426 -0.25995394587516785 85 98 81
-26.681575775146484 8.82302188873291 -0.5013254880905151 107 118 101
-24.503047943115234 7.126648902893066 -0.7003130912780762 75 87 65
-22.02060890197754 8.187613487243652 -1.051220178604126 61 100 37
-19.184118270874023 6.35454797744751 -1.0983810424804688 71 107 45
-17.161705017089844 5.00053596496582 -1.1446715593338013 66 91 52
-12.794654846191406 4.766409397125244 -1.1138970851898193 72 107 53
-11.55300521850586 3.8312935829162598 -1.1074990034103394 101 119 81
-11.240504264831543 3.2775721549987793 -1.1808524131774902 89 115 68
-8.544437408447266 3.188845634460449 -1.0815327167510986 75 115 44
-8.490638732910156 2.8201706409454346 -1.1472158432006836 76 102 54
-8.111677169799805 2.369859457015991 -1.1672298908233643 88 116 67
-7.014989376068115 2.621253490447998 -1.1662768125534058 89 125 55
-6.774868488311768 2.2532966136932373 -1.1823638677597046 82 111 65
-6.586197853088379 1.9246834516525269 -1.206932783126831 93 122 58
-5.556349277496338 1.8509299755096436 -1.1939733028411865 75 113 56
-5.548604965209961 1.6220985651016235 -1.2383569478988647 105 119 93
-14.700944900512695 5.470947265625 2.760493278503418 84 139 196
-15.935919761657715 5.9416279792785645 2.356360912322998 86 149 203
-26.666534423828125 7.78456449508667 3.309560537338257 97 120 102
-27.55048370361328 8.06296443939209 2.3605759143829346 74 91 75
-35.29576110839844 13.192835807800293 2.444632053375244 109 128 124
-27.990083694458008 8.207530975341797 1.331681251525879 107 126 96
-33.62580108642578 9.881129264831543 0.3180902600288391 73 87 70
-31.27945327758789 11.72523307800293 -0.275193989276886 90 105 86
-25.45855140686035 8.505329132080078 -0.4788338243961334 119 130 113
-24.809999465942383 7.298553943634033 -0.709722638130188 76 85 66
-21.965456008911133 8.243900299072266 -1.0497897863388062 64 95 53
-19.190099716186523 6.421930313110352 -1.099846363067627 76 108 43
-17.133838653564453 5.049496173858643 -1.1438407897949219 88 118 68
-11.350448608398438 3.802812099456787 -1.0891947746276855 87 114 73
-11.077706336975098 3.2670109272003174 -1.164797306060791 103 132 76
-8.460318565368652 2.8389487266540527 -1.1442906856536865 90 120 84
-7.798471927642822 2.3043460845947266 -1.1231732368469238 88 121 64
-6.766988754272461 2.273756742477417 -1.18220055103302 89 127 66
-6.6114301681518555 1.9540927410125732 -1.2126495838165283 92 117 59
-5.531142711639404 1.8614048957824707 -1.1897783279418945 70 83 39
-5.531412124633789 1.6355094909667969 -1.2356338500976562 89 106 74
-14.879546165466309 5.5894455909729 2.7972371578216553 85 137 187
-16.72323226928711 6.2936787605285645 2.4756200313568115 95 150 207
-27.037744522094727 7.983029365539551 3.3586549758911133 73 90 80
-31.30461883544922 11.7993803024292 3.3916966915130615 112 133 124
-35.77082824707031 12.012155532836914 3.4692466259002686 93 125 140
-35.0518913269043 11.790475845336914 2.0404086112976074 91 113 101
-28.153444290161133 8.349318504333496 1.3406658172607422 98 117 95
-26.61272621154785 8.981775283813477 -0.5010579228401184 82 85 76
-24.66581153869629 7.338434219360352 -0.7062386274337769 82 94 70
-18.96125602722168 6.410101413726807 -1.0878524780273438 86 128 62
-17.11539649963379 5.10118293762207 -1.1436489820480347 87 112 70
-11.321748733520508 3.8318703174591064 -1.0875636339187622 85 105 68
-11.107675552368164 3.312925100326538 -1.1690117120742798 100 126 78
-8.359509468078613 2.8336851596832275 -1.131826400756836 70 105 47
-8.158677101135254 2.4380226135253906 -1.1761233806610107 74 112 51
-6.782402038574219 2.302117109298706 -1.1861215829849243 80 114 54
-6.62522029876709 1.980290174484253 -1.2162874937057495 82 113 56
-5.5161285400390625 1.8752117156982422 -1.1877806186676025 78 104 65
-5.502947807312012 1.6454687118530273 -1.2303972244262695 103 118 95
-16.61431884765625 5.612094879150391 2.9138526916503906 81 142 205
-26.59904670715332 7.923596382141113 4.337250709533691 90 145 199
-26.97601890563965 8.054862976074219 3.354041337966919 108 136 140
-27.84134864807129 8.333889961242676 2.38983416557312 91 115 102
-28.087509155273438 8.423601150512695 1.3387503623962402 56 70 53
-37.353946685791016 11.226110458374023 0.3540023863315582 36 46 37
-26.621952056884766 9.07596206665039 -0.5017535090446472 51 56 52
-24.73220443725586 7.440856456756592 -0.7087899446487427 78 87 68
-18.48130989074707 6.311095714569092 -1.0614228248596191 90 128 55
-17.12068748474121 5.160004138946533 -1.1450550556182861 93 115 79
-11.315593719482422 3.8685197830200195 -1.0881073474884033 88 98 71
-10.959336280822754 3.3053295612335205 -1.1544617414474487 100 123 81
-8.327317237854004 2.851285934448242 -1.128646731376648 80 119 54
-8.191932678222656 2.475362539291382 -1.1820067167282104 72 96 48
-6.799571514129639 2.331233501434326 -1.1903693675994873 77 117 67
-6.621941566467285 2.0014615058898926 -1.216807246208191 86 119 74
-5.502935886383057 1.8895803689956665 -1.1861824989318848 85 112 57
-5.510977268218994 1.6663058996200562 -1.2333298921585083 109 122 102
-16.560611724853516 5.650616645812988 2.9074602127075195 82 142 204
-27.52252197265625 8.290706634521484 4.491959571838379 101 145 182
-27.75157928466797 8.379257202148438 3.4536499977111816 90 102 100
-27.809925079345703 8.417533874511719 2.3893425464630127 65 77 67
-27.924827575683594 8.468276023864746 1.332228422164917 69 84 61
-35.00138473510742 12.031490325927734 0.6919178366661072 82 91 72
-29.915040969848633 10.30119514465332 -0.5644124746322632 87 95 80
-24.716909408569336 7.519026279449463 -0.7090093493461609 76 89 59
-18.486404418945312 6.3762311935424805 -1.0628339052200317 76 112 50
-17.021726608276367 5.187196254730225 -1.1394952535629272 94 113 83
-11.293316841125488 3.899641752243042 -1.0871106386184692 91 110 82
-11.071911811828613 3.3763747215270996 -1.1674062013626099 94 117 71
-8.301656723022461 2.8709847927093506 -1.1263573169708252 77 115 58
-8.39745807647705 2.565607786178589 -1.2127916812896729 82 105 59
-6.785861492156982 2.349823474884033 -1.1892257928848267 71 112 34
-6.625188827514648 2.024646520614624 -1.2185395956039429 103 143 73
-5.390651702880859 1.8695324659347534 -1.1632100343704224 88 114 75
-5.510514259338379 1.6846346855163574 -1.234377145767212 100 117 81
-9.328282356262207 3.2148709297180176 1.639441728591919 79 130 185
-27.719064712524414 8.442755699157715 4.528243541717529 94 137 179
-27.51585578918457 8.400282859802246 3.4275057315826416 132 156 166
-33.67259979248047 10.304929733276367 2.8957479000091553 82 103 98
-33.599422454833984 11.64721965789795 1.962015986442566 83 95 83
-27.7535457611084 8.509398460388184 1.3252962827682495 79 99 87
-35.26560974121094 12.24342155456543 0.6978803873062134 85 99 84
-25.073040008544922 7.711483478546143 -0.7199003100395203 87 101 68
-18.444124221801758 6.425033092498779 -1.0615314245224 66 106 43
-16.896055221557617 5.205602645874023 -1.1321461200714111 94 110 84
-11.312331199645996 3.9450926780700684 -1.090100884437561 103 130 95
-11.049139976501465 3.4065160751342773 -1.1661016941070557 95 134 71
-8.302173614501953 2.8997111320495605 -1.127629280090332 101 134 87
-8.38102912902832 2.5887274742126465 -1.2115603685379028 67 103 55
-6.761857509613037 2.3647689819335938 -1.1862848997116089 87 126 61
-6.6114182472229 2.0426368713378906 -1.217153787612915 73 114 46
-5.3377275466918945 1.8695430755615234 -1.1530221700668335 85 124 69
-5.488504409790039 1.6963356733322144 -1.2306067943572998 96 128 65
-9.331418991088867 3.248014450073242 1.6417365074157715 95 146 201
-27.528732299804688 8.47716236114502 4.501378059387207 90 148 196
-15.853254318237305 5.530500411987305 2.1630923748016357 112 146 181
-27.307783126831055 8.428434371948242 3.404792070388794 95 113 127
-27.997684478759766 8.662246704101562 2.4099955558776855 88 105 112
-29.819196701049805 10.47329044342041 -0.5638060569763184 78 90 78
-25.300310134887695 7.866426467895508 -0.7271152138710022 72 89 57
-18.394184112548828 6.470984935760498 -1.0597947835922241 78 112 52
-16.761856079101562 5.220616340637207 -1.124221920967102 90 108 82
-11.333991050720215 3.991689682006836 -1.0933630466461182 110 139 93
-11.071883201599121 3.4507601261138916 -1.1696137189865112 83 109 61
-8.273594856262207 2.9182395935058594 -1.1249583959579468 62 88 49
-8.23121166229248 2.570140838623047 -1.1910370588302612 84 121 70
-6.757361888885498 2.386488437652588 -1.1867750883102417 76 108 43
-6.622042179107666 2.0681958198547363 -1.2202719449996948 106 145 78
-5.310719966888428 1.8783951997756958 -1.1484276056289673 105 143 82
-5.460874557495117 1.7061676979064941 -1.2255796194076538 60 78 54
-9.333508491516113 3.2808802127838135 1.6438672542572021 102 140 177
-27.692209243774414 8.620606422424316 4.532412052154541 91 150 210
-15.9409818649292 5.616022109985352 2.177402973175049 100 128 152
-27.635364532470703 8.622489929199219 3.448917865753174 99 123 123
-28.433259963989258 8.892683982849121 2.4498260021209717 81 96 91
-35.39502716064453 12.513465881347656 2.0713138580322266 104 130 119
-31.563114166259766 11.175477027893066 0.6259559392929077 72 85 65
-29.56641960144043 10.486517906188965 -0.5596323609352112 77 86 67
-26.472867965698242 8.320155143737793 -0.761543869972229 71 91 66
-18.321552276611328 6.508668422698975 -1.056755542755127 54 87 40
-16.81429672241211 5.293593406677246 -1.1288230419158936 93 112 82
-11.307616233825684 4.021437168121338 -1.0920038223266602 88 124 63
-11.061244010925293 3.4847118854522705 -1.1696137189865112 85 107 61
-8.356172561645508 2.9762234687805176 -1.1374226808547974 67 104 52
-8.183611869812012 2.5828592777252197 -1.1852904558181763 62 104 41
-6.765805244445801 2.412842035293579 -1.1895524263381958 79 110 50
-6.612848281860352 2.0876126289367676 -1.219752311706543 108 138 88
-5.474719524383545 1.9553197622299194 -1.1851837635040283 78 116 55
-5.424844264984131 1.713196039199829 -1.2186672687530518 75 96 53
-9.32339859008789 3.309499502182007 1.6438672542572021 79 141 192
-27.474565505981445 8.685471534729004 2.369509220123291 100 123 113
-38.21891403198242 13.643868446350098 2.239006519317627 95 113 99
-33.98401641845703 12.150099754333496 0.6747030019760132 77 90 72
-29.763784408569336 10.659432411193848 -0.5639844536781311 82 91 72
-26.57583236694336 8.44218921661377 -0.7652472853660583 69 79 55
-18.366350173950195 6.588110446929932 -1.060500144958496 65 85 50
-16.814144134521484 5.3502984046936035 -1.1299095153808594 94 112 86
-10.960614204406738 3.935950994491577 -1.0596541166305542 97 130 83
-10.87037181854248 3.461275100708008 -1.1505483388900757 91 116 76
-8.291001319885254 2.981705904006958 -1.1297913789749146 66 104 45
-8.006718635559082 2.5540671348571777 -1.160799264907837 72 98 53
-6.773222923278809 2.4389359951019287 -1.1921665668487549 56 95 14
-6.590461730957031 2.1028013229370117 -1.216807246208191 107 145 84
-5.522156238555908 1.9913856983184814 -1.1967699527740479 66 102 41
-5.409316062927246 1.7265604734420776 -1.2163630723953247 66 87 54
-9.203622817993164 3.2988121509552 1.6245256662368774 83 138 194
-16.028499603271484 5.7576518058776855 2.194141387939453 106 148 188
-30.165340423583984 10.907773971557617 -0.5722247958183289 77 89 69
-26.554567337036133 8.525211334228516 -0.7653844952583313 73 87 62
-18.58733558654785 6.731812953948975 -1.074447751045227 82 111 63
-16.85845184326172 5.421411037445068 -1.1339993476867676 81 107 68
-10.690082550048828 3.8758702278137207 -1.034644365310669 91 130 75
-10.828446388244629 3.484550952911377 -1.1472370624542236 95 130 76
-8.251047134399414 2.9959568977355957 -1.1255942583084106 73 109 65
-8.047871589660645 2.59442400932312 -1.1679140329360962 83 127 64
-6.7657084465026855 2.4597043991088867 -1.1921665668487549 67 98 31
-6.449000358581543 2.079486608505249 -1.1918612718582153 102 143 77
-5.521544933319092 2.010329484939575 -1.1979684829711914 68 100 50
-5.418883323669434 1.7479509115219116 -1.219714641571045 122 142 107
-9.164703369140625 3.31662654876709 1.6194443702697754 87 136 177
-15.978126525878906 5.79496431350708 2.189669370651245 102 145 187
-28.067106246948242 9.041496276855469 3.5130364894866943 91 120 116
-33.62135314941406 12.235676765441895 1.9740254878997803 93 111 95
-33.90319061279297 12.356340408325195 0.6745909452438354 83 101 79
-30.171180725097656 11.014669418334961 -0.572973906993866 92 104 84
-26.0623779296875 8.455483436584473 -0.7519422173500061 94 108 85
-18.849811553955078 6.89236307144165 -1.0908373594284058 84 117 64
-16.875905990600586 5.484210014343262 -1.136299967765808 84 107 61
-11.193438529968262 4.097269058227539 -1.0845733880996704 89 125 63
-10.806350708007812 3.514063596725464 -1.1460328102111816 92 129 62
-8.179421424865723 2.9983837604522705 -1.1170728206634521 69 98 44
-7.9927802085876465 2.6037609577178955 -1.161072850227356 73 100 67
-6.700708389282227 2.459374189376831 -1.182037115097046 74 117 46
-6.450081825256348 2.10170316696167 -1.1932471990585327 68 102 65
-5.516271114349365 2.0275979042053223 -1.1981682777404785 59 88 44
-5.418143272399902 1.7660826444625854 -1.2207618951797485 105 120 89
-16.110227584838867 5.886112213134766 2.8499271869659424 51 83 134
-28.07039451599121 9.13770580291748 3.5169405937194824 118 137 131
-31.31220817565918 10.254693984985352 0.29904061555862427 76 84 69
-30.034990310668945 11.06949520111084 -0.5710298418998718 80 90 79
-26.42766571044922 8.663697242736816 -0.7632446885108948 112 128 102
-18.82951545715332 6.950507640838623 -1.090891718864441 97 115 77
-16.85900115966797 5.535958766937256 -1.136299967765808 97 125 77
-11.394735336303711 4.210639476776123 -1.1053242683410645 74 110 62
-10.462796211242676 3.4378740787506104 -1.1107115745544434 100 134 74
-7.741349697113037 2.8647689819335938 -1.0584402084350586 63 104 34
-7.977227687835693 2.6257925033569336 -1.1599783897399902 88 114 77
-6.730136394500732 2.493630886077881 -1.1885722875595093 74 112 35
-6.44734525680542 2.122713804244995 -1.1939401626586914 88 125 74
-5.183906078338623 1.9235047101974487 -1.1272529363632202 66 101 45
-5.404341220855713 1.7799440622329712 -1.2188767194747925 106 132 95
-15.885701179504395 5.8593831062316895 2.813375234603882 123 163 175
-9.133003234863281 2.9975357055664062 1.5021576881408691 84 143 201
-34.9769172668457 11.53116226196289 3.0285167694091797 95 126 120
-34.808624267578125 11.495888710021973 1.6735975742340088 81 99 83
-30.00088882446289 11.161588668823242 -0.5710298418998718 94 109 90
-25.96350860595703 8.599839210510254 -0.7505980134010315 85 104 76
-18.771610260009766 6.994645118713379 -1.0887751579284668 72 98 53
-16.90824317932129 5.609653472900391 -1.1407734155654907 85 105 68
-10.547586441040039 3.9344170093536377 -1.024314284324646 78 110 63
-10.35305118560791 3.437041759490967 -1.1001754999160767 93 130 63
-8.369003295898438 3.1262640953063965 -1.1455624103546143 68 106 59
-7.972893714904785 2.6515042781829834 -1.1605256795883179 96 136 83
-6.73169469833374 2.5177228450775146 -1.1902060508728027 74 112 39
-6.480052947998047 2.1555404663085938 -1.2012161016464233 97 122 82
-5.3895769119262695 1.793428659439087 -1.2167820930480957 76 106 68
-9.355664253234863 3.483447313308716 1.6587833166122437 81 128 182
-9.128453254699707 3.0270962715148926 1.5029296875 81 143 202
-14.849931716918945 5.540966987609863 2.041962146759033 95 148 202
-32.779808044433594 12.272234916687012 1.9311658143997192 84 100 87
-30.160255432128906 11.326339721679688 -0.5747218728065491 86 95 76
-26.636592864990234 8.913561820983887 -0.7708436250686646 92 107 76
-16.91366195678711 5.669111728668213 -1.1423070430755615 98 120 82
-10.107572555541992 3.3900094032287598 -1.0751897096633911 99 131 68
-8.019184112548828 2.6942503452301025 -1.1684613227844238 81 119 70
-6.060769081115723 2.0367414951324463 -1.1246458292007446 80 109 63
-5.347902774810791 1.7978037595748901 -1.2086129188537598 90 116 71
-16.032285690307617 6.025461196899414 2.845829486846924 80 133 187
-9.13317584991455 3.059795618057251 1.5052456855773926 84 143 203
-35.08957290649414 11.827954292297363 1.6905633211135864 68 88 76
-26.66309928894043 9.013486862182617 -0.7724073529243469 72 85 59
-16.916038513183594 5.727696418762207 -1.1436489820480347 102 128 91
-10.240360260009766 3.4695327281951904 -1.0904420614242554 95 120 63
-7.926457405090332 2.690187692642212 -1.1561473608016968 53 86 39
-6.053559303283691 2.055009603500366 -1.1244726181030273 82 110 69
-5.299770832061768 1.799739122390747 -1.1989775896072388 82 117 63
-9.17708969116211 3.1058552265167236 1.514046549797058 82 142 204
-26.442338943481445 9.02934741973877 -0.7668110132217407 93 108 79
-16.945600509643555 5.79571533203125 -1.1468443870544434 113 138 98
-9.64132308959961 3.2995822429656982 -1.0277268886566162 87 116 49
-7.9209771156311035 2.715456485748291 -1.1565577983856201 111 147 101
-6.370502471923828 2.184422254562378 -1.184585452079773 62 107 52
-5.257227897644043 1.8032997846603394 -1.190598964691162 74 95 52
-35.53117370605469 12.22010326385498 1.7154192924499512 90 104 89
-26.791566848754883 9.24047565460205 -0.7777568101882935 84 98 73
-16.974903106689453 5.863968372344971 -1.150039553642273 92 119 78
-9.454367637634277 3.2680368423461914 -1.0088621377944946 85 114 70
-7.942564010620117 2.7501168251037598 -1.1609361171722412 69 102 45
-6.410303592681885 2.220072031021118 -1.1932471990585327 66 105 61
-5.235963821411133 1.8139785528182983 -1.1870380640029907 81 104 62
-33.63263702392578 11.682657241821289 1.6254820823669434 94 116 93
-31.545019149780273 10.977865219116211 0.303142786026001 79 91 71
-26.6752986907959 9.292046546936035 -0.7752055525779724 84 98 73
-16.845645904541016 5.877227783203125 -1.1424987316131592 86 106 79
-10.336686134338379 3.6085622310638428 -1.1041892766952515 80 117 65
-7.887335300445557 2.758121967315674 -1.1540950536727905 72 113 47
-6.423914432525635 2.2468817234039307 -1.1970583200454712 88 121 76
-5.120542526245117 1.7916052341461182 -1.162111759185791 74 111 59
-35.42158889770508 12.425984382629395 1.7137774229049683 88 104 93
-27.031400680541992 9.509184837341309 -0.7863982915878296 125 139 116
-16.72870445251465 5.894061088562012 -1.1357886791229248 74 81 63
-10.321813583374023 3.63893461227417 -1.103787899017334 78 113 57
-7.66213321685791 2.7057809829711914 -1.1223522424697876 89 125 63
-6.263763427734375 2.2124569416046143 -1.168474555015564 68 102 28
-5.1426801681518555 1.8170790672302246 -1.1683956384658813 81 105 71
-34.665103912353516 12.302651405334473 0.33384549617767334 73 84 68
-27.225343704223633 9.671374320983887 -0.7928999066352844 80 98 76
-16.436939239501953 5.8480119705200195 -1.117192268371582 87 101 76
-10.172813415527344 3.6215317249298096 -1.089037299156189 83 117 57
-7.97849702835083 2.8450610637664795 -1.169966459274292 67 108 42
-6.476797103881836 2.3100779056549072 -1.209531307220459 64 98 37
-5.171156883239746 1.845005750656128 -1.1761459112167358 78 114 50
-35.088836669921875 12.55157470703125 1.7013721466064453 88 104 94
-34.56601333618164 12.387017250061035 0.3332555890083313 107 122 103
-27.172962188720703 9.746755599975586 -0.7922415137290955 85 100 77
-16.39356231689453 5.8893022537231445 -1.115466833114624 80 110 58
-10.248729705810547 3.6840248107910156 -1.0983692407608032 94 129 73
-7.968798637390137 2.869189500808716 -1.1698294878005981 109 138 84
-6.475239276885986 2.331939697265625 -1.2105708122253418 71 98 47
-5.198590278625488 1.8727928400039673 -1.18368661403656 103 134 74
-33.05454635620117 11.93840503692627 1.6045029163360596 93 110 94
-27.41267967224121 9.927766799926758 -0.8001148700714111 81 94 66
-16.397932052612305 5.947735786437988 -1.1170004606246948 86 114 66
-10.137307167053223 3.679130792617798 -1.087632417678833 74 112 51
-7.766312599182129 2.8232293128967285 -1.1413705348968506 80 120 57
-6.46805477142334 2.351794481277466 -1.2105708122253418 85 124 71
-5.224982261657715 1.9004310369491577 -1.1910178661346436 82 119 52
-15.068138122558594 5.473969459533691 1.9099533557891846 116 147 176
-33.85847473144531 12.326237678527832 2.96303391456604 116 146 144
-33.41193771362305 12.183491706848145 1.6236578226089478 88 105 86
-27.031904220581055 9.883780479431152 -0.789882242679596 79 94 65
-16.40303611755371 6.006595611572266 -1.118598222732544 105 133 85
-9.7233247756958 3.5626821517944336 -1.0443841218948364 73 109 61
-7.932445049285889 2.911205530166626 -1.1670931577682495 98 153 62
-6.433996677398682 2.3617849349975586 -1.2055468559265137 55 75 24
-5.177822113037109 1.90128493309021 -1.1815919876098633 68 111 32
-16.155954360961914 5.913488388061523 2.6885671615600586 84 143 201
-15.744871139526367 5.774554252624512 1.9979684352874756 123 154 182
-33.83920669555664 12.436931610107422 2.9646730422973633 107 141 151
-27.315610885620117 10.082627296447754 -0.7990723848342896 66 92 47
-16.37610626220703 6.053776741027832 -1.1180230379104614 90 112 73
-10.282509803771973 3.8033926486968994 -1.1056944131851196 85 125 65
-7.374499320983887 2.73214054107666 -1.0862312316894531 76 119 65
-6.439650058746338 2.3863041400909424 -1.2079722881317139 52 91 24
-5.169214248657227 1.9161417484283447 -1.1809636354446411 65 98 45
-15.71777057647705 5.819384574890137 1.9967856407165527 117 150 169
-38.25823974609375 14.217233657836914 1.8633686304092407 77 97 85
-27.54682731628418 10.264108657836914 -0.8067536354064941 81 93 71
-16.451889038085938 6.139227867126465 -1.124477505683899 102 120 94
-10.28850269317627 3.841533660888672 -1.1076009273529053 85 125 65
-7.868041038513184 2.9424736499786377 -1.1602519750595093 87 114 59
-6.383408546447754 2.3877618312835693 -1.1987907886505127 88 116 57
-16.27025604248047 6.068790435791016 2.7137343883514404 84 145 202
-15.704492568969727 5.869316577911377 1.9973770380020142 118 153 183
-27.553569793701172 10.363000869750977 -0.8078783750534058 85 100 81
-15.93348217010498 5.998922348022461 2.660620927810669 89 144 198
