ply
format ascii 1.0
element vertex 8663
property float x
property float y
property float z
property uchar red
property uchar green
property uchar blue
end_header
-21.130319595336914 -6.322720527648926 3.2762231826782227 71 91 66
-16.61710548400879 -4.952984809875488 0.6570264101028442 92 115 86
-16.665847778320312 -4.955480575561523 0.02306298539042473 75 90 69
-21.160053253173828 -6.260951519012451 3.2778396606445312 83 94 88
-10.5806884765625 -3.125852108001709 1.2289445400238037 56 62 62
-25.11808967590332 -7.413963317871094 1.9512653350830078 73 95 82
-9.643660545349121 -2.8422563076019287 0.38095569610595703 87 98 84
-15.267786026000977 -4.488839626312256 0.021109122782945633 87 103 77
-8.446928024291992 -2.480255126953125 -0.3101953864097595 75 96 63
-7.390438079833984 -2.1655571460723877 -0.5528382658958435 77 99 53
-6.898375034332275 -2.018234968185425 -0.7823407649993896 72 115 62
-6.001445293426514 -1.7511619329452515 -0.9128063321113586 29 69 19
-5.278623580932617 -1.5332541465759277 -1.011032223701477 62 95 38
-4.484112739562988 -1.299676537513733 -1.039549708366394 40 61 28
-11.309603691101074 -3.3112175464630127 2.19474196434021 79 112 93
-10.602629661560059 -3.096998691558838 1.2303836345672607 84 100 74
-25.152206420898438 -7.340219974517822 1.9521570205688477 87 111 89
-9.876829147338867 -2.8780734539031982 0.38981595635414124 100 130 92
-15.80290412902832 -4.593542098999023 0.021829385310411453 92 94 80
-6.780682563781738 -1.9684224128723145 -0.248783141374588 76 88 64
-6.698634147644043 -1.940548062324524 -0.5006404519081116 82 99 65
-6.905489444732666 -1.9973376989364624 -0.782448947429657 73 93 44
-6.039114475250244 -1.7420661449432373 -0.9177185297012329 34 75 9
-5.213350296020508 -1.4969661235809326 -0.997645914554596 66 97 53
-4.433655738830566 -1.270320177078247 -1.0269439220428467 27 68 10
-11.383923530578613 -3.2950916290283203 2.2071921825408936 77 87 89
-5.449411869049072 -1.5761024951934814 0.8426378965377808 92 121 161
-10.6101713180542 -3.063904285430908 1.230162262916565 56 68 64
-19.58568000793457 -5.6505818367004395 1.5187653303146362 53 62 45
-9.9317045211792 -2.8610358238220215 0.3916334807872772 84 99 76
-8.03773021697998 -2.309664726257324 0.01109310146421194 96 103 96
-7.0767927169799805 -2.030862808227539 -0.2594175934791565 65 80 57
-9.807522773742676 -2.808586359024048 -0.7323442101478577 62 79 35
-7.196420669555664 -2.057582139968872 -0.8146948218345642 52 66 30
-6.1338791847229 -1.7490358352661133 -0.9312993288040161 56 79 37
-5.235895156860352 -1.4860669374465942 -1.0010828971862793 66 97 40
-4.492002964019775 -1.2721381187438965 -1.039549708366394 46 82 34
-11.341995239257812 -3.245276689529419 2.19712233543396 100 122 145
-5.458025932312012 -1.5604642629623413 0.8432256579399109 56 78 91
-10.54306697845459 -3.009514570236206 1.2213058471679688 96 106 95
-19.537710189819336 -5.571869373321533 1.5137128829956055 63 69 55
-9.938512802124023 -2.830005168914795 0.3915577530860901 49 59 48
-8.032272338867188 -2.281442403793335 0.01107585709542036 79 86 68
-6.697449207305908 -1.8997803926467896 -0.24529699981212616 69 84 55
-9.378458023071289 -2.654609441757202 -0.6996937394142151 66 99 20
-7.416035175323486 -2.095782995223999 -0.8388251066207886 61 95 11
-6.149693012237549 -1.7331616878509521 -0.9328886270523071 51 89 32
-5.222437381744385 -1.4649494886398315 -0.997645914554596 85 126 58
-4.495884418487549 -1.2583508491516113 -1.039549708366394 31 70 17
-11.41622543334961 -3.2286572456359863 2.2095725536346436 98 115 109
-5.457076549530029 -1.5420979261398315 0.8423440456390381 68 89 106
-20.94093894958496 -5.908162593841553 2.4236810207366943 56 80 54
-5.303086757659912 -1.494785189628601 0.4105072021484375 93 105 101
-10.259770393371582 -2.887484312057495 0.40386372804641724 84 102 80
-19.647504806518555 -5.51548433303833 0.027068864554166794 67 78 48
-8.154364585876465 -2.2860381603240967 -0.29839888215065 59 72 52
-6.798819065093994 -1.901922345161438 -0.506798267364502 69 95 50
-7.266359806060791 -2.0294320583343506 -0.8211872577667236 46 88 22
-6.133057117462158 -1.70818030834198 -0.9295656681060791 54 93 28
-5.202265739440918 -1.442089557647705 -0.9929425716400146 49 75 27
-4.460211753845215 -1.2336232662200928 -1.0304213762283325 45 82 41
-11.363588333129883 -3.1761515140533447 2.19748854637146 94 112 136
-5.4236741065979 -1.514706015586853 0.836466908454895 81 105 109
-26.19272232055664 -7.303192615509033 3.028909206390381 57 74 55
-5.301883697509766 -1.4769028425216675 0.41006141901016235 70 95 66
-10.234885215759277 -2.8466224670410156 0.4025384783744812 76 81 59
-8.112608909606934 -2.2505595684051514 0.011167381890118122 70 91 82
-6.680086612701416 -1.8506453037261963 -0.24424059689044952 84 84 72
-6.435452938079834 -1.7790026664733887 -0.47930312156677246 62 89 34
-7.327175140380859 -2.022204875946045 -0.8273550868034363 43 57 34
-6.198372840881348 -1.7058979272842407 -0.9386677145957947 54 79 37
-5.172516822814941 -1.416769027709961 -0.9864302277565002 89 137 61
-4.4978718757629395 -1.2291971445083618 -1.0382457971572876 45 85 22
-11.404549598693848 -3.1499106884002686 2.2035305500030518 84 120 116
-12.967647552490234 -3.578711748123169 1.9982346296310425 70 96 83
-20.943260192871094 -5.770320415496826 2.4198062419891357 74 76 75
-5.624638557434082 -1.548230767250061 0.43465471267700195 76 88 66
-10.374613761901855 -2.8512232303619385 0.40768805146217346 66 83 51
-19.699298858642578 -5.399848461151123 0.02709406614303589 82 83 78
-7.9870219230651855 -2.1863551139831543 -0.2917787730693817 77 107 47
-6.448578357696533 -1.7613531351089478 -0.47987592220306396 86 104 78
-7.3860955238342285 -2.0141005516052246 -0.8333064913749695 45 72 27
-6.190209865570068 -1.6832386255264282 -0.9366450309753418 35 81 9
-5.136966228485107 -1.3901034593582153 -0.9788326025009155 65 102 32
-4.501622200012207 -1.2153921127319336 -1.0382457971572876 66 96 62
-11.184643745422363 -3.0522725582122803 2.159221887588501 88 109 130
-13.026281356811523 -3.5519216060638428 2.0055811405181885 68 103 81
-20.97429084777832 -5.709694862365723 2.421356201171875 80 106 81
-24.771116256713867 -6.736779689788818 1.912629246711731 78 94 84
-9.954170227050781 -2.7028560638427734 0.3908383250236511 91 114 68
-8.039395332336426 -2.177212953567505 0.011048001237213612 109 131 110
-13.961466789245605 -3.7757861614227295 -0.5096092820167542 65 90 32
-6.401950359344482 -1.7275285720825195 -0.47600942850112915 78 100 53
-6.929564952850342 -1.866788625717163 -0.7811504602432251 49 84 16
-6.308108806610107 -1.694530963897705 -0.9536933302879333 48 84 22
-5.2238688468933105 -1.39643394947052 -0.9945706129074097 46 82 34
-4.500613689422607 -1.2003178596496582 -1.0371590852737427 35 76 18
-10.85983657836914 -2.9278640747070312 2.094773054122925 99 123 109
-12.958799362182617 -3.4908435344696045 1.9935328960418701 75 88 68
-20.999385833740234 -5.6473846435546875 2.422241687774658 111 135 113
-10.904020309448242 -2.9295713901519775 0.8412240147590637 72 87 68
-9.958555221557617 -2.6712687015533447 0.39068686962127686 50 77 26
-19.867305755615234 -5.315055847167969 0.027279770001769066 82 91 64
-14.07339859008789 -3.759761333465576 -0.5132714509963989 70 85 52
-9.995378494262695 -2.664322853088379 -0.7425832748413086 57 93 31
-7.004429817199707 -1.863926887512207 -0.7889414429664612 49 85 15
-6.321885585784912 -1.6774539947509766 -0.9549936056137085 50 84 33
-5.191042900085449 -1.370608925819397 -0.9875156283378601 41 97 32
-4.280571460723877 -1.1275771856307983 -0.9856488704681396 75 115 62
-10.921015739440918 -2.908447504043579 2.1048429012298584 74 93 91
-14.735923767089844 -3.9211153984069824 2.2650578022003174 70 74 77
-25.30734634399414 -6.722739219665527 2.916764259338379 93 118 88
-10.897534370422363 -2.892011880874634 0.8400352597236633 57 69 65
-9.97732925415039 -2.6435189247131348 0.3911033868789673 64 76 66
-19.604108810424805 -5.180246353149414 0.02689642459154129 82 95 69
-8.928662300109863 -2.356001615524292 -0.3253724277019501 54 83 27
-9.784549713134766 -2.5759997367858887 -0.7263296246528625 66 95 41
-6.784168243408203 -1.7830445766448975 -0.7635126113891602 51 77 30
-6.301158428192139 -1.6512781381607056 -0.9510927200317383 45 86 18
-5.246614456176758 -1.368077039718628 -0.9972841143608093 24 70 0
-4.476720333099365 -1.1645705699920654 -1.0299867391586304 54 94 31
-10.69980525970459 -2.814409017562866 2.0605344772338867 64 85 68
-5.47114372253418 -1.437869906425476 0.8402870893478394 55 78 52
-19.417667388916016 -5.094458103179932 2.236145496368408 66 85 66
-10.920825004577637 -2.8623573780059814 0.8411496877670288 61 92 61
-9.961224555969238 -2.606572389602661 0.3901567757129669 75 96 77
-19.928571701049805 -5.200627326965332 0.027319561690092087 87 95 80
-14.049782752990723 -3.661241054534912 -0.5115812420845032 100 118 78
-10.02119255065918 -2.605452060699463 -0.7432993054389954 64 101 23
-6.738607883453369 -1.748986005783081 -0.7577776312828064 62 82 29
-6.3004469871521 -1.6304512023925781 -0.9502258896827698 41 76 22
-5.1517333984375 -1.326469898223877 -0.9784708619117737 55 91 29
-4.57575798034668 -1.1753578186035156 -1.0519382953643799 57 95 38
-11.328779220581055 -2.9427192211151123 2.1799113750457764 111 122 114
-29.29250144958496 -7.602356910705566 4.495293140411377 90 106 80
-10.824446678161621 -2.804456949234009 1.245550274848938 58 75 57
-10.915074348449707 -2.8250913619995117 0.8400352597236633 43 63 38
-19.859281539916992 -5.918468952178955 1.3444180488586426 72 91 98
-10.154934883117676 -2.6239993572235107 0.3974267542362213 84 98 85
-10.132646560668945 -3.015306234359741 0.2986204922199249 99 123 97
-20.093563079833984 -5.177891731262207 0.027523836120963097 87 99 75
-16.08981704711914 -4.778585910797119 -0.1382724940776825 55 79 53
-14.003846168518066 -3.603425979614258 -0.5095036029815674 90 120 48
-10.032036781311035 -2.575439453125 -0.7435141205787659 58 81 37
-7.735703945159912 -2.288794994354248 -0.6581417322158813 78 108 58
-7.111810684204102 -1.8225796222686768 -0.7991129159927368 89 110 71
-6.753490447998047 -1.9938256740570068 -0.8350554704666138 50 99 43
-6.293915271759033 -1.6081746816635132 -0.948492169380188 45 72 27
-5.247284412384033 -1.3339201211929321 -0.9958369135856628 52 89 38
-4.565150260925293 -1.1577149629592896 -1.0486781597137451 32 84 20
-11.606294631958008 -2.976825714111328 2.231543779373169 98 121 113
-14.096536636352539 -4.175943851470947 2.5873448848724365 76 101 105
-22.129295349121094 -5.670864582061768 3.3933258056640625 99 113 100
-10.854182243347168 -2.776653528213501 1.24798583984375 67 96 66
-10.596816062927246 -3.126319169998169 1.1201090812683105 87 99 87
-10.905332565307617 -2.7868998050689697 0.8386235237121582 76 91 70
-19.850543975830078 -5.849615573883057 1.3426053524017334 85 102 86
-10.125175476074219 -2.583198070526123 0.395950049161911 58 73 70
-10.135137557983398 -2.9822304248809814 0.29842284321784973 76 91 68
-14.40992546081543 -3.666172981262207 0.019722983241081238 91 100 83
-15.580541610717773 -4.575364112854004 -0.13377462327480316 85 99 82
-14.142692565917969 -3.5929276943206787 -0.5141518115997314 80 105 39
-6.6414475440979 -1.947424292564392 -0.3096846342086792 61 83 47
-10.091134071350098 -2.5576372146606445 -0.7473090291023254 65 93 42
-6.760264873504639 -1.9776523113250732 -0.5746339559555054 83 88 56
-7.632980823516846 -1.9312063455581665 -0.8570039868354797 65 89 41
-6.7414631843566895 -1.967810034751892 -0.8328179717063904 43 79 7
-6.105968952178955 -1.5402116775512695 -0.9194522500038147 33 67 16
-5.815028190612793 -1.6948539018630981 -0.943300724029541 38 79 9
-5.341975212097168 -1.3405569791793823 -1.0130221843719482 37 97 27
-4.547849655151367 -1.138489007949829 -1.0438966751098633 59 99 36
-11.606796264648438 -2.9390320777893066 2.229896068572998 43 87 86
-13.917414665222168 -4.076478004455566 2.5521605014801025 107 125 109
-21.242313385009766 -5.374170303344727 3.2547714710235596 103 137 138
-10.865395545959473 -3.175321340560913 1.568345546722412 97 129 92
-10.866503715515137 -2.7443137168884277 1.2484287023544312 114 139 118
-10.630234718322754 -3.1007585525512695 1.1226307153701782 53 82 100
-24.408422470092773 -6.15795373916626 1.8755537271499634 83 99 72
-10.187317848205566 -2.5657894611358643 0.39807045459747314 63 84 53
-16.684389114379883 -4.853757381439209 0.4908207654953003 89 96 88
-20.147260665893555 -5.060104846954346 0.02755434438586235 79 92 75
-6.623271465301514 -1.9229298830032349 -0.05681652948260307 91 99 78
-14.03538703918457 -3.5198633670806885 -0.5098557472229004 74 108 47
-6.637795448303223 -1.9242578744888306 -0.30923762917518616 61 72 55
-10.069905281066895 -2.5194034576416016 -0.7451609969139099 90 118 67
-6.73566198348999 -1.9480417966842651 -0.5720319747924805 70 96 51
-7.691917419433594 -1.9210280179977417 -0.8629553914070129 74 92 50
-7.043242931365967 -2.0324699878692627 -0.8693243861198425 48 56 32
-6.263336181640625 -1.5594843626022339 -0.9424241185188293 49 85 21
-5.752789497375488 -1.6575820446014404 -0.9323751330375671 45 84 21
-5.363245964050293 -1.3284178972244263 -1.0162781476974487 65 98 53
-5.049723148345947 -1.4520454406738281 -1.0177252292633057 60 96 35
-4.547530651092529 -1.1235945224761963 -1.0430272817611694 66 98 49
-10.526572227478027 -2.631162405014038 2.020803213119507 30 60 34
-20.16115951538086 -5.83820104598999 3.6938297748565674 97 118 99
-21.260622024536133 -5.309453964233398 3.255065441131592 111 146 150
-10.708553314208984 -3.093858003616333 1.544329047203064 80 92 82
-11.178640365600586 -2.7866880893707275 1.2833009958267212 100 115 96
-10.570870399475098 -3.048283338546753 1.1153684854507446 106 140 126
-26.50674819946289 -6.600905418395996 2.035224199295044 97 111 86
-5.375699996948242 -1.548341989517212 0.3629398047924042 69 79 78
-12.500272750854492 -3.107581377029419 0.4880746006965637 91 102 94
-9.992815017700195 -2.873847723007202 0.2937074899673462 94 105 88
-14.140963554382324 -3.505502223968506 0.019325047731399536 86 99 71
-8.131437301635742 -2.333768844604492 -0.06969230622053146 73 85 63
-13.997613906860352 -3.464780330657959 -0.5080950856208801 77 111 51
-6.780997276306152 -1.9432389736175537 -0.315629780292511 68 83 50
-10.089207649230957 -2.4913671016693115 -0.7460201978683472 72 101 47
-7.142174243927002 -2.041886806488037 -0.6060205101966858 101 116 61
-7.669783115386963 -1.8905208110809326 -0.859817385673523 57 84 43
-7.0694990158081055 -2.0165722370147705 -0.8717974424362183 58 68 33
-6.134522914886475 -1.5074397325515747 -0.9223418235778809 57 89 42
-5.87663459777832 -1.6737574338912964 -0.9516104459762573 72 102 52
-5.379716396331787 -1.3149932622909546 -1.0186299085617065 51 87 43
-5.096650123596191 -1.448624849319458 -1.0262823104858398 76 113 62
-4.5471625328063965 -1.1087126731872559 -1.0421578884124756 85 132 54
-10.512641906738281 -2.5934393405914307 2.016592025756836 90 115 119
-14.19307804107666 -4.062830448150635 2.598090887069702 82 94 84
-22.55318832397461 -5.558797359466553 3.450334310531616 110 145 165
-10.648465156555176 -3.041132926940918 1.5343106985092163 79 100 93
-25.67482566833496 -6.31679630279541 2.9452157020568848 86 107 92
-11.568535804748535 -3.297567129135132 1.219562292098999 70 90 91
-10.911151885986328 -2.6816513538360596 0.8371375203132629 63 76 50
-5.3775458335876465 -1.5310224294662476 0.36274558305740356 75 94 75
-12.50877857208252 -3.0689785480499268 0.48803675174713135 86 110 86
-17.40229606628418 -4.946996212005615 0.5110374689102173 102 110 89
-14.577105522155762 -3.56618595123291 0.01990603469312191 77 89 77
-8.080839157104492 -2.2924365997314453 -0.06919803470373154 82 101 79
-14.002352714538574 -3.4203970432281494 -0.5078837871551514 85 113 38
-6.725411415100098 -1.9050014019012451 -0.31276896595954895 65 78 52
-10.046411514282227 -2.448122501373291 -0.7422968745231628 65 88 34
-7.0870208740234375 -2.002619504928589 -0.600816547870636 87 107 79
-6.92595911026001 -1.684653401374817 -0.7758483290672302 62 69 62
-6.7889180183410645 -1.91403329372406 -0.8364685773849487 48 85 8
-6.200664043426514 -1.5035356283187866 -0.931588351726532 60 90 38
-5.9083733558654785 -1.6632170677185059 -0.9559191465377808 53 95 21
-5.389461994171143 -1.299865961074829 -1.0197153091430664 59 94 30
-5.0982346534729 -1.4321850538253784 -1.0257117748260498 72 113 47
-4.542950630187988 -1.0929304361343384 -1.040419101715088 55 91 45
-11.161486625671387 -2.717207670211792 2.1394476890563965 43 42 37
-14.10407543182373 -3.990577459335327 2.579545259475708 59 92 101
-12.779139518737793 -3.108182191848755 1.9535682201385498 112 145 138
-10.658699035644531 -3.008718729019165 1.5344480276107788 89 108 112
-9.993109703063965 -2.4261221885681152 1.1454722881317139 102 119 85
-21.645111083984375 -6.098117351531982 2.279858350753784 70 84 67
-20.561830520629883 -4.977932453155518 0.8016313314437866 81 94 77
-9.969841957092285 -2.8011231422424316 0.292521595954895 74 85 81
-15.045825958251953 -3.6319692134857178 0.020530791953206062 101 103 98
-16.335498809814453 -4.580080986022949 -0.13976356387138367 82 95 69
-13.898136138916016 -3.349790334701538 -0.5037285685539246 100 119 73
-8.526346206665039 -2.3868911266326904 -0.39618000388145447 110 118 69
-9.969503402709961 -2.397003173828125 -0.736067533493042 62 92 40
-8.93049144744873 -2.49397873878479 -0.7564482688903809 60 87 42
-7.662871837615967 -1.8390164375305176 -0.8577614426612854 69 113 28
-6.824413299560547 -1.9014588594436646 -0.8401192426681519 90 110 73
-6.205247402191162 -1.4845051765441895 -0.931588351726532 46 79 8
-5.735435485839844 -1.5955605506896973 -0.9271430373191833 49 82 35
-5.3733320236206055 -1.278544306755066 -1.0159164667129517 70 115 50
-5.094090938568115 -1.4141737222671509 -1.0240004062652588 38 75 5
-4.528237819671631 -1.0747051239013672 -1.0362896919250488 20 75 18
-11.169770240783691 -2.6829519271850586 2.1394476890563965 29 62 15
-21.061983108520508 -5.889503479003906 3.8487794399261475 136 161 142
-22.605146408081055 -5.424694538116455 3.4531257152557373 116 133 117
-10.67646598815918 -2.9783995151519775 1.5356831550598145 110 133 105
-11.512131690979004 -2.7575368881225586 1.3186161518096924 85 104 84
-25.5396671295166 -7.110836505889893 2.6877574920654297 95 103 92
-23.601518630981445 -5.647247791290283 1.808089256286621 72 99 80
-5.606042385101318 -1.5589548349380493 0.3775065839290619 48 58 47
-12.731481552124023 -3.040919542312622 0.49598830938339233 69 85 56
-9.931194305419922 -2.7574191093444824 0.29113805294036865 77 88 74
-14.955727577209473 -3.5616984367370605 0.02039284072816372 82 95 65
-8.100534439086914 -2.2444121837615967 -0.06924746185541153 75 83 72
-14.045438766479492 -3.339733362197876 -0.5086936950683594 74 104 34
-7.956888198852539 -2.2011733055114746 -0.3694044053554535 63 87 29
-9.66818904876709 -2.293203830718994 -0.7132981419563293 58 95 18
-9.06684398651123 -2.5020968914031982 -0.767344057559967 45 76 19
-7.944183349609375 -1.8807711601257324 -0.8886006474494934 66 87 44
-6.8579792976379395 -1.8881572484970093 -0.8435343503952026 88 114 69
-6.160656929016113 -1.4538697004318237 -0.9242200255393982 70 88 48
-5.755547523498535 -1.582147479057312 -0.9296051859855652 59 91 44
-5.368611812591553 -1.260030746459961 -1.0142884254455566 60 86 51
-5.082310199737549 -1.3941234350204468 -1.0207676887512207 45 103 44
-4.52200984954834 -1.0585827827453613 -1.034116268157959 54 87 44
-11.54528522491455 -2.735713243484497 2.2097556591033936 82 103 96
-20.92901611328125 -5.783151149749756 3.821221351623535 82 98 95
-22.596656799316406 -5.349392890930176 3.449305772781372 84 89 83
-5.495563507080078 -1.5149333477020264 0.7897994518280029 120 124 109
-26.141008377075195 -6.17689847946167 2.99204421043396 81 100 98
-21.106565475463867 -5.8068437576293945 2.21933913230896 94 114 77
-26.221792221069336 -6.18922233581543 2.007361888885498 101 121 109
-5.593478679656982 -1.5369890928268433 0.3763412535190582 54 62 41
-8.687715530395508 -2.0469107627868652 0.33820652961730957 102 110 99
-17.40178108215332 -4.7741899490356445 0.5097103714942932 89 101 79
-15.286866188049316 -3.5910353660583496 0.02082924358546734 71 83 63
-8.82880973815918 -2.4170541763305664 -0.07540938258171082 107 115 91
-13.939834594726562 -3.269470453262329 -0.5045033097267151 100 113 67
-6.882389068603516 -1.88121497631073 -0.31925052404403687 87 107 82
-9.89370059967041 -2.314655065536499 -0.7294085025787354 75 92 50
-6.558010101318359 -1.7881224155426025 -0.5545498132705688 43 76 31
-7.614957809448242 -1.7781736850738525 -0.8511607646942139 62 85 29
-6.901110649108887 -1.8772740364074707 -0.8481270670890808 41 79 20
-6.210384368896484 -1.4455052614212036 -0.9310104250907898 47 72 32
-5.876707077026367 -1.5960774421691895 -0.94837886095047 52 90 17
-5.368619441986084 -1.2426669597625732 -1.0135648250579834 40 62 39
-5.0685601234436035 -1.3736454248428345 -1.0171548128128052 108 141 94
-4.5347466468811035 -1.0469001531600952 -1.0362896919250488 47 83 39
-11.445449829101562 -2.674997568130493 2.189065933227539 54 66 52
-21.249738693237305 -5.801661968231201 3.8765108585357666 80 123 113
-12.808168411254883 -2.990659475326538 1.953715205192566 63 110 76
-5.454310894012451 -1.4855713844299316 0.7832121253013611 81 104 78
-26.209199905395508 -6.1081743240356445 2.997690200805664 95 106 98
-10.7651948928833 -2.9262256622314453 1.1310025453567505 81 98 80
-23.36182975769043 -5.438563346862793 1.7871366739273071 85 110 107
-20.5301456451416 -5.573637008666992 1.380155324935913 66 86 58
-20.05021858215332 -5.434702396392822 0.586793839931488 93 110 78
-15.083487510681152 -3.4944655895233154 0.020537424832582474 93 111 87
-6.805232048034668 -1.8406370878219604 -0.058076921850442886 88 99 83
-13.974141120910645 -3.232318639755249 -0.5053836107254028 78 113 23
-13.020124435424805 -3.5159945487976074 -0.6034559011459351 77 111 27
-9.973648071289062 -2.3011083602905273 -0.734778642654419 60 85 17
-9.20617389678955 -2.479858160018921 -0.7778333425521851 63 76 46
-7.840289115905762 -1.8054437637329102 -0.8757238984107971 66 85 53
-6.944239139556885 -1.8661439418792725 -0.8527198433876038 51 100 21
-6.226363182067871 -1.429101586341858 -0.9327441453933716 28 67 0
-5.931201457977295 -1.5913550853729248 -0.9563807845115662 73 101 43
-5.346518039703369 -1.2202816009521484 -1.0086805820465088 52 82 28
-5.019642353057861 -1.3438706398010254 -1.0065058469772339 49 78 22
-4.542695999145508 -1.034066081047058 -1.0373764038085938 38 76 15
-11.793685913085938 -2.718254566192627 2.2540643215179443 104 116 102
-26.18825340270996 -7.063727378845215 4.773449897766113 99 111 107
-12.816319465637207 -2.9511284828186035 1.9535682201385498 45 60 63
-14.792536735534668 -3.9802818298339844 2.1223716735839844 73 86 76
-28.801393508911133 -6.619202136993408 3.291835308074951 69 92 64
-19.209510803222656 -5.1583476066589355 2.0164990425109863 73 87 74
-23.154855728149414 -5.315545558929443 1.7700477838516235 96 113 94
-20.089324951171875 -5.387839317321777 1.3494031429290771 93 114 81
-13.360886573791504 -3.061547040939331 0.5193886160850525 83 91 68
-20.24542999267578 -5.420995235443115 0.592017412185669 85 98 81
-15.19260025024414 -3.4706671237945557 0.02067139558494091 71 76 53
-17.71109962463379 -4.7321248054504395 -0.1510246992111206 88 100 64
-14.031736373901367 -3.2003207206726074 -0.5071091055870056 62 92 28
-13.030850410461426 -3.4760327339172363 -0.6034559011459351 68 88 37
-10.024426460266113 -2.2804551124572754 -0.738000750541687 66 94 20
-9.209885597229004 -2.4505772590637207 -0.7775080800056458 65 87 48
-7.837066650390625 -1.7794005870819092 -0.874750018119812 69 100 40
-6.790604591369629 -1.8025379180908203 -0.8331712484359741 64 94 34
-6.250985145568848 -1.4145790338516235 -0.9357781410217285 32 69 17
-5.894986152648926 -1.5622667074203491 -0.949763834476471 32 75 21
-5.23413610458374 -1.1777487993240356 -0.9867920875549316 49 89 36
-4.913642406463623 -1.2993499040603638 -0.9844475388526917 38 79 19
-4.567752361297607 -1.0250401496887207 -1.0423752069473267 60 89 41
-4.019623756408691 -1.059636116027832 -0.9672752618789673 31 65 15
-11.812514305114746 -2.684455633163452 2.2560782432556152 71 83 81
-13.93332576751709 -3.7124006748199463 2.5376014709472656 87 97 86
-8.79039478302002 -1.9957270622253418 1.3389642238616943 98 133 152
-14.781702995300293 -3.9287736415863037 2.1190781593322754 90 103 93
-23.28600311279297 -5.276481628417969 2.659595012664795 71 92 73
-10.813719749450684 -2.868278980255127 1.1342302560806274 99 114 95
-23.16424560546875 -5.242941379547119 1.7695276737213135 69 89 77
-20.23887825012207 -5.36144495010376 1.3583375215530396 90 99 82
-13.368267059326172 -3.020101547241211 0.5193129181861877 62 80 40
-17.452716827392578 -4.615871429443359 0.5099363327026367 97 112 79
-15.298782348632812 -3.445572853088379 0.02080138772726059 94 102 81
-14.414023399353027 -3.803858518600464 -0.12281003594398499 88 95 53
-14.027837753295898 -3.1541874408721924 -0.5066161155700684 73 108 24
-8.984111785888672 -2.367048501968384 -0.4157140552997589 65 96 37
-10.049867630004883 -2.2538371086120605 -0.7393611669540405 66 92 29
-9.518115997314453 -2.5013482570648193 -0.8028775453567505 62 93 17
-7.749356746673584 -1.734503149986267 -0.8643621206283569 84 122 39
-6.856619358062744 -1.7975614070892334 -0.8405902981758118 41 69 20
-6.239843845367432 -1.391947627067566 -0.9334665536880493 35 59 25
-6.000119686126709 -1.5704437494277954 -0.9659215211868286 50 91 23
-5.290533542633057 -1.1733977794647217 -0.9967414140701294 46 75 21
-5.023993968963623 -1.3120530843734741 -1.0057451725006104 48 88 18
-4.576594352722168 -1.0122864246368408 -1.0436792373657227 52 94 46
-10.293463706970215 -2.3060555458068848 1.9645934104919434 78 102 88
-29.85417938232422 -7.856345176696777 5.432765483856201 71 91 89
-11.409452438354492 -2.5535621643066406 1.7367010116577148 62 106 89
-22.557954788208008 -5.921558856964111 3.231247663497925 84 109 54
-28.56890869140625 -6.381474494934082 3.2607269287109375 62 74 74
-10.216140747070312 -2.6762540340423584 1.0706851482391357 70 93 83
-23.682445526123047 -5.2839035987854 1.8078663349151611 70 88 66
-25.054277420043945 -6.5548906326293945 1.6801666021347046 90 110 83
-24.181859970092773 -5.385140895843506 0.938739001750946 79 99 64
-19.917564392089844 -5.202442646026611 0.5814855098724365 70 82 60
-15.801302909851074 -3.507847785949707 0.02146991901099682 80 93 67
-17.82979393005371 -4.646816253662109 -0.1517908275127411 81 94 74
-14.109650611877441 -3.1271378993988037 -0.5092219114303589 63 98 14
-13.045166015625 -3.3942506313323975 -0.603143036365509 64 96 47
-10.057709693908691 -2.2232091426849365 -0.7394328117370605 69 96 27
-9.409977912902832 -2.442091226577759 -0.7931200861930847 62 90 16
-7.472142696380615 -1.6483993530273438 -0.8328737020492554 64 85 42
-7.2860565185546875 -1.886273980140686 -0.8925236463546753 53 83 13
-6.1609721183776855 -1.3545247316360474 -0.9210415482521057 39 78 23
-6.022129058837891 -1.5564788579940796 -0.968691349029541 40 67 22
-5.2710490226745605 -1.15212082862854 -0.9923998117446899 73 106 49
-4.816000938415527 -1.2419636249542236 -0.9633401036262512 51 89 28
-4.599706172943115 -1.0026065111160278 -1.048243522644043 54 93 30
-10.286089897155762 -2.271285057067871 1.961846947669983 79 83 69
-11.330721855163574 -2.94462251663208 2.0602738857269287 87 98 94
-11.260753631591797 -2.4840285778045654 1.7128986120224 115 139 125
-23.02187728881836 -5.9679036140441895 3.29506254196167 99 122 114
-22.429895401000977 -5.802331924438477 2.3488500118255615 61 81 69
-23.69270133972168 -5.209936618804932 1.8074204921722412 47 60 42
-24.20760726928711 -6.254089832305908 1.6220935583114624 80 102 79
-10.62700080871582 -3.160928726196289 0.6117148399353027 80 86 86
-20.21792984008789 -4.437339782714844 0.7843271493911743 103 111 90
-10.42647933959961 -2.689239978790283 0.3041546940803528 74 93 71
-19.716583251953125 -5.8544511795043945 0.38450056314468384 66 82 71
-17.009660720825195 -3.7213804721832275 0.023096146062016487 87 101 84
-14.768289566040039 -3.800576686859131 -0.12562738358974457 78 95 59
-8.46281909942627 -2.507885694503784 -0.15745902061462402 80 90 38
-14.220719337463379 -3.106013774871826 -0.5128840804100037 66 110 21
-13.041972160339355 -3.3507323265075684 -0.6025172472000122 74 98 36
-7.873660564422607 -2.3289589881896973 -0.4462665021419525 71 99 58
-8.927148818969727 -1.9445971250534058 -0.6558734178543091 63 100 20
-8.673995018005371 -2.2227065563201904 -0.7305095791816711 72 94 58
-7.39807653427124 -2.1854774951934814 -0.701905369758606 66 89 35
-7.476193428039551 -1.6252561807632446 -0.832765519618988 92 102 77
-6.9175496101379395 -1.7682446241378784 -0.8467139601707458 50 83 14
-6.668172836303711 -1.9664392471313477 -0.8914452195167542 42 70 30
-6.357546329498291 -1.377308964729309 -0.9497924447059631 31 64 17
-6.0163445472717285 -1.5353083610534668 -0.9669986963272095 49 82 35
-5.110149383544922 -1.1005363464355469 -0.9614664912223816 54 92 45
-5.09093713760376 -1.2962205410003662 -1.0175350904464722 56 90 53
-4.5922627449035645 -0.9862355589866638 -1.045852780342102 88 116 67
-10.465921401977539 -2.277341842651367 1.9948039054870605 68 85 79
-11.307268142700195 -2.9015235900878906 2.0543808937072754 109 129 130
-11.350692749023438 -3.3604979515075684 1.966936707496643 97 138 158
-11.224825859069824 -2.440014362335205 1.7062867879867554 95 97 83
-22.726287841796875 -5.816928863525391 3.2501862049102783 99 137 158
-9.602327346801758 -2.835585117340088 1.2898821830749512 68 81 63
-23.621074676513672 -5.124307632446289 2.692363739013672 102 115 97
-22.45915985107422 -5.736445426940918 2.3500607013702393 96 109 91
-11.020105361938477 -3.2471492290496826 1.05625581741333 49 60 52
-24.223173141479492 -5.2487287521362305 1.8466510772705078 98 119 86
-25.82309913635254 -6.587010383605957 1.7289814949035645 56 74 52
-9.387532234191895 -2.760937213897705 0.5398780107498169 65 84 90
-16.350027084350586 -3.5358877182006836 0.6338533163070679 66 79 59
-10.409494400024414 -2.6508257389068604 0.3034205734729767 81 101 90
-15.768566131591797 -4.629570007324219 0.3072303533554077 107 125 103
-11.960251808166504 -2.578244686126709 0.016229115426540375 75 85 61
-14.41159439086914 -3.6616768836975098 -0.12249699980020523 85 103 65
-8.523245811462402 -2.497373104095459 -0.1584400236606598 64 86 50
-8.160005569458008 -1.7560534477233887 -0.29410284757614136 92 102 67
-13.149023056030273 -3.33526611328125 -0.6069872379302979 74 107 36
-7.910478591918945 -2.313480854034424 -0.4479488730430603 92 108 69
-9.387527465820312 -2.0147342681884766 -0.6892398595809937 71 93 46
-9.408358573913574 -2.3801510334014893 -0.7917377948760986 53 75 28
-6.903831481933594 -2.0164635181427 -0.6544229984283447 72 85 57
-7.7756853103637695 -1.6653966903686523 -0.8655523657798767 63 98 34
-7.2917160987854 -1.8400741815567017 -0.8918170928955078 53 77 17
-6.6846489906311035 -1.9490264654159546 -0.8928443193435669 42 75 28
-6.376257419586182 -1.3608958721160889 -0.9519596099853516 52 101 12
-5.986532688140869 -1.5081535577774048 -0.9614588618278503 57 85 47
-5.634166717529297 -1.6402862071990967 -0.971770167350769 55 88 41
-5.361721038818359 -1.137514352798462 -1.0081379413604736 69 113 60
-5.100602626800537 -1.2820316553115845 -1.0186760425567627 41 81 19
-4.583196640014648 -1.3319727182388306 -0.9730373024940491 93 104 12
-4.32692289352417 -0.9153730869293213 -0.984779417514801 32 85 15
-11.82245922088623 -2.5345561504364014 2.2518672943115234 51 64 54
-11.141406059265137 -2.822558641433716 2.022663116455078 73 98 76
-20.266986846923828 -5.932697772979736 3.5088510513305664 82 110 114
-11.303832054138184 -2.420894145965576 1.717159390449524 119 136 104
-22.72673988342285 -5.742810249328613 3.247715950012207 91 128 120
-9.268242835998535 -2.706043004989624 1.243883490562439 98 120 107
-23.387876510620117 -4.998637676239014 2.6640231609344482 67 83 57
-10.175704002380371 -2.5658156871795654 1.063927173614502 81 104 75
-11.007070541381836 -3.2066402435302734 1.0540584325790405 90 104 81
-24.183570861816406 -5.1625213623046875 1.8424158096313477 94 97 90
-26.262197494506836 -6.613269329071045 1.757014513015747 82 99 81
-10.990395545959473 -3.1957483291625977 0.631492018699646 69 85 84
-10.296399116516113 -2.588413953781128 0.2998911142349243 73 85 65
-16.930126190185547 -4.9142303466796875 0.3295665383338928 96 99 88
-10.198567390441895 -2.1657609939575195 0.013829566538333893 82 86 69
-17.049312591552734 -4.276224136352539 -0.14480513334274292 78 93 60
-6.5448455810546875 -1.8959037065505981 -0.12155452370643616 75 88 58
-8.689376831054688 -1.8421005010604858 -0.31297728419303894 80 93 47
-12.929521560668945 -3.2374024391174316 -0.5963932871818542 64 99 33
-6.685879230499268 -1.9330906867980957 -0.37826552987098694 70 91 48
-9.845489501953125 -2.0814449787139893 -0.7223916053771973 59 85 40
-9.42335319519043 -2.3532073497772217 -0.7923883199691772 50 67 33
-7.161623001098633 -2.067934274673462 -0.6782547831535339 64 82 24
-7.501588344573975 -1.5826359987258911 -0.834496796131134 90 100 75
-7.320453643798828 -1.8234554529190063 -0.8946434259414673 72 95 39
-6.528573989868164 -1.8818072080612183 -0.871222734451294 44 71 26
-6.375560760498047 -1.340309500694275 -0.9512372016906738 58 80 59
-5.964282989501953 -1.483103632926941 -0.9571502208709717 37 77 15
-5.620210647583008 -1.6175358295440674 -0.9685025811195374 35 73 12
-5.376737594604492 -1.1234732866287231 -1.0103086233139038 50 89 42
-4.799593925476074 -1.1907302141189575 -0.9578254222869873 74 103 59
-4.811397552490234 -1.3822990655899048 -1.0205804109573364 59 98 53
-4.628806114196777 -0.9644103646278381 -1.0528076887130737 60 91 34
-11.391561508178711 -2.405646800994873 2.1683764457702637 85 101 91
-10.897774696350098 -2.725285053253174 1.9769060611724854 47 73 36
-19.662525177001953 -5.690321445465088 3.4011614322662354 105 125 114
-11.437026023864746 -2.412745952606201 1.736260175704956 104 135 155
-20.936437606811523 -5.222138404846191 2.989572763442993 87 110 92
-5.61735725402832 -1.6214100122451782 0.7532299160957336 48 65 46
-11.5867919921875 -2.4392714500427246 1.3189482688903809 92 112 84
-10.172908782958984 -2.5319418907165527 1.0628176927566528 92 114 93
-10.752750396728516 -3.0967934131622314 1.0287896394729614 92 116 102
-24.24516487121582 -5.097947120666504 1.8459080457687378 100 128 132
-29.966289520263672 -7.448332786560059 2.0032904148101807 77 97 72
-10.757364273071289 -3.092226505279541 0.6175544261932373 97 101 87
-12.77830982208252 -2.681495428085327 0.49473878741264343 81 90 73
-8.57542896270752 -2.12782883644104 0.24957513809204102 77 89 53
-10.397531509399414 -2.983488082885742 0.20222212374210358 81 99 77
-9.283116340637207 -1.9416110515594482 0.01258005015552044 84 92 71
-14.088233947753906 -3.4876351356506348 -0.11956431716680527 104 123 95
-8.049154281616211 -2.304927349090576 -0.14936134219169617 81 103 67
-14.031525611877441 -2.9296531677246094 -0.5050666928291321 100 125 68
-13.131418228149414 -3.245175361633301 -0.6052439212799072 85 121 33
-6.730181694030762 -1.9235455989837646 -0.38043633103370667 94 105 45
-9.737579345703125 -2.02744197845459 -0.7140141129493713 68 94 33
-9.445043563842773 -2.3278634548187256 -0.7936079502105713 56 82 21
-7.293384552001953 -2.0817604064941406 -0.6901253461837769 86 96 72
-7.241659641265869 -1.50460684299469 -0.8050643801689148 93 119 71
-7.334692478179932 -1.803121566772461 -0.8957032561302185 45 84 17
-6.734638690948486 -1.9188451766967773 -0.8979317545890808 72 90 48
-6.388363838195801 -1.3225486278533936 -0.9525375366210938 40 71 30
-5.974562644958496 -1.4662115573883057 -0.9580734968185425 43 79 17
-5.609015464782715 -1.5956964492797852 -0.9657251238822937 70 104 53
-5.35414981842041 -1.1016209125518799 -1.0054243803024292 47 88 22
-5.062600612640381 -1.239504098892212 -1.0095484256744385 70 104 53
-4.8193864822387695 -1.3686020374298096 -1.0213794708251953 44 76 29
-4.623137474060059 -0.948439359664917 -1.050851583480835 65 96 64
-11.26028823852539 -2.3418612480163574 2.1420109272003174 80 92 106
-10.685209274291992 -2.637321949005127 1.9368687868118286 70 73 80
-19.884750366210938 -5.688576698303223 3.436566114425659 90 114 100
-11.971220970153809 -2.4871022701263428 1.8161896467208862 95 114 95
-22.704801559448242 -5.5892839431762695 3.239619016647339 73 84 67
-14.69715404510498 -4.193424701690674 1.9690029621124268 66 77 60
-11.577676773071289 -2.400282144546509 1.3170661926269531 69 91 52
-10.046329498291016 -2.467731475830078 1.048797369003296 82 96 81
-10.45859432220459 -2.9773590564727783 0.9997670650482178 79 92 75
-9.235936164855957 -1.912439227104187 0.7027289271354675 88 101 91
-29.963802337646484 -7.350181579589844 2.0016071796417236 86 110 94
-10.507474899291992 -2.985525608062744 0.6026802062988281 93 111 89
-11.92138671875 -2.4635119438171387 0.4612664580345154 90 106 95
-8.592597007751465 -2.1041250228881836 0.24988572299480438 58 68 70
-8.016351699829102 -2.273632287979126 0.1557740420103073 80 100 91
-11.966824531555176 -2.4646267890930176 0.016206564381718636 104 120 94
-15.063465118408203 -3.680050849914551 -0.12774451076984406 88 111 59
-8.051377296447754 -2.278860330581665 -0.149272158741951 70 80 53
-8.092615127563477 -1.6637697219848633 -0.29110971093177795 69 87 63
-12.925848960876465 -3.152326822280884 -0.595320463180542 82 118 44
-6.766800880432129 -1.911575198173523 -0.38217300176620483 77 100 54
-8.164741516113281 -1.6738461256027222 -0.5983054637908936 83 111 36
-9.443424224853516 -2.29675555229187 -0.792876124382019 73 88 47
-8.51220703125 -2.4014322757720947 -0.8047536015510559 72 97 42
-7.248189449310303 -1.482781171798706 -0.8052807450294495 69 98 54
-7.242719650268555 -1.7569658756256104 -0.8838092684745789 55 85 31
-6.79968786239624 -1.914844036102295 -0.9058172106742859 56 85 41
-6.375908374786377 -1.2995835542678833 -0.9500814080238342 54 84 46
-5.938698768615723 -1.4381077289581299 -0.9516104459762573 41 72 31
-5.620532512664795 -1.5803500413894653 -0.9668687582015991 46 88 25
-4.672152519226074 -0.9463679790496826 -0.8768067955970764 46 86 23
-5.072105407714844 -1.2253496646881104 -1.010689377784729 37 94 15
-4.835826396942139 -1.3572521209716797 -1.023976445198059 43 75 28
-4.653772354125977 -0.9398549199104309 -1.0571545362472534 52 97 32
-4.322686672210693 -1.040787935256958 -1.0345855951309204 54 89 23
-11.982047080993652 -2.453643321990967 2.2778666019439697 117 147 137
-10.689423561096191 -2.603595495223999 1.9361755847930908 63 82 76
-21.134244918823242 -5.9759440422058105 3.6493232250213623 85 101 88
-12.722078323364258 -2.6024081707000732 1.9288841485977173 93 110 100
-22.706443786621094 -5.515859127044678 3.2374231815338135 92 111 92
-14.774861335754395 -4.166619777679443 1.977691650390625 92 103 121
-24.963665008544922 -5.095634460449219 2.83805251121521 67 81 66
-26.068660736083984 -6.318638801574707 2.7194292545318604 114 131 115
-10.069869995117188 -2.8333277702331543 0.9617722630500793 96 108 94
-22.533546447753906 -5.454287528991699 1.504135012626648 93 105 81
-10.515623092651367 -2.953005075454712 0.6026250720024109 77 87 78
-11.758504867553711 -2.392261266708374 0.4546780288219452 86 100 103
-20.422895431518555 -4.934722900390625 0.5934856534004211 89 107 91
-16.292070388793945 -4.566869735717773 0.31631436944007874 71 81 70
-9.995595932006836 -2.026695728302002 0.013528462499380112 82 84 70
-15.067879676818848 -3.6321792602539062 -0.12768685817718506 83 106 64
-15.278958320617676 -4.2739667892456055 -0.28302672505378723 64 92 44
-8.071234703063965 -1.633581519126892 -0.2901589572429657 75 101 72
-10.368375778198242 -2.4949393272399902 -0.4771771728992462 83 113 39
-6.72646951675415 -1.877917766571045 -0.3795680105686188 89 91 77
-9.597311973571777 -1.9368735551834106 -0.7028442621231079 75 99 49
-9.264344215393066 -2.2231194972991943 -0.7772641777992249 66 88 41
-8.406336784362793 -2.343745708465576 -0.794061005115509 61 92 22
-7.453464508056641 -1.5009657144546509 -0.8275715112686157 84 108 46
-6.762295246124268 -1.618471622467041 -0.8245745897293091 40 91 48
-6.814130783081055 -1.8963673114776611 -0.9069619178771973 73 90 58
-6.3691935539245605 -1.277875304222107 -0.948492169380188 46 67 28
-5.958459377288818 -1.4235548973083496 -0.9540725350379944 48 89 33
-5.661475658416748 -1.5731358528137207 -0.9730771780014038 35 81 8
-5.114855766296387 -1.0197138786315918 -0.9592958092689514 49 91 9
-5.093985557556152 -1.214107632637024 -1.014302372932434 67 101 64
-4.842800140380859 -1.3431951999664307 -1.0245757102966309 59 106 26
-4.669079780578613 -0.928046703338623 -1.059980034828186 55 84 36
-11.439240455627441 -2.3059451580047607 2.1733200550079346 95 115 126
-10.644692420959473 -2.558131217956543 1.926642894744873 74 94 69
-21.176231384277344 -5.917714595794678 3.653420925140381 81 91 103
-11.390870094299316 -2.2937119007110596 1.7259751558303833 82 89 81
-21.076087951660156 -5.051386833190918 3.0027477741241455 98 106 91
-22.592180252075195 -6.2964019775390625 3.0214805603027344 75 99 86
-25.099027633666992 -5.0431036949157715 2.8516693115234375 86 100 85
-22.73029327392578 -5.435692310333252 2.369426727294922 119 145 142
-10.106337547302246 -2.810157060623169 0.9644273519515991 57 82 63
-10.515974044799805 -2.9183268547058105 0.6021292805671692 74 84 76
-8.638406753540039 -2.0592432022094727 0.2508457601070404 81 92 84
-10.335905075073242 -2.863110065460205 0.20050251483917236 71 90 68
-9.367278099060059 -1.8693974018096924 0.012670248746871948 49 61 47
-14.790019989013672 -3.517223358154297 -0.12524020671844482 114 127 99
-15.87696361541748 -4.388769626617432 -0.29385337233543396 69 90 59
-14.231376647949219 -2.834944486618042 -0.5112994909286499 79 103 41
-12.928423881530762 -3.06903338432312 -0.5945605039596558 79 110 32
-11.427605628967285 -3.1526362895965576 -0.6442996263504028 79 88 67
-9.61886215209961 -1.910529375076294 -0.7039898633956909 71 89 27
-9.180922508239746 -2.1733343601226807 -0.769702136516571 80 100 47
-7.556105136871338 -2.0817325115203857 -0.7131416201591492 59 88 34
-7.445357322692871 -1.4755793809890747 -0.8261647820472717 74 110 40
-6.907366752624512 -1.6308037042617798 -0.841650128364563 53 81 30
-6.749144554138184 -1.8559908866882324 -0.8975501656532288 80 106 61
-6.384733200073242 -1.2606289386749268 -0.9502258896827698 61 102 42
-5.98491907119751 -1.4104810953140259 -0.9576118588447571 39 81 9
-5.6329779624938965 -1.546617031097412 -0.9673589468002319 56 84 35
-5.3071208000183105 -1.0411255359649658 -0.994751513004303 61 95 45
-5.166496753692627 -1.2146512269973755 -1.0279936790466309 56 99 28
-4.836503028869629 -1.3254824876785278 -1.0223782062530518 43 84 18
-4.69106388092041 -0.9174648523330688 -1.0643268823623657 51 91 38
-4.3925275802612305 -1.0291308164596558 -1.0497702360153198 73 99 36
-11.483868598937988 -2.2783000469207764 2.1804606914520264 98 115 109
-10.55378532409668 -2.502061128616333 1.9087908267974854 44 59 52
-19.41232681274414 -5.360637664794922 3.3462510108947754 87 113 114
-9.04201889038086 -1.791890025138855 1.3692314624786377 65 91 64
-20.333812713623047 -4.8075642585754395 2.8948793411254883 79 91 77
-14.947404861450195 -4.116437911987305 1.9973689317703247 74 116 106
-23.680194854736328 -4.682483673095703 2.688821315765381 109 127 149
-28.472553253173828 -6.716608047485352 2.9658432006835938 46 59 39
-10.751534461975098 -2.954054355621338 1.0251275300979614 68 80 70
-10.788163185119629 -2.130495071411133 0.8193055391311646 104 117 110
-10.521026611328125 -2.8849942684173584 0.6019089221954346 90 102 88
-11.845513343811035 -2.334365129470825 0.4574800133705139 81 94 77
-15.465847969055176 -3.636676073074341 0.44877782464027405 83 99 86
-9.94057559967041 -2.7207915782928467 0.19267083704471588 92 104 80
-7.950146198272705 -1.5612382888793945 0.01074689719825983 67 77 42
-15.148294448852539 -3.5533578395843506 -0.1281811147928238 87 101 75
-6.79788875579834 -1.8566675186157227 -0.1257103830575943 79 91 71
-7.890847206115723 -1.5467326641082764 -0.28332754969596863 74 92 52
-13.225696563720703 -3.0967702865600586 -0.6077919006347656 69 92 38
-11.350519180297852 -3.093928098678589 -0.6394152641296387 75 102 51
-9.352540969848633 -1.827824592590332 -0.6840845942497253 74 105 38
-9.134164810180664 -2.1326935291290283 -0.7652299404144287 65 85 50
-6.737985134124756 -1.8341156244277954 -0.6353937983512878 59 87 39
-7.392280101776123 -1.4415042400360107 -0.8197805285453796 79 114 58
-7.009054183959961 -1.632125973701477 -0.8534263968467712 92 134 70
-6.94815731048584 -1.887809157371521 -0.9232416749000549 47 103 16
-6.370114803314209 -1.2374496459960938 -0.9474807977676392 52 96 33
-6.006541728973389 -1.3961396217346191 -0.9603816866874695 64 104 44
-5.631983280181885 -1.5277782678604126 -0.9663786888122559 53 86 41
-5.334432125091553 -1.029497742652893 -0.999273955821991 85 129 50
-5.178806781768799 -1.2007906436920166 -1.0297051668167114 44 88 13
-4.828251838684082 -1.3073090314865112 -1.0197813510894775 48 81 24
-4.686188220977783 -0.9015932679176331 -1.062588095664978 48 83 29
-11.479225158691406 -2.240797281265259 2.1782634258270264 80 92 82
-10.665942192077637 -2.4941141605377197 1.927682876586914 47 66 36
-19.440101623535156 -5.304172039031982 3.348217725753784 96 119 111
-12.8202486038208 -2.499783754348755 1.9401977062225342 57 70 53
-11.291304588317871 -2.6330747604370117 1.6063603162765503 67 92 86
-11.252511024475098 -3.0617740154266357 1.5023709535598755 111 148 164
-24.38514518737793 -4.74418830871582 2.7672007083892822 105 150 169
-23.129507064819336 -5.381340980529785 2.4075539112091064 108 131 115
-10.844155311584473 -2.943751573562622 1.0330926179885864 78 89 73
-10.84163761138916 -2.1065173149108887 0.8228719830513 96 110 93
-10.51826286315918 -2.84956955909729 0.6012478470802307 88 110 89
-12.725723266601562 -2.467291831970215 0.49117952585220337 50 53 46
-11.67440128326416 -2.707376480102539 0.33851751685142517 83 95 91
-9.83402156829834 -2.659223794937134 0.19044655561447144 89 102 82
-9.392317771911621 -1.814541220664978 0.012688819319009781 61 73 35
-9.979107856750488 -2.308537006378174 -0.08438041061162949 81 88 57
-6.808379650115967 -1.8371055126190186 -0.12579956650733948 67 80 54
-8.162469863891602 -1.573986291885376 -0.2929055988788605 59 91 44
-12.565443992614746 -2.901538848876953 -0.5770379304885864 83 112 54
-11.704170227050781 -3.151782751083374 -0.658789873123169 70 102 37
-9.736189842224121 -1.8718106746673584 -0.7117229104042053 59 71 33
-9.126096725463867 -2.1013057231903076 -0.7640103101730347 46 79 26
-6.742618560791016 -1.8131763935089111 -0.6353031992912292 48 78 44
-7.327348709106445 -1.4055216312408447 -0.8120978474617004 70 100 38
-6.96757173538208 -1.5999469757080078 -0.8477738499641418 85 103 61
-7.008520603179932 -1.881139874458313 -0.9304913282394409 65 86 43
-6.358330726623535 -1.2149293422698975 -0.94516921043396 38 66 18
-6.031022071838379 -1.382340908050537 -0.9636132121086121 50 81 22
-5.671902656555176 -1.5199408531188965 -0.9724236130714417 46 87 9
-5.343362808227539 -1.0142276287078857 -1.000359296798706 49 88 41
-5.038907527923584 -1.1520740985870361 -1.0011814832687378 54 90 28
-4.834133148193359 -1.2929964065551758 -1.0201809406280518 43 78 38
-4.601655960083008 -0.8706981539726257 -1.0428099632263184 77 116 49
-11.558455467224121 -2.219472885131836 2.19199538230896 71 79 64
-10.688899040222168 -2.46492075920105 1.9304560422897339 60 72 60
-11.348784446716309 -3.0591025352478027 1.953004240989685 58 81 75
-12.78219985961914 -2.4516825675964355 1.933292031288147 82 99 81
-11.008761405944824 -2.5316011905670166 1.565051794052124 73 109 105
-11.280049324035645 -3.0321292877197266 1.5047986507415771 84 122 109
-10.581353187561035 -2.0249555110931396 1.2000502347946167 84 104 92
-29.063051223754883 -6.6679229736328125 3.023033618927002 121 138 132
-10.772343635559082 -2.8888022899627686 1.0254021883010864 79 90 86
-24.01459503173828 -4.589594841003418 1.821612000465393 84 91 83
-23.14252281188965 -5.301926136016846 1.540325403213501 78 106 92
-10.51441764831543 -2.8139309883117676 0.6005316972732544 61 79 55
-12.805870056152344 -2.4420902729034424 0.4939814805984497 55 65 38
-11.656342506408691 -2.6655309200286865 0.33775514364242554 58 77 47
-9.82184886932373 -2.623622179031372 0.1900540292263031 85 104 84
-9.619868278503418 -1.8279057741165161 0.012988598085939884 90 102 80
-10.002717018127441 -2.281691312789917 -0.08452045172452927 84 87 76
-15.876108169555664 -4.231640815734863 -0.29310423135757446 80 90 65
-14.267666816711426 -2.7058908939361572 -0.5116868615150452 78 109 49
-13.060349464416504 -2.9736440181732178 -0.599343478679657 86 116 46
-6.703654766082764 -1.7831681966781616 -0.3770173192024231 69 102 23
-9.746787071228027 -1.8428583145141602 -0.7120808959007263 52 93 14
-9.12083625793457 -2.0706496238708496 -0.7630345821380615 60 92 25
-8.080262184143066 -2.14632511138916 -0.7607146501541138 58 80 34
-7.313065052032471 -1.3795336484909058 -0.8100419044494629 90 122 59
-6.98019552230835 -1.580317497253418 -0.8487159013748169 90 97 79
-6.744848251342773 -1.7882027626037598 -0.8947520852088928 55 82 39
-6.3561930656433105 -1.1943200826644897 -0.9443023204803467 79 115 51
-6.042945384979248 -1.3655740022659302 -0.9648443460464478 43 72 24
-5.679400444030762 -1.5032899379730225 -0.9729138016700745 46 76 48
-5.350316524505615 -0.9985513687133789 -1.0010828971862793 86 123 53
-5.16404914855957 -1.1640262603759766 -1.0253314971923828 62 99 47
-4.814393520355225 -1.2719024419784546 -1.0151869058609009 44 75 34
-4.559203147888184 -0.8481855988502502 -1.032594919204712 47 91 12
-4.459782123565674 -1.0016794204711914 -1.063594937324524 45 78 35
-11.594191551208496 -2.189474582672119 2.19748854637146 97 109 109
-10.672402381896973 -2.42665696144104 1.926123023033142 55 62 55
-11.352396011352539 -3.02274751663208 1.9520206451416016 92 108 97
-11.204318046569824 -2.113419771194458 1.6936508417129517 36 41 34
-11.01068115234375 -2.4965009689331055 1.5642284154891968 86 102 92
-11.250955581665039 -2.9873273372650146 1.4996877908706665 58 81 71
-11.757612228393555 -2.2126853466033936 1.3326756954193115 116 147 165
-11.229281425476074 -2.5400898456573486 1.1672132015228271 72 90 66
-10.597298622131348 -2.807039260864258 1.0079153776168823 94 107 97
-33.356937408447266 -6.2690606117248535 2.5287985801696777 78 86 71
-10.505624771118164 -2.777066707611084 0.5995400547981262 69 80 63
-11.947033882141113 -2.2403457164764404 0.4605849087238312 70 84 67
-24.15193748474121 -5.445061206817627 0.6993412375450134 88 98 87
-9.77184772491455 -2.5781733989715576 0.18893256783485413 62 73 56
-10.888571739196777 -2.0343849658966064 0.01469308603554964 79 98 70
-10.030157089233398 -2.2555999755859375 -0.08469344675540924 92 97 65
-6.778913974761963 -1.7846046686172485 -0.12505044043064117 76 89 72
-7.93520450592041 -1.4797210693359375 -0.28441914916038513 87 121 61
-12.56644058227539 -2.820664644241333 -0.576278030872345 73 92 36
-8.965094566345215 -2.355283260345459 -0.5037932395935059 64 100 36
-9.75729751586914 -1.8138583898544312 -0.7124389410018921 92 103 73
-9.132009506225586 -2.043745756149292 -0.7634411454200745 46 79 8
-8.511619567871094 -2.232971668243408 -0.8006759285926819 70 95 40
-7.307488441467285 -1.3552781343460083 -0.8089597821235657 84 113 57
-7.131360054016113 -1.5915567874908447 -0.8664981126785278 102 132 58
-6.567032337188721 -1.7195137739181519 -0.8704596161842346 65 92 47
-6.332582473754883 -1.1697810888290405 -0.9402569532394409 61 94 23
-6.039390563964844 -1.3453092575073242 -0.9636132121086121 53 95 21
-5.697348594665527 -1.4893518686294556 -0.9752010703086853 36 63 20
-5.348517894744873 -0.9812447428703308 -1.0001784563064575 66 111 46
-5.167595863342285 -1.1481776237487793 -1.0253314971923828 42 70 21
-4.829650402069092 -1.2600946426391602 -1.0175840854644775 49 85 23
-4.581947326660156 -0.8378813862800598 -1.0371590852737427 56 98 34
-4.434305191040039 -0.9816765189170837 -1.0567958354949951 75 122 44
-11.655948638916016 -2.164123058319092 2.2079248428344727 108 134 121
-10.71823787689209 -2.402519702911377 1.9330558776855469 74 77 56
-11.309144020080566 -2.9741053581237793 1.9430054426193237 110 130 131
-11.673689842224121 -2.1648879051208496 1.7635890245437622 30 32 29
-26.26099395751953 -5.869621276855469 3.728182792663574 100 121 112
-22.566184997558594 -5.917667865753174 3.0055086612701416 82 98 87
-24.947195053100586 -7.519250869750977 3.104191780090332 60 75 68
-9.86258316040039 -1.8247448205947876 1.1172423362731934 97 138 132
-11.243818283081055 -2.5071427822113037 1.1679192781448364 75 101 64
-10.788902282714844 -2.8223979473114014 1.0253106355667114 58 71 53
-24.8562068939209 -7.473373889923096 2.1343777179718018 87 95 82
-33.376014709472656 -6.166693687438965 2.5287985801696777 65 76 59
-23.748332977294922 -5.287563800811768 1.5784579515457153 65 88 60
-10.502501487731934 -2.7417962551116943 0.5988789796829224 72 90 78
-11.080209732055664 -2.0426270961761475 0.4269232749938965 37 49 37
-20.119949340820312 -4.47122859954834 0.5821914076805115 82 94 58
-9.707147598266602 -2.5292744636535645 0.18753071129322052 95 116 97
-16.799177169799805 -5.030777931213379 0.1591585874557495 92 103 89
-10.685266494750977 -1.9624929428100586 0.014410551637411118 90 95 75
-16.10650062561035 -3.5701816082000732 -0.13590823113918304 88 110 71
-16.20368766784668 -4.212638854980469 -0.2986691892147064 78 104 56
-7.996720790863037 -1.4658199548721313 -0.2864615321159363 104 127 83
-12.027828216552734 -2.661034107208252 -0.5512011051177979 63 98 8
-11.580937385559082 -3.0045580863952637 -0.6502693295478821 79 104 65
-9.7765531539917 -1.7864248752593994 -0.7134413123130798 57 87 25
-9.104170799255371 -2.0082054138183594 -0.7605951428413391 52 79 28
-8.7767972946167 -2.27378249168396 -0.8249607682228088 69 86 50
-7.357578277587891 -1.3412320613861084 -0.8140455484390259 54 100 12
-7.2671403884887695 -1.5984699726104736 -0.8823961019515991 70 107 55
-6.709599494934082 -1.7348650693893433 -0.888647198677063 59 77 35
-6.354639530181885 -1.1537059545516968 -0.9430020451545715 69 94 52
-6.053140640258789 -1.3288931846618652 -0.9651520848274231 59 92 37
-5.770668983459473 -1.4896197319030762 -0.986964225769043 85 126 70
-5.354406833648682 -0.9653546214103699 -1.0007210969924927 58 103 38
-5.174930572509766 -1.1331583261489868 -1.0260921716690063 49 93 32
-4.828749179840088 -1.2440491914749146 -1.0165852308273315 53 94 28
-4.568164348602295 -0.8208853602409363 -1.0334641933441162 62 102 29
-4.412554740905762 -0.962669849395752 -1.0509033203125 89 121 54
-12.019401550292969 -2.193479537963867 2.2754862308502197 79 112 67
-10.603425979614258 -2.342642307281494 1.9110440015792847 46 58 48
-11.29911994934082 -2.934436321258545 1.9397273063659668 88 123 99
-11.905065536499023 -2.1700375080108643 1.7975295782089233 85 90 84
-8.774781227111816 -1.933013916015625 1.2448776960372925 82 121 103
-22.770498275756836 -5.896643161773682 3.030297040939331 89 120 125
-10.534029006958008 -1.9155683517456055 1.192633032798767 102 143 171
-11.297127723693848 -2.4826719760894775 1.1726598739624023 62 74 74
-10.945989608764648 -2.827641010284424 1.039409875869751 72 84 74
-25.030912399291992 -7.44224214553833 2.1474087238311768 76 89 63
-23.883129119873047 -4.337016582489014 1.808535099029541 110 128 106
-24.228404998779297 -5.316488265991211 1.6092747449874878 78 91 81
-20.07516098022461 -5.175111770629883 1.1438252925872803 90 110 75
-12.477758407592773 -2.2607040405273438 0.4805016815662384 56 65 48
-11.612029075622559 -2.543165922164917 0.3357786536216736 92 108 82
-9.656764030456543 -2.4845337867736816 0.18640922009944916 71 84 64
-16.170217514038086 -4.788416862487793 0.15305979549884796 109 118 89
-10.620382308959961 -1.9169129133224487 0.014315047301352024 82 102 74
-15.536105155944824 -3.3937747478485107 -0.13100670278072357 76 84 71
-14.417174339294434 -3.7009971141815186 -0.2655293047428131 70 100 46
-8.381701469421387 -2.479332447052002 -0.23987533152103424 75 99 65
-8.049373626708984 -1.4499608278274536 -0.2881869673728943 55 80 48
-12.99931812286377 -2.8341610431671143 -0.595320463180542 80 113 26
-11.701339721679688 -2.997509717941284 -0.6565104722976685 77 108 41
-8.651272773742676 -2.5544753074645996 -0.5776399374008179 27 70 0
-7.941238880157471 -1.4259034395217896 -0.57918781042099 58 89 30
-8.726553916931152 -1.8968539237976074 -0.7285580635070801 53 92 27
-8.512617111206055 -2.177494764328003 -0.7994979023933411 52 81 23
-7.448146343231201 -2.19767165184021 -0.7831876873970032 54 78 18
-7.27750301361084 -1.3035787343978882 -0.8047397136688232 69 96 41
-7.282685279846191 -1.5784810781478882 -0.8836914300918579 84 116 67
-6.72450065612793 -1.7167255878448486 -0.8899189829826355 48 79 19
-6.3723530769348145 -1.876618504524231 -0.9175294637680054 39 73 0
-6.4214677810668945 -1.1454999446868896 -0.9523930549621582 46 81 27
-6.073606967926025 -1.3138676881790161 -0.967768132686615 57 96 33
-5.734103679656982 -1.4614315032958984 -0.9799389839172363 44 96 22
-5.3534698486328125 -0.948236882686615 -0.9999975562095642 46 92 30
-4.937505722045898 -1.0653053522109985 -0.9783625602722168 61 107 34
-4.7746171951293945 -1.2144947052001953 -1.0043997764587402 52 91 8
-4.616800785064697 -0.8150116205215454 -1.0438966751098633 66 101 45
-4.410726547241211 -0.9481044411659241 -1.0497702360153198 78 137 31
-11.739646911621094 -2.1052303314208984 2.2212905883789062 76 86 62
-10.994528770446777 -2.3936963081359863 1.9801992177963257 74 86 64
-11.30520248413086 -2.899022102355957 1.9392355680465698 108 130 107
-11.140993118286133 -3.2913568019866943 1.8154352903366089 71 82 78
-12.473464965820312 -2.2341270446777344 1.8823076486587524 91 103 91
-8.836813926696777 -1.918271780014038 1.2528375387191772 55 60 54
-21.282766342163086 -5.4417619705200195 2.8300743103027344 68 82 67
-11.592570304870605 -2.071338176727295 1.311752438545227 71 96 126
-11.392204284667969 -2.466951847076416 1.1817377805709839 65 84 52
-9.971370697021484 -2.5432634353637695 0.9461166262626648 71 92 73
-10.541799545288086 -3.0991406440734863 0.9035638570785522 94 108 91
-12.93234634399414 -2.3074662685394287 0.9787532091140747 100 109 90
-24.066112518310547 -5.20353889465332 1.5974271297454834 52 77 38
-26.262500762939453 -6.684267044067383 1.495186686515808 52 65 37
-11.16632080078125 -1.9877365827560425 0.4297631084918976 63 72 53
-11.992055892944336 -2.5878658294677734 0.34653645753860474 90 110 85
-9.64689826965332 -2.450464963912964 0.18607278168201447 77 92 61
-15.544730186462402 -4.551368236541748 0.14700636267662048 93 102 81
-10.622274398803711 -1.8836225271224976 0.014309740625321865 95 121 82
-15.533735275268555 -3.3433594703674316 -0.1308996081352234 89 94 74
-16.33778190612793 -4.140646457672119 -0.30066683888435364 72 108 44
-8.344175338745117 -2.440417528152466 -0.23858597874641418 66 88 49
-7.7674150466918945 -1.37458074092865 -0.27793988585472107 94 109 76
-8.759221076965332 -1.8815873861312866 -0.4008735418319702 84 123 32
-11.605931282043457 -2.9351558685302734 -0.6506492495536804 75 110 18
-7.8409647941589355 -2.2890849113464355 -0.5230647921562195 61 77 50
-9.94056510925293 -1.7534326314926147 -0.724611222743988 64 85 42
-9.163102149963379 -1.9623236656188965 -0.7644981741905212 46 79 22
-8.693060874938965 -2.195258855819702 -0.8158086538314819 57 82 24
-6.931437969207764 -2.0221142768859863 -0.7281990051269531 64 91 38
-7.300070762634277 -1.284518837928772 -0.8067956566810608 62 96 46
-7.244763374328613 -1.5470062494277954 -0.8785099387168884 86 119 64
-6.932676315307617 -1.7472338676452637 -0.916755199432373 43 85 22
-6.3932976722717285 -1.8614903688430786 -0.9197186231613159 55 87 20
-6.457115650177002 -1.1314295530319214 -0.9571608304977417 52 80 39
-6.078575611114502 -1.2954338788986206 -0.967922031879425 68 105 36
-5.774916648864746 -1.4529799222946167 -0.9861473441123962 68 100 53
-5.522493362426758 -1.6075263023376465 -1.011696219444275 154 165 27
-5.347632884979248 -0.9302911162376404 -0.9983694553375244 90 136 71
-5.143373966217041 -1.0932197570800781 -1.0184859037399292 61 97 27
-4.739356994628906 -1.1900566816329956 -0.9962096214294434 52 86 26
-4.642361164093018 -0.8048453330993652 -1.0491127967834473 70 110 48
-4.461256980895996 -0.9446561932563782 -1.0611019134521484 99 143 68
-11.768319129943848 -2.0731265544891357 2.225501775741577 90 108 110
-10.787080764770508 -2.3138914108276367 1.9415485858917236 63 74 57
-11.316912651062012 -2.865051031112671 1.9397273063659668 105 127 115
-11.147245407104492 -3.2560532093048096 1.8148176670074463 81 99 99
-12.480260848999023 -2.1958484649658203 1.8823076486587524 52 52 40
-8.8058500289917 -1.883279800415039 1.2476224899291992 113 142 122
-21.300323486328125 -5.376684665679932 2.830202341079712 81 111 113
-22.075279235839844 -6.4326066970825195 2.7393546104431152 86 107 98
-10.658156394958496 -1.8706547021865845 1.2053641080856323 92 102 94
-11.461991310119629 -2.4452743530273438 1.1881932020187378 65 83 61
-9.918290138244629 -2.4973416328430176 0.940348744392395 73 87 70
-5.592884540557861 -1.625604271888733 0.4789503216743469 92 106 70
-12.448232650756836 -2.1817026138305664 0.9416032433509827 30 43 33
-25.97687530517578 -6.526777267456055 1.477778434753418 102 121 117
-9.572798728942871 -1.6737877130508423 0.36823317408561707 76 97 56
-11.925629615783691 -2.5352652072906494 0.34439054131507874 85 107 86
-9.594243049621582 -2.4057798385620117 0.18491390347480774 79 99 74
-8.000231742858887 -2.315777063369751 0.0755905732512474 88 95 88
-10.705831527709961 -1.8645800352096558 0.01441453117877245 80 87 69
-15.547832489013672 -3.2965166568756104 -0.13093256950378418 97 112 81
-16.47844123840332 -4.122534275054932 -0.30302122235298157 80 95 52
-6.60101842880249 -1.9086328744888306 -0.1885753720998764 64 75 59
-14.142078399658203 -2.457967519760132 -0.5057709813117981 96 122 57
-8.023138046264648 -1.6977341175079346 -0.36694589257240295 68 101 44
-11.539315223693848 -2.880671262741089 -0.6464161276817322 75 109 32
-6.677229881286621 -1.9271334409713745 -0.4450364410877228 65 75 64
-7.996029853820801 -1.385151743888855 -0.5825530886650085 89 100 68
-8.672689437866211 -1.829489827156067 -0.7231101989746094 41 66 34
-8.905580520629883 -2.2198843955993652 -0.8351097106933594 59 86 31
-7.471051216125488 -2.154686689376831 -0.7841911315917969 72 104 37
-7.293201446533203 -1.2602543830871582 -0.8056053519248962 85 107 45
-7.234898567199707 -1.521706461906433 -0.8767434358596802 39 81 9
-6.944741725921631 -1.7276326417922974 -0.9176455140113831 57 79 32
-6.332342624664307 -1.8226869106292725 -0.910141110420227 49 78 34
-6.463481903076172 -1.1121174097061157 -0.9575942158699036 44 80 19
-6.051577091217041 -1.2702834606170654 -0.9629977345466614 66 95 47
-5.764985084533691 -1.4316892623901367 -0.983696699142456 51 92 16
-5.503736972808838 -1.5837669372558594 -1.007365345954895 107 149 23
-5.455163955688477 -0.9317639470100403 -1.0179063081741333 67 104 50
-5.125563144683838 -1.0730093717575073 -1.014302372932434 42 81 16
-4.775321960449219 -1.1835253238677979 -1.0030014514923096 52 89 20
-4.654393672943115 -1.3388302326202393 -1.0374799966812134 47 88 12
-4.64577054977417 -0.7907627820968628 -1.049330234527588 45 85 32
-4.508946895599365 -0.9403101801872253 -1.0717536211013794 72 118 43
-11.719407081604004 -2.0274596214294434 2.2150652408599854 124 150 151
-10.794129371643066 -2.2807860374450684 1.9415485858917236 113 125 89
-11.316078186035156 -2.82792592048645 1.9380881786346436 86 108 87
-11.159080505371094 -3.2223868370056152 1.8151265382766724 42 82 55
-11.803670883178711 -2.0394911766052246 1.7793104648590088 108 133 173
-12.155549049377441 -2.560696601867676 1.7210904359817505 92 116 103
-25.105609893798828 -6.255357265472412 3.333250045776367 89 105 102
-22.51283836364746 -6.4852423667907715 2.791170120239258 96 124 101
-10.030165672302246 -1.728730320930481 1.133737564086914 61 78 46
-11.419783592224121 -2.3996636867523193 1.183048963546753 69 89 61
-9.870820999145508 -2.4532105922698975 0.9351301789283752 78 104 77
-5.603592872619629 -1.6100893020629883 0.4794420599937439 86 106 78
-12.456832885742188 -2.1438400745391846 0.9417518377304077 83 96 87
-10.544078826904297 -2.614871025085449 0.5993747711181641 80 99 77
-20.76266860961914 -5.954003810882568 0.9861164093017578 71 93 54
-11.059137344360352 -1.898723840713501 0.42518150806427 47 63 26
-12.367754936218262 -2.58962345123291 0.35692718625068665 87 100 72
-9.664663314819336 -2.391947031021118 0.18612883985042572 86 101 82
-7.956345558166504 -2.276641845703125 0.07510956376791 110 122 102
-12.56558609008789 -2.148784875869751 0.016909582540392876 94 107 89
-16.46624755859375 -3.438488006591797 -0.13857729732990265 90 110 82
-15.775614738464355 -3.8953142166137695 -0.289875864982605 79 107 49
-6.7827301025390625 -1.938644528388977 -0.19359563291072845 58 91 36
-7.841707229614258 -1.3381582498550415 -0.28029918670654297 94 116 80
-13.011160850524902 -2.71154522895813 -0.5946946144104004 83 114 36
-11.487018585205078 -2.8302063941955566 -0.642997145652771 63 104 12
-6.68311071395874 -1.9066389799118042 -0.4450364410877228 78 104 56
-8.363083839416504 -1.4223228693008423 -0.6089741587638855 66 101 19
-8.988582611083984 -1.8673416376113892 -0.7489675283432007 51 89 28
-8.940394401550293 -2.199451446533203 -0.8377375602722168 55 79 21
-7.496762752532959 -2.1372110843658447 -0.7861980199813843 54 79 39
-7.254888534545898 -1.2307237386703491 -0.8009524345397949 100 120 85
-7.222030162811279 -1.4958776235580444 -0.874623715877533 69 98 50
-6.796849250793457 -1.6687155961990356 -0.8974229693412781 78 114 66
-6.331235408782959 -1.8013533353805542 -0.9091833233833313 42 78 16
-6.469790458679199 -1.092776894569397 -0.9580276608467102 48 95 17
-6.080604076385498 -1.2569119930267334 -0.9669986963272095 41 76 20
-5.78468132019043 -1.4177532196044922 -0.9863107204437256 59 88 42
-5.5502519607543945 -1.5787302255630493 -1.0149877071380615 72 120 44
-5.393979549407959 -0.9042909145355225 -1.005967140197754 51 82 23
-5.1326775550842285 -1.0580722093582153 -1.0150630474090576 68 105 51
-4.746569633483887 -1.160954236984253 -0.9962096214294434 40 76 15
-4.681992530822754 -1.3312300443649292 -1.0427166223526 57 85 36
-4.664541721343994 -0.7792401909828186 -1.0530250072479248 63 106 37
-4.518488883972168 -0.9278439283370972 -1.0733400583267212 65 92 57
-9.057321548461914 -1.5383141040802002 1.711008906364441 74 96 94
-11.932093620300293 -2.4830198287963867 2.144854784011841 91 107 81
-11.331405639648438 -2.794848918914795 1.9392355680465698 89 105 76
-11.178415298461914 -3.1908481121063232 1.816670536994934 96 130 131
-12.080982208251953 -2.049255847930908 1.8201566934585571 76 101 106
-12.163348197937012 -2.5233917236328125 1.7210904359817505 100 113 93
-11.692169189453125 -2.8751723766326904 1.5511808395385742 81 94 68
-22.71694564819336 -6.468627452850342 2.8140017986297607 67 87 78
-11.706195831298828 -1.980637788772583 1.3224908113479614 103 122 103
-11.4407320022583 -2.3674397468566895 1.184461236000061 88 118 94
-9.870563507080078 -2.421018123626709 0.9343976974487305 64 84 49
-19.494592666625977 -5.536722660064697 1.6664915084838867 52 70 54
-23.734941482543945 -4.009884357452393 1.7934521436691284 92 106 91
-13.304508209228516 -3.256146192550659 0.7557190656661987 92 112 85
-10.394262313842773 -2.946227788925171 0.4932405948638916 60 72 52
-11.20877742767334 -1.8890321254730225 0.43070974946022034 88 107 77
-12.379556655883789 -2.5524747371673584 0.3570401072502136 62 69 53
-20.280221939086914 -4.953254699707031 0.3902761936187744 82 94 74
-8.022950172424316 -2.2690939903259277 0.07567225396633148 83 98 77
-12.54450511932373 -2.1055891513824463 0.01687244325876236 88 97 78
-18.686412811279297 -3.842313051223755 -0.1571619212627411 98 116 74
-15.479551315307617 -3.771862030029297 -0.28422173857688904 65 105 32
-7.94878625869751 -2.2455716133117676 -0.2266799956560135 70 88 48
-7.856617450714111 -1.3159098625183105 -0.28068652749061584 70 106 44
-8.109735488891602 -1.664136528968811 -0.3704325556755066 93 121 70
-11.179342269897461 -2.718047857284546 -0.6253049373626709 87 131 46
-7.438119888305664 -2.097381353378296 -0.4948825538158417 61 75 62
-9.04231071472168 -1.5093109607696533 -0.6580930352210999 66 92 44
-8.257033348083496 -1.688956618309021 -0.6875767111778259 64 91 38
-8.733221054077148 -2.1200907230377197 -0.817711591720581 64 87 45
-7.63352632522583 -2.150899648666382 -0.7998448014259338 69 87 45
-7.177237510681152 -1.1949095726013184 -0.7919712066650391 91 108 64
-6.82083797454834 -1.3909697532653809 -0.8255166411399841 68 93 38
-6.787477016448975 -1.6443521976470947 -0.8955152034759521 60 80 29
-6.3920416831970215 -1.7974742650985718 -0.917119026184082 35 65 11
-6.4233269691467285 -1.0646706819534302 -0.9506593346595764 74 108 34
-6.114447116851807 -1.2443596124649048 -0.9717690944671631 59 97 48
-5.801469802856445 -1.4030141830444336 -0.9884346127510071 74 100 55
-5.561706066131592 -1.5635607242584229 -1.016200304031372 57 90 37
-5.3549981117248535 -0.8808737993240356 -0.9981885552406311 56 96 43
-5.066625118255615 -1.0282613039016724 -1.0013716220855713 63 107 54
-4.732011795043945 -1.1420187950134277 -0.9924141764640808 51 93 43
-4.674758434295654 -1.3136851787567139 -1.0402030944824219 43 89 25
-4.6620941162109375 -0.7641364932060242 -1.0519382953643799 79 118 61
-4.508903503417969 -0.9114682078361511 -1.0703938007354736 53 91 32
-11.544471740722656 -1.9243160486221313 2.1797282695770264 98 103 97
-11.325064659118652 -2.3204729557037354 2.0344491004943848 92 104 94
-11.40318775177002 -2.7754688262939453 1.9500536918640137 78 96 74
-11.181495666503906 -3.154660224914551 1.8155897855758667 93 120 103
-9.15517520904541 -1.5240802764892578 1.3786349296569824 76 82 98
-12.041956901550293 -2.45969820022583 1.7028379440307617 100 118 106
-11.708646774291992 -2.841158866882324 1.5522030591964722 111 134 88
-22.584705352783203 -6.356130123138428 2.795192003250122 97 115 89
-10.6611967086792 -1.770201325416565 1.2038142681121826 131 131 129
-11.528855323791504 -2.348813772201538 1.1928329467773438 37 56 52
-10.310576438903809 -2.4954326152801514 0.9753222465515137 93 112 110
-5.629678726196289 -1.5802547931671143 0.48083528876304626 78 100 77
-11.130791664123535 -1.8453789949417114 0.8406296372413635 37 72 52
-23.916934967041016 -4.86485481262207 1.58344304561615 70 92 54
-10.443455696105957 -2.521998167037964 0.5927640795707703 88 107 87
-10.68028736114502 -2.9919323921203613 0.5063754320144653 74 89 86
-11.29141902923584 -1.8673524856567383 0.43366315960884094 89 97 74
-12.798770904541016 -2.5980007648468018 0.3688991069793701 104 123 103
-9.653885841369629 -2.326510190963745 0.18564286828041077 89 92 81
-8.063580513000488 -2.2538907527923584 0.07598989456892014 101 109 96
-12.344684600830078 -2.0331292152404785 0.01659521460533142 80 95 72
-7.959292411804199 -1.6111598014831543 -0.06689967215061188 74 84 57
-15.301483154296875 -3.6787781715393066 -0.28074368834495544 75 101 53
-8.111611366271973 -2.264721632003784 -0.2311241626739502 70 70 58
-14.025054931640625 -2.3048524856567383 -0.5008059144020081 81 104 58
-8.064862251281738 -1.629159927368164 -0.36815279722213745 73 113 40
-11.708074569702148 -2.808583974838257 -0.6543939113616943 65 96 37
-8.968223571777344 -2.499159574508667 -0.5961724519729614 85 122 45
-9.809747695922852 -1.6064902544021606 -0.7135845422744751 63 99 51
-9.026252746582031 -1.8174656629562378 -0.7511629462242126 69 99 49
-8.741621017456055 -2.0937514305114746 -0.8178927898406982 58 83 25
-6.762116432189941 -1.8829885721206665 -0.7079294323921204 61 78 34
-7.419283390045166 -1.2118257284164429 -0.8182656764984131 51 88 45
-7.046084880828857 -1.4144021272659302 -0.8522488474845886 50 85 21
-6.725924968719482 -1.6076105833053589 -0.8867393732070923 49 76 21
-6.52160120010376 -1.8123353719711304 -0.9349058866500854 50 79 23
-6.462699890136719 -1.0508350133895874 -0.9560049176216125 68 107 60
-6.120173931121826 -1.2259830236434937 -0.9720768332481384 64 100 30
-5.798069953918457 -1.383377194404602 -0.9871276021003723 61 113 31
-5.563630104064941 -1.5456993579864502 -1.0156806707382202 39 84 41
-5.394571781158447 -0.8703937530517578 -1.0050626993179321 28 81 9
-5.020656585693359 -1.0029044151306152 -0.9916735291481018 76 111 45
-4.786012649536133 -1.139524221420288 -1.0030014514923096 47 82 28
-4.627890110015869 -1.2852081060409546 -1.028891921043396 59 99 28
-4.7656073570251465 -0.7660967707633972 -1.0747592449188232 54 79 37
-4.4820661544799805 -0.8917391300201416 -1.063368320465088 62 100 43
-11.437777519226074 -1.8704841136932373 2.158489465713501 87 100 83
-11.008713722229004 -2.2204833030700684 1.976386308670044 97 126 98
-11.46920108795166 -2.7542922496795654 1.9598884582519531 75 101 72
-11.1873140335083 -3.119279384613037 1.8149720430374146 80 101 82
-12.05915641784668 -2.424694776535034 1.7042102813720703 106 135 131
-11.631464004516602 -2.7846720218658447 1.5408310890197754 91 110 90
-22.70359230041504 -6.314483165740967 2.807495355606079 91 113 90
-10.645977973937988 -1.7341294288635254 1.2014894485473633 72 82 55
-11.648187637329102 -2.3359293937683105 1.204432487487793 89 99 64
-10.234886169433594 -2.4438986778259277 0.9674485921859741 99 111 107
-5.235946178436279 -1.4524192810058594 0.4468235969543457 53 65 55
-23.006107330322266 -3.7417078018188477 1.7366127967834473 124 141 125
-9.19578742980957 -1.8411195278167725 0.6084388494491577 98 106 83
-10.393836975097656 -2.4762930870056152 0.5895137786865234 75 93 71
-11.233369827270508 -3.109734296798706 0.5321434140205383 62 74 60
-11.309918403625488 -1.8347824811935425 0.4341554343700409 72 94 73
-12.810602188110352 -2.5595057010650635 0.3690120279788971 75 98 70
-8.65324878692627 -2.057295799255371 0.16627860069274902 72 79 63
-8.0396146774292 -2.2206223011016846 0.07569947838783264 60 75 56
-10.884872436523438 -1.7584198713302612 0.014625437557697296 89 95 69
-10.776822090148926 -2.147101879119873 -0.09052585810422897 75 89 56
-15.37787914276123 -3.6472761631011963 -0.28193870186805725 80 104 44
-14.934226036071777 -4.120214462280273 -0.4251587390899658 70 83 66
-14.23925495147705 -2.29521107673645 -0.5082007646560669 86 109 57
-12.80334758758545 -2.5455100536346436 -0.584100604057312 75 108 37
-11.716635704040527 -2.772650957107544 -0.6543939113616943 74 102 28
-10.500847816467285 -2.8915650844573975 -0.6974623203277588 57 78 37
-9.822508811950684 -1.5776522159576416 -0.7141574025154114 56 89 32
-9.108043670654297 -1.804876446723938 -0.7575052380561829 53 84 16
-8.902106285095215 -2.1033332347869873 -0.8323006629943848 69 101 54
-6.7170186042785645 -1.8482439517974854 -0.7026111483573914 44 67 25
-7.551558017730713 -1.2096565961837769 -0.8324408531188965 88 108 49
-7.074746608734131 -1.3975898027420044 -0.8551928997039795 78 97 65
-6.743375778198242 -1.589927315711975 -0.8883927464485168 69 96 45
-6.532862186431885 -1.793892741203308 -0.9357268214225769 39 71 22
-6.464916229248047 -1.0308470726013184 -0.9558604955673218 68 103 47
-6.153958797454834 -1.2131249904632568 -0.976847231388092 78 119 63
-5.787881851196289 -1.3621922731399536 -0.9846769571304321 58 96 35
-5.559798240661621 -1.5262765884399414 -1.0141215324401855 65 95 45
-5.381673812866211 -0.8513805270195007 -1.0021682977676392 66 102 41
-5.121968746185303 -1.0068110227584839 -1.011069655418396 60 95 41
-4.7837629318237305 -1.1234914064407349 -1.001802921295166 55 95 45
-4.662929058074951 -1.2795428037643433 -1.035804271697998 56 96 34
-4.767935276031494 -0.751472532749176 -1.0747592449188232 54 89 25
-4.463752269744873 -0.873867392539978 -1.058382272720337 63 97 47
-11.27941608428955 -1.809073805809021 2.127546787261963 52 73 74
-11.432792663574219 -2.2695412635803223 2.0512611865997314 88 109 92
-11.440160751342773 -2.710223436355591 1.9534958600997925 40 66 37
-11.197784423828125 -3.085205078125 1.8151265382766724 108 141 134
-9.092079162597656 -1.4562997817993164 1.3677622079849243 104 149 178
-12.10054874420166 -2.394416332244873 1.70901358127594 82 112 100
-11.061767578125 -2.6124258041381836 1.4642943143844604 123 151 111
-22.602216720581055 -6.211644649505615 2.7925894260406494 67 99 75
-10.649285316467285 -1.7011463642120361 1.2012680768966675 57 69 65
-11.63772964477539 -2.2967147827148438 1.2026169300079346 104 130 117
-10.315031051635742 -2.429609775543213 0.9743151068687439 119 143 145
-5.201930046081543 -1.425810694694519 0.4435453712940216 80 99 97
-32.96778869628906 -5.258105278015137 2.487339496612549 112 116 102
-9.213141441345215 -1.8152134418487549 0.6092157959938049 74 89 68
-10.778420448303223 -2.948218822479248 0.5101608633995056 81 97 71
-11.302663803100586 -1.7980345487594604 0.43366315960884094 81 96 67
-12.098469734191895 -2.3786487579345703 0.34828707575798035 84 93 76
-8.936944007873535 -2.095796585083008 0.17160564661026 81 93 81
-19.915802001953125 -5.435237407684326 0.18736550211906433 90 96 86
-9.94796371459961 -1.5757639408111572 0.01336000394076109 60 77 61
-7.868937015533447 -1.542669653892517 -0.066059410572052 69 74 44
-15.364657402038574 -3.594386339187622 -0.28149279952049255 86 110 50
-6.729819297790527 -1.834495186805725 -0.19142840802669525 98 114 77
-14.250178337097168 -2.25213885307312 -0.5083415508270264 69 105 33
-13.046396255493164 -2.5522494316101074 -0.594828724861145 89 123 49
-11.497547149658203 -2.6835827827453613 -0.6416946053504944 77 98 41
-6.62511682510376 -1.8024762868881226 -0.4396683871746063 49 78 34
-9.273569107055664 -1.4603129625320435 -0.6739171147346497 55 81 44
-9.188865661621094 -1.791611909866333 -0.763766348361969 43 80 28
-8.901727676391602 -2.074429988861084 -0.8316663503646851 55 92 0
-6.661210536956787 -1.8109227418899536 -0.6961891055107117 55 79 29
-7.670138359069824 -1.2045278549194336 -0.8451011776924133 72 99 54
-7.0906982421875 -1.3781516551971436 -0.8566060066223145 67 94 41
-6.760781288146973 -1.5721518993377686 -0.8900461792945862 61 93 18
-6.4580278396606445 -1.7520545721054077 -0.9242337346076965 55 81 42
-6.663576126098633 -1.0415706634521484 -0.9847559332847595 71 122 43
-6.090720176696777 -1.1812583208084106 -0.966229259967804 57 96 51
-5.756476402282715 -1.3361753225326538 -0.9786319732666016 60 104 17
-5.553998947143555 -1.5063763856887817 -1.0122159719467163 55 82 41
-5.372597694396973 -0.8330574035644531 -0.9999975562095642 77 110 63
-4.931290149688721 -0.9536256790161133 -0.9728479385375977 67 102 48
-4.847324848175049 -1.1227389574050903 -1.014387845993042 48 83 19
-4.649845123291016 -1.2606256008148193 -1.032033920288086 56 91 35
-4.664106369018555 -0.7204503417015076 -1.050851583480835 68 105 54
-4.494148254394531 -0.8655102252960205 -1.0649546384811401 65 109 34
-31.640485763549805 -4.975208282470703 5.965186595916748 78 96 74
-11.613689422607422 -2.268439292907715 2.082458972930908 75 80 73
-11.42824935913086 -2.6703991889953613 1.9500536918640137 77 83 95
-11.18908405303955 -3.045905351638794 1.8121929168701172 106 127 94
-9.036896705627441 -1.4190388917922974 1.3587995767593384 70 112 88
-9.35724925994873 -1.8217676877975464 1.3207697868347168 82 110 98
-11.468664169311523 -2.671400308609009 1.5170650482177734 69 77 66
-22.431427001953125 -6.090753078460693 2.7691662311553955 95 112 94
-10.90483570098877 -1.7076760530471802 1.229498028755188 58 54 51
-11.673044204711914 -2.2664992809295654 1.2055420875549316 60 63 82
-11.588250160217285 -2.692006826400757 1.0937927961349487 45 64 34
-25.42630958557129 -6.885366916656494 2.1661765575408936 77 101 87
-11.92073917388916 -1.8637804985046387 0.8989551067352295 54 64 27
-12.045005798339844 -2.3347949981689453 0.7959944605827332 59 83 51
-10.428290367126465 -2.416980028152466 0.5906155705451965 88 112 80
-10.792237281799316 -2.916440486907959 0.5103889107704163 65 84 64
-11.398963928222656 -1.7775146961212158 0.43714669346809387 55 73 49
-12.869248390197754 -2.4892055988311768 0.37025442719459534 115 123 99
-15.077320098876953 -3.487006664276123 0.28930529952049255 89 105 92
-8.091707229614258 -2.1816627979278564 0.07606250047683716 84 96 82
-10.340110778808594 -1.605376958847046 0.013879972510039806 94 100 86
-7.869705677032471 -1.5177634954452515 -0.06602645665407181 93 104 74
-15.510059356689453 -3.578248977661133 -0.2839542329311371 73 93 40
-14.762317657470703 -3.9754750728607178 -0.41956236958503723 65 84 29
-8.805458068847656 -1.3639634847640991 -0.31396323442459106 86 115 57
-12.788313865661621 -2.461049795150757 -0.5827149152755737 102 139 88
-11.607900619506836 -2.67181396484375 -0.6473930478096008 54 93 14
-10.59260082244873 -2.8470239639282227 -0.7023830413818359 67 98 39
-9.795530319213867 -1.5117238759994507 -0.71150803565979 73 93 40
-8.907516479492188 -1.7084054946899414 -0.7399418354034424 37 67 7
-8.820697784423828 -2.02703595161438 -0.8235109448432922 79 109 49
-7.7102742195129395 -2.070740222930908 -0.8051630854606628 35 65 13
-7.8074259757995605 -1.2015557289123535 -0.859817385673523 95 115 80
-7.007109642028809 -1.339608907699585 -0.8460074067115784 79 108 64
-6.833247661590576 -1.5669212341308594 -0.8989492058753967 57 86 28
-6.3619489669799805 -1.7050509452819824 -0.9097306132316589 49 77 28
-6.478944778442383 -0.9923582077026367 -0.9570163488388062 55 88 31
-6.145756721496582 -1.172379732131958 -0.9743850231170654 61 109 25
-5.837483882904053 -1.3361178636550903 -0.9917021989822388 62 91 47
-5.546226978302002 -1.4860162734985352 -1.009963870048523 56 87 46
-5.351791858673096 -0.8130253553390503 -0.9956560134887695 54 82 23
-4.774091720581055 -0.9080407619476318 -0.9412817358970642 71 109 52
-4.777193069458008 -1.091063380241394 -0.9990062713623047 53 95 31
-4.716029644012451 -1.263049840927124 -1.04585862159729 51 80 22
-4.6064581871032715 -0.6970827579498291 -1.0373764038085938 41 73 26
-4.479557037353516 -0.8484557271003723 -1.0608752965927124 78 108 54
-12.390185356140137 -1.9093217849731445 2.334808588027954 51 58 86
-11.341081619262695 -2.1790921688079834 2.0323691368103027 89 96 88
-23.191923141479492 -5.3441925048828125 3.95452618598938 83 114 119
-11.581928253173828 -3.1147115230560303 1.874261736869812 92 122 124
-9.060760498046875 -1.39431631565094 1.3617382049560547 104 136 131
-9.40851879119873 -1.8018079996109009 1.3272199630737305 72 108 94
-25.916336059570312 -5.952937602996826 3.4257586002349854 90 114 101
-25.42218017578125 -6.819149971008301 3.1357779502868652 80 95 76
-10.970928192138672 -1.683558702468872 1.2363617420196533 91 116 86
-11.71805477142334 -2.237955093383789 1.2094757556915283 82 114 113
-11.611985206604004 -2.659999370574951 1.0952576398849487 95 114 86
-23.64498519897461 -6.325192451477051 2.0127551555633545 83 102 98
-11.846556663513184 -1.8149666786193848 0.8929368257522583 94 114 113
-11.971732139587402 -2.2825050354003906 0.7906856536865234 83 102 80
-8.733205795288086 -1.995895504951477 0.4942638576030731 107 123 112
-16.305456161499023 -4.3526716232299805 0.770486056804657 104 119 90
-11.42411994934082 -1.7455534934997559 0.43790403008461 66 77 61
-12.431983947753906 -2.365084171295166 0.35746365785598755 103 127 91
-24.146760940551758 -5.506552219390869 0.4630044102668762 101 106 86
-14.700929641723633 -3.915281295776367 0.13807599246501923 74 82 67
-10.873902320861816 -1.65410315990448 0.014589622616767883 96 114 92
-9.56610107421875 -1.8145108222961426 -0.0802120566368103 73 84 67
-15.524863243103027 -3.5315349102020264 -0.28402554988861084 110 128 76
-14.619880676269531 -3.8890504837036133 -0.4151730537414551 71 98 47
-14.372415542602539 -2.1811532974243164 -0.5122150182723999 67 84 39
-12.800712585449219 -2.4227330684661865 -0.5829383730888367 81 106 49
-11.502111434936523 -2.61033296585083 -0.6410433650016785 59 98 17
-9.028117179870605 -2.3968558311462402 -0.5981535315513611 53 89 19
-9.796177864074707 -1.4810681343078613 -0.7112216949462891 71 100 44
-9.517996788024902 -1.7952345609664917 -0.7901928424835205 45 64 19
-8.828817367553711 -2.0004048347473145 -0.8236921429634094 53 88 24
-7.52329158782959 -1.9957966804504395 -0.7849938869476318 51 87 13
-7.734400272369385 -1.166037678718567 -0.8513771891593933 101 125 77
-6.956533432006836 -1.3078302145004272 -0.8394126892089844 69 90 49
-6.809966564178467 -1.5396068096160889 -0.8952608704566956 63 95 56
-6.5433502197265625 -1.7321689128875732 -0.9349058866500854 59 95 31
-6.5357794761657715 -0.98055100440979 -0.9649625420570374 52 81 15
-6.05997896194458 -1.1367594003677368 -0.9602278470993042 58 102 49
-5.749168872833252 -1.2973544597625732 -0.976017951965332 74 125 56
-5.541238784790039 -1.466473937034607 -1.008231520652771 50 85 31
-5.3542609214782715 -0.7966024875640869 -0.9956560134887695 70 105 47
-5.188919544219971 -0.9704559445381165 -1.0224791765213013 68 102 52
-4.900962829589844 -1.1035218238830566 -1.0241761207580566 54 85 43
-4.720828056335449 -1.2488254308700562 -1.0460681915283203 62 102 40
-4.72251033782959 -0.6998311877250671 -1.0630228519439697 78 103 45
-4.459158420562744 -0.830428957939148 -1.0554360151290894 70 115 48
-12.641921043395996 -1.9084268808364868 2.381131172180176 59 98 103
-11.273197174072266 -2.1302073001861572 2.0190231800079346 89 94 74
-10.94804859161377 -2.4874486923217773 1.8654754161834717 93 116 124
-28.189355850219727 -7.4882612228393555 4.558042526245117 77 93 80
-9.068907737731934 -1.3671015501022339 1.3623257875442505 90 116 117
-9.514265060424805 -1.7918169498443604 1.341355323791504 80 89 86
-30.06778335571289 -6.809471607208252 3.971738338470459 98 114 87
-25.474655151367188 -6.749516010284424 3.139681816101074 86 104 82
-10.988819122314453 -1.65181303024292 1.2378009557724 110 126 87
-11.75517749786377 -2.2076869010925293 1.2126026153564453 93 99 89
-11.617177963256836 -2.623703956604004 1.0949831008911133 121 138 132
-19.617290496826172 -5.183318138122559 1.668540358543396 78 101 81
-11.799799919128418 -1.7707695960998535 0.8889988660812378 76 86 61
-11.786438941955566 -2.2097244262695312 0.7779963612556458 90 119 99
-10.381558418273926 -2.339121103286743 0.5871449708938599 65 81 71
-19.897571563720703 -5.246229648590088 0.9394603371620178 80 95 76
-11.662654876708984 -1.7454016208648682 0.4468400478363037 77 89 65
-12.237756729125977 -2.289252996444702 0.3516753315925598 77 110 91
-20.13677215576172 -4.52714729309082 0.385846346616745 86 95 90
-19.761899948120117 -5.198287010192871 0.18545964360237122 78 79 71
-11.825477600097656 -1.761751413345337 0.015859033912420273 88 103 84
-9.572606086730957 -1.7853373289108276 -0.0802202969789505 89 95 67
-15.726844787597656 -3.5267701148986816 -0.28752148151397705 92 118 71
-8.85697078704834 -2.3269803524017334 -0.2513149380683899 79 103 53
-14.375085830688477 -2.1364614963531494 -0.5120742321014404 86 114 53
-7.895421981811523 -1.4692548513412476 -0.35934683680534363 78 109 49
-11.530529022216797 -2.579610586166382 -0.6421830654144287 46 90 3
-10.762392044067383 -2.821967363357544 -0.7124800682067871 51 80 24
-9.801661491394043 -1.4511528015136719 -0.7112932205200195 57 92 24
-8.053487777709961 -1.4934344291687012 -0.6682243943214417 54 87 34
-8.806727409362793 -1.9670137166976929 -0.8210644125938416 62 90 31
-6.695882797241211 -1.7543290853500366 -0.6980956792831421 82 110 36
-7.875626564025879 -1.1626290082931519 -0.8665262460708618 101 127 54
-6.936100006103516 -1.281969666481018 -0.8364685773849487 63 95 56
-6.800136089324951 -1.5154705047607422 -0.8933529853820801 65 77 53
-6.577385425567627 -1.7196029424667358 -0.9390105605125427 60 85 45
-6.540714740753174 -0.9607824683189392 -0.9652515053749084 70 107 53
-5.977928161621094 -1.102393388748169 -0.9466862082481384 71 114 58
-5.818607807159424 -1.2942767143249512 -0.9871276021003723 69 120 53
-5.557146072387695 -1.4524552822113037 -1.0103102922439575 66 104 55
-5.353760242462158 -0.7797468900680542 -0.9951133728027344 51 84 39
-5.206355571746826 -0.9571948051452637 -1.0253314971923828 56 94 37
-4.898585796356201 -1.0872069597244263 -1.022977590560913 49 80 38
-4.638545513153076 -1.2118443250656128 -1.0270068645477295 66 109 40
-4.722702980041504 -0.6850591897964478 -1.062588095664978 58 100 34
-4.507672309875488 -0.8251628279685974 -1.066314458847046 45 86 18
-12.882095336914062 -1.9042797088623047 2.4252567291259766 88 126 149
-11.18188190460205 -2.077442169189453 2.0015177726745605 93 104 96
-10.736150741577148 -2.4046900272369385 1.82810378074646 96 111 88
-11.337058067321777 -2.974386692047119 1.8316473960876465 78 104 65
-12.0253267288208 -1.7750554084777832 1.8056106567382812 70 93 77
-9.605428695678711 -1.7784889936447144 1.353432297706604 77 86 83
-30.085628509521484 -6.7165446281433105 3.9713549613952637 69 79 68
-25.506771087646484 -6.67434549331665 3.141101360321045 44 65 46
-10.90042495727539 -1.6043437719345093 1.2272838354110718 101 116 95
-11.58481216430664 -2.1389169692993164 1.1943459510803223 67 90 64
-11.61545181274414 -2.5858864784240723 1.0940674543380737 61 91 37
-19.457590103149414 -5.077310085296631 1.6536242961883545 58 68 59
-13.837660789489746 -2.0331971645355225 1.0420567989349365 79 77 62
-11.7902193069458 -2.173011302947998 0.7778021693229675 73 81 68
-10.398432731628418 -2.309424638748169 0.587695837020874 75 84 67
-25.960439682006836 -6.759663105010986 1.2247326374053955 89 108 89
-11.529533386230469 -1.6893310546875 0.4415390193462372 68 83 62
-12.689090728759766 -2.3334126472473145 0.36443784832954407 77 96 74
-16.52906608581543 -3.6628262996673584 0.31650128960609436 65 70 73
-20.048748016357422 -5.208029747009277 0.18800079822540283 90 103 73
-11.444911003112793 -1.6691793203353882 0.015341720543801785 98 106 93
-18.422330856323242 -3.3774020671844482 -0.1542951464653015 103 123 95
-15.739543914794922 -3.478935956954956 -0.2875571548938751 70 98 47
-14.802151679992676 -3.840441942214966 -0.4196721017360687 69 91 53
-8.181733131408691 -1.1903455257415771 -0.2913210093975067 91 110 65
-8.005041122436523 -1.4642586708068848 -0.36412978172302246 81 106 49
-8.47266674041748 -1.8682291507720947 -0.47155654430389404 76 107 31
-10.6473388671875 -2.7569165229797363 -0.7043002247810364 53 69 40
-8.562294960021973 -1.2408299446105957 -0.621074914932251 61 98 31
-9.232711791992188 -1.6828259229660034 -0.7656365036964417 43 88 19
-8.547200202941895 -1.8815356492996216 -0.7963263988494873 46 76 12
-7.943808078765869 -2.0552637577056885 -0.8275399208068848 85 103 63
-7.888011455535889 -1.1397409439086914 -0.8675000667572021 65 96 28
-6.919482707977295 -1.2569568157196045 -0.8339955806732178 49 92 20
-6.802815914154053 -1.4941753149032593 -0.8930986523628235 90 115 76
-6.598935604095459 -1.703625202178955 -0.9413365125656128 72 115 46
-6.527960777282715 -0.9384585022926331 -0.9629399180412292 72 122 53
-6.0366997718811035 -1.0940921306610107 -0.9554574489593506 59 105 30
-5.734856128692627 -1.2571948766708374 -0.9722602367401123 68 99 55
-5.520570278167725 -1.4248161315917969 -1.0028612613677979 57 100 44
-5.355153560638428 -0.763179361820221 -0.9949324727058411 61 100 33
-5.205403804779053 -0.9405192136764526 -1.0245709419250488 59 92 49
-4.874138832092285 -1.0661014318466187 -1.0171844959259033 60 86 39
-4.6280388832092285 -1.1939438581466675 -1.02386474609375 81 112 68
-4.584653377532959 -0.6506789922714233 -1.0310734510421753 53 89 41
-4.515933990478516 -0.8123642802238464 -1.0676742792129517 88 121 74
-12.694257736206055 -1.8367342948913574 2.3888211250305176 52 68 42
-11.23083209991455 -2.0509116649627686 2.0091440677642822 56 67 61
-10.74058723449707 -2.3711025714874268 1.8276119232177734 61 74 30
-11.352825164794922 -2.9413256645202637 1.8327281475067139 92 111 91
-11.902469635009766 -1.7196253538131714 1.786363124847412 121 131 122
-11.27436637878418 -2.0517454147338867 1.5876959562301636 66 76 68
-30.799633026123047 -6.776810646057129 4.062841415405273 117 132 109
-20.808568954467773 -5.376812934875488 2.5604848861694336 79 104 72
-10.81479549407959 -1.5578577518463135 1.2170989513397217 100 126 97
-11.417072296142578 -2.0717461109161377 1.1763919591903687 102 121 102
-11.610685348510742 -2.547464370727539 1.0928772687911987 53 62 41
-9.83546257019043 -2.534285306930542 0.8352127075195312 88 104 78
-11.81439208984375 -1.698901891708374 0.8892961144447327 90 101 95
-11.780137062072754 -2.133805513381958 0.7767015099525452 67 78 61
-10.339142799377441 -2.2629945278167725 0.5839497447013855 65 88 60
-11.934992790222168 -3.0686042308807373 0.5626089572906494 41 64 44
-11.619729995727539 -1.6661490201950073 0.4447953701019287 54 60 50
-11.39479923248291 -2.0592830181121826 0.3270820677280426 94 108 91
-16.46403694152832 -3.5954601764678955 0.3150433599948883 90 106 96
-14.380865097045898 -3.6886332035064697 0.134745255112648 97 110 90
-10.577815055847168 -1.5095901489257812 0.014173117466270924 98 112 79
-11.961019515991211 -2.1549289226531982 -0.10012296587228775 81 93 47
-15.743305206298828 -3.4291417598724365 -0.28743231296539307 76 112 50
-14.611478805541992 -3.743164539337158 -0.41393858194351196 74 105 38
-8.189303398132324 -1.1658021211624146 -0.29146185517311096 88 111 57
-8.095037460327148 -1.4550687074661255 -0.3680187165737152 80 109 45
-11.54126262664795 -2.5077521800994873 -0.6419117450714111 69 99 39
-10.573564529418945 -2.7032270431518555 -0.6988682746887207 57 90 19
-8.137462615966797 -1.1537855863571167 -0.5899996757507324 73 91 29
-7.868246078491211 -1.4092003107070923 -0.6521245837211609 75 97 50
-8.550986289978027 -1.8548821210861206 -0.7961451411247253 46 73 28
-7.958752155303955 -2.0330989360809326 -0.8284429907798767 61 83 34
-7.812723636627197 -1.1044038534164429 -0.8588435053825378 62 94 31
-6.8470540046691895 -1.2221121788024902 -0.8248100876808167 66 101 33
-6.819970607757568 -1.4760249853134155 -0.8947520852088928 60 80 53
-6.608930587768555 -1.6845953464508057 -0.9420206546783447 48 81 36
-6.406365871429443 -0.9009261131286621 -0.944591224193573 80 120 60
-5.9777703285217285 -1.0644800662994385 -0.9456090331077576 53 92 35
-5.77725887298584 -1.2479267120361328 -0.9787953495979309 60 100 29
-5.502010345458984 -1.4020357131958008 -0.9987035393714905 48 81 34
-5.333117961883545 -0.7433520555496216 -0.9904100298881531 55 92 41
-5.230497360229492 -0.928491473197937 -1.028944492340088 54 100 35
-4.886007308959961 -1.0530006885528564 -1.0189824104309082 64 93 45
-4.634522914886475 -1.1804636716842651 -1.0244932174682617 61 102 46
-4.733585357666016 -0.6570076942443848 -1.0641095638275146 68 117 36
-4.520323276519775 -0.7988446950912476 -1.0681275129318237 41 82 24
-11.383808135986328 -1.6114845275878906 2.1412787437438965 70 89 67
-11.24482536315918 -2.0178377628326416 2.010530471801758 72 97 75
-10.776728630065918 -2.344430685043335 1.8325291872024536 67 70 63
-11.373281478881836 -2.9094202518463135 1.8345810174942017 65 72 80
-11.583503723144531 -1.6372787952423096 1.737729549407959 51 70 40
-11.847125053405762 -2.118448495864868 1.6674307584762573 81 99 49
-30.84741973876953 -6.688170909881592 4.0664191246032715 85 108 90
-25.115234375 -6.407496929168701 3.087984561920166 106 130 104
-11.121651649475098 -1.5672465562820435 1.251085638999939 101 118 126
-10.864107131958008 -1.9369957447052002 1.1187978982925415 103 120 127
-11.56491470336914 -2.500257968902588 1.0878418684005737 81 100 80
-19.56757926940918 -4.977973937988281 1.6603447198867798 64 82 56
-11.768198013305664 -1.6554243564605713 0.8854325413703918 85 101 88
-11.76697826385498 -2.0941574573516846 0.7754066586494446 69 77 62
-10.37336540222168 -2.2371578216552734 0.5854922533035278 78 91 81
-11.76716136932373 -2.9869956970214844 0.5542628765106201 94 111 95
-11.549577713012695 -1.619943380355835 0.44191765785217285 79 83 56
-11.757346153259277 -2.0875742435455322 0.33730337023735046 115 128 111
-16.457393646240234 -3.5411460399627686 0.3147068917751312 70 75 52
-20.096805572509766 -5.08908748626709 0.18815508484840393 88 99 83
-10.581406593322754 -1.4769924879074097 0.014171791262924671 102 112 78
-11.972497940063477 -2.1190943717956543 -0.10016415268182755 98 106 82
-15.363694190979004 -3.2971179485321045 -0.2803156077861786 76 103 52
-14.800240516662598 -3.7431728839874268 -0.4189588129520416 75 108 37
-11.616671562194824 -1.6173648834228516 -0.4132652282714844 64 84 33
-12.200843811035156 -2.1544599533081055 -0.5543748140335083 85 107 61
-11.612367630004883 -2.4859187602996826 -0.6454392671585083 61 91 27
-10.735657691955566 -2.7096056938171387 -0.7090291976928711 72 97 29
-8.323740005493164 -1.1541582345962524 -0.6032459735870361 72 88 52
-8.891446113586426 -1.5643168687820435 -0.7365267276763916 85 100 61
-8.434900283813477 -1.80262291431427 -0.7848182320594788 42 64 25
-7.97074031829834 -2.010132074356079 -0.8290449976921082 65 93 32
-7.830846786499023 -1.0824713706970215 -0.8604665994644165 88 118 48
-6.850771427154541 -1.2010998725891113 -0.8248100876808167 61 85 35
-6.845808506011963 -1.4596450328826904 -0.8975501656532288 60 80 45
-6.622714042663574 -1.6664870977401733 -0.9432520866394043 55 93 46
-6.516931056976318 -0.8960945010185242 -0.960483729839325 53 83 31
-5.86421012878418 -1.0257065296173096 -0.9271430373191833 72 117 58
-5.724127769470215 -1.2180813550949097 -0.9691560864448547 52 98 23
-5.527298450469971 -1.3904350996017456 -1.0025147199630737 50 84 23
-5.353888511657715 -0.7295096516609192 -0.9938470721244812 46 82 10
-5.277810573577881 -0.9201970100402832 -1.0376918315887451 61 87 40
-4.899758338928223 -1.0402441024780273 -1.0211797952651978 56 79 35
-4.631484508514404 -1.1645704507827759 -1.023026943206787 45 90 33
-4.599198818206787 -0.6239792704582214 -1.0334641933441162 79 106 53
-4.39128303527832 -0.762154757976532 -1.037078619003296 56 90 39
-11.115057945251465 -1.5386714935302734 2.089829444885254 93 111 97
-12.482749938964844 -2.200469970703125 2.230648994445801 88 106 116
-10.72985553741455 -2.2997796535491943 1.823350191116333 62 93 78
-11.380237579345703 -2.8740296363830566 1.834272027015686 102 115 106
-12.250838279724121 -1.6932841539382935 1.8370534181594849 54 65 49
-9.645779609680176 -1.6942917108535767 1.3568631410598755 48 59 55
-24.573963165283203 -5.249110698699951 3.2372913360595703 91 112 97
-19.09638023376465 -4.809592247009277 2.346125364303589 108 130 109
-11.063396453857422 -1.5244359970092773 1.2440004348754883 77 98 83
-10.04779052734375 -1.7596632242202759 1.0341718196868896 61 93 90
-11.469291687011719 -2.442777395248413 1.0781371593475342 92 111 79
-19.7122859954834 -4.950447082519531 1.6713268756866455 95 105 97
-11.544020652770996 -1.5877875089645386 0.8681949377059937 49 60 44
-12.664926528930664 -2.213899850845337 0.8341270685195923 51 70 50
-10.403620719909668 -2.2103021144866943 0.5868144035339355 57 75 51
-10.704554557800293 -2.6823318004608154 0.5038214921951294 45 61 25
-11.677255630493164 -1.60133695602417 0.4466128945350647 65 77 57
-18.829198837280273 -3.283660411834717 0.5398943424224854 65 82 64
-21.720767974853516 -5.429464817047119 0.20320241153240204 69 88 60
-8.228734016418457 -1.1228712797164917 0.011016166768968105 91 100 79
-11.981898307800293 -2.082866907119751 -0.10018886625766754 102 121 91
-15.811002731323242 -3.3424038887023926 -0.288288414478302 83 103 68
-14.650659561157227 -3.6575560569763184 -0.4144049286842346 97 121 71
-8.419109344482422 -1.1458559036254883 -0.2993848919868469 71 96 57
-12.387524604797363 -2.148256301879883 -0.5625550150871277 69 107 22
-11.6033296585083 -2.4467782974243164 -0.6445167064666748 76 100 50
-10.621907234191895 -2.646259307861328 -0.7009771466255188 57 83 12
-9.05667781829834 -1.2274787425994873 -0.6560881733894348 70 82 46
-7.725495338439941 -1.3347631692886353 -0.6396024823188782 65 92 49
-8.518352508544922 -1.7931479215621948 -0.7920674681663513 57 82 27
-8.04734992980957 -2.003213405609131 -0.8363701701164246 61 91 27
-7.86073112487793 -1.0620354413986206 -0.8633882403373718 84 122 45
-6.9288010597229 -1.1928813457489014 -0.8337600827217102 93 116 74
-6.767744541168213 -1.4213075637817383 -0.8867393732070923 57 77 52
-6.561459541320801 -1.6296850442886353 -0.9338113069534302 53 90 12
-6.488267421722412 -0.8718795776367188 -0.9558604955673218 55 93 36
-5.988084316253662 -1.0284501314163208 -0.9462245106697083 65 100 42
-5.727838039398193 -1.2005141973495483 -0.9691560864448547 86 111 71
-5.5726399421691895 -1.3836766481399536 -1.009963870048523 81 111 41
-5.35512638092041 -0.7129508852958679 -0.9936661124229431 62 108 36
-5.2206130027771 -0.8937297463417053 -1.0259020328521729 57 86 42
-4.9460859298706055 -1.0342315435409546 -1.0301690101623535 55 95 45
-4.614157199859619 -1.1451740264892578 -1.018418788909912 44 77 22
-4.729786396026611 -0.626924455165863 -1.062370777130127 62 97 39
-4.484813690185547 -0.7642218470573425 -1.058608889579773 38 75 23
-11.87571907043457 -1.6068540811538696 2.231909990310669 77 106 88
-12.280799865722656 -2.1260430812835693 2.193384885787964 96 129 164
-20.469913482666016 -4.321768760681152 3.4762325286865234 43 46 29
-11.398588180541992 -2.841491937637329 1.8358160257339478 99 127 128
-12.24813461303711 -1.6546318531036377 1.8358781337738037 61 65 51
-9.648980140686035 -1.6643542051315308 1.3565887212753296 47 53 39
-24.7268009185791 -5.202486991882324 3.25530743598938 79 109 73
-11.482690811157227 -1.5463287830352783 1.2906075716018677 29 49 21
-11.431735038757324 -1.9659039974212646 1.1759884357452393 76 92 65
-11.389019012451172 -2.3891782760620117 1.0698972940444946 70 87 71
-26.179676055908203 -6.489316940307617 2.217972755432129 104 111 103
-9.868647575378418 -1.32651686668396 0.7418850064277649 78 95 85
-12.311690330505371 -2.1132471561431885 0.8104317784309387 40 52 38
-10.404489517211914 -2.177147150039673 0.586483895778656 77 100 74
-13.123510360717773 -3.2457125186920166 0.6172006726264954 93 115 94
-11.688055992126465 -1.5663005113601685 0.4468400478363037 86 96 88
-18.915050506591797 -3.2388687133789062 0.5420685410499573 95 104 87
-8.876068115234375 -1.8529582023620605 0.16951219737529755 67 79 55
-22.06352996826172 -5.443278789520264 0.2062518149614334 88 99 85
-8.301526069641113 -1.1068720817565918 0.01110901776701212 76 89 79
-7.829512119293213 -1.3363057374954224 -0.0654333308339119 70 87 68
-10.670464515686035 -2.2215304374694824 -0.19443373382091522 87 100 70
-14.670546531677246 -3.61474347114563 -0.4146518409252167 61 98 55
-8.41465950012207 -1.1189671754837036 -0.29910317063331604 78 113 59
-7.95051383972168 -1.3536734580993652 -0.36086660623550415 92 119 48
-11.630335807800293 -2.415228843688965 -0.6456021070480347 70 103 24
-10.666801452636719 -2.622713804244995 -0.7034055590629578 66 93 38
-8.292101860046387 -1.097956895828247 -0.6004535555839539 57 81 31
-8.984402656555176 -1.5238977670669556 -0.7434383034706116 46 82 46
-8.554043769836426 -1.7732722759246826 -0.7948765754699707 69 82 52
-8.265061378479004 -2.0305001735687256 -0.858345627784729 71 96 28
-7.994048595428467 -1.0550845861434937 -0.8776715993881226 67 106 39
-6.949073314666748 -1.1744316816329956 -0.8357620239257812 53 88 34
-6.801212787628174 -1.4065641164779663 -0.8905549645423889 86 107 66
-6.600102424621582 -1.6178011894226074 -0.9386000633239746 62 101 48
-6.53211784362793 -0.8573783040046692 -0.9619285464286804 61 102 24
-6.119823932647705 -1.0317572355270386 -0.9665369987487793 104 134 100
-5.7740068435668945 -1.191710114479065 -0.9763447046279907 85 130 71
-5.564423084259033 -1.3635262250900269 -1.0077117681503296 56 84 33
-5.329980373382568 -0.6929678320884705 -0.98860102891922 63 102 35
-5.1768574714660645 -0.8698998093605042 -1.0167744159698486 60 95 41
-4.957873344421387 -1.0208308696746826 -1.0319669246673584 75 112 60
-4.627146244049072 -1.1333388090133667 -1.0205134153366089 48 78 26
-4.595196723937988 -0.5947450399398804 -1.0317254066467285 52 86 36
-4.4909796714782715 -0.7511017322540283 -1.0595154762268066 76 121 56
-11.972207069396973 -1.5825221538543701 2.2491207122802734 61 68 52
-11.988214492797852 -2.037529230117798 2.1400017738342285 61 82 77
-10.96686840057373 -2.2802882194519043 1.8612138032913208 79 88 83
-11.391901969909668 -2.802731513977051 1.833345651626587 78 105 96
-12.250210762023926 -1.6166590452194214 1.835437297821045 88 99 83
-11.809475898742676 -1.999729037284851 1.659471035003662 117 134 100
-23.409221649169922 -4.850320339202881 3.079873561859131 34 39 32
-11.000653266906738 -2.6989405155181885 1.3494479656219482 91 106 103
-11.369135856628418 -1.4955387115478516 1.2773228883743286 98 118 129
-11.791860580444336 -1.9906071424484253 1.2124009132385254 96 110 111
-11.422625541687012 -2.3596651554107666 1.0723692178726196 97 111 96
-11.164999961853027 -2.731206178665161 0.9451975226402283 73 97 71
-11.732508659362793 -1.5404218435287476 0.8816431760787964 98 117 95
-11.858572959899902 -1.998037576675415 0.7801975607872009 24 48 22
-8.515897750854492 -2.0784518718719482 0.4002021551132202 63 74 57
-11.695778846740723 -1.5308237075805664 0.4469536542892456 107 122 103
-9.55905532836914 -1.6066484451293945 0.27380135655403137 61 85 37
-20.26369857788086 -4.165391445159912 0.38674354553222656 79 84 78
-9.648759841918945 -2.3490591049194336 0.09012966603040695 78 94 57
-11.6387357711792 -1.5155068635940552 0.015568542294204235 77 89 77
-10.26165771484375 -1.7190308570861816 -0.08571495115756989 62 66 49
-9.782971382141113 -2.005464553833008 -0.17814916372299194 87 100 80
-14.753445625305176 -3.5871944427490234 -0.4166818857192993 87 118 50
-8.18515396118164 -1.062902569770813 -0.29082801938056946 54 75 42
-8.548789024353027 -1.4285634756088257 -0.3878210186958313 97 110 56
-8.089447021484375 -1.6540335416793823 -0.4487629234790802 73 107 23
-10.554539680480957 -2.560798406600952 -0.6954812407493591 60 86 25
-8.686164855957031 -1.1230297088623047 -0.6287362575531006 56 69 41
-8.640013694763184 -1.4382281303405762 -0.7145723700523376 73 103 41
-8.34575080871582 -1.7034047842025757 -0.7750318646430969 50 80 28
-8.27608585357666 -2.006305456161499 -0.8588473200798035 82 112 48
-7.97358512878418 -1.0275050401687622 -0.8750746846199036 67 112 19
-6.973217010498047 -1.156518816947937 -0.838235080242157 77 99 76
-6.9065775871276855 -1.4062732458114624 -0.903782308101654 65 107 44
-6.5501532554626465 -1.584270715713501 -0.9308012127876282 69 94 55
-6.427735805511475 -0.8236257433891296 -0.946180522441864 71 100 54
-6.123935222625732 -1.0131382942199707 -0.9666908979415894 67 110 54
-5.848212718963623 -1.1883310079574585 -0.9882712364196777 53 103 6
-5.578153133392334 -1.3487629890441895 -1.0094441175460815 41 90 11
-5.3652544021606445 -0.6808218955993652 -0.994751513004303 66 105 48
-5.174659252166748 -0.8532148003578186 -1.0158237218856812 40 80 18
-4.842863082885742 -0.9816722273826599 -1.0073962211608887 45 83 26
-4.668619632720947 -1.1283259391784668 -1.028891921043396 61 99 38
-4.74516487121582 -0.5993590950965881 -1.064978837966919 60 101 59
-4.513446807861328 -0.7406320571899414 -1.064274787902832 54 93 46
-11.59437084197998 -2.8259942531585693 2.3188319206237793 76 74 85
-11.977005958557129 -1.5457844734191895 2.2491207122802734 93 107 94
-11.828292846679688 -1.9730310440063477 2.110363721847534 77 105 93
-11.083019256591797 -2.268989086151123 1.8797357082366943 87 122 102
-12.784937858581543 -3.103891372680664 2.05599045753479 115 132 124
-12.233530044555664 -1.5762872695922852 1.832204818725586 58 90 77
-11.811646461486816 -1.962839126586914 1.6589219570159912 52 69 50
-9.252399444580078 -1.8874833583831787 1.216539740562439 101 116 85
-11.35149097442627 -2.748121976852417 1.391444444656372 118 148 120
-10.797988891601562 -1.3867202997207642 1.2126706838607788 114 130 119
-11.799875259399414 -1.954746127128601 1.2126026153564453 63 74 60
-11.345890998840332 -2.307542085647583 1.0644956827163696 58 75 43
-11.143293380737305 -2.689690351486206 0.9426568746566772 82 99 81
-12.733247756958008 -1.6320912837982178 0.9564632177352905 89 93 68
-33.2507438659668 -5.4975266456604 2.1865084171295166 41 45 31
-28.530628204345703 -5.787559986114502 1.6061923503875732 96 121 92
-9.906187057495117 -2.3855977058410645 0.4651922583580017 79 87 72
-9.725899696350098 -1.2426546812057495 0.37152737379074097 59 68 47
-9.557035446166992 -1.576175570487976 0.2736037075519562 90 99 82
-9.275334358215332 -1.8769909143447876 0.17691399157047272 111 139 80
-18.2695369720459 -4.388519763946533 0.170530304312706 114 128 102
-11.51833724975586 -1.4639066457748413 0.01540141087025404 94 109 78
-10.058684349060059 -1.653319239616394 -0.08397675305604935 63 75 55
-7.969062328338623 -1.6081610918045044 -0.14502711594104767 98 108 81
-14.759521484375 -3.5407488346099854 -0.41654473543167114 76 113 44
-8.195317268371582 -1.0386654138565063 -0.2910745143890381 83 103 54
-13.114603996276855 -2.1502060890197754 -0.5946499109268188 50 78 3
-8.103293418884277 -1.6309810876846313 -0.4492513835430145 62 105 15
-10.491497993469238 -2.5114457607269287 -0.6908161640167236 52 83 16
-9.318947792053223 -1.1757851839065552 -0.6742751002311707 97 114 78
-9.110638618469238 -1.4878580570220947 -0.7531144022941589 72 84 48
-8.566716194152832 -1.7211445569992065 -0.7950577735900879 105 123 85
-8.450575828552246 -2.021176338195801 -0.8763073086738586 53 80 11
-7.990509033203125 -1.0047739744186401 -0.8765895962715149 65 100 42
-7.011037826538086 -1.1407012939453125 -0.8423567414283752 73 95 56
-6.919612407684326 -1.3868317604064941 -0.9049269556999207 77 116 53
-6.523186206817627 -1.5565801858901978 -0.9262861013412476 34 83 4
-6.422377586364746 -0.802919864654541 -0.9450247287750244 50 91 31
-6.112384796142578 -0.9919713735580444 -0.9643826484680176 48 90 26
-5.585794925689697 -1.1171753406524658 -0.943342387676239 50 83 28
-5.5880126953125 -1.3330143690109253 -1.0104835033416748 63 99 51
-5.387814998626709 -0.6668954491615295 -0.9985504150390625 59 96 42
-5.178221225738525 -0.8374918699264526 -1.0160138607025146 83 124 48
-4.924646854400635 -0.9825304746627808 -1.023776650428772 27 70 16
-4.61974573135376 -1.101523995399475 -1.017371416091919 45 84 37
-4.753762722015381 -0.5856336951255798 -1.066500186920166 68 120 35
-4.5118513107299805 -0.7261624932289124 -1.063368320465088 67 108 38
-15.930070877075195 -2.006310224533081 2.990283250808716 89 105 79
-11.651566505432129 -1.906829595565796 2.077779531478882 104 126 149
-10.805621147155762 -2.1776790618896484 1.8315458297729492 69 86 67
-23.424053192138672 -5.610782623291016 3.764117956161499 98 127 109
-12.000804901123047 -1.5088862180709839 1.7966480255126953 100 111 103
-9.160409927368164 -1.4933959245681763 1.2859116792678833 124 140 114
-23.424928665161133 -4.703858852386475 3.078084707260132 72 92 103
-11.426509857177734 -2.7292003631591797 1.3996071815490723 69 78 77
-10.533961296081543 -1.3199748992919922 1.1825587749481201 89 110 91
-11.79108715057373 -1.9161416292190552 1.2110896110534668 75 101 74
-11.381233215332031 -2.278391122817993 1.067150592803955 51 74 48
-11.19221305847168 -2.665187120437622 0.9460989832878113 79 91 81
-34.50385665893555 -4.314998149871826 2.5907649993896484 44 66 27
-30.007986068725586 -4.866850852966309 1.9722793102264404 46 51 44
-10.376107215881348 -2.0717148780822754 0.5837844610214233 60 85 53
-9.88430118560791 -2.3482675552368164 0.4638240337371826 49 58 57
-11.706934928894043 -1.4592781066894531 0.44702938199043274 64 79 56
-9.559852600097656 -1.5465283393859863 0.2735472321510315 88 107 61
-9.2261381149292 -1.8375890254974365 0.17586727440357208 79 95 69
-15.152730941772461 -3.590698719024658 0.14133413136005402 83 97 72
-10.915423393249512 -1.3532644510269165 0.014589622616767883 67 92 52
-9.776429176330566 -1.5761370658874512 -0.0815795436501503 71 91 64
-7.903348922729492 -1.5696810483932495 -0.1437428891658783 100 107 73
-14.666230201721191 -3.470818281173706 -0.4136093854904175 90 114 64
-8.278802871704102 -1.023449182510376 -0.29392677545547485 98 110 64
-8.642216682434082 -1.389722466468811 -0.3916652202606201 117 132 91
-11.757857322692871 -2.329038143157959 -0.6514633297920227 56 88 23
-10.49623966217041 -2.478558301925659 -0.6906244158744812 92 109 57
-8.874056816101074 -1.0920045375823975 -0.6418394446372986 78 101 59
-9.122049331665039 -1.4610034227371216 -0.7536835670471191 57 92 34
-8.565116882324219 -1.6935019493103027 -0.7944234609603882 52 82 20
-8.549699783325195 -2.017174005508423 -0.8859403133392334 54 82 31
-8.059664726257324 -0.9883619546890259 -0.8838394284248352 103 132 76
-7.0370588302612305 -1.122784972190857 -0.8450652360916138 55 98 19
-6.917022705078125 -1.3642526865005493 -0.9040366411209106 78 111 54
-6.128734111785889 -1.4425960779190063 -0.8696417212486267 62 101 38
-6.400254726409912 -0.7802190184593201 -0.9414128065109253 64 105 49
-6.0753912925720215 -0.9668471813201904 -0.9580734968185425 70 98 58
-5.740202903747559 -1.1297533512115479 -0.968829333782196 62 108 20
-5.579613208770752 -1.3129315376281738 -1.008231520652771 63 100 23
-5.20041036605835 -0.6275057792663574 -0.963456392288208 51 102 43
-5.154586315155029 -0.8174495697021484 -1.0108795166015625 56 95 30
-4.927638053894043 -0.9674172401428223 -1.023776650428772 41 79 22
-4.603115081787109 -1.0826443433761597 -1.0129727125167847 47 80 25
-4.754568099975586 -0.5709302425384521 -1.066282868385315 75 115 52
-4.214852333068848 -0.6651023030281067 -0.9928849339485168 48 93 28
-11.627184867858887 -1.4281601905822754 2.1817421913146973 64 85 70
-11.860596656799316 -1.9036945104599 2.1140036582946777 84 115 109
-11.337672233581543 -2.248730421066284 1.920549750328064 71 94 68
-22.576740264892578 -5.334640026092529 3.625312328338623 78 102 76
-11.97886848449707 -1.4688106775283813 1.7926808595657349 93 112 93
-9.408499717712402 -1.5042238235473633 1.3200836181640625 96 130 142
-10.169656753540039 -2.0096867084503174 1.3354977369308472 95 121 84
-11.460926055908203 -2.700279951095581 1.402801275253296 93 112 108
-11.593534469604492 -1.416633129119873 1.3010139465332031 62 87 66
-11.718310356140137 -1.8674323558807373 1.203020453453064 96 125 81
-11.663690567016602 -2.2977406978607178 1.0929688215255737 36 40 17
-11.208099365234375 -2.6326606273651123 0.9467546939849854 83 106 86
-11.806574821472168 -1.43973708152771 0.8861755728721619 110 130 137
-29.856224060058594 -4.748277187347412 1.9613381624221802 118 128 120
-28.97709846496582 -5.693238258361816 1.6293299198150635 42 48 34
-9.195069313049316 -2.154742479324341 0.4311693608760834 84 97 77
-10.420785903930664 -1.2665036916732788 0.3977675437927246 64 76 52
-9.568500518798828 -1.5178182125091553 0.27366015315055847 72 93 76
-18.74309539794922 -3.6733529567718506 0.35706159472465515 86 106 71
-16.216262817382812 -3.7902143001556396 0.1511448472738266 111 124 107
-8.112951278686523 -0.9805582165718079 0.010839748196303844 68 87 65
-10.039008140563965 -1.5868853330612183 -0.08372962474822998 85 92 76
-7.823737621307373 -1.5289348363876343 -0.1422089785337448 94 102 79
-14.967872619628906 -3.4937455654144287 -0.42181187868118286 87 110 54
-11.829023361206055 -1.4255058765411377 -0.41981494426727295 80 90 55
-12.109161376953125 -1.9091362953186035 -0.5485190749168396 83 118 52
-11.482682228088379 -2.2379419803619385 -0.6358333826065063 57 88 28
-10.442562103271484 -2.4320836067199707 -0.6865984201431274 55 84 18
-9.985548973083496 -1.1976927518844604 -0.7219619154930115 67 95 46
-8.948272705078125 -1.4050273895263672 -0.7389661073684692 52 79 28
-8.583958625793457 -1.6698789596557617 -0.7956920862197876 102 121 65
-8.485106468200684 -1.974472999572754 -0.8786152005195618 55 73 47
-8.031072616577148 -0.9598553776741028 -0.8803768157958984 73 95 56
-7.145449638366699 -1.117609977722168 -0.8576658964157104 53 88 20
-6.888069152832031 -1.3366010189056396 -0.899712324142456 53 82 28
-6.500771522521973 -1.509133219718933 -0.9217709898948669 59 97 40
-6.3328537940979 -0.7522921562194824 -0.9311549067497253 78 109 42
-6.174981117248535 -0.9632810354232788 -0.9733078479766846 55 91 30
-5.847279071807861 -1.1322046518325806 -0.9863107204437256 62 104 30
-5.575939655303955 -1.294026255607605 -1.0068455934524536 74 113 60
-5.309756278991699 -0.6241787672042847 -0.9833550453186035 49 90 24
-5.133787155151367 -0.7980124950408936 -1.0063157081604004 59 97 38
-4.869972229003906 -0.9405885934829712 -1.011191725730896 74 113 48
-4.618797779083252 -1.0713894367218018 -1.0156956911087036 49 91 27
-4.76211404800415 -0.5570211410522461 -1.0675870180130005 58 103 38
-4.133132457733154 -0.6392171382904053 -0.9731677770614624 60 85 43
-10.608532905578613 -1.2700145244598389 1.9898604154586792 115 121 121
-11.397446632385254 -1.7935060262680054 2.0304625034332275 86 108 95
-11.175081253051758 -2.1808700561523438 1.8918652534484863 55 65 56
-13.639513969421387 -3.178719997406006 2.188620090484619 105 136 157
-11.970551490783691 -1.4305273294448853 1.7907708883285522 84 97 88
-11.410374641418457 -1.7883983850479126 1.6001845598220825 80 103 117
-11.48946762084961 -2.669825315475464 1.4052855968475342 96 115 95
-11.584009170532227 -1.3794127702713013 1.2994641065597534 80 88 67
-11.574570655822754 -1.8081315755844116 1.1876888275146484 38 57 61
-11.673617362976074 -2.262514591217041 1.0932434797286987 61 65 64
-11.196703910827637 -2.593763828277588 0.9451155066490173 88 117 86
-11.637639045715332 -1.3829150199890137 0.8731730580329895 111 137 134
-29.809520721435547 -4.647127151489258 1.9573241472244263 66 69 60
-24.55938720703125 -4.74706506729126 1.380104660987854 55 61 51
-9.880030632019043 -2.2833006381988525 0.4629574716091156 63 92 36
-10.890034675598145 -1.2896432876586914 0.41552606225013733 68 73 67
-12.820779800415039 -1.9934120178222656 0.36649906635284424 66 85 65
-13.268284797668457 -2.558131217956543 0.2526141107082367 100 117 81
-16.683839797973633 -3.845557451248169 0.15539222955703735 92 102 75
-11.116190910339355 -1.3089503049850464 0.014846954494714737 74 89 68
-11.024100303649902 -1.7079508304595947 -0.09190157800912857 88 107 87
-7.928541660308838 -1.5241775512695312 -0.14402829110622406 83 94 60
-15.029176712036133 -3.4594686031341553 -0.4232383966445923 75 99 49
-11.848228454589844 -1.3909560441970825 -0.4203431010246277 86 115 59
-8.633798599243164 -1.3340753316879272 -0.39090535044670105 87 116 52
-7.914963245391846 -1.5174134969711304 -0.438017338514328 74 109 27
-10.522921562194824 -2.4167885780334473 -0.6913912892341614 48 90 4
-9.94162368774414 -1.1614961624145508 -0.7185250520706177 76 109 54
-9.312100410461426 -1.4328949451446533 -0.7686450481414795 86 92 64
-8.511768341064453 -1.6287496089935303 -0.7885335087776184 75 91 54
-8.485305786132812 -1.9470964670181274 -0.8780130743980408 53 76 30
-8.082364082336426 -0.9408442974090576 -0.8856790065765381 104 119 80
-7.172402381896973 -1.0992934703826904 -0.8604921698570251 63 101 40
-6.836602687835693 -1.3048627376556396 -0.8924627304077148 94 129 73
-6.50537109375 -1.4891819953918457 -0.9217709898948669 63 89 42
-6.18474006652832 -0.7154620885848999 -0.909049928188324 76 118 46
-6.141767501831055 -0.9388077855110168 -0.9676141738891602 53 94 38
-5.7295823097229 -1.0911885499954224 -0.965888500213623 60 105 36
-5.518439292907715 -1.262852430343628 -0.9957585334777832 71 110 53
-5.474825859069824 -0.626560628414154 -1.0135648250579834 50 83 30
-5.209003448486328 -0.7933449149131775 -1.0205775499343872 69 111 37
-4.8545451164245605 -0.9221689701080322 -1.0073962211608887 59 102 23
-4.639220237731934 -1.06113862991333 -1.0194660425186157 44 88 13
-4.631903648376465 -0.527390718460083 -1.038028359413147 47 85 38
-4.11196231842041 -0.6230320334434509 -0.9677284955978394 54 98 35
-11.22740364074707 -2.5910120010375977 2.2389116287231445 109 128 108
-10.667061805725098 -1.2438383102416992 2.0001137256622314 111 131 142
-11.254945755004883 -1.7357141971588135 2.004117727279663 87 110 81
-11.16234302520752 -2.142855405807495 1.8885869979858398 75 89 74
-13.610684394836426 -3.128007411956787 2.1824440956115723 98 133 152
-11.290070533752441 -1.3140878677368164 1.6883612871170044 129 157 119
-11.435388565063477 -1.7563908100128174 1.6029292345046997 101 122 113
-11.421140670776367 -2.6170425415039062 1.395939826965332 84 103 81
-11.567455291748047 -1.3414628505706787 1.297139286994934 87 111 87
-11.581048011779785 -1.7727634906768799 1.187789797782898 25 54 36
-11.677569389343262 -2.226130247116089 1.0929688215255737 98 117 87
-10.469099998474121 -2.391392707824707 0.8830748796463013 91 96 89
-11.660648345947266 -1.3493828773498535 0.8745847344398499 131 152 135
-11.792139053344727 -1.8012850284576416 0.7739176750183105 71 96 74
-9.2608003616333 -1.7605570554733276 0.5201008915901184 103 137 121
-9.897704124450684 -2.255419969558716 0.46345919370651245 73 90 74
-10.34398078918457 -1.1928088665008545 0.39454904198646545 111 118 100
-13.121318817138672 -1.9989314079284668 0.3749133050441742 71 82 68
-18.477462768554688 -3.503702163696289 0.3515850305557251 98 111 81
-14.996944427490234 -3.4083147048950195 0.1395825445652008 68 77 60
-11.109225273132324 -1.2735872268676758 0.014832362532615662 57 69 57
-11.069823265075684 -1.6802740097045898 -0.09223933517932892 92 102 77
-7.838866710662842 -1.4820150136947632 -0.14231599867343903 74 93 65
-15.08066177368164 -3.422635555267334 -0.424390584230423 87 107 56
-11.872299194335938 -1.3568692207336426 -0.4210473895072937 29 39 15
-11.704805374145508 -1.7718505859375 -0.5297001600265503 70 91 58
-11.760151863098145 -2.21720814704895 -0.6504321694374084 69 94 36
-10.642218589782715 -2.409839391708374 -0.6987404823303223 61 91 27
-9.91441822052002 -1.127496361732483 -0.7163054347038269 72 97 42
-9.326308250427246 -1.4058046340942383 -0.7694581747055054 67 89 40
-8.56076717376709 -1.6109157800674438 -0.7926111817359924 80 93 65
-8.479595184326172 -1.918420433998108 -0.8768090009689331 71 101 29
-8.008163452148438 -0.9073139429092407 -0.8772388100624084 60 78 54
-7.325993537902832 -1.099840760231018 -0.8785099387168884 61 105 30
-6.750886917114258 -1.2670491933822632 -0.8807616233825684 61 106 51
-6.506043910980225 -1.4683444499969482 -0.9212236404418945 73 106 53
-6.360949516296387 -0.7160769701004028 -0.9346223473548889 73 109 61
-6.092827320098877 -0.9122065305709839 -0.9594584107398987 71 118 50
-5.714478492736816 -1.0701550245285034 -0.9627843499183655 39 84 17
-5.510758876800537 -1.2433149814605713 -0.9936797022819519 42 86 35
-5.333035469055176 -0.5937634706497192 -0.986972987651825 30 74 23
-5.196847915649414 -0.775187611579895 -1.0177252292633057 74 115 59
-4.718652725219727 -0.8813644647598267 -0.978630542755127 55 101 52
-4.669162273406982 -1.052923560142517 -1.0253311395645142 60 109 54
-4.812009811401367 -0.5329484343528748 -1.078019380569458 57 101 24
-4.217905044555664 -0.6258528828620911 -0.9922050833702087 51 80 32
-11.219027519226074 -2.552851915359497 2.2356691360473633 73 97 73
-10.701108932495117 -1.2145432233810425 2.0057895183563232 117 137 148
-11.29430103302002 -1.7063255310058594 2.0101840496063232 87 102 121
-11.360795974731445 -2.1448349952697754 1.9210413694381714 97 117 106
-13.640453338623047 -3.0908210277557373 2.1856865882873535 105 158 174
-11.460152626037598 -1.298261284828186 1.713192343711853 70 74 59
-9.829423904418945 -1.4788732528686523 1.3771743774414062 117 133 88
-25.4381160736084 -4.784140110015869 3.334655523300171 112 161 191
-11.537595748901367 -2.6064977645874023 1.4091894626617432 95 111 74
-11.797672271728516 -1.3314920663833618 1.3224908113479614 104 121 87
-11.706467628479004 -1.7552226781845093 1.200095295906067 81 95 78
-11.678470611572266 -2.189192533493042 1.0924195051193237 62 72 48
-10.368463516235352 -2.334958553314209 0.873977780342102 61 77 66
-12.021483421325684 -1.3537768125534058 0.901332676410675 91 102 59
-11.874589920043945 -1.7766159772872925 0.7789674997329712 92 99 91
-12.680729866027832 -2.3704280853271484 0.7117576003074646 49 64 41
-9.91724681854248 -2.2278900146484375 0.4640520513057709 90 99 78
-11.88781452178955 -1.3338916301727295 0.453277051448822 101 131 103
-11.712620735168457 -1.747576355934143 0.3345080316066742 82 97 94
-19.723613739013672 -3.677347183227539 0.3750801086425781 69 85 72
-15.321527481079102 -3.4326822757720947 0.14250488579273224 105 113 90
-11.757086753845215 -1.3113279342651367 0.015691902488470078 53 49 48
-11.102621078491211 -1.6504212617874146 -0.09246999025344849 104 116 96
-7.949541091918945 -1.47769296169281 -0.1442423313856125 86 96 71
-14.943790435791016 -3.3433969020843506 -0.42024821043014526 101 116 85
-11.954873085021973 -1.3291633129119873 -0.42382925748825073 48 69 36
-13.181618690490723 -1.954059362411499 -0.5962591171264648 67 97 23
-11.76395320892334 -2.180572032928467 -0.6502693295478821 75 107 24
-10.589174270629883 -2.363698720932007 -0.694778323173523 63 96 15
-10.035804748535156 -1.1101239919662476 -0.7248259782791138 84 95 52
-9.04660701751709 -1.3352715969085693 -0.7460402250289917 60 84 34
-7.9859418869018555 -1.4773948192596436 -0.7389670014381409 91 109 57
-8.39221477508545 -1.871605396270752 -0.8671758770942688 43 67 17
-8.1472749710083 -0.8977673649787903 -0.8921715021133423 85 106 67
-7.350947380065918 -1.080536961555481 -0.8811006546020508 68 109 15
-6.853259563446045 -1.2645094394683838 -0.8936074376106262 71 91 64
-6.632354259490967 -1.4754818677902222 -0.9384632706642151 67 96 52
-6.484103679656982 -0.7098027467727661 -0.9523930549621582 84 123 68
-6.127859592437744 -0.8982387781143188 -0.9645365476608276 56 91 37
-5.719675540924072 -1.0529755353927612 -0.963111162185669 65 110 53
-5.267469882965088 -1.1714537143707275 -0.9491581320762634 63 94 52
-5.397410869598389 -0.5841721892356873 -0.9985504150390625 54 93 28
-5.234173774719238 -0.7643473148345947 -1.0245709419250488 68 100 37
-4.839873790740967 -0.8886486887931824 -1.0032012462615967 40 74 24
-4.67141580581665 -1.038381576538086 -1.0251215696334839 42 83 23
-4.939785957336426 -0.5317643284797668 -1.1062740087509155 72 107 41
-4.48101282119751 -0.650848925113678 -1.0536229610443115 76 121 64
-10.716510772705078 -1.1830013990402222 2.0079867839813232 62 101 36
-8.633903503417969 -1.2773162126541138 1.5359760522842407 111 146 152
-11.28197193145752 -2.094127893447876 1.906617283821106 48 62 36
-13.504270553588867 -3.016435384750366 2.16237211227417 41 54 45
-11.462116241455078 -1.2628793716430664 1.7128986120224 55 87 100
-9.917211532592773 -1.4609811305999756 1.3888394832611084 80 93 84
-25.601890563964844 -4.733664035797119 3.3542048931121826 57 91 74
-23.065874099731445 -5.136565208435059 2.815303087234497 80 102 81
-12.07634449005127 -1.3254344463348389 1.3532670736312866 96 109 99
-11.672423362731934 -1.7135193347930908 1.1960606575012207 112 121 102
-11.661629676818848 -2.149022102355957 1.0902222394943237 74 81 63
-10.492332458496094 -2.329054355621338 0.8838124871253967 71 85 59
-12.227807998657227 -1.3390345573425293 0.9164898991584778 76 91 68
-11.88985824584961 -1.7416232824325562 0.7796149253845215 73 83 56
-11.18542194366455 -2.055412769317627 0.6274704933166504 64 78 53
-9.91428279876709 -2.1952943801879883 0.46359601616859436 109 116 109
-10.278587341308594 -1.1214052438735962 0.3917849361896515 56 70 55
-11.606158256530762 -1.6953083276748657 0.33131739497184753 69 83 57
-16.280105590820312 -3.595026969909668 0.1513172686100006 85 94 77
-11.880354881286621 -1.2881872653961182 0.015851076692342758 43 47 32
-11.108622550964355 -1.616495132446289 -0.09247823059558868 120 134 99
-11.282398223876953 -2.0614283084869385 -0.20460042357444763 86 100 77
-15.147259712219238 -3.3401551246643066 -0.4256799817085266 74 89 56
-11.990690231323242 -1.2959163188934326 -0.4249560832977295 90 104 91
-8.363945960998535 -1.2136693000793457 -0.37816569209098816 71 90 35
-8.078893661499023 -1.471884846687317 -0.4463207423686981 74 112 11
-8.556436538696289 -1.8824142217636108 -0.56102454662323 76 98 36
-10.051064491271973 -1.08060884475708 -0.7256852388381958 74 104 44
-8.44005012512207 -1.2192983627319336 -0.6957079768180847 63 79 34
-7.819947719573975 -1.4218876361846924 -0.7231999635696411 67 95 34
-8.389171600341797 -1.8439273834228516 -0.8662728071212769 54 71 37
-8.214241027832031 -0.8796480894088745 -0.8992049098014832 50 93 39
-6.973836898803711 -1.0032563209533691 -0.8355264663696289 73 107 46
-6.867841720581055 -1.245424747467041 -0.8950064182281494 77 106 58
-6.658137798309326 -1.459794521331787 -0.9414733648300171 52 91 24
-6.5128173828125 -0.6927322149276733 -0.9562939405441284 67 109 45
-6.0983099937438965 -0.8748044967651367 -0.9594584107398987 60 98 25
-5.701521396636963 -1.031558632850647 -0.9595167636871338 40 93 41
-5.263342380523682 -1.153601050376892 -0.9477722644805908 37 74 20
-5.4040679931640625 -0.568124532699585 -0.9994547963142395 48 80 33
-5.239409923553467 -0.7487021088600159 -1.0251413583755493 54 84 20
-5.020967483520508 -0.9059848189353943 -1.0401570796966553 67 101 50
-4.714696884155273 -1.0328333377838135 -1.0339192152023315 45 84 27
-4.969547748565674 -0.5195501446723938 -1.112576961517334 72 117 60
-4.467560291290283 -0.6349056959152222 -1.0499968528747559 60 97 46
-11.172178268432617 -2.4701900482177734 2.223270893096924 113 133 122
-11.1726655960083 -1.198673129081726 2.092758893966675 87 105 89
-12.318244934082031 -1.7837830781936646 2.1904382705688477 116 149 138
-11.154419898986816 -2.035071611404419 1.8839974403381348 76 90 64
-11.704267501831055 -2.5766966342926025 1.872871994972229 47 63 53
-11.225955963134766 -1.202012300491333 1.677047848701477 102 120 106
-9.903018951416016 -1.4278628826141357 1.3862320184707642 74 98 85
-11.430774688720703 -2.0772464275360107 1.496748924255371 99 117 101
-11.620294570922852 -2.5503430366516113 1.4173521995544434 69 79 68
-12.033905982971191 -1.2834248542785645 1.3480639457702637 50 57 41
-10.548072814941406 -1.5154201984405518 1.080368161201477 72 89 55
-11.662288665771484 -2.1121697425842285 1.0896729230880737 102 126 104
-10.484824180603027 -2.293658494949341 0.8825831413269043 47 63 36
-14.383713722229004 -1.5304789543151855 1.0777207612991333 58 71 54
-11.878353118896484 -1.7027302980422974 0.7785142660140991 86 90 67
-11.150406837463379 -2.013634204864502 0.6251567602157593 89 106 90
-9.929755210876465 -2.1667842864990234 0.4640064835548401 82 95 78
-10.262105941772461 -1.0877591371536255 0.39102765917778015 43 48 44
-11.649897575378418 -1.6652095317840576 0.33241862058639526 97 110 100
-7.708609104156494 -1.3883346319198608 0.14642834663391113 92 106 89
-8.875905990600586 -1.9314675331115723 0.08244264125823975 79 90 82
-13.756890296936035 -1.4489723443984985 0.018348781391978264 34 46 32
-11.155108451843262 -1.5883270502090454 -0.09282422065734863 96 104 80
-11.318192481994629 -2.0321054458618164 -0.2051355093717575 100 120 92
-14.982583045959473 -3.255673408508301 -0.42076942324638367 73 91 51
-13.710112571716309 -1.4392067193984985 -0.4857345223426819 93 112 82
-8.19651985168457 -1.1637097597122192 -0.3704325556755066 73 115 39
-8.03422737121582 -1.4382944107055664 -0.44360724091529846 71 95 33
-8.450986862182617 -1.832051396369934 -0.5537393093109131 46 71 16
-10.048380851745605 -1.049146056175232 -0.7252556681632996 72 107 25
-8.533556938171387 -1.2060916423797607 -0.7031073570251465 60 86 25
-7.817410945892334 -1.3966636657714844 -0.7225656509399414 64 95 35
-8.432713508605957 -1.8263949155807495 -0.8701862692832947 63 96 25
-7.99936580657959 -0.831822395324707 -0.8753992319107056 64 100 39
-7.421357154846191 -1.0444071292877197 -0.8887552618980408 85 110 45
-6.874560356140137 -1.2248706817626953 -0.8953880071640015 57 89 39
-6.682918071746826 -1.4437534809112549 -0.9443466067314148 72 112 42
-6.5916852951049805 -0.680675745010376 -0.9675631523132324 54 93 40
-6.065739154815674 -0.8511481285095215 -0.9539186954498291 54 94 34
-5.627923488616943 -1.000421166419983 -0.9466099739074707 59 107 21
-5.502715110778809 -1.1883845329284668 -0.9902149438858032 56 83 30
-5.63473653793335 -0.5749018788337708 -1.0417847633361816 61 120 52
-5.224180698394775 -0.7301781177520752 -1.0217185020446777 69 99 45
-5.01407527923584 -0.8888660669326782 -1.0381593704223633 39 83 24
-4.689168930053711 -1.0121744871139526 -1.0276352167129517 50 76 41
-4.956551551818848 -0.502823531627655 -1.1093167066574097 62 96 59
-4.469487190246582 -0.6211963891983032 -1.0499968528747559 81 122 46
-11.487231254577637 -1.1967853307724 2.150982618331909 62 75 58
-11.447019577026367 -1.621782898902893 2.0346221923828125 95 113 87
-11.131481170654297 -1.9956185817718506 1.8790801763534546 53 65 53
-11.283414840698242 -2.44777512550354 1.8043185472488403 78 97 65
-12.042245864868164 -1.2520594596862793 1.798411250114441 44 50 40
-11.92099380493164 -1.681506633758545 1.6679795980453491 101 124 106
-11.360937118530273 -2.028569459915161 1.4867825508117676 86 88 83
-11.77752685546875 -2.5470032691955566 1.4355703592300415 100 120 92
-12.07139778137207 -1.2499796152114868 1.35182785987854 97 113 66
-11.509318351745605 -1.6174973249435425 1.178308367729187 78 87 66
-11.129493713378906 -1.9804294109344482 1.039318323135376 84 106 68
-10.963354110717773 -2.3631203174591064 0.9222497940063477 78 96 72
-34.335609436035156 -3.546934127807617 2.5718185901641846 73 78 58
-11.902297019958496 -1.6689127683639526 0.7797443866729736 71 71 59
-12.707907676696777 -2.2546639442443848 0.7120881080627441 56 70 47
-9.901196479797363 -2.1287505626678467 0.4623646140098572 60 74 74
-13.321057319641113 -1.370686411857605 0.5074234008789062 55 67 47
-11.739099502563477 -1.6412248611450195 0.33481863141059875 65 80 59
-7.657697677612305 -1.354923129081726 0.1453816145658493 68 84 74
-8.84072494506836 -1.8954232931137085 0.08206146955490112 89 102 85
-13.858763694763184 -1.4167262315750122 0.018478773534297943 63 71 56
-11.265902519226074 -1.5688538551330566 -0.0937056764960289 87 96 75
-11.068366050720215 -1.9522180557250977 -0.2004980593919754 97 110 84
-8.631098747253418 -1.8478018045425415 -0.24223458766937256 57 99 23
-9.112154006958008 -0.9282853603363037 -0.3227313756942749 30 40 6
-8.430606842041016 -1.1705697774887085 -0.3808477222919464 85 109 61
-8.090723991394043 -1.422804832458496 -0.4464835524559021 91 117 54
-10.965723991394043 -2.3420095443725586 -0.7180398106575012 59 86 31
-9.724075317382812 -0.9851368069648743 -0.7016270160675049 93 119 54
-8.549064636230469 -1.1815428733825684 -0.7040831446647644 73 92 62
-8.144373893737793 -1.4293088912963867 -0.7523780465126038 87 114 61
-8.160957336425781 -1.7413420677185059 -0.8415880799293518 66 84 44
-7.994956016540527 -0.8065782785415649 -0.8746417760848999 71 107 45
-7.3261494636535645 -1.0080969333648682 -0.8769789934158325 67 103 31
-6.866561412811279 -1.2017221450805664 -0.8938617706298828 63 99 51
-6.614648818969727 -1.4077781438827515 -0.934084951877594 43 80 11
-6.635095119476318 -0.6645914912223816 -0.9736312031745911 66 103 49
-5.869601249694824 -0.8052714467048645 -0.9226804971694946 62 105 26
-5.750505447387695 -1.004021406173706 -0.9667054414749146 77 108 48
-5.56413459777832 -1.1837940216064453 -1.0006091594696045 57 84 49
-5.644303798675537 -0.5583866238594055 -1.0432318449020386 48 92 13
-5.255577564239502 -0.7181345820426941 -1.0274232625961304 46 88 25
-5.023536205291748 -0.8746554851531982 -1.0395578145980835 53 83 29
-4.7285966873168945 -1.0055121183395386 -1.0355948209762573 40 82 19
-4.966813564300537 -0.4884745478630066 -1.111272931098938 63 97 47
-4.491639137268066 -0.610234797000885 -1.0547561645507812 67 104 52
-12.392668724060059 -1.2526966333389282 2.3197948932647705 72 95 85
-11.45194149017334 -1.5866563320159912 2.0346221923828125 71 78 62
-11.167668342590332 -1.9667623043060303 1.8841614723205566 15 40 11
-11.491838455200195 -2.4560983180999756 1.8364337682724 42 72 74
-12.033235549926758 -1.2138179540634155 1.7965010404586792 70 82 80
-11.913341522216797 -1.6431663036346436 1.6661956310272217 81 108 89
-9.908608436584473 -1.7378952503204346 1.2960153818130493 69 88 56
-11.758092880249023 -2.5050649642944336 1.4322580099105835 85 108 90
-35.55506896972656 -3.5714707374572754 3.9804251194000244 78 92 75
-11.484658241271973 -1.578116536140442 1.1752824783325195 71 89 67
-11.142383575439453 -1.9474754333496094 1.039959192276001 105 119 94
-11.093390464782715 -2.3555572032928467 0.9325762987136841 68 97 77
-34.06254196166992 -3.4131412506103516 2.5505688190460205 99 109 101
-11.637458801269531 -1.5953880548477173 0.7620700001716614 58 63 59
-12.795424461364746 -2.229721784591675 0.7166054844856262 51 64 38
-9.894976615905762 -2.0956735610961914 0.46177175641059875 116 133 117
-10.433647155761719 -1.0412440299987793 0.3973131477832794 52 52 44
-11.86193561553955 -1.621310830116272 0.3381786644458771 70 85 62
-18.801895141601562 -3.2672765254974365 0.356762558221817 87 109 88
-9.012823104858398 -1.9034174680709839 0.08360432088375092 89 100 70
-13.861054420471191 -1.3740041255950928 0.018476121127605438 103 122 92
-8.275390625 -1.1265347003936768 -0.0688026174902916 84 87 80
-15.703620910644531 -2.720125436782837 -0.2843109369277954 99 104 74
-8.634770393371582 -1.820900559425354 -0.24217970669269562 75 105 43
-13.730620384216309 -1.3562347888946533 -0.486157089471817 65 91 52
-8.277750015258789 -1.1234716176986694 -0.3737850785255432 62 99 19
-11.757355690002441 -2.0304384231567383 -0.6484784483909607 69 96 55
-7.7149858474731445 -1.6229989528656006 -0.5048518180847168 68 87 41
-9.778670310974121 -0.9603685736656189 -0.7053503394126892 88 112 80
-8.444001197814941 -1.1406326293945312 -0.6951388120651245 78 83 63
-8.483383178710938 -1.4619899988174438 -0.7832778096199036 60 89 31
-7.86831521987915 -1.6536773443222046 -0.8108827471733093 69 97 46
-8.135910987854004 -0.7955915927886963 -0.8897908926010132 59 100 42
-7.495534420013428 -1.0079830884933472 -0.8968808650970459 63 100 33
-6.873148441314697 -1.1811541318893433 -0.8942432999610901 59 90 33
-6.605363368988037 -1.3846328258514404 -0.9321694374084473 69 107 48
-6.453915119171143 -0.6264510154724121 -0.9467584490776062 68 108 45
-5.8975067138671875 -0.7906737327575684 -0.9266814589500427 68 92 42
-5.765227317810059 -0.9883748292922974 -0.9686659574508667 44 91 13
-5.501227855682373 -1.152780294418335 -0.9886558651924133 42 73 32
-5.633263111114502 -0.5398478507995605 -1.0408802032470703 52 98 33
-5.265541076660156 -0.7030467391014099 -1.028944492340088 61 94 41
-5.018469333648682 -0.8579184412956238 -1.0379596948623657 62 80 40
-4.701033592224121 -0.9845859408378601 -1.028891921043396 46 89 18
-4.944968223571777 -0.4710129499435425 -1.1060566902160645 56 101 44
-4.478041648864746 -0.5944011807441711 -1.051129937171936 51 86 22
-11.88112735748291 -2.5124714374542236 2.3596503734588623 94 121 150
-12.37394905090332 -1.212465524673462 2.3155837059020996 76 92 45
-11.462611198425293 -1.5523078441619873 2.0356621742248535 74 92 70
-11.158096313476562 -1.929801106452942 1.88153874874115 98 121 139
-11.130962371826172 -2.3432838916778564 1.7776073217391968 46 60 45
-10.224526405334473 -0.9996916055679321 1.5260047912597656 55 76 61
-11.619901657104492 -1.5663808584213257 1.6244755983352661 102 118 133
-9.611873626708984 -1.655470371246338 1.256533145904541 55 64 47
-10.20499324798584 -2.1414682865142822 1.2422682046890259 88 114 101
-35.47683334350586 -3.4537057876586914 3.97046160697937 81 96 73
-11.483530044555664 -1.5420801639556885 1.1746772527694702 48 73 52
-23.49594497680664 -4.0323944091796875 2.1917970180511475 75 84 81
-11.12592887878418 -2.3268165588378906 0.9347071051597595 89 102 76
-13.920757293701172 -1.3517662286758423 1.0420567989349365 49 63 46
-11.621528625488281 -1.5568947792053223 0.7607104778289795 47 51 36
-12.641783714294434 -2.1630074977874756 0.7076258659362793 61 73 61
-9.886690139770508 -2.062246561050415 0.4610876142978668 92 101 110
-10.388055801391602 -1.004516363143921 0.39545780420303345 64 81 65
-11.869826316833496 -1.585308313369751 0.3382633924484253 97 111 86
-16.489795684814453 -2.813404083251953 0.31272563338279724 75 86 69
-9.045052528381348 -1.8812552690505981 0.08384935557842255 81 94 66
-9.233514785766602 -0.886692464351654 0.012304148636758327 46 70 34
-11.561783790588379 -1.5378001928329468 -0.09608641266822815 80 85 62
-7.88551664352417 -1.3409960269927979 -0.14269055426120758 88 93 71
-8.269373893737793 -1.7173644304275513 -0.23178255558013916 72 96 62
-13.751628875732422 -1.3157216310501099 -0.48675572872161865 64 80 51
-12.603957176208496 -1.6712679862976074 -0.5689024329185486 73 90 56
-8.040233612060547 -1.3631200790405273 -0.4432273507118225 76 97 40
-10.663273811340332 -2.2090888023376465 -0.6973345279693604 77 98 42
-10.235349655151367 -0.9735242128372192 -0.738072395324707 60 85 43
-9.211278915405273 -1.2155144214630127 -0.7579931616783142 82 94 56
-8.514341354370117 -1.4404418468475342 -0.7857244610786438 81 104 62
-8.145182609558105 -1.6857901811599731 -0.8388788104057312 75 100 60
-8.151179313659668 -0.7718454599380493 -0.8911975622177124 74 116 53
-7.542897701263428 -0.9908022880554199 -0.9021801948547363 41 99 14
-6.923686981201172 -1.167981743812561 -0.9003482460975647 70 100 62
-6.539730072021484 -1.349942684173584 -0.9223182201385498 53 81 43
-6.420340538024902 -0.603314995765686 -0.9415572285652161 78 117 50
-5.891087055206299 -0.7714220881462097 -0.9252964854240417 62 90 6
-5.823686599731445 -0.9800145626068115 -0.9779784083366394 57 86 38
-5.568399429321289 -1.1490336656570435 -1.000089406967163 54 90 26
-5.671126842498779 -0.525922954082489 -1.047573447227478 56 109 39
-5.241388320922852 -0.6834614872932434 -1.0238102674484253 70 108 51
-5.039438247680664 -0.8455987572669983 -1.0417550802230835 62 103 33
-4.7030744552612305 -0.9699612855911255 -1.0286824703216553 46 74 26
-4.940557956695557 -0.45530232787132263 -1.104752540588379 96 128 79
-4.484673976898193 -0.5812859535217285 -1.0522631406784058 53 88 22
-11.892623901367188 -2.476809501647949 2.3604133129119873 121 141 152
-12.387397766113281 -1.1754257678985596 2.3174145221710205 67 78 80
-11.467320442199707 -1.5171337127685547 2.0356621742248535 85 99 99
-13.133390426635742 -2.2299535274505615 2.2134592533111572 77 103 126
-11.055866241455078 -2.2920753955841064 1.7644833326339722 102 128 127
-11.517558097839355 -1.0904537439346313 1.7184817790985107 74 88 55
-10.168255805969238 -1.3389471769332886 1.4209527969360352 100 118 92
-9.506402015686035 -1.6072901487350464 1.24209463596344 64 70 68
-11.729482650756836 -2.4238288402557373 1.4269344806671143 85 104 76
-33.02348709106445 -3.1126251220703125 3.6948041915893555 91 107 78
-14.566920280456543 -1.9106590747833252 1.4894778728485107 108 137 106
-23.777263641357422 -4.005617618560791 2.2168827056884766 84 103 84
-11.173036575317383 -2.3009135723114014 0.9380672574043274 69 89 61
-33.72938537597656 -3.170844793319702 2.5241177082061768 20 39 11
-11.481786727905273 -1.5023308992385864 0.7512581944465637 89 95 81
-26.293230056762695 -4.415782928466797 1.471002459526062 76 84 61
-9.871442794799805 -2.0274832248687744 0.4600842595100403 78 102 80
-10.371190071105957 -0.9707789421081543 0.3947005271911621 66 84 46
-11.754698753356934 -1.533240795135498 0.3348468542098999 93 109 83
-11.464335441589355 -1.9198088645935059 0.21730607748031616 94 107 77
-10.131311416625977 -2.0747768878936768 0.0938597321510315 73 78 58
-13.83437442779541 -1.2856897115707397 0.018429694697260857 75 98 70
-11.738991737365723 -1.524733066558838 -0.09751980006694794 86 105 77
-7.875787258148193 -1.31449294090271 -0.14244085550308228 74 91 59
-8.1002779006958 -1.6563403606414795 -0.22689947485923767 72 87 68
-8.978009223937988 -0.8312053084373474 -0.31769588589668274 85 97 75
-8.04770278930664 -1.042000651359558 -0.36310166120529175 76 87 55
-8.590059280395508 -1.4292386770248413 -0.4732932150363922 90 103 57
-8.105172157287598 -1.653214931488037 -0.5297109484672546 64 97 16
-8.89940357208252 -0.8189151287078857 -0.6415529847145081 64 94 32
-9.228804588317871 -1.189031958580017 -0.7591315507888794 86 108 46
-7.5687031745910645 -1.2565875053405762 -0.6980995535850525 67 91 39
-8.126917839050293 -1.6560252904891968 -0.8364705443382263 103 115 77
-8.201027870178223 -0.7511870265007019 -0.8963915109634399 85 123 48
-7.6050004959106445 -0.975234866142273 -0.9092459678649902 53 89 43
-6.909623146057129 -1.143818736076355 -0.8980588912963867 51 79 39
-6.545782566070557 -1.3302674293518066 -0.9225919246673584 78 110 47
-6.260547637939453 -0.5689281821250916 -0.9178630113601685 74 109 43
-5.887545585632324 -0.7525931596755981 -0.924373209476471 59 103 42
-5.7468485832214355 -0.9489631056785583 -0.9645814895629883 67 104 60
-5.560316562652588 -1.129591703414917 -0.9980105757713318 62 101 46
-5.658999919891357 -0.5072923302650452 -1.0450408458709717 47 68 37
-5.204504489898682 -0.6624196767807007 -1.0162039995193481 48 80 15
-5.035240650177002 -0.8290197253227234 -1.0403567552566528 59 98 41
-4.686862945556641 -0.9516364932060242 -1.0244932174682617 32 68 22
-4.917625427246094 -0.43797799944877625 -1.0993189811706543 54 90 26
-4.631378173828125 -0.5858592987060547 -1.0862582921981812 48 86 37
-11.894396781921387 -2.4391283988952637 2.3592689037323 90 108 86
-12.460453033447266 -1.1437965631484985 2.330414295196533 64 66 61
-11.952481269836426 -1.5440242290496826 2.120936393737793 100 121 126
-9.220694541931152 -1.5365171432495117 1.5532243251800537 89 115 140
-11.026060104370117 -2.2506370544433594 1.7586160898208618 41 43 42
-11.80946159362793 -1.0815452337265015 1.761531949043274 57 75 85
-11.80711841583252 -1.5179139375686646 1.6493154764175415 73 88 59
-9.608152389526367 -1.594189167022705 1.254744291305542 85 114 110
-11.53255844116211 -1.0513144731521606 1.2899433374404907 85 102 86
-11.95067024230957 -1.530220627784729 1.2214787006378174 62 66 51
-11.812193870544434 -1.9526829719543457 1.1007509231567383 118 149 144
-11.45939826965332 -2.3232603073120117 0.9615066647529602 80 96 85
-33.73299789428711 -3.0668082237243652 2.523672342300415 105 127 104
-9.714491844177246 -1.2407878637313843 0.635371208190918 88 109 78
-12.73166275024414 -2.0980615615844727 0.711922824382782 68 83 62
-23.603273391723633 -4.772425651550293 1.0994043350219727 75 86 72
-10.384072303771973 -0.9398568272590637 0.3950791656970978 66 77 47
-11.806943893432617 -1.5032305717468262 0.3362021744251251 61 84 64
-11.679329872131348 -1.9189939498901367 0.2212686538696289 115 118 89
-10.13566780090332 -2.0432891845703125 0.09384157508611679 85 96 82
-13.88606071472168 -1.2475354671478271 0.01849336363375187 80 84 67
-11.807104110717773 -1.4967595338821411 -0.09804702550172806 99 114 81
-11.075702667236328 -1.8136600255966187 -0.20021268725395203 88 104 68
-8.095521926879883 -1.6295086145401 -0.22662512958049774 83 100 64
-8.7684965133667 -0.7846837639808655 -0.3101953864097595 67 75 60
-8.432442665100098 -1.065522313117981 -0.3803113102912903 79 102 58
-11.705575942993164 -1.910719394683838 -0.6446252465248108 65 85 34
-10.342982292175293 -2.0766303539276123 -0.6755427718162537 77 97 60
-9.855647087097168 -0.8764234781265259 -0.710290789604187 112 122 88
-8.874424934387207 -1.115706443786621 -0.7296964526176453 86 100 67
-8.067920684814453 -1.3140482902526855 -0.7437695860862732 99 117 77
-8.152446746826172 -1.6351934671401978 -0.8385777473449707 74 109 43
-8.213196754455566 -0.7268995046615601 -0.8974736332893372 67 89 40
-7.579381465911865 -0.9483231902122498 -0.9058308601379395 60 98 21
-6.9228901863098145 -1.1242047548294067 -0.899330735206604 57 91 30
-6.568288326263428 -1.3138705492019653 -0.9251914620399475 40 75 17
-6.4377217292785645 -0.5651205778121948 -0.943579912185669 65 105 42
-5.889826774597168 -0.7345268726348877 -0.924373209476471 64 98 47
-5.828616619110107 -0.9441049098968506 -0.9778150916099548 56 96 33
-5.566653251647949 -1.1131069660186768 -0.9985303282737732 55 81 33
-5.609577655792236 -0.4855184257030487 -1.0356342792510986 150 169 87
-5.1880011558532715 -0.644150972366333 -1.0125908851623535 56 84 33
-4.953604698181152 -0.7999772429466248 -1.022977590560913 54 89 33
-4.683048725128174 -0.9359115362167358 -1.023026943206787 55 68 42
-4.890743255615234 -0.42046424746513367 -1.0930161476135254 46 72 25
-4.431123733520508 -0.5467208027839661 -1.0388916730880737 72 110 53
-11.778657913208008 -2.3777620792388916 2.3348541259765625 61 73 51
-11.86851978302002 -1.0527517795562744 2.2190935611724854 89 112 104
-11.955207824707031 -1.5071009397506714 2.1205897331237793 78 97 93
-11.257164001464844 -1.8403927087783813 1.8953074216842651 77 109 108
-11.077471733093262 -2.2257518768310547 1.7657185792922974 96 107 109
-11.809769630432129 -1.0450477600097656 1.7610912322998047 87 116 111
-14.834921836853027 -1.8609189987182617 2.0714566707611084 75 81 71
-11.258563041687012 -1.832552194595337 1.4695329666137695 82 105 119
-10.294373512268066 -2.0614919662475586 1.2507858276367188 120 165 194
-11.539689064025879 -1.0162768363952637 1.2903860807418823 107 123 113
-12.291953086853027 -1.5356054306030273 1.2558737993240356 47 70 64
-11.873174667358398 -1.9253606796264648 1.1058778762817383 89 124 144
-11.027634620666504 -2.200524091720581 0.9247085452079773 63 78 57
-34.17537307739258 -3.00134015083313 2.5560667514801025 56 74 48
-13.031608581542969 -1.6238511800765991 0.8519957065582275 82 99 63
-12.734097480773926 -2.058354139328003 0.7117025256156921 42 47 41
-12.574085235595703 -2.502267599105835 0.585321307182312 94 108 91
-10.444644927978516 -0.9130417704582214 0.39727529883384705 104 125 106
-11.513906478881836 -1.4300388097763062 0.32773149013519287 53 64 34
-11.772027015686035 -1.897152066230774 0.22291350364685059 88 106 90
-7.880071640014648 -1.5634318590164185 0.0729132741689682 87 95 80
-17.228282928466797 -1.4945356845855713 0.02293829806149006 110 128 106
-8.098050117492676 -1.0013372898101807 -0.06722094863653183 56 69 52
-11.061470985412598 -1.7765008211135864 -0.1998559683561325 83 98 59
-7.8612236976623535 -1.5572682619094849 -0.2199314385652542 81 94 74
-8.765885353088379 -0.7573486566543579 -0.3100193440914154 59 77 55
-12.963848114013672 -1.5977178812026978 -0.5844582319259644 85 94 65
-11.593066215515137 -1.8558577299118042 -0.6381127834320068 69 96 53
-10.22203254699707 -2.0197412967681885 -0.6672351360321045 66 82 46
-9.869221687316895 -0.847121000289917 -0.7110784649848938 68 82 46
-8.862967491149902 -1.086655616760254 -0.7284768223762512 69 89 62
-8.639348983764648 -1.379923701286316 -0.7960546016693115 72 97 55
-8.314579963684082 -1.6411949396133423 -0.8547332286834717 73 94 51
-8.21142578125 -0.7013599276542664 -0.8970407247543335 78 113 49
-7.5921125411987305 -0.9262681007385254 -0.9070084691047668 49 78 20
-6.94197940826416 -1.1054561138153076 -0.9013657569885254 59 78 50
-6.46926212310791 -1.2734332084655762 -0.9106883406639099 52 79 34
-6.271809101104736 -0.5311715602874756 -0.9190188646316528 62 107 42
-5.940114498138428 -0.7222979068756104 -0.931913435459137 58 97 32
-5.900664329528809 -0.9372062683105469 -0.9894148707389832 72 121 30
-5.526556491851807 -1.0874667167663574 -0.9907346963882446 59 97 38
-5.658085346221924 -0.4722326099872589 -1.0443172454833984 60 99 32
-5.187028884887695 -0.627877414226532 -1.012020468711853 55 101 54
-4.979262351989746 -0.788453996181488 -1.0277719497680664 77 118 40
-4.686857223510742 -0.9217284321784973 -1.0232363939285278 65 117 32
-4.8521270751953125 -0.4021521210670471 -1.0841050148010254 64 100 36
-4.390232086181641 -0.5280065536499023 -1.0289198160171509 58 108 21
-10.655545234680176 -2.117036819458008 2.11092472076416 91 107 107
-12.446572303771973 -1.5302660465240479 2.2069039344787598 120 139 117
-11.371849060058594 -1.8233391046524048 1.9136654138565063 78 95 77
-11.127863883972168 -2.200380563735962 1.772666573524475 77 111 121
-23.482933044433594 -2.005417823791504 3.500877857208252 63 70 62
-11.832923889160156 -1.447482943534851 1.6516485214233398 105 124 122
-11.703885078430176 -1.8681970834732056 1.526903748512268 44 76 53
-10.308443069458008 -2.031435251235962 1.2517322301864624 64 85 102
-11.526907920837402 -0.9795224070549011 1.2886148691177368 91 110 116
-11.609236717224121 -1.414156436920166 1.1856715679168701 105 119 122
-11.881976127624512 -1.8893944025039673 1.1061525344848633 95 129 131
-11.239705085754395 -2.207007884979248 0.9419192671775818 78 91 74
-24.134389877319336 -2.044929027557373 1.80459725856781 48 62 39
-11.602115631103516 -1.4095900058746338 0.7582502961158752 59 76 58
-12.738380432128906 -2.0189642906188965 0.7115923166275024 66 78 42
-11.924874305725098 -2.3350625038146973 0.5547645688056946 64 86 39
-10.675423622131348 -0.9002224802970886 0.4059463143348694 67 82 53
-11.78419017791748 -1.4269111156463623 0.33529865741729736 67 80 52
-11.727425575256348 -1.8530687093734741 0.22196024656295776 82 93 77
-12.12952709197998 -2.3678834438323975 0.1121651902794838 93 105 81
-15.976178169250488 -1.3365466594696045 0.021265646442770958 53 58 38
-8.409838676452637 -1.0137046575546265 -0.06978292763233185 53 56 47
-11.056992530822754 -1.7410012483596802 -0.19967760145664215 78 105 52
-7.889512538909912 -1.537732720375061 -0.22058983147144318 87 112 72
-9.077901840209961 -0.7562547922134399 -0.320970743894577 79 96 54
-8.162090301513672 -0.9805177450180054 -0.36783990263938904 113 124 84
-8.78731632232666 -1.379067063331604 -0.4834417700767517 65 95 23
-9.34064769744873 -1.815833568572998 -0.6093369722366333 69 96 41
-10.294239044189453 -0.851795494556427 -0.7415093183517456 84 99 56
-9.2829008102417 -1.1092451810836792 -0.7627092599868774 57 89 24
-8.59434700012207 -1.3457090854644775 -0.791523814201355 63 91 32
-8.022658348083496 -1.558016300201416 -0.8242285847663879 84 94 60
-8.21849250793457 -0.6765721440315247 -0.8975817561149597 82 127 46
-7.5613908767700195 -0.8989853858947754 -0.90300452709198 65 108 37
-6.951218605041504 -1.0850712060928345 -0.9021288752555847 50 85 19
-6.479946136474609 -1.2548980712890625 -0.9116460680961609 53 85 20
-6.27439546585083 -0.5120078921318054 -0.9191633462905884 57 99 35
-5.950152397155762 -0.7050005197525024 -0.9331444501876831 113 136 54
-5.874267578125 -0.9145458936691284 -0.9845136404037476 52 89 35
-5.511495113372803 -1.0669498443603516 -0.987443208694458 71 100 44
-5.624215602874756 -0.4520350992679596 -1.0378049612045288 67 99 52
-5.2123308181762695 -0.6147206425666809 -1.0165842771530151 30 68 29
-4.956483364105225 -0.7692669034004211 -1.0225781202316284 65 105 32
-4.731903553009033 -0.9155176281929016 -1.032452940940857 68 99 57
-4.898096084594727 -0.3908355236053467 -1.0941028594970703 55 84 20
-4.603683948516846 -0.5393550992012024 -1.0785527229309082 76 123 45
-11.709210395812988 -2.2890594005584717 2.3182597160339355 74 80 80
-10.773499488830566 -0.8890321254730225 2.013296365737915 67 80 60
-14.419658660888672 -1.7279597520828247 2.555800199508667 89 121 74
-11.939681053161621 -1.8768303394317627 2.00824236869812 52 57 53
-10.932838439941406 -2.1269850730895996 1.7405513525009155 124 162 165
-12.641084671020508 -1.0404802560806274 1.884070873260498 100 118 94
-11.303228378295898 -1.3475033044815063 1.5771287679672241 95 113 97
-10.910959243774414 -1.7073180675506592 1.4227675199508667 123 133 109
-11.819758415222168 -2.291614532470703 1.434387445449829 80 99 114
-11.443682670593262 -0.9370969533920288 1.278983473777771 123 152 156
-11.633279800415039 -1.3808785676956177 1.1876888275146484 100 127 112
-23.861034393310547 -3.7192068099975586 2.2202703952789307 110 123 97
-11.200430870056152 -2.1636300086975098 0.9380672574043274 67 94 59
-14.144604682922363 -1.154789924621582 1.0573625564575195 104 138 124
-11.5389986038208 -1.3660112619400024 0.7538478970527649 56 69 59
-29.681289672851562 -4.611020088195801 1.6572604179382324 116 135 115
-11.871164321899414 -2.2867512702941895 0.55193692445755 60 66 52
-10.687098503112793 -0.8681946992874146 0.4062870740890503 70 80 71
-11.884805679321289 -1.4021111726760864 0.33803749084472656 72 91 61
-11.990935325622559 -1.857018232345581 0.22683869302272797 82 91 72
-12.1337890625 -2.3300936222076416 0.11213796585798264 100 113 96
-17.204235076904297 -1.3861464262008667 0.022894524037837982 107 111 76
-11.07353687286377 -1.3003273010253906 -0.09185215085744858 112 116 93
-9.752001762390137 -1.5048754215240479 -0.17602664232254028 93 108 65
-15.139453887939453 -2.9026246070861816 -0.42304638028144836 81 100 54
-9.064239501953125 -0.7271219491958618 -0.32040730118751526 71 88 44
-11.940495491027832 -1.3972721099853516 -0.5379250645637512 78 106 45
-11.571666717529297 -1.7796801328659058 -0.6363218426704407 90 103 34
-7.951354503631592 -1.5204519033432007 -0.518399715423584 77 93 56
-9.926929473876953 -0.79074627161026 -0.7148733139038086 65 96 36
-9.260519981384277 -1.0777647495269775 -0.7605951428413391 71 87 22
-8.649621963500977 -1.3271898031234741 -0.7962357997894287 73 96 54
-7.970716953277588 -1.5225682258605957 -0.8184085488319397 124 138 103
-8.213592529296875 -0.6508052945137024 -0.8968243598937988 85 129 50
-7.614422798156738 -0.8816080093383789 -0.9090104103088379 71 121 36
-6.962358474731445 -1.0649397373199463 -0.9031463265419006 53 79 40
-6.472088813781738 -1.232787847518921 -0.9100042581558228 50 76 29
-6.495920181274414 -0.5100279450416565 -0.9513817429542542 60 97 56
-5.930692672729492 -0.6842509508132935 -0.9297590851783752 71 105 44
-5.884848117828369 -0.8977097868919373 -0.9858205914497375 41 80 17
-5.499262809753418 -1.047088384628296 -0.9846715331077576 25 79 17
-5.429460048675537 -0.4196211099624634 -1.0016255378723145 73 105 55
-5.234674453735352 -0.6010783910751343 -1.0205775499343872 66 91 49
-4.917165279388428 -0.7477228045463562 -1.0139883756637573 51 78 25
-4.788482189178467 -0.9112325310707092 -1.0441828966140747 62 111 45
-4.952800273895264 -0.37991246581077576 -1.1060566902160645 78 106 66
-4.451451301574707 -0.5076805353164673 -1.042517900466919 73 104 60
-12.03236198425293 -2.3139302730560303 2.3808226585388184 51 75 51
-11.217179298400879 -0.8910051584243774 2.0956883430480957 95 114 110
-14.44347858428955 -1.6858822107315063 2.559093475341797 111 146 150
-12.006806373596191 -1.8496533632278442 2.018568754196167 83 109 96
-11.182882308959961 -2.140044927597046 1.7793056964874268 78 100 62
-11.387991905212402 -1.3221865892410278 1.5883821249008179 95 109 96
-11.494549751281738 -1.7625256776809692 1.4981544017791748 88 109 126
-10.324615478515625 -1.968889594078064 1.2522053718566895 87 124 142
-12.047908782958984 -0.9493744969367981 1.346181869506836 105 118 100
-11.731352806091309 -1.356034517288208 1.1972711086273193 100 127 108
-11.659062385559082 -1.7806706428527832 1.0843627452850342 64 66 81
-23.760324478149414 -4.514301300048828 1.9888241291046143 80 94 68
-24.06396484375 -1.8903228044509888 1.798430323600769 105 140 110
-10.378313064575195 -1.1963319778442383 0.6777768135070801 91 112 79
-11.956890106201172 -1.81996488571167 0.667300283908844 78 88 61
-12.031238555908203 -2.279327869415283 0.5590516328811646 84 102 76
-10.70764446258545 -0.8368044495582581 0.4069686233997345 81 95 72
-11.877135276794434 -1.3642737865447998 0.33769869804382324 69 86 70
-11.869058609008789 -1.8008737564086914 0.2244275063276291 65 76 42
-10.540241241455078 -1.9905692338943481 0.09735383093357086 90 105 84
-17.14559555053711 -1.3284913301467896 0.022810958325862885 77 79 68
-8.473522186279297 -0.9686710834503174 -0.07026071846485138 87 96 69
-11.19499683380127 -1.6924033164978027 -0.20197848975658417 85 97 57
-7.948896884918213 -1.4987404346466064 -0.22198891639709473 79 101 54
-14.18005657196045 -1.093733310699463 -0.5011228322982788 85 103 65
-11.911971092224121 -1.3569015264511108 -0.5364499688148499 64 68 51
-11.73900318145752 -1.7685664892196655 -0.6452222466468811 54 87 18
-10.297072410583496 -1.9362713098526 -0.6709416508674622 77 100 54
-10.454416275024414 -0.8004946112632751 -0.7526791095733643 68 89 50
-9.457893371582031 -1.0713363885879517 -0.7765323519706726 58 95 26
-8.579791069030762 -1.2895454168319702 -0.7894396781921387 61 82 25
-7.4042863845825195 -1.39083731174469 -0.7598074674606323 87 114 45
-8.227445602416992 -0.6265090703964233 -0.8981228470802307 79 108 52
-7.734520435333252 -0.8714742064476013 -0.9230241775512695 82 122 51
-6.944993495941162 -1.040488362312317 -0.9004754424095154 54 88 27
-6.469025135040283 -1.2116494178771973 -0.9090465307235718 79 127 51
-6.6424994468688965 -0.5010369420051575 -0.9726198315620422 69 102 57
-5.919999122619629 -0.6646195650100708 -0.9277586340904236 40 76 4
-5.875865459442139 -0.8779017329216003 -0.9838600754737854 61 98 46
-5.513097286224365 -1.0322057008743286 -0.986577033996582 46 91 10
-5.662191867828369 -0.420136958360672 -1.0443172454833984 77 118 60
-5.2657647132873535 -0.5882859230041504 -1.0262823104858398 54 84 20
-4.9426960945129395 -0.7360976934432983 -1.018782615661621 41 102 0
-4.717248439788818 -0.8826892375946045 -1.028054118156433 44 68 32
-4.9831461906433105 -0.36686572432518005 -1.112576961517334 80 113 58
-4.479125022888184 -0.49692100286483765 -1.04863703250885 129 136 120
-11.767404556274414 -2.2255613803863525 2.327033758163452 92 101 80
-11.57765007019043 -0.8839027881622314 2.162517547607422 113 122 117
-11.041203498840332 -1.2544360160827637 1.9555877447128296 92 111 105
-12.333341598510742 -1.8612382411956787 2.072495698928833 48 49 35
-11.655458450317383 -2.193434476852417 1.8534177541732788 63 76 48
-23.03881072998047 -1.7540589570999146 3.432115077972412 79 101 78
-11.511092185974121 -1.3006999492645264 1.6049878597259521 113 124 107
-27.838102340698242 -4.181203365325928 3.626619815826416 93 115 92
-10.270097732543945 -1.9258581399917603 1.2448707818984985 119 170 174
-12.291582107543945 -0.930640697479248 1.3730833530426025 113 129 103
-12.076546669006348 -1.3584035634994507 1.2320696115493774 143 162 132
-11.638864517211914 -1.7410624027252197 1.0819823741912842 79 98 70
-23.591840744018555 -4.407342433929443 1.973580241203308 83 98 93
-34.42939376831055 -2.5983150005340576 2.5724871158599854 113 129 116
-11.692939758300781 -1.3115346431732178 0.7633647918701172 69 81 69
-11.838972091674805 -1.7648706436157227 0.6604140996932983 77 91 78
-12.032282829284668 -2.2413082122802734 0.5587779879570007 59 71 49
-11.143630027770996 -0.8364879488945007 0.42343974113464355 111 126 93
-10.546112060546875 -1.1786144971847534 0.2997499108314514 60 73 55
-11.495753288269043 -1.708168864250183 0.217268705368042 97 112 83
-12.0800199508667 -2.24300217628479 0.11151175200939178 88 97 92
-11.505193710327148 -0.8559553027153015 0.015303252264857292 116 127 110
-10.516806602478027 -1.1695785522460938 -0.08717305213212967 75 81 69
-16.019834518432617 -2.3715498447418213 -0.2888948619365692 74 97 68
-7.96230411529541 -1.475986361503601 -0.22223584353923798 68 81 63
-13.777708053588867 -1.020188331604004 -0.4867909252643585 73 113 43
-11.910120964050293 -1.3196896314620972 -0.5361817479133606 36 40 17
-11.612003326416016 -1.7130160331726074 -0.6379499435424805 60 90 30
-10.309833526611328 -1.905941128730774 -0.6713889837265015 66 89 37
-9.473014831542969 -0.6961222887039185 -0.6818649172782898 67 103 42
-9.481939315795898 -1.0446069240570068 -0.778239905834198 76 95 65
-8.583706855773926 -1.2632169723510742 -0.7894396781921387 55 81 36
-7.827277183532715 -1.4454460144042969 -0.802754819393158 79 102 46
-8.243209838867188 -0.6022788882255554 -0.899637758731842 84 116 67
-7.746042251586914 -0.8487144112586975 -0.9240840673446655 69 102 49
-6.985445499420166 -1.0246466398239136 -0.9053085446357727 62 101 57
-6.4756340980529785 -1.1923351287841797 -0.9094569683074951 38 73 9
-6.544325828552246 -0.47344446182250977 -0.9580276608467102 51 97 50
-5.95049524307251 -0.6495636105537415 -0.9322211742401123 46 87 21
-5.852174758911133 -0.8560153841972351 -0.9794488549232483 75 122 44
-5.487180233001709 -1.0099385976791382 -0.981380045413971 72 104 37
-5.643833637237549 -0.40136829018592834 -1.0406993627548218 52 81 35
-5.295848846435547 -0.575202226638794 -1.0317968130111694 42 96 20
-4.994380474090576 -0.7281394600868225 -1.0289703607559204 34 66 19
-4.68050479888916 -0.8609598875045776 -1.0194660425186157 68 102 42
-4.901485919952393 -0.34573808312416077 -1.0941028594970703 69 101 52
-4.481596946716309 -0.48328131437301636 -1.0488636493682861 51 88 18
-12.222947120666504 -2.2728993892669678 2.4157280921936035 92 126 127
-11.579326629638672 -0.8483070731163025 2.162334442138672 75 97 85
-10.88054370880127 -1.2023825645446777 1.9264696836471558 112 125 108
-8.71263313293457 -1.2875068187713623 1.4634008407592773 83 107 111
-11.954560279846191 -2.2117691040039062 1.8998920917510986 88 108 99
-30.833633422851562 -2.252394676208496 4.59226655960083 100 123 97
-12.226901054382324 -1.3436055183410645 1.7042102813720703 121 138 132
-14.34488296508789 -2.109578847885132 1.8679333925247192 93 112 92
-10.557196617126465 -1.9461863040924072 1.27894127368927 106 160 170
-11.597535133361816 -0.8423153758049011 1.2952572107315063 64 81 65
-12.082635879516602 -1.3215632438659668 1.2322713136672974 59 67 52
-11.561386108398438 -1.6932252645492554 1.0742918252944946 43 58 51
-23.966960906982422 -4.401368141174316 2.003821849822998 30 48 22
-14.208343505859375 -1.0284452438354492 1.0613747835159302 80 108 94
-11.992530822753906 -1.307895302772522 0.7826577425003052 74 89 60
-11.864089965820312 -1.7314246892929077 0.6615158915519714 80 96 83
-9.383070945739746 -1.718058705329895 0.4355020523071289 67 78 70
-11.195979118347168 -0.8058829307556152 0.4253329932689667 95 113 99
-10.616260528564453 -1.153488278388977 0.3016417324542999 92 109 75
-9.891164779663086 -1.43873929977417 0.18685781955718994 75 92 56
-12.086844444274902 -2.205930709838867 0.11151175200939178 96 112 86
-11.521730422973633 -0.8216496706008911 0.015321822836995125 100 111 95
-11.861485481262207 -1.2822926044464111 -0.09828592091798782 69 73 58
-16.0408878326416 -2.3243978023529053 -0.2891445755958557 91 115 57
-8.190033912658691 -1.4922255277633667 -0.22846314311027527 80 93 76
-14.142638206481934 -1.003592848777771 -0.49957340955734253 68 106 47
-11.958809852600098 -1.2879574298858643 -0.5381932854652405 53 55 52
-8.302520751953125 -1.1987829208374023 -0.4559266269207001 68 98 34
-7.954211235046387 -1.4452428817749023 -0.5176967978477478 65 101 40
-9.475106239318848 -0.6670562028884888 -0.6818649172782898 75 101 56
-9.596095085144043 -1.027395486831665 -0.7873468995094299 61 93 17
-8.465312957763672 -1.2192716598510742 -0.7782033681869507 80 96 51
-7.593788146972656 -1.3782497644424438 -0.7783711552619934 85 118 65
-8.279727935791016 -0.5794152021408081 -0.9034249782562256 105 150 91
-7.750584602355957 -0.8251560926437378 -0.9243196249008179 74 101 48
-6.91982889175415 -0.9933449625968933 -0.8964055180549622 78 113 57
-6.506555080413818 -1.1774014234542847 -0.9132879376411438 30 59 15
-6.441110134124756 -0.44611722230911255 -0.9427130222320557 80 121 42
-5.894488334655762 -0.6251562833786011 -0.9231420755386353 64 104 41
-5.842077255249023 -0.8362398743629456 -0.9773249626159668 54 91 39
-5.519327163696289 -0.9983584880828857 -0.986577033996582 28 65 13
-5.641113758087158 -0.38378432393074036 -1.039975643157959 63 104 38
-5.292707443237305 -0.5584370493888855 -1.030846118927002 39 57 33
-5.071282386779785 -0.723469078540802 -1.0443520545959473 67 111 48
-4.735084056854248 -0.8559893369674683 -1.030777096748352 81 114 61
-4.909340858459473 -0.33115875720977783 -1.0956242084503174 57 80 51
-4.656452178955078 -0.4876899719238281 -1.0894311666488647 74 119 62
-10.73311710357666 -1.9618122577667236 2.1200804710388184 80 94 95
-11.624043464660645 -0.8157375454902649 2.1702075004577637 124 144 145
-11.116259574890137 -1.193921685218811 1.967546820640564 86 114 91
-12.306452751159668 -1.780019760131836 2.066102981567383 109 126 108
-11.773680686950684 -2.1409671306610107 1.8700928688049316 76 94 82
-12.236876487731934 -1.3067187070846558 1.705033779144287 88 104 68
-12.784515380859375 -1.84005606174469 1.6640056371688843 110 139 111
-10.655939102172852 -1.930605173110962 1.2901796102523804 70 79 60
-29.351139068603516 -2.0412354469299316 3.2773330211639404 57 90 107
-10.16337776184082 -1.0800970792770386 1.0361891984939575 66 77 60
-11.58525562286377 -1.6604317426681519 1.0760313272476196 63 76 46
-11.086867332458496 -2.0008857250213623 0.9264296293258667 85 103 81
-14.00450325012207 -0.9705097079277039 1.0459203720092773 87 101 86
-10.388884544372559 -1.100761890411377 0.6777768135070801 51 58 42
-11.878242492675781 -1.6962883472442627 0.6620116829872131 50 68 54
-12.851025581359863 -2.3123223781585693 0.5961301922798157 45 56 48
-11.249241828918457 -0.7750332355499268 0.4272640645503998 65 78 58
-10.365263938903809 -1.094051718711853 0.29441338777542114 54 63 44
-12.153380393981934 -1.7297362089157104 0.22949287295341492 77 77 67
-12.094539642333984 -2.1690149307250977 0.11152081936597824 86 99 71
-14.015402793884277 -0.9562729597091675 0.018633967265486717 101 118 99
-8.220526695251465 -0.8631780743598938 -0.0680941641330719 96 122 95
-11.427886962890625 -1.620172142982483 -0.20590247213840485 76 90 73
-14.888579368591309 -2.665534019470215 -0.41509076952934265 90 117 84
-13.090734481811523 -0.8885920643806458 -0.4623175859451294 74 90 51
-8.046011924743652 -0.8415881991386414 -0.36198416352272034 52 71 52
-8.315058708190918 -1.1745625734329224 -0.4564150869846344 87 98 64
-7.947800636291504 -1.4189034700393677 -0.5169937610626221 71 100 46
-10.579768180847168 -0.7122131586074829 -0.7611997723579407 78 100 53
-9.542695045471191 -0.9920756220817566 -0.7827121019363403 76 102 39
-8.428581237792969 -1.1875977516174316 -0.774488091468811 104 110 76
-7.939826011657715 -1.4159069061279297 -0.8133912682533264 94 120 57
-8.29039478302002 -0.5546078681945801 -0.9043989181518555 75 114 51
-7.758018493652344 -0.8018842935562134 -0.9249083995819092 47 90 21
-7.073126792907715 -0.993213415145874 -0.915864884853363 41 85 8
-6.516963481903076 -1.1586477756500244 -0.9142457246780396 31 69 10
-6.615234375 -0.43778887391090393 -0.9679965376853943 64 101 49
-6.054624557495117 -0.6233617067337036 -0.9479172229766846 51 92 13
-5.826051712036133 -0.8157135248184204 -0.9742208123207092 39 75 27
-5.579575538635254 -0.9915882349014282 -0.9967979192733765 67 99 50
-5.638339042663574 -0.3662208616733551 -1.0392521619796753 90 129 48
-5.340297698974609 -0.5468974709510803 -1.0397835969924927 51 75 41
-5.076389789581299 -0.7083134651184082 -1.044951319694519 76 105 59
-4.800266742706299 -0.8525728583335876 -1.0443923473358154 41 87 14
-5.000922679901123 -0.32192710041999817 -1.1158370971679688 66 92 53
-4.677306652069092 -0.47537150979042053 -1.093963861465454 76 116 56
-11.815408706665039 -2.1221954822540283 2.3325653076171875 64 85 76
-30.191801071166992 -2.02569842338562 5.635618209838867 111 121 130
-12.275740623474121 -1.2803702354431152 2.1720662117004395 38 41 32
-12.47399616241455 -1.765200138092041 2.0933122634887695 85 97 87
-11.758796691894531 -2.101012706756592 1.8666960000991821 60 71 63
-12.237871170043945 -1.2688639163970947 1.7046220302581787 67 84 78
-10.034282684326172 -1.4128104448318481 1.3054708242416382 78 95 111
-10.818230628967285 -1.9257479906082153 1.309107780456543 46 101 72
-14.626072883605957 -0.9720956683158875 1.6327990293502808 102 117 86
-12.320115089416504 -1.271088719367981 1.2556720972061157 70 86 75
-11.663270950317383 -1.635111689567566 1.0828063488006592 109 119 108
-11.104729652404785 -1.9689502716064453 0.9274131059646606 98 118 93
-24.678403854370117 -1.634149193763733 1.8427129983901978 70 78 67
-12.5780611038208 -1.293708086013794 0.820337176322937 58 61 50
-11.850757598876953 -1.655280351638794 0.6601937413215637 126 139 130
-26.291587829589844 -4.647494316101074 1.2189404964447021 69 85 72
-11.261537551879883 -0.7411736845970154 0.42764270305633545 99 103 80
-10.356639862060547 -1.0610240697860718 0.29407456517219543 50 65 44
-9.92357349395752 -1.3813294172286987 0.18730641901493073 59 72 55
-11.35466480255127 -2.0003905296325684 0.10464152693748474 89 100 86
-14.04920482635498 -0.9152851700782776 0.01867508888244629 106 117 100
-12.02332592010498 -1.2252006530761719 -0.09956279397010803 52 58 48
-7.997218608856201 -1.1087766885757446 -0.14402829110622406 62 81 62
-10.810953140258789 -1.9012959003448486 -0.30124327540397644 101 120 75
-12.766287803649902 -0.827229917049408 -0.45076754689216614 90 104 69
-8.198634147644043 -0.8321318030357361 -0.3687339127063751 91 106 85
-8.291915893554688 -1.1453577280044556 -0.4549497663974762 67 89 50
-7.984553813934326 -1.400201678276062 -0.5191026329994202 80 107 38
-10.600815773010254 -0.6809664368629456 -0.762560248374939 70 96 33
-9.54866886138916 -0.9630944728851318 -0.782956063747406 85 100 57
-8.449944496154785 -1.1641803979873657 -0.7761192321777344 70 86 49
-8.001954078674316 -1.4016696214675903 -0.8193116188049316 98 124 77
-8.299993515014648 -0.529677152633667 -0.9052645564079285 55 101 39
-7.76933479309082 -0.7789708375930786 -0.9259682893753052 69 104 50
-7.0938286781311035 -0.9739371538162231 -0.918154239654541 106 145 66
-6.597578048706055 -1.1521106958389282 -0.925054669380188 51 72 53
-6.609633922576904 -0.4170553684234619 -0.9669852256774902 68 99 58
-6.106651782989502 -0.6097906231880188 -0.9557652473449707 44 79 15
-5.83048152923584 -0.7981032133102417 -0.9745475053787231 77 109 62
-5.578711032867432 -0.973788321018219 -0.9961050748825073 46 76 26
-5.632564544677734 -0.34849581122398376 -1.037985920906067 60 103 32
-5.351719856262207 -0.5314812660217285 -1.0416851043701172 48 79 37
-5.0775675773620605 -0.6926034688949585 -1.044751524925232 59 93 33
-4.8346476554870605 -0.8433871269226074 -1.0513046979904175 73 115 51
-5.028192043304443 -0.3081953227519989 -1.1217052936553955 108 130 91
-4.645787239074707 -0.45777222514152527 -1.0862582921981812 55 84 36
-11.829597473144531 -2.0873007774353027 2.3340911865234375 77 105 91
-10.924408912658691 -0.6993061304092407 2.0387463569641113 118 150 165
-12.340362548828125 -1.24885094165802 2.182812213897705 120 137 119
-12.494987487792969 -1.7290856838226318 2.0959348678588867 79 97 85
-11.735993385314941 -2.0598034858703613 1.8620641231536865 105 138 153
-11.420221328735352 -0.728643000125885 1.6998218297958374 74 92 112
-10.463747024536133 -1.0524793863296509 1.4570462703704834 105 138 147
-12.678642272949219 -1.7454804182052612 1.6488003730773926 104 119 100
-11.74060344696045 -2.052798271179199 1.419954776763916 56 57 51
-11.464943885803223 -0.7266746759414673 1.279647707939148 118 151 122
-29.800630569458008 -2.9822139739990234 3.0363478660583496 88 118 92
-11.5518159866333 -1.5833648443222046 1.0720030069351196 83 101 89
-11.401348114013672 -1.9854837656021118 0.9516719579696655 96 104 93
-13.92559814453125 -0.8792202472686768 1.039604902267456 64 68 71
-12.580978393554688 -1.2550139427185059 0.8202724456787109 82 90 77
-11.836983680725098 -1.6163482666015625 0.6591470241546631 64 71 40
-12.787217140197754 -2.2199277877807617 0.5925272107124329 88 102 89
-11.272734642028809 -0.7071833610534668 0.42798349261283875 120 136 110
-10.357855796813965 -1.0290476083755493 0.29401808977127075 73 87 72
-11.879434585571289 -1.6164429187774658 0.22412844002246857 64 69 62
-12.188417434692383 -2.1087422370910645 0.11226502805948257 79 94 65
-14.33639907836914 -0.889833927154541 0.019053125753998756 72 82 71
-11.912590026855469 -1.1770009994506836 -0.09861543774604797 53 67 41
-8.30277156829834 -1.1251888275146484 -0.14946836233139038 86 97 63
-15.034680366516113 -2.596585512161255 -0.41871193051338196 69 110 42
-14.3388032913208 -0.884958803653717 -0.5061935782432556 86 94 53
-8.799656867980957 -0.8658667206764221 -0.39564359188079834 79 98 68
-8.217217445373535 -1.1093592643737793 -0.45066243410110474 74 104 52
-10.275404930114746 -1.7694573402404785 -0.6676824688911438 58 84 23
-10.559050559997559 -0.6457613706588745 -0.7594097852706909 69 102 47
-9.557530403137207 -0.9343768358230591 -0.7834439277648926 87 112 72
-8.604483604431152 -1.1585838794708252 -0.789983332157135 80 96 49
-7.757156848907471 -1.3342736959457397 -0.7938241958618164 64 95 35
-8.3164644241333 -0.5051146745681763 -0.9068877100944519 62 94 47
-7.77662992477417 -0.7556113600730896 -0.9265571236610413 41 75 15
-6.919830799102783 -0.9284274578094482 -0.8952608704566956 53 95 23
-6.593271255493164 -1.1305248737335205 -0.9239600896835327 67 88 47
-6.585201263427734 -0.39523398876190186 -0.9632288217544556 73 101 52
-6.129147052764893 -0.5930511951446533 -0.9589967727661133 70 107 56
-5.822146415710449 -0.7787730693817139 -0.9727504253387451 94 128 91
-5.556433200836182 -0.952342689037323 -0.9916009306907654 68 95 52
-5.627716541290283 -0.33086737990379333 -1.036900520324707 61 105 28
-5.38264274597168 -0.5178806781768799 -1.0473898649215698 48 92 41
-5.078697681427002 -0.6768929958343506 -1.0445517301559448 54 105 26
-4.855524063110352 -0.8316872119903564 -1.0552845001220703 48 90 26
-4.96187686920166 -0.28885340690612793 -1.1067086458206177 74 118 67
-4.657835006713867 -0.44453489780426025 -1.0887513160705566 47 85 28
-11.775010108947754 -2.0404391288757324 2.3220746517181396 94 106 92
-10.919633865356445 -0.6653686761856079 2.0374646186828613 37 50 41
-15.267953872680664 -1.497817873954773 2.6998305320739746 79 89 80
-12.527605056762695 -1.6944457292556763 2.100524425506592 90 108 96
-11.720836639404297 -2.02009654045105 1.858667254447937 61 77 64
-11.30589771270752 -0.6865283250808716 1.6824841499328613 69 90 81
-10.497488975524902 -1.0233515501022339 1.4613006114959717 94 96 95
-12.492263793945312 -1.6807856559753418 1.6238844394683838 83 114 73
-11.28296184539795 -1.9371265172958374 1.3638805150985718 84 124 134
-11.386763572692871 -0.6866515874862671 1.270680546760559 68 75 83
-11.541814804077148 -1.5459338426589966 1.0706297159194946 94 107 79
-11.774795532226562 -2.013317346572876 0.9823235273361206 76 85 64
-10.212244033813477 -0.6133205890655518 0.7622432112693787 85 112 93
-12.58178997039795 -1.2161221504211426 0.8200781941413879 92 108 108
-11.672646522521973 -1.5574440956115723 0.6497266888618469 75 83 60
-12.806769371032715 -2.182868719100952 0.5931201577186584 95 107 83
-11.292805671691895 -0.6736668944358826 0.42866504192352295 49 67 43
-10.292309761047363 -0.9906571507453918 0.29206982254981995 31 57 28
-11.885329246520996 -1.5801215171813965 0.22414712607860565 99 113 96
-12.216517448425293 -2.0750224590301514 0.11246468126773834 82 93 76
-14.686457633972168 -0.866338849067688 0.01951473206281662 53 66 57
-11.87334156036377 -1.1363515853881836 -0.09826120734214783 76 85 80
-8.330965042114258 -1.1029918193817139 -0.14991427958011627 99 112 95
-7.886437892913818 -1.3371344804763794 -0.2195199579000473 88 116 78
-14.404303550720215 -0.8446493744850159 -0.5084120035171509 73 90 58
-12.991082191467285 -1.2380636930465698 -0.5839218497276306 82 86 59
-8.067138671875 -1.0639076232910156 -0.44225046038627625 65 76 42
-8.456457138061523 -1.4295294284820557 -0.5492020845413208 74 97 68
-10.430537223815918 -0.6057876348495483 -0.7500298619270325 89 122 53
-9.251761436462402 -0.8758370280265808 -0.7581557631492615 53 74 31
-8.690937042236328 -1.143088936805725 -0.7975949645042419 72 78 52
-7.721971035003662 -1.3038426637649536 -0.7898104190826416 82 107 52
-8.321945190429688 -0.4798266589641571 -0.907320499420166 115 141 80
-7.796707630157471 -0.7334234714508057 -0.9286767840385437 57 86 40
-7.090819835662842 -0.9292320013046265 -0.9170095920562744 73 107 56
-6.721746444702148 -1.1313368082046509 -0.9414733648300171 69 91 53
-6.617995738983154 -0.3768290877342224 -0.9678521156311035 69 105 41
-6.1604509353637695 -0.5770087838172913 -0.9636132121086121 67 101 41
-5.725704669952393 -0.7479996681213379 -0.9562492370605469 74 113 50
-5.516594886779785 -0.9281017184257507 -0.9839785099029541 46 95 16
-5.64834451675415 -0.31469443440437317 -1.0405184030532837 52 88 42
-5.384206295013428 -0.5013644695281982 -1.0473898649215698 60 78 52
-5.093381881713867 -0.662952721118927 -1.0471487045288086 82 131 50
-4.856124401092529 -0.8164625763893127 -1.0548655986785889 60 93 50
-5.051429748535156 -0.27851930260658264 -1.1264867782592773 110 151 83
-4.617473125457764 -0.42639169096946716 -1.0790059566497803 42 76 25
-14.860687255859375 -1.4118471145629883 2.62703537940979 61 61 71
-11.956717491149902 -1.5798908472061157 2.0039806365966797 61 76 69
-11.731849670410156 -1.9849520921707153 1.8594392538070679 110 137 167
-28.54193687438965 -1.6452804803848267 4.246689319610596 99 109 100
-11.779622077941895 -1.1118686199188232 1.6392971277236938 111 130 108
-11.907352447509766 -1.5649107694625854 1.5472197532653809 105 124 131
-10.125597953796387 -1.706459403038025 1.2233401536941528 73 99 72
-11.433466911315918 -0.6542693376541138 1.2756623029708862 97 123 114
-12.363980293273926 -1.1607122421264648 1.2590006589889526 64 74 65
-11.817047119140625 -1.5459095239639282 1.0957154035568237 49 57 44
-11.797625541687012 -1.9799875020980835 0.9837167263031006 72 84 62
-10.211090087890625 -0.5818167924880981 0.7620202898979187 114 146 125
-10.251582145690918 -0.9591545462608337 0.6680008769035339 35 37 23
-11.660537719726562 -1.5194323062896729 0.648790180683136 102 108 104
-11.606452941894531 -1.9416553974151611 0.5372514724731445 87 100 72
-11.193056106567383 -0.6332604885101318 0.42480286955833435 79 102 86
-10.214681625366211 -0.9515659213066101 0.28978273272514343 97 100 83
-11.867316246032715 -1.5406898260116577 0.22371724247932434 83 102 83
-11.666526794433594 -1.9447983503341675 0.1073460578918457 84 95 81
-14.634132385253906 -0.8182070255279541 0.019441775977611542 110 123 93
-11.869802474975586 -1.0992738008499146 -0.09820354729890823 55 75 48
-8.059638977050781 -1.041919231414795 -0.14497360587120056 77 97 69
-8.390438079833984 -1.396119236946106 -0.23342855274677277 89 102 74
-13.1405668258667 -0.7300993204116821 -0.46372610330581665 63 98 16
-9.253449440002441 -0.8532245755195618 -0.415803462266922 58 65 49
-8.176332473754883 -1.052797555923462 -0.4480574131011963 87 98 66
-9.1204195022583 -1.5130035877227783 -0.5920186042785645 79 91 53
-10.316819190979004 -0.5674302577972412 -0.7417240738868713 77 111 35
-9.61866569519043 -0.8808051347732544 -0.7879973649978638 62 77 22
-8.846521377563477 -1.1359530687332153 -0.811549723148346 77 93 46
-7.281283855438232 -1.2064696550369263 -0.7443544268608093 72 97 39
-8.330326080322266 -0.45467227697372437 -0.9080779552459717 78 114 50
-7.822656154632568 -0.7116593718528748 -0.9315031170845032 65 110 45
-7.263845443725586 -0.9292476177215576 -0.9390127658843994 74 108 47
-6.7173662185668945 -1.1094180345535278 -0.940378725528717 67 94 41
-6.64382266998291 -0.35785409808158875 -0.9714640378952026 54 96 30
-6.125782012939453 -0.5548084378242493 -0.9579195976257324 54 96 33
-5.748524188995361 -0.7330506443977356 -0.9596801400184631 61 93 44
-5.5592570304870605 -0.91774982213974 -0.991081178188324 60 95 29
-5.662051200866699 -0.2980361580848694 -1.042870044708252 48 79 22
-5.360296249389648 -0.48255497217178345 -1.0424457788467407 77 115 66
-5.094419956207275 -0.647199809551239 -1.0469489097595215 35 91 18
-4.871148586273193 -0.803629457950592 -1.0575886964797974 93 133 83
-5.070781230926514 -0.2639846205711365 -1.130616307258606 79 119 59
-4.662415027618408 -0.4161197245121002 -1.0892045497894287 56 84 35
-11.377744674682617 -1.899764895439148 2.241391181945801 69 82 75
-11.25389575958252 -1.0343538522720337 1.9888653755187988 64 83 90
-11.528092384338379 -1.4872839450836182 1.9313678741455078 64 68 69
-9.278806686401367 -1.5406463146209717 1.4698880910873413 64 84 91
-14.133668899536133 -0.7712275385856628 2.1025543212890625 85 105 78
-11.907268524169922 -1.0870710611343384 1.6565889120101929 52 66 51
-11.342513084411621 -1.455291986465454 1.473238468170166 112 138 127
-10.223854064941406 -1.6907778978347778 1.2345787286758423 60 106 60
-11.472138404846191 -0.6211770176887512 1.2797584533691406 96 122 95
-12.480437278747559 -1.1330291032791138 1.2704992294311523 108 124 88
-11.816795349121094 -1.5090173482894897 1.0952576398849487 89 104 85
-11.540096282958984 -1.9003833532333374 0.9617525935173035 46 57 49
-24.063276290893555 -1.2970471382141113 1.7954583168029785 128 141 124
-35.368900299072266 -3.199741840362549 2.304013729095459 71 81 72
-9.971385955810547 -1.2682275772094727 0.5545869469642639 114 116 92
-12.098339080810547 -1.9858070611953735 0.5597357153892517 79 98 68
-11.07819652557373 -0.5926716923713684 0.42037269473075867 97 112 79
-10.565008163452148 -0.9515160322189331 0.29963698983192444 99 114 111
-11.77775764465332 -1.4923344850540161 0.22194154560565948 81 91 66
-11.367502212524414 -1.8591253757476807 0.10454170405864716 98 100 87
-14.764395713806152 -0.7800596356391907 0.01961156167089939 97 112 89
-12.179882049560547 -1.0903133153915405 -0.10074081271886826 62 65 58
-8.120332717895508 -1.0244462490081787 -0.14600811898708344 95 106 92
-15.013545989990234 -2.450852870941162 -0.41747742891311646 72 108 38
-14.550931930541992 -0.7636882066726685 -0.5134122967720032 69 95 32
-12.695937156677246 -1.1313722133636475 -0.5703328847885132 76 105 75
-8.238966941833496 -1.0351767539978027 -0.4513136148452759 71 92 53
-10.457719802856445 -1.7019007205963135 -0.6784824728965759 63 91 51
-10.079449653625488 -0.5233630537986755 -0.7245396375656128 89 128 49
-9.44162368774414 -0.8353917002677917 -0.7732798457145691 70 107 55
-8.830202102661133 -1.1063309907913208 -0.809737503528595 80 102 56
-8.106938362121582 -1.3177343606948853 -0.828342616558075 82 92 65
-8.335654258728027 -0.4293176233768463 -0.9085108041763306 60 84 24
-7.857447147369385 -0.6905252933502197 -0.9353892803192139 73 95 56
-7.258788108825684 -0.905975341796875 -0.9379952549934387 60 105 40
-6.79701042175293 -1.1011607646942139 -0.951050877571106 82 135 57
-6.617218494415283 -0.3360641598701477 -0.9674186110496521 78 128 59
-6.151079177856445 -0.5380787253379822 -0.9616127610206604 64 105 29
-5.810466289520264 -0.7228403687477112 -0.9696462154388428 67 97 47
-5.447324752807617 -0.8821125030517578 -0.9706393480300903 68 113 22
-5.671779632568359 -0.2811019718647003 -1.044498085975647 65 93 45
-5.357839107513428 -0.46576741337776184 -1.0416851043701172 74 112 53
-5.102215766906738 -0.6322903633117676 -1.0481475591659546 74 121 51
-4.8562164306640625 -0.7858695387840271 -1.0538183450698853 95 138 59
-5.078392028808594 -0.24876073002815247 -1.1321377754211426 70 97 54
-4.754886150360107 -0.40967270731925964 -1.1105080842971802 91 123 74
-12.525649070739746 -2.0519533157348633 2.4662742614746094 58 77 49
-11.188414573669434 -0.5784421563148499 2.086533784866333 68 82 67
-11.300180435180664 -1.0036563873291016 1.996491551399231 71 102 94
-11.951505661010742 -1.5046476125717163 2.0015218257904053 88 98 90
-9.292265892028809 -1.5136016607284546 1.4712777137756348 82 97 102
-11.370019912719727 -0.5854434967041016 1.6911529302597046 75 96 91
-11.984635353088379 -1.5003199577331543 1.5560362339019775 82 99 65
-10.236834526062012 -1.6606755256652832 1.2355250120162964 53 53 43
-11.47895336151123 -0.586231529712677 1.280311942100525 103 140 123
-33.14524841308594 -2.906573534011841 3.3732380867004395 62 74 62
-9.799592971801758 -1.2208751440048218 0.9079387187957764 70 87 69
-11.438628196716309 -1.8476471900939941 0.9528193473815918 67 75 77
-10.72738265991211 -0.5452207326889038 0.8002848029136658 72 82 73
-10.338791847229004 -0.9033565521240234 0.6733096837997437 59 82 40
-9.98910140991211 -1.2393509149551392 0.5553582310676575 74 95 64
-12.305571556091309 -1.9810711145401 0.5690395832061768 53 59 45
-11.169784545898438 -0.5632105469703674 0.42378053069114685 33 45 25
-11.848530769348145 -1.0304782390594482 0.33594807982444763 59 77 61
-11.782279968261719 -1.4561938047409058 0.22194154560565948 56 68 54
-11.436341285705566 -1.8343770503997803 0.10512252897024155 69 88 68
-14.616904258728027 -0.7273049354553223 0.01941259391605854 79 96 77
-11.951042175292969 -1.032879114151001 -0.09882137924432755 56 66 55
-11.842792510986328 -1.4571675062179565 -0.212858647108078 63 75 55
-15.006189346313477 -2.4024100303649902 -0.41706594824790955 98 121 67
-14.564186096191406 -0.7195854187011719 -0.5137996673583984 55 78 36
-8.75985336303711 -0.7535352110862732 -0.39340856671333313 80 91 75
-11.832910537719727 -1.4498722553253174 -0.647935688495636 65 93 32
-10.373212814331055 -1.6554967164993286 -0.6726670861244202 60 85 28
-10.470539093017578 -0.5114651322364807 -0.7525359392166138 78 110 47
-9.603034019470215 -0.8199887871742249 -0.7862898111343384 73 93 21
-8.763368606567383 -1.07066011428833 -0.8033037781715393 61 97 23
-8.332016944885254 -1.3280948400497437 -0.8509201407432556 86 110 60
-8.366720199584961 -0.405184805393219 -0.9117570519447327 103 129 81
-7.9396772384643555 -0.6732115745544434 -0.9449280500411987 86 104 52
-7.323564052581787 -0.8912502527236938 -0.9460079073905945 57 97 27
-6.802313804626465 -1.080613613128662 -0.9513245820999146 68 107 42
-6.539147853851318 -0.3119887113571167 -0.9558604955673218 67 121 27
-6.180269718170166 -0.521531343460083 -0.9659215211868286 72 123 31
-5.844976425170898 -0.7089307308197021 -0.975037693977356 57 98 42
-5.446115016937256 -0.864778459072113 -0.9699464440345764 37 89 17
-5.666720390319824 -0.2634258568286896 -1.043412685394287 64 91 50
-5.349459648132324 -0.4485073983669281 -1.0397835969924927 54 94 34
-5.121641635894775 -0.6187494397163391 -1.0517432689666748 50 79 31
-4.821906566619873 -0.765143871307373 -1.04585862159729 67 108 50
-5.074256420135498 -0.2329554706811905 -1.1310510635375977 81 109 58
-4.777474880218506 -0.3968568444252014 -1.1154941320419312 88 111 65
-12.502809524536133 -2.0088438987731934 2.460552215576172 63 84 79
-11.13416576385498 -0.5413923263549805 2.0760974884033203 110 135 131
-11.297318458557129 -0.9684783816337585 1.99545156955719 66 73 79
-12.15286922454834 -1.4921375513076782 2.034468173980713 21 53 32
-9.249059677124023 -1.477449655532837 1.4637120962142944 79 123 124
-11.391523361206055 -0.5515146851539612 1.694091558456421 77 100 72
-35.28022766113281 -3.0027382373809814 4.905677318572998 114 132 136
-11.132671356201172 -1.3589884042739868 1.444872498512268 85 93 78
-10.489004135131836 -1.6685734987258911 1.2653366327285767 79 84 104
-11.4777193069458 -0.5508689284324646 1.2799798250198364 99 123 89
-11.576722145080566 -1.406222939491272 1.0721861124038696 106 121 90
-11.509211540222168 -1.8228349685668945 0.9582284688949585 64 81 63
-11.699832916259766 -0.9861190319061279 0.7617462873458862 41 56 25
-11.188312530517578 -1.3532968759536743 0.6217963099479675 60 84 60
-12.496112823486328 -1.972434401512146 0.5775681138038635 78 95 63
-11.327173233032227 -0.5363121032714844 0.42968741059303284 30 57 52
-13.948432922363281 -1.1700031757354736 0.39538416266441345 72 84 62
-11.802574157714844 -1.4219528436660767 0.22224061191082 105 114 93
-12.302306175231934 -1.9345817565917969 0.11302737146615982 89 99 90
-14.63704776763916 -0.6832969188690186 0.019436471164226532 80 88 64
-11.880414009094238 -0.9900636076927185 -0.09821178764104843 113 126 106
-8.769752502441406 -1.0517504215240479 -0.15756605565547943 80 90 66
-8.87299919128418 -1.392613172531128 -0.24648672342300415 87 111 63
-14.323735237121582 -0.663659930229187 -0.5052427649497986 84 109 52
-9.235024452209473 -0.7658752799034119 -0.41464123129844666 81 99 61
-11.642973899841309 -1.390356421470642 -0.6372987627983093 46 80 4
-8.78591251373291 -1.3745460510253906 -0.5694600343704224 48 76 27
-10.506933212280273 -0.48093584179878235 -0.7550420165061951 63 103 53
-9.598551750183105 -0.789950966835022 -0.7857206463813782 66 97 29
-8.799245834350586 -1.0476548671722412 -0.8062940835952759 65 85 36
-8.312459945678711 -1.2988399267196655 -0.8485118746757507 83 106 60
-8.429496765136719 -0.38230669498443604 -0.9184659123420715 90 121 62
-7.913002967834473 -0.646504819393158 -0.941512942314148 93 116 72
-7.350888252258301 -0.8716977834701538 -0.9491875767707825 96 141 76
-6.779169082641602 -1.055624008178711 -0.9476303458213806 55 93 34
-6.593454837799072 -0.2943081259727478 -0.9636622667312622 65 108 29
-6.180856227874756 -0.5024880170822144 -0.9657676815986633 41 81 18
-5.8069539070129395 -0.6862481236457825 -0.9683391451835632 55 84 36
-5.483776092529297 -0.8535187244415283 -0.9761829376220703 54 93 38
-5.669467449188232 -0.24612466990947723 -1.0437746047973633 66 97 55
-5.36940336227417 -0.43359479308128357 -1.0433965921401978 50 87 35
-5.1468706130981445 -0.6057823300361633 -1.056537389755249 65 101 55
-4.745969295501709 -0.7381742596626282 -1.028891921043396 37 80 11
-5.045691013336182 -0.21613356471061707 -1.1245307922363281 77 109 46
-4.7514848709106445 -0.38002365827560425 -1.1091482639312744 81 107 72
-12.522489547729492 -1.9726148843765259 2.4632225036621094 77 91 92
-11.074885368347168 -0.5044571757316589 2.0647456645965576 115 134 112
-11.234474182128906 -0.9283797740936279 1.9838390350341797 112 131 129
-14.42196273803711 -1.7258422374725342 2.413431167602539 126 152 127
-9.243786811828613 -1.4475384950637817 1.4621680974960327 101 152 155
-13.872384071350098 -0.6289708018302917 2.0627365112304688 46 50 23
-31.56941795349121 -2.589376926422119 4.388567924499512 93 107 94
-10.242536544799805 -1.2184476852416992 1.3288533687591553 89 98 79
-11.710664749145508 -1.826094150543213 1.4120286703109741 102 129 110
-14.067721366882324 -0.6319226622581482 1.568589687347412 99 120 103
-11.536480903625488 -1.3654325008392334 1.0680662393569946 73 86 69
-11.487174034118652 -1.7832359075546265 0.955933690071106 66 79 49
-10.145730972290039 -0.45326265692710876 0.7566706538200378 117 134 116
-24.26695442199707 -1.9703775644302368 1.5795584917068481 61 68 52
-11.264800071716309 -1.327495813369751 0.6258178353309631 100 127 110
-12.270109176635742 -1.8981976509094238 0.5668504238128662 58 72 39
-11.322775840759277 -0.5012931227684021 0.42946022748947144 86 97 89
-13.938008308410645 -1.1260775327682495 0.39498886466026306 94 105 91
-11.822769165039062 -1.3876010179519653 0.22253966331481934 143 166 114
-12.007742881774902 -1.8505284786224365 0.11026839166879654 91 109 71
-18.136747360229492 -0.7909160852432251 0.024080371484160423 83 86 65
-9.4632568359375 -0.7594008445739746 -0.0782102569937706 96 109 83
-11.5794038772583 -1.352687120437622 -0.2079714983701706 53 55 41
-15.181693077087402 -2.3350584506988525 -0.4215375781059265 67 101 50
-14.317717552185059 -0.6193667054176331 -0.5049610733985901 85 101 65
-12.647058486938477 -1.0097829103469849 -0.5676955580711365 82 93 79
-11.750334739685059 -1.3666267395019531 -0.6429428458213806 52 84 34
-10.621891975402832 -1.6284135580062866 -0.6881321668624878 47 76 20
-10.517328262329102 -0.44908174872398376 -0.7556864619255066 77 110 41
-9.56516170501709 -0.7576661109924316 -0.7827934622764587 86 102 63
-9.078420639038086 -1.052657127380371 -0.8315756916999817 79 93 60
-8.166914939880371 -1.2504429817199707 -0.8332595825195312 70 96 31
-8.442548751831055 -0.3569474518299103 -0.9197643399238586 88 114 67
-7.849609851837158 -0.6170884370803833 -0.9337406158447266 69 97 48
-7.40279483795166 -0.8548305034637451 -0.9555469155311584 44 86 4
-6.797064781188965 -1.0370620489120483 -0.9496827125549316 54 98 19
-6.698134899139404 -0.27839288115501404 -0.9788323044776917 64 95 35
-6.1626667976379395 -0.4819822311401367 -0.962689995765686 68 101 48
-5.697300910949707 -0.6555728316307068 -0.9497141242027283 52 94 28
-5.5048675537109375 -0.8395118713378906 -0.9794744253158569 55 89 39
-5.682971000671387 -0.2292451709508896 -1.0461262464523315 61 82 39
-5.426499843597412 -0.42145276069641113 -1.0542354583740234 56 84 33
-5.193484783172607 -0.5951204299926758 -1.0657265186309814 66 92 45
-4.7868781089782715 -0.7295029163360596 -1.0372705459594727 60 89 41
-5.02487325668335 -0.19979941844940186 -1.1197493076324463 65 96 39
-4.78079080581665 -0.36761000752449036 -1.1157207489013672 88 128 68
-12.58475112915039 -1.9428741931915283 2.47428560256958 89 123 135
-10.691354751586914 -0.45412322878837585 1.9929728507995605 72 91 108
-11.436567306518555 -0.9097623825073242 2.0190231800079346 94 114 105
-14.44090747833252 -1.6831870079040527 2.4157259464263916 81 95 80
-8.940563201904297 -1.3719663619995117 1.4135321378707886 113 156 175
-11.403587341308594 -0.4819831848144531 1.6954139471054077 55 66 58
-13.991416931152344 -1.1043964624404907 1.9445124864578247 22 63 55
-10.6137113571167 -1.2295911312103271 1.3765132427215576 92 101 96
-10.888734817504883 -1.6637247800827026 1.312301754951477 76 109 114
-14.08945369720459 -0.5895916223526001 1.5708038806915283 110 124 98
-35.58278274536133 -2.79056453704834 3.618542432785034 92 105 95
-10.346589088439941 -1.1924234628677368 0.9575608372688293 65 92 77
-11.469928741455078 -1.7445385456085205 0.954048752784729 110 116 106
-10.143088340759277 -0.4219680726528168 0.7563734650611877 124 144 142
-14.077437400817871 -1.0995674133300781 0.9160895943641663 104 120 109
-10.256014823913574 -1.1767252683639526 0.5695713758468628 58 75 69
-12.189947128295898 -1.847521185874939 0.562882661819458 93 113 101
-11.32226276397705 -0.4664706885814667 0.4293844699859619 99 124 94
-10.326739311218262 -0.8024354577064514 0.2925780713558197 78 94 65
-10.905131340026855 -1.2459955215454102 0.20519407093524933 99 108 89
-9.658151626586914 -1.4581096172332764 0.08865034580230713 89 102 84
-17.81835174560547 -0.7222684621810913 0.023654580116271973 85 102 84
-12.20032024383545 -0.9413807392120361 -0.10080670565366745 101 108 74
-11.95901870727539 -1.3598557710647583 -0.21471361815929413 81 95 72
-15.19273853302002 -2.2890665531158447 -0.4216472804546356 122 140 78
-10.003713607788086 -0.40200376510620117 -0.3527684807777405 91 122 81
-8.681751251220703 -0.6663810610771179 -0.3896090090274811 90 96 82
-11.84575366973877 -1.340903639793396 -0.647935688495636 88 97 78
-10.890336990356445 -1.635387897491455 -0.705194890499115 42 78 8
-10.593405723571777 -0.4197749197483063 -0.7610566020011902 78 111 40
-9.665828704833984 -0.7358067631721497 -0.7908433675765991 83 101 49
-9.072701454162598 -1.0237950086593628 -0.8307601809501648 73 99 52
-8.18743896484375 -1.227889895439148 -0.8349653482437134 80 108 57
-8.447577476501465 -0.3312002122402191 -0.9201972484588623 76 105 59
-7.900977611541748 -0.5967427492141724 -0.9396287798881531 102 137 83
-7.399468421936035 -0.8314504623413086 -0.9547837972640991 48 82 32
-6.8031535148620605 -1.0166432857513428 -0.950093150138855 45 83 22
-6.331132888793945 -0.24368445575237274 -0.9250868558883667 71 113 41
-6.182837009429932 -0.4644795060157776 -0.9656137228012085 34 76 10
-5.63261604309082 -0.630626380443573 -0.938604474067688 44 77 24
-5.50741720199585 -0.8226191997528076 -0.9794744253158569 59 98 35
-5.691510200500488 -0.2121019959449768 -1.047573447227478 65 89 53
-5.421893119812012 -0.4043644070625305 -1.053094506263733 61 96 54
-5.242029666900635 -0.5843953490257263 -1.0753151178359985 55 86 42
-4.81423807144165 -0.7185666561126709 -1.0427166223526 60 101 43
-5.002051830291748 -0.18352346122264862 -1.1145329475402832 89 105 56
-4.781896114349365 -0.35294103622436523 -1.1157207489013672 78 114 66
-12.860480308532715 -1.9450651407241821 2.527311325073242 63 79 68
-10.691715240478516 -0.4212817847728729 1.9927898645401 57 76 54
-11.629813194274902 -0.8892378211021423 2.052647590637207 130 150 159
-11.10356330871582 -1.2596807479858398 1.8567880392074585 97 118 99
-11.50260066986084 -1.7290178537368774 1.8177512884140015 100 118 106
-11.406989097595215 -0.4470726549625397 1.6957077980041504 59 90 111
-13.986837387084961 -1.0608668327331543 1.9434144496917725 87 103 77
-10.832284927368164 -1.221245527267456 1.4043680429458618 68 77 56
-10.341879844665527 -1.5477149486541748 1.2458171844482422 108 124 113
-11.576648712158203 -0.4488655626773834 1.290496826171875 94 116 93
-12.134442329406738 -1.3607606887817383 1.1226322650909424 66 83 75
-11.485085487365723 -1.7108094692230225 0.9548683166503906 98 121 105
-14.073779106140137 -1.055850625038147 0.9156363606452942 56 82 43
-11.91377067565918 -1.3299089670181274 0.6614056825637817 64 77 59
-12.296346664428711 -1.8250737190246582 0.5675345063209534 56 57 43
-11.319646835327148 -0.4315800070762634 0.42923301458358765 84 92 69
-10.353076934814453 -0.7725348472595215 0.2932557165622711 87 106 87
-11.13447380065918 -1.2376055717468262 0.20943701267242432 68 85 66
-11.910058975219727 -1.760729193687439 0.10927008092403412 81 94 74
-17.63761329650879 -0.6607483625411987 0.023411842063069344 91 105 82
-12.195174217224121 -0.9033553600311279 -0.10074081271886826 95 109 83
-11.978041648864746 -1.3248083591461182 -0.21498116850852966 90 96 60
-15.203645706176758 -2.2430286407470703 -0.4217570126056671 72 102 42
-14.5739164352417 -0.5408804416656494 -0.5138700604438782 64 89 47
-12.317262649536133 -0.9074276089668274 -0.5526314973831177 81 98 54
-11.796215057373047 -1.298654556274414 -0.6450051069259644 59 63 48
-10.89826488494873 -1.6024044752120972 -0.7053865790367126 48 79 12
-10.502941131591797 -0.3839207589626312 -0.7544692158699036 61 93 18
-9.572611808776855 -0.6991788744926453 -0.7830373048782349 73 97 39
-9.07876968383789 -0.9962814450263977 -0.8310320377349854 64 81 45
-8.172464370727539 -1.2000190019607544 -0.833058774471283 79 106 61
-8.44259262084961 -0.30506643652915955 -0.9195479154586792 106 136 84
-7.959226131439209 -0.5765898823738098 -0.9463412165641785 70 68 55
-7.414802551269531 -0.8101458549499512 -0.9564372301101685 74 114 61
-6.703323841094971 -0.9807097315788269 -0.9357268214225769 57 88 46
-6.650272846221924 -0.23553743958473206 -0.9716085195541382 64 104 34
-6.177334308624268 -0.4450116753578186 -0.9645365476608276 59 86 43
-5.757120132446289 -0.6266879439353943 -0.9590266942977905 58 98 28
-5.608341217041016 -0.8201116919517517 -0.9969711899757385 62 92 58
-5.716707229614258 -0.19547995924949646 -1.052095890045166 87 112 72
-5.51222038269043 -0.39409950375556946 -1.0703989267349243 78 109 49
-5.236004829406738 -0.5674656629562378 -1.0737169981002808 62 92 42
-4.844479084014893 -0.707893431186676 -1.0487911701202393 37 87 0
-5.0484418869018555 -0.1697179079055786 -1.1247481107711792 109 146 77
-4.79170036315918 -0.338887095451355 -1.117760419845581 78 132 72
-30.12482261657715 -4.46169376373291 5.917341709136963 84 98 72
-14.302469253540039 -0.5196126103401184 2.665475368499756 78 103 84
-31.883995056152344 -2.339543581008911 5.626192569732666 128 158 168
-10.976966857910156 -1.2112200260162354 1.834987998008728 117 157 157
-12.040576934814453 -1.77212655544281 1.9018993377685547 57 66 61
-11.416214942932129 -0.4123600721359253 1.6968833208084106 64 82 42
-13.906052589416504 -1.0118407011032104 1.9317493438720703 75 96 91
-10.328245162963867 -1.1323410272598267 1.3385642766952515 93 114 73
-10.633466720581055 -1.558013916015625 1.2803608179092407 67 82 63
-11.585917472839355 -0.4136304557323456 1.2913825511932373 80 98 86
-24.50120735168457 -1.7703053951263428 2.4904651641845703 80 96 83
-12.194985389709473 -1.3296787738800049 1.1278507709503174 80 89 72
-11.514934539794922 -1.6791609525680542 0.9569171667098999 83 107 81
-14.159832000732422 -0.5020578503608704 1.055653691291809 32 57 62
-11.49904727935791 -0.8272185921669006 0.747956395149231 107 126 107
-11.61205768585205 -1.2601723670959473 0.6444381475448608 84 108 74
-12.215882301330566 -1.7748446464538574 0.5635667443275452 54 55 49
-11.357868194580078 -0.39814507961273193 0.4306339919567108 78 98 70
-10.499970436096191 -0.751110315322876 0.2973499000072479 48 61 54
-11.880765914916992 -1.2836689949035645 0.22339947521686554 64 79 58
-10.563541412353516 -1.5285640954971313 0.09687282890081406 77 94 75
-17.644554138183594 -0.606805682182312 0.023418473079800606 101 110 83
-14.002285957336426 -0.9940323233604431 -0.11564309895038605 121 135 99
-11.999943733215332 -1.2899775505065918 -0.2153022140264511 52 60 37
-14.88891315460205 -2.1499435901641846 -0.412841260433197 92 116 68
-14.518575668334961 -0.49422770738601685 -0.5118629336357117 68 92 60
-12.733545303344727 -0.8988263010978699 -0.5711821913719177 51 77 30
-9.419265747070312 -1.0077358484268188 -0.514864444732666 63 70 52
-8.319093704223633 -1.1971185207366943 -0.5382103323936462 60 89 35
-10.649612426757812 -0.35656946897506714 -0.764923095703125 83 105 41
-9.66220760345459 -0.675927996635437 -0.7901928424835205 70 91 35
-9.078812599182129 -0.9681066870689392 -0.8307601809501648 63 78 49
-8.252924919128418 -1.1859796047210693 -0.8408856391906738 73 103 43
-8.42461109161377 -0.2785393297672272 -0.9174919724464417 93 131 54
-7.851985454559326 -0.544610321521759 -0.9333873391151428 86 97 65
-7.380758762359619 -0.7835195660591125 -0.9517313241958618 89 123 63
-6.811224460601807 -0.9751615524291992 -0.950366735458374 53 96 17
-6.699424743652344 -0.21670109033584595 -0.9786878824234009 65 102 25
-6.166841983795166 -0.4252421259880066 -0.962689995765686 77 108 51
-5.790410995483398 -0.6123424172401428 -0.9642547965049744 55 91 19
-5.591331958770752 -0.8001114130020142 -0.9935064315795898 53 87 37
-5.727110385894775 -0.1782463639974594 -1.0539047718048096 69 101 51
-5.527116298675537 -0.378124475479126 -1.0730611085891724 76 105 49
-5.237720966339111 -0.5513991713523865 -1.0737169981002808 57 94 40
-4.8534040451049805 -0.6939963698387146 -1.0502574443817139 51 83 18
-5.0704026222229 -0.15488436818122864 -1.129529595375061 63 84 53
-4.579902172088623 -0.3097897171974182 -1.0681275129318237 82 120 61
-14.442535400390625 -0.480338454246521 2.691291570663452 48 57 40
-11.749013900756836 -0.8258727192878723 2.0727529525756836 114 139 146
-12.280259132385254 -1.3169065713882446 2.052170515060425 66 95 51
-12.397028923034668 -1.7857489585876465 1.9573290348052979 58 69 52
-11.411494255065918 -0.3771376311779022 1.696001648902893 81 91 80
-13.933795928955078 -0.9708940982818604 1.9351803064346313 84 112 90
-10.325752258300781 -1.1000186204910278 1.3377976417541504 70 84 69
-10.454389572143555 -1.499027967453003 1.258238673210144 102 122 110
-11.594085693359375 -0.37831029295921326 1.292157530784607 108 131 115
-14.546499252319336 -1.0061886310577393 1.478281855583191 109 145 133
-12.211881637573242 -1.2936224937438965 1.129041075706482 47 58 50
-11.520031929016113 -1.6438257694244385 0.9569171667098999 90 104 89
-14.399518966674805 -0.46632829308509827 1.0734113454818726 99 118 112
-10.240175247192383 -0.7050856947898865 0.6659291386604309 81 91 82
-10.552389144897461 -1.1124293804168701 0.5854371786117554 81 95 72
-11.931488037109375 -1.696163535118103 0.5502038598060608 89 104 85
-11.38200855255127 -0.36403247714042664 0.43150490522384644 87 102 81
-10.57203483581543 -0.7236719131469727 0.2993263900279999 63 81 59
-10.585013389587402 -1.1108254194259644 0.19896982610225677 54 61 45
-7.971184730529785 -1.1284888982772827 0.0730675607919693 89 97 74
-17.103599548339844 -0.5356720685958862 0.022698212414979935 96 100 75
-13.920467376708984 -0.9453105330467224 -0.11494287848472595 100 108 85
-12.012795448303223 -1.254090666770935 -0.21546274423599243 27 41 18
-8.00645923614502 -1.1310597658157349 -0.2219066321849823 79 101 55
-14.2633056640625 -0.4417325258255005 -0.5028130412101746 64 85 44
-12.784085273742676 -0.8629857301712036 -0.5733277797698975 49 75 38
-9.424299240112305 -0.9790395498275757 -0.514972984790802 44 41 32
-8.331622123718262 -1.1728423833847046 -0.5387855172157288 100 122 75
-10.808177947998047 -0.32868561148643494 -0.7762361764907837 77 104 37
-9.824344635009766 -0.6569886803627014 -0.8032841086387634 78 92 67
-8.944047927856445 -0.9259932041168213 -0.8181646466255188 94 109 66
-8.142233848571777 -1.1445879936218262 -0.8292456865310669 69 105 61
-8.314133644104004 -0.24935387074947357 -0.9053727984428406 89 120 53
-7.796148777008057 -0.5167092084884644 -0.9265571236610413 87 116 62
-7.359448432922363 -0.7584317326545715 -0.9486789107322693 70 111 67
-6.823013782501221 -0.9554969072341919 -0.9515982270240784 84 106 70
-6.393441677093506 -0.18717023730278015 -0.9338999390602112 64 111 39
-6.189808368682861 -0.40774938464164734 -0.9660754203796387 66 99 46
-5.8158159255981445 -0.596992552280426 -0.9681757688522339 47 89 25
-5.537188529968262 -0.7750354409217834 -0.9834587574005127 64 102 43
-5.764988422393799 -0.16172300279140472 -1.0607788562774658 54 92 15
-5.537067413330078 -0.3617417812347412 -1.074772596359253 82 118 70
-5.229640007019043 -0.5343315005302429 -1.0717192888259888 60 89 43
-4.764481067657471 -0.6663715243339539 -1.0305676460266113 48 80 31
-5.065975666046143 -0.1391938179731369 -1.1284430027008057 73 95 59
-4.823820114135742 -0.3114246428012848 -1.124786138534546 82 126 41
-12.02352523803711 -1.705440878868103 2.3596503734588623 71 84 67
-14.577582359313965 -0.44006139039993286 2.7161924839019775 110 143 152
-11.362363815307617 -0.7636698484420776 2.004117727279663 89 103 106
-11.996758460998535 -1.2492878437042236 2.0041444301605225 79 99 62
-12.273307800292969 -1.729508876800537 1.9369481801986694 104 112 88
-13.868535995483398 -0.41574978828430176 2.0609734058380127 109 142 131
-13.99600887298584 -0.9320904612541199 1.9434144496917725 101 129 133
-11.475439071655273 -1.186902403831482 1.4862715005874634 144 153 136
-10.1826171875 -1.4281909465789795 1.2249964475631714 70 91 74
-11.593204498291016 -0.3426796495914459 1.2919361591339111 98 110 86
-14.432374954223633 -0.9538140296936035 1.4663797616958618 107 140 119
-12.2177734375 -1.256354570388794 1.1292240619659424 82 92 83
-11.782645225524902 -1.644430160522461 0.9783076643943787 98 106 85
-14.15965461730957 -0.4150776267051697 1.0554307699203491 63 70 62
-13.945487976074219 -0.9172362089157104 0.9067021012306213 103 108 78
-10.679914474487305 -1.0927538871765137 0.592323362827301 68 88 79
-11.79019832611084 -1.6391910314559937 0.5434539914131165 61 74 46
-11.371085166931152 -0.3287647068500519 0.43105053901672363 70 84 61
-10.991147994995117 -0.718489408493042 0.3111288845539093 62 83 44
-11.68053150177002 -1.1895740032196045 0.21949298679828644 54 67 57
-7.927064418792725 -1.097446084022522 0.07263193279504776 87 88 82
-14.332270622253418 -0.40486618876457214 0.019018638879060745 90 92 68
-12.377598762512207 -0.8023961186408997 -0.10218242555856705 76 88 68
-11.915122032165527 -1.2069520950317383 -0.21364344656467438 51 53 39
-8.068314552307129 -1.1145615577697754 -0.22352519631385803 90 117 38
-14.248610496520996 -0.3975253105163574 -0.5022496581077576 57 76 44
-12.821565628051758 -0.8260086178779602 -0.5748923420906067 58 73 40
-11.97457504272461 -1.2068517208099365 -0.6541225910186768 103 104 86
-8.289703369140625 -1.1410161256790161 -0.5358458161354065 73 96 44
-10.802156448364258 -0.29533421993255615 -0.7757349610328674 56 98 12
-9.812389373779297 -0.6259565949440002 -0.802145779132843 84 105 62
-8.947837829589844 -0.8986484408378601 -0.8182553052902222 70 80 55
-8.397056579589844 -1.1541498899459839 -0.8548335433006287 74 99 60
-8.38243579864502 -0.22566451132297516 -0.912730872631073 70 106 42
-7.860134124755859 -0.4967343211174011 -0.9339761137962341 93 125 76
-7.446619033813477 -0.744333803653717 -0.9596168398857117 65 104 41
-6.841616153717041 -0.9367096424102783 -0.9537873268127441 71 106 74
-6.7520647048950195 -0.1769380271434784 -0.9862006902694702 70 105 23
-6.162431716918945 -0.38696160912513733 -0.9616127610206604 101 137 89
-5.826455593109131 -0.5800266861915588 -0.9696462154388428 28 79 4
-5.526854991912842 -0.7563080191612244 -0.9812067151069641 43 75 28
-5.825432300567627 -0.14553382992744446 -1.0718135833740234 97 136 73
-5.548929214477539 -0.34542354941368103 -1.076864242553711 49 85 37
-5.22637939453125 -0.5178016424179077 -1.0707205533981323 55 95 35
-4.580493450164795 -0.6263169646263123 -0.9903504252433777 48 77 33
-5.0722336769104 -0.12379387021064758 -1.1297470331192017 71 80 63
-4.842251777648926 -0.2976997196674347 -1.1288655996322632 82 113 56
-10.943729400634766 -0.29676178097724915 2.0389294624328613 107 129 143
-12.325876235961914 -0.7904495596885681 2.173626184463501 121 147 134
-12.33914566040039 -1.2466880083084106 2.0606939792633057 55 65 30
-12.322599411010742 -1.6979154348373413 1.9438960552215576 93 115 103
-14.271194458007812 -0.3840017318725586 2.120626449584961 98 119 124
-11.56104850769043 -0.7343106865882874 1.6049878597259521 81 105 71
-11.866857528686523 -1.1906017065048218 1.5364867448806763 65 77 57
-10.188918113708496 -1.3972141742706299 1.2252329587936401 89 101 81
-13.749113082885742 -0.3641905188560486 1.5320568084716797 71 85 72
-14.42530345916748 -0.9089059829711914 1.465371012687683 76 98 86
-11.526938438415527 -1.5727050304412842 0.9566712975502014 72 84 74
-11.737414360046387 -0.30803409218788147 0.874807596206665 95 125 113
-10.223394393920898 -0.6409286856651306 0.6645695567131042 69 89 80
-10.34141731262207 -1.0260701179504395 0.5733725428581238 63 64 59
-11.916924476623535 -1.6195582151412964 0.5490636825561523 127 146 127
-11.411998748779297 -0.2949097454547882 0.4325651228427887 102 115 95
-11.014252662658691 -0.6860707402229309 0.3117218613624573 71 82 74
-10.485166549682617 -1.0353434085845947 0.19696985185146332 91 110 90
-11.78807544708252 -1.595132827758789 0.1079631969332695 66 78 68
-14.330446243286133 -0.3608180284500122 0.019014660269021988 94 106 82
-14.712481498718262 -0.9084402322769165 -0.12143431603908539 88 98 89
-11.882946014404297 -1.1668736934661865 -0.2130013257265091 81 95 82
-8.462006568908691 -1.142500877380371 -0.2343338429927826 76 98 59
-14.254758834838867 -0.35393333435058594 -0.5024257302284241 75 90 57
-12.871901512145996 -0.789604663848877 -0.5770379304885864 55 80 25
-11.920581817626953 -1.1644779443740845 -0.6509749293327332 58 80 44
-8.180414199829102 -1.100411295890808 -0.5285606980323792 58 74 47
-10.399169921875 -0.25239092111587524 -0.7467362284660339 58 99 3
-9.802325248718262 -0.5951248407363892 -0.8011699914932251 59 85 37
-8.9802885055542 -0.8740869164466858 -0.8209737539291382 59 81 42
-8.34040641784668 -1.1203029155731201 -0.8487125039100647 72 86 60
-8.445700645446777 -0.20143987238407135 -0.9195479154586792 85 132 36
-7.822962284088135 -0.4702933728694916 -0.9293833374977112 88 112 78
-7.42714786529541 -0.7193806767463684 -0.9568187594413757 64 100 54
-6.900423049926758 -0.9232029914855957 -0.9615862369537354 60 98 41
-6.503286838531494 -0.1504547894001007 -0.9497924447059631 72 100 49
-6.23164701461792 -0.37211769819259644 -0.9722306728363037 74 110 62
-5.849811553955078 -0.5642324090003967 -0.9732404947280884 61 93 46
-5.523292541503906 -0.7385651469230652 -0.9801673889160156 49 87 14
-5.893697261810303 -0.12914766371250153 -1.0842955112457275 73 100 69
-5.559763431549072 -0.3289779722690582 -1.078765869140625 65 104 51
-5.228918552398682 -0.5018584728240967 -1.0709202289581299 57 82 42
-4.746188640594482 -0.6341462731361389 -1.0257500410079956 42 74 27
-5.079420566558838 -0.10837764292955399 -1.1312683820724487 92 105 79
-4.8402252197265625 -0.28267213702201843 -1.1281856298446655 67 96 52
-11.980263710021973 -1.6243797540664673 2.3491597175598145 102 127 98
-11.233534812927246 -0.2701337933540344 2.092758893966675 120 146 169
-11.09748363494873 -0.6774935722351074 1.956627607345581 95 115 87
-12.332112312316895 -1.2077685594558716 2.0588910579681396 90 118 130
-12.50008487701416 -1.6833094358444214 1.9710705280303955 65 89 65
-14.274283409118652 -0.34026363492012024 2.120920419692993 107 150 157
-11.54248332977295 -0.6975836157798767 1.6021058559417725 103 127 103
-10.357156753540039 -1.0070480108261108 1.3406087160110474 59 63 49
-10.241381645202637 -1.372410774230957 1.2310296297073364 69 80 74
-11.150958061218262 -0.26113778352737427 1.2424505949020386 84 98 73
-14.034749031066895 -0.8410772681236267 1.4254283905029297 99 120 87
-11.974483489990234 -1.1571314334869385 1.1060609817504883 75 97 48
-9.776219367980957 -1.3033027648925781 0.811035692691803 76 84 71
-11.751265525817871 -0.2723231017589569 0.875773549079895 80 93 67
-38.6898307800293 -2.3064138889312744 2.514552593231201 83 104 89
-10.331595420837402 -0.9930962324142456 0.5726563334465027 58 84 39
-11.99412727355957 -1.5925886631011963 0.5523930191993713 95 115 87
-11.431831359863281 -0.26032909750938416 0.43328455090522766 90 114 80
-11.015307426452637 -0.6522171497344971 0.31169360876083374 104 118 95
-10.487298965454102 -1.003075361251831 0.19695116579532623 132 153 120
-11.495513916015625 -1.5196453332901 0.10524051636457443 61 78 59
-14.225512504577637 -0.3145081698894501 0.01887405663728714 115 128 98
-17.690980911254883 -1.037879228591919 -0.14599137008190155 93 104 87
-8.579917907714844 -0.8159562945365906 -0.15374907851219177 53 67 52
-8.231586456298828 -1.0856866836547852 -0.22785963118076324 70 84 58
-14.31872272491455 -0.31156837940216064 -0.5046441555023193 75 99 49
-12.929115295410156 -0.7533064484596252 -0.5794965028762817 48 61 41
-9.203276634216309 -0.8705379962921143 -0.5024364590644836 51 72 29
-8.208487510681152 -1.078559160232544 -0.530158281326294 70 75 68
-10.417844772338867 -0.22086606919765472 -0.7480250597000122 71 100 33
-9.795149803161621 -0.5645328164100647 -0.8004382252693176 78 105 54
-9.04836654663086 -0.8526985049247742 -0.8269543647766113 72 85 55
-8.367480278015137 -1.097815990447998 -0.8511208295822144 59 81 35
-8.437334060668945 -0.17534197866916656 -0.9185740947723389 84 128 49
-7.798591136932373 -0.444820374250412 -0.9263215065002441 82 109 76
-7.415493965148926 -0.6952947974205017 -0.9550381302833557 69 110 40
-6.850181579589844 -0.8950976729393005 -0.9541978240013123 62 96 45
-6.551204204559326 -0.13145513832569122 -0.9567273259162903 69 101 51
-6.245584011077881 -0.3537238538265228 -0.9742311835289001 156 193 80
-5.871160984039307 -0.5481168627738953 -0.9765080809593201 51 85 35
-5.5284624099731445 -0.7219990491867065 -0.9806870222091675 65 110 29
-5.8861985206604 -0.11091719567775726 -1.0828481912612915 68 93 53
-5.535261154174805 -0.3104897439479828 -1.073821783065796 100 121 80
-5.2148237228393555 -0.4843641221523285 -1.0677241086959839 59 96 44
-4.974997043609619 -0.6491884589195251 -1.0747647285461426 92 131 64
-5.098272323608398 -0.09313242137432098 -1.1353979110717773 94 107 87
-4.8459320068359375 -0.26809021830558777 -1.1293188333511353 74 99 70
-11.978379249572754 -1.5867148637771606 2.3478245735168457 102 123 116
-11.642205238342285 -0.2442251741886139 2.1687426567077637 105 150 191
-11.105408668518066 -0.6437857747077942 1.9576674699783325 120 139 143
-12.52038860321045 -1.187438726425171 2.0897061824798584 83 95 81
-12.38862133026123 -1.6296181678771973 1.9526969194412231 78 87 68
-14.279215812683105 -0.29655131697654724 2.1215081214904785 107 122 125
-14.760514259338379 -0.8466272354125977 2.04840087890625 94 110 100
-12.979869842529297 -1.2218735218048096 1.6795940399169922 108 128 129
-14.493023872375488 -1.8969141244888306 1.7413758039474487 78 90 76
-11.294792175292969 -0.2298375368118286 1.2583922147750854 107 129 117
-13.865423202514648 -0.788246214389801 1.4079786539077759 115 125 116
-12.035482406616211 -1.1257678270339966 1.1113711595535278 56 71 64
-9.812785148620605 -1.2775496244430542 0.8137402534484863 64 78 52
-11.733101844787598 -0.23588860034942627 0.8743618130683899 125 141 114
-10.73525333404541 -0.6069133281707764 0.6975876688957214 64 87 59
-11.77517318725586 -1.0954073667526245 0.652481198310852 70 85 92
-11.527399063110352 -1.494641661643982 0.5306840538978577 58 64 50
-11.449560165405273 -0.22559015452861786 0.4339282512664795 113 133 108
-11.021247863769531 -0.6186437010765076 0.3118065595626831 80 100 72
-13.965863227844238 -1.2925623655319214 0.26220279932022095 89 96 88
-11.865078926086426 -1.5314770936965942 0.1085803359746933 114 133 101
-12.416739463806152 -0.23640824854373932 0.016473181545734406 86 94 83
-15.018303871154785 -0.8348550200462341 -0.12391390651464462 99 104 82
-8.999551773071289 -0.8280118703842163 -0.16122250258922577 98 106 85
-10.934561729431152 -1.408072829246521 -0.302560031414032 76 97 54
-14.688319206237793 -0.2745289206504822 -0.5176379084587097 66 90 54
-12.945330619812012 -0.7144076228141785 -0.5801222920417786 68 80 68
-12.058759689331055 -1.103322148323059 -0.658138632774353 64 73 56
-8.478026390075684 -1.0875266790390015 -0.5473487973213196 63 76 48
-10.304784774780273 -0.1868421733379364 -0.7398623824119568 60 92 17
-9.152935028076172 -0.49935027956962585 -0.7478291392326355 84 112 63
-9.054906845092773 -0.8252960443496704 -0.8273167610168457 66 83 41
-8.38758659362793 -1.0742886066436768 -0.8528266549110413 45 72 21
-8.459699630737305 -0.14984311163425446 -0.920954704284668 94 140 68
-7.700759410858154 -0.41554173827171326 -0.9145452976226807 85 111 63
-7.423519134521484 -0.6730784773826599 -0.955801248550415 97 124 81
-6.963932991027832 -0.8882400989532471 -0.9696587324142456 63 94 34
-6.835525035858154 -0.11618191003799438 -0.998192310333252 59 103 52
-6.255519390106201 -0.33503657579421997 -0.9756160974502563 70 109 64
-5.889518737792969 -0.5316095948219299 -0.9792855381965637 60 98 39
-5.554098606109619 -0.7080236077308655 -0.9848447442054749 28 86 1
-5.875694274902344 -0.0926874428987503 -1.0808584690093994 74 94 23
-5.51461935043335 -0.29236286878585815 -1.0696383714675903 63 90 47
-5.215309143066406 -0.46827536821365356 -1.0675244331359863 66 113 45
-4.970175743103027 -0.6330575346946716 -1.0732985734939575 40 71 14
-5.10634183883667 -0.07760936766862869 -1.137136697769165 85 107 84
-4.842841148376465 -0.2530185580253601 -1.1284122467041016 68 89 56
-10.16852855682373 -1.315242052078247 1.9922842979431152 76 93 75
-13.77685832977295 -0.24672213196754456 2.5662386417388916 99 119 118
-14.972034454345703 -0.821855902671814 2.6388213634490967 113 139 136
-12.308837890625 -1.1292834281921387 2.053809642791748 65 73 60
-15.088454246520996 -1.9376853704452515 2.3772969245910645 79 109 101
-13.786818504333496 -0.7483491897583008 1.9129480123519897 129 147 123
-10.70094108581543 -0.9742326140403748 1.3843075037002563 61 78 59
-11.22079086303711 -1.4336284399032593 1.3476734161376953 41 93 91
-12.882390975952148 -0.2226068526506424 1.4351892471313477 94 115 106
-14.151907920837402 -0.7609823942184448 1.4368261098861694 82 100 74
-12.279875755310059 -1.110634684562683 1.133618712425232 63 80 74
-11.79304027557373 -1.4985843896865845 0.9775700569152832 71 81 80
-11.771659851074219 -0.20053629577159882 0.8771852254867554 108 124 98
-10.595564842224121 -0.5664109587669373 0.6883943676948547 52 61 42
-11.777483940124512 -1.0591869354248047 0.6524260640144348 63 74 66
-10.050301551818848 -1.271781325340271 0.4625014364719391 111 124 96
-11.352282524108887 -0.1888335943222046 0.4302175045013428 81 89 74
-14.023675918579102 -0.744023323059082 0.396683007478714 55 65 54
-13.95283317565918 -1.2481951713562012 0.26188504695892334 99 102 83
-11.907422065734863 -1.49981689453125 0.10892520844936371 65 71 57
-12.369412422180176 -0.19754661619663239 0.016409510746598244 95 104 77
-14.469573020935059 -0.7598296999931335 -0.1193666085600853 104 106 84
-8.9970703125 -0.7999549508094788 -0.1611333191394806 64 82 66
-8.209329605102539 -1.0315439701080322 -0.22706405818462372 79 95 68
-11.72629165649414 -0.18318136036396027 -0.4132300019264221 95 103 62
-12.957438468933105 -0.6752083897590637 -0.580569326877594 65 84 38
-12.084964752197266 -1.0683435201644897 -0.6593868136405945 71 92 61
-11.068794250488281 -1.385355830192566 -0.7143332958221436 63 78 37
-10.389084815979004 -0.1564885526895523 -0.7458770275115967 66 99 30
-9.791460990905762 -0.5040616393089294 -0.7998690605163574 69 96 53
-8.999857902526855 -0.7924457788467407 -0.8220611214637756 91 104 78
-8.493518829345703 -1.0613815784454346 -0.8632625341415405 69 84 53
-8.456143379211426 -0.12383018434047699 -0.9205217957496643 71 114 9
-7.719849586486816 -0.39282259345054626 -0.9166650176048279 85 123 74
-7.233858585357666 -0.6335127949714661 -0.9311272501945496 84 124 53
-6.974489688873291 -0.8678494095802307 -0.9707533121109009 69 98 52
-6.8338704109191895 -0.09518270939588547 -0.9979033470153809 66 115 50
-6.298952102661133 -0.31798550486564636 -0.9822331070899963 61 89 40
-5.977611541748047 -0.5210776925086975 -0.9936627149581909 61 96 40
-5.558199405670166 -0.6912236213684082 -0.9851911664009094 54 90 28
-5.905453205108643 -0.07503549009561539 -1.0862852334976196 88 116 67
-5.509607315063477 -0.27514907717704773 -1.0684974193572998 60 101 33
-5.254792213439941 -0.4555734694004059 -1.0753151178359985 51 95 34
-4.980827808380127 -0.6188914179801941 -1.0751837491989136 33 72 9
-5.114363670349121 -0.06203768029808998 -1.1388753652572632 90 105 86
-4.840676307678223 -0.2380162477493286 -1.1277323961257935 74 100 65
-10.153037071228027 -1.2815804481506348 1.9884693622589111 110 128 114
-11.211953163146973 -0.1663815677165985 2.088364601135254 91 133 173
-15.260697364807129 -0.7907488942146301 2.689257860183716 44 57 40
-12.297505378723145 -1.0902084112167358 2.0513508319854736 135 165 165
-11.983702659606934 -1.501610517501831 1.8873857259750366 103 129 118
-28.614940643310547 -0.418641597032547 4.250950336456299 53 77 63
-13.642641067504883 -0.6985516548156738 1.892636775970459 68 94 81
-13.089874267578125 -1.1512444019317627 1.6928825378417969 87 97 98
-11.562127113342285 -1.441202163696289 1.388132095336914 93 98 78
-12.90885066986084 -0.1834503710269928 1.4380676746368408 86 118 139
-14.157156944274902 -0.7177125215530396 1.4371287822723389 54 73 53
-12.27727222442627 -1.0724353790283203 1.133069396018982 51 61 50
-11.754063606262207 -1.4570024013519287 0.9739640355110168 78 92 75
-11.755268096923828 -0.16418366134166718 0.8759221434593201 80 99 80
-10.18265151977539 -0.513013482093811 0.6614620089530945 119 143 107
-10.745155334472656 -0.9331231117248535 0.5950778126716614 50 56 56
-9.957986831665039 -1.2290717363357544 0.4580775499343872 103 114 100
-11.593613624572754 -0.15727098286151886 0.4393428862094879 108 125 106
-13.986956596374512 -0.6990498304367065 0.39558181166648865 67 79 67
-13.9257173538208 -1.2027156352996826 0.2613056004047394 74 82 59
-11.721407890319824 -1.43986976146698 0.10718268901109695 87 103 77
-12.415956497192383 -0.16019031405448914 0.0164705291390419 86 89 68
-14.468838691711426 -0.7152859568595886 -0.1193418949842453 84 96 76
-9.42186164855957 -0.8085978031158447 -0.16869591176509857 78 91 71
-8.597429275512695 -1.05352783203125 -0.23770810663700104 93 118 79
-11.974625587463379 -0.15031567215919495 -0.4219629466533661 73 99 54
-13.050248146057129 -0.6399046182632446 -0.5846370458602905 59 88 34
-8.842781066894531 -0.7543917894363403 -0.48235636949539185 57 83 38
-11.06903076171875 -1.3509072065353394 -0.7140777111053467 56 92 31
-10.405473709106445 -0.12480594962835312 -0.7470226287841797 60 95 29
-9.796943664550781 -0.4742121994495392 -0.800194263458252 76 103 52
-9.172924041748047 -0.779331624507904 -0.8376469612121582 99 117 69
-8.507598876953125 -1.0366426706314087 -0.8643662333488464 66 80 47
-8.265624046325684 -0.09567725658416748 -0.8997460007667542 90 136 61
-7.711099147796631 -0.3686623275279999 -0.9154873490333557 89 125 64
-7.321755409240723 -0.6185812950134277 -0.9421923756599426 77 114 62
-7.00170373916626 -0.849430501461029 -0.9741738438606262 92 134 71
-6.8469929695129395 -0.07435593008995056 -0.9997815489768982 75 115 65
-6.365038871765137 -0.30174723267555237 -0.9923893213272095 39 78 13
-5.973283290863037 -0.5022402405738831 -0.9926824569702148 62 89 56
-5.5270514488220215 -0.6701375246047974 -0.9793011546134949 58 88 34
-5.907623291015625 -0.05693642050027847 -1.0866471529006958 79 115 53
-5.5447492599487305 -0.2598531246185303 -1.07515287399292 39 78 33
-5.268858909606934 -0.44051113724708557 -1.0779119729995728 50 86 22
-4.972024917602539 -0.6023139953613281 -1.072879672050476 79 118 51
-5.110625743865967 -0.04631136357784271 -1.1380059719085693 92 105 87
-4.843329429626465 -0.22325384616851807 -1.1281856298446655 53 83 33
-10.206610679626465 -1.256542682647705 1.9981971979141235 102 115 89
-12.16693115234375 -0.14321880042552948 2.266148567199707 95 122 113
-11.145294189453125 -0.5432251691818237 1.9637337923049927 110 139 153
-11.734650611877441 -1.0040351152420044 1.9569379091262817 106 125 121
-11.88037395477295 -1.4516563415527344 1.8704016208648682 112 152 151
-28.892044067382812 -0.33404070138931274 4.291943550109863 77 100 114
-13.604154586791992 -0.6547410488128662 1.887010097503662 97 122 101
-13.149674415588379 -1.1158599853515625 1.7001657485961914 52 64 54
-10.982945442199707 -1.3348021507263184 1.3180984258651733 89 99 90
-12.915314674377441 -0.1439121514558792 1.4387317895889282 103 120 102
-14.135440826416016 -0.6731398105621338 1.4347079992294312 86 98 76
-12.262643814086914 -1.0332591533660889 1.131421446800232 61 63 60
-11.651618957519531 -1.408021330833435 0.9651128053665161 87 96 91
-11.740758895874023 -0.12795521318912506 0.874807596206665 78 88 77
-34.590518951416016 -1.6363338232040405 2.2466530799865723 128 138 129
-11.52506160736084 -0.9652354121208191 0.6381027698516846 61 75 52
-9.953775405883789 -1.1975605487823486 0.45771268010139465 89 100 84
-11.692964553833008 -0.12273993343114853 0.443091481924057 90 108 84
-11.084388732910156 -0.5198969841003418 0.31344422698020935 77 95 55
-13.926352500915527 -1.159737467765808 0.2612495422363281 89 102 82
-11.727755546569824 -1.4041399955749512 0.10720083862543106 52 58 46
-11.789420127868652 -0.11593257635831833 0.015638845041394234 110 120 93
-17.35077476501465 -0.8044044971466064 -0.14309164881706238 83 92 73
-12.546134948730469 -1.0379629135131836 -0.22457709908485413 38 57 25
-11.624983787536621 -1.3883368968963623 -0.32129690051078796 101 113 91
-11.961039543151855 -0.11344463378190994 -0.42146995663642883 67 97 37
-12.365562438964844 -0.5683091282844543 -0.5538831353187561 71 87 48
-9.169479370117188 -0.753933846950531 -0.5000485777854919 58 71 43
-11.08204174041748 -1.3180022239685059 -0.7146528363227844 57 90 19
-10.4008207321167 -0.09283730387687683 -0.7466645836830139 68 104 30
-9.801339149475098 -0.44428879022598267 -0.8004382252693176 74 106 57
-9.137554168701172 -0.748097836971283 -0.8342035412788391 84 111 58
-8.544332504272461 -1.0145255327224731 -0.8677780032157898 98 110 86
-8.281784057617188 -0.07045353949069977 -0.9014772772789001 52 96 43
-7.76973295211792 -0.3475772738456726 -0.922317624092102 79 118 53
-7.315710067749023 -0.5954717993736267 -0.9411749243736267 61 93 17
-7.017065525054932 -0.8294572234153748 -0.9759525656700134 78 107 43
-6.840262413024902 -0.053295332938432693 -0.9987701773643494 68 85 49
-5.9394989013671875 -0.2633131444454193 -0.9259120225906372 65 115 52
-6.007246494293213 -0.4865403473377228 -0.998073935508728 43 71 31
-5.599503040313721 -0.6614968776702881 -0.9917741417884827 46 90 11
-5.894001483917236 -0.038721367716789246 -1.0841145515441895 87 135 61
-5.462151050567627 -0.23919007182121277 -1.0589895248413086 79 113 52
-5.277998924255371 -0.4249735474586487 -1.0795100927352905 61 93 43
-4.973849773406982 -0.5870572328567505 -1.072879672050476 76 125 60
-5.110743522644043 -0.030631965026259422 -1.1380059719085693 100 115 96
-4.867345809936523 -0.20939837396144867 -1.1336249113082886 77 117 55
-10.37513256072998 -1.2449886798858643 2.0304322242736816 43 48 18
-12.017888069152832 -0.10459008812904358 2.2383182048797607 70 91 108
-10.906850814819336 -0.4980669915676117 1.921443223953247 109 130 111
-11.75144100189209 -0.969164252281189 1.9592328071594238 100 126 143
-11.519811630249023 -1.3717427253723145 1.812964916229248 75 96 81
-11.761524200439453 -0.09989547729492188 1.7471330165863037 110 133 123
-11.474641799926758 -0.5169715881347656 1.59140145778656 88 117 99
-31.166547775268555 -2.5484609603881836 4.028597831726074 58 76 24
-11.136874198913574 -1.3188503980636597 1.3360800743103027 135 162 131
-12.967374801635742 -0.10470513254404068 1.444488525390625 106 113 95
-11.813667297363281 -0.526254415512085 1.1988849639892578 46 52 52
-12.38585376739502 -1.0053815841674805 1.1424994468688965 80 95 76
-11.660832405090332 -1.3728506565093994 0.9655225276947021 107 121 98
-11.756054878234863 -0.09205159544944763 0.8759221434593201 89 101 81
-10.137754440307617 -0.4484076499938965 0.6583544015884399 99 121 119
-11.654365539550781 -0.9400679469108582 0.6450992226600647 65 82 50
-9.995105743408203 -1.1714359521865845 0.4594457447528839 93 115 94
-11.650318145751953 -0.0865466520190239 0.44146329164505005 123 135 111
-11.086930274963379 -0.4859318435192108 0.3134724497795105 76 95 63
-18.18145179748535 -1.4579344987869263 0.3409869968891144 108 135 94
-11.1638822555542 -1.3018999099731445 0.1020096093416214 69 88 69
-11.781720161437988 -0.07970847189426422 0.015628233551979065 105 104 86
-17.67684555053711 -0.7651807069778442 -0.14576071500778198 99 110 76
-12.58414363861084 -1.002245306968689 -0.22520136833190918 107 129 80
-8.27805233001709 -0.9628732800483704 -0.22871005535125732 88 99 85
-11.798436164855957 -0.07570295035839081 -0.41573017835617065 100 101 67
-9.8311185836792 -0.4216075539588928 -0.44029930233955383 70 87 51
-9.210569381713867 -0.7288708090782166 -0.5021651387214661 58 72 49
-11.129651069641113 -1.289048671722412 -0.7174646854400635 76 110 49
-10.398063659667969 -0.060910072177648544 -0.7464497685432434 80 111 41
-9.806639671325684 -0.4143849015235901 -0.8007634282112122 80 113 56
-9.149734497070312 -0.7208428978919983 -0.8351097106933594 70 94 20
-8.55926513671875 -0.9896784424781799 -0.8689821362495422 58 67 36
-8.284943580627441 -0.045061275362968445 -0.9018019437789917 57 94 27
-7.604076385498047 -0.31679409742355347 -0.9025335311889648 53 103 32
-7.013924598693848 -0.549251914024353 -0.9021288752555847 103 131 73
-7.040243625640869 -0.8103038668632507 -0.9788258075714111 73 116 44
-6.855236530303955 -0.03237956017255783 -1.0009373426437378 84 129 70
-6.189065456390381 -0.25535449385643005 -0.9646905064582825 66 92 44
-5.978219509124756 -0.4657326638698578 -0.9930091500282288 73 114 46
-5.593678951263428 -0.6434143781661987 -0.9903882741928101 48 75 30
-5.887207508087158 -0.020614534616470337 -1.0828481912612915 67 100 43
-5.561933994293213 -0.22646532952785492 -1.078195333480835 47 90 34
-5.252901077270508 -0.40673649311065674 -1.0741164684295654 74 103 57
-5.009626865386963 -0.5757021307945251 -1.0802109241485596 82 125 46
-5.104957103729248 -0.01493514608591795 -1.1367019414901733 102 113 96
-4.870884418487549 -0.19458121061325073 -1.1343047618865967 93 109 64
-10.90930461883545 -1.2751489877700806 2.13419508934021 70 81 83
-11.714380264282227 -0.06600756198167801 2.1817421913146973 90 107 89
-10.871920585632324 -0.46305227279663086 1.9150303602218628 104 127 111
-12.359138488769531 -0.981116533279419 2.0600383281707764 75 108 117
-11.747732162475586 -1.3623433113098145 1.8481680154800415 59 73 50
-13.313724517822266 -0.07223094999790192 1.977664589881897 95 120 140
-11.492999076843262 -0.4824717342853546 1.5937345027923584 74 101 56
-31.155433654785156 -2.4513533115386963 4.026170253753662 85 125 91
-11.139881134033203 -1.2845629453659058 1.3359616994857788 78 87 66
-11.859502792358398 -0.05937352776527405 1.3210517168045044 100 117 107
-11.677054405212402 -0.48427775502204895 1.1848646402359009 127 150 121
-12.54871654510498 -0.9798582792282104 1.157239556312561 75 102 69
-10.106489181518555 -1.1584302186965942 0.8365239500999451 102 124 103
-11.851017951965332 -0.0564352348446846 0.8829806447029114 88 104 78
-34.5729866027832 -1.422951579093933 2.2449052333831787 107 123 112
-13.96872329711914 -1.0836255550384521 0.7730172276496887 91 110 90
-10.109814643859863 -1.1534487009048462 0.4645537734031677 59 67 44
-11.722476959228516 -0.05111731216311455 0.44418954849243164 149 172 146
-17.86104393005371 -0.7279411554336548 0.5049386024475098 61 71 62
-20.386920928955078 -1.571853518486023 0.3822575807571411 93 102 81
-10.942281723022461 -1.2420425415039062 0.09994944930076599 62 79 63
-11.747909545898438 -0.043436575680971146 0.015583133324980736 81 92 76
-10.148453712463379 -0.40810850262641907 -0.08367195725440979 90 92 78
-16.469181060791016 -1.2608282566070557 -0.29465600848197937 90 113 71
-11.946166038513184 -1.3524019718170166 -0.3299383223056793 47 63 24
-11.669693946838379 -0.03907383978366852 -0.41118764877319336 86 108 69
-13.042608261108398 -0.5192496180534363 -0.5840559601783752 65 78 50
-9.21873664855957 -0.7010640501976013 -0.502490758895874 65 77 41
-10.172618865966797 -1.1465874910354614 -0.6555404663085938 50 84 8
-10.404187202453613 -0.029025673866271973 -0.7468793988227844 70 98 39
-9.833758354187012 -0.38531118631362915 -0.8028775453567505 76 106 54
-9.15786075592041 -0.6932194828987122 -0.8356533646583557 66 96 36
-8.573136329650879 -0.9646380543708801 -0.8700858950614929 75 97 58
-8.315860748291016 -0.019716283306479454 -0.9051563739776611 79 118 35
-7.615927696228027 -0.293884813785553 -0.9038288593292236 93 128 70
-7.33900785446167 -0.5520602464675903 -0.9437186121940613 82 118 44
-7.034821033477783 -0.7878189086914062 -0.9777312278747559 82 117 53
-6.884988307952881 -0.011396978050470352 -1.0052716732025146 1 73 7
-6.0022196769714355 -0.2292017787694931 -0.9354527592658997 50 94 31
-6.029795169830322 -0.4511435627937317 -1.001341462135315 60 105 36
-5.603456497192383 -0.6271265149116516 -0.9917741417884827 64 104 33
-5.8882269859313965 -0.0025531661231070757 -1.0830291509628296 67 114 36
-5.563583850860596 -0.20943744480609894 -1.078385591506958 56 84 44
-5.265850067138672 -0.3914906680583954 -1.076513648033142 60 83 37
-4.973470687866211 -0.5560925602912903 -1.0720417499542236 79 111 38
-5.099122524261475 0.000725877529475838 -1.1353979110717773 83 102 80
-4.860752582550049 -0.1792418360710144 -1.1318118572235107 87 105 65
-10.648846626281738 -1.2116001844406128 2.0825045108795166 113 133 124
-12.106781959533691 -0.031074846163392067 2.2547967433929443 109 146 173
-10.874273300170898 -0.42973437905311584 1.9152036905288696 64 75 45
-11.756182670593262 -0.8969654440879822 1.9590688943862915 80 100 98
-11.222679138183594 -1.2665733098983765 1.7649465799331665 92 117 111
-11.958754539489746 -0.02819024957716465 1.776371717453003 109 145 167
-11.475618362426758 -0.4464777708053589 1.5911269187927246 49 57 44
-13.699371337890625 -1.0356065034866333 1.7699304819107056 100 133 142
-11.116140365600586 -1.2472801208496094 1.3326493501663208 122 143 124
-11.86956787109375 -0.02300807274878025 1.322158694267273 76 97 88
-11.655619621276855 -0.4475727379322052 1.1825448274612427 64 78 53
-12.580461502075195 -0.9435145258903503 1.159894585609436 96 113 94
-11.879022598266602 -1.324691891670227 0.9828972220420837 77 86 83
-11.879057884216309 -0.020123858004808426 0.8850610256195068 85 95 60
-14.134017944335938 -0.5382957458496094 0.9176433682441711 85 93 82
-13.961030006408691 -1.0399491786956787 0.7724112272262573 97 115 89
-11.903438568115234 -1.321104884147644 0.5467833280563354 79 96 86
-11.750557899475098 -0.015189185738563538 0.4452497661113739 82 101 69
-11.37838363647461 -0.4287729561328888 0.32163259387016296 69 84 63
-17.66358757019043 -1.3073810338974 0.3311179280281067 95 108 80
-10.942065238952637 -1.2080272436141968 0.09991315007209778 40 52 28
-11.638988494873047 -0.007325689308345318 0.01543855108320713 114 128 102
-16.174299240112305 -0.6007346510887146 -0.13333801925182343 78 93 60
-16.63251495361328 -1.222017526626587 -0.2975098192691803 74 95 52
-11.956221580505371 -1.316401720046997 -0.33010292053222656 44 56 42
-11.68274974822998 -0.0032751832623034716 -0.41164541244506836 67 71 70
-10.151987075805664 -0.37297725677490234 -0.45455875992774963 55 79 43
-8.757760047912598 -0.6389902234077454 -0.4772549569606781 53 80 39
-11.000452995300293 -1.2057292461395264 -0.708645761013031 70 95 37
-10.44611930847168 0.0029057117644697428 -0.749886691570282 64 91 50
-9.888680458068848 -0.3570820689201355 -0.8072684407234192 68 102 41
-9.153985023498535 -0.6646876335144043 -0.8351097106933594 74 102 53
-8.530558586120605 -0.9333535432815552 -0.8654699921607971 70 92 43
-8.323834419250488 0.0058020539581775665 -0.9060219526290894 51 96 15
-7.626717567443848 -0.2708705961704254 -0.9050065279006958 65 111 47
-7.360453128814697 -0.5309692621231079 -0.9462623596191406 71 113 31
-7.026371955871582 -0.7650532126426697 -0.9762261509895325 62 91 45
-6.886970520019531 0.009728718549013138 -1.0055606365203857 94 126 53
-6.207303047180176 -0.21796375513076782 -0.9673064351081848 74 110 46
-6.01835823059082 -0.4317246377468109 -0.9992175698280334 41 73 23
-5.617103576660156 -0.6112108826637268 -0.993852972984314 62 101 34
-5.885256290435791 0.0155038982629776 -1.0824865102767944 102 127 69
-5.588729381561279 -0.19321563839912415 -1.0831395387649536 82 120 73
-5.260185241699219 -0.3748458921909332 -1.0751153230667114 66 106 44
-4.998483657836914 -0.5433676838874817 -1.0770689249038696 53 95 23
-5.087383270263672 0.01633215881884098 -1.1327898502349854 89 100 83
-4.8603057861328125 -0.164295494556427 -1.1315851211547852 61 77 50
-11.699421882629395 -1.2947866916656494 2.2871689796447754 84 114 112
-14.518353462219238 0.007277132477611303 2.703925132751465 103 151 163
-14.430514335632324 -0.5259352922439575 2.541241407394409 51 53 40
-11.534563064575195 -0.8444710969924927 1.9216971397399902 106 122 119
-11.108658790588379 -1.2192020416259766 1.7464185953140259 117 161 172
-11.922186851501465 0.008472816087305546 1.7709354162216187 86 112 87
-13.684417724609375 -0.49037277698516846 1.8971656560897827 46 54 43
-11.123623847961426 -0.8065783977508545 1.436822772026062 107 139 138
-10.890902519226074 -1.188185453414917 1.3052037954330444 136 149 129
-11.883496284484863 0.0134230712428689 1.3237086534500122 69 85 84
-11.64500617980957 -0.41139018535614014 1.181334376335144 77 94 84
-23.95981216430664 -1.7230432033538818 2.2085514068603516 70 92 90
-11.766112327575684 -1.2755662202835083 0.9732264280319214 57 72 67
-11.890032768249512 0.0163357425481081 0.8858782649040222 80 96 67
-14.160534858703613 -0.4958036243915558 0.9192618727684021 91 100 105
-13.960169792175293 -0.9968279600143433 0.7721908688545227 101 113 103
-10.196157455444336 -1.099966049194336 0.4682023227214813 56 75 55
-11.568679809570312 0.0205382127314806 0.4383583962917328 80 94 79
-11.390633583068848 -0.39424288272857666 0.32194316387176514 77 95 69
-13.963471412658691 -0.9904502034187317 0.2616981267929077 89 103 88
-11.933012008666992 -1.2803860902786255 0.10892520844936371 50 52 51
-11.606955528259277 0.028304222971200943 0.01539610419422388 89 99 74
-10.065818786621094 -0.3429369628429413 -0.0829717367887497 97 101 78
-13.868475914001465 -0.9761710166931152 -0.24801403284072876 90 104 71
-11.983064651489258 -1.2821604013442993 -0.33073386549949646 68 64 53
-11.668713569641113 0.03252800181508064 -0.4111524224281311 131 142 108
-13.615655899047852 -0.4584060311317444 -0.609579861164093 65 89 31
-12.220121383666992 -0.8539314270019531 -0.6657907366752625 72 87 64
-11.174783706665039 -1.1901530027389526 -0.7196374535560608 65 84 39
-10.769227981567383 0.03603529930114746 -0.7730857133865356 71 98 55
-9.971413612365723 -0.32944104075431824 -0.8139359951019287 63 97 36
-9.172870635986328 -0.6377747654914856 -0.8366501927375793 79 105 44
-8.408720970153809 -0.893925130367279 -0.8528266549110413 55 90 32
-8.331730842590332 0.03136913478374481 -0.9068877100944519 78 117 50
-7.648355484008789 -0.24814710021018982 -0.9074795246124268 84 116 77
-7.363036632537842 -0.5084534883499146 -0.9463894963264465 75 118 39
-6.964654445648193 -0.7367197275161743 -0.9673327207565308 60 93 40
-6.876023292541504 0.0308088306337595 -1.0039713382720947 71 108 54
-6.332377910614014 -0.20290622115135193 -0.9866956472396851 86 118 55
-5.9871745109558105 -0.4110287129878998 -0.9938260912895203 82 127 58
-5.706120491027832 -0.6031894683837891 -1.0092709064483643 30 59 28
-5.877313137054443 0.03351467102766037 -1.081039309501648 71 101 37
-5.590277194976807 -0.17609967291355133 -1.083329677581787 68 100 53
-5.250556945800781 -0.3579729497432709 -1.0729179382324219 59 82 38
-5.027354717254639 -0.5309053063392639 -1.0829339027404785 58 92 32
-5.077548027038574 0.031878672540187836 -1.130616307258606 83 102 80
-4.850078582763672 -0.1490544229745865 -1.1290922164916992 69 89 61
-12.423635482788086 -1.3363670110702515 2.4279356002807617 85 98 68
-11.984842300415039 0.04277645796537399 2.232093095779419 115 149 148
-10.928874969482422 -0.3647441267967224 1.9243897199630737 111 131 138
-11.334383010864258 -0.7948634028434753 1.8879313468933105 102 114 92
-10.127944946289062 -1.0801302194595337 1.5917096138000488 66 76 67
-11.919137001037598 0.045038316398859024 1.7704945802688599 66 97 117
-24.69671630859375 -0.8091340661048889 3.4235165119171143 66 83 75
-30.738361358642578 -2.1340715885162354 3.9695663452148438 78 95 77
-10.871785163879395 -1.1523597240447998 1.3024828433990479 52 61 42
-11.872466087341309 0.049835167825222015 1.3224908113479614 78 106 91
-11.64223575592041 -0.3755335509777069 1.1809308528900146 135 146 130
-14.434823036193848 -0.9935594201087952 1.3302761316299438 101 133 130
-12.103989601135254 -1.27463698387146 1.0008455514907837 94 109 90
-32.16952133178711 0.14289353787899017 2.3968422412872314 73 80 62
-14.143038749694824 -0.45175206661224365 0.9180318117141724 124 139 132
-36.03705596923828 -2.4621310234069824 1.9929213523864746 51 62 46
-13.46717357635498 -1.4110606908798218 0.6182039976119995 73 90 71
-11.547577857971191 0.05592869222164154 0.4375632405281067 98 108 97
-11.410772323608398 -0.3598937690258026 0.32247963547706604 103 123 95
-14.368449211120605 -0.9748817682266235 0.26923075318336487 97 112 91
-13.890228271484375 -1.447299838066101 0.1267496645450592 50 65 46
-11.611814498901367 0.06394126266241074 0.015402736142277718 84 98 72
-14.353619575500488 -0.44493699073791504 -0.11830393224954605 98 102 77
-16.397287368774414 -1.103623628616333 -0.2931755781173706 94 119 61
-8.316089630126953 -0.8640053868293762 -0.22945073246955872 55 72 64
-11.674554824829102 0.06836206465959549 -0.4113636910915375 112 128 99
-13.577056884765625 -0.41540956497192383 -0.6077919006347656 43 75 28
-12.065267562866211 -0.8059216737747192 -0.6572160124778748 64 89 47
-9.994134902954102 -1.0334104299545288 -0.6433984637260437 64 92 44
-10.775050163269043 0.06911303848028183 -0.7735152840614319 68 107 42
-9.997283935546875 -0.2995940148830414 -0.8159688711166382 66 92 44
-9.126092910766602 -0.6063944101333618 -0.8322100043296814 81 105 57
-8.3847017288208 -0.8653653860092163 -0.8501173257827759 59 93 17
-8.347500801086426 0.057039059698581696 -0.9086189866065979 72 117 36
-7.652059078216553 -0.22476859390735626 -0.9078328609466553 61 112 37
-7.149791240692139 -0.47169259190559387 -0.9187902212142944 67 108 32
-6.931407451629639 -0.7117065191268921 -0.9624071717262268 50 90 27
-6.875896453857422 0.05190402641892433 -1.0039713382720947 100 144 69
-6.320130825042725 -0.18310581147670746 -0.9846951961517334 73 112 57
-5.978562831878662 -0.39201289415359497 -0.9921923279762268 59 93 43
-5.715782165527344 -0.5864847302436829 -1.0106568336486816 14 69 12
-5.959794044494629 0.052270397543907166 -1.096234679222107 75 103 62
-5.594716548919678 -0.15905970335006714 -1.0840903520584106 72 103 62
-5.2535858154296875 -0.34199008345603943 -1.0733174085617065 64 94 40
-5.063005447387695 -0.5189688205718994 -1.0902652740478516 53 93 31
-5.064737796783447 0.04733762517571449 -1.127790927886963 68 95 64
-4.845644950866699 -0.13403922319412231 -1.1279590129852295 65 85 50
-12.44036865234375 -1.2995713949203491 2.430415153503418 104 123 104
-12.033806800842285 0.07987147569656372 2.2412476539611816 106 147 177
-10.961442947387695 -0.3321676552295685 1.9299359321594238 72 88 124
-11.263932228088379 -0.7552028894424438 1.8758018016815186 72 86 86
-12.18320083618164 -1.2615299224853516 1.9140968322753906 35 60 41
-12.045550346374512 0.08247234672307968 1.7893015146255493 140 160 125
-13.557465553283691 -0.40254640579223633 1.8791875839233398 105 112 96
-13.249135971069336 -0.8790122270584106 1.7106431722640991 92 114 91
-10.857489585876465 -1.1171706914901733 1.3003535270690918 95 114 94
-13.881775856018066 0.10085951536893845 1.5463378429412842 54 61 54
-11.60156536102295 -0.338594913482666 1.1766945123672485 104 118 101
-14.42587947845459 -0.9484853744506836 1.3291774988174438 125 150 144
-30.88630485534668 -3.156771183013916 2.5530905723571777 48 47 52
-11.538691520690918 0.08665517717599869 0.8597247004508972 55 61 51
-14.15134048461914 -0.4085612893104553 0.9184849858283997 86 101 82
-11.54035758972168 0.09130056202411652 0.4372981786727905 122 138 101
-11.402831077575684 -0.3246283233165741 0.32222554087638855 88 104 78
-14.362393379211426 -0.9302138686180115 0.2690625488758087 87 99 79
-13.92643928527832 -1.4078969955444336 0.1270400881767273 72 82 74
-11.649561882019043 0.09989132732152939 0.015453141182661057 105 118 88
-14.28994369506836 -0.39908406138420105 -0.11776846647262573 86 92 66
-14.827089309692383 -0.952255368232727 -0.26504769921302795 63 81 69
-13.857540130615234 -1.3967781066894531 -0.3822258710861206 67 80 52
-11.683284759521484 0.10425904393196106 -0.4116806387901306 117 149 110
-13.605229377746582 -0.3744959533214569 -0.6089987754821777 62 82 45
-12.219152450561523 -0.7785531878471375 -0.6654651165008545 64 82 58
-9.457080841064453 -0.9485630989074707 -0.6086339354515076 66 85 39
-10.812688827514648 0.10252948850393295 -0.7762361764907837 66 102 14
-9.9094820022583 -0.26653629541397095 -0.8087320327758789 61 90 42
-9.18655014038086 -0.5821087956428528 -0.8375563025474548 70 96 31
-8.505128860473633 -0.8514312505722046 -0.8620583415031433 71 102 43
-8.444706916809082 0.08361314982175827 -0.9192233681678772 55 102 34
-7.580245494842529 -0.19938521087169647 -0.8992360830307007 65 103 18
-7.037363052368164 -0.44259536266326904 -0.9041638374328613 60 115 32
-6.933557987213135 -0.690437912940979 -0.9624071717262268 54 92 35
-6.88757848739624 0.07312479615211487 -1.0057051181793213 68 113 54
-6.299919605255127 -0.16317780315876007 -0.9814636707305908 57 99 35
-5.9885993003845215 -0.37422284483909607 -0.9936627149581909 42 75 22
-5.779297351837158 -0.5750901103019714 -1.0215706825256348 46 84 25
-5.988124847412109 0.07089217752218246 -1.1014806032180786 75 107 60
-5.595178127288818 -0.1418946087360382 -1.0840903520584106 85 107 71
-5.262434005737305 -0.32635587453842163 -1.0749155282974243 75 115 53
-5.07722282409668 -0.5046907067298889 -1.0929882526397705 72 110 59
-5.06261682510376 0.06285156309604645 -1.1273561716079712 74 103 72
-4.830454349517822 -0.11878926306962967 -1.1243329048156738 89 117 69
-10.908048629760742 -1.1056790351867676 2.130380392074585 78 95 103
-12.042353630065918 0.11687617748975754 2.2428956031799316 58 92 127
-10.9693021774292 -0.29872453212738037 1.9311492443084717 70 84 97
-11.241585731506348 -0.7190678119659424 1.8717041015625 111 134 150
-12.207658767700195 -1.2262200117111206 1.9173392057418823 94 96 117
-13.217323303222656 0.13104824721813202 1.9634125232696533 95 108 88
-14.257709503173828 -0.3795611560344696 1.9760770797729492 77 94 84
-13.26562786102295 -0.8392370343208313 1.7124320268630981 100 107 99
-10.809486389160156 -1.0787277221679688 1.2942018508911133 57 72 49
-11.458517074584961 0.11841011047363281 1.2764372825622559 67 86 67
-13.740856170654297 -0.35884201526641846 1.393554925918579 100 115 76
-23.9716739654541 -1.5022631883621216 2.2082767486572266 123 164 160
-30.952373504638672 -3.067600965499878 2.5577619075775146 44 57 40
-11.53338623046875 0.1220022439956665 0.859353244304657 60 80 81
-14.058755874633789 -0.36272430419921875 0.9123992919921875 92 110 110
-10.783754348754883 -0.6703197360038757 0.596124529838562 93 115 102
-25.014570236206055 -2.4658966064453125 1.1475653648376465 37 47 23
-11.51803970336914 0.1264640837907791 0.43646514415740967 130 139 108
-11.41876220703125 -0.2900241017341614 0.3226490616798401 113 138 134
-11.103950500488281 -0.684970498085022 0.20797908306121826 94 108 75
-13.949601173400879 -1.3670176267623901 0.1272125095129013 58 75 57
-11.71419620513916 0.13638794422149658 0.015539360232651234 70 85 66
-14.295100212097168 -0.3553406894207001 -0.11780142039060593 79 91 67
-16.403751373291016 -1.0029910802841187 -0.2931755781173706 87 104 70
-13.808036804199219 -1.349008560180664 -0.38074448704719543 81 107 34
-11.754859924316406 0.14096519351005554 -0.41421598196029663 70 78 54
-13.610308647155762 -0.3328516185283661 -0.6091775298118591 71 92 59
-12.4427490234375 -0.7544783353805542 -0.6775131225585938 43 71 33
-10.088688850402832 -0.9806610941886902 -0.649086058139801 74 87 61
-10.853215217590332 0.13621509075164795 -0.779171884059906 86 119 40
-9.899292945861816 -0.2358720451593399 -0.8078376054763794 63 94 27
-9.10578441619873 -0.5489480495452881 -0.8300352692604065 65 81 42
-8.552264213562012 -0.8296570181846619 -0.8665738701820374 60 87 18
-8.28039264678955 0.10739349573850632 -0.901369035243988 70 102 27
-7.755549430847168 -0.18018794059753418 -0.9199623465538025 72 107 53
-7.322849750518799 -0.437999427318573 -0.940666139125824 75 106 47
-6.939587593078613 -0.6695433259010315 -0.9629544019699097 50 89 8
-6.887321472167969 0.0942552462220192 -1.0057051181793213 82 120 63
-6.330026149749756 -0.14452576637268066 -0.9860801696777344 68 102 41
-5.976916313171387 -0.3550876975059509 -0.9915388226509094 34 69 15
-5.81142520904541 -0.5602867603302002 -1.026940941810608 36 73 22
-5.972145080566406 0.08902859687805176 -1.0985863208770752 63 89 44
-5.597549915313721 -0.12477193027734756 -1.0844706296920776 87 121 71
-5.267323017120361 -0.3104400336742401 -1.0757145881652832 83 119 73
-5.13714599609375 -0.4947357475757599 -1.1055561304092407 61 93 43
-5.060448169708252 0.07835293561220169 -1.126921534538269 63 86 44
-4.942777633666992 -0.10637915879487991 -1.1503957509994507 80 88 75
-10.908458709716797 -1.071920394897461 2.129808187484741 95 121 96
-11.93085765838623 0.1524021327495575 2.2222061157226562 104 140 166
-10.944568634033203 -0.2644512355327606 1.926642894744873 77 97 95
-14.9706449508667 -0.9114887118339539 2.4921085834503174 98 126 127
-14.302969932556152 -1.3923771381378174 2.245748281478882 52 66 40
-11.420719146728516 0.14827807247638702 1.696589469909668 93 121 133
-11.373178482055664 -0.267856240272522 1.5761680603027344 122 137 130
-11.753421783447266 -0.7073723673820496 1.516937255859375 111 135 119
-10.821640014648438 -1.0464197397232056 1.2952666282653809 80 94 97
-11.460086822509766 0.15359042584896088 1.2766586542129517 97 119 133
-11.283151626586914 -0.26002195477485657 1.1442159414291382 74 84 73
-14.00200366973877 -0.8343631029129028 1.2896262407302856 71 95 73
-30.962631225585938 -2.9727210998535156 2.5578439235687256 88 93 87
-11.534952163696289 0.1574128121137619 0.859501838684082 104 117 108
-11.692392349243164 -0.2657777667045593 0.7587681412696838 107 121 106
-10.167778968811035 -0.6007215976715088 0.561968982219696 42 55 45
-10.620584487915039 -1.0140700340270996 0.48708364367485046 54 72 72
-11.471635818481445 0.16115465760231018 0.4347234070301056 133 155 134
-18.387081146240234 -0.4105687737464905 0.5195081830024719 108 122 105
-13.951618194580078 -0.8176769614219666 0.2612682282924652 76 89 69
-14.011467933654785 -1.3296937942504883 0.12773890793323517 89 114 75
-11.687725067138672 0.17194350063800812 0.015504872426390648 79 90 73
-14.132166862487793 -0.3079099953174591 -0.11645040661096573 91 100 71
-16.606382369995117 -0.9642519950866699 -0.29674285650253296 77 102 60
-13.857888221740723 -1.3109703063964844 -0.3820064067840576 87 99 61
-11.610477447509766 0.17486079037189484 -0.4091452360153198 67 76 55
-13.613264083862305 -0.2911369502544403 -0.609266996383667 91 113 74
-10.263839721679688 -0.5907589793205261 -0.5587692856788635 47 66 36
-9.256060600280762 -0.8710691928863525 -0.5953416228294373 72 95 51
-10.845765113830566 0.1694025993347168 -0.7786706686019897 68 104 42
-9.92288875579834 -0.20597606897354126 -0.809707760810852 75 105 43
-9.061689376831055 -0.5183928608894348 -0.8258669376373291 65 95 35
-8.560712814331055 -0.8039732575416565 -0.8671758770942688 46 87 17
-8.240263938903809 0.13215920329093933 -0.8970407247543335 76 119 66
-7.2248969078063965 -0.1456829011440277 -0.856959342956543 77 109 46
-7.329110622406006 -0.41581210494041443 -0.9413021206855774 59 103 28
-6.943582057952881 -0.648434042930603 -0.9632281064987183 82 132 63
-6.962192058563232 0.11664456874132156 -1.0166853666305542 68 115 47
-6.28993558883667 -0.1243043839931488 -0.9797708988189697 52 101 22
-5.978962421417236 -0.33680459856987 -0.9917021989822388 65 102 51
-5.824883460998535 -0.5435529947280884 -1.0290197134017944 53 83 45
-5.975776672363281 0.1074211597442627 -1.0993098020553589 74 86 72
-5.5831828117370605 -0.1073153018951416 -1.081618309020996 66 95 39
-5.274120807647705 -0.2946065366268158 -1.0769131183624268 42 60 22
-5.159085273742676 -0.4808785915374756 -1.1099549531936646 82 106 70
-5.066039562225342 0.09398644417524338 -1.1282256841659546 49 78 47
-4.826223373413086 -0.08905806392431259 -1.123199701309204 86 105 83
-12.326717376708984 -1.1731140613555908 2.4060003757476807 73 83 85
-11.412307739257812 0.1807979941368103 2.125715732574463 130 143 117
-10.909881591796875 -0.23012486100196838 1.9204033613204956 84 117 124
-11.184725761413574 -0.6465475559234619 1.861541509628296 93 106 76
-9.996824264526367 -0.9422276020050049 1.5691672563552856 47 63 37
-11.418231964111328 0.18328388035297394 1.6962954998016357 106 154 192
-20.747425079345703 -0.4249512553215027 2.875117063522339 81 106 113
-11.630772590637207 -0.6641852259635925 1.5008376836776733 128 153 149
-10.894994735717773 -1.0197848081588745 1.3036658763885498 63 82 62
-11.45459270477295 0.1886669099330902 1.2761051654815674 91 126 120
-12.638679504394531 -0.2524673342704773 1.2815943956375122 104 121 115
-13.566049575805664 -0.7666246891021729 1.249251127243042 111 130 102
-35.56524658203125 -3.3045315742492676 2.9372177124023438 114 141 132
-11.533417701721191 0.1927841305732727 0.8594275116920471 131 141 114
-11.749025344848633 -0.2310032844543457 0.7623937129974365 84 101 82
-10.745793342590332 -0.6017943620681763 0.5938107371330261 71 88 52
-10.55202579498291 -0.9748651385307312 0.4837999641895294 41 54 44
-11.447108268737793 0.19593793153762817 0.4338146448135376 72 96 64
-14.148726463317871 -0.7856799364089966 0.26491305232048035 89 92 81
-13.896984100341797 -1.2758222818374634 0.12665890157222748 93 108 89
-11.681143760681152 0.20769347250461578 0.015496914274990559 78 91 71
-12.579370498657227 -0.23546895384788513 -0.10364877432584763 73 84 67
-15.013927459716797 -0.8255764842033386 -0.26824042201042175 75 100 42
-15.008620262145996 -1.3733861446380615 -0.4136093854904175 71 84 67
-11.757770538330078 0.21316145360469818 -0.4143568277359009 66 91 49
-12.82002067565918 -0.23482556641101837 -0.5737301111221313 65 82 40
-11.897770881652832 -0.6481871604919434 -0.6476101279258728 78 91 73
-9.076815605163574 -0.82611483335495 -0.5836470127105713 69 90 47
-10.863144874572754 0.20301160216331482 -0.779959499835968 66 101 33
-9.911515235900879 -0.1753205806016922 -0.8087320327758789 87 115 41
-9.07715892791748 -0.4913431704044342 -0.8271355628967285 62 87 22
-8.568093299865723 -0.7781555652618408 -0.867677628993988 57 85 34
-8.476380348205566 0.16195933520793915 -0.9227942228317261 55 100 5
-7.716793537139893 -0.13191846013069153 -0.9152518510818481 87 132 47
-7.423454284667969 -0.39832037687301636 -0.9532575607299805 76 111 55
-6.960337162017822 -0.6284645795822144 -0.9652804136276245 74 105 46
-6.957844257354736 0.13792528212070465 -1.016107439994812 77 107 55
-6.462191104888916 -0.10787621885538101 -1.0065464973449707 97 127 63
-5.9858784675598145 -0.31877461075782776 -0.9926824569702148 57 97 35
-5.844180107116699 -0.5272729396820068 -1.0321379899978638 48 76 38
-5.998034954071045 0.12623003125190735 -1.1034705638885498 73 88 91
-5.591338634490967 -0.09031267464160919 -1.0831395387649536 79 105 57
-5.26325798034668 -0.2778046131134033 -1.07451593875885 88 109 66
-5.133267879486084 -0.46259117126464844 -1.1040899753570557 92 127 71
-5.085245132446289 0.10995038598775864 -1.1325725317001343 70 91 84
-4.769015789031982 -0.07336705923080444 -1.109828233718872 99 112 102
-12.474930763244629 -1.1486111879348755 2.434230089187622 85 108 82
-11.280970573425293 0.21333736181259155 2.1013641357421875 92 102 75
-14.095073699951172 -0.25405117869377136 2.4809255599975586 105 125 124
-11.210297584533691 -0.6135240793228149 1.8654754161834717 133 160 151
-10.023282051086426 -0.9137060046195984 1.5728728771209717 44 55 41
-11.403770446777344 0.21804893016815186 1.6942384243011475 107 157 182
-14.346762657165527 -0.24982097744941711 1.9880166053771973 101 120 116
-14.041308403015137 -0.7586297392845154 1.8115849494934082 98 118 93
-10.901039123535156 -0.9866231679916382 1.3040207624435425 112 130 108
-11.466877937316895 0.22406063973903656 1.277544379234314 113 127 102
-12.459343910217285 -0.21064713597297668 1.2633378505706787 91 104 95
-13.858696937561035 -0.7405158877372742 1.275984764099121 60 70 61
-35.575218200683594 -3.1954033374786377 2.9372177124023438 98 122 109
-24.99880599975586 0.4945826828479767 1.8629226684570312 77 91 76
-11.742693901062012 -0.19484080374240875 0.7619405388832092 104 115 83
-10.752574920654297 -0.5690877437591553 0.594086229801178 98 115 96
-10.591781616210938 -0.9457746744155884 0.4854874014854431 106 130 108
-25.313674926757812 0.5109777450561523 0.9593752026557922 91 108 64
-18.06942367553711 -0.29256168007850647 0.5104727745056152 114 136 100
-14.921875953674316 -0.7826997637748718 0.27934280037879944 58 69 65
-13.892865180969238 -1.2324740886688232 0.12658630311489105 94 104 80
-11.690449714660645 0.24373818933963776 0.015510179102420807 86 97 80
-12.210091590881348 -0.19108536839485168 -0.10060076415538788 99 110 78
-17.138195037841797 -0.889654815196991 -0.3061425983905792 66 95 47
-9.404759407043457 -0.831509530544281 -0.25910598039627075 67 75 62
-11.856977462768555 0.25135084986686707 -0.4178781807422638 74 80 52
-12.481060028076172 -0.19031456112861633 -0.5585319995880127 93 119 82
-12.078204154968262 -0.6208577752113342 -0.6573245525360107 49 77 54
-9.243337631225586 -0.8126853704452515 -0.5941913723945618 70 92 46
-10.821585655212402 0.23544874787330627 -0.7770237922668457 69 100 33
-9.954859733581543 -0.14553816616535187 -0.8122284412384033 73 111 36
-9.207921028137207 -0.4700935482978821 -0.8389155268669128 62 87 32
-8.5744047164917 -0.7522131204605103 -0.8680789470672607 55 82 41
-8.474848747253418 0.18794170022010803 -0.922685980796814 107 149 73
-7.833336353302002 -0.10987254232168198 -0.9290301203727722 89 128 71
-7.372138977050781 -0.37288805842399597 -0.9465166926383972 69 115 42
-6.932626724243164 -0.6045259833335876 -0.9611757397651672 86 126 66
-6.9732160568237305 0.1596333384513855 -1.0184190273284912 50 95 28
-6.523746967315674 -0.08888458460569382 -1.016087293624878 63 91 53
-5.955297946929932 -0.29882654547691345 -0.987454354763031 62 107 52
-5.834977626800537 -0.5084003806114197 -1.0302324295043945 37 79 33
-5.986804008483887 0.14437034726142883 -1.1014806032180786 86 106 94
-5.608278274536133 -0.0733766108751297 -1.0863722562789917 68 94 46
-5.279743671417236 -0.262434184551239 -1.0777121782302856 70 99 45
-5.150249004364014 -0.4481967091560364 -1.1074413061141968 73 114 56
-5.085859298706055 0.12557527422904968 -1.1327898502349854 75 80 73
-4.913356304168701 -0.06051071733236313 -1.1433701515197754 96 108 88
-12.549773216247559 -1.1166844367980957 2.4481539726257324 85 89 66
-11.192788124084473 0.24602316319942474 2.085068941116333 73 82 89
-14.208047866821289 -0.21248582005500793 2.5006840229034424 115 149 174
-13.09083080291748 -0.6761672496795654 2.1780545711517334 88 111 125
-11.79759693145752 -1.0389643907546997 1.8507928848266602 109 131 128
-11.401069641113281 0.2529903054237366 1.6939445734024048 135 151 106
-29.04949951171875 -0.416695237159729 4.0251641273498535 110 153 160
-15.039040565490723 -0.7662692666053772 1.9399981498718262 56 72 23
-10.920831680297852 -0.9546446800231934 1.3060319423675537 110 129 110
-12.343484878540039 0.2790755331516266 1.3752974271774292 83 97 84
-12.52956771850586 -0.17338505387306213 1.2703983783721924 61 81 70
-10.419795036315918 -0.5247103571891785 0.9592087268829346 70 80 53
-25.059980392456055 0.5727110505104065 1.8676035404205322 94 111 103
-11.492785453796387 -0.1554267555475235 0.7456904649734497 120 145 124
-33.30293273925781 -1.660139799118042 1.8397170305252075 102 120 98
-10.595629692077637 -0.9133608937263489 0.4855330288410187 85 109 85
-17.62858009338379 0.40995699167251587 0.6681585907936096 81 99 75
-11.721315383911133 -0.1538112759590149 0.33111974596977234 86 98 74
-11.398119926452637 -0.5628079175949097 0.2133435159921646 65 75 64
-13.853739738464355 -1.186177372932434 0.12619605660438538 85 93 69
-11.682648658752441 0.2794354557991028 0.01550089381635189 83 94 78
-12.469590187072754 -0.15688259899616241 -0.10273437201976776 96 110 84
-14.583298683166504 -0.7121739387512207 -0.26046377420425415 63 79 43
-9.114439964294434 -0.7776675224304199 -0.25104060769081116 102 111 66
-14.273937225341797 0.34640151262283325 -0.5030947923660278 77 95 71
-12.238846778869629 -0.14906582236289978 -0.5476697683334351 78 100 51
-12.078057289123535 -0.5837030410766602 -0.6572160124778748 42 64 25
-11.399624824523926 -0.9670341610908508 -0.7326102256774902 62 92 22
-10.418970108032227 0.25867128372192383 -0.7481682300567627 69 103 19
-10.083823204040527 -0.1164814755320549 -0.8227177262306213 87 119 43
-9.263035774230957 -0.4444189965724945 -0.8438087701797485 75 101 56
-8.58559513092041 -0.7266589403152466 -0.8689821362495422 67 96 50
-8.471250534057617 0.2138659954071045 -0.9223613142967224 81 118 49
-7.844559669494629 -0.08595938235521317 -0.9303255081176758 81 122 46
-7.318756580352783 -0.3476802408695221 -0.9395214915275574 64 99 19
-6.820931434631348 -0.5737062692642212 -0.9454411864280701 77 118 60
-7.018195629119873 0.18220745027065277 -1.0250650644302368 100 141 71
-6.628720760345459 -0.06997517496347427 -1.0323988199234009 79 112 55
-6.026155471801758 -0.2838502824306488 -0.9990541934967041 55 91 45
-5.837491512298584 -0.4905790090560913 -1.0304057598114014 46 85 28
-5.992231845855713 0.1628972738981247 -1.1025660037994385 91 111 102
-5.618293762207031 -0.05626862868666649 -1.0882737636566162 82 105 59
-5.300099849700928 -0.24714773893356323 -1.08170747756958 59 87 46
-5.1944732666015625 -0.43599236011505127 -1.1166578531265259 74 105 71
-5.093255996704102 0.14139457046985626 -1.1345285177230835 75 101 62
-4.90670108795166 -0.045373424887657166 -1.1417837142944336 94 107 87
-12.640185356140137 -1.0856531858444214 2.465129852294922 121 143 140
-11.35217571258545 0.2843738794326782 2.11491322517395 128 148 121
-13.792064666748047 -0.16394348442554474 2.4273691177368164 115 144 162
-11.057185173034668 -0.5371172428131104 1.8394135236740112 41 54 36
-11.788915634155273 -1.0017610788345337 1.848940134048462 81 104 86
-11.393318176269531 0.28779223561286926 1.6929161548614502 82 94 72
-13.411035537719727 -0.15122082829475403 1.8581902980804443 75 116 136
-14.056596755981445 -0.6729813814163208 1.8129905462265015 69 84 87
-10.946466445922852 -0.923054575920105 1.3087527751922607 89 96 88
-12.348531723022461 0.3170965909957886 1.3759617805480957 60 78 64
-13.233394622802734 -0.14251893758773804 1.3417102098464966 87 105 83
-12.78306770324707 -1.069162368774414 1.0548545122146606 103 134 128
-21.482221603393555 0.5568922162055969 1.6010897159576416 61 78 70
-11.763625144958496 -0.12299397587776184 0.763235330581665 116 129 119
-33.30488204956055 -1.5578200817108154 1.8395518064498901 102 115 95
-10.423168182373047 -0.8662874102592468 0.477506160736084 61 81 44
-25.30406951904297 0.6661320924758911 0.9591479897499084 108 129 96
-11.757716178894043 -0.11821185052394867 0.33213624358177185 90 102 82
-11.392802238464355 -0.5275126099586487 0.21321266889572144 73 90 82
-10.050413131713867 -0.8294788002967834 0.0915272980928421 90 100 73
-11.699729919433594 0.31576159596443176 0.015524769201874733 75 79 64
-11.881060600280762 -0.1130230650305748 -0.09788227081298828 114 123 94
-17.141332626342773 -0.7843886613845825 -0.30610692501068115 74 101 46
-15.192978858947754 -1.2493654489517212 -0.4183553159236908 72 90 48
-14.508573532104492 0.39663708209991455 -0.5114051699638367 80 92 70
-11.908590316772461 -0.10850412398576736 -0.5328739285469055 70 85 44
-9.828421592712402 -0.4447643756866455 -0.5347274541854858 51 77 32
-9.343635559082031 -0.7637590765953064 -0.6003262400627136 68 85 30
-10.884745597839355 0.303652286529541 -0.7816779613494873 70 102 27
-10.145925521850586 -0.08606838434934616 -0.8277590870857239 75 112 17
-9.370808601379395 -0.4207783639431 -0.8535045981407166 74 97 45
-8.582825660705566 -0.6999109387397766 -0.8684804439544678 61 91 39
-8.474530220031738 0.2399670034646988 -0.9227942228317261 68 109 41
-7.818967819213867 -0.061688508838415146 -0.9272636771202087 77 117 55
-7.013599872589111 -0.3116207420825958 -0.9002211093902588 86 121 63
-6.841419219970703 -0.554297149181366 -0.9480408430099487 58 94 33
-7.023538112640381 0.20391041040420532 -1.0259318351745605 83 112 54
-6.602226734161377 -0.04943845048546791 -1.0282440185546875 58 89 29
-6.095005035400391 -0.26835522055625916 -1.0103272199630737 57 87 37
-5.821298599243164 -0.4712371230125427 -1.027287483215332 63 98 44
-5.974008560180664 0.18074505031108856 -1.0993098020553589 81 114 83
-5.655745506286621 -0.03929084911942482 -1.0954997539520264 52 98 23
-5.326284885406494 -0.23199470341205597 -1.0869011878967285 57 77 40
-5.208456516265869 -0.42107823491096497 -1.1193808317184448 82 120 63
-5.091822624206543 0.1569897085428238 -1.1343111991882324 57 76 54
-4.898051738739014 -0.030265500769019127 -1.1397440433502197 96 110 93
-12.609216690063477 -1.0440335273742676 2.458454132080078 116 132 158
-11.327664375305176 0.31853732466697693 2.1105189323425293 97 122 64
-11.770652770996094 -0.10379955917596817 2.071539878845215 98 144 170
-11.14057445526123 -0.506913423538208 1.8530181646347046 104 143 140
-10.128753662109375 -0.8293982148170471 1.5881584882736206 80 106 103
-11.309327125549316 0.3203921616077423 1.6805741786956787 119 141 105
-11.794933319091797 -0.09680803120136261 1.6342194080352783 91 118 125
-29.54891014099121 -1.323850154876709 3.810615062713623 70 82 60
-11.026444435119629 -0.8957381248474121 1.317980170249939 42 67 46
-28.39358901977539 0.8162908554077148 3.164080858230591 109 146 155
-11.85985279083252 -0.09133768081665039 1.2024152278900146 58 73 52
-20.40890884399414 -0.9022250175476074 1.8782254457473755 102 116 99
-12.830991744995117 -1.0335403680801392 1.0585424900054932 116 148 137
-24.538646697998047 0.7114655375480652 1.829041838645935 100 127 108
-11.665157318115234 -0.08617332577705383 0.7568259239196777 110 135 113
-33.3065071105957 -1.4555039405822754 1.8393864631652832 48 50 28
-13.951821327209473 -1.116471290588379 0.6390008330345154 79 88 67
-17.250164031982422 0.5070762634277344 0.6539214849472046 77 96 68
-11.755024909973145 -0.08211818337440491 0.332051545381546 72 84 60
-11.283489227294922 -0.48776447772979736 0.21113792061805725 73 85 65
-10.076834678649902 -0.8005412220954895 0.09174511581659317 127 142 109
-12.080533027648926 0.3631318211555481 0.016031473875045776 99 111 87
-11.79235553741455 -0.07599839568138123 -0.09714909642934799 89 103 77
-9.680643081665039 -0.41322895884513855 -0.1728517711162567 98 115 73
-9.035333633422852 -0.7151027917861938 -0.24873623251914978 82 106 48
-14.279535293579102 0.4342212378978729 -0.5033764839172363 93 107 71
-11.720059394836426 -0.07082755863666534 -0.5244255065917969 77 91 56
-12.02055549621582 -0.5070156455039978 -0.6539055109024048 80 89 60
-11.404348373413086 -0.8969908952713013 -0.732546329498291 75 89 66
-11.066205024719238 0.34269461035728455 -0.7947810888290405 64 98 24
-10.13717269897461 -0.054892148822546005 -0.8270273208618164 72 102 40
-9.360115051269531 -0.3915277123451233 -0.8524172306060791 89 108 63
-8.58691692352295 -0.6737315654754639 -0.8686810731887817 91 111 62
-8.473753929138184 0.26596537232398987 -0.9227942228317261 79 117 58
-7.789329528808594 -0.037556324154138565 -0.9237307906150818 70 111 45
-7.2801194190979 -0.3010861873626709 -0.9343068599700928 86 125 36
-6.826298236846924 -0.5319969058036804 -0.9457148313522339 66 107 29
-7.038703441619873 0.22596535086631775 -1.0282435417175293 58 90 41
-6.600371360778809 -0.029174135997891426 -1.0279362201690674 62 96 45
-6.073127269744873 -0.24872620403766632 -1.006569504737854 68 105 35
-5.821735382080078 -0.453298956155777 -1.0271142721176147 43 80 26
-5.961630344390869 0.1986790895462036 -1.0971391201019287 82 104 91
-5.674492835998535 -0.02201143465936184 -1.0991127490997314 64 79 40
-5.3406782150268555 -0.21620768308639526 -1.0896978378295898 91 123 82
-5.2253217697143555 -0.4063097834587097 -1.1227322816848755 68 103 47
-5.093267917633057 0.17267660796642303 -1.1347458362579346 83 117 66
-4.903965473175049 -0.015256527811288834 -1.1411038637161255 103 113 89
-11.614252090454102 -0.9257838726043701 2.2638986110687256 110 145 175
-11.223459243774414 0.3500705063343048 2.091294288635254 84 112 123
-11.995461463928223 -0.0689784362912178 2.1110570430755615 95 134 163
-11.036619186401367 -0.46825793385505676 1.835479736328125 107 123 112
-11.898261070251465 -0.9375561475753784 1.86515212059021 124 155 160
-11.362667083740234 0.35679465532302856 1.6886552572250366 91 109 97
-11.949695587158203 -0.06141539290547371 1.6556283235549927 107 125 135
-11.490951538085938 -0.4794977605342865 1.4816715717315674 69 77 62
-11.121206283569336 -0.869100034236908 1.3289819955825806 69 87 75
-28.465452194213867 0.9057679772377014 3.172384023666382 109 136 131
-11.863061904907227 -0.054965563118457794 1.2027177810668945 91 109 85
-12.791374206542969 -0.9908608198165894 1.0550183057785034 63 75 65
-24.584190368652344 0.7882797718048096 1.8326082229614258 87 106 86
-11.81505012512207 -0.05103122815489769 0.7665371298789978 98 107 80
-14.068979263305664 -0.5715785622596741 0.7768734693527222 118 132 117
-13.951196670532227 -1.0733559131622314 0.6388184428215027 94 106 94
-11.68325138092041 -0.04577192664146423 0.3300185799598694 60 62 40
-17.610729217529297 -0.7071563601493835 0.3294917941093445 83 99 86
-10.12411117553711 -0.7730481624603271 0.09215351939201355 76 92 65
-12.417177200317383 0.41138458251953125 0.016479814425110817 91 95 78
-11.773533821105957 -0.0397554486989975 -0.09699257463216782 95 104 85
-16.934022903442383 -0.6708065867424011 -0.30232563614845276 86 116 54
-12.579916000366211 -0.9568121433258057 -0.3462335765361786 92 112 63
-12.72796630859375 0.42612895369529724 -0.4487251937389374 50 67 35
-11.557385444641113 -0.034386105835437775 -0.5171393752098083 113 113 87
-11.837468147277832 -0.4629162549972534 -0.6438654065132141 80 95 66
-9.451638221740723 -0.7142338752746582 -0.6069723963737488 74 93 48
-11.070085525512695 0.37681329250335693 -0.7951390743255615 64 94 32
-10.149253845214844 -0.02381955459713936 -0.8280030488967896 84 115 45
-9.351320266723633 -0.36242374777793884 -0.8515110611915588 95 123 65
-8.574060440063477 -0.6462623476982117 -0.8671758770942688 70 96 31
-8.454021453857422 0.29131075739860535 -0.9207382798194885 88 134 61
-7.816219806671143 -0.013705837540328503 -0.9269103407859802 72 117 32
-7.183875560760498 -0.2750310003757477 -0.921842634677887 75 118 36
-6.8229594230651855 -0.5106819868087769 -0.9450307488441467 70 110 39
-7.075555324554443 0.2488805204629898 -1.033733606338501 86 122 60
-6.615251064300537 -0.008944385685026646 -1.0302444696426392 71 104 47
-6.112310409545898 -0.231549471616745 -1.0129412412643433 72 103 46
-5.833901882171631 -0.43624383211135864 -1.0290197134017944 47 80 35
-5.9462504386901855 0.21643158793449402 -1.0944256782531738 72 93 52
-5.721657752990723 -0.004640452563762665 -1.1082403659820557 58 73 42
-5.346211910247803 -0.20000483095645905 -1.0906965732574463 68 103 61
-5.225568771362305 -0.3902040123939514 -1.1225228309631348 72 119 49
-5.08978796005249 0.18819352984428406 -1.1340938806533813 95 130 74
-4.895223140716553 -0.0002109244669554755 -1.139064073562622 102 114 90
-11.57984447479248 -0.8872975707054138 2.256650447845459 60 77 59
-11.264580726623535 0.38594943284988403 2.0991671085357666 90 150 200
-14.470574378967285 -0.03881527855992317 2.546614408493042 101 154 186
-14.414068222045898 -0.5672593712806702 2.396876335144043 81 84 75
-11.883347511291504 -0.899705708026886 1.862372875213623 128 149 152
-28.146278381347656 0.9702556133270264 4.18336296081543 117 155 192
-11.953790664672852 -0.024762164801359177 1.656177282333374 112 137 141
-11.502279281616211 -0.4446248710155487 1.4829493761062622 112 132 133
-11.132733345031738 -0.8356455564498901 1.3300468921661377 85 107 84
-12.351049423217773 0.43094393610954285 1.376625895500183 99 146 164
-11.851236343383789 -0.018551254644989967 1.2015074491500854 96 114 100
-11.717062950134277 -0.44596415758132935 1.0780456066131592 88 98 107
-12.717824935913086 -0.9459207057952881 1.0487077236175537 103 144 148
-24.163076400756836 0.8489920496940613 1.8014023303985596 108 126 100
-11.840099334716797 -0.014814138412475586 0.7681556940078735 101 119 107
-14.17044448852539 -0.5321599841117859 0.7823824882507324 105 122 106
-13.864762306213379 -1.0239275693893433 0.6347137689590454 70 79 60
-11.563384056091309 -0.009826071560382843 0.32663029432296753 101 115 92
-17.844615936279297 -0.661719799041748 0.3338282108306885 73 81 68
-10.116461753845215 -0.7412534356117249 0.09206276386976242 115 119 94
-12.222983360290527 0.4424956142902374 0.016223808750510216 104 112 89
-11.630605697631836 -0.003590427339076996 -0.09581456333398819 100 113 87
-16.63425064086914 -0.607824444770813 -0.29693904519081116 82 98 71
-12.580798149108887 -0.9180675148963928 -0.34617874026298523 58 63 56
-14.493322372436523 0.5297520756721497 -0.5110177993774414 65 89 53
-11.641352653503418 0.0010793934343382716 -0.5208942294120789 91 98 82
-11.83983039855957 -0.42663320899009705 -0.6439197063446045 74 89 66
-11.10705280303955 -0.8050661683082581 -0.7131191492080688 69 93 19
-11.121706008911133 0.4127345383167267 -0.7989340424537659 74 98 48
-10.192136764526367 0.007348930463194847 -0.8314995169639587 67 103 15
-9.30063533782959 -0.33188581466674805 -0.8467990756034851 64 98 22
-8.572033882141113 -0.6196675300598145 -0.8667745590209961 78 119 49
-8.477923393249512 0.3181780278682709 -0.9234434366226196 101 132 73
-7.851974964141846 0.01032104343175888 -0.9311498403549194 76 106 36
-6.7515034675598145 -0.23773649334907532 -0.8662624359130859 87 124 47
-6.677273750305176 -0.47918203473091125 -0.9246442317962646 77 118 39
-7.138040542602539 0.27300721406936646 -1.0429801940917969 75 101 56
-6.66168737411499 0.011430646292865276 -1.037476897239685 62 95 48
-5.928616523742676 -0.20637787878513336 -0.9823896884918213 57 89 39
-5.7978835105896 -0.4156673848628998 -1.0224368572235107 75 107 57
-5.936713695526123 0.23432430624961853 -1.0927976369857788 69 89 61
-5.74324369430542 0.012962114997208118 -1.1124238967895508 81 106 67
-5.361489295959473 -0.18410636484622955 -1.0936931371688843 60 97 53
-5.23356819152832 -0.37465909123420715 -1.1239891052246094 67 96 48
-5.089186668395996 0.20380789041519165 -1.1340938806533813 80 90 65
-4.785141468048096 0.014474493451416492 -1.1134543418884277 97 110 90
-10.849244117736816 -0.7978430986404419 2.113785982131958 117 151 163
-11.148401260375977 0.4162156283855438 2.077745199203491 95 142 168
-12.03997802734375 0.0046427203342318535 2.118856430053711 86 98 78
-11.893010139465332 -0.4315047264099121 1.9774268865585327 84 96 92
-11.797364234924316 -0.8568028211593628 1.8484768867492676 40 67 50
-11.30886459350586 0.4245782196521759 1.6810150146484375 110 145 183
-11.956781387329102 0.011914624832570553 1.6565889120101929 86 104 92
-11.500615119934082 -0.40922847390174866 1.482565999031067 79 98 70
-31.16739273071289 -2.2433505058288574 3.7227823734283447 118 139 106
-11.84626293182373 0.017800437286496162 1.201003074645996 77 92 73
-11.829837799072266 -0.4139145612716675 1.0882996320724487 81 96 93
-12.874754905700684 -0.9178838729858398 1.061410903930664 102 121 125
-24.483224868774414 0.9354555010795593 1.8254754543304443 113 137 111
-11.452903747558594 0.020807413384318352 0.7430360317230225 126 140 105
-13.99837875366211 -0.48269590735435486 0.7727968692779541 114 129 110
-11.168407440185547 -0.7903554439544678 0.5111641883850098 73 92 64
-11.557361602783203 0.02563663385808468 0.3264608681201935 92 113 80
-17.178064346313477 -0.5842342376708984 0.3213236331939697 99 116 97
-14.158583641052246 -0.993766188621521 0.12881888449192047 93 101 86
-12.423412322998047 0.4879203736782074 0.016491752117872238 86 94 79
-11.615561485290527 0.032050393521785736 -0.09569099545478821 73 79 65
-9.969830513000488 -0.3336784243583679 -0.17795296013355255 92 105 87
-11.404875755310059 -0.7970877885818481 -0.31375277042388916 77 95 57
-12.833958625793457 0.5085311532020569 -0.45256343483924866 61 83 37
-11.651284217834473 0.036826130002737045 -0.5213412046432495 129 142 114
-11.99876594543457 -0.3955046236515045 -0.652494490146637 69 96 63
-11.212013244628906 -0.7781028151512146 -0.71970134973526 81 108 39
-11.1283597946167 0.4471738636493683 -0.7995067834854126 71 98 27
-10.202032089233398 0.03865569084882736 -0.8323125839233398 76 105 38
-9.393182754516602 -0.30633676052093506 -0.8551356792449951 89 121 58
-8.581835746765137 -0.5939155220985413 -0.867577314376831 73 104 28
-8.346783638000488 0.3389030694961548 -0.9092682600021362 87 117 57
-7.883683681488037 0.0345497764647007 -0.9349182844161987 68 114 42
-6.478583335876465 -0.20822773873806 -0.8311591744422913 58 94 22
-6.434610366821289 -0.44192925095558167 -0.8908491134643555 84 120 58
-7.193523406982422 0.2972336411476135 -1.051215410232544 71 107 59
-6.683358669281006 0.03197235241532326 -1.0408624410629272 78 111 56
-6.035717010498047 -0.19156822562217712 -1.0000344514846802 65 99 38
-5.806009292602539 -0.39834967255592346 -1.0236494541168213 50 82 41
-5.9418625831604 0.25278761982917786 -1.0938830375671387 89 105 95
-5.769683837890625 0.030723225325345993 -1.1175581216812134 69 97 46
-5.3561530113220215 -0.1674729436635971 -1.0924944877624512 97 111 86
-5.204451560974121 -0.35652926564216614 -1.1174956560134888 53 90 36
-5.090487957000732 0.2195044308900833 -1.1345285177230835 92 123 81
-4.887340545654297 0.0297781303524971 -1.1372510194778442 90 106 80
-10.863390922546387 -0.7653822302818298 2.116074800491333 108 142 144
-11.263965606689453 0.45513975620269775 2.0995333194732666 82 101 81
-12.038922309875488 0.041577428579330444 2.118683338165283 106 154 190
-11.809488296508789 -0.3921995460987091 1.963330626487732 104 131 126
-30.570236206054688 -2.125951051712036 4.788870811462402 83 86 75
-11.366808891296387 0.4616798460483551 1.6898306608200073 107 156 188
-11.946784019470215 0.04855719953775406 1.6552166938781738 57 75 59
-13.978033065795898 -0.4544490575790405 1.8017463684082031 74 94 57
-30.514368057250977 -2.1022660732269287 3.6439945697784424 92 113 82
-11.565593719482422 0.05286185070872307 1.172559142112732 47 58 41
-11.652894020080566 -0.3719327747821808 1.0719114542007446 95 122 105
-12.877510070800781 -0.8783803582191467 1.061410903930664 119 136 130
-25.172731399536133 1.0391511917114258 1.8771140575408936 108 121 104
-11.488710403442383 0.05611981078982353 0.7453667521476746 72 84 48
-14.058674812316895 -0.44159674644470215 0.7760471701622009 94 113 93
-10.355496406555176 -0.7009055614471436 0.473857581615448 93 102 83
-11.558228492736816 0.06109928712248802 0.326489120721817 121 125 100
-17.989248275756836 -0.5565744638442993 0.33646368980407715 87 96 79
-14.758199691772461 -0.990361213684082 0.1342460960149765 100 114 81
-12.368903160095215 0.523790180683136 0.016421448439359665 94 97 76
-11.63040828704834 0.06777369230985641 -0.09581456333398819 135 158 130
-10.033768653869629 -0.30500373244285583 -0.1790766566991806 113 122 93
-14.958012580871582 -0.9993118643760681 -0.4114147126674652 99 116 82
-14.467832565307617 0.6177335977554321 -0.5102431178092957 95 125 75
-11.683084487915039 0.07277070730924606 -0.5227715969085693 105 118 90
-11.985949516296387 -0.3582734167575836 -0.6517347097396851 71 106 38
-11.229284286499023 -0.7446917295455933 -0.7206599712371826 71 101 39
-11.212635040283203 0.48502016067504883 -0.805664598941803 84 103 47
-10.208842277526855 0.07000274211168289 -0.8328817486763 94 118 68
-9.41597843170166 -0.2781643867492676 -0.8571292161941528 78 115 19
-8.67495346069336 -0.5736235976219177 -0.8768090009689331 75 111 39
-8.469852447509766 0.36993134021759033 -0.9227942228317261 76 112 51
-7.892477512359619 0.05880299583077431 -0.93597811460495 77 118 39
-6.973930358886719 -0.2027328461408615 -0.8946248888969421 50 97 25
-6.91139030456543 -0.45337504148483276 -0.9566605687141418 61 106 39
-7.204440116882324 0.3198282718658447 -1.0529491901397705 71 108 56
-6.662480354309082 0.052313536405563354 -1.0376309156417847 62 88 43
-6.201951026916504 -0.17779962718486786 -1.0274819135665894 56 81 39
-5.823911190032959 -0.38162997364997864 -1.0265945196151733 60 98 47
-5.968568325042725 0.27227070927619934 -1.0989481210708618 105 139 88
-5.756800174713135 0.04831710830330849 -1.1150860786437988 79 96 64
-5.359579563140869 -0.1511225551366806 -1.093093752861023 81 111 49
-5.18600606918335 -0.33928385376930237 -1.1133062839508057 49 81 31
-5.1063666343688965 0.23588652908802032 -1.13822340965271 69 85 46
-4.9592976570129395 0.04543238878250122 -1.1540218591690063 105 128 84
-10.8157377243042 -0.7286849021911621 2.10634708404541 32 26 60
-11.263497352600098 0.4897376298904419 2.0997164249420166 84 120 134
-12.018056869506836 0.07837724685668945 2.1150436401367188 83 111 112
-11.834932327270508 -0.7865616083145142 1.8535720109939575 72 93 74
-11.349527359008789 0.4958597719669342 1.6874797344207764 62 111 143
-11.925777435302734 0.08506082743406296 1.6523346900939941 124 139 118
-13.707724571228027 -0.40356573462486267 1.7667361497879028 105 120 123
-14.770369529724121 -0.9720737338066101 1.7634979486465454 93 109 96
-27.33916664123535 1.2059195041656494 3.0482828617095947 124 148 134
-24.55242347717285 0.18754838407039642 2.4892547130584717 70 75 69
-11.638053894042969 -0.33572104573249817 1.0704466104507446 109 127 111
-12.940811157226562 -0.8428197503089905 1.0664103031158447 116 143 134
-24.04564666748047 1.0665305852890015 1.7933036088943481 63 79 66
-11.522412300109863 0.09163624048233032 0.7475679516792297 96 103 95
-11.176036834716797 -0.7220057249069214 0.5113009810447693 45 55 44
-11.554987907409668 0.09653408825397491 0.3264043927192688 101 124 96
-16.9334659576416 -0.4719131290912628 0.31668820977211 100 105 83
-14.039674758911133 -0.8988856673240662 0.12768444418907166 80 92 68
-12.369236946105957 0.5618257522583008 0.01642410270869732 95 106 89
-11.691141128540039 0.10399754345417023 -0.09631707519292831 94 113 85
-14.367350578308105 -0.3926194906234741 -0.2563970983028412 87 100 72
-14.851272583007812 -0.9464234709739685 -0.4083970785140991 66 92 29
-14.582674026489258 0.6674636006355286 -0.5143630504608154 83 105 56
-11.705781936645508 0.10882716625928879 -0.5237997174263 109 122 96
-11.95804500579834 -0.3207229673862457 -0.6501608490943909 71 101 49
-11.250439643859863 -0.7114338874816895 -0.7218741774559021 50 79 25
-11.228032112121582 0.5202025175094604 -0.806881844997406 64 92 34
-9.863741874694824 0.09790010750293732 -0.8047477006912231 94 128 44
-9.431719779968262 -0.24967056512832642 -0.8584883809089661 61 105 16
-8.727313995361328 -0.5501990914344788 -0.8819265365600586 62 97 31
-8.476621627807617 0.39628610014915466 -0.9236598014831543 87 132 51
-7.8495612144470215 0.08256736397743225 -0.9309142827987671 106 147 91
-6.818847179412842 -0.1772887259721756 -0.8746567368507385 63 105 31
-6.883089065551758 -0.4303148090839386 -0.9525559544563293 76 119 39
-7.207378387451172 0.3421173393726349 -1.0535269975662231 88 110 71
-6.689952850341797 0.07305559515953064 -1.0419394969940186 62 104 30
-6.1847147941589355 -0.15831704437732697 -1.0245411396026611 52 76 16
-5.842748165130615 -0.36486560106277466 -1.0297126770019531 66 99 44
-6.036468982696533 0.29392901062965393 -1.1116108894348145 87 105 93
-5.7428812980651855 0.06582097709178925 -1.1124238967895508 77 100 72
-5.362957000732422 -0.13475273549556732 -1.0936931371688843 71 102 58
-5.188974857330322 -0.3234935402870178 -1.1137253046035767 64 89 47
-5.109518051147461 0.2517436444759369 -1.1390926837921143 90 94 77
-4.933813571929932 0.06033742427825928 -1.1481294631958008 74 100 71
-11.293037414550781 -0.7260450720787048 2.1988561153411865 46 60 43
-28.555524826049805 1.329380989074707 5.32399320602417 93 146 188
-11.836552619934082 0.11351002007722855 2.0831522941589355 112 145 180
-27.978023529052734 -0.7573379278182983 4.65049409866333 93 109 98
-30.62609100341797 -1.9410853385925293 4.795664310455322 111 130 110
-11.331155776977539 0.5298917889595032 1.6849819421768188 108 158 193
-11.411397933959961 0.11640439182519913 1.5811086893081665 102 123 92
-14.38011646270752 -0.37920939922332764 1.8532394170761108 114 151 169
-14.775263786315918 -0.9268786311149597 1.7637344598770142 106 123 115
-25.202913284301758 1.1891729831695557 2.8104867935180664 136 170 180
-11.480489730834961 0.12292061001062393 1.1639856100082397 123 143 144
-11.577310562133789 -0.29842349886894226 1.064770221710205 96 110 85
-13.092544555664062 -0.812372088432312 1.0787036418914795 124 155 140
-11.545026779174805 0.12723900377750397 0.7490569949150085 113 131 105
-11.21608829498291 -0.6900457739830017 0.5130341053009033 59 65 51
-23.597070693969727 1.1286755800247192 0.8951568007469177 118 137 109
-11.550640106201172 0.131938174366951 0.3262914717197418 111 126 103
-14.683919906616211 -0.36414027214050293 0.2745952010154724 102 117 94
-11.428324699401855 -0.6964962482452393 0.10391548275947571 87 93 81
-21.674509048461914 1.0511256456375122 0.02878396213054657 98 104 78
-11.789756774902344 0.14104925096035004 -0.0971326231956482 107 125 101
-14.14358901977539 -0.34308382868766785 -0.25238391757011414 86 102 63
-15.161425590515137 -0.9194939136505127 -0.41684648394584656 84 104 53
-14.649433135986328 0.7155637741088867 -0.5167927742004395 67 95 37
-11.720376968383789 0.14492477476596832 -0.5244702696800232 70 82 60
-11.938009262084961 -0.28353679180145264 -0.6490211486816406 61 93 26
-11.248584747314453 -0.676675021648407 -0.7216185331344604 79 111 48
-11.105840682983398 0.5486916899681091 -0.7982180118560791 83 117 31
-10.29293155670166 0.13374240696430206 -0.83979332447052 91 127 40
-9.445384979248047 -0.2210361659526825 -0.8596664071083069 76 112 38
-8.731941223144531 -0.523600161075592 -0.8822275996208191 63 95 30
-8.488273620605469 0.42293331027030945 -0.9250665903091431 68 110 38
-7.869129657745361 0.10691891610622406 -0.9332695603370667 74 116 52
-7.13171911239624 -0.1635303646326065 -0.9147202372550964 92 121 63
-6.842845439910889 -0.4067271947860718 -0.9468094706535339 82 122 60
-7.221118450164795 0.3649768829345703 -1.0556941032409668 92 112 63
-6.7094573974609375 0.09385614842176437 -1.0450172424316406 74 111 59
-6.2108154296875 -0.13991957902908325 -1.0287889242172241 57 87 53
-5.905778408050537 -0.3506157696247101 -1.0406266450881958 51 89 38
-6.04339599609375 0.31285399198532104 -1.113058090209961 86 104 82
-5.705349445343018 0.08289757370948792 -1.105197787284851 81 97 71
-5.377059459686279 -0.11860127002000809 -1.0964897871017456 53 92 45
-5.19287109375 -0.3077459931373596 -1.1143536567687988 61 93 43
-5.112620830535889 0.26762235164642334 -1.139962077140808 76 86 75
-4.894650459289551 0.07487794011831284 -1.139064073562622 91 117 72
-11.283453941345215 -0.6906753778457642 2.1965672969818115 52 67 36
-11.371329307556152 0.1439397782087326 2.001344680786133 112 125 99
-11.262598991394043 -0.6791394352912903 1.763248085975647 91 104 95
-11.29391098022461 0.5628802180290222 1.6796925067901611 116 150 175
-11.413957595825195 0.1514529436826706 1.5815203189849854 91 123 138
-13.121962547302246 -0.305748850107193 1.6909658908843994 114 137 168
-12.342620849609375 -0.7362660765647888 1.4730714559555054 115 144 148
-25.236865997314453 1.268384575843811 2.8146936893463135 93 113 112
-11.485032081604004 0.15821018815040588 1.16448974609375 126 150 154
-13.62899112701416 -0.3094710111618042 1.253371000289917 99 115 86
-13.938655853271484 -0.8219521641731262 1.1482021808624268 86 110 96
-11.544581413269043 0.16265805065631866 0.7490569949150085 164 180 144
-11.186241149902344 -0.6537669897079468 0.5115746855735779 100 117 98
-23.624433517456055 1.2026400566101074 0.8963306546211243 105 118 101
-17.61012840270996 0.2551895081996918 0.49748438596725464 75 94 72
-18.578367233276367 -0.4036884307861328 0.34739813208580017 71 88 78
-11.415432929992676 -0.6605648398399353 0.10377934575080872 88 106 92
-21.842954635620117 1.1264758110046387 0.02901211380958557 102 110 89
-12.037232398986816 0.1809464991092682 -0.09917560964822769 55 67 47
-14.279523849487305 -0.3025495409965515 -0.25479182600975037 96 101 79
-15.35478687286377 -0.8839482665061951 -0.4220862090587616 84 108 58
-14.850768089294434 0.771075427532196 -0.5239763855934143 69 96 25
-11.830753326416016 0.18259292840957642 -0.5294319987297058 69 78 35
-11.942816734313965 -0.24699275195598602 -0.6492382287979126 49 83 22
-11.114109992980957 -0.6343706250190735 -0.7128635048866272 57 98 19
-11.12701416015625 0.5839636921882629 -0.7998648285865784 66 102 14
-10.309414863586426 0.16559217870235443 -0.8411756157875061 86 117 37
-9.471906661987305 -0.19258345663547516 -0.8620223999023438 81 115 38
-8.760326385498047 -0.4983341693878174 -0.8849368691444397 101 122 66
-8.52664566040039 0.45107367634773254 -0.9293949007987976 66 109 40
-7.866779327392578 0.131027489900589 -0.9330340027809143 88 131 77
-7.085577964782715 -0.14072410762310028 -0.9087425470352173 64 105 29
-6.859885215759277 -0.3866235911846161 -0.9489985704421997 75 111 50
-7.230834007263184 0.3877120316028595 -1.0572834014892578 92 133 75
-6.714077472686768 0.11452429741621017 -1.0457866191864014 68 104 60
-6.222065448760986 -0.12107553333044052 -1.0305860042572021 64 93 49
-5.830127239227295 -0.3281780183315277 -1.0271142721176147 40 78 19
-6.008037090301514 0.32950836420059204 -1.1067266464233398 77 87 62
-5.7168474197387695 0.10060824453830719 -1.1074798107147217 78 106 83
-5.384255886077881 -0.10223434120416641 -1.0978881120681763 40 59 37
-5.1801228523254395 -0.29104509949684143 -1.1114212274551392 57 85 37
-5.105928421020508 0.2829822897911072 -1.138658046722412 93 102 83
-4.889528751373291 0.0898047387599945 -1.137930989265442 70 103 50
-11.064043045043945 -0.6431800127029419 2.1534600257873535 51 57 53
-28.433931350708008 1.4986189603805542 5.3029375076293945 99 152 204
-11.419086456298828 0.17958469688892365 2.0098373889923096 109 129 102
-13.804669380187988 -0.28892555832862854 2.2942676544189453 82 111 115
-11.272521018981934 -0.645034670829773 1.7644833326339722 103 116 86
-11.285216331481934 0.5971609354019165 1.678663969039917 115 164 194
-11.419382095336914 0.18656684458255768 1.5823436975479126 109 142 173
-20.838481903076172 -0.42158594727516174 2.685178279876709 112 150 163
-14.716233253479004 -0.8325561881065369 1.7560451030731201 82 99 89
-24.90138053894043 1.328124761581421 2.7777178287506104 115 146 166
-11.486482620239258 0.1934785544872284 1.1646915674209595 55 108 92
-11.092071533203125 -0.21782030165195465 1.0200004577636719 113 137 147
-13.67741584777832 -0.7644467949867249 1.1264839172363281 64 80 51
-26.828052520751953 1.4374587535858154 2.0017149448394775 101 122 89
-27.164884567260742 0.4661024510860443 1.762647032737732 127 143 116
-11.718031883239746 -0.22417932748794556 0.646641731262207 101 127 102
-10.8311128616333 -0.5996748805046082 0.4952473044395447 74 99 69
-15.525413513183594 0.2726234197616577 0.4386129677295685 81 98 79
-18.390586853027344 -0.34316346049308777 0.3438654839992523 84 96 74
-18.168004989624023 -0.9953930974006653 0.16513940691947937 78 89 72
-21.741540908813477 1.188136100769043 0.028882119804620743 99 108 87
-12.012624740600586 0.21744100749492645 -0.09897790104150772 43 51 36
-14.085448265075684 -0.2552071809768677 -0.2513137459754944 99 117 91
-8.565064430236816 -0.4667159616947174 -0.23540373146533966 83 103 50
-14.941134452819824 0.8217372298240662 -0.5272511839866638 80 108 50
-11.84711742401123 0.21920248866081238 -0.5301918983459473 89 95 67
-11.933534622192383 -0.21017572283744812 -0.6486955285072327 81 118 67
-11.108031272888184 -0.5998395085334778 -0.7123522758483887 82 104 40
-11.308415412902832 0.6282789707183838 -0.8130395412445068 74 107 38
-9.571443557739258 0.18311265110969543 -0.7810045480728149 86 125 36
-9.506307601928711 -0.16410759091377258 -0.8651033639907837 62 103 25
-8.852224349975586 -0.4763203263282776 -0.8940682411193848 62 92 42
-8.607605934143066 0.48184266686439514 -0.9383761286735535 86 132 59
-7.867332935333252 0.1551813930273056 -0.9331517815589905 65 109 30
-7.133579730987549 -0.11978454142808914 -0.9148474335670471 129 144 49
-6.865984916687012 -0.36583948135375977 -0.9496827125549316 66 122 47
-7.250356674194336 0.4110703468322754 -1.0603173971176147 89 120 53
-6.749258518218994 0.13583803176879883 -1.0513263940811157 77 108 48
-6.254960060119629 -0.10251947492361069 -1.0359774827957153 62 91 45
-5.848809242248535 -0.31123194098472595 -1.0302324295043945 50 81 37
-5.972632884979248 0.3459486961364746 -1.1003952026367188 92 90 65
-5.736143112182617 0.11855253577232361 -1.1112829446792603 78 96 106
-5.405117988586426 -0.08604270964860916 -1.1020830869674683 47 70 42
-5.173180103302002 -0.2747364938259125 -1.1097455024719238 66 97 53
-5.087496280670166 0.29761964082717896 -1.1347458362579346 93 99 89
-4.8853349685668945 0.10472168028354645 -1.1370244026184082 101 139 90
-11.223769187927246 -0.6179208159446716 2.184169054031372 105 141 155
-11.411588668823242 0.21448755264282227 2.0086240768432617 88 103 96
-31.096628189086914 -0.5553992986679077 5.167798042297363 105 123 123
-11.26852798461914 -0.6101275682449341 1.763556957244873 69 81 59
-11.269505500793457 0.6310065388679504 1.6766070127487183 71 111 123
-11.412814140319824 0.22148481011390686 1.5815203189849854 102 127 98
-13.010543823242188 -0.22328810393810272 1.6763997077941895 100 142 164
-13.94430923461914 -0.7459751963615417 1.663652777671814 65 91 78
-12.636630058288574 0.7128650546073914 1.4098377227783203 89 131 129
-11.50672435760498 0.22913362085819244 1.1668097972869873 104 125 84
-11.398356437683105 -0.18885377049446106 1.0481075048446655 98 120 107
-10.165472984313965 -0.5368807315826416 0.8370976448059082 100 117 98
-25.058183670043945 0.506859540939331 1.6260428428649902 122 142 133
-11.724654197692871 -0.18832406401634216 0.6469722390174866 106 131 102
-36.48609924316406 -1.907825231552124 1.668033480644226 87 107 72
-25.562047958374023 1.458581805229187 0.9701666235923767 115 132 114
-19.06633758544922 0.3933175802230835 0.5386801958084106 81 95 78
-17.820720672607422 -0.2778405547142029 0.3331926763057709 99 113 88
-14.796619415283203 -0.765156626701355 0.13447298109531403 95 99 74
-15.701847076416016 0.9064025282859802 0.020862404257059097 91 103 81
-12.399801254272461 0.2625061273574829 -0.10217419266700745 72 88 59
-12.629560470581055 -0.1900710016489029 -0.22532622516155243 80 83 54
-14.78989028930664 -0.7604086995124817 -0.4064218997955322 105 137 90
-15.781599044799805 0.9165335297584534 -0.5570065975189209 61 93 17
-12.092085838317871 0.2608480155467987 -0.5411881804466248 80 81 67
-11.872220993041992 -0.1726628839969635 -0.6453307867050171 60 98 23
-11.094870567321777 -0.5649964809417725 -0.7113937139511108 68 106 33
-11.297473907470703 0.6624442934989929 -0.8123951554298401 58 94 20
-10.022225379943848 0.2224975824356079 -0.8178390264511108 88 128 39
-9.52568531036377 -0.13521042466163635 -0.8668249845504761 70 100 26
-8.840725898742676 -0.4485044777393341 -0.8927637338638306 68 105 27
-8.650744438171387 0.51088547706604 -0.9432453513145447 74 118 43
-7.873769283294678 0.17947570979595184 -0.9339761137962341 80 121 63
-7.315410614013672 -0.10038913786411285 -0.9381224513053894 71 114 35
-6.924457550048828 -0.34765419363975525 -0.9576184153556824 85 120 54
-7.241159439086914 0.43283984065055847 -1.05916166305542 80 106 43
-6.769554138183594 0.15702499449253082 -1.0545579195022583 62 87 55
-6.2779340744018555 -0.08363129943609238 -1.039735198020935 61 96 54
-5.868425369262695 -0.2942235767841339 -1.0335239171981812 55 81 34
-5.970561504364014 0.36421096324920654 -1.1002143621444702 68 83 24
-5.704344749450684 0.13540470600128174 -1.105197787284851 86 101 108
-5.437688827514648 -0.06987510621547699 -1.1086751222610474 62 84 37
-5.180834770202637 -0.2592061460018158 -1.1112117767333984 33 91 30
-5.071945667266846 0.312326580286026 -1.1314857006072998 92 100 85
-4.889859676361084 0.1198284924030304 -1.138157606124878 97 124 73
-10.943280220031738 -0.568808913230896 2.1292357444763184 40 84 71
-11.289767265319824 0.24684876203536987 1.9873055219650269 107 152 193
-14.17902946472168 -0.20973128080368042 2.3562262058258057 93 121 124
-11.259491920471191 -0.5749989748001099 1.7618584632873535 86 95 94
-11.25862979888916 0.6650529503822327 1.6752846240997314 115 140 137
-11.39722728729248 0.25616392493247986 1.5794618129730225 107 117 92
-13.249176025390625 -0.18672561645507812 1.7070655822753906 109 158 191
-14.142892837524414 -0.7130917310714722 1.687076210975647 85 110 78
-24.849109649658203 1.478294849395752 2.7728466987609863 78 88 77
-11.50696086883545 0.2644575238227844 1.1669105291366577 54 66 52
-12.342814445495605 -0.16662615537643433 1.134900450706482 81 104 86
-10.275571823120117 -0.5110875368118286 0.8460308909416199 95 117 104
-25.05651092529297 0.5837345719337463 1.6260428428649902 104 122 108
-11.699217796325684 -0.15201514959335327 0.6455398797988892 86 101 70
-10.817627906799316 -0.5323704481124878 0.49447202682495117 126 147 116
-26.017292022705078 1.5646523237228394 0.9876222014427185 100 116 90
-17.775917053222656 0.421260267496109 0.5022561550140381 62 81 51
-11.735030174255371 -0.14694957435131073 0.21939952671527863 96 104 81
-14.826863288879395 -0.7211177945137024 0.1347271054983139 92 100 79
-12.029059410095215 0.2915811836719513 -0.0991261899471283 97 105 90
-12.560100555419922 -0.15048466622829437 -0.22407768666744232 108 117 88
-14.825101852416992 -0.7166231274604797 -0.40732717514038086 75 91 54
-14.956758499145508 0.9146799445152283 -0.5279906988143921 102 127 44
-12.53664779663086 0.3089205324649811 -0.5611245632171631 67 79 57
-11.848731994628906 -0.13596363365650177 -0.6440282464027405 71 105 31
-10.194432258605957 -0.487790048122406 -0.6535593867301941 76 115 50
-11.250588417053223 0.694336473941803 -0.809173047542572 74 111 31
-10.268595695495605 0.2594885528087616 -0.838004469871521 86 115 33
-9.337845802307129 -0.10389139503240585 -0.8496987819671631 73 105 29
-8.929516792297363 -0.4255472719669342 -0.9015940427780151 68 106 29
-8.66203498840332 0.5382246971130371 -0.9446521401405334 87 121 45
-7.835458755493164 0.2026555985212326 -0.9295011758804321 113 151 94
-7.459498405456543 -0.07947757840156555 -0.9565643668174744 63 94 34
-6.882943153381348 -0.32440322637557983 -0.9517350196838379 74 108 57
-7.212145805358887 0.4533153474330902 -1.0551162958145142 82 97 64
-6.778918266296387 0.1780523955821991 -1.0560967922210693 63 104 48
-6.296905040740967 -0.06456265598535538 -1.0428394079208374 71 109 68
-5.878154754638672 -0.2766348123550415 -1.0350830554962158 64 86 47
-5.992971897125244 0.3840361535549164 -1.1045559644699097 69 77 56
-5.704884052276611 0.15293104946613312 -1.1053880453109741 111 130 124
-5.482948303222656 -0.053633056581020355 -1.1178642511367798 50 70 45
-5.196256637573242 -0.24399828910827637 -1.1143536567687988 76 117 51
-5.076807975769043 0.328263521194458 -1.1327898502349854 93 107 94
-4.899204730987549 0.13509827852249146 -1.1404238939285278 99 134 94
-10.820454597473145 -0.5291434526443481 2.1050117015838623 85 98 72
-11.076292991638184 0.2761814594268799 1.949868083000183 136 147 115
-14.266408920288086 -0.1672472506761551 2.370650291442871 123 149 146
-11.701348304748535 -0.5615763068199158 1.8307209014892578 68 90 44
-11.220008850097656 0.6973206400871277 1.6698483228683472 100 137 146
-13.28538990020752 -0.14647047221660614 1.711665391921997 84 118 130
-14.171794891357422 -0.6709665060043335 1.6902703046798706 145 171 142
-29.519346237182617 1.847032904624939 3.294603109359741 123 143 132
-11.490182876586914 0.29934456944465637 1.1652967929840088 56 66 68
-11.938994407653809 -0.12454099953174591 1.0977296829223633 110 121 113
-14.625665664672852 -0.6824777722358704 1.2040143013000488 92 109 73
-24.29546356201172 0.6405882239341736 1.5767747163772583 105 118 101
-11.689644813537598 -0.11602264642715454 0.644989013671875 100 119 91
-11.15749740600586 -0.5147879123687744 0.509932816028595 97 112 93
-26.002395629882812 1.6438344717025757 0.9872435331344604 107 120 100
-17.60466957092285 0.4712468683719635 0.4974561035633087 77 95 69
-11.776415824890137 -0.11133384704589844 0.22016586363315582 87 98 81
-14.581274032592773 -0.6643392443656921 0.13247635960578918 96 105 74
-34.76609802246094 2.2210142612457275 0.046209536492824554 93 103 76
-17.25897979736328 0.4713381826877594 -0.1422349065542221 97 106 79
-11.95362377166748 -0.10654108226299286 -0.2132510393857956 98 108 83
-9.691425323486328 -0.4386708438396454 -0.26623860001564026 77 98 55
-15.83352279663086 1.0170660018920898 -0.5590489506721497 84 101 33
-12.795281410217285 0.3545759916305542 -0.5727466940879822 67 93 46
-11.833117485046387 -0.09947729855775833 -0.6431599259376526 75 103 45
-10.955562591552734 -0.4905257523059845 -0.7022551894187927 89 113 65
-11.290209770202637 0.7315583229064941 -0.8121803402900696 77 106 39
-10.280702590942383 0.29135796427726746 -0.8390614986419678 90 125 45
-9.490486145019531 -0.0764705017209053 -0.8635628819465637 76 91 52
-8.951653480529785 -0.39908045530319214 -0.9037012457847595 75 121 31
-8.65835952758789 0.5646675229072571 -0.944435715675354 72 122 23
-7.840755462646484 0.22686579823493958 -0.9302077293395996 91 126 46
-7.464666366577148 -0.05662940815091133 -0.9572003483772278 88 138 53
-6.718636989593506 -0.2960038483142853 -0.9288857579231262 82 134 52
-7.210721492767334 0.47543978691101074 -1.0551162958145142 74 99 69
-6.827723026275635 0.20029768347740173 -1.0637907981872559 55 85 23
-6.30397891998291 -0.04529333859682083 -1.043982982635498 72 100 49
-5.986224174499512 -0.2633171081542969 -1.05396568775177 72 90 48
-6.010410308837891 0.4036727547645569 -1.1079930067062378 77 94 52
-5.70438814163208 0.1704326719045639 -1.1053880453109741 94 111 121
-5.490925312042236 -0.03686398267745972 -1.119462251663208 51 66 47
-5.1969804763793945 -0.22805525362491608 -1.1143536567687988 78 119 49
-5.090384483337402 0.34482693672180176 -1.1360498666763306 100 106 78
-4.905581951141357 0.15033702552318573 -1.1420103311538696 82 99 81
-10.959312438964844 -0.5022357106208801 2.1317155361175537 120 148 172
-28.82444953918457 1.874160647392273 5.3796539306640625 70 111 155
-11.081299781799316 0.3103271424770355 1.9509079456329346 92 117 59
-11.655754089355469 -0.10087900608778 1.9367769956588745 100 130 166
-11.425664901733398 -0.5132164359092712 1.7873344421386719 70 77 61
-11.171424865722656 0.7287137508392334 1.66294264793396 100 148 171
-11.838781356811523 -0.09419748187065125 1.525242567062378 99 118 150
-11.563817977905273 -0.5119394659996033 1.3790229558944702 109 134 102
-29.147594451904297 1.91356360912323 3.2537524700164795 122 131 104
-12.098825454711914 0.35234805941581726 1.227127194404602 126 147 150
-11.618680953979492 -0.08555115014314651 1.068249225616455 93 106 86
-14.497254371643066 -0.6319180727005005 1.1932779550552368 91 104 84
-24.69935417175293 0.7270731329917908 1.6031243801116943 81 93 83
-11.656996726989746 -0.07993283867835999 0.6431710124015808 92 104 94
-14.08426284790039 -0.6065279245376587 0.6436071395874023 105 119 94
-19.002960205078125 0.5670238137245178 0.5370143055915833 73 85 61
-11.773703575134277 -0.07518463581800461 0.22010980546474457 114 124 100
-17.907108306884766 -0.7608231902122498 0.16267085075378418 79 88 59
-34.748146057128906 2.3269295692443848 0.04619494080543518 95 110 71
-12.239937782287598 0.37185239791870117 -0.10088084638118744 88 96 73
-11.783924102783203 -0.06887394934892654 -0.2102188616991043 102 112 87
-9.704710006713867 -0.4094415009021759 -0.26656776666641235 86 104 56
-16.203250885009766 1.090741515159607 -0.5722187757492065 70 101 42
-12.7771577835083 0.3933071494102478 -0.5719867944717407 43 79 5
-11.609700202941895 -0.061979275196790695 -0.6310033202171326 75 99 47
-10.945051193237305 -0.45641329884529114 -0.7014883756637573 75 101 38
-11.359563827514648 0.7710561752319336 -0.8173357248306274 78 120 36
-9.343335151672363 0.29348331689834595 -0.7626280188560486 75 124 32
-9.425943374633789 -0.04703075811266899 -0.8576728701591492 89 99 46
-8.975700378417969 -0.37256431579589844 -0.9060091376304626 73 106 35
-8.687333106994629 0.5933282971382141 -0.9477901458740234 70 97 42
-7.844985485076904 0.25107866525650024 -0.9307965040206909 69 115 40
-7.484642505645752 -0.03381749987602234 -0.9597440361976624 102 149 79
-6.747226715087891 -0.2765257656574249 -0.9327167272567749 80 121 65
-7.203305721282959 0.4971509277820587 -1.0542494058609009 83 99 50
-6.81423807144165 0.2208278477191925 -1.0617903470993042 49 62 42
-6.35538911819458 -0.026163985952734947 -1.0524786710739136 86 110 78
-5.989955902099609 -0.2450712025165558 -1.0544854402542114 91 132 66
-6.017972946166992 0.4227307438850403 -1.1096210479736328 80 89 62
-5.68715763092041 0.18738308548927307 -1.102155327796936 83 92 91
-5.5106096267700195 -0.020089326426386833 -1.123457431793213 60 87 56
-5.202540874481201 -0.21230942010879517 -1.115401029586792 75 104 37
-5.093197822570801 0.3607182502746582 -1.136919379234314 89 100 96
-4.917752265930176 0.1658131182193756 -1.1449565887451172 83 89 79
-10.54888916015625 -0.45100000500679016 2.0516045093536377 109 140 158
-11.216141700744629 0.34854409098625183 1.974826455116272 78 92 95
-11.704344749450684 -0.0653892233967781 1.9448086023330688 62 103 133
-11.454826354980469 -0.4793171286582947 1.7916576862335205 56 60 46
-25.876710891723633 0.8199473023414612 3.586966037750244 113 163 198
-11.876702308654785 -0.0580604150891304 1.5300979614257812 111 141 152
-13.58234691619873 -0.559555172920227 1.6195268630981445 77 96 68
-24.20087242126465 1.6633899211883545 2.702105760574341 102 127 121
-28.469242095947266 0.9165202379226685 2.8877735137939453 42 49 55
-11.886756896972656 -0.0510556735098362 1.0928772687911987 111 128 110
-13.984286308288574 -0.5665792226791382 1.1509068012237549 95 98 117
-24.690025329589844 0.8026193380355835 1.6026711463928223 89 104 83
-11.831920623779297 -0.04483136907219887 0.6528117060661316 108 126 112
-14.048127174377441 -0.5617982745170593 0.6418740749359131 100 125 93
-17.75330352783203 0.5842558145523071 0.5017479658126831 82 96 63
-11.782876968383789 -0.03909292444586754 0.22027802467346191 78 91 48
-17.83741569519043 -0.7030458450317383 0.16201740503311157 92 110 96
-12.72545051574707 0.4256834089756012 -0.10489268600940704 105 110 90
-11.731088638305664 -0.03257391229271889 -0.2092735469341278 131 146 113
-9.991594314575195 -0.39084064960479736 -0.2744136452674866 73 104 34
-15.757200241088867 1.1092867851257324 -0.5565840005874634 66 98 33
-12.908682823181152 0.43700048327445984 -0.5779320001602173 96 118 69
-11.435093879699707 -0.02596416138112545 -0.6215059757232666 73 86 60
-10.995264053344727 -0.4247196912765503 -0.7046197652816772 74 105 27
-11.351174354553223 0.8054795861244202 -0.8169060349464417 81 115 38
-10.34346866607666 0.35666629672050476 -0.844346821308136 76 115 36
-9.45791244506836 -0.01817338541150093 -0.8605725765228271 71 104 33
-8.991714477539062 -0.3455987274646759 -0.9075143337249756 77 114 47
-8.715219497680664 0.6221012473106384 -0.9510363936424255 91 133 59
-7.9463982582092285 0.2787310779094696 -0.9429260492324829 75 121 49
-7.421230792999268 -0.010762717574834824 -0.9516041278839111 88 133 64
-7.066786289215088 -0.26790809631347656 -0.9767735004425049 54 97 28
-7.202733516693115 0.5193191766738892 -1.0543938875198364 82 102 65
-6.869813919067383 0.24372951686382294 -1.0705617666244507 79 107 59
-6.369251251220703 -0.006680288817733526 -1.0547659397125244 84 106 68
-5.971980571746826 -0.22598551213741302 -1.0511939525604248 55 102 21
-6.007820129394531 0.44054433703422546 -1.1079930067062378 78 89 72
-5.682631492614746 0.20468878746032715 -1.1013946533203125 74 92 52
-5.5077056884765625 -0.0031812230590730906 -1.1228582859039307 81 100 78
-5.213916301727295 -0.1967528611421585 -1.117705225944519 58 89 45
-5.067730903625488 0.3745436370372772 -1.1314857006072998 101 109 96
-4.924033164978027 0.1811504364013672 -1.146543025970459 77 82 75
-10.357973098754883 -0.41100582480430603 2.014219284057617 41 73 68
-10.816380500793457 0.3693409860134125 1.9046310186386108 150 189 188
-12.014242172241211 -0.03026067651808262 1.99627685546875 116 136 161
-11.834365844726562 -0.4588322639465332 1.8507928848266602 85 113 90
-25.7533016204834 0.8951342105865479 3.570223093032837 101 163 200
-11.908562660217285 -0.021680712699890137 1.534186840057373 97 130 139
-11.571702003479004 -0.4411647617816925 1.3796144723892212 70 96 85
-12.399691581726074 0.43727269768714905 1.2578911781311035 116 145 141
-11.87192153930664 -0.014569046907126904 1.0915039777755737 97 105 116
-14.466997146606445 -0.5416848063468933 1.1904915571212769 73 87 72
-23.7549991607666 0.8451876044273376 1.5421380996704102 129 146 112
-11.899898529052734 -0.00858029443770647 0.6565577983856201 97 107 80
-32.92625045776367 -1.2155869007110596 1.504258394241333 105 121 92
-17.514677047729492 0.6302008032798767 0.4950560927391052 68 79 63
-11.593974113464355 -0.002896177815273404 0.21674534678459167 101 112 80
-17.625638961791992 -0.640546441078186 0.16007521748542786 82 101 69
-12.259410858154297 0.4477511942386627 -0.10106208175420761 91 99 75
-11.622151374816895 0.0033849726896733046 -0.2073293775320053 99 109 75
-9.761982917785645 -0.3518672287464142 -0.2680765986442566 74 94 57
-16.253067016601562 1.1943169832229614 -0.5742259621620178 59 95 23
-13.288639068603516 0.490683376789093 -0.5950075387954712 90 119 71
-11.65878963470459 0.009296689182519913 -0.6336625814437866 100 113 96
-11.227893829345703 -0.39921146631240845 -0.7194457650184631 70 106 18
-11.497857093811035 0.8513485789299011 -0.8276463747024536 80 116 28
-10.327384948730469 0.38783687353134155 -0.8431271314620972 78 123 30
-9.489791870117188 0.010879701003432274 -0.8634722828865051 75 111 21
-8.9450044631958 -0.31632310152053833 -0.9026978015899658 81 107 42
-8.715252876281738 0.648983895778656 -0.9512527585029602 81 120 55
-7.938559532165527 0.30284398794174194 -0.9421017169952393 98 129 61
-7.443049907684326 0.012040647678077221 -0.9544022083282471 97 135 60
-7.03193473815918 -0.24498456716537476 -0.9718478322029114 45 86 26
-7.199132919311523 0.5412660241127014 -1.0541049242019653 92 114 78
-6.877920627593994 0.26514723896980286 -1.0719467401504517 68 92 58
-6.372201442718506 0.012866306118667126 -1.0552560091018677 74 97 51
-6.021860122680664 -0.2093738168478012 -1.0598558187484741 74 104 66
-5.984865665435791 0.45732539892196655 -1.104013204574585 77 90 72
-5.683938503265381 0.22219859063625336 -1.1017749309539795 92 98 70
-5.48417329788208 0.013657630421221256 -1.1180639266967773 63 89 50
-5.227199554443359 -0.18119624257087708 -1.120428204536438 79 114 50
-5.070450782775879 0.3903891444206238 -1.1323550939559937 84 108 72
-4.93902587890625 0.19687701761722565 -1.1501691341400146 84 88 71
-10.553420066833496 -0.3863365650177002 2.0519859790802 70 79 74
-10.743351936340332 0.39984947443008423 1.8919786214828491 109 124 101
-12.019211769104004 0.0066013517789542675 1.9970964193344116 102 125 96
-20.26201629638672 -0.7233328223228455 3.168442726135254 46 56 57
-27.45195198059082 1.0385085344314575 3.80613374710083 115 161 194
-11.917499542236328 0.014865479432046413 1.5353368520736694 97 116 112
-11.569032669067383 -0.40552204847335815 1.3791413307189941 108 138 114
-11.740464210510254 0.02161160111427307 1.0794188976287842 58 75 59
-14.020368576049805 -0.4818923771381378 1.1536113023757935 68 79 81
-25.720989227294922 1.9328281879425049 1.921768307685852 124 157 172
-29.982532501220703 1.1588712930679321 1.9466418027877808 69 82 64
-11.484502792358398 0.026953285560011864 0.6336405873298645 76 90 65
-11.343682289123535 -0.38394585251808167 0.5181877017021179 59 70 72
-17.697444915771484 0.691148579120636 0.5002796649932861 101 112 96
-11.585929870605469 0.032651107758283615 0.2165958136320114 48 54 50
-17.77243423461914 -0.5912899971008301 0.16139118373394012 96 100 83
-39.791561126708984 3.0327813625335693 0.05293463543057442 99 116 80
-13.132264137268066 0.5199781656265259 -0.10827021300792694 88 97 70
-11.62608528137207 0.03905464708805084 -0.20740072429180145 110 121 105
-14.786395072937012 -0.4875522553920746 -0.4060104191303253 65 98 43
-16.623994827270508 1.2728627920150757 -0.5874662399291992 70 109 30
-13.304040908813477 0.5321288108825684 -0.5957674384117126 77 105 57
-11.65970516204834 0.045069169253110886 -0.633716881275177 120 135 114
-11.244027137756348 -0.3652489185333252 -0.720404326915741 84 119 39
-11.474306106567383 0.885008692741394 -0.8261426687240601 80 113 22
-10.349051475524902 0.4204495847225189 -0.8449972867965698 87 118 38
-9.381162643432617 0.03953643888235092 -0.8535951972007751 88 119 52
-8.984715461730957 -0.2901310920715332 -0.9066112637519836 80 117 39
-8.711237907409668 0.6755651235580444 -0.9510363936424255 86 120 60
-7.943546772003174 0.32744312286376953 -0.9428083300590515 83 120 51
-7.463807582855225 0.0349731482565403 -0.9570731520652771 83 126 70
-7.12374210357666 -0.22630341351032257 -0.984435498714447 67 108 48
-7.185600757598877 0.562423586845398 -1.0523712635040283 88 110 61
-6.89188289642334 0.2868635356426239 -1.0742548704147339 77 93 64
-6.371145725250244 0.032410867512226105 -1.055092692375183 86 108 87
-6.081537246704102 -0.19277018308639526 -1.0702499151229858 63 97 37
-5.982454299926758 0.47560662031173706 -1.1038322448730469 91 100 79
-5.692058563232422 0.24000786244869232 -1.10348641872406 109 130 87
-5.513500690460205 0.03064616210758686 -1.1240568161010742 72 92 65
-5.211115837097168 -0.16463366150856018 -1.1168673038482666 65 94 63
-5.065337181091309 0.4056316018104553 -1.1314857006072998 85 102 70
-4.92185640335083 0.21131855249404907 -1.146316409111023 88 91 84
-14.39551830291748 -0.4827677607536316 2.7987349033355713 44 54 29
-10.735185623168945 0.4325301945209503 1.8907653093338013 133 147 121
-12.017160415649414 0.04346860200166702 1.9967684745788574 133 151 139
-11.430115699768066 -0.37293508648872375 1.7871801853179932 104 118 101
-29.222633361816406 2.2666449546813965 4.3538007736206055 132 168 184
-28.08601188659668 1.148795485496521 3.894514560699463 79 108 126
-11.92830753326416 0.051474861800670624 1.5367423295974731 92 108 72
-13.254444122314453 -0.4238899052143097 1.579896330833435 52 68 32
-25.244850158691406 1.045383334159851 2.561575174331665 108 126 104
-11.32310676574707 0.055582620203495026 1.041057825088501 61 72 58
-11.611103057861328 -0.3634229302406311 0.9552780389785767 120 123 116
-23.712474822998047 0.9893903732299805 1.5397425889968872 135 161 126
-11.49934196472168 0.0622682124376297 0.6344668865203857 55 77 54
-11.382749557495117 -0.350309818983078 0.5199207663536072 67 91 78
-18.697952270507812 0.7876811027526855 0.5286282896995544 81 92 75
-11.576777458190918 0.06814312189817429 0.21642759442329407 119 133 97
-17.642230987548828 -0.5327779054641724 0.16019320487976074 92 105 77
-40.663299560546875 3.2247302532196045 0.054107215255498886 101 117 81
-12.392303466796875 0.5287625193595886 -0.10218242555856705 95 104 85
-11.631909370422363 0.07476134598255157 -0.20750774443149567 109 125 99
-14.551015853881836 -0.43510496616363525 -0.3995087444782257 86 100 51
-16.61602783203125 1.3235410451889038 -0.587325394153595 60 101 25
-13.338275909423828 0.5744900107383728 -0.5973766446113586 61 92 32
-11.660510063171387 0.0808473452925682 -0.6337711215019226 119 134 111
-11.268037796020508 -0.33142581582069397 -0.7218741774559021 70 105 15
-11.450657844543457 0.9185323715209961 -0.8246390223503113 84 121 44
-10.408452987670898 0.4548524022102356 -0.8499573469161987 81 124 34
-9.382989883422852 0.0683317631483078 -0.8537764549255371 69 106 29
-8.304311752319336 -0.24265830218791962 -0.8378753662109375 73 107 13
-8.730924606323242 0.7040455937385559 -0.9534169435501099 78 105 28
-8.007981300354004 0.3547123372554779 -0.9505807161331177 75 118 38
-7.404153823852539 0.05741018429398537 -0.9494419693946838 74 116 40
-7.022413730621338 -0.20152026414871216 -0.9703428745269775 88 133 64
-7.13946008682251 0.5808552503585815 -1.0458697080612183 94 126 79
-6.888009071350098 0.30787381529808044 -1.0737931728363037 59 85 37
-6.344379901885986 0.0517398864030838 -1.050681471824646 67 83 57
-6.068317413330078 -0.17371682822704315 -1.0678246021270752 62 88 53
-5.9995903968811035 0.49549636244773865 -1.107269287109375 89 101 65
-5.691295146942139 0.25746971368789673 -1.10348641872406 71 93 47
-5.5251383781433105 0.04766262695193291 -1.1264539957046509 75 89 53
-5.2057318687438965 -0.14847813546657562 -1.1156104803085327 71 100 54
-5.074769496917725 0.4220598340034485 -1.1338765621185303 89 91 80
-4.912428379058838 0.22601473331451416 -1.144276738166809 81 86 79
-10.261236190795898 -0.3126072287559509 1.9947638511657715 61 72 90
-12.044417381286621 0.5222967863082886 2.1216297149658203 91 125 150
-12.013025283813477 0.0803101509809494 1.9961128234863281 126 164 187
-31.60740852355957 -0.9342037439346313 4.941572189331055 96 115 122
-29.272724151611328 2.3608999252319336 4.3623223304748535 134 166 181
-27.029438018798828 1.1886533498764038 3.7484941482543945 49 93 122
-30.172809600830078 0.22277860343456268 3.887279748916626 83 90 74
-13.260644912719727 -0.3833673298358917 1.580487847328186 68 74 60
-12.476643562316895 0.5550033450126648 1.2661620378494263 105 118 108
-11.322883605957031 0.09032116085290909 1.041057825088501 49 59 48
-11.711787223815918 -0.33061113953590393 0.9634736180305481 84 100 73
-23.681413650512695 1.0608841180801392 1.537929892539978 119 144 148
-11.510080337524414 0.09764057397842407 0.6350728869438171 70 81 64
-32.98896789550781 -0.9139565825462341 1.5066757202148438 102 117 78
-22.435136795043945 1.0140774250030518 0.6343709230422974 100 118 96
-11.593509674072266 0.10381204634904861 0.21674534678459167 73 87 61
-14.37212085723877 -0.38989439606666565 0.1304887980222702 87 99 75
-40.727962493896484 3.3556268215179443 0.05420669913291931 88 105 71
-21.345956802368164 0.9764191508293152 -0.1760348677635193 85 97 57
-11.660618782043457 0.11072249710559845 -0.2080249935388565 107 123 97
-14.552282333374023 -0.3904610276222229 -0.3995087444782257 88 113 55
-16.92860984802246 1.4007184505462646 -0.5985232591629028 84 126 42
-13.34443473815918 0.6157770156860352 -0.597734272480011 68 95 28
-11.652219772338867 0.11654102057218552 -0.6333370208740234 114 127 110
-11.248051643371582 -0.29630252718925476 -0.7205321192741394 54 90 16
-11.446792602539062 0.9535753726959229 -0.8245674967765808 79 111 44
-10.430903434753418 0.48790058493614197 -0.8519088625907898 86 124 39
-9.401656150817871 0.09731388092041016 -0.8554980754852295 86 122 32
-8.80630111694336 -0.23028869926929474 -0.8884488940238953 78 117 38
-8.715845108032227 0.7297500967979431 -0.9520102143287659 80 112 45
-8.038597106933594 0.3807823657989502 -0.9543490409851074 73 111 54
-7.48130464553833 0.08096274733543396 -0.9593624472618103 96 127 68
-6.543707847595215 -0.16769230365753174 -0.904120922088623 68 114 41
-7.117924213409424 0.6010907292366028 -1.0429801940917969 96 111 78
-6.8890061378479 0.32909879088401794 -1.0741010904312134 62 77 34
-6.389570236206055 0.07171323895454407 -1.0581969022750854 68 95 54
-6.083590030670166 -0.15547609329223633 -1.0704231262207031 57 88 44
-6.005880832672119 0.5145721435546875 -1.1087164878845215 72 88 61
-5.689497470855713 0.2748817801475525 -1.1032962799072266 86 117 57
-5.545541286468506 0.06485391408205032 -1.1306489706039429 73 94 55
-5.210072994232178 -0.13260599970817566 -1.1164484024047852 40 70 18
-5.080257892608643 0.4382142126560211 -1.1353979110717773 105 125 76
-4.903929233551025 0.2407027930021286 -1.1424636840820312 88 97 92
-15.487422943115234 -0.4242677092552185 3.0104570388793945 92 123 128
-11.861799240112305 0.11569319665431976 1.9710344076156616 92 107 76
-14.200605392456055 -0.3761187791824341 2.219963312149048 79 110 115
-28.22981834411621 1.3282290697097778 3.9155118465423584 102 149 165
-11.407098770141602 0.11922278255224228 1.469660758972168 61 71 60
-13.16150188446045 -0.3400917947292328 1.5685396194458008 98 105 98
-11.490833282470703 0.1269175261259079 1.056530475616455 83 98 79
-11.732673645019531 -0.29517966508865356 0.9651128053665161 58 65 49
-23.69100570678711 1.1341530084609985 1.5387715101242065 134 152 130
-11.512721061706543 0.1329871416091919 0.6352381110191345 93 104 72
-33.16837692260742 -0.8170980215072632 1.5147480964660645 69 88 69
-11.632126808166504 0.1398487091064453 0.2174742966890335 86 107 68
-14.09034252166748 -0.33899322152137756 0.12792040407657623 97 105 81
-40.57200622558594 3.468127965927124 0.05401303991675377 85 111 64
-21.72439193725586 1.0605283975601196 -0.17918172478675842 100 110 83
-11.657225608825684 0.14645858108997345 -0.2079714983701706 51 62 45
-14.184654235839844 -0.337051123380661 -0.3893859088420868 62 88 40
-16.991939544677734 1.4584596157073975 -0.6009177565574646 71 113 39
-13.611886024475098 0.6699742674827576 -0.6098033785820007 65 89 55
-11.63683032989502 0.15209323167800903 -0.6325229406356812 52 59 41
-11.322737693786621 -0.2635107934474945 -0.7252611517906189 69 104 22
-11.498467445373535 0.9934110641479492 -0.8285055160522461 82 113 33
-10.44926643371582 0.520892322063446 -0.8535351157188416 92 128 40
-9.353515625 0.1255158931016922 -0.8511486053466797 98 135 42
-8.832828521728516 -0.20386718213558197 -0.8910578489303589 93 134 64
-8.751200675964355 0.7597538828849792 -0.956122100353241 90 116 79
-8.051275253295898 0.40614303946495056 -0.9559977054595947 106 144 69
-7.506807327270508 0.10427287220954895 -0.9626692533493042 82 118 56
-6.70363712310791 -0.15121227502822876 -0.926149308681488 86 118 42
-7.119003772735596 0.6231842637062073 -1.0434136390686035 118 155 112
-6.8958587646484375 0.350633829832077 -1.0753320455551147 70 94 46
-6.4228596687316895 0.0917951762676239 -1.0637516975402832 54 77 48
-6.073207378387451 -0.136567622423172 -1.0685175657272339 49 75 36
-6.0101518630981445 0.5335173010826111 -1.1098018884658813 77 91 66
-5.690588474273682 0.2924363911151886 -1.1036765575408936 78 101 45
-5.544336795806885 0.08185262978076935 -1.1304491758346558 63 92 34
-5.210455417633057 -0.11662109196186066 -1.1164484024047852 89 114 74
-5.082777976989746 0.454145610332489 -1.1362673044204712 79 104 49
-4.917757511138916 0.2565076947212219 -1.1458630561828613 86 102 89
-14.89984130859375 -0.36242854595184326 2.896012544631958 107 136 131
-28.060876846313477 1.3893892765045166 4.944344997406006 96 139 181
-11.484585762023926 0.1472528576850891 1.908420205116272 87 101 86
-13.857959747314453 -0.32450124621391296 2.166232109069824 102 123 106
-11.425521850585938 0.1544734537601471 1.4720885753631592 118 145 154
-13.163475036621094 -0.29973387718200684 1.5686578750610352 96 121 115
-28.15740966796875 1.4256999492645264 2.858320713043213 99 126 83
-11.502338409423828 0.16233894228935242 1.057629108428955 39 59 84
-11.831170082092285 -0.26133987307548523 0.9731444120407104 105 121 84
-11.49928092956543 0.16811729967594147 0.6345219612121582 82 96 73
-16.924116134643555 0.25540444254875183 0.31642651557922363 62 74 60
-14.074321746826172 -0.2954063415527344 0.12776613235473633 99 108 89
-21.768970489501953 1.1296603679656982 -0.17957714200019836 86 100 67
-15.695585250854492 0.24535861611366272 -0.280030220746994 74 91 73
-15.5198335647583 -0.3211394250392914 -0.4260091483592987 84 109 70
-16.969467163085938 1.508989930152893 -0.6002839207649231 77 119 33
-13.732476234436035 0.718148946762085 -0.6153014898300171 63 98 32
-11.652283668518066 0.18805161118507385 -0.633391261100769 45 60 27
-11.300543785095215 -0.22830824553966522 -0.7237913012504578 56 89 8
-11.609614372253418 1.0389069318771362 -0.8367398381233215 99 130 52
-10.433685302734375 0.5522103309631348 -0.8523967862129211 81 113 40
-9.47854995727539 0.15628011524677277 -0.8625660538673401 83 121 22
-8.87121295928955 -0.1775239259004593 -0.894870936870575 85 123 64
-8.838930130004883 0.7946995496749878 -0.9659689664840698 84 118 58
-8.070816040039062 0.43195661902427673 -0.9584707021713257 69 102 47
-7.373559951782227 0.12504920363426208 -0.9456263780593872 91 134 55
-7.046750068664551 -0.1373230665922165 -0.9734897017478943 66 100 39
-7.1101603507995605 0.6443969011306763 -1.0424022674560547 104 136 73
-6.900670528411865 0.372107595205307 -1.076255440711975 72 95 51
-6.472855091094971 0.11237316578626633 -1.0720839500427246 70 93 51
-6.10215425491333 -0.11848913878202438 -1.0735414028167725 54 83 37
-6.015342712402344 0.5525834560394287 -1.1110681295394897 91 102 72
-5.696527004241943 0.31026723980903625 -1.1050076484680176 79 105 70
-5.534262657165527 0.0986873209476471 -1.1284515857696533 90 113 85
-5.2166547775268555 -0.10074837505817413 -1.117705225944519 65 83 45
-5.07164192199707 0.46883875131607056 -1.1340938806533813 102 130 81
-4.866377830505371 0.26880067586898804 -1.1340781450271606 85 96 82
-14.51224136352539 -0.3084542751312256 2.820479393005371 72 92 91
-28.615114212036133 1.5048503875732422 5.042791843414307 101 150 191
-11.44265365600586 0.1818280965089798 1.901535987854004 70 88 74
-29.177839279174805 2.6237518787384033 4.351596832275391 131 161 172
-27.0737361907959 1.4403749704360962 3.756316661834717 100 136 160
-11.425985336303711 0.18954217433929443 1.472216248512268 114 167 199
-13.077960968017578 -0.2576459050178528 1.5583657026290894 121 149 160
-25.01552963256836 1.3435721397399902 2.539788007736206 121 142 137
-11.506763458251953 0.19771239161491394 1.0580867528915405 102 107 87
-11.52401065826416 -0.21918481588363647 0.9478200674057007 102 123 106
-23.619827270507812 1.2760515213012695 1.5346280336380005 109 134 139
-27.154447555541992 0.48032346367836 1.4984370470046997 76 94 72
-33.65318298339844 -0.62245112657547 1.5366849899291992 96 111 88
-26.025087356567383 1.4164725542068481 0.7362170219421387 110 128 102
-11.6280517578125 0.21116501092910767 0.21741823852062225 61 67 57
-18.55025863647461 -0.33241885900497437 0.1683884561061859 108 120 100
-24.596033096313477 1.3520406484603882 -0.2029314786195755 92 101 84
-12.006990432739258 0.22454513609409332 -0.21423204243183136 81 88 46
-15.880555152893066 -0.27986466884613037 -0.43588510155677795 78 91 63
-17.074228286743164 1.5711175203323364 -0.6041574478149414 79 117 42
-13.909753799438477 0.7702180743217468 -0.6233475804328918 70 98 37
-11.619705200195312 0.22318580746650696 -0.6316546201705933 118 126 69
-11.345094680786133 -0.19438986480236053 -0.7266031503677368 59 96 27
-11.508047103881836 1.065416932106018 -0.8296512365341187 76 116 43
-10.437911987304688 0.5845521688461304 -0.8528845906257629 84 122 37
-9.324689865112305 0.18236039578914642 -0.8486114144325256 84 111 40
-8.860773086547852 -0.15012119710445404 -0.8937671780586243 110 143 86
-8.855257987976074 0.8235624432563782 -0.9680249094963074 115 141 67
-8.121999740600586 0.45968958735466003 -0.9647122025489807 58 94 33
-7.497101306915283 0.15015307068824768 -0.9615246057510376 84 119 61
-7.047138214111328 -0.115703284740448 -0.9734897017478943 60 85 43
-7.100268363952637 0.6654688715934753 -1.0412464141845703 91 123 73
-6.9103474617004395 0.39389532804489136 -1.0779480934143066 111 117 69
-6.5661845207214355 0.13414542376995087 -1.0876048803329468 83 113 61
-6.099534511566162 -0.09971912950277328 -1.073021650314331 63 79 50
-6.029284954071045 0.5725232362747192 -1.1139625310897827 105 125 88
-5.692607402801514 0.3275732696056366 -1.104437232017517 78 106 48
-5.525116920471191 0.11548145860433578 -1.1266536712646484 86 108 62
-5.223783016204834 -0.0848546028137207 -1.119171380996704 86 126 53
-4.9749555587768555 0.47529858350753784 -1.112794280052185 97 115 73
-4.8139967918396 0.28072410821914673 -1.1220664978027344 87 102 81
-12.331292152404785 -0.22425204515457153 2.39646315574646 105 135 137
-11.41442584991455 0.21640922129154205 1.8969465494155884 97 153 202
-14.188648223876953 -0.2451479434967041 2.2176473140716553 99 117 119
-29.242952346801758 1.6457667350769043 4.057963848114014 115 164 205
-11.440224647521973 0.22488811612129211 1.4741328954696655 118 136 110
-13.019119262695312 -0.21653132140636444 1.5512677431106567 115 133 111
-26.3701229095459 1.49747633934021 2.677771806716919 117 134 124
-11.512077331542969 0.2331346869468689 1.05863618850708 109 133 107
-11.73289966583252 -0.1871507167816162 0.964948832988739 72 83 75
-25.1253662109375 0.5215441584587097 1.3865500688552856 108 133 104
-11.725390434265137 -0.1808900237083435 0.535381555557251 50 52 47
-11.573370933532715 0.24569246172904968 0.21640890836715698 84 99 70
-16.255538940429688 -0.2414129078388214 0.14755091071128845 92 103 87
-38.5452995300293 3.652533531188965 0.051357489079236984 71 105 45
-24.987089157104492 1.4504413604736328 -0.20619367063045502 80 78 63
-12.321120262145996 0.268235981464386 -0.21985046565532684 85 95 58
-12.23509693145752 -0.17807383835315704 -0.33580899238586426 80 88 65
-16.973817825317383 1.6144089698791504 -0.6007769107818604 76 106 32
-14.14966869354248 0.8270540833473206 -0.6342098116874695 66 104 21
-11.669877052307129 0.2599676549434662 -0.6344223618507385 108 118 68
-11.337655067443848 -0.15947039425373077 -0.7260919213294983 64 99 31
-11.488837242126465 1.0991981029510498 -0.8285055160522461 104 136 61
-10.4539794921875 0.6176306009292603 -0.8543482422828674 84 126 18
-9.268330574035645 0.20970574021339417 -0.843536913394928 88 124 52
-8.898001670837402 -0.12344669550657272 -0.8974798917770386 76 116 43
-8.869512557983398 0.8523427248001099 -0.9698644876480103 92 117 59
-8.251399993896484 0.4924139678478241 -0.9802568554878235 91 123 74
-7.469831943511963 0.1725347340106964 -0.958090603351593 102 146 95
-7.001896858215332 -0.09347416460514069 -0.9671959280967712 64 108 47
-7.028264999389648 0.680478572845459 -1.0309885740280151 115 137 90
-6.910093307495117 0.4151533842086792 -1.0781019926071167 72 80 59
-6.58842658996582 0.15482263267040253 -1.0913625955581665 50 69 39
-6.122462272644043 -0.0813063532114029 -1.0770061016082764 59 92 37
-5.978559494018555 0.586219310760498 -1.1049176454544067 83 95 83
-5.663156986236572 0.343313604593277 -1.098922610282898 79 107 46
-5.51298189163208 0.13214996457099915 -1.1242566108703613 83 98 77
-5.239662170410156 -0.06903397291898727 -1.1225228309631348 64 102 45
-5.057013034820557 0.4987991750240326 -1.1314857006072998 80 107 36
-4.828667163848877 0.296446830034256 -1.12569260597229 66 109 38
-12.407500267028809 -0.18756163120269775 2.4111504554748535 107 135 147
-11.351573944091797 0.25005844235420227 1.886620044708252 104 138 175
-14.129071235656738 -0.2007603496313095 2.2082290649414062 105 134 138
-30.940475463867188 1.836543321609497 4.294286251068115 120 161 179
-13.102132797241211 -0.17770592868328094 1.5610867738723755 119 143 129
-11.517280578613281 0.26859143376350403 1.05918550491333 64 76 64
-11.879912376403809 -0.15304099023342133 0.9769963622093201 118 143 124
-25.309314727783203 0.603049099445343 1.396796703338623 99 114 91
-11.785822868347168 -0.14565688371658325 0.5381180047988892 88 102 66
-25.25460433959961 1.53001070022583 0.7146731615066528 94 113 93
-11.575560569763184 0.28127074241638184 0.21646496653556824 91 102 88
-11.793696403503418 -0.13896051049232483 0.10704656690359116 80 95 74
-38.80860137939453 3.797651529312134 0.05172358825802803 69 100 43
-25.84388542175293 1.5797460079193115 -0.21330294013023376 64 80 53
-12.23427963256836 0.3039001524448395 -0.21831655502319336 87 91 74
-12.24558162689209 -0.14065106213092804 -0.336083322763443 72 80 59
-17.11797332763672 1.681127905845642 -0.6060588955879211 73 110 33
-14.256747245788574 0.8772094249725342 -0.6391268372535706 60 103 13
-11.52129077911377 0.2920245826244354 -0.6263903379440308 78 97 42
-11.350065231323242 -0.12481790035963058 -0.7268587946891785 54 86 19
-11.558863639831543 1.141695261001587 -0.8338041305541992 102 137 69
-10.452035903930664 0.6497000455856323 -0.8543482422828674 86 125 36
-9.56631088256836 0.24581409990787506 -0.8707214593887329 95 121 47
-8.75407886505127 -0.09458869695663452 -0.8829299807548523 75 114 47
-8.907416343688965 0.8835734128952026 -0.9743010401725769 111 132 75
-8.264717102050781 0.5186595320701599 -0.9820233583450317 68 109 39
-7.399859428405762 0.19363482296466827 -0.9491875767707825 97 132 66
-7.053658962249756 -0.07252179086208344 -0.9743106365203857 65 99 39
-7.052728652954102 0.7046940326690674 -1.0348894596099854 89 119 47
-6.8949809074401855 0.4354793131351471 -1.0759475231170654 97 123 84
-6.598768711090088 0.17532314360141754 -1.0931596755981445 70 99 53
-6.136470317840576 -0.06266331672668457 -1.079431414604187 65 88 42
-6.008045196533203 0.6077258586883545 -1.1107064485549927 91 116 77
-5.693429946899414 0.3626835346221924 -1.1050076484680176 90 109 79
-5.506673812866211 0.14890402555465698 -1.1230579614639282 98 131 104
-5.258427143096924 -0.053146351128816605 -1.1265026330947876 87 110 81
-5.11081075668335 0.5199427008628845 -1.1438742876052856 72 94 56
-4.857865810394287 0.31320223212242126 -1.1327183246612549 115 153 104
-12.107657432556152 -0.14587625861167908 2.3527839183807373 98 137 168
-27.96209144592285 1.7287123203277588 4.930306434631348 105 144 173
-11.334975242614746 0.28448739647865295 1.8839974403381348 135 154 126
-28.644540786743164 -0.3191165030002594 4.4766740798950195 103 120 112
-29.263683319091797 2.903221368789673 4.368199825286865 133 165 186
-13.254532814025879 -0.13910265266895294 1.5791865587234497 107 125 99
-29.173423767089844 1.8363149166107178 2.9635231494903564 109 130 111
-11.5173978805542 0.3039509654045105 1.059277057647705 90 105 84
-11.27440071105957 -0.11064667254686356 0.9271671772003174 81 96 91
-25.35226058959961 0.6819022297859192 1.399275779724121 101 118 100
-11.662348747253418 -0.10834703594446182 0.5324626564979553 95 109 74
-17.377456665039062 0.47559812664985657 0.32498717308044434 89 108 86
-11.788067817687988 -0.10272502154111862 0.10699210315942764 84 94 69
-37.071537017822266 3.742527484893799 0.049423523247241974 63 94 35
-25.913759231567383 1.6638318300247192 -0.21392077207565308 90 101 69
-12.373212814331055 0.34533822536468506 -0.22081363201141357 88 100 80
-11.798140525817871 -0.099311962723732 -0.32379329204559326 95 114 86
-17.558177947998047 1.7787635326385498 -0.6218345761299133 72 110 37
-14.147318840026855 0.9140524864196777 -0.6343439221382141 72 117 32
-11.641112327575684 0.33080196380615234 -0.6329570412635803 73 92 37
-11.275550842285156 -0.08940237015485764 -0.7220658659934998 63 97 23
-11.666444778442383 1.1884737014770508 -0.8418235778808594 101 139 62
-9.996466636657715 0.6521750688552856 -0.8172698616981506 80 120 21
-9.332571029663086 0.2684611678123474 -0.8495174646377563 81 121 25
-8.657820701599121 -0.06698444485664368 -0.8731966018676758 51 95 20
-8.932354927062988 0.9137294292449951 -0.9773308038711548 98 129 72
-8.272995948791504 0.5446652173995972 -0.9832009077072144 64 87 41
-7.478547096252441 0.21865539252758026 -0.9593624472618103 97 138 78
-7.043942928314209 -0.050809673964977264 -0.9729424715042114 59 91 41
-7.0534868240356445 0.7266324162483215 -1.035322904586792 92 131 84
-6.883753299713135 0.4559777081012726 -1.074408769607544 99 120 77
-6.5972137451171875 0.19553783535957336 -1.09299635887146 68 95 52
-6.110042572021484 -0.043646641075611115 -1.074753999710083 90 112 63
-5.998326778411865 0.6253395676612854 -1.1092592477798462 92 91 71
-5.6775970458984375 0.379167765378952 -1.102155327796936 86 114 65
-5.50814962387085 0.1658565253019333 -1.123457431793213 95 118 126
-5.293765544891357 -0.0372612364590168 -1.1340433359146118 93 132 88
-5.118898868560791 0.5366376638412476 -1.1460477113723755 82 99 65
-4.845220565795898 0.3273167014122009 -1.1299986839294434 67 84 40
-12.05209732055664 -0.10822734981775284 2.341911554336548 100 116 129
-11.327146530151367 0.3190668523311615 1.8828500509262085 104 127 99
-11.722338676452637 -0.09462650865316391 1.831956148147583 101 121 132
-29.330406188964844 3.000739097595215 4.379513263702393 109 141 166
-11.089692115783691 0.3201265335083008 1.4292840957641602 70 89 104
-11.878667831420898 -0.08821707218885422 1.4152227640151978 108 126 100
-25.91147232055664 1.7108180522918701 2.6326851844787598 113 129 119
-28.733295440673828 0.8465102314949036 2.6428823471069336 107 131 117
-11.858701705932617 -0.07999642938375473 0.9751933217048645 92 106 89
-25.565567016601562 2.632699966430664 1.914858341217041 117 150 165
-25.376996994018555 0.7604862451553345 1.4007632732391357 109 133 97
-11.634655952453613 -0.07239291071891785 0.5311856865882874 101 113 93
-17.374916076660156 0.5288787484169006 0.32496848702430725 93 98 75
-11.779327392578125 -0.06650844216346741 0.10691042989492416 77 83 55
-26.64384651184082 1.7928038835525513 -0.21999208629131317 60 86 51
-12.318129539489746 0.3816251754760742 -0.21985046565532684 83 96 68
-11.768401145935059 -0.06295488774776459 -0.32297030091285706 100 116 71
-17.539716720581055 1.8312737941741943 -0.6213767528533936 82 123 55
-14.1454439163208 0.9575189352035522 -0.6343886256217957 78 117 38
-12.045244216918945 0.37927356362342834 -0.6549909114837646 80 96 51
-11.243837356567383 -0.054653823375701904 -0.7200208902359009 83 118 54
-11.664727210998535 1.224468469619751 -0.8419667482376099 98 132 55
-10.453818321228027 0.7142279148101807 -0.854836106300354 70 104 30
-9.337676048278809 0.29728198051452637 -0.8500612378120422 84 121 44
-8.687832832336426 -0.04056166484951973 -0.8762068748474121 78 113 21
-8.920611381530762 0.9401914477348328 -0.9763569831848145 83 103 75
-8.27326774597168 0.5701804757118225 -0.9834365248680115 98 118 67
-7.489737510681152 0.2419825792312622 -0.960888683795929 100 122 58
-7.020291328430176 -0.02910037524998188 -0.9696587324142456 76 108 61
-7.022688865661621 0.7452406883239746 -1.0311330556869507 88 118 64
-6.863593101501465 0.47579631209373474 -1.0714850425720215 86 99 69
-6.590666770935059 0.21558335423469543 -1.0920161008834839 78 98 63
-6.122951030731201 -0.024953268468379974 -1.0770061016082764 83 121 64
-6.007136344909668 0.644894003868103 -1.1112490892410278 69 69 41
-5.729292392730713 0.4002794623374939 -1.1124238967895508 86 104 90
-5.5046772956848145 0.18265703320503235 -1.1228582859039307 83 94 62
-5.3007001876831055 -0.0210471972823143 -1.135509729385376 58 85 32
-5.071617126464844 0.5474165081977844 -1.1358325481414795 71 93 47
-4.842250823974609 0.34204283356666565 -1.1295454502105713 99 123 71
-11.683281898498535 -0.06906953454017639 2.270193099975586 110 142 167
-11.301465034484863 0.3530465066432953 1.87875235080719 46 65 33
-11.750237464904785 -0.058800868690013885 1.836279273033142 98 104 104
-11.145162582397461 0.35595232248306274 1.4365673065185547 103 147 182
-11.907678604125977 -0.05189892649650574 1.4186534881591797 101 143 157
-28.715635299682617 0.9341731071472168 2.6415090560913086 106 127 154
-11.89078426361084 -0.043731361627578735 0.9778159260749817 97 121 105
-23.205026626586914 0.7666605114936829 1.2809983491897583 123 136 119
-11.774677276611328 -0.03713906928896904 0.5375707149505615 90 101 71
-17.396194458007812 0.5829519033432007 0.32539838552474976 81 83 70
-11.749478340148926 -0.030292319133877754 0.10663816332817078 59 71 49
-35.1388053894043 3.7653541564941406 0.04687673598527908 71 93 57
-26.855674743652344 1.8898398876190186 -0.2217879295349121 52 84 17
-13.062350273132324 0.44479891657829285 -0.23315636813640594 94 115 76
-11.687569618225098 -0.026664916425943375 -0.3207482099533081 98 107 78
-18.013952255249023 1.9366741180419922 -0.6383849382400513 95 131 69
-14.250062942504883 1.0085289478302002 -0.6392163038253784 68 99 42
-12.161779403686523 0.4202955663204193 -0.6613948345184326 83 108 40
-11.368696212768555 -0.02038159780204296 -0.728009045124054 91 99 60
-11.862222671508789 1.282005786895752 -0.8565019369125366 102 125 69
-10.63350772857666 0.7592871785163879 -0.869716227054596 84 124 27
-9.60544490814209 0.33530887961387634 -0.8745272755622864 105 145 56
-8.77746295928955 -0.0140509232878685 -0.8852379322052002 72 116 31
-8.900883674621582 0.9657320976257324 -0.9745174050331116 100 129 83
-8.278412818908691 0.5960590243339539 -0.9842608571052551 113 144 77
-7.510767459869385 0.26573118567466736 -0.9636867642402649 58 97 40
-7.009450912475586 -0.00755055109038949 -0.9681536555290222 74 114 64
-6.904297828674316 0.7541047930717468 -1.014084815979004 97 131 80
-6.849289417266846 0.4959236681461334 -1.0694845914840698 87 116 70
-6.5909600257873535 0.23583750426769257 -1.0921794176101685 70 113 44
-6.132847309112549 -0.006178123410791159 -1.0787384510040283 79 106 53
-6.021748065948486 0.6651562452316284 -1.1143243312835693 81 91 57
-5.776015758514404 0.4213547706604004 -1.121741533279419 92 108 97
-5.461005687713623 0.1979822963476181 -1.1140687465667725 97 119 80
-5.306606292724609 -0.004790075588971376 -1.1367664337158203 82 100 74
-5.067973613739014 0.5627580285072327 -1.1353979110717773 105 142 90
-4.861576557159424 0.358400821685791 -1.1343047618865967 61 91 39
-11.691291809082031 -0.03324773535132408 2.271718978881836 63 85 108
-27.777591705322266 0.9530565142631531 4.618203163146973 115 150 178
-11.990447998046875 -0.023216230794787407 1.8737984895706177 63 71 73
-25.958433151245117 0.9087849259376526 3.346282958984375 110 155 184
-11.924662590026855 -0.01538822241127491 1.4206645488739014 66 83 64
-12.386876106262207 0.44101473689079285 1.139569640159607 117 149 160
-11.890862464904785 -0.007250744383782148 0.9778159260749817 105 135 127
-25.788942337036133 1.8698673248291016 1.6775121688842773 106 130 116
-23.354236602783203 0.8433257341384888 1.2893719673156738 47 61 61
-11.497025489807129 -0.0009907634230330586 0.5248919129371643 67 75 54
-19.238767623901367 0.703793466091156 0.35990267992019653 72 84 72
-11.614521026611328 0.005688595585525036 0.10541295260190964 56 68 54
-27.570785522460938 2.0251858234405518 -0.22774392366409302 59 85 40
-12.802144050598145 0.47526460886001587 -0.22853676974773407 86 101 68
-11.676600456237793 0.009183519519865513 -0.3204464614391327 65 73 58
-18.07845115661621 1.9997320175170898 -0.640885055065155 74 111 41
-13.931078910827637 1.028916835784912 -0.6250462532043457 65 103 30
-12.367980003356934 0.4654155373573303 -0.67268306016922 74 93 37
-11.254939079284668 0.014352094382047653 -0.7207238674163818 113 117 90
-11.926634788513184 1.3259973526000977 -0.8614424467086792 101 132 62
-10.646038055419922 0.7930173277854919 -0.8709359169006348 82 115 44
-9.705878257751465 0.36863166093826294 -0.8837700486183167 91 132 53
-8.777463912963867 0.01287801843136549 -0.8852379322052002 86 115 33
-8.87120246887207 0.9900579452514648 -0.9715957641601562 102 118 82
-8.285457611083984 0.6221232414245605 -0.9853206872940063 93 128 70
-7.610023021697998 0.2926219403743744 -0.9765325784683228 100 138 81
-7.08670711517334 0.014107995666563511 -0.9788258075714111 69 114 47
-6.956034183502197 0.7813583612442017 -1.0220310688018799 82 122 69
-6.836897373199463 0.5161164402961731 -1.0677918195724487 94 111 69
-6.587247848510742 0.2559422552585602 -1.0916892290115356 58 75 59
-6.145640850067139 0.012663599103689194 -1.0809904336929321 82 114 51
-6.020656585693359 0.6837385892868042 -1.1145051717758179 80 85 62
-5.742391109466553 0.4366171061992645 -1.1154663562774658 107 121 96
-5.456456661224365 0.21458148956298828 -1.1132696866989136 90 119 39
-5.3056182861328125 0.01148826815187931 -1.1365569829940796 67 91 69
-5.0545854568481445 0.5769752860069275 -1.1327898502349854 98 141 87
-4.844916343688965 0.37212085723876953 -1.130678653717041 74 99 67
-11.691338539123535 0.0026207976043224335 2.271718978881836 106 132 121
-28.2043399810791 1.0543394088745117 4.689668655395508 118 155 182
-11.982558250427246 0.013561110012233257 1.8725632429122925 84 104 79
-29.957429885864258 2.239809274673462 4.162126541137695 113 163 196
-28.050676345825195 1.0682061910629272 3.6163978576660156 115 155 190
-11.912737846374512 0.021175017580389977 1.4192450046539307 85 113 99
-12.50089168548584 0.48347926139831543 1.1501898765563965 101 141 153
-12.078195571899414 0.02969052456319332 0.9932236075401306 99 116 80
-23.456298828125 0.9190763235092163 1.2951563596725464 95 110 89
-11.5259428024292 0.03436799719929695 0.5262144804000854 85 100 77
-22.567317962646484 0.8948949575424194 0.42221978306770325 93 104 90
-11.60844898223877 0.04130006954073906 0.10535849630832672 54 62 49
-12.376035690307617 0.4974718391895294 -0.22095632553100586 87 103 67
-11.660524368286133 0.044945135712623596 -0.3200075328350067 131 142 108
-18.010665893554688 2.048185348510742 -0.6387017965316772 91 126 62
-14.523497581481934 1.1174824237823486 -0.6517770886421204 57 91 31
-12.398420333862305 0.5046573281288147 -0.6744197607040405 64 89 32
-11.3107271194458 0.04912440851330757 -0.7243025302886963 105 114 87
-11.92845630645752 1.363261103630066 -0.8618720769882202 82 113 46
-10.591882705688477 0.8216666579246521 -0.8667076826095581 73 111 24
-9.718632698059082 0.3989790380001068 -0.8850386738777161 93 138 73
-8.78036880493164 0.03982037678360939 -0.8855389356613159 83 133 34
-8.825654983520508 1.01239812374115 -0.9669429063796997 99 115 79
-8.296380043029785 0.6485457420349121 -0.9868515729904175 65 104 39
-7.651702880859375 0.31773731112480164 -0.9820014834403992 82 116 55
-7.205500602722168 0.03645097836852074 -0.9952444434165955 62 103 45
-6.972280979156494 0.8048514723777771 -1.0247761011123657 94 129 75
-6.824446678161621 0.5362379550933838 -1.0660991668701172 90 113 84
-6.595303058624268 0.2765223979949951 -1.0931596755981445 72 90 66
-6.167240142822266 0.03162921965122223 -1.0848016738891602 57 71 35
-6.015600204467773 0.7018645405769348 -1.1139625310897827 90 96 84
-5.749833583831787 0.4549294114112854 -1.1171778440475464 100 108 87
-5.445982933044434 0.23090556263923645 -1.1112720966339111 90 101 71
-5.291868686676025 0.027693981304764748 -1.1336244344711304 79 94 75
-5.040188789367676 0.5910019874572754 -1.1299643516540527 84 120 46
-4.862198829650879 0.38845688104629517 -1.1349847316741943 70 85 54
-11.683422088623047 0.03846345096826553 2.270193099975586 110 145 173
-28.131977081298828 1.1380729675292969 4.678194999694824 118 153 181
-11.985424995422363 0.050335466861724854 1.8730264902114868 122 150 153
-28.15131950378418 1.1585414409637451 3.6298141479492188 107 158 179
-11.899707794189453 0.05766013264656067 1.417707085609436 101 116 87
-28.505840301513672 1.190076231956482 2.6231067180633545 114 137 117
-32.15298080444336 0.17768394947052002 2.644061326980591 81 94 85
-11.153069496154785 0.4712790548801422 0.6159017086029053 139 162 134
-11.530777931213379 0.06975914537906647 0.5264425277709961 94 112 90
-18.87148094177246 0.8063337802886963 0.3531177043914795 86 100 87
-11.615266799926758 0.0769604742527008 0.10542202740907669 138 153 130
-26.367647171020508 2.099548816680908 -0.21790790557861328 77 105 54
-13.084673881530762 0.5661697387695312 -0.2336379587650299 85 102 66
-11.664329528808594 0.08074658364057541 -0.3201172649860382 106 126 91
-18.246498107910156 2.131727695465088 -0.6472938656806946 90 125 57
-14.53792667388916 1.1634691953659058 -0.6525816917419434 56 92 28
-12.684113502502441 0.5552697777748108 -0.6900496482849121 70 96 33
-11.299546241760254 0.08374364674091339 -0.7235996127128601 89 114 82
-11.920255661010742 1.3993854522705078 -0.8615856766700745 80 119 36
-10.70157241821289 0.8632134795188904 -0.8758959770202637 77 119 35
-9.63577938079834 0.42519354820251465 -0.8776082396507263 90 129 50
-8.704590797424316 0.06618306785821915 -0.8779127597808838 77 127 40
-8.817570686340332 1.0388884544372559 -0.9664018750190735 105 128 86
-8.301279067993164 0.6745586395263672 -0.9876759052276611 86 115 59
-7.713118553161621 0.343995064496994 -0.9900142550468445 83 126 54
-7.2429962158203125 0.058862876147031784 -1.000443696975708 65 107 43
-7.040528297424316 0.8346253633499146 -1.0351784229278564 80 121 65
-6.701637268066406 0.5472804307937622 -1.0471715927124023 81 97 61
-6.601322650909424 0.2970656752586365 -1.0943033695220947 85 105 93
-6.176962852478027 0.05063062533736229 -1.086534023284912 71 91 54
-6.008535861968994 0.7197319865226746 -1.113058090209961 92 110 84
-5.757216453552246 0.47329142689704895 -1.1188892126083374 104 117 97
-5.48538064956665 0.24943745136260986 -1.119462251663208 96 102 74
-5.319136619567871 0.04415635019540787 -1.1394894123077393 74 91 73
-5.038352012634277 0.606462299823761 -1.1299643516540527 115 149 99
-4.849336624145508 0.4024055004119873 -1.1322650909423828 89 122 77
-11.993441581726074 0.0762803852558136 2.3304669857025146 80 110 138
-13.060401916503906 0.5684951543807983 2.1721537113189697 102 134 155
-11.91704273223877 0.08661054074764252 1.862372875213623 86 92 54
-29.407014846801758 2.380190134048462 4.087606906890869 114 158 197
-11.725709915161133 0.09279254078865051 1.3970046043395996 88 98 64
-25.299789428710938 1.1339926719665527 2.328395366668701 114 135 136
-11.510720252990723 0.0989268347620964 0.9465907216072083 54 58 44
-23.65170669555664 1.0721174478530884 1.3062845468521118 103 126 98
-11.535504341125488 0.1051802933216095 0.5266705751419067 81 85 60
-19.054691314697266 0.8727356195449829 0.3565943241119385 97 108 94
-11.629975318908691 0.1127406433224678 0.10555816441774368 58 75 56
-41.05941390991211 4.910143852233887 0.05485135689377785 91 127 65
-27.542007446289062 2.2781128883361816 -0.22766977548599243 89 122 69
-12.826191902160645 0.5944145917892456 -0.2290540337562561 66 86 33
-11.670023918151855 0.11659178137779236 -0.32028183341026306 99 116 82
-18.279563903808594 2.192457914352417 -0.6487024426460266 91 124 67
-14.536279678344727 1.208230972290039 -0.6526710987091064 52 87 23
-12.691328048706055 0.594602108001709 -0.6905381083488464 56 79 27
-11.376073837280273 0.1192149892449379 -0.7285203337669373 116 139 95
-11.852529525756836 1.4283123016357422 -0.8570031523704529 89 117 56
-10.711786270141602 0.8971228003501892 -0.8769530653953552 77 117 29
-9.511077880859375 0.44893136620521545 -0.8663719892501831 86 136 37
-8.799856185913086 0.09390728920698166 -0.8875458240509033 77 122 41
-8.842962265014648 1.0693966150283813 -0.9695398211479187 100 132 83
-8.320940971374512 0.701859712600708 -0.990266740322113 107 132 66
-7.761565208435059 0.3700185716152191 -0.9963735342025757 83 120 76
-7.232876777648926 0.08097290992736816 -0.9990755319595337 94 120 81
-7.0516862869262695 0.8578944802284241 -1.037201166152954 66 103 36
-6.717648983001709 0.5693402290344238 -1.0499414205551147 92 113 57
-6.603336334228516 0.31745895743370056 -1.094793438911438 78 109 77
-6.206323146820068 0.06991385668516159 -1.0917311906814575 79 100 57
-5.998490333557129 0.7372027635574341 -1.1116108894348145 115 161 96
-5.75280237197876 0.49070173501968384 -1.1183186769485474 89 110 69
-5.493398189544678 0.2666928172111511 -1.121260166168213 97 122 93
-5.292576789855957 0.06017487123608589 -1.133833885192871 68 99 57
-5.016124248504639 0.6194048523902893 -1.125400185585022 73 95 49
-4.831582069396973 0.41586124897003174 -1.1284122467041016 82 114 73
-12.021617889404297 0.11334377527236938 2.33599853515625 128 159 179
-28.279172897338867 1.317875862121582 4.7039289474487305 101 133 156
-30.671085357666016 0.31701600551605225 4.79334831237793 81 99 99
-28.945152282714844 1.369164228439331 3.7331836223602295 132 168 200
-11.437423706054688 0.12560389935970306 1.3626976013183594 81 98 88
-29.536426544189453 1.414699673652649 2.71868896484375 145 162 128
-11.51036262512207 0.1342407613992691 0.9465907216072083 118 135 101
-23.652294158935547 1.1448678970336914 1.3065049648284912 68 95 76
-11.536127090454102 0.1405823975801468 0.5267162322998047 89 107 81
-21.897031784057617 1.0702491998672485 0.40984609723091125 83 94 78
-11.678567886352539 0.1490456461906433 0.10600286722183228 87 100 80
-26.886295318603516 2.306947946548462 -0.22230693697929382 95 136 66
-20.435806274414062 1.0099132061004639 -0.36500245332717896 80 110 50
-11.782559394836426 0.15386934578418732 -0.32338178157806396 126 148 125
-18.73993492126465 2.3060171604156494 -0.6652880311012268 102 135 78
-14.571320533752441 1.256168246269226 -0.6544144153594971 60 94 34
-12.888900756835938 0.6434938907623291 -0.7013922333717346 59 85 40
-11.355696678161621 0.15384535491466522 -0.7272421717643738 94 124 88
-11.77780818939209 1.4559801816940308 -0.851919412612915 78 100 64
-10.753666877746582 0.9338622093200684 -0.8806121349334717 78 118 29
-9.658849716186523 0.4856097102165222 -0.8799642324447632 81 129 27
-8.89901351928711 0.12227135896682739 -0.8975802659988403 81 121 48
-8.86233139038086 1.0993362665176392 -0.9720286726951599 108 123 84
-8.312812805175781 0.7268657088279724 -0.9895601868629456 70 119 63
-7.73463773727417 0.3925219178199768 -0.9930667281150818 84 128 69
-7.235565185546875 0.10320506244897842 -0.999485969543457 85 125 54
-7.054912567138672 0.8802597522735596 -1.0380679368972778 79 109 55
-6.736540794372559 0.5917627215385437 -1.0531729459762573 78 117 52
-6.605287551879883 0.33786740899086 -1.0952836275100708 85 125 72
-6.2553181648254395 0.08966001868247986 -1.1003928184509277 67 82 51
-5.9191131591796875 0.7458884119987488 -1.0973200798034668 100 118 80
-5.756159782409668 0.5087810158729553 -1.1192694902420044 96 112 85
-5.489618301391602 0.2833935022354126 -1.1206607818603516 79 95 50
-5.293344974517822 0.07642610371112823 -1.1340433359146118 72 96 62
-4.988053798675537 0.6314811110496521 -1.1195318698883057 98 137 80
-4.817671775817871 0.4295578896999359 -1.125465989112854 76 98 49
-12.023176193237305 0.15024957060813904 2.3363800048828125 96 135 142
-29.15089225769043 1.4481412172317505 4.849646091461182 109 157 195
-11.4203519821167 0.15308280289173126 1.784864068031311 65 83 69
-29.221139907836914 2.545710563659668 4.063864707946777 118 158 193
-26.9597225189209 1.3581581115722656 3.477634906768799 65 92 87
-11.43698501586914 0.16069282591342926 1.3626976013183594 110 154 183
-29.647308349609375 1.5111896991729736 2.72930908203125 58 80 59
-11.518866539001465 0.16968555748462677 0.9473283886909485 84 99 78
-25.70354461669922 2.2605082988739014 1.6740161180496216 116 140 126
-19.595306396484375 0.2989227771759033 0.8947197198867798 67 79 67
-21.915611267089844 1.1385644674301147 0.4102572798728943 97 111 96
-16.931180953979492 0.2680360674858093 0.15368600189685822 95 107 87
-20.85696029663086 1.0948807001113892 -0.37258291244506836 75 99 49
-11.649099349975586 0.18787312507629395 -0.319733202457428 91 102 62
-18.766483306884766 2.36775279045105 -0.6664851903915405 112 143 86
-14.597249984741211 1.3035322427749634 -0.6557554602622986 58 90 43
-12.914785385131836 0.6845132112503052 -0.7029117941856384 56 88 21
-11.424020767211914 0.18982745707035065 -0.7316516637802124 82 106 54
-11.844531059265137 1.5011365413665771 -0.8570747375488281 85 97 73
-10.8738431930542 0.9779196381568909 -0.8906948566436768 75 117 41
-9.639413833618164 0.5142853856086731 -0.8783332109451294 99 133 73
-8.915508270263672 0.149856835603714 -0.899286150932312 79 120 42
-8.86582088470459 1.127398133277893 -0.9727861285209656 104 133 85
-8.341201782226562 0.7551411986351013 -0.9932107329368591 105 135 85
-7.791833400726318 0.41939494013786316 -1.0005706548690796 80 107 64
-7.264928340911865 0.12591798603534698 -1.0035905838012695 60 98 51
-7.059049129486084 0.9027784466743469 -1.0390793085098267 106 143 74
-6.742566108703613 0.613143265247345 -1.0544040203094482 110 153 99
-6.589442729949951 0.35732924938201904 -1.0928329229354858 71 85 62
-6.275692939758301 0.10921050608158112 -1.1040308475494385 76 98 60
-5.927525997161865 0.7654299736022949 -1.0993098020553589 95 132 78
-5.76434850692749 0.5273326635360718 -1.1211711168289185 100 120 83
-5.48089599609375 0.29980596899986267 -1.1190627813339233 104 123 77
-5.303840160369873 0.09285376965999603 -1.1363475322723389 92 119 78
-4.920269966125488 0.6382429003715515 -1.104752540588379 93 130 60
-4.813422203063965 0.4440678656101227 -1.124786138534546 66 80 54
-11.463191986083984 0.17842721939086914 2.2276580333709717 148 174 147
-11.447488784790039 0.188574880361557 1.7891873121261597 120 158 179
-29.62056541442871 1.5833239555358887 3.8214757442474365 112 149 175
-11.436437606811523 0.19578024744987488 1.3626976013183594 110 152 174
-29.598783493041992 1.5997745990753174 2.725281000137329 104 129 123
-11.522276878356934 0.2050950825214386 0.9476561546325684 74 85 71
-25.0267276763916 0.4585808515548706 1.1427767276763916 87 104 88
-21.901033401489258 1.2051910161972046 0.41005170345306396 86 98 84
-11.668436050415039 0.2205311357975006 0.1059211865067482 95 103 90
-37.76337814331055 4.868922233581543 0.05050590634346008 85 122 53
-21.093095779418945 1.1721783876419067 -0.37686362862586975 84 116 41
-11.685446739196777 0.22432103753089905 -0.3207482099533081 82 96 73
-18.75714874267578 2.425060272216797 -0.6664147973060608 100 130 76
-14.71553897857666 1.3596147298812866 -0.6612535715103149 57 87 23
-12.940539360046387 0.7256974577903748 -0.7044313549995422 82 114 49
-11.394449234008789 0.22430536150932312 -0.7297983765602112 105 124 78
-11.718207359313965 1.5216693878173828 -0.848267674446106 89 108 76
-10.91048812866211 1.0149683952331543 -0.8939473032951355 81 120 53
-9.634807586669922 0.5436878800392151 -0.8780612945556641 88 129 51
-8.921969413757324 0.17734694480895996 -0.8999885320663452 90 128 41
-8.849504470825195 1.1529232263565063 -0.9713793396949768 103 117 82
-8.419921875 0.7883188128471375 -1.002867341041565 111 128 86
-7.837052822113037 0.4459463655948639 -1.0065484046936035 60 110 47
-7.327892303466797 0.14949901401996613 -1.0123472213745117 79 108 44
-7.070962905883789 0.9263591170310974 -1.0412464141845703 122 163 84
-6.75344181060791 0.6350287795066833 -1.0564044713974 88 117 63
-6.563692092895508 0.37613263726234436 -1.088748574256897 89 107 95
-6.284190654754639 0.12864497303962708 -1.1055899858474731 68 87 59
-5.911499977111816 0.7818065285682678 -1.096777319908142 60 68 55
-5.7675909996032715 0.5454771518707275 -1.1221219301223755 90 129 46
-5.531795978546143 0.3196152150630951 -1.1296501159667969 83 117 56
-5.276157379150391 0.10856205970048904 -1.13048255443573 88 99 85
-4.8757147789001465 0.6476795673370361 -1.0951894521713257 105 119 83
-4.831428527832031 0.4606821537017822 -1.1293188333511353 78 85 67
-11.139686584472656 0.2075779289007187 2.1649043560028076 113 134 93
-29.81614112854004 1.664648413658142 4.961925506591797 112 155 187
-11.39055061340332 0.22259406745433807 1.7803864479064941 122 159 186
-29.376577377319336 2.7409720420837402 4.087744235992432 120 165 194
-26.93404769897461 1.5226025581359863 3.4754626750946045 103 144 174
-11.440746307373047 0.2309660166501999 1.3632889986038208 72 85 67
-25.102031707763672 1.4339814186096191 2.311640977859497 124 138 123
-11.940089225769043 0.24917756021022797 0.9820776581764221 68 85 69
-25.6405086517334 2.413597345352173 1.6708437204360962 113 130 122
-25.322824478149414 0.5417265892028809 1.1563676595687866 62 66 51
-21.890247344970703 1.2719707489013672 0.4099208414554596 97 104 88
-11.958622932434082 0.2627195417881012 0.10856218636035919 76 89 72
-37.239681243896484 4.917596340179443 0.04982544109225273 88 125 58
-32.89651107788086 3.127902030944824 -0.2722283601760864 91 126 62
-21.277048110961914 1.2478909492492676 -0.3802168369293213 82 110 61
-11.71468448638916 0.26083797216415405 -0.3215712010860443 79 90 73
-18.71593475341797 2.478134870529175 -0.6652175784111023 89 116 73
-14.77394962310791 1.4107375144958496 -0.6640697121620178 66 101 47
-13.000052452087402 0.7690510153770447 -0.7077961564064026 62 97 31
-11.456563949584961 0.2606922388076782 -0.7338244318962097 62 90 39
-11.668002128601074 1.5515652894973755 -0.8449740409851074 84 104 76
-10.967841148376465 1.0542536973953247 -0.8989073634147644 89 123 49
-9.637070655822754 0.5734811425209045 -0.8784237504005432 90 128 45
-8.99598503112793 0.20643019676208496 -0.9075143337249756 94 132 49
-8.837057113647461 1.1788846254348755 -0.9704055190086365 101 117 90
-8.414498329162598 0.8138602375984192 -1.0025140047073364 87 121 47
-7.856439590454102 0.47123512625694275 -1.0092192888259888 65 93 45
-7.30264139175415 0.17139887809753418 -1.0089267492294312 55 94 41
-7.072991371154785 0.9487059116363525 -1.041968822479248 107 138 78
-6.8193206787109375 0.662335991859436 -1.067022442817688 113 139 65
-6.550689697265625 0.39555442333221436 -1.0867879390716553 128 152 102
-6.292627811431885 0.1481325924396515 -1.1071491241455078 71 90 58
-5.9080986976623535 0.7998071312904358 -1.0965964794158936 90 128 45
-5.776638031005859 0.564219057559967 -1.1242135763168335 86 116 64
-5.542525768280029 0.33729925751686096 -1.1320472955703735 89 102 92
-5.279709339141846 0.12484102696180344 -1.1313203573226929 85 99 76
-4.867901802062988 0.6618460416793823 -1.0938855409622192 65 99 62
-4.828053951263428 0.4753117859363556 -1.1288655996322632 93 131 80
-11.138015747070312 0.24173174798488617 2.1647136211395264 84 103 73
-11.371047019958496 0.25711438059806824 1.777452826499939 133 147 124
-25.09552764892578 1.5108669996261597 2.311457872390747 72 85 68
-12.318878173828125 0.29489532113075256 1.0133028030395508 74 89 70
-39.249942779541016 5.263078689575195 2.9505252838134766 121 163 177
-25.31804656982422 0.6193400621414185 1.1562308073043823 100 114 91
-17.691726684570312 0.4429779350757599 0.16061975061893463 90 102 82
-37.19468688964844 5.027803897857666 0.04978564381599426 77 122 57
-32.05279541015625 3.1469342708587646 -0.26532503962516785 93 130 60
-21.71720314025879 1.340574860572815 -0.388154000043869 56 93 26
-12.647178649902344 0.3204238712787628 -0.34719374775886536 82 96 61
-18.699331283569336 2.534334897994995 -0.6649006009101868 107 116 95
-14.758615493774414 1.4549784660339355 -0.6635779738426208 69 105 41
-13.039488792419434 0.8115360736846924 -0.7100754976272583 67 98 20
-11.561457633972168 0.2985701560974121 -0.7405984401702881 82 106 46
-11.768938064575195 1.6017475128173828 -0.8526354432106018 84 101 82
-11.007204055786133 1.092129111289978 -0.9024037718772888 105 136 69
-9.683968544006348 0.6060927510261536 -0.8828638792037964 68 121 43
-9.019180297851562 0.23464956879615784 -0.9099226593971252 59 101 25
-8.845218658447266 1.2076045274734497 -0.9717040061950684 98 110 86
-8.390222549438477 0.8375017046928406 -0.9999232292175293 95 122 77
-7.876734733581543 0.4967094659805298 -1.0120173692703247 68 99 42
-7.288217544555664 0.19343429803848267 -1.0070111751556396 72 116 67
-7.073968887329102 0.9709392786026001 -1.0425467491149902 101 134 81
-6.822172164916992 0.683746874332428 -1.0677918195724487 77 100 56
-6.5839056968688965 0.4178367555141449 -1.0925061702728271 71 104 49
-6.28032922744751 0.16712301969528198 -1.1050702333450317 63 77 60
-5.908539772033691 0.8183339238166809 -1.0971391201019287 93 121 72
-5.7836713790893555 0.5828248262405396 -1.125925064086914 105 136 94
-5.519952297210693 0.35292646288871765 -1.1276525259017944 91 98 90
-5.282234191894531 0.14111670851707458 -1.131948709487915 89 114 75
-4.882283687591553 0.6790633797645569 -1.0975803136825562 115 138 96
-4.835293769836426 0.49100735783576965 -1.130905270576477 92 125 68
-11.117594718933105 0.2754153311252594 2.1608989238739014 107 125 111
-28.145355224609375 1.7446651458740234 4.68557071685791 104 126 147
-11.357364654541016 0.2916693091392517 1.7754456996917725 130 154 130
-11.478818893432617 0.3022060990333557 1.368021011352539 58 68 59
-29.4963436126709 1.8666551113128662 2.717315673828125 93 116 96
-11.506949424743652 0.31078478693962097 0.9465907216072083 53 59 47
-25.306041717529297 0.6967368721961975 1.155774712562561 107 129 106
-24.94816780090332 1.6033101081848145 0.4673594832420349 86 98 76
-11.9487886428833 0.3358665406703949 0.10848958045244217 108 117 86
-30.926740646362305 3.132204294204712 -0.2560821771621704 93 131 70
-22.920263290405273 1.4854382276535034 -0.40973594784736633 58 95 15
-13.778253555297852 0.39138203859329224 -0.37827548384666443 95 102 71
-18.8765811920166 2.617358684539795 -0.6714855432510376 108 120 98
-15.092994689941406 1.534712314605713 -0.6788208484649658 69 97 46
-13.044909477233887 0.8520575165748596 -0.7105096578598022 67 98 31
-11.562481880187988 0.3340964615345001 -0.7407262325286865 71 102 32
-11.774835586547852 1.639359474182129 -0.8534230589866638 77 90 62
-11.10791015625 1.1365458965301514 -0.9109415411949158 88 124 37
-9.706908226013184 0.6374313235282898 -0.8851293325424194 86 129 47
-9.021401405334473 0.2624056935310364 -0.9102236032485962 85 125 36
-8.86214828491211 1.2376229763031006 -0.9739763736724854 120 148 90
-8.350075721740723 0.8593753576278687 -0.9954482316970825 96 110 85
-7.914762496948242 0.5234910249710083 -1.0171047449111938 101 143 80
-7.290560245513916 0.21588130295276642 -1.007421612739563 85 123 74
-7.095454216003418 0.9960763454437256 -1.0461586713790894 74 92 68
-6.8180766105651855 0.704470694065094 -1.0674840211868286 106 132 87
-6.562905311584473 0.43672382831573486 -1.0892386436462402 68 100 51
-6.274864196777344 0.1862439066171646 -1.1042040586471558 69 87 71
-5.925477504730225 0.8392155766487122 -1.100757122039795 116 140 90
-5.758419990539551 0.5981317758560181 -1.121361255645752 90 103 73
-5.513955116271973 0.36953216791152954 -1.1266536712646484 95 106 92
-5.2827534675598145 0.1573508232831955 -1.1321581602096558 72 88 49
-4.886941909790039 0.6950008273124695 -1.0991016626358032 94 116 67
-4.842483043670654 0.5067518353462219 -1.132944941520691 95 127 62
-11.103941917419434 0.30916717648506165 2.158419370651245 38 65 22
-28.78888702392578 0.8463249802589417 3.431291103363037 123 160 179
-29.45172691345215 1.9545680284500122 2.7137451171875 131 174 191
-12.325801849365234 0.3707466721534729 1.0140403509140015 117 155 156
-26.669721603393555 0.8161731958389282 1.2181651592254639 94 111 77
-16.957061767578125 0.5287126898765564 0.1539764255285263 97 109 85
-35.70762634277344 5.050080299377441 0.04783576354384422 91 128 58
-30.922950744628906 3.227694272994995 -0.2561315894126892 95 132 65
-23.354516983032227 1.5855480432510376 -0.4175839126110077 62 97 33
-13.080595016479492 0.4117312729358673 -0.359154611825943 60 71 39
-18.739830017089844 2.6570210456848145 -0.666907787322998 98 110 86
-15.12696361541748 1.5850698947906494 -0.6805641651153564 79 109 59
-13.025298118591309 0.8909163475036621 -0.709587037563324 66 94 33
-11.57237434387207 0.3699187934398651 -0.7414291501045227 111 124 80
-11.630516052246094 1.655655860900879 -0.8433271646499634 97 100 91
-11.11329174041748 1.1715595722198486 -0.9116734266281128 76 104 30
-9.769486427307129 0.6716485619544983 -0.8910192847251892 85 129 34
-9.020553588867188 0.2900817096233368 -0.9102236032485962 85 127 45
-8.871103286743164 1.2666326761245728 -0.9753831028938293 108 131 87
-8.313825607299805 0.8814293742179871 -0.9914443492889404 93 100 84
-7.922025203704834 0.5483872294425964 -1.01824951171875 78 108 74
-7.281943321228027 0.23798854649066925 -1.0063270330429077 79 110 42
-7.12272834777832 1.0221977233886719 -1.0506374835968018 131 154 108
-6.809988021850586 0.7247575521469116 -1.0665607452392578 100 120 71
-6.563502788543701 0.4569935202598572 -1.089565396308899 78 94 65
-6.255561351776123 0.20488150417804718 -1.1009125709533691 81 105 79
-5.926767826080322 0.8579542636871338 -1.1014806032180786 96 139 85
-5.748748302459717 0.6149601936340332 -1.1198400259017944 103 144 86
-5.501066207885742 0.3856247663497925 -1.1242566108703613 92 100 79
-5.2763824462890625 0.17336466908454895 -1.1309014558792114 75 89 56
-4.905071258544922 0.7129388451576233 -1.103665828704834 62 84 38
-4.817664623260498 0.5191017985343933 -1.1275057792663574 97 121 69
-11.235398292541504 0.3473268747329712 2.184169054031372 47 65 53
-25.443159103393555 0.8096544146537781 3.978116273880005 98 151 183
-28.453683853149414 0.9238492250442505 3.391660690307617 104 143 176
-25.32257080078125 0.8394416570663452 2.0834829807281494 117 138 139
-25.921133041381836 1.8133351802825928 1.4336516857147217 120 139 137
-35.48808288574219 5.130133152008057 0.04756251350045204 86 122 58
-31.30463409423828 3.3646528720855713 -0.25937730073928833 103 136 81
-22.93265724182129 1.6276036500930786 -0.4101283550262451 52 86 35
-12.583752632141113 0.43474099040031433 -0.34554776549339294 89 111 64
-18.724666595458984 2.713498115539551 -0.6666613221168518 100 112 88
-15.432912826538086 1.6650116443634033 -0.694555401802063 83 112 58
-13.03146743774414 0.9315139651298523 -0.7100754976272583 55 87 22
-11.648978233337402 0.4081462323665619 -0.7464137673377991 65 88 42
-11.746788024902344 1.7089929580688477 -0.8521342277526855 90 94 77
-11.121536254882812 1.2069395780563354 -0.9126491546630859 105 128 72
-9.801153182983398 0.7040438055992126 -0.8941001892089844 101 140 61
-9.022604942321777 0.31786012649536133 -0.9105246663093567 73 117 40
-8.868159294128418 1.2939863204956055 -0.9754912853240967 112 139 98
-8.305158615112305 0.906285285949707 -0.9907377362251282 109 113 98
-7.929209232330322 0.5733328461647034 -1.0193941593170166 103 143 83
-7.309887886047363 0.26135456562042236 -1.0102949142456055 87 121 71
-7.145992755889893 1.0479215383529663 -1.054538369178772 101 143 67
-6.783176898956299 0.742957353591919 -1.062713623046875 72 93 50
-6.576829433441162 0.47820109128952026 -1.0920161008834839 86 101 72
-6.252934455871582 0.22400180995464325 -1.1005661487579346 82 105 99
-5.94356632232666 0.8790110945701599 -1.1050986051559448 106 135 69
-5.7341485023498535 0.6311977505683899 -1.1173679828643799 73 98 56
-5.501811504364014 0.40264302492141724 -1.124656081199646 95 108 90
-5.27191686630249 0.18941114842891693 -1.1300636529922485 96 118 71
-4.945343494415283 0.7342919111251831 -1.1132289171218872 93 133 99
-4.803464889526367 0.5324847102165222 -1.1245595216751099 113 158 99
-11.288239479064941 0.3836287558078766 2.194659948348999 68 111 146
-27.85750961303711 1.9843591451644897 4.640495300292969 118 149 167
-27.841930389404297 0.9715014100074768 4.353616714477539 108 156 194
-28.573766708374023 1.0155127048492432 3.406329870223999 105 150 169
-27.7709903717041 1.0059094429016113 2.2851765155792236 101 130 112
-38.17597961425781 5.596792697906494 2.874739408493042 125 161 175
-12.042119979858398 0.44944366812705994 0.1093699112534523 84 92 77
-31.836837768554688 3.5206899642944336 -0.26387518644332886 84 120 59
-23.038236618041992 1.7061489820480347 -0.4121081829071045 76 105 47
-12.50344467163086 0.470376580953598 -0.34338054060935974 88 96 72
-18.700435638427734 2.768589973449707 -0.66609787940979 100 118 92
-15.705744743347168 1.7432085275650024 -0.7070715427398682 68 101 54
-13.086301803588867 0.9757960438728333 -0.7132231593132019 72 109 40
-11.727449417114258 0.446923166513443 -0.7515261769294739 65 85 36
-11.767141342163086 1.7488359212875366 -0.8539958596229553 95 116 77
-11.046462059020996 1.233093023300171 -0.9067946672439575 100 118 56
-9.680768013000488 0.7252563238143921 -0.8833169937133789 88 125 48
-9.0534029006958 0.3467581570148468 -0.9137357473373413 84 124 25
-8.865131378173828 1.3213340044021606 -0.9755995273590088 95 118 66
-8.241154670715332 0.9248943328857422 -0.9834365248680115 97 106 87
-7.92345666885376 0.5973583459854126 -1.0188854932785034 114 138 88
-7.327858924865723 0.28450995683670044 -1.0128945112228394 64 109 42
-7.169166088104248 1.0737977027893066 -1.0584392547607422 92 130 69
-6.764173984527588 0.7618842720985413 -1.0600976943969727 122 158 88
-6.57926607131958 0.49867451190948486 -1.0926696062088013 91 109 71
-6.2551703453063965 0.24329932034015656 -1.101085901260376 87 110 90
-5.962236404418945 0.9004727602005005 -1.1090784072875977 92 101 70
-5.675604343414307 0.6423829197883606 -1.1063388586044312 77 100 58
-5.493710994720459 0.4189988374710083 -1.1232577562332153 83 86 77
-5.2859673500061035 0.20615585148334503 -1.133205533027649 75 84 65
-4.963333606719971 0.7525333166122437 -1.117793083190918 44 80 36
-4.782454013824463 0.5450133681297302 -1.1200268268585205 127 152 97
-11.362543106079102 0.4210578203201294 2.2093467712402344 96 142 178
-27.849679946899414 1.0573270320892334 4.355315685272217 90 127 145
-29.604459762573242 2.220888137817383 3.8246700763702393 95 142 160
-25.8178653717041 1.0144853591918945 2.124706983566284 125 152 161
-38.61131286621094 5.781673908233643 2.9088430404663086 106 125 132
-52.862422943115234 4.02412748336792 2.925037145614624 100 123 115
-12.0416841506958 0.4864266514778137 0.10937899351119995 83 95 81
-30.87405014038086 3.510131359100342 -0.25598329305648804 86 128 65
-23.31401252746582 1.798507571220398 -0.417138010263443 78 108 46
-12.681726455688477 0.5160502195358276 -0.34831851720809937 81 97 60
-18.690866470336914 2.8257997035980225 -0.6660626530647278 109 137 88
-15.722159385681152 1.7938764095306396 -0.7080549597740173 70 101 59
-13.128046035766602 1.0194183588027954 -0.715665340423584 71 101 39
-11.751948356628418 0.48396801948547363 -0.7531877160072327 94 112 60
-11.771581649780273 1.7864251136779785 -0.8547118306159973 100 125 93
-11.03371524810791 1.265954852104187 -0.9060628414154053 100 115 60
-9.887992858886719 0.7712944149971008 -0.9024367928504944 96 136 66
-9.065218925476074 0.3750666677951813 -0.9150401949882507 111 162 85
-8.856121063232422 1.3477777242660522 -0.9750584363937378 101 111 87
-8.24123764038086 0.9505147337913513 -0.9837897419929504 104 118 103
-7.944329738616943 0.6234492063522339 -1.0218106508255005 110 128 86
-7.445718288421631 0.3119663596153259 -1.0293132066726685 62 96 22
-7.196160316467285 1.1004241704940796 -1.0629180669784546 98 124 77
-6.754934310913086 0.7818376421928406 -1.0590205192565918 105 120 87
-6.571804046630859 0.5183915495872498 -1.0916892290115356 99 117 77
-6.292771339416504 0.2640993893146515 -1.1078420877456665 94 114 103
-5.964305400848389 0.9195096492767334 -1.1099827289581299 95 123 46
-5.68628454208374 0.6612666845321655 -1.1088109016418457 111 150 97
-5.38007116317749 0.42693743109703064 -1.100285291671753 107 145 96
-5.298986911773682 0.22294746339321136 -1.1361380815505981 82 94 84
-4.969683647155762 0.7691006660461426 -1.1197493076324463 83 99 72
-4.772052764892578 0.5586639046669006 -1.117987036705017 123 161 86
-11.368063926696777 0.45619115233421326 2.210681915283203 165 195 161
-29.535213470458984 2.306837558746338 3.816620349884033 108 169 200
-27.149263381958008 1.1317205429077148 3.237279176712036 78 105 122
-37.850852966308594 5.777121067047119 4.265049457550049 126 151 158
-25.522878646850586 1.08132803440094 2.100693941116333 76 85 64
-25.882442474365234 2.0501744747161865 1.432494878768921 113 130 112
-23.638622283935547 1.01389741897583 1.0802037715911865 99 125 88
-38.97742462158203 5.974827766418457 1.4941747188568115 117 130 110
-15.601624488830566 0.6781806349754333 0.14173345267772675 88 95 88
-30.170866012573242 3.523977518081665 -0.2502415180206299 95 132 65
-23.046268463134766 1.8489959239959717 -0.412447065114975 80 116 52
-13.043599128723145 0.5708643794059753 -0.3583041727542877 64 81 45
-18.58136558532715 2.867581844329834 -0.6624709367752075 91 125 65
-15.778098106384277 1.8493130207061768 -0.7108263373374939 75 107 58
-12.90589427947998 1.042011022567749 -0.7037258744239807 54 91 14
-11.756390571594238 0.5202849507331848 -0.7535712122917175 63 98 30
-11.766045570373535 1.8225314617156982 -0.8547118306159973 86 109 65
-11.003053665161133 1.2966504096984863 -0.9038674235343933 79 97 45
-9.915358543395996 0.8040414452552795 -0.9051552414894104 73 120 28
-8.993453979492188 0.3997398018836975 -0.9079157114028931 86 137 60
-8.838191986083984 1.3728053569793701 -0.9735435843467712 107 121 95
-8.239269256591797 0.9759108424186707 -0.9839075207710266 90 118 59
-7.938425540924072 0.6474965810775757 -1.0213019847869873 112 124 88
-7.483320713043213 0.3365437090396881 -1.0346492528915405 77 100 48
-7.215236663818359 1.12600576877594 -1.066240906715393 106 134 96
-6.745635509490967 0.8017414808273315 -1.057943344116211 97 133 72
-6.56428337097168 0.5380675792694092 -1.0907089710235596 90 98 57
-6.289963245391846 0.2833154499530792 -1.1074955463409424 79 91 91
-5.970200538635254 0.9391791224479675 -1.1116108894348145 88 115 70
-5.712498664855957 0.682084321975708 -1.1143254041671753 80 121 61
-5.481271743774414 0.4518946707248688 -1.121260166168213 110 130 93
-5.315861225128174 0.23999729752540588 -1.1399084329605103 81 94 87
-4.973085403442383 0.7852572202682495 -1.1210533380508423 76 101 59
-4.776118755340576 0.5739990472793579 -1.1193468570709229 104 153 97
-11.238136291503906 0.4855153262615204 2.185695171356201 76 96 95
-28.236499786376953 1.245562195777893 4.416921138763428 111 127 124
-29.586322784423828 2.402174949645996 3.8241589069366455 113 172 204
-25.721269607543945 2.1037278175354004 2.3727071285247803 117 148 151
-25.14907455444336 1.142796277999878 2.0702064037323 60 67 51
-23.63739585876465 1.0865066051483154 1.0802949666976929 113 136 108
-21.496845245361328 1.0005227327346802 0.19531573355197906 100 112 90
-35.67238998413086 5.604506969451904 0.04789810627698898 135 145 110
-30.101333618164062 3.60949969291687 -0.24975547194480896 96 135 72
-23.10027313232422 1.924673318862915 -0.4135172665119171 72 103 33
-16.71936798095703 0.7831372618675232 -0.4593404233455658 92 103 73
-18.445127487182617 2.9045212268829346 -0.6579283475875854 70 110 50
-16.088748931884766 1.9357795715332031 -0.7250857949256897 80 109 51
-13.140449523925781 1.1015361547470093 -0.7166964411735535 63 96 27
-11.811558723449707 0.5590398907661438 -0.757213830947876 56 95 32
-11.720990180969238 1.852392554283142 -0.851847767829895 97 132 64
-10.96340274810791 1.3260926008224487 -0.9009401798248291 99 125 77
-9.988265991210938 0.8408064842224121 -0.9120420217514038 99 140 46
-9.050821304321289 0.4301159679889679 -0.9138360023498535 97 140 61
-8.780917167663574 1.3915119171142578 -0.9677003622055054 115 131 104
-8.252008438110352 1.0031012296676636 -0.9857917428016663 97 107 83
-7.970993518829346 0.6747766137123108 -1.0257534980773926 77 109 59
-7.510947227478027 0.3608793318271637 -1.0386171340942383 101 129 71
-7.22152042388916 1.1496922969818115 -1.0676857233047485 110 135 95
-6.74118185043335 0.8221937417984009 -1.0576355457305908 49 86 35
-6.564568042755127 0.5583712458610535 -1.0910358428955078 86 111 56
-6.279227256774902 0.3021381199359894 -1.1057631969451904 82 99 91
-5.98574161529541 0.9604515433311462 -1.1150479316711426 92 120 80
-5.700634956359863 0.6984129548072815 -1.1124238967895508 109 142 97
-5.494503498077393 0.46996140480041504 -1.1242566108703613 83 99 62
-5.32388973236084 0.256728857755661 -1.1417936086654663 85 103 107
-5.000526428222656 0.8053218126296997 -1.127790927886963 101 117 91
-4.768535137176514 0.587934136390686 -1.117987036705017 90 131 61
-11.143437385559082 0.515680193901062 2.167574644088745 88 140 188
-29.35348129272461 2.4739420413970947 3.7950265407562256 123 177 201
-29.47760009765625 1.4100128412246704 3.5158755779266357 122 144 123
-23.655902862548828 1.160096526145935 1.0812983512878418 111 126 103
-38.6716194152832 6.171044826507568 1.4838755130767822 104 118 85
-22.056957244873047 1.0944182872772217 0.2004343569278717 95 102 84
-35.14257049560547 5.631797790527344 0.04720968008041382 123 131 94
-28.974567413330078 3.564591884613037 -0.24049612879753113 92 131 64
-23.23371696472168 2.007585287094116 -0.41601434350013733 81 114 45
-16.6789493560791 0.8325341939926147 -0.4582979679107666 73 85 61
-18.379886627197266 2.9520630836486816 -0.655921220779419 85 128 72
-16.077777862548828 1.98451828956604 -0.7248623371124268 69 102 49
-13.20266342163086 1.1475518941879272 -0.7202783226966858 71 104 35
-12.046003341674805 0.6071810722351074 -0.772359311580658 55 94 15
-11.918105125427246 1.9210405349731445 -0.8665977716445923 99 129 77
-10.896968841552734 1.3519902229309082 -0.8958174586296082 88 119 59
-10.06004810333252 0.8779397010803223 -0.9188381433486938 107 141 65
-9.00374984741211 0.45556873083114624 -0.9092202186584473 74 121 19
-8.791327476501465 1.4208238124847412 -0.9693233966827393 97 127 77
-8.272542953491211 1.0313618183135986 -0.988618016242981 106 120 95
-7.955052852630615 0.6980143785476685 -1.0239728689193726 110 139 85
-7.52761173248291 0.3848312199115753 -1.0410798788070679 56 95 51
-7.229680061340332 1.173745036125183 -1.069419503211975 113 132 87
-6.753334999084473 0.8447110652923584 -1.0599437952041626 93 133 70
-6.578547954559326 0.5798944234848022 -1.0936498641967773 91 111 62
-6.25368070602417 0.3201422691345215 -1.1014323234558105 85 109 59
-5.988590240478516 0.9797636866569519 -1.116133213043213 85 100 71
-5.7101545333862305 0.7173675298690796 -1.1147058010101318 90 118 69
-5.5057244300842285 0.48794057965278625 -1.1268534660339355 86 104 78
-5.326006889343262 0.27321141958236694 -1.142422080039978 90 105 110
-4.98551082611084 0.8186034560203552 -1.1249654293060303 108 132 96
-4.749316215515137 0.6003623604774475 -1.1139076948165894 125 152 111
-28.25003433227539 1.4198857545852661 4.420318126678467 92 146 174
-29.339258193969727 1.493626594543457 3.4999051094055176 127 164 173
-25.759458541870117 2.2660486698150635 2.3774681091308594 129 162 177
-22.050498962402344 1.1619250774383545 0.20040713250637054 83 95 73
-35.12907028198242 5.740231990814209 0.04721498489379883 107 116 85
-30.08457374572754 3.7948808670043945 -0.24980489909648895 100 132 69
-22.982465744018555 2.0569300651550293 -0.41162657737731934 91 119 58
-17.11952781677246 0.9071869254112244 -0.4704782962799072 62 92 32
-17.85987091064453 2.924776077270508 -0.6376806497573853 110 152 88
-16.392728805541992 2.0744714736938477 -0.7393452525138855 76 102 55
-13.385053634643555 1.2047911882400513 -0.7304269075393677 77 108 41
-12.05105972290039 0.644507884979248 -0.7728066444396973 50 79 12
-11.926918983459473 1.96002197265625 -0.8676718473434448 98 133 75
-10.8818941116333 1.384032130241394 -0.8949230909347534 103 126 70
-10.048380851745605 0.9079927206039429 -0.918022632598877 95 137 61
-8.997342109680176 0.48292306065559387 -0.9087185263633728 94 139 56
-8.780060768127441 1.4466571807861328 -0.9685659408569336 99 129 93
-8.273279190063477 1.0572402477264404 -0.9890890717506409 103 125 89
-7.924227237701416 0.7198145985603333 -1.0202844142913818 85 104 74
-7.53331995010376 0.4082990884780884 -1.0420376062393188 122 160 101
-7.240688323974609 1.198343276977539 -1.0715866088867188 88 97 76
-6.760511875152588 0.8666824698448181 -1.0614826679229736 102 133 74
-6.579685688018799 0.6003433465957642 -1.0941400527954102 93 96 67
-6.206448078155518 0.3368183970451355 -1.0932902097702026 103 128 86
-5.971004486083984 0.995705246925354 -1.113419771194458 81 116 84
-5.721558570861816 0.7366377115249634 -1.1173679828643799 107 146 79
-5.522740840911865 0.5065299868583679 -1.1306489706039429 90 117 76
-5.310497760772705 0.2887537181377411 -1.1392799615859985 92 103 97
-4.9849019050598145 0.8342171907424927 -1.125400185585022 110 125 96
-4.735860824584961 0.6134288907051086 -1.1111880540847778 118 150 109
-28.29717254638672 1.4835491180419922 5.505914688110352 83 138 195
-11.36076831817627 0.6059558987617493 1.7779160737991333 101 147 181
-29.658767700195312 1.6011347770690918 3.5385892391204834 116 173 203
-15.726912498474121 0.8771026134490967 0.1429586559534073 81 94 76
-34.94952392578125 5.821035861968994 0.04699745029211044 109 115 87
-30.078739166259766 3.887930393218994 -0.24985434114933014 99 136 66
-23.051712036132812 2.1344354152679443 -0.41298216581344604 72 98 51
-18.09775161743164 1.0147128105163574 -0.4974450469017029 69 97 39
-17.778854370117188 2.9675445556640625 -0.635110080242157 82 118 56
-16.400157928466797 2.1265523433685303 -0.7399710416793823 94 117 71
-13.482705116271973 1.2552920579910278 -0.7359625101089478 77 109 42
-12.056997299194336 0.6819278597831726 -0.7733179330825806 50 83 12
-11.934621810913086 1.998910665512085 -0.8686742782592773 75 96 40
-10.859807014465332 1.4150927066802979 -0.8934594988822937 107 127 78
-10.054471969604492 0.9396504759788513 -0.9188381433486938 101 131 67
-9.200448989868164 0.5221372842788696 -0.9293893575668335 79 110 50
-8.787345886230469 1.4755628108978271 -0.9698644876480103 108 142 92
-8.255228042602539 1.080683946609497 -0.9873226881027222 103 115 91
-7.919018745422363 0.7438440918922424 -1.0199028253555298 107 118 86
-7.529065132141113 0.43123912811279297 -1.0416271686553955 79 108 54
-7.236002445220947 1.2203872203826904 -1.0714421272277832 106 124 98
-6.775455474853516 0.8897350430488586 -1.064252495765686 94 137 66
-6.5719194412231445 0.6199707984924316 -1.0931596755981445 87 114 61
-6.245698928833008 0.3581697940826416 -1.1003928184509277 68 110 38
-5.966952323913574 1.0138546228408813 -1.1132389307022095 90 116 89
-5.704671382904053 0.7522624731063843 -1.1145155429840088 123 163 100
-5.530915260314941 0.5243959426879883 -1.1326465606689453 89 131 59
-5.301777362823486 0.30459606647491455 -1.1376043558120728 83 93 84
-4.989054203033447 0.8506551384925842 -1.126921534538269 109 139 89
-4.704990863800049 0.624113142490387 -1.1043890714645386 77 106 60
-25.244285583496094 1.485597014427185 0.2295125424861908 93 105 81
-34.83586883544922 5.912002086639404 0.04686878249049187 117 125 101
-33.44904327392578 4.427947521209717 -0.2779619097709656 98 134 70
-23.21425437927246 2.2213375568389893 -0.41601434350013733 79 101 65
-16.74741554260254 0.9905524849891663 -0.46041029691696167 70 108 47
-17.37360191345215 2.954716920852661 -0.6209542155265808 100 134 37
-16.411380767822266 2.1792242527008057 -0.7407756447792053 80 98 58
-13.683541297912598 1.316347360610962 -0.7471421957015991 80 110 48
-12.082740783691406 0.7205784320831299 -0.7751072645187378 52 82 22
-11.931382179260254 2.0360193252563477 -0.8688890337944031 105 129 81
-10.868256568908691 1.4501169919967651 -0.8945165276527405 105 128 82
-10.03568172454834 0.9689614176750183 -0.9173883199691772 91 119 44
-9.21568775177002 0.5513715744018555 -0.9310952425003052 94 139 54
-8.81021499633789 1.5072088241577148 -0.9728942513465881 92 123 82
-8.243014335632324 1.1048182249069214 -0.9862627387046814 94 108 91
-7.904852390289307 0.7669863700866699 -1.0183765888214111 104 116 92
-7.535616874694824 0.4548133909702301 -1.0427217483520508 84 111 68
-7.228322982788086 1.2419110536575317 -1.070864200592041 99 113 80
-6.7795491218566895 0.9114392399787903 -1.065329670906067 78 120 54
-6.5640950202941895 0.6395562291145325 -1.0921794176101685 91 114 72
-6.3065056800842285 0.3810720443725586 -1.1113067865371704 74 97 55
-5.920204162597656 1.0246087312698364 -1.1050986051559448 86 103 61
-5.674121856689453 0.7659518718719482 -1.1090010404586792 98 133 77
-5.524404525756836 0.5408847332000732 -1.1316478252410889 97 124 71
-5.2793450355529785 0.31956052780151367 -1.1329960823059082 89 99 90
-4.979689121246338 0.864788293838501 -1.125400185585022 112 144 94
-4.663483619689941 0.6331723928451538 -1.0950970649719238 96 112 76
-28.44485855102539 1.69227135181427 4.45305061340332 105 150 169
-25.215797424316406 1.516506552696228 3.009551763534546 70 87 81
-34.74169158935547 6.005732536315918 0.04676664248108864 111 120 93
-33.05479431152344 4.478987216949463 -0.27479857206344604 101 142 66
-24.12272834777832 2.3829755783081055 -0.43242374062538147 90 107 71
-17.354887008666992 1.0799225568771362 -0.47719937562942505 79 108 42
-16.93906021118164 2.934314250946045 -0.6057420372962952 88 130 56
-16.39373016357422 2.228083372116089 -0.7402839660644531 84 106 59
-13.871212005615234 1.377364158630371 -0.7576164603233337 76 107 40
-12.161149978637695 0.7627041339874268 -0.7802836298942566 60 88 40
-11.906408309936523 2.0693695545196533 -0.8675285577774048 102 123 84
-10.872644424438477 1.4846670627593994 -0.895248293876648 88 112 60
-10.021760940551758 0.9986596703529358 -0.9163916110992432 101 127 66
-9.22189712524414 0.580142080783844 -0.9318980574607849 81 115 38
-8.831012725830078 1.5386677980422974 -0.9757076501846313 114 145 103
-8.227781295776367 1.1284830570220947 -0.9848496913909912 107 126 94
-7.880749702453613 0.7890605330467224 -1.0155786275863647 102 111 90
-7.536163330078125 0.47805559635162354 -1.0429953336715698 83 102 57
-7.217656135559082 1.2628874778747559 -1.0698529481887817 87 110 81
-6.781615257263184 0.9329075813293457 -1.0660991668701172 102 146 71
-6.553267002105713 0.658803403377533 -1.0907089710235596 88 105 51
-6.3062896728515625 0.4004807472229004 -1.1114799976348877 91 131 58
-5.910253047943115 1.0415719747543335 -1.1038322448730469 101 129 78
-5.657157897949219 0.7813414335250854 -1.106148600578308 111 137 89
-5.520769119262695 0.5576338768005371 -1.1312482357025146 81 101 50
-5.296881198883057 0.33693522214889526 -1.1369760036468506 95 106 92
-4.950098991394043 0.8753026723861694 -1.1193145513534546 92 122 72
-4.680813789367676 0.6501567363739014 -1.0996297597885132 97 115 65
-28.211746215820312 1.7652778625488281 4.417384147644043 117 148 177
-25.275442123413086 1.5979328155517578 3.0172412395477295 133 170 176
-25.99098014831543 1.6745976209640503 1.1890678405761719 106 124 100
-24.985231399536133 1.6242479085922241 0.22724364697933197 91 100 83
-32.23265075683594 4.468331813812256 -0.26807647943496704 87 125 52
-24.917024612426758 2.5386545658111572 -0.4467998147010803 87 119 56
-17.577924728393555 1.147948980331421 -0.4834267199039459 58 99 23
-17.361051559448242 3.062305450439453 -0.6211655139923096 92 132 61
-16.493680953979492 2.2932262420654297 -0.7451115846633911 89 115 70
-13.993073463439941 1.4328315258026123 -0.764508843421936 71 99 51
-12.159748077392578 0.800075888633728 -0.780347466468811 71 102 24
-11.927505493164062 2.110755205154419 -0.8695334792137146 96 119 75
-10.870012283325195 1.5182926654815674 -0.8954108953475952 104 135 78
-10.112762451171875 1.0390712022781372 -0.9249999523162842 136 154 92
-9.224044799804688 0.6086937785148621 -0.9322993755340576 82 118 28
-8.811568260192871 1.563149094581604 -0.9740846157073975 101 126 84
-8.23804759979248 1.155651569366455 -0.9864983558654785 109 125 88
-7.859545707702637 0.8112995624542236 -1.0131621360778809 115 131 102
-7.505008697509766 0.4992016553878784 -1.0388907194137573 94 108 82
-7.205954074859619 1.2836368083953857 -1.0686970949172974 90 111 80
-6.784592151641846 0.9545348882675171 -1.067022442817688 61 102 23
-6.544345855712891 0.6781935691833496 -1.089565396308899 77 105 65
-6.218553066253662 0.4140680730342865 -1.0962351560592651 88 119 77
-5.847978591918945 1.0491060018539429 -1.0927976369857788 123 158 92
-5.605156421661377 0.7916911840438843 -1.0964505672454834 114 157 77
-5.504414081573486 0.5730468034744263 -1.1282517910003662 107 134 93
-5.267528533935547 0.3512972891330719 -1.1309014558792114 96 108 88
-4.858049392700195 0.8744046688079834 -1.0991016626358032 106 140 66
-4.678797245025635 0.6645141839981079 -1.0996297597885132 54 74 46
-29.441238403320312 5.21685266494751 5.568606376647949 80 139 195
-27.388900756835938 1.798163890838623 4.289386749267578 85 117 138
-25.251596450805664 1.674221158027649 3.014993667602539 118 155 164
-34.43448257446289 6.170461177825928 0.0464031957089901 116 119 98
-31.514856338500977 4.467411994934082 -0.2622193694114685 98 137 54
-25.206438064575195 2.646301031112671 -0.4521328806877136 85 118 63
-19.17298126220703 1.3112010955810547 -0.5274019837379456 77 108 32
-17.131235122680664 3.075991153717041 -0.6132776737213135 89 117 76
-16.578550338745117 2.356894016265869 -0.7492687702178955 78 104 67
-14.002513885498047 1.4772214889526367 -0.7652686238288879 89 122 69
-12.275712966918945 0.8455382585525513 -0.7879522442817688 55 91 29
-11.867964744567871 2.137789726257324 -0.865666925907135 106 125 80
-10.84162425994873 1.5482527017593384 -0.8934594988822937 93 120 67
-10.128344535827637 1.072083592414856 -0.9267216324806213 109 134 77
-9.212207794189453 0.6363042593002319 -0.9312959313392639 101 134 55
-8.798904418945312 1.5887620449066162 -0.9732189178466797 103 132 78
-8.249207496643066 1.1830346584320068 -0.9882647395133972 90 127 93
-7.834334373474121 0.8329964280128479 -1.0102367401123047 101 120 90
-7.537041187286377 0.5245627760887146 -1.043542742729187 80 122 48
-7.142590522766113 1.2949703931808472 -1.0598840713500977 104 125 92
-6.775763511657715 0.9745012521743774 -1.0660991668701172 77 95 53
-6.53732967376709 0.6977446675300598 -1.088748574256897 98 129 72
-6.149461269378662 0.42842140793800354 -1.0842819213867188 97 114 78
-5.860212802886963 1.069868564605713 -1.0956919193267822 80 113 84
-5.607559680938721 0.8095852732658386 -1.0974013805389404 100 122 75
-5.500681400299072 0.5897225141525269 -1.1278523206710815 77 104 63
-5.2820329666137695 0.36854514479637146 -1.134252905845642 96 111 92
-4.813098430633545 0.881567120552063 -1.08953857421875 132 155 103
-4.711435794830322 0.6839023232460022 -1.1077884435653687 96 123 88
-29.42665672302246 2.041729688644409 3.5142195224761963 119 169 194
-25.972244262695312 1.833480954170227 1.1887030601501465 120 140 115
-35.107967376708984 6.4023756980896 0.047337014228105545 121 127 93
-31.288230895996094 4.533249378204346 -0.2604482173919678 93 130 52
-25.21907615661621 2.725877285003662 -0.4525074362754822 97 124 73
-19.55773162841797 1.3978092670440674 -0.5381009578704834 77 119 37
-18.36927604675293 3.356492519378662 -0.6579635739326477 102 135 82
-16.50401496887207 2.397977352142334 -0.7462291121482849 92 109 75
-14.01280689239502 1.5217907428741455 -0.7660827040672302 72 108 44
-12.33875560760498 0.8879231810569763 -0.792169988155365 68 95 26
-11.757354736328125 2.15512752532959 -0.8580771088600159 107 135 86
-10.835836410522461 1.5813629627227783 -0.8933781385421753 98 129 72
-10.134907722473145 1.1042306423187256 -0.9276278018951416 85 107 61
-9.216166496276855 0.6649935841560364 -0.9318980574607849 78 120 36
-8.734345436096191 1.6047908067703247 -0.9666182398796082 114 140 93
-8.263225555419922 1.2109291553497314 -0.9903845191001892 76 102 63
-7.830755710601807 0.8569200038909912 -1.010109543800354 73 88 57
-7.538360595703125 0.547899067401886 -1.0439531803131104 76 109 22
-7.127880096435547 1.314902901649475 -1.0582947731018066 104 145 85
-6.766876220703125 0.994422435760498 -1.0651758909225464 84 105 66
-6.52142858505249 0.7162896394729614 -1.0864611864089966 93 116 64
-6.218842506408691 0.45243099331855774 -1.0967549085617065 114 149 95
-5.922656536102295 1.10005521774292 -1.1079930067062378 76 114 65
-5.6235032081604 0.8295072913169861 -1.1010143756866455 117 146 88
-5.5066375732421875 0.6074551343917847 -1.1294503211975098 93 110 56
-5.273075580596924 0.3841800093650818 -1.1325770616531372 92 97 91
-4.803653717041016 0.8950777649879456 -1.0880171060562134 91 118 65
-4.770012378692627 0.7073544859886169 -1.1220664978027344 106 149 95
-30.755023956298828 5.651157379150391 4.644866943359375 103 165 202
-38.66499328613281 5.685977935791016 2.53546404838562 111 137 152
-25.97446632385254 1.9137412309646606 1.1890678405761719 106 117 109
-33.42455291748047 6.201399326324463 0.045092664659023285 106 115 86
-30.905208587646484 4.574604511260986 -0.2573755085468292 89 129 43
-25.21357536315918 2.8035669326782227 -0.4525609314441681 88 120 57
-19.51347541809082 1.4548319578170776 -0.5370036363601685 70 106 45
-18.43160057067871 3.426348924636841 -0.6605693697929382 98 121 67
-16.46495819091797 2.44390606880188 -0.7447987198829651 99 117 79
-14.055704116821289 1.5700950622558594 -0.7686876058578491 81 116 48
-12.39667797088623 0.930329442024231 -0.7960681915283203 86 107 50
-11.808538436889648 2.2019762992858887 -0.8623016476631165 118 146 98
-10.878252029418945 1.6216533184051514 -0.8972811698913574 98 137 84
-10.163142204284668 1.138867735862732 -0.9305275082588196 107 133 62
-9.244839668273926 0.6955794095993042 -0.935008704662323 104 145 69
-8.607230186462402 1.6087490320205688 -0.9530923366546631 100 137 86
-8.274203300476074 1.2384796142578125 -0.9921509027481079 102 131 87
-7.844846248626709 0.8828260898590088 -1.012271761894226 106 126 91
-7.540594577789307 0.5713231563568115 -1.044500470161438 94 123 59
-7.114087104797363 1.3349398374557495 -1.0568499565124512 113 152 85
-6.811673641204834 1.0223644971847534 -1.0727161169052124 89 101 77
-6.479987144470215 0.731864869594574 -1.0799261331558228 79 100 43
-6.2115325927734375 0.4710611402988434 -1.0957155227661133 97 129 79
-5.82357931137085 1.1001464128494263 -1.090084195137024 124 155 111
-5.727719783782959 0.8628429174423218 -1.1219316720962524 80 105 65
-5.503774642944336 0.624235987663269 -1.1292506456375122 105 129 77
-5.266021728515625 0.3999115228652954 -1.1313203573226929 90 96 82
-4.846919059753418 0.9185347557067871 -1.09844970703125 122 154 113
-4.7735981941223145 0.7228602766990662 -1.1234263181686401 87 115 74
-30.223482131958008 2.2638120651245117 4.736374378204346 102 146 175
-29.56407928466797 2.2336208820343018 3.532201051712036 112 158 194
-33.34935760498047 6.293344974517822 0.0450170561671257 102 111 84
-30.882129669189453 4.66805362701416 -0.25730136036872864 69 112 30
-25.356842041015625 2.898279905319214 -0.45528990030288696 84 118 58
-19.46706199645996 1.511441707611084 -0.5358514189720154 80 118 45
-18.371902465820312 3.4735970497131348 -0.658808708190918 93 122 78
-16.269716262817383 2.4659640789031982 -0.7363055944442749 94 113 85
-14.074629783630371 1.6159435510635376 -0.7699901461601257 75 100 60
-12.350983619689941 0.9650148749351501 -0.7933202385902405 62 88 40
-11.844846725463867 2.2463715076446533 -0.8654521703720093 89 128 63
-10.84366512298584 1.6505202054977417 -0.894841730594635 114 145 88
-10.204121589660645 1.1751697063446045 -0.9346051812171936 116 140 78
-9.281346321105957 0.7269688248634338 -0.938922107219696 94 121 50
-8.668665885925293 1.6477718353271484 -0.9604504108428955 109 135 90
-8.27919864654541 1.2652087211608887 -0.9932107329368591 110 140 86
-7.858850955963135 0.9088266491889954 -1.0144338607788086 88 117 59
-7.5427565574646 0.5947661995887756 -1.0450477600097656 66 95 29
-7.071079254150391 1.3493402004241943 -1.0510709285736084 73 109 35
-6.861246109008789 1.051339030265808 -1.0810257196426392 117 155 70
-6.4757513999938965 0.7515143156051636 -1.079599380493164 104 134 82
-6.204167366027832 0.489650696516037 -1.09467613697052 64 92 33
-5.78637170791626 1.1115140914916992 -1.0837527513504028 81 117 69
-5.719223499298096 0.8795158863067627 -1.120790719985962 117 151 91
-5.505726337432861 0.6415719985961914 -1.1300495862960815 78 99 42
-5.26769495010376 0.41629669070243835 -1.131948709487915 100 109 88
-4.85174560546875 0.9348779916763306 -1.1001883745193481 112 148 112
-4.777132987976074 0.7383947968482971 -1.124786138534546 106 131 89
-30.252361297607422 5.750906944274902 4.574194431304932 104 163 203
-29.002731323242188 2.2807180881500244 3.4659531116485596 110 160 195
-37.88069534301758 5.796137809753418 3.885129451751709 114 151 167
-25.856233596801758 2.0509934425354004 2.1329026222229004 120 162 174
-40.252811431884766 6.188578128814697 1.150377869606018 115 128 102
-34.807926177978516 6.679247856140137 0.047013361006975174 119 124 94
-30.872604370117188 4.7635393142700195 -0.25734254717826843 86 120 46
-25.37464141845703 2.979207754135132 -0.45577147603034973 89 121 58
-19.456356048583984 1.5706760883331299 -0.5356867909431458 77 110 39
-18.654600143432617 3.5863590240478516 -0.6693375706672668 102 124 88
-16.181119918823242 2.503343105316162 -0.7326402068138123 79 91 77
-14.096381187438965 1.662273645401001 -0.7714554667472839 73 107 30
-12.432513236999512 1.0097695589065552 -0.7987521886825562 77 100 46
-11.719392776489258 2.2598488330841064 -0.8567883372306824 91 129 72
-10.837565422058105 1.6836274862289429 -0.8947604298591614 99 131 68
-10.196512222290039 1.206002116203308 -0.9342427253723145 97 119 55
-9.302872657775879 0.7573778629302979 -0.9413303732872009 77 110 39
-8.62843132019043 1.6675680875778198 -0.9565548896789551 100 133 78
-8.28901481628418 1.2927453517913818 -0.9948593974113464 102 133 91
-7.852086067199707 0.932465136051178 -1.0139251947402954 101 127 80
-7.545832633972168 0.6183087229728699 -1.045731782913208 99 129 69
-7.027078628540039 1.3633008003234863 -1.0451472997665405 78 120 54
-6.8843464851379395 1.0765057802200317 -1.085180640220642 99 130 54
-6.536112308502197 0.7788490653038025 -1.0900555849075317 51 78 37
-6.219322681427002 0.5100510716438293 -1.0976210832595825 81 103 57
-5.825406551361084 1.1375550031661987 -1.091712236404419 92 117 62
-5.706799507141113 0.8955361247062683 -1.1188892126083374 131 154 98
-5.493030548095703 0.6571799516677856 -1.1278523206710815 86 124 41
-5.2634687423706055 0.43221569061279297 -1.1313203573226929 88 103 60
-4.84023380279541 0.9480699896812439 -1.098232388496399 119 164 105
-4.79504919052124 0.7562336921691895 -1.1295454502105713 88 97 68
-25.762413024902344 2.1231062412261963 2.125690460205078 130 158 170
-38.90739440917969 6.103975772857666 1.1124573945999146 107 125 99
-30.72646713256836 4.837548732757568 -0.2562468945980072 77 130 40
-25.38722038269043 3.059674024581909 -0.4561638832092285 88 118 66
-19.44646453857422 1.629942536354065 -0.5355497002601624 59 102 13
-18.814172744750977 3.676927089691162 -0.6754646897315979 101 128 75
-16.261186599731445 2.5668370723724365 -0.7366184592247009 84 98 75
-14.100136756896973 1.7065926790237427 -0.7719438672065735 79 103 45
-12.443278312683105 1.0490809679031372 -0.7996468544006348 67 93 45
-11.7926664352417 2.3115251064300537 -0.8626596927642822 88 124 62
-10.831364631652832 1.7167125940322876 -0.8946791291236877 114 150 80
-10.214513778686523 1.2399190664291382 -0.9362363219261169 95 114 59
-9.315377235412598 0.7871717810630798 -0.9428355693817139 101 127 62
-8.565720558166504 1.6827255487442017 -0.9501706957817078 91 128 84
-8.31639289855957 1.3231626749038696 -0.9986279010772705 87 122 80
-7.842296123504639 0.9557106494903564 -1.0130348205566406 95 123 64
-7.553770542144775 0.6422953605651855 -1.0471000671386719 87 108 69
-7.014126300811768 1.3831303119659424 -1.0438470840454102 95 132 54
-6.882963180541992 1.0979329347610474 -1.0854883193969727 95 110 77
-6.518023490905762 0.7969820499420166 -1.0874414443969727 100 122 57
-6.238336563110352 0.5308830142021179 -1.1012591123580933 79 107 59
-5.846971035003662 1.1603995561599731 -1.0964155197143555 90 124 73
-5.705964088439941 0.9133504629135132 -1.1192694902420044 131 152 109
-5.3538594245910645 0.6571964025497437 -1.0996859073638916 87 120 63
-5.255298137664795 0.44778063893318176 -1.1298540830612183 85 110 71
-4.804753303527832 0.9564359188079834 -1.090842604637146 67 103 57
-4.80809211730957 0.7734160423278809 -1.133171558380127 117 131 98
-29.760324478149414 5.846801280975342 4.5051374435424805 101 163 210
-30.245466232299805 4.856958866119385 -0.25235864520072937 82 128 19
-25.268564224243164 3.124051809310913 -0.45420190691947937 103 129 64
-19.112735748291016 1.6610348224639893 -0.5264967679977417 86 112 49
-18.875341415405273 3.749037981033325 -0.6780704855918884 97 124 83
-16.236467361450195 2.614014148712158 -0.7358585596084595 91 113 75
-14.104743003845215 1.7510733604431152 -0.7724865674972534 86 117 57
-12.458889961242676 1.088902473449707 -0.8008610606193542 65 95 35
-11.71313190460205 2.3332741260528564 -0.8573611378669739 94 132 59
-10.828998565673828 1.750411868095398 -0.8949230909347534 90 119 71
-10.15433120727539 1.264237642288208 -0.9310712218284607 99 116 80
-9.383289337158203 0.8219113349914551 -0.949959933757782 86 113 44
-8.570266723632812 1.7109432220458984 -0.9512527585029602 80 133 51
-8.33189868927002 1.3518515825271606 -1.0009831190109253 99 129 77
-7.812753200531006 0.9764447212219238 -1.0096008777618408 86 121 65
-7.553738117218018 0.6656408905982971 -1.047373652458191 108 124 97
-7.018581390380859 1.4063924551010132 -1.0451472997665405 104 150 86
-6.887364387512207 1.1203135251998901 -1.0867193937301636 100 125 67
-6.4499616622924805 0.8087515830993652 -1.0764951705932617 99 129 65
-6.264148712158203 0.5524420142173767 -1.106109619140625 78 93 62
-5.8260297775268555 1.174832820892334 -1.0931594371795654 95 125 87
-5.7021660804748535 0.9306936860084534 -1.119079351425171 114 141 90
-5.419870376586914 0.6821842789649963 -1.1136692762374878 86 121 53
-5.225653171539307 0.46140748262405396 -1.1237796545028687 84 96 74
-4.800839900970459 0.9709786772727966 -1.090625286102295 64 98 63
-4.784551620483398 0.7846955060958862 -1.1281856298446655 103 112 65
-29.482784271240234 2.5725231170654297 4.6248979568481445 116 162 195
-32.1628532409668 6.47916316986084 0.04351949691772461 120 129 98
-29.670894622802734 4.858113765716553 -0.24768777191638947 91 128 32
-25.10213851928711 3.1816954612731934 -0.4513837397098541 85 119 59
-19.522714614868164 1.757028579711914 -0.5379363298416138 95 131 67
-18.91958999633789 3.8181984424591064 -0.6800776720046997 99 132 77
-16.14655113220215 2.6503841876983643 -0.7321485280990601 69 94 64
-14.275620460510254 1.8167766332626343 -0.7821467518806458 80 106 45
-12.474374771118164 1.1288294792175293 -0.8020752668380737 81 117 45
-11.68734359741211 2.3654391765594482 -0.8560007214546204 99 133 73
-10.832427978515625 1.7850850820541382 -0.8956548571586609 110 143 96
-10.144476890563965 1.2946282625198364 -0.9305275082588196 96 119 65
-9.344061851501465 0.8473702073097229 -0.9462472200393677 105 132 81
-8.521134376525879 1.7283356189727783 -0.9463834166526794 70 114 61
-8.337509155273438 1.3790276050567627 -1.002160668373108 99 116 84
-7.791027545928955 0.9980147480964661 -1.0071842670440674 81 108 53
-7.544754981994629 0.6881824135780334 -1.04641592502594 126 137 97
-7.014233589172363 1.427918553352356 -1.0451472997665405 112 140 99
-6.887794017791748 1.1420848369598389 -1.0873349905014038 66 94 46
-6.283059120178223 0.8074108362197876 -1.049047827720642 75 108 51
-6.259481906890869 0.5713890194892883 -1.1055899858474731 80 104 68
-5.794456958770752 1.1869776248931885 -1.0879133939743042 97 119 81
-5.708968639373779 0.9497945308685303 -1.120980978012085 109 135 88
-5.3885979652404785 0.6950485706329346 -1.107676386833191 86 133 55
-5.186236381530762 0.4739667475223541 -1.1156104803085327 86 92 78
-4.758636951446533 0.9776491522789001 -1.0817142724990845 89 116 61
-4.788846492767334 0.8004946708679199 -1.1297720670700073 105 136 79
-29.59104347229004 6.015256404876709 3.363572597503662 115 161 184
-34.768409729003906 7.115114212036133 0.04707438126206398 116 121 98
-29.3145809173584 4.892167091369629 -0.2448374629020691 84 127 37
-25.08531951904297 3.257791519165039 -0.45125889778137207 87 110 66
-19.370922088623047 1.8032946586608887 -0.5339037179946899 85 124 45
-18.923450469970703 3.8794360160827637 -0.6806410551071167 87 122 68
-15.685101509094238 2.624082326889038 -0.7115862369537354 72 105 60
-14.374934196472168 1.8742494583129883 -0.787899374961853 71 101 49
-12.578163146972656 1.1771377325057983 -0.8089770674705505 61 92 14
-11.776754379272461 2.4211692810058594 -0.8630893230438232 78 114 53
-10.884893417358398 1.8280495405197144 -0.9004523158073425 107 129 90
-10.129595756530762 1.3243249654769897 -0.9295307397842407 110 136 88
-9.440479278564453 0.8853232860565186 -0.9562817215919495 87 117 65
-8.496318817138672 1.750458002090454 -0.9442193508148193 54 101 29
-8.340093612670898 1.405755639076233 -1.0029851198196411 98 123 83
-7.788912773132324 1.02204167842865 -1.0073115825653076 106 134 76
-7.525842666625977 0.7097450494766235 -1.0440900325775146 87 100 72
-7.016602993011475 1.450833797454834 -1.0461586713790894 88 130 66
-6.885231971740723 1.1633756160736084 -1.0874887704849243 78 106 58
-6.375430583953857 0.8391715288162231 -1.0648953914642334 87 125 88
-6.253777503967285 0.5902199745178223 -1.1048970222473145 80 96 70
-5.8100457191467285 1.2087557315826416 -1.0915313959121704 105 144 81
-5.713771343231201 0.9686176180839539 -1.1225022077560425 104 124 75
-5.330099105834961 0.7041342854499817 -1.096090316772461 90 130 68
-5.227591037750244 0.49392271041870117 -1.1248269081115723 87 94 76
-4.693506717681885 0.9792850613594055 -1.0675870180130005 80 126 51
-4.782527446746826 0.8145288228988647 -1.1288655996322632 108 129 96
-28.04861068725586 5.7791266441345215 4.253889083862305 109 161 209
-29.89461898803711 6.172532558441162 3.4002161026000977 113 144 139
-33.779090881347656 7.020698547363281 0.04576385021209717 112 120 105
-29.382244110107422 4.996160984039307 -0.24552945792675018 88 129 51
-24.32988739013672 3.235617160797119 -0.43784597516059875 90 107 71
-19.458829879760742 1.8717120885849 -0.5364823937416077 85 116 38
-19.014190673828125 3.9588632583618164 -0.6843384504318237 105 141 79
-15.557816505432129 2.6518797874450684 -0.7061774730682373 76 108 59
-14.37010669708252 1.918474555015564 -0.7879536747932434 79 98 68
-12.609258651733398 1.2190827131271362 -0.8112137317657471 90 121 28
-11.863003730773926 2.4768588542938232 -0.8699630498886108 110 132 68
-10.92049503326416 1.8684951066970825 -0.9038674235343933 104 130 91
-10.150162696838379 1.3586992025375366 -0.9317961931228638 107 135 86
-9.470398902893066 0.9174480438232422 -0.9595930576324463 78 111 40
-8.540534019470215 1.7868990898132324 -0.9497378468513489 90 136 71
-8.323019027709961 1.4291514158248901 -1.00145423412323 97 116 86
-7.813265800476074 1.0496306419372559 -1.010872721672058 91 121 61
-7.467431545257568 0.7273567318916321 -1.0362911224365234 91 109 71
-7.030518531799316 1.4762169122695923 -1.0489037036895752 96 139 70
-6.8816304206848145 1.1844936609268188 -1.0874887704849243 92 118 83
-6.391402721405029 0.8612303733825684 -1.0679994821548462 82 121 64
-6.25977897644043 0.6101678609848022 -1.1062828302383423 96 106 98
-5.771667957305908 1.2192569971084595 -1.0850189924240112 112 154 68
-5.700130939483643 0.9843050241470337 -1.120410442352295 92 127 97
-5.348304748535156 0.7232409715652466 -1.100285291671753 99 132 77
-5.244541645050049 0.5117627382278442 -1.1288068294525146 100 143 72
-4.745864391326904 1.0054131746292114 -1.0801929235458374 105 141 54
-4.7636919021606445 0.8263675570487976 -1.125012755393982 107 120 66
-28.261756896972656 5.907309532165527 5.3772735595703125 96 150 194
-28.187593460083008 5.897969722747803 4.27769136428833 96 146 183
-27.62665557861328 5.7926788330078125 3.1442644596099854 103 150 160
-38.3387565612793 6.603003025054932 2.523940086364746 118 144 159
-33.67324447631836 7.106539249420166 0.04564977437257767 117 132 101
-29.370718002319336 5.086963653564453 -0.24556240439414978 87 128 50
-24.58436393737793 3.346249580383301 -0.4426082670688629 97 122 80
-19.74445343017578 1.9603394269943237 -0.5445203185081482 82 119 49
-18.877779006958008 3.9909274578094482 -0.679866373538971 105 141 77
-15.513189315795898 2.6932754516601562 -0.7045236229896545 72 107 53
-14.391855239868164 1.9663372039794922 -0.7894732356071472 56 72 43
-12.66504192352295 1.2637066841125488 -0.8150480389595032 76 112 51
-11.901208877563477 2.5229642391204834 -0.8733283281326294 92 133 77
-10.643709182739258 1.8547652959823608 -0.8814252018928528 111 132 99
-10.084772109985352 1.3814531564712524 -0.926177978515625 108 127 95
-9.506149291992188 0.9503584504127502 -0.9635064601898193 93 123 63
-8.564184188842773 1.8192898035049438 -0.952984094619751 91 124 69
-8.309791564941406 1.4531399011611938 -1.000394344329834 94 123 75
-7.852262020111084 1.0794048309326172 -1.0163416862487793 44 75 31
-7.411941051483154 0.7449139952659607 -1.0289027690887451 113 145 98
-7.032730579376221 1.4992234706878662 -1.049915075302124 83 107 59
-6.864338397979736 1.2032123804092407 -1.0853344202041626 115 148 101
-6.475712299346924 0.8928272724151611 -1.0825401544570923 73 112 59
-6.228479385375977 0.626413106918335 -1.101085901260376 103 117 91
-5.768861770629883 1.2371646165847778 -1.0851999521255493 105 144 81
-5.728992462158203 1.0073989629745483 -1.126685619354248 62 94 45
-5.345089912414551 0.7395116090774536 -1.1000854969024658 106 136 98
-5.271161079406738 0.5306908488273621 -1.1348812580108643 60 73 43
-4.715083599090576 1.0140169858932495 -1.073889970779419 85 128 83
-4.758256912231445 0.8404702544212341 -1.1243329048156738 85 112 77
-30.522750854492188 5.308324813842773 5.45217752456665 91 156 212
-28.151948928833008 5.980720043182373 4.2750468254089355 114 152 175
-27.608753204345703 5.877408981323242 3.1442644596099854 114 144 152
-29.668519973754883 6.323474884033203 2.2601301670074463 114 128 139
-32.20705795288086 6.900387287139893 0.043690603226423264 127 139 115
-29.625783920288086 5.224808216094971 -0.24782781302928925 82 123 45
-24.297693252563477 3.3831872940063477 -0.4376319348812103 94 124 72
-19.702547073364258 2.017240047454834 -0.5435327291488647 72 116 53
-18.81365966796875 4.037710666656494 -0.6780000925064087 90 126 56
-15.280559539794922 2.701207160949707 -0.6943318843841553 84 119 61
-14.38674259185791 2.010619640350342 -0.7895274758338928 77 88 56
-12.743500709533691 1.3110332489013672 -0.8203521966934204 69 105 33
-11.88853645324707 2.558415651321411 -0.8729703426361084 113 131 89
-10.9431734085083 1.941560983657837 -0.9067133665084839 105 122 86
-10.090349197387695 1.4137681722640991 -0.92708420753479 93 118 61
-9.515066146850586 0.9807426333427429 -0.9647105932235718 81 104 52
-8.649910926818848 1.8652540445327759 -0.9631555676460266 94 134 63
-8.21339225769043 1.4622654914855957 -0.9893245697021484 112 141 93
-7.881326675415039 1.1080471277236938 -1.0205388069152832 85 114 66
-7.353457450866699 0.7618313431739807 -1.021103858947754 100 127 72
-7.047440528869629 1.5249780416488647 -1.0528045892715454 98 141 72
-6.842133045196533 1.2209681272506714 -1.0824106931686401 96 130 93
-6.479780673980713 0.9136545062065125 -1.0836838483810425 106 137 96
-6.155015468597412 0.6381049752235413 -1.088439702987671 89 102 95
-5.775610446929932 1.2571583986282349 -1.087189793586731 85 115 65
-5.717177391052246 1.0234136581420898 -1.124974250793457 77 104 73
-5.395185947418213 0.7633188366889954 -1.1108726263046265 91 130 77
-5.279234409332275 0.5478694438934326 -1.1369760036468506 60 66 56
-4.774890899658203 1.0422159433364868 -1.088234543800354 74 101 56
-4.707725524902344 0.8464465141296387 -1.1130011081695557 86 127 48
-27.90624237060547 6.018059253692627 4.240518569946289 106 132 129
-27.506078720092773 5.943820953369141 3.1346330642700195 56 77 46
-29.64605712890625 6.413834571838379 2.2599072456359863 107 134 129
-42.67750549316406 9.251084327697754 1.6546826362609863 100 120 95
-29.196237564086914 5.241462707519531 -0.24436791241168976 89 126 49
-24.554462432861328 3.495765209197998 -0.4424477517604828 89 125 63
-19.91397476196289 2.100642442703247 -0.5495405793190002 66 110 35
-18.63713264465332 4.059676647186279 -0.6720841526985168 96 137 77
-15.654668807983398 2.8168959617614746 -0.7117204070091248 86 110 50
-14.373587608337402 2.0537593364715576 -0.7891476154327393 55 75 47
-12.69178295135498 1.3450751304626465 -0.8172847628593445 62 90 32
-12.018030166625977 2.6248865127563477 -0.8830661773681641 101 111 86
-10.91362476348877 1.9708740711212158 -0.9047618508338928 103 118 85
-10.102723121643066 1.4471187591552734 -0.9286245703697205 97 124 71
-9.520916938781738 1.0108752250671387 -0.9656136631965637 111 144 99
-8.72669506072998 1.9098483324050903 -0.9723532199859619 59 103 28
-8.148286819458008 1.4764795303344727 -0.9820233583450317 100 131 100
-7.877890110015869 1.1322214603424072 -1.0205388069152832 97 114 82
-7.306760311126709 0.7796581983566284 -1.0149468183517456 88 121 66
-7.059158802032471 1.5502002239227295 -1.0552607774734497 93 136 65
-6.804328441619873 1.235774040222168 -1.0770248174667358 105 152 84
-6.482806205749512 0.9343743324279785 -1.0846641063690186 102 132 82
-6.264670372009277 0.6689057350158691 -1.108188509941101 107 138 79
-5.770765781402588 1.2746597528457642 -1.0870089530944824 75 118 39
-5.68889856338501 1.0363739728927612 -1.120030164718628 97 124 81
-5.387969970703125 0.7791662216186523 -1.1098737716674805 69 127 53
-5.275583744049072 0.5638554692268372 -1.1365569829940796 119 142 90
-4.795495986938477 1.0621370077133179 -1.0936681032180786 36 77 21
-4.708939075469971 0.86158686876297 -1.1139076948165894 99 127 87
-27.84513282775879 6.094340801239014 4.234053611755371 113 158 181
-27.542078018188477 6.040102958679199 3.1408329010009766 74 92 52
-28.38434600830078 6.232085704803467 2.165174722671509 125 155 157
-32.417030334472656 7.153689384460449 0.04403415694832802 115 121 93
-29.852861404418945 5.453934192657471 -0.2500026226043701 84 112 51
-24.341777801513672 3.541712760925293 -0.4388091564178467 74 107 62
-19.892528533935547 2.160109043121338 -0.549129068851471 89 122 69
-18.61581039428711 4.114894390106201 -0.6717672944068909 98 140 54
-15.655779838562012 2.8667097091674805 -0.7121673822402954 78 106 48
-14.333625793457031 2.092942237854004 -0.7873024344444275 81 95 69
-12.722318649291992 1.3877943754196167 -0.819521427154541 70 97 46
-11.9992094039917 2.6593711376190186 -0.8822786211967468 99 124 56
-10.912428855895996 2.0052480697631836 -0.9051684737205505 97 121 85
-10.090353012084961 1.4769529104232788 -0.9278997182846069 110 143 86
-9.525683403015137 1.0409449338912964 -0.9664164781570435 80 105 48
-8.710119247436523 1.9342418909072876 -0.9711629748344421 66 109 55
-8.142741203308105 1.501291036605835 -0.9819055199623108 111 141 107
-7.867509841918945 1.1553764343261719 -1.019648551940918 89 111 65
-7.308272838592529 0.8025038838386536 -1.0154941082000732 85 114 56
-7.061130523681641 1.5733565092086792 -1.056272029876709 72 121 55
-6.775242805480957 1.251975417137146 -1.0730239152908325 115 150 82
-6.480885028839111 0.9544026255607605 -1.0848274230957031 115 156 96
-6.266504764556885 0.6885526180267334 -1.1088814735412598 93 106 78
-5.79465913772583 1.2985951900482178 -1.092254877090454 80 118 67
-5.674108505249023 1.0516754388809204 -1.1177482604980469 114 150 102
-5.430142879486084 0.8022804260253906 -1.1190627813339233 86 118 71
-5.246614456176758 0.5770449042320251 -1.1306920051574707 93 127 53
-4.8350701332092285 1.0864744186401367 -1.103448510169983 65 102 51
-4.732126712799072 0.8808419704437256 -1.1200268268585205 65 90 51
-29.90397071838379 5.4847307205200195 5.350437641143799 98 149 192
-26.510160446166992 5.887447357177734 4.033789157867432 101 130 136
-31.32271385192871 5.764724254608154 4.41258430480957 109 157 205
-27.71259307861328 6.166667938232422 3.1624202728271484 72 88 52
-39.00248336791992 5.7567338943481445 2.1752126216888428 113 136 118
-33.44493103027344 7.48820161819458 0.045461419969797134 111 124 94
-29.985424041748047 5.57327127456665 -0.25125476717948914 81 109 58
-24.393102645874023 3.625636339187622 -0.43993282318115234 79 114 50
-20.15602684020996 2.251310110092163 -0.5565909147262573 104 133 75
-18.494855880737305 4.147712707519531 -0.6678586006164551 99 132 53
-16.02305793762207 2.9847965240478516 -0.7292876243591309 116 120 59
-14.277756690979004 2.129542112350464 -0.7845889329910278 90 101 67
-12.745769500732422 1.4299346208572388 -0.8213107585906982 69 95 50
-11.960826873779297 2.6893885135650635 -0.8800589442253113 87 115 56
-10.863117218017578 2.0306591987609863 -0.9015906453132629 98 130 83
-10.099563598632812 1.5099643468856812 -0.9291682839393616 97 124 81
-9.525411605834961 1.070497751235962 -0.966717541217804 88 112 62
-8.764273643493652 1.974501609802246 -0.977871835231781 84 123 70
-8.117600440979004 1.5224214792251587 -0.9794325232505798 109 143 93
-7.880603790283203 1.1820093393325806 -1.0218106508255005 117 137 100
-7.295932769775391 0.8238101005554199 -1.014125943183899 85 124 59
-7.068817615509033 1.5978485345840454 -1.058150291442871 87 131 56
-6.750005722045898 1.2687400579452515 -1.0696383714675903 116 153 57
-6.489633560180664 0.9760419726371765 -1.0867879390716553 113 148 84
-6.26142692565918 0.7074429988861084 -1.1083617210388184 73 83 59
-5.687072277069092 1.2928214073181152 -1.0727180242538452 97 136 81
-5.591744899749756 1.0541644096374512 -1.102155327796936 123 142 97
-5.43250036239624 0.8196670413017273 -1.1200616359710693 94 123 75
-5.282712459564209 0.5974239110946655 -1.138861060142517 78 102 52
-4.8488450050354 1.1052076816558838 -1.1073607206344604 79 123 60
-4.7466278076171875 0.8986168503761292 -1.1241061687469482 118 151 106
-31.268857955932617 5.8540496826171875 4.407506465911865 115 151 175
-28.429359436035156 6.417766571044922 3.246445894241333 99 122 106
-37.809532165527344 5.679664134979248 3.5152065753936768 128 168 178
-38.67165756225586 5.829187393188477 2.1577494144439697 111 129 113
-42.896583557128906 9.712778091430664 1.6665722131729126 109 125 96
-56.971397399902344 6.523273468017578 0.5204486846923828 112 118 92
-32.82402420043945 7.4550065994262695 0.04464830085635185 121 134 114
-29.285303115844727 5.5361456871032715 -0.24552945792675018 83 115 48
-25.485055923461914 3.8678882122039795 -0.4598381817340851 94 137 58
-20.617767333984375 2.3669497966766357 -0.5695393085479736 104 136 71
-18.44501304626465 4.196010589599609 -0.6665204763412476 101 133 57
-16.347549438476562 3.0971670150756836 -0.7444857954978943 79 113 62
-14.242528915405273 2.168976068496704 -0.7830150723457336 97 114 72
-12.905893325805664 1.4880058765411377 -0.8319190740585327 69 86 44
-11.951547622680664 2.7258493900299072 -0.879987359046936 95 127 62
-10.74619197845459 2.042942762374878 -0.8924023509025574 88 116 58
-10.02695369720459 1.5305730104446411 -0.9229158163070679 116 142 95
-9.499348640441895 1.0970908403396606 -0.9644095301628113 93 120 75
-8.784340858459473 2.0073602199554443 -0.9807934165000916 70 112 40
-8.107039451599121 1.5462026596069336 -0.9787260293960571 108 145 101
-7.8779215812683105 1.2063312530517578 -1.0219379663467407 111 131 106
-7.302227020263672 0.847217321395874 -1.0153573751449585 89 110 71
-7.036876678466797 1.6133363246917725 -1.0541049242019653 90 134 55
-6.674263000488281 1.2757154703140259 -1.058251142501831 106 134 60
-6.511961936950684 0.9998400211334229 -1.0910358428955078 117 146 98
-6.296402931213379 0.7309653162956238 -1.1149446964263916 53 61 46
-5.795207500457764 1.336114764213562 -1.0938830375671387 96 140 63
-5.05046272277832 0.9681757092475891 -0.9960471987724304 71 120 73
-5.434802532196045 0.8370757102966309 -1.1210603713989258 66 92 53
-5.261429309844971 0.6113710403442383 -1.1346718072891235 82 104 58
-4.846382141113281 1.1202982664108276 -1.1075780391693115 74 111 67
-4.732371807098389 0.9109658598899841 -1.1213866472244263 103 145 95
-26.99236297607422 6.162618637084961 5.156462669372559 86 133 179
-28.166826248168945 6.436966896057129 4.291796684265137 93 110 117
-25.227087020874023 5.776268482208252 2.882777690887451 79 113 112
-38.40022277832031 5.88892126083374 3.571786880493164 128 158 168
-29.742996215820312 6.817929267883301 2.2735042572021484 91 117 118
-42.385459899902344 9.733846664428711 1.64786696434021 107 126 106
-29.228899002075195 5.618415355682373 -0.24519993364810944 108 125 70
-25.644001007080078 3.972536325454712 -0.4629238247871399 90 124 40
-21.274555206298828 2.5085031986236572 -0.5878920555114746 98 126 75
-18.22365951538086 4.204499244689941 -0.6589847803115845 83 117 43
-16.422332763671875 3.163557529449463 -0.7483300566673279 81 117 69
-14.172659873962402 2.2028462886810303 -0.7795417308807373 83 111 63
-12.916133880615234 1.5293537378311157 -0.8328776359558105 87 104 60
-11.941184043884277 2.7620537281036377 -0.8798441290855408 86 114 55
-10.668437004089355 2.062094211578369 -0.8864665627479553 93 134 68
-9.973994255065918 1.553816556930542 -0.9184756875038147 111 133 84
-9.48210620880127 1.1245887279510498 -0.9630047082901001 106 123 78
-8.854650497436523 2.0520312786102295 -0.9893418550491333 95 126 59
-7.989171028137207 1.5491392612457275 -0.9650655388832092 102 144 72
-7.878102779388428 1.231107234954834 -1.022446632385254 102 120 62
-7.32123327255249 0.8721942901611328 -1.0183674097061157 113 143 93
-6.9846673011779785 1.6239373683929443 -1.0470255613327026 73 101 52
-6.604361534118652 1.2833690643310547 -1.047787070274353 96 135 70
-6.533230781555176 1.0236315727233887 -1.0951203107833862 106 134 76
-6.287284851074219 0.749462902545929 -1.113732099533081 94 107 87
-5.802573204040527 1.3565746545791626 -1.0960537195205688 99 141 59
-5.393409729003906 1.0510838031768799 -1.0643138885498047 92 123 56
-5.43220853805542 0.8537454605102539 -1.1210603713989258 77 115 74
-5.261470317840576 0.6277416348457336 -1.135090708732605 120 149 93
-4.843872547149658 1.135384202003479 -1.1077953577041626 68 111 22
-4.618675708770752 0.9037834405899048 -1.0950970649719238 81 110 62
-27.163923263549805 6.289531230926514 5.192898273468018 99 143 188
-27.418458938598633 6.354516983032227 4.180717945098877 112 142 144
-31.798337936401367 6.155362606048584 4.4873785972595215 113 141 162
-27.956708908081055 6.491602420806885 3.196960687637329 95 126 120
-38.51971435546875 6.028259754180908 3.5846047401428223 123 152 166
-38.72577667236328 6.09929084777832 0.7328893542289734 105 108 89
-29.228208541870117 5.711321830749512 -0.2453399896621704 100 130 78
-25.51910972595215 4.033398151397705 -0.460890531539917 122 145 54
-21.284624099731445 2.575922727584839 -0.5883858799934387 106 128 89
-17.97615623474121 4.205523490905762 -0.6504983305931091 85 126 56
-16.500783920288086 3.23120379447937 -0.7523530721664429 92 119 76
-14.155973434448242 2.244753360748291 -0.7789990901947021 79 104 74
-13.061962127685547 1.5872710943222046 -0.8425912261009216 78 100 54
-11.85885238647461 2.7813663482666016 -0.8744024038314819 81 109 51
-10.750080108642578 2.1121082305908203 -0.8937847018241882 100 137 68
-9.96721363067627 1.5840964317321777 -0.9182944893836975 101 135 84
-9.471697807312012 1.1528326272964478 -0.9623023271560669 119 143 91
-8.845409393310547 2.078505039215088 -0.9890171885490417 90 133 61
-7.965868949890137 1.5699939727783203 -0.9628280401229858 96 134 57
-7.877227783203125 1.2557395696640015 -1.022828221321106 85 102 66
-7.416850566864014 0.906671404838562 -1.0320496559143066 129 157 83
-7.044180393218994 1.6605700254440308 -1.0567054748535156 98 129 49
-6.67697286605835 1.318750023841858 -1.0599437952041626 85 124 67
-6.608969688415527 1.0562822818756104 -1.108353853225708 92 126 75
-6.271269798278809 0.767074465751648 -1.1113067865371704 101 135 75
-5.811781883239746 1.377545952796936 -1.0985863208770752 98 139 69
-5.373788356781006 1.0643829107284546 -1.0610812902450562 103 130 79
-5.424726486206055 0.8696317672729492 -1.1200616359710693 85 103 65
-5.237196922302246 0.6411478519439697 -1.1302731037139893 39 64 45
-4.838467597961426 1.1497883796691895 -1.1073607206344604 78 107 61
-4.6454949378967285 0.9238382577896118 -1.1021227836608887 61 94 47
-27.60104751586914 6.4861249923706055 4.211573600769043 114 143 149
-28.272676467895508 5.562926292419434 3.99222731590271 93 125 148
-27.76639747619629 6.537255764007568 3.177476406097412 112 171 185
-30.627628326416016 6.042389869689941 3.1649513244628906 125 161 187
-36.87064743041992 5.886127948760986 3.4328083992004395 116 143 154
-38.746368408203125 6.224414348602295 0.7336369752883911 118 131 113
-29.071273803710938 5.773306846618652 -0.2441702038049698 94 123 67
-25.483911514282227 4.108010768890381 -0.460480272769928 90 133 44
-20.916521072387695 2.5965092182159424 -0.5784276723861694 105 121 85
-17.794944763183594 4.220752716064453 -0.6444064378738403 79 123 26
-16.57015609741211 3.2976062297821045 -0.7559738159179688 102 132 78
-14.17169189453125 2.2918388843536377 -0.7802472710609436 67 82 61
-13.042177200317383 1.625485897064209 -0.8416326642036438 77 93 64
-12.031723976135254 2.8608829975128174 -0.8877919316291809 79 105 57
-10.725956916809082 2.141566514968872 -0.8923211097717285 77 108 41
-9.999663352966309 1.6207226514816284 -0.9217379093170166 97 135 86
-9.470090866088867 1.182132363319397 -0.9625030159950256 96 108 86
-8.818682670593262 2.100794792175293 -0.9867448806762695 75 107 57
-8.015542030334473 1.6053462028503418 -0.9694226980209351 74 101 60
-7.880191326141357 1.2810148000717163 -1.0237184762954712 98 123 93
-7.397325038909912 0.9273270964622498 -1.0297236442565918 95 122 67
-7.134331703186035 1.7049429416656494 -1.0710088014602661 82 127 62
-6.677739143371582 1.3402005434036255 -1.0607131719589233 92 117 59
-6.6154351234436035 1.078140139579773 -1.1099876165390015 97 134 91
-6.2512969970703125 0.7841045260429382 -1.108188509941101 81 98 56
-5.869687080383301 1.4103045463562012 -1.110344648361206 104 127 83
-5.520639896392822 1.1110820770263672 -1.0907458066940308 75 120 61
-5.438471794128418 0.8889575600624084 -1.123457431793213 95 118 46
-5.167291164398193 0.6486865878105164 -1.1156104803085327 108 150 84
-4.869079113006592 1.172856092453003 -1.115185022354126 67 109 35
-4.632136821746826 0.9359641671180725 -1.0996297597885132 73 118 53
-19.374324798583984 4.611361026763916 3.709108591079712 95 136 158
-28.26323127746582 6.73330020904541 4.315745830535889 114 141 158
-28.222793579101562 6.736160755157471 3.2320542335510254 112 144 141
-30.73771095275879 6.162139892578125 3.1782655715942383 117 158 180
-27.781797409057617 6.63808012008667 2.128173589706421 114 134 133
-32.03976821899414 6.447021484375 0.9231653809547424 92 114 93
-28.520666122436523 6.846729278564453 0.03890610113739967 98 110 86
-29.146543502807617 5.881258964538574 -0.24495279788970947 100 124 64
-26.843557357788086 4.4117231369018555 -0.48529061675071716 90 129 50
-21.968505859375 2.795562744140625 -0.6077536940574646 108 127 95
-17.60117530822754 4.23187255859375 -0.637856662273407 68 120 38
-16.51296043395996 3.338923454284668 -0.7538281679153442 92 126 66
-14.143903732299805 2.331895351409912 -0.7791075706481934 75 98 69
-13.025249481201172 1.6639735698699951 -0.8408658504486084 79 97 59
-12.046162605285645 2.9033915996551514 -0.8895103931427002 80 105 66
-10.764267921447754 2.1835777759552 -0.8960614204406738 84 128 65
-10.115498542785645 1.671362042427063 -0.9328835010528564 110 150 80
-9.466419219970703 1.2111806869506836 -0.9625030159950256 107 119 97
-8.844085693359375 2.13554048538208 -0.9903157353401184 110 138 90
-8.110808372497559 1.6503238677978516 -0.981552243232727 100 151 76
-7.882094860076904 1.3061577081680298 -1.0244815349578857 134 148 113
-7.454378604888916 0.9577174782752991 -1.0380698442459106 92 128 67
-7.1838836669921875 1.7401005029678345 -1.0792438983917236 113 150 81
-6.668755531311035 1.3596943616867065 -1.0599437952041626 79 115 51
-6.607230186462402 1.0976226329803467 -1.1091707944869995 101 133 94
-6.2361626625061035 0.8016471266746521 -1.1059364080429077 95 118 64
-5.878710746765137 1.4315636157989502 -1.1128771305084229 112 121 76
-5.4623799324035645 1.1168047189712524 -1.0799068212509155 96 139 57
-5.460848331451416 0.9098251461982727 -1.1286512613296509 85 120 54
-4.9645233154296875 0.6387087106704712 -1.072251319885254 82 110 69
-4.901491641998291 1.1965854167938232 -1.1234440803527832 52 84 34
-4.632105827331543 0.9507583975791931 -1.1003096103668213 83 112 64
-29.10607147216797 7.0220770835876465 5.576296329498291 96 145 162
-27.4581298828125 5.560410499572754 4.930306434631348 90 150 200
-30.41628646850586 6.178796768188477 4.300187110900879 105 166 213
-28.347858428955078 6.85800313949585 3.2487707138061523 100 121 102
-28.38770866394043 5.78167200088501 2.93709659576416 110 145 167
-28.01136016845703 6.783842086791992 2.1473429203033447 86 99 82
-31.575214385986328 6.454400539398193 0.9103463888168335 88 101 81
-25.130807876586914 6.114556789398193 0.03430729731917381 103 110 94
-28.652278900146484 5.873064994812012 -0.24094919860363007 112 129 75
-26.3950252532959 4.421215534210205 -0.4774248003959656 93 140 70
-21.932071685791016 2.8593294620513916 -0.6069855690002441 103 126 82
-17.47450828552246 4.258170127868652 -0.6337367296218872 62 100 25
-16.346067428588867 3.357409715652466 -0.7466760873794556 95 125 75
-14.099263191223145 2.368989944458008 -0.7770453095436096 108 129 86
-13.077474594116211 1.7114373445510864 -0.8445723056793213 76 90 64
-12.134093284606934 2.964003562927246 -0.8966705799102783 99 123 73
-10.66282844543457 2.1970810890197754 -0.8881741166114807 82 121 58
-10.098539352416992 1.7004039287567139 -0.9317961931228638 105 136 69
-9.460685729980469 1.2399590015411377 -0.9623023271560669 103 115 95
-8.895430564880371 2.176841974258423 -0.9968082308769226 95 106 89
-8.125157356262207 1.6792194843292236 -0.9839075207710266 82 110 69
-7.880984783172607 1.3308290243148804 -1.0248631238937378 100 105 83
-7.469083786010742 0.9829091429710388 -1.0405325889587402 78 117 54
-7.191004276275635 1.765198826789856 -1.0811221599578857 83 121 62
-6.556186199188232 1.3577059507369995 -1.0427089929580688 88 118 58
-6.590213298797607 1.115582823753357 -1.1068834066390991 87 104 59
-6.206333637237549 0.8171757459640503 -1.101085901260376 99 130 60
-5.901981830596924 1.4564257860183716 -1.118123173713684 82 113 53
-5.486804008483887 1.1393462419509888 -1.0854214429855347 94 134 71
-5.465759754180908 0.9278865456581116 -1.1302495002746582 95 116 85
-5.1331610679626465 0.6764200925827026 -1.109117031097412 110 134 98
-4.933803558349609 1.2205246686935425 -1.1317030191421509 106 124 98
-4.607236862182617 0.9603936672210693 -1.0950970649719238 82 107 67
-27.364500045776367 6.69081449508667 5.246544361114502 101 116 121
-28.785690307617188 5.921240329742432 5.171916484832764 103 136 179
-28.010969161987305 6.855099201202393 4.283568382263184 80 89 86
-27.848878860473633 6.82779598236084 3.1939713954925537 101 136 138
-28.388347625732422 5.872566223144531 2.9390130043029785 113 150 176
-28.250940322875977 6.933689117431641 2.1673295497894287 95 114 108
-31.525903701782227 6.5451459884643555 0.9094993472099304 106 126 98
-28.60475730895996 5.954827785491943 -0.2407020777463913 80 113 56
-26.178302764892578 4.46752405166626 -0.4737504720687866 84 129 34
-21.949949264526367 2.9301741123199463 -0.6077262759208679 90 120 70
-17.004379272460938 4.198917388916016 -0.6171512007713318 61 104 32
-16.3337345123291 3.407135248184204 -0.7465867400169373 92 130 69
-14.014176368713379 2.3989250659942627 -0.772757887840271 77 97 69
-13.110738754272461 1.7567193508148193 -0.8470646142959595 96 114 76
-12.176257133483887 3.013918161392212 -0.9004654288291931 101 123 76
-10.648234367370605 2.2281508445739746 -0.8875237107276917 90 128 71
-10.144314765930176 1.7401330471038818 -0.936508059501648 104 136 87
-9.449934959411621 1.2680518627166748 -0.9615999460220337 103 124 85
-8.878095626831055 2.201490640640259 -0.9956178665161133 102 115 87
-8.143292427062988 1.7090344429016113 -0.9867338538169861 79 113 53
-7.88566255569458 1.356514573097229 -1.0260077714920044 108 125 93
-7.4797773361206055 1.0076708793640137 -1.0424481630325317 112 133 94
-7.193236827850342 1.7891628742218018 -1.0822778940200806 74 92 44
-6.316056251525879 1.3281993865966797 -1.0051616430282593 74 114 44
-6.599398612976074 1.1379754543304443 -1.1090072393417358 112 152 90
-6.199892997741699 0.8356863856315613 -1.1003928184509277 126 135 92
-5.926109790802002 1.4816827774047852 -1.1235500574111938 90 111 54
-5.442936420440674 1.1476669311523438 -1.077434778213501 95 134 69
-5.465784072875977 0.9451517462730408 -1.1308486461639404 85 114 68
-5.1242780685424805 0.6912501454353333 -1.1076507568359375 99 122 78
-4.944238185882568 1.2392151355743408 -1.1349631547927856 72 113 57
-4.596645832061768 0.9729105234146118 -1.093284010887146 93 123 69
-19.381637573242188 4.8020124435424805 3.7188124656677246 87 132 165
-27.68834686279297 6.866246223449707 4.237432956695557 59 82 96
-30.408824920654297 6.371811866760254 4.30457878112793 105 161 186
-27.049419403076172 6.719831466674805 3.1046319007873535 91 109 113
-28.6009521484375 6.008106708526611 2.9629180431365967 96 122 123
-28.183082580566406 7.008776664733887 2.1637632846832275 90 119 127
-35.97761154174805 6.233450412750244 0.682609498500824 105 119 96
-28.636247634887695 6.053104400634766 -0.24112218618392944 97 128 71
-25.937908172607422 4.50843620300293 -0.469648152589798 121 155 68
-21.915103912353516 2.993983507156372 -0.6070129871368408 80 115 59
-16.871198654174805 4.220989227294922 -0.6127846837043762 70 107 38
-16.61542320251465 3.5191218852996826 -0.759952187538147 90 106 69
-14.177912712097168 2.4717488288879395 -0.7822010517120361 71 95 59
-13.14186954498291 1.8019500970840454 -0.8494291305541992 91 104 76
-12.165019035339355 3.0507750511169434 -0.9003222584724426 107 116 87
-10.771988868713379 2.2885637283325195 -0.8984194993972778 81 109 61
-10.144814491271973 1.7722755670547485 -0.9370518326759338 91 116 77
-9.405586242675781 1.2914886474609375 -0.9574858546257019 101 127 92
-8.871299743652344 2.228717803955078 -0.9956178665161133 113 131 89
-8.141895294189453 1.7348374128341675 -0.987204909324646 75 103 44
-7.889279842376709 1.3820704221725464 -1.0270253419876099 125 142 106
-7.488426685333252 1.0322370529174805 -1.0440900325775146 124 145 104
-7.19155216217041 1.8121901750564575 -1.0828558206558228 108 148 77
-6.560294151306152 1.4005903005599976 -1.0447094440460205 100 141 75
-6.584216117858887 1.1561692953109741 -1.1070468425750732 83 108 76
-6.200226783752441 0.8551071286201477 -1.1009125709533691 84 127 55
-5.940604209899902 1.5046864748001099 -1.12716805934906 77 97 60
-5.0150675773620605 1.0735294818878174 -0.9933850169181824 81 129 53
-5.449348449707031 0.9595372080802917 -1.128051996231079 103 140 71
-5.042705535888672 0.6960051655769348 -1.0904747247695923 69 120 53
-4.970687389373779 1.262064814567566 -1.1419181823730469 110 118 71
-4.567928791046143 0.9814839363098145 -1.0871648788452148 86 126 53
-19.490772247314453 4.8925676345825195 3.74261474609375 124 164 190
-27.998119354248047 7.034313678741455 4.288123607635498 66 75 80
-27.40070343017578 6.896420478820801 3.147364377975464 91 109 97
-28.250411987304688 7.1176228523254395 2.1705987453460693 85 99 125
-29.641653060913086 7.48079776763916 1.1583914756774902 50 56 18
-31.51154136657715 6.744110584259033 0.9102617502212524 73 93 68
-29.37485122680664 7.434190273284912 0.04019275680184364 113 123 96
-28.77104377746582 6.173870086669922 -0.24241554737091064 95 119 45
-25.721139907836914 4.552097320556641 -0.4659738838672638 87 131 34
-21.91472625732422 3.0624494552612305 -0.6072598695755005 93 126 69
-16.617921829223633 4.211838245391846 -0.6040517687797546 72 102 32
-16.566457748413086 3.5618906021118164 -0.7582088112831116 96 112 86
-14.081778526306152 2.499528169631958 -0.777316689491272 62 88 53
-13.132326126098633 1.8417060375213623 -0.8491735458374023 93 113 86
-12.150768280029297 3.0868542194366455 -0.8999642729759216 107 129 82
-10.903265953063965 2.351438045501709 -0.9099658727645874 84 123 66
-10.137369155883789 1.8030422925949097 -0.9368705749511719 103 134 75
-9.352315902709961 1.3134199380874634 -0.9524686336517334 86 113 70
-8.83262825012207 2.247833013534546 -0.9920470118522644 114 135 92
-8.15400505065918 1.7635867595672607 -0.9893245697021484 83 122 75
-7.891838073730469 1.407486915588379 -1.027915596961975 105 124 92
-7.489147663116455 1.0557594299316406 -1.0446372032165527 112 129 85
-7.1907525062561035 1.8354687690734863 -1.0835782289505005 92 126 65
-6.658327579498291 1.4428926706314087 -1.0610209703445435 65 104 57
-6.55053186416626 1.1709821224212646 -1.1019821166992188 115 146 102
-6.210252285003662 0.8759132623672485 -1.1031646728515625 108 150 64
-5.946438789367676 1.5255932807922363 -1.1291577816009521 86 103 71
-5.415645122528076 1.1766653060913086 -1.073441505432129 60 99 34
-5.465668678283691 0.9797086715698242 -1.1320472955703735 109 137 99
-5.238063335418701 0.7393521666526794 -1.133205533027649 90 126 62
-4.958284378051758 1.275120735168457 -1.139962077140808 115 162 82
-4.592493057250977 1.0015116930007935 -1.093737244606018 88 125 55
-18.601972579956055 4.730175018310547 3.5747177600860596 94 137 179
-19.533159255981445 4.971316337585449 2.9939725399017334 102 149 157
-28.199378967285156 6.089709281921387 3.99703049659729 115 164 196
-25.115291595458984 6.403208255767822 2.8870949745178223 104 118 103
-27.62909507751465 5.981193542480469 2.8659865856170654 84 109 106
-27.996540069580078 7.14507532119751 2.152766704559326 107 128 113
-28.55553436279297 7.2999491691589355 1.1168161630630493 92 110 94
-31.393993377685547 6.819746971130371 0.9074663519859314 92 117 96
-28.63411521911621 7.340272903442383 0.03920985758304596 98 100 79
-28.150096893310547 6.131023406982422 -0.2373410165309906 95 130 64
-25.388235092163086 4.573554039001465 -0.4601948857307434 89 128 35
-21.53017807006836 3.0760838985443115 -0.5968627333641052 73 112 59
-16.251604080200195 4.172098159790039 -0.5911988615989685 74 106 23
-16.593517303466797 3.6210060119628906 -0.759952187538147 90 106 77
-14.096644401550293 2.546801805496216 -0.7785648703575134 64 102 41
-13.123650550842285 1.8815617561340332 -0.8489817976951599 78 88 79
-12.075554847717285 3.1072158813476562 -0.8950953483581543 112 141 87
-10.939813613891602 2.3944671154022217 -0.9136248826980591 91 124 53
-9.886799812316895 1.7897849082946777 -0.9142168164253235 107 129 91
-9.341347694396973 1.3411165475845337 -0.9517661929130554 84 116 69
-8.817026138305664 2.2726874351501465 -0.9910731315612793 111 132 89
-8.165045738220215 1.792214035987854 -0.9913265705108643 80 118 45
-7.881626605987549 1.4306291341781616 -1.027152419090271 107 134 93
-7.479010105133057 1.0777418613433838 -1.0436794757843018 101 126 87
-7.184129238128662 1.8572733402252197 -1.083433747291565 90 110 75
-6.662554740905762 1.4652233123779297 -1.0624059438705444 71 104 51
-6.486729145050049 1.1801249980926514 -1.0918526649475098 95 129 78
-6.245553016662598 0.9004430174827576 -1.109920859336853 126 163 93
-5.9388747215271 1.5430876016616821 -1.128615140914917 88 113 84
-5.412968158721924 1.1934860944747925 -1.0736316442489624 60 104 25
-5.45299768447876 0.994714081287384 -1.1300495862960815 107 135 87
-5.210607528686523 0.7517883777618408 -1.1277594566345215 93 127 76
-4.964738845825195 1.2930325269699097 -1.142352819442749 36 47 31
-4.6474080085754395 1.0284335613250732 -1.1075618267059326 71 116 25
-18.88916778564453 4.864950656890869 3.632758617401123 98 140 180
-27.16755485534668 5.936788558959961 4.893908977508545 111 130 147
-19.49291229248047 5.0248003005981445 2.990152597427368 94 115 134
-25.000263214111328 6.455630779266357 2.8761353492736816 58 70 58
-27.599925994873047 6.063582420349121 2.8648769855499268 96 112 109
-23.86627197265625 6.169029712677002 1.836620569229126 106 132 131
-27.771930694580078 6.110517501831055 1.844868540763855 95 105 94
-28.730350494384766 7.43861722946167 1.1245405673980713 79 85 59
-31.345590591430664 6.91000509262085 0.9066757559776306 105 121 94
-28.445558547973633 6.2868452072143555 -0.239993616938591 102 130 69
-25.226566314697266 4.624380588531494 -0.45751944184303284 89 132 50
-21.134876251220703 3.0857996940612793 -0.5861637592315674 90 120 60
-17.239805221557617 4.4822096824646 -0.6276448369026184 72 115 43
-16.7266845703125 3.703861951828003 -0.7665677666664124 92 115 73
-14.221343994140625 2.614410877227783 -0.7858914136886597 47 88 46
-13.07634449005127 1.9157400131225586 -0.8462978005409241 67 72 65
-11.875821113586426 3.0946993827819824 -0.8809897899627686 107 136 82
-10.928524017333984 2.427154541015625 -0.9132996201515198 83 116 63
-9.909664154052734 1.8253403902053833 -0.9168446063995361 104 120 84
-9.348017692565918 1.3713575601577759 -0.9528699517250061 102 122 87
-8.815783500671387 2.3012332916259766 -0.9917223453521729 104 116 92
-8.196341514587402 1.8254588842391968 -0.995801568031311 83 125 61
-7.8732991218566895 1.4540823698043823 -1.0266437530517578 111 124 98
-7.468808174133301 1.0996719598770142 -1.0427217483520508 89 115 68
-7.180312156677246 1.879806399345398 -1.083722710609436 113 121 97
-6.52494478225708 1.455960988998413 -1.0411701202392578 93 139 64
-6.521881580352783 1.2072030305862427 -1.0983878374099731 86 121 63
-6.2602996826171875 0.9221833944320679 -1.1130390167236328 98 119 78
-5.92365026473999 1.5585477352142334 -1.1266252994537354 106 122 86
-5.405448913574219 1.2092299461364746 -1.0728709697723389 81 118 74
-5.347800254821777 0.9924867749214172 -1.1088749170303345 108 138 86
-5.223754405975342 0.7700523734092712 -1.1311109066009521 86 107 66
-4.990007400512695 1.315974235534668 -1.1490904092788696 112 138 103
-4.597665309906006 1.0322321653366089 -1.0964568853378296 83 125 51
-19.156784057617188 5.000882148742676 2.9409313201904297 113 156 172
-26.992477416992188 6.002656936645508 3.831110954284668 114 161 187
-28.71489143371582 7.508876800537109 3.3061165809631348 64 83 87
-27.760841369628906 6.18827486038208 2.8835370540618896 84 101 91
-28.449974060058594 7.447028636932373 2.191105604171753 21 24 41
-30.108013153076172 7.893950939178467 1.1794062852859497 120 137 101
-42.64003372192383 9.537086486816406 1.234209656715393 111 130 102
-29.872894287109375 7.8534836769104 0.040971387177705765 91 103 79
-28.138294219970703 6.30954122543335 -0.23756344616413116 94 120 49
-24.855470657348633 4.635216236114502 -0.45104488730430603 99 134 42
-20.86330795288086 3.11155104637146 -0.5788940191268921 100 135 71
-17.152523040771484 4.515742301940918 -0.6249685883522034 95 123 65
-16.772750854492188 3.768080711364746 -0.7692050933837891 87 117 79
-14.439985275268555 2.700429677963257 -0.7984278798103333 68 100 59
-12.90854263305664 1.9316275119781494 -0.835817277431488 53 65 51
-11.836373329162598 3.123230457305908 -0.878770112991333 110 147 77
-10.930749893188477 2.462862253189087 -0.9141127467155457 92 129 75
-9.83452033996582 1.84271240234375 -0.91041100025177 111 118 100
-9.347702026367188 1.4006201028823853 -0.9532713294029236 111 137 89
-8.809643745422363 2.3285231590270996 -0.991830587387085 111 118 102
-8.28950309753418 1.8729190826416016 -1.0078133344650269 73 117 54
-7.850279331207275 1.4747509956359863 -1.024227261543274 77 97 48
-7.531031608581543 1.132449984550476 -1.0518888235092163 115 137 98
-7.186944961547852 1.9051225185394287 -1.0856009721755981 106 121 88
-6.708370208740234 1.5185108184814453 -1.0711772441864014 84 118 57
-6.427011489868164 1.2100474834442139 -1.0830302238464355 95 131 67
-6.26036262512207 0.9418249726295471 -1.1135587692260742 109 137 88
-5.952103614807129 1.5855748653411865 -1.1329567432403564 86 101 80
-5.44862699508667 1.236453890800476 -1.0821887254714966 65 110 27
-5.2195611000061035 0.9852616190910339 -1.0829060077667236 99 118 90
-5.245540142059326 0.7897142171859741 -1.1363475322723389 113 156 100
-4.993490695953369 1.3332916498184204 -1.1508291959762573 95 111 75
-4.631513595581055 1.0547674894332886 -1.1052955389022827 89 134 49
-18.124801635742188 4.790926456451416 2.784745693206787 107 130 112
-27.743072509765625 6.258961200714111 3.940351724624634 113 138 134
-27.718482971191406 7.339245796203613 3.1939713954925537 70 86 76
-27.77374839782715 6.280656337738037 2.8868658542633057 86 113 120
-38.470436096191406 5.803234100341797 3.199312686920166 135 166 186
-23.809654235839844 6.310499668121338 1.835208773612976 93 101 104
-28.609846115112305 6.479176998138428 1.9031356573104858 106 126 127
-38.73979568481445 5.864614009857178 1.7888009548187256 103 118 97
-32.3300666809082 7.335328102111816 0.9364361763000488 98 112 87
-29.669883728027344 7.89750862121582 0.04072599112987518 84 84 58
-28.12952995300293 6.39827823638916 -0.23765406012535095 71 86 53
-24.382383346557617 4.624442100524902 -0.44271528720855713 95 139 52
-20.776578903198242 3.163806200027466 -0.5767542123794556 89 123 49
-17.09803009033203 4.557533264160156 -0.6234896183013916 57 102 35
-16.589683532714844 3.780456066131592 -0.7613378763198853 93 118 79
-14.609182357788086 2.7784860134124756 -0.8082508444786072 53 78 46
-12.647049903869629 1.9321857690811157 -0.8192658424377441 92 103 69
-11.8093900680542 3.154895067214966 -0.87748122215271 99 131 66
-10.930915832519531 2.498162269592285 -0.914763331413269 88 116 67
-9.585227012634277 1.8264590501785278 -0.8878477215766907 107 126 94
-9.345329284667969 1.4295928478240967 -0.9534720778465271 123 141 103
-8.82646656036377 2.361964464187622 -0.9945357441902161 111 124 104
-8.38244915008545 1.920967936515808 -1.0198252201080322 85 123 62
-7.825258255004883 1.4949198961257935 -1.0215563774108887 104 121 76
-7.542208671569824 1.1578041315078735 -1.053941249847412 115 127 103
-7.164819717407227 1.9228025674819946 -1.0831447839736938 106 125 95
-6.707531929016113 1.5399689674377441 -1.071792721748352 100 136 66
-6.425207138061523 1.230130672454834 -1.0833570957183838 86 123 71
-6.259390830993652 0.9613260626792908 -1.1139053106307983 70 75 45
-5.954807758331299 1.6058768033981323 -1.1344038248062134 92 105 98
-5.597886085510254 1.2883963584899902 -1.1126140356063843 57 97 44
-5.166475296020508 0.9916658401489258 -1.0725184679031372 101 117 91
-5.245992660522461 0.8062492609024048 -1.1369760036468506 116 154 97
-4.9931464195251465 1.3496239185333252 -1.1516985893249512 107 120 103
-4.641541957855225 1.072040319442749 -1.1084684133529663 63 104 46
-30.71149253845215 7.00799560546875 5.543691158294678 103 144 188
-18.49987030029297 4.950839996337891 2.8446927070617676 100 129 135
-28.29729461669922 6.475293159484863 4.0218706130981445 101 145 148
-27.695837020874023 7.424250602722168 3.1939713954925537 88 96 81
-27.638952255249023 6.339367389678955 2.8748626708984375 97 115 119
-38.83168411254883 5.979629993438721 3.230865716934204 120 148 162
-19.03214454650879 5.106813430786133 1.4681669473648071 102 115 106
-28.84562110900879 6.625673294067383 1.9201626777648926 109 138 142
-31.848590850830078 7.3288984298706055 0.9231371283531189 111 127 101
-28.083457946777344 6.478479385375977 -0.2374316304922104 86 119 62
-24.361209869384766 4.697899341583252 -0.4425904452800751 79 125 16
-20.337099075317383 3.1607532501220703 -0.5648208260536194 101 137 67
-16.224267959594727 4.37798547744751 -0.5921143889427185 61 91 17
-16.467044830322266 3.8056905269622803 -0.756242036819458 86 116 64
-14.550591468811035 2.8136253356933594 -0.8054830431938171 64 93 45
-12.86489486694336 2.0058767795562744 -0.8337723612785339 91 112 69
-11.652339935302734 3.151270866394043 -0.866526186466217 115 142 71
-10.914460182189941 2.52966046333313 -0.914031445980072 102 127 59
-9.518960952758789 1.8441139459609985 -0.8822295665740967 99 120 81
-9.348762512207031 1.4594849348068237 -0.9542747735977173 89 113 81
-8.824935913085938 2.390592098236084 -0.9951850771903992 113 133 96
-8.367810249328613 1.9446525573730469 -1.0187652111053467 88 117 73
-7.814792633056641 1.517785668373108 -1.0207931995391846 98 122 86
-7.550364971160889 1.1827775239944458 -1.0555830001831055 101 109 88
-7.164616107940674 1.9463313817977905 -1.0840116739273071 111 123 101
-6.3226470947265625 1.4720386266708374 -1.0110090970993042 96 139 67
-6.364267349243164 1.2387166023254395 -1.0737178325653076 86 120 44
-6.251546859741211 0.979762613773346 -1.1130390167236328 78 120 54
-5.956494331359863 1.6259512901306152 -1.1356701850891113 97 111 96
-5.605380058288574 1.3082420825958252 -1.1148959398269653 76 111 45
-5.314396858215332 1.036973237991333 -1.1038810014724731 80 110 60
-5.249290466308594 0.8232489228248596 -1.138232707977295 101 145 84
-4.966386318206787 1.358754277229309 -1.1464823484420776 105 116 100
-4.606936454772949 1.0789461135864258 -1.100989580154419 37 89 4
-19.878528594970703 5.3807291984558105 3.8354432582855225 97 145 193
-26.965999603271484 6.240418910980225 4.871030330657959 109 144 164
-19.08034896850586 5.168966770172119 2.9363763332366943 98 127 125
-28.75009536743164 6.6717963218688965 4.08911657333374 115 140 134
-19.63990592956543 5.329384803771973 2.266810894012451 99 108 113
-27.980823516845703 6.508204460144043 2.9124855995178223 77 96 103
-23.731027603149414 6.445756912231445 1.8321623802185059 107 126 107
-40.21932601928711 7.8418192863464355 2.260822057723999 118 132 115
-31.50179672241211 7.350931644439697 0.9137346744537354 123 140 104
-38.9664306640625 6.166730880737305 0.3580591678619385 110 121 107
-19.818958282470703 5.405834674835205 0.027249259874224663 102 110 97
-28.02742576599121 6.556180477142334 -0.23712684214115143 99 123 73
-24.088634490966797 4.722031593322754 -0.43789947032928467 86 131 28
-20.27300453186035 3.214521646499634 -0.5633119940757751 92 125 70
-16.531795501708984 4.515426158905029 -0.6038404703140259 84 123 32
-16.21018409729004 3.798753023147583 -0.7449774742126465 81 106 64
-14.527193069458008 2.8553638458251953 -0.8046690225601196 66 94 46
-12.899087905883789 2.0517637729644775 -0.8363924026489258 89 118 60
-11.752290725708008 3.217026472091675 -0.8746888041496277 107 148 78
-10.896946907043457 2.5608537197113037 -0.9132183790206909 89 116 47
-9.511303901672363 1.8729242086410522 -0.8820483684539795 94 130 66
-9.346206665039062 1.488472580909729 -0.954475462436676 78 104 69
-8.827147483825684 2.4202842712402344 -0.9962671399116516 106 116 91
-8.356972694396973 1.9691768884658813 -1.018176555633545 93 107 48
-7.80815315246582 1.5413697957992554 -1.0205388069152832 60 89 31
-7.55256986618042 1.2068740129470825 -1.0564039945602417 112 121 104
-7.1538405418396 1.9669913053512573 -1.0832892656326294 104 112 101
-6.722959518432617 1.5869988203048706 -1.075793743133545 53 88 20
-6.103000164031982 1.2073092460632324 -1.0302592515945435 83 120 53
-6.256291389465332 1.0001811981201172 -1.1144249439239502 81 106 64
-5.925882339477539 1.6371465921401978 -1.1307859420776367 94 100 88
-5.591785907745361 1.3231722116470337 -1.1129943132400513 123 155 82
-5.31407356262207 1.0538445711135864 -1.1044801473617554 73 105 42
-5.284395694732666 0.8453736305236816 -1.1464017629623413 75 108 65
-4.957490921020508 1.3726823329925537 -1.1453957557678223 105 115 90
-4.663305282592773 1.1072502136230469 -1.1152673959732056 81 116 62
-18.815166473388672 5.154902458190918 3.633307933807373 99 148 191
-27.642831802368164 6.486462593078613 4.996861934661865 108 128 129
-18.446252822875977 5.057982921600342 2.8411664962768555 108 132 98
-27.327533721923828 6.4300923347473145 3.889573812484741 104 139 141
-30.824785232543945 6.073112487792969 4.047508716583252 105 151 167
-19.614835739135742 5.387244701385498 2.2658145427703857 89 95 107
-27.636329650878906 6.517515659332275 2.878695487976074 99 109 100
-23.709218978881836 6.518003940582275 1.8320139646530151 97 117 90
-31.362367630004883 7.419926643371582 0.9103463888168335 117 134 115
-38.955223083496094 6.2875237464904785 0.3581317663192749 122 125 108
-19.836017608642578 5.475926876068115 0.027295686304569244 94 103 74
-27.973125457763672 6.634060382843018 -0.23683851957321167 98 123 81
-23.89851188659668 4.760945796966553 -0.43470680713653564 89 137 35
-20.15351104736328 3.2589902877807617 -0.56026691198349 116 151 69
-16.517864227294922 4.5661234855651855 -0.6038404703140259 77 113 13
-16.182903289794922 3.8447728157043457 -0.7442623376846313 65 91 54
-14.500740051269531 2.8963987827301025 -0.8036921620368958 89 115 78
-13.08383846282959 2.1223270893096924 -0.8487900495529175 101 137 67
-11.741403579711914 3.252800464630127 -0.8746171593666077 98 139 69
-10.868678092956543 2.5894222259521484 -0.9115108251571655 84 118 58
-9.505513191223145 1.9020956754684448 -0.8820483684539795 85 114 60
-9.33570384979248 1.5161824226379395 -0.9538734555244446 100 133 88
-8.831175804138184 2.4505438804626465 -0.9975656270980835 101 122 83
-8.322881698608398 1.9881155490875244 -1.0147613286972046 99 135 74
-7.849095344543457 1.574486255645752 -1.0265165567398071 79 116 72
-7.5527424812316895 1.230676531791687 -1.0569512844085693 103 110 94
-7.1449127197265625 1.9881339073181152 -1.0828558206558228 108 116 105
-6.818959712982178 1.6317623853683472 -1.0919513702392578 130 164 69
-6.341071605682373 1.2746329307556152 -1.0711036920547485 65 105 32
-6.291103839874268 1.0255504846572876 -1.1211811304092407 80 94 58
-5.898098945617676 1.6489636898040771 -1.1264443397521973 120 127 93
-5.6096577644348145 1.3455883264541626 -1.1173679828643799 99 141 75
-4.982311725616455 1.003948450088501 -1.0361618995666504 66 102 38
-5.285637378692627 0.8622116446495056 -1.1472396850585938 89 117 68
-4.964534759521484 1.391045331954956 -1.1480036973953247 96 104 80
-4.659886360168457 1.1215518712997437 -1.1152673959732056 81 99 41
-17.81591033935547 4.93994140625 3.4432568550109863 87 122 154
-27.622802734375 6.571239471435547 4.996861934661865 86 111 116
-19.142635345458984 5.312129497528076 2.9509224891662598 126 140 125
-27.654541015625 6.596641540527344 3.938979148864746 88 117 113
-18.927928924560547 5.2610883712768555 2.1883203983306885 103 117 102
-27.717805862426758 6.626561641693115 2.8892862796783447 95 121 118
-19.091449737548828 5.319822788238525 0.7509684562683105 104 114 89
-19.1738338470459 5.356485366821289 0.026406964287161827 110 113 92
-28.0916748046875 6.7532734870910645 -0.2380165308713913 87 111 59
-23.922990798950195 4.842176914215088 -0.4354202449321747 81 123 23
-20.00632095336914 3.298203706741333 -0.5564537048339844 111 134 78
-16.42100715637207 4.593624114990234 -0.6008121371269226 68 108 19
-16.003007888793945 3.8539388179779053 -0.7365291118621826 67 94 63
-14.588665008544922 2.9605329036712646 -0.8090649247169495 78 107 51
-13.130433082580566 2.1712496280670166 -0.8522409200668335 77 106 50
-11.644933700561523 3.264575481414795 -0.8681730628013611 87 118 61
-10.856806755065918 2.6218185424804688 -0.9111855030059814 89 135 63
-9.838278770446777 2.0000948905944824 -0.9134918451309204 79 116 47
-9.332971572875977 1.5451418161392212 -0.9540740847587585 123 134 102
-8.81978702545166 2.476550817489624 -0.9971327781677246 112 134 87
-8.307090759277344 2.011303663253784 -1.013583779335022 97 128 71
-7.904486179351807 1.6108394861221313 -1.0344021320343018 86 114 66
-7.565544128417969 1.2566015720367432 -1.0592772960662842 113 117 102
-7.135922431945801 2.0092403888702393 -1.0824224948883057 108 113 93
-6.82544469833374 1.6554697751998901 -1.093798041343689 92 121 63
-6.316832065582275 1.2899359464645386 -1.067672848701477 112 143 84
-6.29278564453125 1.0456537008285522 -1.1220473051071167 93 120 79
-5.8721923828125 1.6611614227294922 -1.122464656829834 82 89 47
-5.629352569580078 1.3685903549194336 -1.1221219301223755 101 121 60
-5.163516521453857 1.0569566488265991 -1.07451593875885 83 115 66
-5.276215553283691 0.877301037311554 -1.1457734107971191 108 148 88
-4.969634532928467 1.4089322090148926 -1.150177240371704 94 101 83
-4.660208702087402 1.1367661952972412 -1.1161739826202393 89 118 60
-17.860301971435547 5.011308670043945 3.45479154586792 82 126 163
-27.157310485839844 6.548599720001221 4.916267395019531 86 118 143
-28.356767654418945 5.747219085693359 4.807520866394043 104 155 184
-18.389156341552734 5.163851261138916 2.8371994495391846 102 114 104
-28.816486358642578 6.967316150665283 4.107506275177002 81 98 106
-18.724180221557617 5.266391754150391 2.1666221618652344 87 104 96
-28.192407608032227 6.8315300941467285 2.940929412841797 74 95 90
-28.738122940063477 8.090506553649902 2.2243919372558594 92 115 107
-19.452056884765625 5.484673023223877 0.7658113837242126 60 64 49
-36.02315139770508 7.38613748550415 0.6874505877494812 109 124 101
-19.32571029663086 5.462887287139893 0.026639092713594437 107 115 91
-25.3349552154541 6.172834396362305 -0.21481871604919434 90 107 65
-23.720966339111328 4.877089500427246 -0.43201351165771484 93 134 38
-20.501827239990234 3.444533109664917 -0.5705268979072571 105 120 79
-16.25201988220215 4.600160121917725 -0.5951427817344666 57 86 20
-15.938699722290039 3.890225648880005 -0.7341152429580688 74 107 60
-14.470959663391113 2.9829001426696777 -0.8030409216880798 71 92 51
-13.144375801086426 2.215005397796631 -0.8535829186439514 91 118 73
-11.78455638885498 3.342747449874878 -0.8793429136276245 86 120 69
-10.839999198913574 2.652981996536255 -0.910453736782074 90 119 75
-9.87988567352295 2.04013729095459 -0.9179319739341736 77 106 60
-9.330148696899414 1.5740987062454224 -0.9542747735977173 107 116 87
-8.812148094177246 2.5035979747772217 -0.9971327781677246 89 118 74
-8.274842262268066 2.030390739440918 -1.0104042291641235 99 135 63
-7.9033918380737305 1.6358866691589355 -1.034910798072815 88 112 62
-7.570443630218506 1.2812941074371338 -1.0605086088180542 101 114 97
-7.133530616760254 2.03220796585083 -1.0830003023147583 100 110 86
-6.866390705108643 1.6877228021621704 -1.101184368133545 63 80 36
-6.375635623931885 1.3223326206207275 -1.0782923698425293 71 110 57
-6.2876057624816895 1.0646259784698486 -1.1217008829116821 78 104 59
-5.863286018371582 1.678086757659912 -1.1217410564422607 84 102 54
-5.637519359588623 1.388907551765442 -1.12459397315979 89 127 78
-5.14873743057251 1.0703998804092407 -1.072118878364563 85 123 36
-5.286032199859619 0.895607590675354 -1.1484965085983276 85 120 62
-4.958721160888672 1.422288417816162 -1.1486557722091675 107 116 97
-4.666154861450195 1.153395414352417 -1.1184403896331787 98 135 84
-19.75320053100586 4.8273773193359375 3.578571081161499 87 129 171
-18.07541275024414 5.1356282234191895 2.791210651397705 106 140 126
-26.943937301635742 6.602127552032471 3.8434619903564453 92 110 112
-30.637432098388672 6.329668998718262 4.030386924743652 91 120 150
-19.013824462890625 5.410860061645508 2.2020480632781982 97 114 104
-25.351961135864258 6.225646018981934 2.646604537963867 93 115 112
-18.413524627685547 5.244894027709961 1.4264848232269287 106 132 129
-27.28898048400879 6.710407733917236 1.823180079460144 120 140 128
-19.201629638671875 5.477711200714111 0.7566102743148804 49 63 40
-19.44826889038086 5.5620222091674805 0.026831427589058876 108 111 92
-28.438034057617188 7.021391868591309 -0.2413116693496704 108 119 87
-23.77538299560547 4.964351654052734 -0.4332799017429352 78 120 20
-20.649795532226562 3.5345680713653564 -0.5749436020851135 103 125 78
-16.18979263305664 4.636242866516113 -0.5933821201324463 58 95 17
-15.780254364013672 3.9028890132904053 -0.7273655533790588 67 111 52
-14.422646522521973 3.0190987586975098 -0.8008700609207153 65 92 47
-13.132599830627441 2.254477024078369 -0.8532633781433105 86 114 73
-11.804924964904785 3.387690782546997 -0.8816341757774353 99 132 77
-10.848254203796387 2.690304756164551 -0.9118360280990601 103 130 87
-9.871630668640137 2.0700299739837646 -0.9177507758140564 89 131 59
-9.32625675201416 1.6028844118118286 -0.954375147819519 105 120 91
-8.809203147888184 2.531994581222534 -0.9976738095283508 91 114 62
-8.327360153198242 2.0703835487365723 -1.017587661743164 110 135 69
-7.888629913330078 1.6580861806869507 -1.0336390733718872 87 110 68
-7.566476821899414 1.304513931274414 -1.0605086088180542 102 126 68
-7.120606899261475 2.0521655082702637 -1.081989049911499 111 112 96
-6.861180782318115 1.7087806463241577 -1.101184368133545 98 121 69
-6.385064125061035 1.3447329998016357 -1.0805796384811401 84 114 78
-6.297897815704346 1.0862547159194946 -1.1241261959075928 74 94 67
-5.8628339767456055 1.6974347829818726 -1.122645616531372 79 100 61
-5.619895935058594 1.4028677940368652 -1.1219316720962524 100 123 79
-5.212539196014404 1.1003577709197998 -1.0861021280288696 106 146 93
-5.272660255432129 0.9099913239479065 -1.1461923122406006 138 163 123
-4.958083629608154 1.4385827779769897 -1.1495251655578613 105 111 97
-4.663538932800293 1.1679421663284302 -1.1186670064926147 82 111 57
-18.741985321044922 5.382962703704834 3.631659984588623 78 112 149
-19.591073989868164 4.851498603820801 3.551879405975342 95 138 180
-19.23457908630371 5.528803825378418 2.9728150367736816 102 123 124
-28.01084327697754 6.954718112945557 3.9986772537231445 106 152 165
-18.27510643005371 5.261300563812256 2.118354320526123 112 130 104
-25.348190307617188 6.307239532470703 2.6482183933258057 77 88 71
-18.244028091430664 5.257180690765381 1.4145967960357666 90 108 94
-27.252771377563477 6.7902374267578125 1.8221441507339478 61 85 51
-19.536130905151367 5.638006687164307 0.7704687714576721 70 90 78
-19.900850296020508 5.75756311416626 0.02748006209731102 89 99 91
-28.050642013549805 7.017117977142334 -0.23820599913597107 96 112 76
-23.647558212280273 5.013422966003418 -0.43122872710227966 83 126 19
-22.001779556274414 3.835498571395874 -0.6129111051559448 112 130 88
-16.042064666748047 4.647237300872803 -0.5884873867034912 86 121 29
-15.755607604980469 3.948127031326294 -0.7267844080924988 76 104 46
-14.41917610168457 3.064578056335449 -0.8011956810951233 91 117 69
-13.121689796447754 2.294069290161133 -0.8530077934265137 94 116 77
-11.784896850585938 3.4211108684539795 -0.8809181451797485 102 132 68
-10.910514831542969 2.7413036823272705 -0.9177718162536621 98 110 86
-10.016213417053223 2.1324493885040283 -0.9317961931228638 96 140 77
-9.310513496398926 1.6296024322509766 -0.9532713294029236 102 121 76
-8.813803672790527 2.562617301940918 -0.9990805387496948 77 104 59
-8.324820518493652 2.0968918800354004 -1.0180587768554688 92 121 54
-7.859254360198975 1.677105188369751 -1.0304592847824097 78 118 30
-7.561463356018066 1.3275500535964966 -1.0603718757629395 82 86 72
-7.102877616882324 2.070678472518921 -1.0802552700042725 97 106 79
-6.853990077972412 1.7293390035629272 -1.1008765697479248 114 149 47
-6.385732173919678 1.365347146987915 -1.0813965797424316 99 123 71
-6.338187217712402 1.1132382154464722 -1.1319217681884766 80 106 81
-5.868925094604492 1.7187306880950928 -1.1248162984848022 103 115 93
-5.578445911407471 1.4107156991958618 -1.1145155429840088 101 126 71
-5.041472911834717 1.080412745475769 -1.0511438846588135 66 97 55
-5.2476935386657715 0.9222705364227295 -1.1413747072219849 75 108 53
-4.9461541175842285 1.4515882730484009 -1.1477863788604736 108 120 100
-4.686367511749268 1.188950538635254 -1.125012755393982 76 111 29
-29.07410430908203 6.155283451080322 6.069533348083496 83 141 204
-18.925521850585938 5.498585224151611 3.670475721359253 89 133 170
-27.91358757019043 7.003429889678955 5.064630508422852 66 88 99
-19.093101501464844 5.551609992980957 2.9535672664642334 98 115 99
-28.25162124633789 7.106588840484619 4.0361433029174805 109 137 138
-18.254108428955078 5.315953731536865 2.1178009510040283 102 115 95
-25.304603576660156 6.378897190093994 2.6456966400146484 103 116 86
-19.880273818969727 5.794795036315918 1.542838454246521 99 110 93
-27.926515579223633 7.0491719245910645 1.8686285018920898 86 99 82
-18.29570198059082 5.340885639190674 0.722191333770752 114 134 109
-28.631189346313477 7.239272117614746 0.8341947793960571 115 134 104
-32.388484954833984 6.952118873596191 0.6192830801010132 101 114 96
-19.19111442565918 5.616090297698975 0.026523690670728683 99 105 77
-27.982454299926758 7.0913519859313965 -0.23781058192253113 82 105 63
-23.59589958190918 5.078165531158447 -0.43056875467300415 73 115 5
-22.143449783325195 3.9302330017089844 -0.6171906590461731 106 136 86
-15.95388412475586 4.674793243408203 -0.5857759714126587 107 123 48
-15.710498809814453 3.988088607788086 -0.7252646088600159 72 95 49
-14.436059951782227 3.1144869327545166 -0.8026610016822815 69 96 45
-13.102799415588379 2.332216739654541 -0.8522409200668335 86 110 74
-11.794443130493164 3.463151454925537 -0.8824217915534973 115 156 80
-10.965802192687988 2.7909889221191406 -0.923138439655304 95 121 76
-10.020331382751465 2.165482521057129 -0.9327929019927979 102 126 74
-9.276084899902344 1.6529227495193481 -0.9502609968185425 89 114 75
-8.800177574157715 2.5879626274108887 -0.9984312653541565 66 90 58
-8.342403411865234 2.1285598278045654 -1.0210027694702148 97 122 65
-7.826929092407227 1.6953299045562744 -1.0268981456756592 105 147 75
-7.526150226593018 1.3451647758483887 -1.0559935569763184 106 115 94
-7.091745853424072 2.0910606384277344 -1.0795328617095947 85 101 72
-6.821847438812256 1.7435078620910645 -1.0965678691864014 89 126 59
-6.373800277709961 1.3832579851150513 -1.0800895690917969 97 126 68
-6.321168899536133 1.1302512884140015 -1.129496455192566 107 138 68
-5.866453170776367 1.7375659942626953 -1.125359058380127 99 108 79
-5.677755832672119 1.4543774127960205 -1.1352428197860718 98 137 56
-5.167391300201416 1.1239901781082153 -1.0781117677688599 68 116 30
-5.243876934051514 0.938193678855896 -1.1411652565002441 113 147 97
-4.947291851043701 1.468422532081604 -1.1490904092788696 90 96 86
-4.713827610015869 1.2113220691680908 -1.1324917078018188 68 90 43
-19.299997329711914 5.671651840209961 3.746459722518921 96 134 143
-19.420623779296875 4.935953617095947 3.5264012813568115 109 127 131
-18.833045959472656 5.53871488571167 2.9159531593322754 88 111 129
-19.45266342163086 4.956749439239502 2.7812469005584717 86 102 91
-27.361398696899414 5.915931224822998 3.606431722640991 122 160 173
-18.75824546813965 5.525254726409912 2.178246259689331 84 97 69
-27.02873420715332 6.901784896850586 2.8281619548797607 86 106 37
-28.551286697387695 6.190939426422119 2.686004400253296 114 145 148
-18.39508056640625 5.423169136047363 1.4288623332977295 76 96 71
-29.423601150512695 7.5231614112854 1.970337152481079 88 107 79
-18.318523406982422 5.408592700958252 0.7237437963485718 116 126 99
-28.57689094543457 7.3188934326171875 0.8332630395889282 100 113 96
-34.25986099243164 6.178752422332764 0.31595751643180847 108 117 86
-18.46805763244629 5.466061592102051 0.02554742433130741 85 102 84
-27.94022560119629 7.1719465255737305 -0.23763759434223175 88 109 68
-23.531370162963867 5.139864921569824 -0.42967694997787476 78 125 19
-22.072267532348633 3.9874870777130127 -0.6155446767807007 99 135 73
-16.080322265625 4.765460014343262 -0.5909523963928223 67 110 31
-15.204750061035156 3.9093971252441406 -0.7024673819541931 77 111 37
-14.418633460998535 3.157052755355835 -0.8022268414497375 73 95 49
-13.071033477783203 2.36795711517334 -0.8506433367729187 77 114 62
-11.49978256225586 3.4149889945983887 -0.8611560463905334 86 135 54
-10.945606231689453 2.8216328620910645 -0.9221627116203308 99 116 80
-10.03601360321045 2.2011213302612305 -0.9348770380020142 105 133 92
-9.205379486083984 1.669477939605713 -0.9435380101203918 100 121 88
-8.797913551330566 2.6166493892669678 -0.9990805387496948 83 111 63
-8.372368812561035 2.1635854244232178 -1.0254777669906616 96 125 67
-7.802316665649414 1.7150758504867554 -1.0243544578552246 86 123 79
-7.44109582901001 1.3535341024398804 -1.0446372032165527 105 113 92
-6.993317604064941 2.0853800773620605 -1.0655186176300049 92 101 48
-6.850902080535889 1.773342490196228 -1.1021076440811157 100 110 76
-6.262580871582031 1.3792526721954346 -1.0619546175003052 86 130 77
-6.30604362487793 1.1475231647491455 -1.1274176836013794 80 120 34
-5.860152721405029 1.755273699760437 -1.1251780986785889 112 107 87
-5.692273139953613 1.4767203330993652 -1.1390459537506104 74 97 68
-5.162005424499512 1.1394157409667969 -1.0777121782302856 59 97 46
-5.2380876541137695 0.9537517428398132 -1.1405367851257324 107 126 96
-4.939024448394775 1.4824713468551636 -1.1482211351394653 113 127 104
-4.705376148223877 1.2245516777038574 -1.1313585042953491 99 125 88
-19.276851654052734 5.729156017303467 3.745361089706421 101 140 179
-19.322410583496094 4.974151134490967 3.511322259902954 108 127 134
-27.614774703979492 6.039251804351807 4.69688081741333 105 140 159
-19.01222038269043 5.65484094619751 2.9463677406311035 98 128 130
-19.098796844482422 4.929028511047363 2.732802152633667 116 132 129
-27.543651580810547 6.043849468231201 3.632880687713623 111 134 124
-18.658340454101562 5.558093547821045 2.1686148643493652 80 95 72
-19.853675842285156 5.1345672607421875 2.079035520553589 110 122 108
-30.478195190429688 6.706729888916016 2.8692033290863037 99 108 103
-18.605804443359375 5.547393798828125 1.4465458393096924 97 104 88
-29.440954208374023 7.623902797698975 1.9730563163757324 94 100 72
-18.28652572631836 5.460193634033203 0.7231380343437195 110 123 103
-29.573165893554688 7.6708083152771 0.8629951477050781 57 66 39
-18.066083908081055 5.407424449920654 0.02501419372856617 68 68 60
-24.29465103149414 6.315677165985107 -0.20679502189159393 87 96 79
-23.621889114379883 5.235616683959961 -0.43162110447883606 82 126 28
-22.387319564819336 4.115367889404297 -0.6246799230575562 76 116 54
-15.990954399108887 4.792392730712891 -0.5882056951522827 62 92 30
-15.160780906677246 3.947719097137451 -0.7009922862052917 88 113 47
-14.333824157714844 3.184598207473755 -0.7980480194091797 82 111 63
-12.782038688659668 2.3561272621154785 -0.832302451133728 84 112 71
-11.499759674072266 3.453409194946289 -0.8619436025619507 80 125 44
-10.941720008850098 2.856459140777588 -0.9225692749023438 103 135 85
-10.041851043701172 2.234713315963745 -0.936055064201355 107 134 79
-9.17673110961914 1.6933785676956177 -0.941129744052887 96 125 97
-8.786988258361816 2.6427698135375977 -0.998755931854248 97 134 83
-8.35416316986084 2.186244487762451 -1.024064540863037 100 133 78
-7.756357192993164 1.729936122894287 -1.0190125703811646 99 131 81
-7.285930156707764 1.3484150171279907 -1.0234298706054688 93 103 92
-6.966992378234863 2.1008262634277344 -1.062484622001648 88 130 44
-6.8511643409729 1.7958556413650513 -1.1030309200286865 85 93 82
-6.21595573425293 1.3889929056167603 -1.0547659397125244 77 132 65
-6.221146106719971 1.1518034934997559 -1.1128658056259155 80 107 56
-5.838738441467285 1.768397569656372 -1.1221028566360474 99 102 81
-5.694362640380859 1.4959231615066528 -1.1403770446777344 89 103 70
-5.176651954650879 1.1593157052993774 -1.0815075635910034 68 106 57
-4.915933132171631 0.9106844663619995 -1.07099449634552 114 135 92
-4.926046371459961 1.495065689086914 -1.1462650299072266 118 136 112
-4.7675251960754395 1.2563552856445312 -1.147222876548767 123 159 113
-19.246944427490234 5.784591197967529 3.742980718612671 86 100 101
-18.149150848388672 4.731537818908691 3.300736427307129 103 128 132
-17.98124885559082 5.408297538757324 2.789153575897217 101 135 160
-19.292505264282227 5.042201995849609 2.7627198696136475 105 124 105
-29.359527587890625 6.536777973175049 3.8750133514404297 108 126 140
-31.0408935546875 5.7379255294799805 3.760756731033325 102 158 191
-18.196796417236328 5.481441974639893 2.116915464401245 77 96 100
-27.148256301879883 6.061358451843262 2.5574629306793213 106 122 119
-22.746782302856445 6.858102321624756 1.7701220512390137 85 98 88
-28.46664047241211 7.4648637771606445 1.9092860221862793 96 110 95
-17.757892608642578 5.361740589141846 0.7028804421424866 88 99 85
-30.044498443603516 7.8915205001831055 0.8774518966674805 97 117 80
-32.36800765991211 7.25998592376709 0.6201428771018982 70 67 48
-18.214988708496094 5.512939453125 0.025243667885661125 73 72 51
-28.22641372680664 7.4303083419799805 -0.24045492708683014 127 149 113
-23.662294387817383 5.3207855224609375 -0.4326556324958801 75 116 10
-22.62220001220703 4.230334758758545 -0.6315930485725403 84 125 59
-15.519002914428711 4.702887535095215 -0.5713736414909363 87 117 21
-15.05489730834961 3.9695072174072266 -0.696656346321106 80 117 39
-14.465229034423828 3.2603940963745117 -0.8059172034263611 71 109 60
-12.742382049560547 2.389261484146118 -0.8301935791969299 92 123 79
-11.461433410644531 3.48026967048645 -0.8598672151565552 88 125 56
-10.832691192626953 2.8635237216949463 -0.9141127467155457 98 131 78
-10.063118934631348 2.2718708515167236 -0.9386828541755676 107 135 76
-8.960270881652832 1.6818773746490479 -0.9194552898406982 119 140 83
-8.784544944763184 2.6714508533477783 -0.9994050860404968 99 124 85
-8.356056213378906 2.21415376663208 -1.0251245498657227 81 114 71
-7.727795600891113 1.7484710216522217 -1.0159600973129272 91 120 64
-7.365479469299316 1.386521577835083 -1.0351965427398682 99 121 82
-6.9747114181518555 2.1265194416046143 -1.0646517276763916 110 151 85
-6.848487854003906 1.8176268339157104 -1.1034926176071167 95 108 82
-6.313653469085693 1.4311753511428833 -1.0720839500427246 90 119 65
-6.0724029541015625 1.1435441970825195 -1.0868804454803467 65 94 63
-5.829524040222168 1.785150408744812 -1.1213792562484741 90 98 77
-5.675515174865723 1.5096008777618408 -1.1375247240066528 78 100 77
-5.189314365386963 1.178882122039795 -1.084903597831726 71 113 50
-5.157186031341553 0.97175133228302 -1.12419855594635 87 109 63
-4.933567523956299 1.513893961906433 -1.1490904092788696 103 115 95
-4.792821407318115 1.2787595987319946 -1.154248595237732 107 128 97
-29.436124801635742 6.610355854034424 6.161581039428711 98 133 173
-19.034399032592773 5.784441947937012 3.705080270767212 87 110 154
-18.84682846069336 4.975225448608398 3.4303812980651855 81 92 110
-27.065210342407227 6.093312740325928 4.609679698944092 97 140 182
-17.93050193786621 5.453076362609863 2.7838640213012695 87 115 137
-19.402387619018555 5.134563446044922 2.78069806098938 113 134 137
-31.075841903686523 5.843039512634277 3.7671449184417725 112 165 205
-25.373130798339844 7.728163242340088 2.954514980316162 108 127 125
-27.982467651367188 7.420315265655518 2.934978485107422 93 114 99
-27.649124145507812 6.262302875518799 2.6064441204071045 108 121 112
-24.819438934326172 7.566147327423096 1.9332103729248047 113 139 138
-18.03285789489746 5.505186557769775 0.7144290804862976 87 102 79
-18.17982292175293 5.563236713409424 0.02521846629679203 110 118 103
-27.878829956054688 7.430342674255371 -0.23768700659275055 88 93 63
-23.32124900817871 5.319315433502197 -0.4267161190509796 68 110 24
-22.513858795166016 4.2816033363342285 -0.6289320588111877 77 115 38
-15.32964038848877 4.696900367736816 -0.5649296045303345 59 95 23
-15.014657020568848 4.008203983306885 -0.695360004901886 65 101 40
-14.629398345947266 3.344592571258545 -0.815631628036499 63 85 46
-12.702642440795898 2.4221749305725098 -0.8280847072601318 85 123 62
-11.369653701782227 3.4905340671539307 -0.8537810444831848 87 136 54
-10.837334632873535 2.9003520011901855 -0.9152511358261108 109 145 73
-10.07843017578125 2.3078463077545166 -0.9407670497894287 93 120 69
-9.071369171142578 1.7315586805343628 -0.9313963055610657 114 133 88
-8.79056167602539 2.7027711868286133 -1.001028299331665 100 121 80
-8.346346855163574 2.2390074729919434 -1.0247712135314941 108 123 90
-7.72722864151001 1.7732806205749512 -1.0165960788726807 97 130 77
-7.3592448234558105 1.4087395668029785 -1.0349228382110596 96 128 79
-6.921819686889648 2.133625030517578 -1.057572364807129 117 150 69
-6.842879295349121 1.838629126548767 -1.1034926176071167 98 111 85
-6.301541328430176 1.4487701654434204 -1.0707769393920898 98 132 81
-6.092081546783447 1.166614294052124 -1.0910381078720093 121 133 83
-5.800532341003418 1.7957552671432495 -1.1168568134307861 94 103 74
-5.687921047210693 1.531600832939148 -1.1409475803375244 93 113 78
-5.21909236907959 1.2024970054626465 -1.0918952226638794 80 113 70
-5.058145999908447 0.9691680669784546 -1.1032520532608032 122 150 99
-4.927035331726074 1.5284444093704224 -1.1486557722091675 109 116 100
-4.798278331756592 1.2959972620010376 -1.1565148830413818 111 141 89
-28.089744567871094 8.630533218383789 5.472848415374756 75 98 139
-19.877140045166016 5.312494277954102 3.620861530303955 99 130 135
-17.898561477661133 5.5034098625183105 2.7815134525299072 86 107 102
-18.94546127319336 5.075889587402344 2.7174317836761475 93 120 103
-27.243236541748047 6.241285800933838 3.600681781768799 98 122 132
-18.798261642456055 5.788667678833008 2.1909773349761963 104 121 128
-19.49040985107422 5.232467174530029 2.0459516048431396 101 119 107
-27.764684677124023 6.378089427947998 2.6191701889038086 78 91 82
-18.77029037475586 5.785075664520264 1.463411808013916 92 106 83
-30.37563705444336 8.164986610412598 2.0406463146209717 113 135 114
-43.92024612426758 10.112743377685547 2.4866342544555664 97 115 101
-18.00156021118164 5.556064128875732 0.7138611674308777 86 103 87
-17.54075050354004 5.426582336425781 0.024354945868253708 87 87 59
-22.16075897216797 5.97922420501709 -0.18909186124801636 98 102 87
-23.28144073486328 5.385430812835693 -0.42628806829452515 77 120 31
-22.483932495117188 4.347428798675537 -0.6284656524658203 97 133 63
-16.043542861938477 4.9695281982421875 -0.5917975306510925 65 94 36
-14.987823486328125 4.050340175628662 -0.6946895122528076 102 116 39
-14.67548656463623 3.4025399684906006 -0.8187793493270874 85 106 65
-12.731401443481445 2.4681622982025146 -0.8304492831230164 74 105 63
-11.054056167602539 3.4307892322540283 -0.8308684229850769 80 120 47
-10.832233428955078 2.934629201889038 -0.9155763387680054 113 145 96
-10.101373672485352 2.345738649368286 -0.9435760974884033 119 141 95
-8.943922996520996 1.7356877326965332 -0.9188532829284668 91 113 66
-8.785077095031738 2.7306129932403564 -1.0013529062271118 112 120 96
-8.320271492004395 2.2593982219696045 -1.0224158763885498 101 113 93
-7.739141464233398 1.8010258674621582 -1.0188854932785034 64 98 47
-7.343220233917236 1.4290400743484497 -1.0332810878753662 100 122 86
-6.902015209197998 2.1507296562194824 -1.0555496215820312 91 129 78
-6.840066432952881 1.8603919744491577 -1.1039541959762573 89 102 74
-6.203869342803955 1.4463682174682617 -1.0549293756484985 96 127 60
-6.071072101593018 1.1819113492965698 -1.0879199504852295 85 116 56
-5.74431037902832 1.7976807355880737 -1.1070884466171265 89 99 72
-5.663303852081299 1.5436221361160278 -1.1369541883468628 107 117 93
-5.3012518882751465 1.238566517829895 -1.1098737716674805 100 134 73
-4.950533390045166 0.9643038511276245 -1.0804203748703003 93 134 64
-4.9344305992126465 1.5473500490188599 -1.1514812707901 111 117 103
-4.801795482635498 1.3127669095993042 -1.1583279371261597 69 76 43
-17.548965454101562 5.450872421264648 3.422384023666382 96 133 177
-19.010103225708008 5.155768871307373 2.728959560394287 94 133 132
-28.74262809753418 6.677663326263428 3.8015429973602295 93 119 106
-19.379194259643555 6.032711982727051 2.2608327865600586 98 131 124
-19.688364028930664 5.350420951843262 2.0684447288513184 86 97 83
-28.007810592651367 6.524466037750244 2.6439812183380127 102 116 127
-18.35066795349121 5.717452526092529 1.4320571422576904 96 119 103
-19.03546714782715 5.179414749145508 1.2798709869384766 96 109 99
-28.062408447265625 6.552160739898682 1.5899409055709839 103 125 112
-17.80890655517578 5.556501865386963 0.7068940997123718 110 134 102
-30.815181732177734 7.210207462310791 0.5916385054588318 127 144 108
-16.75857925415039 5.240991115570068 0.02329113334417343 133 156 136
-19.98055648803711 5.4567975997924805 -0.1706308275461197 109 124 95
-23.49745750427246 5.5114006996154785 -0.4305509328842163 82 119 39
-22.352787017822266 4.39325475692749 -0.6251737475395203 96 134 77
-15.917588233947754 4.984084606170654 -0.5877127051353455 66 92 19
-15.001343727111816 4.103419780731201 -0.6958964467048645 78 103 45
-14.695112228393555 3.4546315670013428 -0.8204617500305176 70 87 68
-12.878471374511719 2.537693977355957 -0.8405463099479675 96 116 79
-10.862656593322754 3.407957077026367 -0.8172640800476074 94 127 48
-10.839519500732422 2.9723291397094727 -0.9169586896896362 92 126 66
-10.097037315368652 2.3774030208587646 -0.9438479542732239 111 140 82
-8.962959289550781 1.7679325342178345 -0.9213618636131287 78 119 59
-8.770967483520508 2.7557642459869385 -1.0007035732269287 122 128 102
-8.298937797546387 2.280966281890869 -1.0206495523452759 108 127 99
-7.823358535766602 1.8459442853927612 -1.030713677406311 87 125 64
-7.322281360626221 1.4482945203781128 -1.0309550762176514 101 120 88
-6.900103569030762 2.1733808517456055 -1.056272029876709 59 95 21
-6.8333740234375 1.8811060190200806 -1.1038004159927368 91 115 79
-6.214764595031738 1.4690258502960205 -1.057543396949768 56 89 36
-6.031670570373535 1.1934584379196167 -1.0815101861953735 92 129 75
-5.7575225830078125 1.8212279081344604 -1.1107064485549927 82 104 58
-5.656648635864258 1.5604674816131592 -1.1365739107131958 103 116 96
-5.308868885040283 1.2575348615646362 -1.1122709512710571 82 111 55
-4.937000274658203 0.9773984551429749 -1.0781162977218628 81 110 62
-4.91384220123291 1.5574676990509033 -1.1477863788604736 112 115 104
-4.7939910888671875 1.3264535665512085 -1.1574214696884155 100 122 101
-17.579994201660156 5.519704818725586 3.4317216873168945 98 153 192
-18.056474685668945 4.944794654846191 3.294670343399048 94 135 163
-27.701356887817383 6.504978179931641 4.728024005889893 122 144 155
-28.25788116455078 5.563985347747803 4.500760078430176 92 126 164
-19.250694274902344 6.048695087432861 2.997352123260498 75 107 122
-18.95216941833496 5.2025299072265625 2.722921371459961 98 126 114
-19.287595748901367 6.0691680908203125 2.2523083686828613 66 84 68
-18.916906356811523 5.2031474113464355 1.9890636205673218 91 102 96
-18.634567260742188 5.868685722351074 1.4556103944778442 113 140 99
-18.900188446044922 5.204936504364014 1.2718430757522583 101 109 94
-28.06160545349121 6.642823696136475 1.5910426378250122 91 109 111
-40.17692184448242 7.988087177276611 1.8701640367507935 117 129 109
-30.789997100830078 7.304020881652832 0.5915824770927429 94 101 94
-16.694746017456055 5.277310848236084 0.023224812000989914 60 61 53
-19.430727005004883 5.370748996734619 -0.16607528924942017 109 124 103
-21.761646270751953 5.174748420715332 -0.39903417229652405 73 115 31
-22.099037170410156 4.413843154907227 -0.6184526085853577 87 117 53
-15.884119987487793 5.027166366577148 -0.5870437026023865 73 97 47
-14.958837509155273 4.14116096496582 -0.6945106983184814 72 106 29
-14.681529998779297 3.499004602432251 -0.8202989101409912 96 123 82
-13.05654525756836 2.6144211292266846 -0.8526882529258728 89 110 79
-10.951982498168945 3.47292423248291 -0.8247823119163513 97 144 42
-10.815943717956543 3.001572370529175 -0.9157389998435974 88 125 71
-10.089695930480957 2.4083690643310547 -0.9438479542732239 105 131 86
-8.95749282836914 1.7954221963882446 -0.9213618636131287 76 119 47
-8.414739608764648 2.6722326278686523 -0.9609914422035217 104 116 92
-8.293814659118652 2.30694842338562 -1.0208849906921387 105 113 90
-7.887115001678467 1.8865509033203125 -1.039871096611023 95 129 69
-7.293524265289307 1.4658722877502441 -1.0275344848632812 98 126 65
-6.958461761474609 2.2152514457702637 -1.066240906715393 98 118 49
-6.82757043838501 1.9020617008209229 -1.1038004159927368 96 108 88
-6.51052188873291 1.5600414276123047 -1.1086806058883667 69 101 38
-5.695827960968018 1.1451767683029175 -1.0219171047210693 121 146 78
-5.713499546051025 1.8266040086746216 -1.1032896041870117 95 109 86
-5.653725624084473 1.5783424377441406 -1.1369541883468628 87 104 72
-5.313560485839844 1.2758753299713135 -1.1140687465667725 87 124 72
-4.928226470947266 0.9913833141326904 -1.076859474182129 102 141 74
-4.910900115966797 1.5731314420700073 -1.1482211351394653 104 115 99
-4.789898872375488 1.3411550521850586 -1.1574214696884155 108 116 101
-19.210494995117188 5.324235916137695 3.50820255279541 106 147 169
-27.634246826171875 6.578739643096924 4.719992160797119 109 127 129
-28.275554656982422 5.6576313972473145 4.50631856918335 112 137 142
-17.47759437561035 5.550546646118164 2.723917245864868 124 158 157
-18.932302474975586 5.259589672088623 2.722372531890869 91 114 96
-27.69109535217285 6.612704277038574 3.6677632331848145 88 117 112
-18.423120498657227 5.859323978424072 2.1534483432769775 109 149 148
-18.64206886291504 5.189125061035156 1.9618300199508667 106 120 103
-17.77074432373047 5.656622886657715 1.3894833326339722 103 132 110
-23.24540901184082 6.478359699249268 1.5655744075775146 108 119 102
-27.946914672851562 6.706284999847412 1.5856990814208984 102 128 103
-24.640914916992188 7.854369163513184 0.9799734950065613 77 93 80
-30.771331787109375 7.399383544921875 0.5916572213172913 112 110 87
-16.998538970947266 5.430759906768799 0.0236704982817173 130 143 113
-19.30148696899414 5.398820877075195 -0.1651114523410797 100 102 81
-24.090139389038086 5.806589603424072 -0.442055344581604 88 123 55
-21.65630340576172 4.394549369812012 -0.6064369082450867 88 124 50
-15.875285148620605 5.078005790710449 -0.5872901678085327 76 104 63
-15.05668830871582 4.2180256843566895 -0.6996512413024902 81 111 39
-14.634814262390137 3.5353550910949707 -0.8182908892631531 85 103 61
-13.053353309631348 2.6554603576660156 -0.8530077934265137 103 120 88
-10.774102210998535 3.4529316425323486 -0.8121803402900696 92 133 29
-10.766382217407227 3.023423433303833 -0.9123238921165466 103 147 70
-10.067740440368652 2.4357995986938477 -0.9424886703491211 111 132 91
-8.95876693725586 1.8242846727371216 -0.9220642447471619 80 117 40
-8.677221298217773 2.7849225997924805 -0.9919388294219971 97 122 82
-8.282873153686523 2.331306219100952 -1.020413875579834 109 120 104
-7.895748615264893 1.9142447710037231 -1.041778802871704 59 86 17
-7.306463241577148 1.4918086528778076 -1.0299973487854004 69 101 34
-6.954459190368652 2.2374987602233887 -1.0666744709014893 114 119 79
-6.8150458335876465 1.9211227893829346 -1.102723240852356 105 113 98
-6.497076988220215 1.5779125690460205 -1.1072101593017578 103 136 79
-6.162222385406494 1.2586297988891602 -1.1062828302383423 78 128 43
-5.696638107299805 1.8404958248138428 -1.1011189222335815 78 106 48
-5.643187999725342 1.5940791368484497 -1.1358132362365723 97 122 83
-5.321045875549316 1.2949514389038086 -1.1164659261703491 66 111 56
-4.675119400024414 0.9553999304771423 -1.0221890211105347 80 111 67
-4.907907962799072 1.5887916088104248 -1.1486557722091675 104 112 99
-4.785761833190918 1.3558440208435059 -1.1574214696884155 103 115 93
-28.48712730407715 5.763999938964844 5.647443771362305 102 145 190
-27.269596099853516 7.648001194000244 4.9842095375061035 98 139 171
-27.561189651489258 6.65076208114624 4.710977077484131 97 126 132
-28.905794143676758 5.8760247230529785 4.609612464904785 104 137 152
-28.027751922607422 8.99582576751709 4.37246036529541 116 131 134
-18.30674171447754 5.146353244781494 2.6346778869628906 107 108 92
-28.124704360961914 6.807524681091309 3.727944850921631 100 133 142
-18.059701919555664 5.804812431335449 2.1130406856536865 101 132 127
-18.864513397216797 5.313457012176514 1.9869455099105835 80 88 67
-28.109149932861328 6.821419715881348 2.6593620777130127 96 138 116
-17.73811912536621 5.706230163574219 1.3882945775985718 103 115 103
-23.167797088623047 6.5333943367004395 1.5616899728775024 109 117 102
-27.929119110107422 6.79270076751709 1.5858641862869263 93 105 91
-24.747961044311523 7.972212791442871 0.9851988554000854 71 86 67
-30.776655197143555 7.500619411468506 0.5921992659568787 135 142 109
-24.848905563354492 8.022924423217773 0.03463625907897949 94 99 79
-19.224214553833008 5.440855979919434 -0.16459247469902039 103 121 95
-23.647762298583984 5.7767839431762695 -0.43426090478897095 69 113 24
-21.463552474975586 4.424039840698242 -0.6014165878295898 77 112 58
-15.853925704956055 5.124842166900635 -0.587078869342804 73 94 55
-14.899506568908691 4.223333835601807 -0.692946195602417 73 100 57
-14.29898738861084 3.500692367553711 -0.8001102805137634 86 120 85
-13.09010124206543 2.704784393310547 -0.8559474945068359 91 114 68
-10.743531227111816 3.4795162677764893 -0.8106766939163208 77 121 44
-10.74075698852539 3.051809072494507 -0.9109415411949158 106 147 79
-10.066991806030273 2.4683358669281006 -0.9431231021881104 112 135 81
-8.963846206665039 1.8539780378341675 -0.9231681227684021 93 144 67
-8.736721992492676 2.833613157272339 -0.9997297525405884 109 133 81
-8.184950828552246 2.33086895942688 -1.0092265605926514 107 121 98
-7.907177448272705 1.9427194595336914 -1.0440682172775269 63 78 45
-7.287302494049072 1.5112004280090332 -1.0279449224472046 74 116 66
-6.950384616851807 2.25974178314209 -1.0671077966690063 99 129 75
-6.795816898345947 1.9382280111312866 -1.1005688905715942 97 103 89
-6.492205619812012 1.5978379249572754 -1.1072101593017578 86 107 68
-6.157367706298828 1.2773292064666748 -1.106109619140625 65 96 37
-5.643282890319824 1.8423972129821777 -1.0918930768966675 78 102 54
-5.65809440612793 1.617050051689148 -1.1398066282272339 120 137 101
-5.335123538970947 1.3157278299331665 -1.120261311531067 84 95 53
-4.849287509918213 1.0065011978149414 -1.060940146446228 88 122 61
-4.907649040222168 1.6053588390350342 -1.149742603302002 117 126 107
-4.784388065338135 1.371325135231018 -1.1581013202667236 86 104 82
-27.732412338256836 8.988554954528809 5.429455280303955 100 135 163
-17.905977249145508 5.081197738647461 3.275604724884033 100 137 146
-19.912139892578125 4.869672775268555 3.406078577041626 105 121 121
-27.75844383239746 5.731525897979736 4.429427623748779 99 154 193
-28.103519439697266 9.115341186523438 4.388622760772705 76 115 156
-18.212739944458008 5.180272102355957 2.6234242916107178 98 123 94
-27.50832176208496 5.6984052658081055 3.346825122833252 115 154 183
-18.038972854614258 5.8592705726623535 2.112708568572998 95 114 120
-28.687917709350586 8.175436019897461 3.0242443084716797 117 134 116
-29.764846801757812 7.319985389709473 2.8181164264678955 62 70 57
-29.85785675048828 6.206315040588379 2.5077688694000244 121 162 166
-17.778379440307617 5.7794294357299805 1.392826795578003 92 100 76
-18.32274055480957 5.227808952331543 1.2361706495285034 98 110 110
-28.495647430419922 7.023151874542236 1.6192485094070435 114 141 136
-24.685379028320312 8.035728454589844 0.9836843013763428 87 109 86
-28.804134368896484 8.230846405029297 0.8461949825286865 95 114 94
-30.73893928527832 7.591409683227539 0.5919188857078552 99 114 93
-16.035131454467773 5.231613636016846 0.022373231127858162 64 68 53
-19.05169677734375 5.455215930938721 -0.1632579267024994 79 89 55
-23.265974044799805 5.759214401245117 -0.4275722801685333 87 112 46
-21.102540969848633 4.417163848876953 -0.5916778445243835 141 154 64
-15.562631607055664 5.083467483520508 -0.5768669247627258 97 128 97
-14.876876831054688 4.266271114349365 -0.6924991607666016 72 102 40
-14.227123260498047 3.529397964477539 -0.7966912388801575 100 128 80
-13.120809555053711 2.753129005432129 -0.8585036993026733 103 121 81
-10.718585968017578 3.5078067779541016 -0.8096026182174683 89 123 26
-10.695901870727539 3.074558973312378 -0.9079329967498779 105 145 75
-10.041974067687988 2.494887113571167 -0.941491961479187 98 122 70
-8.968826293945312 1.883719563484192 -0.924271821975708 85 118 49
-8.73365592956543 2.8622615337371826 -1.0003790855407715 98 110 74
-8.220702171325684 2.368340015411377 -1.0145258903503418 102 113 79
-7.908879280090332 1.9688860177993774 -1.0450856685638428 85 113 75
-7.327221393585205 1.5429400205612183 -1.0342388153076172 80 111 54
-6.971621513366699 2.2903199195861816 -1.0714421272277832 88 132 71
-6.756610870361328 1.9494808912277222 -1.0951828956604004 70 74 47
-6.506417751312256 1.6225224733352661 -1.1104776859283447 87 115 74
-6.191005706787109 1.3041311502456665 -1.1128658056259155 100 116 69
-5.532062530517578 1.824886441230774 -1.0714517831802368 84 116 51
-5.664424419403076 1.6376733779907227 -1.142088532447815 104 103 82
-5.343419551849365 1.3351774215698242 -1.1228582859039307 80 104 78
-4.97725772857666 1.0490002632141113 -1.0896368026733398 86 113 20
-4.874897003173828 1.6112182140350342 -1.1432222127914429 102 111 90
-4.770804405212402 1.3832846879959106 -1.1558350324630737 96 102 90
-18.936328887939453 5.436410903930664 3.467125415802002 84 109 129
-19.826251983642578 4.913180828094482 3.393949270248413 102 123 128
-27.75716781616211 5.820107936859131 4.432052135467529 99 148 188
-18.777429580688477 5.403210639953613 2.707139015197754 113 132 128
-27.784025192260742 6.905803203582764 3.6883349418640137 117 144 135
-27.480018615722656 5.780523777008057 3.3455235958099365 98 128 136
-17.561038970947266 5.763652324676514 2.0587947368621826 92 107 76
-18.240768432617188 5.258784770965576 1.9246107339859009 81 98 80
-27.97400665283203 6.970651626586914 2.6505730152130127 114 125 108
-23.00649642944336 7.5571160316467285 1.8042256832122803 101 116 97
-18.36989402770996 5.302262306213379 1.2404435873031616 89 102 76
-24.5789737701416 8.084572792053223 0.9804279208183289 90 93 64
-28.777788162231445 8.318900108337402 0.846166729927063 43 52 31
-16.352357864379883 5.390676498413086 0.022838814184069633 84 92 77
-19.198152542114258 5.560936450958252 -0.16465836763381958 102 111 90
-19.962491989135742 5.006523132324219 -0.36714282631874084 77 110 41
-20.895288467407227 4.440739631652832 -0.5862460732460022 82 112 42
-15.354310989379883 5.067605495452881 -0.5697186589241028 67 115 29
-14.535588264465332 4.216703414916992 -0.6772116422653198 60 88 37
-14.170713424682617 3.5615899562835693 -0.7941405177116394 89 115 70
-13.183552742004395 2.808549165725708 -0.8631687760353088 87 116 68
-10.688834190368652 3.534411907196045 -0.8081706166267395 69 112 22
-10.647180557250977 3.095949411392212 -0.9045992493629456 119 149 97
-10.038135528564453 2.526655912399292 -0.9418543577194214 80 115 51
-9.144970893859863 1.9500280618667603 -0.9430362582206726 85 132 52
-8.719170570373535 2.88716721534729 -0.9997297525405884 93 131 82
-8.201956748962402 2.3902156352996826 -1.0131126642227173 83 106 64
-7.926846504211426 1.9992049932479858 -1.0482653379440308 93 122 58
-7.258518695831299 1.5517442226409912 -1.025208592414856 98 126 75
-6.937327861785889 2.3026578426361084 -1.0672523975372314 81 131 60
-6.737318992614746 1.9663251638412476 -1.0930285453796387 126 148 109
-6.503322601318359 1.642959475517273 -1.1108044385910034 111 140 96
-6.174455165863037 1.3204411268234253 -1.1106138229370117 121 152 72
-5.5152411460876465 1.838118314743042 -1.069280982017517 88 127 60
-5.655603885650635 1.6539415121078491 -1.1413278579711914 92 103 89
-5.354496479034424 1.3554116487503052 -1.1260544061660767 91 117 72
-4.943418502807617 1.0577185153961182 -1.0829339027404785 93 131 80
-4.817157745361328 1.6085445880889893 -1.130833625793457 106 125 95
-4.7571916580200195 1.3951737880706787 -1.1535686254501343 109 117 106
-16.907133102416992 5.594763278961182 3.316739082336426 81 146 200
-18.757829666137695 5.447512149810791 3.4374871253967285 84 115 144
-19.798646926879883 4.970860481262207 3.3918182849884033 104 129 134
-27.848379135131836 5.9284844398498535 4.449499607086182 91 136 167
-27.19632339477539 9.00589370727539 4.255505084991455 109 151 176
-18.71701431274414 5.448058605194092 2.7008259296417236 83 105 66
-27.441762924194336 5.860449314117432 3.3430392742156982 108 132 132
-17.533842086791992 5.814373970031738 2.057687759399414 102 120 106
-18.744131088256836 5.466244697570801 1.9794813394546509 84 102 86
-27.97276496887207 7.061560153961182 2.6524956226348877 68 86 70
-22.85164451599121 7.584001541137695 1.7938979864120483 91 108 100
-18.38323402404785 5.367264747619629 1.242450475692749 112 131 111
-28.449113845825195 7.197131156921387 1.619083285331726 89 102 59
-21.979450225830078 7.3043341636657715 0.8776255249977112 89 103 86
-18.27134132385254 5.342556953430176 0.5377202033996582 100 108 95
-16.48280143737793 5.4897990226745605 0.023044414818286896 99 105 79
-18.75396728515625 5.494693756103516 -0.16099251806735992 94 103 84
-23.270896911621094 5.912203311920166 -0.42832139134407043 92 120 46
-20.562040328979492 4.435892581939697 -0.5772754549980164 85 122 42
-15.296976089477539 5.100778102874756 -0.5681692361831665 74 108 48
-14.813035011291504 4.346503734588623 -0.6907559037208557 57 103 41
-14.138432502746582 3.599628448486328 -0.7929465770721436 88 117 73
-13.095865249633789 2.831897497177124 -0.85799241065979 95 119 57
-10.584282875061035 3.5358998775482178 -0.8010820746421814 90 120 30
-10.62424373626709 3.1246626377105713 -0.9034608006477356 108 140 93
-10.028406143188477 2.55694842338562 -0.9416731595993042 94 119 61
-9.175897598266602 1.9860734939575195 -0.9468493461608887 97 135 76
-8.546229362487793 2.859025716781616 -0.9809016585350037 111 137 89
-8.190773963928223 2.4142444133758545 -1.0126415491104126 109 125 89
-7.925480842590332 2.024742364883423 -1.0489013195037842 92 126 75
-7.27405309677124 1.5784170627593994 -1.0280817747116089 97 139 75
-6.992149353027344 2.344693899154663 -1.0767878293991089 95 116 83
-6.707563400268555 1.9799922704696655 -1.0891815423965454 82 104 29
-6.530747413635254 1.6712193489074707 -1.1163593530654907 100 109 78
-6.136688709259033 1.3320658206939697 -1.1045506000518799 92 124 51
-5.508643627166748 1.854716420173645 -1.0691001415252686 83 123 53
-5.645795822143555 1.66989266872406 -1.1403770446777344 98 109 92
-5.379736423492432 1.3793768882751465 -1.132246971130371 114 155 89
-4.868484973907471 1.0573158264160156 -1.0672240257263184 88 120 81
-4.8131256103515625 1.6236279010772705 -1.1310510635375977 111 126 105
-4.750087738037109 1.4089312553405762 -1.1528887748718262 100 121 104
-17.76258659362793 5.938366413116455 3.488114595413208 91 141 174
-18.90545082092285 5.553332328796387 3.4676454067230225 77 93 116
-19.15996551513672 4.873042583465576 3.2849478721618652 114 135 130
-28.39500617980957 6.135975360870361 4.539823532104492 101 155 183
-23.690298080444336 7.925628662109375 3.7106924057006836 109 125 125
-27.477998733520508 5.95639181137085 3.3496642112731934 91 99 110
-19.084165573120117 5.628992557525635 2.017204999923706 103 122 103
-28.05226707458496 7.1732497215271 2.662108898162842 85 104 72
-29.106075286865234 6.330055236816406 2.449416160583496 106 124 128
-22.943620681762695 7.692749977111816 1.8029625415802002 101 120 126
-18.299686431884766 5.403855800628662 1.2379186153411865 89 102 82
-28.85054588317871 7.392936706542969 1.6432124376296997 43 49 39
-18.65932273864746 6.264604091644287 0.7458188533782959 79 96 86
-18.276912689208984 5.4051079750061035 0.5383696556091309 97 101 76
-28.585676193237305 7.339421272277832 0.5517324209213257 97 110 92
-17.17577362060547 5.779201984405518 0.024037925526499748 88 95 79
-18.727434158325195 5.549363136291504 -0.16091014444828033 100 105 82
-23.203266143798828 5.970861911773682 -0.4274117350578308 79 115 15
-20.547359466552734 4.498741626739502 -0.5772480368614197 106 153 21
-15.2518949508667 5.137794017791748 -0.56707763671875 75 100 42
-14.79005241394043 4.389087200164795 -0.6903088688850403 77 117 18
-14.115718841552734 3.639995574951172 -0.7922953367233276 84 117 62
-12.976967811584473 2.847888946533203 -0.8507711291313171 99 130 73
-10.556373596191406 3.5626139640808105 -0.7997931838035583 72 120 18
-10.598367691040039 3.152412176132202 -0.9020785689353943 125 151 86
-9.975194931030273 2.5759997367858887 -0.9374142289161682 69 108 45
-9.17656421661377 2.015709638595581 -0.9475517868995667 95 133 46
-8.648550033569336 2.9227890968322754 -0.9936701655387878 120 142 104
-8.175716400146484 2.4370925426483154 -1.0116995573043823 117 133 97
-7.928833484649658 2.05153226852417 -1.050173044204712 65 100 36
-7.315612316131592 1.6109516620635986 -1.0346492528915405 100 149 58
-6.971802234649658 2.361689805984497 -1.0747650861740112 92 133 77
-6.6721062660217285 1.9917994737625122 -1.0844111442565918 69 104 48
-6.522724628448486 1.690505027770996 -1.115869164466858 106 123 71
-6.115260124206543 1.347072958946228 -1.1014323234558105 94 137 57
-5.487098217010498 1.8662242889404297 -1.066024899482727 79 118 51
-5.640645980834961 1.6872057914733887 -1.1403770446777344 113 118 95
-5.389704704284668 1.3995692729949951 -1.1352434158325195 120 135 106
-4.971211910247803 1.0956071615219116 -1.0904747247695923 76 114 57
-4.805349349975586 1.6374422311782837 -1.1303989887237549 84 102 60
-4.752273082733154 1.4254564046859741 -1.154475212097168 93 91 79
-17.35961151123047 5.862916946411133 3.41249680519104 88 134 184
-19.49820327758789 5.792489051818848 3.57961106300354 91 118 127
-19.767772674560547 5.092249393463135 3.3918182849884033 101 122 117
-17.33310890197754 5.858010292053223 2.7177462577819824 75 92 110
-17.937992095947266 5.340911388397217 2.593094825744629 98 119 120
-27.566272735595703 6.064132213592529 3.3626770973205566 97 121 121
-21.174007415771484 7.165989398956299 2.4899935722351074 104 112 88
-18.725492477416992 5.5857038497924805 1.981095314025879 112 141 136
-25.100542068481445 6.500571250915527 2.3838770389556885 87 108 91
-23.155099868774414 7.8427629470825195 1.8214633464813232 107 126 107
-18.287803649902344 5.461400985717773 1.2382423877716064 88 105 61
-28.38605499267578 7.366790771484375 1.6180366277694702 96 103 85
-18.656103134155273 6.327277183532715 0.7464625835418701 104 126 103
-18.31195831298828 5.476621627807617 0.5398943424224854 91 106 87
-29.597440719604492 7.696059703826904 0.5717135071754456 94 103 82
-16.23482894897461 5.518102645874023 0.022744636982679367 96 110 93
-18.452651977539062 5.52957820892334 -0.15869416296482086 97 105 82
-23.746971130371094 6.188513278961182 -0.4377746284008026 93 119 48
-19.919660568237305 4.425395965576172 -0.5599925518035889 94 137 45
-15.210517883300781 5.175869941711426 -0.5661268830299377 75 110 54
-14.364118576049805 4.310680389404297 -0.6710429787635803 69 108 1
-14.088061332702637 3.6789958477020264 -0.7913727164268494 88 127 74
-12.939920425415039 2.8813979625701904 -0.8489178419113159 92 122 60
-10.544449806213379 3.5946621894836426 -0.7997215986251831 72 115 26
-10.581010818481445 3.1826157569885254 -0.9014280438423157 118 143 77
-9.942193984985352 2.6000399589538574 -0.9350582361221313 95 118 74
-9.213066101074219 2.0533766746520996 -0.9519668817520142 75 107 42
-8.628252983093262 2.9454545974731445 -0.992371678352356 76 104 56
-8.163446426391602 2.460730791091919 -1.0111106634140015 114 129 96
-7.894677639007568 2.0685575008392334 -1.0464847087860107 89 116 61
-7.329970836639404 1.637708067893982 -1.0373857021331787 63 102 49
-6.965460300445557 2.3833882808685303 -1.0749096870422363 89 119 81
-6.6744771003723145 2.014829635620117 -1.0857961177825928 79 117 58
-6.479337692260742 1.700490951538086 -1.109334111213684 72 85 59
-6.113982677459717 1.3664724826812744 -1.101952075958252 99 127 68
-5.402284622192383 1.8558887243270874 -1.05064857006073 90 131 61
-5.626986026763916 1.701945185661316 -1.1386656761169434 109 125 96
-5.392967224121094 1.4180916547775269 -1.1368415355682373 122 147 90
-4.961147785186768 1.109359860420227 -1.0890084505081177 45 86 30
-4.782767295837402 1.6461414098739624 -1.1262694597244263 70 94 46
-4.747877597808838 1.440029501914978 -1.154475212097168 108 114 88
-19.496660232543945 4.319918155670166 3.8802332878112793 73 120 166
-27.98112678527832 9.545890808105469 5.506171226501465 91 147 206
-17.317533493041992 5.202531337738037 3.1821844577789307 97 122 152
-19.435152053833008 5.070199012756348 3.337399482727051 116 138 149
-28.52655792236328 6.347858905792236 4.566997528076172 113 159 182
-17.24484634399414 5.887191295623779 2.706726312637329 104 140 156
-17.92152214050293 5.395919322967529 2.593094825744629 96 107 109
-19.150842666625977 5.010310649871826 2.550248622894287 115 144 139
-27.422521591186523 6.120771884918213 3.347416639328003 107 143 139
-21.207408905029297 7.249884605407715 2.496525287628174 77 110 143
-18.649211883544922 5.6253132820129395 1.974841594696045 103 127 105
-23.546062469482422 6.175134658813477 2.2380318641662598 100 116 90
-22.67200469970703 6.8465118408203125 1.5365055799484253 95 118 100
-27.46136474609375 7.21681022644043 1.5665829181671143 66 78 58
-28.83124351501465 9.876938819885254 1.1547943353652954 106 129 113
-18.532358169555664 5.604536533355713 0.5468968152999878 130 143 125
-30.749404907226562 8.096395492553711 0.5944422483444214 126 149 120
-16.736127853393555 5.745828151702881 0.0234715323895216 114 131 112
-18.05375862121582 5.470461845397949 -0.15540726482868195 98 107 86
-21.27039909362793 5.612857818603516 -0.3924347162246704 84 116 69
-19.575410842895508 4.411980628967285 -0.5506927371025085 73 116 44
-15.186059951782227 5.219587326049805 -0.565809965133667 81 114 83
-14.784830093383789 4.48642635345459 -0.691336989402771 85 125 26
-14.07767391204834 3.7224555015563965 -0.7914270162582397 100 141 65
-12.864827156066895 2.90613055229187 -0.8445723056793213 92 133 54
-10.590900421142578 3.646804094314575 -0.8040893077850342 72 121 16
-10.565475463867188 3.2133231163024902 -0.9009401798248291 100 141 73
-9.911065101623535 2.6244118213653564 -0.9328835010528564 125 136 119
-9.270772933959961 2.096114158630371 -0.9585896134376526 84 127 45
-8.49887752532959 2.9304325580596924 -0.9785210490226746 110 139 93
-8.148259162902832 2.4834482669830322 -1.0101685523986816 73 94 53
-7.890211582183838 2.0932769775390625 -1.046739101409912 107 135 87
-7.332640647888184 1.6619399785995483 -1.038480281829834 69 105 41
-6.946892738342285 2.4008681774139404 -1.0731759071350098 113 152 87
-6.6493635177612305 2.0295281410217285 -1.0827184915542603 84 122 61
-6.494112968444824 1.7256819009780884 -1.1127650737762451 79 110 66
-6.131852626800537 1.3902320861816406 -1.1059364080429077 127 130 83
-5.400282382965088 1.8737435340881348 -1.0513721704483032 86 130 71
-5.617982387542725 1.7180520296096802 -1.1379050016403198 102 105 86
-5.39616584777832 1.4366470575332642 -1.138439655303955 64 67 56
-4.964395999908447 1.126089334487915 -1.0904747247695923 106 141 73
-4.739893436431885 1.6476666927337646 -1.1173584461212158 113 135 73
-4.725744724273682 1.449163556098938 -1.1501691341400146 85 97 73
-19.42010498046875 4.365503311157227 3.8676445484161377 98 151 193
-17.721120834350586 6.106401443481445 3.4908607006073 104 139 179
-17.165794372558594 5.214416027069092 3.157226324081421 95 133 144
-19.347023010253906 5.110653877258301 3.3249425888061523 112 138 135
-23.616350173950195 8.143332481384277 3.7106924057006836 95 113 97
-18.170211791992188 5.531651496887207 2.631521463394165 107 126 107
-19.33000373840332 5.1205973625183105 2.5761866569519043 96 110 110
-24.286121368408203 8.385665893554688 2.8619649410247803 131 162 154
-19.43789291381836 5.928330421447754 2.060274600982666 95 123 127
-28.009119033813477 7.437520980834961 2.6643974781036377 97 114 70
-18.470598220825195 5.639659881591797 1.2529386281967163 88 111 93
-27.5201473236084 7.3225932121276855 1.5712103843688965 105 119 102
-43.405696868896484 9.883119583129883 2.03238844871521 101 118 102
-18.722694396972656 6.4782257080078125 0.7507033944129944 95 106 92
-18.268449783325195 5.585955619812012 0.5396119952201843 92 114 93
-16.409467697143555 5.690016269683838 0.023037780076265335 105 111 99
-18.021591186523438 5.521137714385986 -0.15527544915676117 79 87 63
-21.39893913269043 5.717056751251221 -0.3951280117034912 92 113 72
-19.275283813476562 4.406519889831543 -0.5426273941993713 78 124 36
-14.91789722442627 5.178645610809326 -0.5564079284667969 88 118 66
-14.700322151184082 4.5100812911987305 -0.6880291700363159 83 118 52
-14.060399055480957 3.764078140258789 -0.791101336479187 76 116 43
-12.943398475646973 2.9656450748443604 -0.8503237962722778 94 125 65
-10.471322059631348 3.641602039337158 -0.7958551049232483 74 105 25
-10.554615020751953 3.245429277420044 -0.9008588790893555 107 147 74
-9.903929710388184 2.655064105987549 -0.932974100112915 118 135 90
-9.279814720153809 2.1281046867370605 -0.9601951241493225 95 137 71
-8.527400016784668 2.9695703983306885 -0.9828493595123291 95 134 81
-8.134908676147461 2.506680488586426 -1.0094619989395142 90 126 78
-7.88279390335083 2.1172165870666504 -1.0466119050979614 106 120 95
-7.359365940093994 1.6917520761489868 -1.0429953336715698 92 132 62
-6.927349090576172 2.4179306030273438 -1.0712977647781372 102 140 91
-6.556242942810059 2.0231146812438965 -1.0685611963272095 118 155 86
-6.4744977951049805 1.741753101348877 -1.1103143692016602 86 115 51
-6.128518581390381 1.409258484840393 -1.106109619140625 68 92 44
-5.433491230010986 1.9039627313613892 -1.0589698553085327 60 102 28
-5.607995510101318 1.7338297367095947 -1.1369541883468628 108 112 98
-5.404031753540039 1.4565104246139526 -1.1410365104675293 98 102 87
-5.055257320404053 1.1630184650421143 -1.1112117767333984 67 100 53
-4.714554309844971 1.6550877094268799 -1.112576961517334 80 117 65
-4.714764595031738 1.4616363048553467 -1.1485826969146729 109 118 99
-19.015174865722656 4.335806369781494 3.7896316051483154 98 145 165
-16.14710807800293 5.619502544403076 3.1841793060302734 97 142 183
-17.440628051757812 5.356400966644287 3.210782766342163 90 130 142
-18.913843154907227 5.058353424072266 3.2531490325927734 98 120 131
-27.406490325927734 6.275351047515869 4.393761157989502 112 143 146
-22.41986656188965 7.807807445526123 3.5264434814453125 89 102 95
-19.594993591308594 6.031155586242676 2.840533494949341 111 135 135
-19.6973819732666 5.282641887664795 2.6272964477539062 98 112 99
-24.46204376220703 8.530494689941406 2.8857667446136475 114 145 173
-19.299821853637695 5.950999736785889 2.047565460205078 103 133 141
-28.716068267822266 7.719632625579834 2.733886957168579 132 161 131
-19.135927200317383 6.678396701812744 1.5100722312927246 75 83 70
-18.524723052978516 5.7183756828308105 1.2577942609786987 95 108 99
-27.66337776184082 7.451657772064209 1.5806857347488403 67 77 43
-18.945171356201172 6.620355606079102 0.7604345679283142 102 130 108
-17.999103546142578 5.564037799835205 0.5321577787399292 88 88 54
-16.27490234375 5.699350357055664 0.022873302921652794 98 109 92
-17.9902400970459 5.571963787078857 -0.15515188872814178 96 103 87
-21.00102424621582 5.67983341217041 -0.3881004750728607 64 89 31
-19.23927879333496 4.460442543029785 -0.5419964790344238 80 114 28
-14.860443115234375 5.209840774536133 -0.5548585653305054 89 112 34
-14.58813762664795 4.524677753448486 -0.6834250092506409 79 113 36
-13.954336166381836 3.781601905822754 -0.7857828736305237 88 130 46
-12.976037979125977 3.0150530338287354 -0.8530717492103577 96 129 76
-10.37728500366211 3.644624710083008 -0.7895541191101074 62 121 41
-10.519862174987793 3.2701027393341064 -0.8987447619438171 93 132 65
-9.87747573852539 2.68048095703125 -0.9312524199485779 91 108 63
-9.30812931060791 2.1646783351898193 -0.9638075232505798 93 133 70
-8.422592163085938 2.9620771408081055 -0.9718122482299805 104 143 78
-7.906270503997803 2.462812900543213 -0.9820233583450317 103 131 91
-7.878175258636475 2.141911029815674 -1.0468661785125732 100 115 94
-7.375365257263184 1.719269871711731 -1.0460054874420166 57 97 35
-6.921764850616455 2.4398298263549805 -1.0715866088867188 112 136 86
-6.6216936111450195 2.065582036972046 -1.0802563428878784 87 118 59
-6.502439975738525 1.7706807851791382 -1.116032600402832 110 145 87
-5.994681358337402 1.3978601694107056 -1.0827229022979736 97 120 64
-5.345107078552246 1.8914237022399902 -1.042870044708252 100 128 70
-5.595153331756592 1.7486838102340698 -1.1354329586029053 111 119 96
-5.407100200653076 1.475145936012268 -1.142634630203247 102 111 94
-5.070710182189941 1.1829652786254883 -1.115401029586792 87 125 66
-4.70669412612915 1.6685655117034912 -1.1119248867034912 77 107 37
-4.707469463348389 1.4752203226089478 -1.1479027271270752 104 116 102
-19.005611419677734 4.395008563995361 3.7903947830200195 87 120 151
-16.152978897094727 5.677164077758789 3.1887567043304443 87 133 182
-17.7185115814209 5.501288890838623 3.2650322914123535 88 105 115
-27.762231826782227 7.516123294830322 4.779000282287598 77 106 101
-30.607311248779297 7.107148170471191 4.910383701324463 110 148 169
-16.859607696533203 5.929485321044922 2.6547133922576904 77 107 109
-24.86253547668457 7.7360382080078125 3.6075515747070312 86 100 74
-19.058929443359375 5.174145221710205 2.544243097305298 111 139 140
-27.485912322998047 6.401055335998535 3.362204074859619 105 138 153
-24.430131912231445 8.603522300720215 2.8851025104522705 124 158 160
-18.96708106994629 5.912184715270996 2.014179229736328 103 132 130
-23.52858543395996 6.402566909790039 2.2418770790100098 132 149 115
-19.067380905151367 6.720167636871338 1.506282925605774 113 145 142
-18.37087059020996 5.732673645019531 1.248536229133606 102 114 102
-27.40726661682129 7.47292947769165 1.5673542022705078 74 82 67
-18.903099060058594 6.670799732208252 0.7595637440681458 92 112 87
-17.694765090942383 5.529489040374756 0.5236588716506958 78 87 70
-14.808283805847168 5.236808776855469 0.02083454839885235 99 113 96
-16.65041732788086 5.2130279541015625 -0.14373420178890228 74 73 55
-20.74819564819336 5.67982292175293 -0.38374844193458557 68 94 33
-19.265398025512695 4.528825283050537 -0.5431212186813354 83 120 17
-14.671987533569336 5.194371700286865 -0.5484144687652588 88 109 40
-14.377819061279297 4.507845401763916 -0.6742167472839355 80 121 43
-13.80978012084961 3.787944793701172 -0.7782934904098511 86 121 39
-12.985182762145996 3.059196710586548 -0.8542859554290771 85 109 73
-10.46570110321045 3.7117855548858643 -0.7971439361572266 80 125 56
-10.506927490234375 3.3014655113220215 -0.8985008001327515 82 119 49
-9.81830883026123 2.6967921257019043 -0.9264498949050903 108 135 94
-9.34114933013916 2.202587127685547 -0.9679216742515564 72 104 55
-8.29261589050293 2.94498610496521 -0.9578534364700317 106 147 87
-8.036020278930664 2.5303027629852295 -0.9990988969802856 114 139 82
-7.871567249298096 2.1660709381103516 -1.0468661785125732 89 105 76
-7.380660057067871 1.74439537525177 -1.0475105047225952 70 120 59
-6.945941925048828 2.4723355770111084 -1.0764988660812378 77 112 46
-6.616267204284668 2.086184501647949 -1.0804102420806885 82 129 61
-6.532167911529541 1.8003206253051758 -1.1220775842666626 109 128 83
-6.180139064788818 1.4611116647720337 -1.1170234680175781 76 105 51
-5.264260768890381 1.8810081481933594 -1.0282174348831177 100 146 97
-5.5888261795043945 1.7655454874038696 -1.1352428197860718 107 119 97
-5.404438018798828 1.4922493696212769 -1.1430341005325317 105 116 99
-5.108925819396973 1.2084197998046875 -1.124617576599121 54 93 38
-4.672145366668701 1.6724705696105957 -1.10496985912323 82 116 56
-4.708492755889893 1.4914202690124512 -1.149262547492981 110 118 105
-18.981523513793945 4.450830936431885 3.7882964611053467 82 135 185
-16.814590454101562 5.96771764755249 3.3229641914367676 91 140 206
-27.390514373779297 8.596498489379883 5.052151679992676 80 104 132
-18.035703659057617 4.94227933883667 3.1072680950164795 109 134 139
-16.856250762939453 5.986478805541992 2.657064437866211 84 115 143
-19.168317794799805 6.028831481933594 2.783991813659668 111 131 129
-18.809616088867188 5.168473243713379 2.513066291809082 109 131 129
-28.616165161132812 6.756895542144775 3.502981185913086 94 118 130
-24.350248336791992 8.659451484680176 2.8787922859191895 113 156 173
-19.191774368286133 6.0468854904174805 2.0400006771087646 93 113 111
-23.446428298950195 6.457534313201904 2.2359259128570557 103 122 126
-27.130355834960938 6.425563812255859 2.2927165031433105 130 168 171
-19.06170654296875 6.783984184265137 1.5074716806411743 104 119 124
-18.49690055847168 5.8343353271484375 1.2583121061325073 81 98 79
-19.02197265625 5.249325752258301 1.0887356996536255 99 117 93
-23.29254913330078 8.300259590148926 0.9369593262672424 67 76 57
-15.697956085205078 4.9584150314331055 0.465013325214386 103 116 96
-19.284088134765625 5.331439971923828 0.3740333914756775 107 121 96
-14.79874038696289 5.284569263458252 0.020843833684921265 78 86 71
-19.092126846313477 6.041872501373291 -0.16497141122817993 82 85 58
-19.79507064819336 5.484241008758545 -0.3664293587207794 87 106 60
-18.78563690185547 4.476907730102539 -0.5299807190895081 75 120 29
-14.7265625 5.264591693878174 -0.5510554909706116 101 122 83
-14.490580558776855 4.5920729637146 -0.6801618337631226 60 105 38
-13.745176315307617 3.8156046867370605 -0.7753086090087891 72 119 41
-13.157247543334961 3.14237117767334 -0.8662362098693848 84 92 69
-10.490887641906738 3.7569916248321533 -0.7999364137649536 79 113 37
-10.488200187683105 3.3309695720672607 -0.8977689743041992 93 145 73
-9.807110786437988 2.7261013984680176 -0.926177978515625 100 119 89
-9.360474586486816 2.2374801635742188 -0.970630943775177 98 127 61
-8.066441535949707 2.8925628662109375 -0.932749330997467 85 122 52
-8.09256649017334 2.575423002243042 -1.0071067810058594 109 144 78
-7.861063003540039 2.189146041870117 -1.04635751247406 100 134 74
-7.442707061767578 1.783186912536621 -1.0570881366729736 59 91 28
-6.965329170227051 2.5033392906188965 -1.080688714981079 82 118 74
-6.614543437957764 2.107973098754883 -1.0811796188354492 92 131 66
-6.54656982421875 1.8259185552597046 -1.125508427619934 95 121 76
-6.1871209144592285 1.482819676399231 -1.1191023588180542 66 90 30
-5.351903438568115 1.9308605194091797 -1.0464880466461182 85 118 39
-5.501081943511963 1.7564060688018799 -1.1185089349746704 88 114 77
-5.399834632873535 1.5088229179382324 -1.1430341005325317 96 104 91
-5.128015041351318 1.2295597791671753 -1.1296446323394775 53 77 27
-4.641288757324219 1.677506685256958 -1.0988843441009521 80 120 60
-4.719664573669434 1.5109070539474487 -1.1531153917312622 111 122 108
-18.9840145111084 4.512904167175293 3.791538953781128 96 128 153
-16.812862396240234 6.0252461433410645 3.3262600898742676 97 122 142
-17.294836044311523 5.4863176345825195 3.193103790283203 43 58 81
-27.59771728515625 7.653637409210205 4.758675575256348 103 130 121
-27.63299560546875 6.595452308654785 4.439618110656738 74 85 89
-22.416885375976562 8.038865089416504 3.5374629497528076 102 146 183
-18.648473739624023 5.928263187408447 2.7111189365386963 91 128 137
-18.6149845123291 5.176466464996338 2.4891724586486816 78 98 87
-24.388107299804688 8.757291793823242 2.8864309787750244 89 106 126
-19.11246109008789 6.086415767669678 2.0335452556610107 99 137 146
-18.603458404541016 5.18515682220459 1.775593638420105 117 144 129
-28.262773513793945 6.78540563583374 2.3901619911193848 75 95 94
-22.575115203857422 8.112509727478027 1.7872852087020874 100 125 119
-17.740175247192383 5.655546188354492 1.2080081701278687 100 110 85
-41.714046478271484 11.649296760559082 2.389566421508789 53 62 35
-23.367584228515625 8.407881736755371 0.9410108327865601 79 91 71
-16.973928451538086 5.4187750816345215 0.5033009052276611 98 116 94
-14.779635429382324 5.328928470611572 0.020839853212237358 70 81 65
-17.56960105895996 5.619415283203125 -0.15196382999420166 87 92 72
-19.26502227783203 5.40108585357666 -0.35692259669303894 125 145 110
-19.12744903564453 4.620427131652832 -0.5400213003158569 83 125 27
-14.626679420471191 5.2795491218566895 -0.5479214787483215 82 100 42
-14.390798568725586 4.609083652496338 -0.6761388182640076 72 108 44
-13.714179039001465 3.852355718612671 -0.774223268032074 76 113 44
-13.26684856414795 3.2116029262542725 -0.8740965127944946 85 113 73
-10.548723220825195 3.8142576217651367 -0.805234968662262 61 105 46
-10.459900856018066 3.357343912124634 -0.8962240219116211 82 122 26
-9.803494453430176 2.7575247287750244 -0.9266310930252075 86 116 66
-9.403849601745605 2.278369903564453 -0.9758488535881042 72 101 43
-8.065006256103516 2.92000412940979 -0.9336149096488953 87 131 56
-8.124332427978516 2.613008737564087 -1.0120528936386108 122 144 105
-7.833305835723877 2.207334518432617 -1.0435594320297241 69 111 61
-7.507472515106201 1.8230767250061035 -1.0670760869979858 74 117 45
-6.984591007232666 2.534485101699829 -1.0848785638809204 100 125 85
-6.616509437561035 2.1309826374053955 -1.0825645923614502 49 74 16
-6.541886806488037 1.8462624549865723 -1.1256718635559082 88 109 76
-6.192112445831299 1.5041191577911377 -1.1208347082138062 88 121 68
-5.338561534881592 1.9445780515670776 -1.0450408458709717 81 122 64
-5.434937000274658 1.7536790370941162 -1.106148600578308 111 143 102
-5.393294334411621 1.5248491764068604 -1.142634630203247 102 114 94
-5.163175582885742 1.254753828048706 -1.138232707977295 101 123 85
-4.6021928787231445 1.6793577671051025 -1.090842604637146 69 101 54
-4.7075934410095215 1.5229812860488892 -1.1513023376464844 106 112 102
-27.32424545288086 6.584186553955078 5.4612812995910645 79 109 135
-17.108606338500977 6.190527439117432 3.3885116577148438 73 96 138
-17.702768325805664 5.675558090209961 3.271618604660034 118 141 133
-18.814254760742188 5.2799458503723145 3.246920585632324 104 136 133
-27.749954223632812 6.713420391082764 4.461697101593018 100 121 116
-24.008562088012695 8.69287395477295 3.792825698852539 93 103 104
-24.714988708496094 6.954517364501953 3.307694911956787 105 127 114
-27.807968139648438 6.746467113494873 3.409050703048706 71 89 77
-22.58867645263672 8.189474105834961 2.676422119140625 89 110 105
-17.689207077026367 5.693008899688721 1.8839620351791382 122 151 167
-18.602798461914062 5.246531963348389 1.7770586013793945 104 125 106
-28.0403995513916 6.823070526123047 2.373115301132202 90 117 112
-22.527624130249023 8.173568725585938 1.7855021953582764 76 105 111
-24.752378463745117 7.974767684936523 1.6871585845947266 103 119 109
-28.978469848632812 8.188610076904297 1.6614471673965454 103 113 88
-28.132272720336914 6.861030101776123 1.3220125436782837 96 110 87
-22.973501205444336 8.345781326293945 0.926167905330658 88 106 92
-24.784658432006836 7.996151447296143 0.7356240749359131 79 94 89
-14.514204025268555 5.283598899841309 0.020488345995545387 103 115 93
-16.496116638183594 5.331915855407715 -0.14281979203224182 101 110 89
-18.53271484375 5.257157802581787 -0.3436523675918579 64 89 47
-19.270477294921875 4.717594623565674 -0.5444654226303101 87 125 40
-14.432947158813477 5.259725570678711 -0.541266143321991 89 117 69
-14.502050399780273 4.693819522857666 -0.6820392608642578 75 117 31
-13.667717933654785 3.884584665298462 -0.7722694873809814 100 133 18
-13.084412574768066 3.209965944290161 -0.8627214431762695 103 124 85
-10.568828582763672 3.858232259750366 -0.807669460773468 72 119 27
-10.319665908813477 3.3472890853881836 -0.8850842714309692 92 140 66
-9.7921142578125 2.7867705821990967 -0.926359236240387 96 112 83
-9.41614055633545 2.3119547367095947 -0.9778557419776917 87 109 73
-8.013059616088867 2.9290337562561035 -0.9286374449729919 94 130 58
-8.05866813659668 2.6191976070404053 -1.0048692226409912 81 107 68
-7.776896953582764 2.217215061187744 -1.0369458198547363 96 130 80
-7.507615566253662 1.8475210666656494 -1.067897081375122 87 129 53
-6.987002849578857 2.559645891189575 -1.0864678621292114 104 129 72
-6.618396759033203 2.1540238857269287 -1.0839494466781616 85 115 65
-6.5210137367248535 1.8619900941848755 -1.1230578422546387 95 111 82
-6.1893815994262695 1.5235800743103027 -1.1211811304092407 67 105 30
-5.512568950653076 2.0271379947662354 -1.0803157091140747 97 131 80
-5.384727954864502 1.7557364702224731 -1.0970209836959839 95 124 70
-5.386706829071045 1.5408494472503662 -1.1422351598739624 119 127 112
-5.1849365234375 1.2769014835357666 -1.1438883543014526 110 143 90
-4.58511209487915 1.6890828609466553 -1.0880171060562134 66 105 52
-4.709379196166992 1.5395352840423584 -1.1528887748718262 110 117 109
-18.306554794311523 4.470707893371582 3.661644697189331 100 143 188
-16.794967651367188 6.135378360748291 3.3301050662994385 89 149 199
-27.986690521240234 9.067394256591797 5.1772894859313965 99 147 185
-18.57401466369629 5.274051189422607 3.208237648010254 104 118 118
-27.948972702026367 6.852400779724121 4.497054576873779 108 130 127
-17.100513458251953 6.251057147979736 2.7045226097106934 87 100 93
-18.9641056060791 6.1569743156433105 2.7624456882476807 97 128 130
-18.976831436157227 5.402749538421631 2.541943311691284 104 112 97
-28.32326889038086 6.96356201171875 3.474825620651245 125 171 187
-22.598909378051758 8.27171802520752 2.680628776550293 103 126 110
-17.687742233276367 5.752482891082764 1.8856767416000366 37 68 97
-18.24858856201172 5.207126140594482 1.7447401285171509 115 133 111
-28.396718978881836 7.0021209716796875 2.4050779342651367 131 164 179
-24.293760299682617 8.8988037109375 1.9276379346847534 94 117 107
-22.78069496154785 7.416749000549316 1.5543094873428345 118 145 126
-28.72088623046875 8.211055755615234 1.6481155157089233 90 112 91
-28.31668472290039 6.998116493225098 1.331681251525879 96 116 89
-22.779857635498047 8.354634284973145 0.9193902015686035 60 68 57
-17.249229431152344 5.6235198974609375 0.5124775171279907 93 99 73
-28.981542587280273 8.3003511428833 0.5635827779769897 95 107 97
-14.497925758361816 5.328103065490723 0.020488345995545387 112 120 105
-17.18118667602539 5.611622333526611 -0.14889934659004211 80 78 63
-19.92923927307129 5.719429016113281 -0.36987176537513733 116 134 92
-18.431228637695312 4.572119235992432 -0.5211473107337952 81 113 14
-14.093161582946777 5.184933662414551 -0.5291175246238708 127 140 96
-14.233114242553711 4.655063152313232 -0.6700595617294312 92 124 17
-13.4983549118042 3.8812458515167236 -0.7633691430091858 104 140 53
-13.049322128295898 3.2438337802886963 -0.8610599040985107 83 110 65
-10.576595306396484 3.8978819847106934 -0.809173047542572 73 107 10
-10.28567123413086 3.371173143386841 -0.8830514550209045 91 132 40
-9.736625671386719 2.803297996520996 -0.9219191074371338 108 129 90
-9.419623374938965 2.3434743881225586 -0.9789595007896423 102 122 71
-7.994709491729736 2.950161933898926 -0.9275553226470947 77 123 50
-8.043046951293945 2.641430139541626 -1.003927230834961 107 140 93
-7.728123664855957 2.228969097137451 -1.0313496589660645 92 115 73
-7.512485027313232 1.873181700706482 -1.0694020986557007 91 117 70
-6.989325523376465 2.5848450660705566 -1.088057041168213 112 135 91
-6.630529880523682 2.1804921627044678 -1.0870271921157837 104 126 77
-6.513374328613281 1.8814399242401123 -1.12273108959198 87 96 77
-6.18850040435791 1.5435150861740112 -1.1218740940093994 66 72 36
-5.521076202392578 2.0495173931121826 -1.0832101106643677 97 134 93
-5.381181240081787 1.7728629112243652 -1.0974013805389404 90 127 73
-5.406426429748535 1.5644497871398926 -1.1474288702011108 111 124 96
-5.206610202789307 1.2991944551467896 -1.1495438814163208 96 137 71
-4.573504447937012 1.7007603645324707 -1.0864957571029663 83 120 50
-4.703709125518799 1.5536707639694214 -1.1526621580123901 114 122 101
-17.98973274230957 4.451862812042236 3.600989580154419 101 140 179
-16.186670303344727 5.969511985778809 3.2131083011627197 91 136 195
-17.951889038085938 5.156968593597412 3.1034979820251465 123 142 146
-23.636476516723633 8.722563743591309 3.74242901802063 95 115 106
-18.60818099975586 6.104588508605957 2.7133147716522217 109 140 158
-18.11480140686035 5.217460632324219 2.428607225418091 78 82 55
-28.33838653564453 7.059545040130615 3.479321002960205 76 86 75
-22.813947677612305 8.429884910583496 2.709191083908081 109 134 138
-17.637874603271484 5.7961602210998535 1.8822473287582397 72 83 67
-18.056488037109375 5.212271213531494 1.7278941869735718 97 113 100
-28.15174674987793 7.03340482711792 2.386146306991577 48 53 47
-24.65637969970703 9.117522239685059 1.9586210250854492 118 149 131
-17.628599166870117 5.799249172210693 1.2039941549301147 71 82 74
-18.328824996948242 5.300936222076416 1.0527070760726929 105 125 100
-28.05960464477539 7.025995254516602 1.3205987215042114 99 111 99
-22.961219787597656 8.50115966796875 0.9277582168579102 66 78 68
-17.237590789794922 5.678289413452148 0.5126469135284424 75 80 57
-18.272241592407227 5.2939043045043945 0.35564103722572327 99 117 93
-28.6849422454834 7.200136661529541 0.2684195935726166 93 103 53
-14.93997573852539 5.542644500732422 0.021136978641152382 95 112 96
-16.332996368408203 5.390101432800293 -0.1416912078857422 99 114 85
-18.322471618652344 5.319204330444336 -0.3403526544570923 86 105 77
-18.516969680786133 4.653739929199219 -0.5239728689193726 83 122 16
-14.086556434631348 5.231625556945801 -0.5294696092605591 132 160 122
-14.22350788116455 4.700275421142578 -0.6702830791473389 73 113 42
-13.482547760009766 3.9215242862701416 -0.763152003288269 83 114 57
-12.9522123336792 3.261918783187866 -0.8553084135055542 83 126 57
-10.558977127075195 3.92822527885437 -0.808743417263031 73 115 31
-10.184449195861816 3.372634172439575 -0.8752455115318298 78 119 23
-9.787261009216309 2.85042142868042 -0.927537202835083 97 122 65
-9.413354873657227 2.372605562210083 -0.9790599346160889 110 134 84
-7.6986894607543945 2.8677923679351807 -0.8942273259162903 81 117 47
-7.964217662811279 2.6426382064819336 -0.9950950145721436 94 116 67
-7.715536594390869 2.2510015964508057 -1.03058660030365 72 116 57
-7.510544300079346 1.8971912860870361 -1.0699493885040283 97 133 71
-6.939647197723389 2.590702533721924 -1.0815556049346924 100 129 85
-6.640687465667725 2.2064321041107178 -1.089797019958496 72 82 48
-6.505677700042725 1.9008604288101196 -1.1224043369293213 113 135 89
-6.18755578994751 1.5634589195251465 -1.122567057609558 59 71 49
-5.348702907562256 1.780371904373169 -1.0918867588043213 96 125 79
-5.396899223327637 1.5796527862548828 -1.1464301347732544 104 124 96
-5.21397590637207 1.318037748336792 -1.152057409286499 102 142 71
-4.707234859466553 1.570868968963623 -1.154701828956604 114 126 114
-16.13695526123047 6.007482051849365 3.206882953643799 89 136 188
-19.400495529174805 5.637592315673828 3.356905221939087 119 140 135
-19.270803451538086 4.850269794464111 3.105447292327881 82 109 116
-23.413097381591797 8.721835136413574 3.711280107498169 109 145 171
-23.37421417236328 7.7476396560668945 3.4117140769958496 128 161 176
-18.3120059967041 5.335155010223389 2.457228899002075 96 125 103
-28.267492294311523 7.134060382843018 3.473287582397461 103 128 107
-19.013671875 6.3129730224609375 2.0311245918273926 109 141 126
-19.808799743652344 5.78399658203125 1.8972686529159546 83 92 75
-28.330801010131836 10.575179100036621 2.2530717849731445 81 94 68
-22.90237045288086 7.612098693847656 1.5657687187194824 96 110 84
-18.334514617919922 5.363591194152832 1.0539741516113281 108 132 106
-28.51528549194336 7.2331366539001465 1.3430830240249634 116 129 109
-23.063268661499023 8.619490623474121 0.932945728302002 72 86 61
-17.19732666015625 5.723570823669434 0.511969268321991 74 88 63
-18.647380828857422 5.464657783508301 0.3632671535015106 96 98 76
-30.233661651611328 7.6875529289245605 0.28313112258911133 108 108 84
-14.47900676727295 5.422220706939697 0.020508240908384323 91 103 81
-17.597028732299805 5.867176055908203 -0.15281233191490173 86 82 53
-18.99103355407715 5.5765252113342285 -0.35308781266212463 125 141 105
-18.487106323242188 4.7065815925598145 -0.5235339403152466 100 127 20
-14.30532169342041 5.3628716468811035 -0.5383082032203674 99 127 69
-14.244081497192383 4.755595684051514 -0.6719369888305664 78 116 39
-13.599774360656738 4.000914573669434 -0.7704785466194153 91 130 65
-12.848346710205078 3.2777116298675537 -0.8491095900535583 87 125 68
-10.198628425598145 3.412085771560669 -0.8773596286773682 89 144 43
-9.830057144165039 2.8956308364868164 -0.9324305057525635 115 143 95
-9.389642715454102 2.397289991378784 -0.9773540496826172 109 119 94
-7.964546203613281 2.6699001789093018 -0.9961548447608948 109 141 94
-7.6505632400512695 2.257538080215454 -1.022828221321106 88 114 66
-7.515244960784912 1.9229254722595215 -1.071454405784607 79 109 49
-6.644190788269043 2.2302539348602295 -1.0914897918701172 123 158 118
-6.495084762573242 1.919412612915039 -1.1215873956680298 106 120 87
-6.223757266998291 1.5929354429244995 -1.1300162076950073 80 101 68
-5.2734246253967285 1.7733043432235718 -1.0776249170303345 97 132 76
-5.372297286987305 1.5903620719909668 -1.1422351598739624 103 111 98
-5.224116325378418 1.3376660346984863 -1.155199408531189 103 143 81
-4.688549518585205 1.5806360244750977 -1.1513023376464844 113 124 107
-19.108552932739258 4.853353500366211 3.83083176612854 78 124 150
-16.207714080810547 6.090505599975586 3.2246432304382324 115 148 163
-17.29084587097168 5.7784318923950195 3.2083563804626465 86 121 177
-19.359447479248047 5.690131664276123 3.3528075218200684 114 128 113
-18.010278701782227 4.591808319091797 2.9045729637145996 105 140 159
-23.291791915893555 8.7581148147583 3.696293354034424 83 130 182
-17.338987350463867 5.806297302246094 2.5333967208862305 95 144 185
-18.05010223388672 5.318981170654297 2.4242632389068604 63 87 91
-28.43980598449707 7.270430088043213 3.4971845149993896 101 121 96
-22.95246696472168 8.641498565673828 2.7318856716156006 115 154 169
-17.606693267822266 5.905856609344482 1.8827515840530396 90 109 90
-19.577991485595703 5.78184700012207 1.87685227394104 105 122 106
-28.369688034057617 7.273081302642822 2.408356189727783 100 118 94
-23.106857299804688 8.706072807312012 1.8397411108016968 92 109 93
-23.506105422973633 7.892927169799805 1.6086921691894531 76 99 81
-23.63279151916504 6.992332458496094 1.359776496887207 88 112 80
-28.512311935424805 7.325558185577393 1.343995213508606 103 123 98
-16.497501373291016 5.546934604644775 0.4916395843029022 93 106 88
-18.248043060302734 5.408478260040283 0.3558092713356018 46 43 36
-28.63344383239746 7.374262809753418 0.268356055021286 107 119 99
-16.898530960083008 5.691950798034668 -0.14689753949642181 87 90 69
-18.48309898376465 5.489026069641113 -0.3439555764198303 104 106 82
-18.21122932434082 4.695886135101318 -0.5161269903182983 85 121 25
-13.966267585754395 4.710516452789307 -0.6595102548599243 82 110 59
-13.682185173034668 4.070809841156006 -0.7758513689041138 101 139 40
-12.807311058044434 3.3091256618499756 -0.8470646142959595 83 121 62
-10.028539657592773 3.3894262313842773 -0.8636178374290466 83 134 42
-9.799174308776855 2.9192354679107666 -0.9303462505340576 104 136 95
-9.393803596496582 2.429074764251709 -0.9785581827163696 105 119 94
-7.968544960021973 2.698463201522827 -0.9976857304573059 109 155 90
-7.628393173217773 2.276460647583008 -1.0207931995391846 100 141 71
-7.51314640045166 1.9469668865203857 -1.0720016956329346 92 120 82
-6.640124320983887 2.2515792846679688 -1.0919513702392578 94 117 47
-6.483493804931641 1.9376351833343506 -1.1206071376800537 71 94 52
-6.192146301269531 1.6051025390625 -1.125165581703186 85 97 85
-5.240071773529053 1.7800014019012451 -1.0719201564788818 120 153 96
-5.373024940490723 1.608522653579712 -1.143433690071106 112 128 101
-5.219041347503662 1.353441596031189 -1.1549899578094482 66 102 38
-4.672614097595215 1.5912450551986694 -1.1485826969146729 104 113 94
-19.22286605834961 4.945216655731201 3.8567724227905273 123 156 171
-28.040340423583984 9.466540336608887 5.208313941955566 75 92 120
-17.330642700195312 5.15164041519165 3.0041677951812744 104 127 133
-19.520015716552734 5.040553092956543 3.1505322456359863 100 122 136
-17.155012130737305 5.803282737731934 2.509105920791626 98 121 115
-18.572628021240234 5.534942626953125 2.496711015701294 91 107 97
-19.836978912353516 5.1360673904418945 2.4412386417388916 84 101 95
-24.223045349121094 8.207958221435547 2.5929441452026367 111 139 151
-18.843589782714844 5.627871513366699 1.8080952167510986 85 109 95
-29.636014938354492 7.694701671600342 2.5178494453430176 104 129 108
-23.35295295715332 6.987524509429932 1.3449023962020874 112 131 109
-29.45067024230957 7.663041114807129 1.3893285989761353 122 143 110
-18.254350662231445 5.4713263511657715 0.3562578856945038 66 75 58
-30.25365447998047 7.8905839920043945 0.28376641869544983 109 115 101
-16.008161544799805 5.4467878341674805 -0.13930223882198334 102 114 102
-18.474790573120117 5.5482940673828125 -0.34411612153053284 86 91 71
-18.05552864074707 4.714860916137695 -0.5121217966079712 82 117 35
-14.187210083007812 4.833562850952148 -0.6706406474113464 80 106 45
-13.594093322753906 4.0900397300720215 -0.7715640068054199 95 132 36
-12.767169952392578 3.340571165084839 -0.8450835943222046 98 139 60
-10.032242774963379 3.4250078201293945 -0.8648375272750854 56 111 7
-9.813056945800781 2.956179618835449 -0.9325210452079773 106 141 87
-9.389193534851074 2.458639144897461 -0.9788591265678406 106 121 98
-7.963047504425049 2.7238619327545166 -0.9980390667915344 85 129 68
-7.5900373458862305 2.2903976440429688 -1.0165960788726807 96 129 60
-7.515760898590088 1.9722706079483032 -1.0732331275939941 116 130 107
-6.641598701477051 2.2748219966888428 -1.0933363437652588 106 134 85
-6.446354389190674 1.9480992555618286 -1.1152156591415405 81 97 58
-6.208150386810303 1.6295933723449707 -1.1289767026901245 94 105 99
-5.226228713989258 1.7932018041610718 -1.0702087879180908 72 112 60
-5.359623908996582 1.6224441528320312 -1.141635775566101 115 138 96
-5.2101359367370605 1.368205189704895 -1.153942584991455 74 105 61
-4.623501777648926 1.5903663635253906 -1.1377043724060059 89 97 73
-28.014892578125 9.553793907165527 5.209007263183594 105 138 157
-17.338375091552734 5.211885452270508 3.008265495300293 98 120 134
-19.570415496826172 5.117663383483887 3.1611857414245605 111 127 116
-17.287097930908203 5.907133102416992 2.5310637950897217 95 108 101
-18.485286712646484 5.5707197189331055 2.487255811691284 121 148 139
-19.835535049438477 5.200679779052734 2.4430131912231445 112 142 142
-18.240922927856445 5.508887767791748 1.7518812417984009 108 121 111
-20.487232208251953 5.3864545822143555 1.741972804069519 60 73 64
-22.98993682861328 7.876903057098389 1.5766451358795166 96 107 93
-18.65231704711914 5.643435001373291 1.075183629989624 95 114 95
-29.730344772338867 7.833276748657227 1.4036492109298706 87 106 84
-18.26150894165039 6.2650227546691895 0.545343816280365 73 76 69
-17.51601791381836 5.308648109436035 0.3421645760536194 149 170 155
-16.843429565429688 5.788705825805664 -0.14672455191612244 90 101 58
-18.463422775268555 5.606690883636475 -0.34422314167022705 89 89 63
-18.044843673706055 4.771254539489746 -0.5122314691543579 84 120 46
-14.1581449508667 4.872189998626709 -0.6699701547622681 95 129 52
-13.579570770263672 4.131145477294922 -0.7714554667472839 91 124 0
-12.771329879760742 3.3835580348968506 -0.8460420966148376 110 150 88
-10.024514198303223 3.456745147705078 -0.8650814890861511 74 123 57
-9.876344680786133 3.0083255767822266 -0.9394078254699707 108 143 87
-9.363333702087402 2.482588291168213 -0.9769526124000549 101 116 77
-7.967793941497803 2.752819299697876 -0.9996877312660217 108 140 90
-7.665511608123779 2.338855743408203 -1.0276612043380737 73 113 43
-7.515419006347656 1.9968456029891968 -1.0740540027618408 99 107 94
-6.6280517578125 2.292926073074341 -1.092259168624878 66 84 58
-6.360149383544922 1.9433624744415283 -1.1013286113739014 93 110 74
-6.214543342590332 1.6516677141189575 -1.1310555934906006 86 108 85
-5.221630096435547 1.8095487356185913 -1.0703989267349243 79 117 66
-5.348999500274658 1.637158989906311 -1.1404372453689575 102 110 99
-5.203078746795654 1.3834294080734253 -1.1533141136169434 90 102 82
-4.619520664215088 1.604863166809082 -1.137930989265442 125 132 101
-17.147537231445312 5.906536102294922 3.1917173862457275 110 158 194
-17.356281280517578 5.275381565093994 3.0141663551330566 112 139 148
-18.652057647705078 4.938698768615723 3.015277862548828 114 143 139
-23.262399673461914 8.02872371673584 3.4095184803009033 113 147 159
-22.149208068847656 6.749070644378662 2.983020305633545 102 116 91
-19.75230598449707 5.2436747550964355 2.43473219871521 78 73 95
-27.899566650390625 9.644989967346191 2.992774248123169 70 95 125
-19.050609588623047 5.81725549697876 1.8313498497009277 105 133 118
-20.44845962524414 5.443386554718018 1.7400877475738525 106 128 115
-22.727075576782227 7.864833354949951 1.5602655410766602 107 133 132
-18.39621353149414 5.6276116371154785 1.0614112615585327 65 78 32
-30.25923728942871 8.07198715209961 1.4297821521759033 99 110 70
-16.428749084472656 5.692647933959961 0.49113133549690247 77 86 67
-18.091381072998047 5.543684482574463 0.3537345230579376 92 98 84
-16.839759826660156 5.845272064208984 -0.14684811234474182 111 121 87
-18.00646209716797 5.528321743011475 -0.3360184133052826 79 83 68
-18.03398323059082 4.827626705169678 -0.5123412013053894 76 114 31
-14.150679588317871 4.918227195739746 -0.6703277230262756 76 114 37
-13.538200378417969 4.163980960845947 -0.7698273062705994 97 130 51
-12.741612434387207 3.417553663253784 -0.8447640538215637 101 142 63
-9.923501968383789 3.456014394760132 -0.8572754859924316 49 93 16
-9.83946704864502 3.03011155128479 -0.9367799758911133 107 132 67
-9.34510326385498 2.508465528488159 -0.9758488535881042 97 117 66
-7.957435607910156 2.776596784591675 -0.9994522333145142 120 165 100
-7.675361156463623 2.3676249980926514 -1.0299506187438965 93 112 48
-7.505430698394775 2.0188639163970947 -1.0735067129135132 107 113 99
-6.636843204498291 2.3187901973724365 -1.0948752164840698 117 152 96
-6.296658039093018 1.9451038837432861 -1.0913625955581665 85 118 61
-6.22561502456665 1.6750761270523071 -1.1340006589889526 93 105 95
-5.207714557647705 1.822641134262085 -1.0686875581741333 74 109 29
-5.349567890167236 1.6552996635437012 -1.141635775566101 104 113 96
-5.204474925994873 1.4009106159210205 -1.1545709371566772 91 104 74
-4.613656520843506 1.6187056303024292 -1.1377043724060059 108 125 91
-18.106748580932617 4.836195945739746 3.6416170597076416 93 145 192
-17.163753509521484 5.971089839935303 3.1981303691864014 101 148 174
-17.475801467895508 5.370332717895508 3.0377697944641113 102 142 167
-18.647314071655273 4.99871301651001 3.0169761180877686 101 130 146
-22.205039978027344 7.740109443664551 3.2580087184906006 107 139 154
-24.78520965576172 7.635463237762451 3.341171979904175 99 123 107
-19.197195053100586 5.159407615661621 2.3682475090026855 87 102 83
-26.483444213867188 9.246488571166992 2.8438971042633057 95 112 128
-18.993663787841797 5.863631725311279 1.8275963068008423 119 147 169
-28.762340545654297 7.7511162757873535 2.449580192565918 106 110 95
-22.416465759277344 7.83443546295166 1.5405843257904053 110 152 150
-23.253311157226562 7.191542625427246 1.342919111251831 85 107 69
-16.216848373413086 5.675008296966553 0.48531481623649597 68 87 67
-17.99406623840332 5.574309825897217 0.35216447710990906 88 99 82
-20.144285202026367 5.45241641998291 0.18940751254558563 95 102 84
-14.780604362487793 5.181379795074463 -0.12902961671352386 109 114 94
-18.264429092407227 5.6688971519470215 -0.3411552906036377 72 81 80
-18.227489471435547 4.93940544128418 -0.5182667970657349 73 112 21
-13.966794967651367 4.902393341064453 -0.6623263955116272 93 125 76
-13.453849792480469 4.183260440826416 -0.7657570242881775 66 119 47
-12.74936580657959 3.4615964889526367 -0.8459782600402832 106 137 77
-9.729508399963379 3.4219589233398438 -0.8414195775985718 127 179 35
-9.847241401672363 3.065613031387329 -0.9384110569953918 92 128 67
-9.316240310668945 2.5313847064971924 -0.9736412167549133 83 112 68
-7.8805084228515625 2.776904344558716 -0.9908555150032043 80 110 58
-7.690786838531494 2.3982481956481934 -1.0330030918121338 107 144 77
-7.493466854095459 2.0403192043304443 -1.0726858377456665 104 105 99
-6.633425712585449 2.3404557704925537 -1.0954906940460205 122 158 110
-6.2755937576293945 1.959707498550415 -1.088748574256897 80 121 51
-6.268909931182861 1.7073674201965332 -1.1428356170654297 90 103 83
-5.2141313552856445 1.842862606048584 -1.0711596012115479 90 134 47
-5.3323073387146 1.6679015159606934 -1.1390389204025269 99 107 92
-5.2114739418029785 1.419955849647522 -1.157084584236145 103 114 84
-4.598569869995117 1.6292744874954224 -1.1352113485336304 85 96 80
-17.099822998046875 6.007723331451416 3.1896376609802246 103 144 172
-17.748455047607422 5.513769626617432 3.088090419769287 92 130 179
-18.984697341918945 5.15163516998291 3.0741043090820312 109 130 123
-16.902175903320312 5.949885368347168 2.482619047164917 106 138 159
-18.83189582824707 5.864772796630859 2.541048765182495 89 120 123
-18.852628707885742 5.128870964050293 2.3276705741882324 117 141 119
-23.831506729125977 8.40269947052002 2.561877727508545 124 164 156
-19.284523010253906 6.018289089202881 1.8573511838912964 120 173 181
-22.39420509338379 7.903835296630859 1.5407136678695679 112 134 122
-22.30768585205078 6.974146366119385 1.2895373106002808 98 117 98
-28.215431213378906 7.712533950805664 1.335421085357666 57 54 49
-18.681854248046875 6.602028846740723 0.5596875548362732 106 118 96
-28.630762100219727 8.96576976776123 0.560872495174408 105 111 85
-19.728193283081055 5.404807090759277 0.18565022945404053 90 99 80
-15.026693344116211 5.319469451904297 -0.13131974637508392 90 92 70
-17.0964412689209 5.363936901092529 -0.3196446895599365 82 80 67
-18.22188949584961 4.997947692871094 -0.5185410976409912 83 111 34
-13.98370361328125 4.956567764282227 -0.6638461947441101 77 109 36
-13.235194206237793 4.159846305847168 -0.7540346384048462 89 130 51
-12.847423553466797 3.530576705932617 -0.8531995415687561 106 139 86
-9.801614761352539 3.481146812438965 -0.8485751152038574 85 135 36
-9.835888862609863 3.0952112674713135 -0.9382297992706299 101 133 83
-9.26046371459961 2.5467631816864014 -0.9686241149902344 94 119 87
-7.7924275398254395 2.7727713584899902 -0.9808456897735596 100 136 75
-7.69852876663208 2.426602840423584 -1.0350379943847656 90 123 80
-7.479532241821289 2.0611939430236816 -1.0715912580490112 111 127 90
-6.635521411895752 2.36411190032959 -1.0970295667648315 97 130 85
-6.241327285766602 1.9700425863265991 -1.083847165107727 81 121 58
-6.212371349334717 1.7124590873718262 -1.1334809064865112 88 113 84
-5.20475435256958 1.8575307130813599 -1.0703989267349243 84 135 60
-5.324362754821777 1.6833668947219849 -1.138439655303955 101 112 96
-5.214633941650391 1.4380172491073608 -1.1587601900100708 101 109 94
-4.5724568367004395 1.6358290910720825 -1.1299986839294434 66 99 72
-17.681907653808594 4.839150905609131 3.5620784759521484 99 140 158
-17.049753189086914 6.048959732055664 3.1837446689605713 95 133 156
-17.727691650390625 5.567012786865234 3.087434768676758 110 142 167
-28.47987937927246 7.822109222412109 4.615479469299316 107 134 129
-23.242586135864258 8.262059211730957 3.4176154136657715 86 120 145
-19.194122314453125 6.042239665985107 2.592414140701294 85 97 87
-19.137414932250977 5.269457817077637 2.364816904067993 107 124 118
-24.196455001831055 8.61492919921875 2.603938579559326 115 161 176
-18.96967124938965 5.9839582443237305 1.8287863731384277 98 123 117
-19.01601219177246 5.249958038330078 1.6222351789474487 102 108 104
-19.008451461791992 6.774516582489014 1.3091987371444702 73 92 86
-17.859033584594727 5.64354944229126 1.0333707332611084 100 118 92
-27.846956253051758 7.703707218170166 1.3190937042236328 77 92 89
-16.18077850341797 5.774069786071777 0.48528653383255005 84 104 79
-28.6669864654541 9.073780059814453 0.5621248483657837 99 116 100
-15.579980850219727 5.569181442260742 -0.13630366325378418 64 67 46
-17.360105514526367 5.50521993637085 -0.32488855719566345 64 88 62
-18.09185028076172 5.0220112800598145 -0.5152765512466431 77 111 25
-13.71729850769043 4.909562587738037 -0.651911199092865 56 99 56
-13.409846305847168 4.259988784790039 -0.7647258639335632 134 158 44
-12.903834342956543 3.5886929035186768 -0.8576728701591492 111 149 76
-9.614509582519531 3.447948455810547 -0.833288311958313 79 129 42
-9.819703102111816 3.1232597827911377 -0.9375954866409302 104 128 78
-9.236311912536621 2.570626735687256 -0.9669182300567627 107 136 92
-7.754912853240967 2.7862560749053955 -0.9771950244903564 114 155 63
-7.720345497131348 2.4595437049865723 -1.0389808416366577 84 121 70
-7.464585781097412 2.0817363262176514 -1.0703598260879517 108 115 99
-6.608712196350098 2.377434492111206 -1.093798041343689 85 100 81
-6.150663375854492 1.9621952772140503 -1.0691431760787964 82 114 39
-6.196653366088867 1.7285993099212646 -1.131575345993042 91 102 85
-5.19256591796875 1.8711601495742798 -1.0690678358078003 80 111 69
-5.311706066131592 1.6973079442977905 -1.1368415355682373 106 113 95
-5.199837684631348 1.4511176347732544 -1.1564562320709229 100 110 99
-4.548180103302002 1.6429005861282349 -1.125239372253418 93 128 72
-17.69914436340332 4.902284622192383 3.56856369972229 88 131 186
-17.16462516784668 6.149068355560303 3.208702802658081 97 132 154
-27.5809326171875 7.666287422180176 4.473585605621338 109 132 126
-22.29228401184082 8.001373291015625 3.2814762592315674 84 118 130
-19.162261962890625 6.096888065338135 2.590625286102295 90 109 77
-18.77393341064453 5.231391429901123 2.321873903274536 115 124 105
-23.863759994506836 8.579060554504395 2.570955514907837 124 159 155
-18.720678329467773 5.968624591827393 1.8065388202667236 77 81 80
-19.484556198120117 5.443702697753906 1.6636229753494263 103 118 85
-18.963165283203125 6.82401704788208 1.3075155019760132 113 126 109
-18.462736129760742 5.896682262420654 1.069344162940979 102 126 94
-27.832807540893555 7.791796684265137 1.3195496797561646 96 106 95
-13.996261596679688 5.042991638183594 0.42023155093193054 77 94 76
-15.8583984375 5.073138236999512 0.3112676739692688 98 103 83
-19.396196365356445 5.442015647888184 0.18283680081367493 86 98 78
-14.061656951904297 5.075151443481445 -0.12315602600574493 95 103 90
-17.55069923400879 5.624978542327881 -0.32877686619758606 86 109 80
-17.9146785736084 5.032078266143799 -0.5106678605079651 66 97 27
-13.658953666687012 4.936005592346191 -0.6498549580574036 73 115 33
-13.389108657836914 4.298667907714844 -0.7642917633056641 98 147 21
-12.904291152954102 3.6315085887908936 -0.8584397435188293 75 111 49
-9.767887115478516 3.536811590194702 -0.8475179672241211 84 128 39
-9.774046897888184 3.1417906284332275 -0.9341520667076111 108 136 85
-9.211142539978027 2.5940961837768555 -0.9651119709014893 89 127 68
-7.7425947189331055 2.808680295944214 -0.9767240285873413 74 120 22
-7.720315933227539 2.485649585723877 -1.039998173713684 72 105 52
-7.411448955535889 2.091444969177246 -1.0636554956436157 107 121 95
-6.576312065124512 2.3885908126831055 -1.089643120765686 109 133 85
-6.185929298400879 1.9943760633468628 -1.0763318538665771 74 112 29
-6.172363758087158 1.7422512769699097 -1.1281105279922485 93 113 85
-5.2200140953063965 1.8991657495498657 -1.0759135484695435 87 133 60
-5.240271091461182 1.692217469215393 -1.1226584911346436 112 129 95
-5.186892032623291 1.4646720886230469 -1.1545709371566772 107 115 102
-4.533052921295166 1.6531758308410645 -1.122746467590332 63 83 48
-19.700162887573242 5.521655559539795 3.9754128456115723 101 128 155
-17.29756736755371 6.256638526916504 3.2371273040771484 86 106 143
-18.133745193481445 5.100367546081543 2.9437904357910156 77 91 92
-24.52130699157715 8.886453628540039 3.6135900020599365 112 149 155
-19.099088668823242 6.141378402709961 2.5846197605133057 99 118 116
-18.349706649780273 5.173899173736572 2.27135968208313 108 132 118
-24.06551742553711 8.73505973815918 2.595566749572754 109 129 101
-17.694751739501953 5.701396942138672 1.7092171907424927 78 91 73
-18.591190338134766 5.255651473999023 1.5887151956558228 125 169 168
-18.924320220947266 6.875688076019287 1.3062853813171387 77 94 78
-18.71916961669922 6.041932582855225 1.085265040397644 103 118 95
-18.923959732055664 5.36042594909668 0.8979578614234924 95 94 74
-13.958179473876953 5.077706813812256 0.4195539057254791 96 111 88
-17.87293243408203 5.778096675872803 0.3511551022529602 89 91 77
-19.487146377563477 5.532081604003906 0.18385326862335205 95 106 90
-14.4114990234375 5.251445770263672 -0.12636055052280426 92 101 72
-16.526994705200195 5.352850437164307 -0.3099060356616974 55 72 53
-17.891462326049805 5.084829330444336 -0.5104483366012573 85 110 45
-13.502034187316895 4.926184177398682 -0.6431052088737488 54 100 10
-13.238138198852539 4.295042514801025 -0.7564225196838379 110 157 79
-12.94971752166748 3.6872053146362305 -0.8622101545333862 80 120 57
-9.672740936279297 3.535964250564575 -0.840199887752533 79 125 27
-9.750155448913574 3.167147397994995 -0.9327929019927979 86 121 39
-9.198357582092285 2.6209802627563477 -0.9646103382110596 84 116 67
-7.724616527557373 2.8290059566497803 -0.9755463600158691 100 151 74
-7.71076774597168 2.508709669113159 -1.0397439002990723 57 83 20
-7.385946750640869 2.108733892440796 -1.0609190464019775 109 125 96
-6.5522541999816895 2.402632236480713 -1.0868732929229736 98 124 95
-6.211674690246582 2.023735523223877 -1.081886649131775 110 146 82
-6.1205854415893555 1.7479275465011597 -1.119621992111206 101 110 93
-5.280515193939209 1.9395427703857422 -1.0896049737930298 111 152 82
-5.130726337432861 1.6742422580718994 -1.100285291671753 105 118 65
-5.167330741882324 1.476280689239502 -1.1512194871902466 105 111 99
-4.48682975769043 1.6519322395324707 -1.1125478744506836 95 115 64
-18.407249450683594 5.22023344039917 3.7177226543426514 90 134 183
-17.377277374267578 6.3458251953125 3.2556729316711426 94 139 178
-27.359052658081055 8.868992805480957 4.778836250305176 96 143 173
-18.922897338867188 5.385029315948486 3.0745673179626465 95 124 132
-26.97857666015625 9.870704650878906 3.9801502227783203 104 128 130
-19.107513427734375 6.208833694458008 2.5883255004882812 116 133 115
-19.418493270874023 5.539622783660889 2.4057486057281494 80 98 86
-17.672443389892578 5.754115581512451 1.7087595462799072 127 149 136
-18.279850006103516 5.228253364562988 1.563472867012024 113 136 126
-18.860979080200195 6.9182515144348145 1.3033721446990967 44 61 29
-21.589162826538086 7.04148006439209 1.2529027462005615 96 113 95
-18.83828353881836 5.398643970489502 0.8946741223335266 80 89 68
-18.8677921295166 6.929344654083252 0.5677629709243774 70 90 79
-17.02542495727539 5.5618577003479 0.33483755588531494 108 121 95
-18.135107040405273 5.208433628082275 0.17124727368354797 91 103 83
-14.720032691955566 5.415088176727295 -0.12921084463596344 86 94 71
-16.78416633605957 5.493095874786377 -0.3150429129600525 102 112 87
-17.870014190673828 5.138038635253906 -0.5102837681770325 73 104 36
-13.477482795715332 4.964131832122803 -0.6426581740379333 82 119 41
-12.388972282409668 4.061586856842041 -0.7086101770401001 83 132 43
-12.904781341552734 3.7172491550445557 -0.8599734902381897 84 130 66
-9.541226387023926 3.521108865737915 -0.8297106027603149 68 106 29
-9.625899314880371 3.159466028213501 -0.9218284487724304 75 118 36
-9.217041015625 2.656904458999634 -0.9674199223518372 102 131 77
-7.711243629455566 2.8509695529937744 -0.9749575257301331 69 115 50
-7.699265956878662 2.5311152935028076 -1.0392351150512695 55 63 22
-7.347084999084473 2.1220381259918213 -1.0562671422958374 104 120 84
-6.543925762176514 2.422379970550537 -1.0867193937301636 98 117 87
-6.1941914558410645 2.039081335067749 -1.0799261331558228 105 147 75
-6.1076250076293945 1.764510154724121 -1.1182361841201782 82 111 63
-5.298472881317139 1.964608073234558 -1.0945489406585693 95 118 62
-5.104162693023682 1.6829183101654053 -1.0956907272338867 99 127 69
-5.162777423858643 1.4921268224716187 -1.1512194871902466 108 117 100
-4.468959331512451 1.6609395742416382 -1.109375 68 97 39
-18.958232879638672 5.439386367797852 3.83235764503479 97 146 202
-16.278413772583008 6.0012078285217285 3.0532333850860596 127 148 167
-18.035648345947266 5.192404270172119 2.9329824447631836 97 125 129
-23.637489318847656 8.730613708496094 3.4911744594573975 85 124 155
-19.049739837646484 6.254740238189697 2.5830867290496826 93 116 96
-18.13348388671875 5.2332539558410645 2.248527765274048 112 135 107
-17.667001724243164 5.812352180480957 1.7099496126174927 81 97 71
-18.687837600708008 5.407020568847656 1.5997792482376099 98 117 97
-24.261728286743164 8.983803749084473 1.678483247756958 102 119 103
-21.868072509765625 7.206750869750977 1.2703660726547241 122 143 110
-18.371646881103516 5.325962543487549 0.8732843995094299 110 123 103
-13.985808372497559 5.185148239135742 0.4213327467441559 95 121 92
-16.217395782470703 5.353011131286621 0.3192676305770874 106 121 100
-18.999595642089844 5.519870281219482 0.17956958711147308 105 116 99
-14.528054237365723 5.395125389099121 -0.12767037749290466 104 108 85
-16.09893798828125 5.323572158813477 -0.3024861514568329 74 89 70
-17.55085563659668 5.104621410369873 -0.5016149282455444 71 98 53
-13.464999198913574 5.006501197814941 -0.6427923440933228 91 124 45
-11.739479064941406 3.888585329055786 -0.67214035987854 85 129 31
-12.886609077453613 3.754868745803833 -0.8595261573791504 88 120 53
-9.478075981140137 3.5308799743652344 -0.8251571655273438 98 139 60
-9.57740592956543 3.176130533218384 -0.9181132912635803 84 131 61
-9.19451904296875 2.6809916496276855 -0.9659147262573242 100 137 93
-7.711764335632324 2.8780860900878906 -0.9761351943016052 83 124 32
-7.648163318634033 2.540342092514038 -1.0333845615386963 59 76 44
-7.309162139892578 2.135401487350464 -1.051751971244812 89 124 44
-6.554049491882324 2.4490163326263428 -1.089643120765686 127 164 112
-6.190715312957764 2.059009313583374 -1.080416202545166 82 118 56
-6.1295976638793945 1.7912511825561523 -1.1232600212097168 105 109 58
-5.094327449798584 1.697021484375 -1.0946919918060303 94 119 80
-5.147851467132568 1.5049408674240112 -1.148915410041809 111 119 104
-19.277070999145508 5.5949320793151855 3.900261402130127 88 151 195
-16.249773025512695 6.047342777252197 3.0513269901275635 119 136 156
-19.002384185791016 5.533911228179932 3.0929410457611084 130 142 128
-17.432979583740234 5.783206939697266 2.366253614425659 119 152 145
-18.176441192626953 5.306114196777344 2.2558624744415283 95 101 87
-22.86193084716797 8.537138938903809 2.4741249084472656 59 75 75
-19.11189079284668 6.352759838104248 1.8516747951507568 114 128 105
-18.964811325073242 5.55026912689209 1.6249397993087769 83 98 77
-27.224285125732422 10.175883293151855 1.8855907917022705 65 90 68
-21.789018630981445 7.254881381988525 1.2670607566833496 101 114 96
-18.32358741760254 5.373025417327881 0.8717794418334961 89 93 79
-13.984813690185547 5.23363733291626 0.42178452014923096 86 99 81
-16.54424476623535 5.51724100112915 0.32603389024734497 90 106 80
-19.186922073364258 5.63818359375 0.18150268495082855 114 117 98
-14.905633926391602 5.587438583374023 -0.13113851845264435 89 96 80
-16.750144958496094 5.595977783203125 -0.3150429129600525 69 71 68
-17.633886337280273 5.1875 -0.5044404864311218 75 107 22
-13.487922668457031 5.062180042266846 -0.6446250081062317 107 135 94
-12.057019233703613 4.034858226776123 -0.691026508808136 68 119 42
-12.797491073608398 3.771535634994507 -0.8543497920036316 99 131 46
-9.508125305175781 3.1855669021606445 -0.912404477596283 98 141 62
-9.259732246398926 2.730858564376831 -0.9736412167549133 85 108 62
-7.640333652496338 2.5637943744659424 -1.0333845615386963 107 151 92
-7.322525978088379 2.163710355758667 -1.0546252727508545 82 127 70
-6.184369087219238 2.0779924392700195 -1.080416202545166 105 130 62
-6.190187454223633 1.8295891284942627 -1.1353864669799805 91 114 68
-5.07981014251709 1.709517240524292 -1.0926942825317383 84 99 58
-5.162901401519775 1.5265494585037231 -1.1533141136169434 112 118 106
-17.35624885559082 5.095222473144531 3.5147745609283447 96 128 151
-16.229299545288086 6.096475124359131 3.0509800910949707 103 150 180
-27.251941680908203 9.112290382385254 4.7745747566223145 95 132 159
-18.96541404724121 5.5863213539123535 3.0896987915039062 99 123 125
-21.73027992248535 8.178049087524414 3.2168374061584473 128 161 168
-17.396347045898438 5.83035945892334 2.3636980056762695 104 119 122
-22.248451232910156 6.568966865539551 2.7637243270874023 108 123 104
-23.089784622192383 8.703034400939941 2.5016610622406006 108 141 172
-19.0932559967041 6.41168212890625 1.8517664670944214 109 137 140
-18.988786697387695 5.620589256286621 1.628463864326477 77 91 94
-26.920623779296875 9.055344581604004 1.567078709602356 93 96 79
-18.273496627807617 5.419275283813477 0.8701831698417664 116 126 102
-16.065807342529297 5.412517547607422 0.31693118810653687 91 104 87
-18.232097625732422 5.418424129486084 0.17262676358222961 82 87 67
-15.617876052856445 5.271021366119385 -0.29404956102371216 87 89 75
-17.543155670166016 5.21934175491333 -0.5023007392883301 81 102 59
-12.828763008117676 4.3369317054748535 -0.7360167503356934 81 120 39
-12.168037414550781 3.6266403198242188 -0.8130670189857483 83 124 46
-9.513400077819824 3.2198307514190674 -0.9138543009757996 86 130 51
-9.269426345825195 2.7646572589874268 -0.9755477905273438 103 129 81
-7.633371829986572 2.587540864944458 -1.033511757850647 93 134 66
-7.297820091247559 2.180776596069336 -1.0520256757736206 92 125 72
-6.164885997772217 2.0925168991088867 -1.0781289339065552 90 130 59
-6.192094326019287 1.8508281707763672 -1.1367723941802979 88 112 36
-5.061553955078125 1.720678687095642 -1.089897632598877 85 121 60
-5.162878036499023 1.5437824726104736 -1.1543614864349365 105 111 97
-17.435583114624023 5.176666736602783 3.5340397357940674 100 139 172
-22.318161010742188 7.538776397705078 3.9142038822174072 98 132 170
-17.67177963256836 5.264250755310059 2.8815672397613525 75 90 93
-17.275039672851562 5.848717212677002 2.349642753601074 106 124 112
-22.50031280517578 6.718446254730225 2.797558069229126 95 118 110
-18.9810791015625 6.438878536224365 1.8427940607070923 93 101 88
-19.08698272705078 5.7134013175964355 1.638380527496338 66 86 95
-26.928640365600586 9.150100708007812 1.5691720247268677 94 115 108
-16.065217971801758 5.467257022857666 0.3172489404678345 96 102 88
-18.089937210083008 5.436631202697754 0.17143785953521729 82 99 80
-16.295312881469727 5.55540132522583 -0.307123601436615 83 91 80
-17.621826171875 5.301649570465088 -0.505016565322876 82 111 63
-13.063919067382812 4.461136341094971 -0.7502899169921875 108 142 32
-11.868292808532715 3.5769846439361572 -0.7937675714492798 85 128 59
-9.32631778717041 3.1884360313415527 -0.8968186378479004 69 108 17
-9.25804328918457 2.7922208309173584 -0.975246787071228 90 123 80
-7.629150867462158 2.6122326850891113 -1.0340205430984497 108 153 72
-7.266441345214844 2.1957058906555176 -1.0484683513641357 79 120 64
-6.147238254547119 2.1075809001922607 -1.076168417930603 104 136 61
-6.186387062072754 1.869816541671753 -1.1367723941802979 88 96 73
-5.014548301696777 1.7218793630599976 -1.0809084177017212 90 116 53
-5.157181262969971 1.5593316555023193 -1.1541520357131958 105 116 99
-17.349103927612305 5.208962440490723 3.5197339057922363 33 45 103
-22.03537940979004 7.518652439117432 3.8686366081237793 92 118 135
-17.5694580078125 5.292510032653809 2.8675169944763184 93 115 128
-17.221355438232422 5.889493942260742 2.34478759765625 114 132 106
-18.163909912109375 5.484375 2.2604763507843018 110 133 127
-21.822189331054688 7.477389812469482 2.120842933654785 110 128 128
-18.917694091796875 5.726025104522705 1.625349521636963 50 64 64
-19.023157119750977 6.529059886932373 1.109669804573059 86 97 89
-18.65383529663086 5.656823635101318 0.8899310231208801 97 112 91
-16.58637237548828 5.701453685760498 0.32788434624671936 88 104 91
-18.21094512939453 5.533971309661865 0.1727447360754013 91 99 88
-16.698877334594727 5.7502312660217285 -0.3150607645511627 85 94 75
-17.597827911376953 5.353360652923584 -0.504797101020813 71 95 63
-13.01052474975586 4.487520217895508 -0.7480105757713318 92 133 39
-11.587106704711914 3.5310518741607666 -0.7756823897361755 87 129 43
-9.268484115600586 3.200456142425537 -0.89219731092453 82 130 56
-9.247529983520508 2.8200302124023438 -0.9750460386276245 127 148 109
-7.6342244148254395 2.640164852142334 -1.0358010530471802 82 109 28
-7.249249458312988 2.2148048877716064 -1.0469632148742676 58 88 38
-6.135149955749512 2.1244935989379883 -1.075188159942627 86 115 67
-6.100561141967773 1.8643211126327515 -1.1220473051071167 92 104 82
-4.926849842071533 1.7086812257766724 -1.0631295442581177 88 113 56
-5.145827770233154 1.5731452703475952 -1.1526857614517212 96 104 89
-18.386945724487305 5.582119941711426 3.7337446212768555 102 139 157
-17.210037231445312 5.931214809417725 3.0246567726135254 120 146 169
-18.767642974853516 5.716304779052734 3.065920829772949 99 122 138
-17.221017837524414 5.948452472686768 2.347215175628662 97 114 104
-18.74911117553711 5.723893642425537 2.3354783058166504 95 109 112
-21.983591079711914 7.608137130737305 2.1387875080108643 66 95 101
-19.676738739013672 6.021732807159424 1.6921436786651611 77 101 77
-23.928560256958008 8.294821739196777 1.3972924947738647 96 120 96
-18.552345275878906 5.688257217407227 0.885917603969574 98 120 97
-16.48851776123047 5.724440097808838 0.3262955844402313 110 135 96
-18.02469253540039 5.537835121154785 0.17113836109638214 98 115 97
-14.639452934265137 5.091363906860352 -0.2764986455440521 97 101 78
-17.66062355041504 5.43171501159668 -0.5070740580558777 75 98 54
-12.677035331726074 4.416060447692871 -0.7296128273010254 91 138 36
-11.570497512817383 3.564821243286133 -0.7752990126609802 86 127 35
-9.22758960723877 3.2180545330047607 -0.8892070055007935 74 118 41
-9.23313045501709 2.8466293811798096 -0.9744440317153931 84 109 70
-7.650434970855713 2.6720776557922363 -1.0391079187393188 77 117 47
-7.227276802062988 2.2323572635650635 -1.044774055480957 114 156 82
-6.209622383117676 2.171640157699585 -1.0894019603729248 93 143 56
-6.038353443145752 1.8655850887298584 -1.111653208732605 104 116 54
-4.928982734680176 1.7263798713684082 -1.064727783203125 75 110 56
-5.138174533843994 1.5880589485168457 -1.152057409286499 108 116 101
-16.165081024169922 5.626627445220947 2.844026565551758 48 90 128
-17.791603088378906 5.478723049163818 2.9092049598693848 85 106 109
-27.14503288269043 9.469703674316406 3.7037956714630127 121 145 132
-18.757080078125 5.789295196533203 2.338672399520874 107 123 123
-21.733596801757812 7.596362113952637 2.11672306060791 75 95 120
-18.15669822692871 5.617528915405273 1.5628992319107056 86 109 91
-21.79956817626953 7.631804466247559 1.2743326425552368 79 97 81
-17.760019302368164 5.504990577697754 0.848884642124176 85 106 87
-16.217073440551758 5.686010837554932 0.32126760482788086 108 123 100
-17.33150863647461 5.383110523223877 0.1647128462791443 75 76 62
-15.932185173034668 5.5958051681518555 -0.3012375831604004 83 90 72
-17.654376983642578 5.489136219024658 -0.5073758363723755 77 96 66
-12.381787300109863 4.355853080749512 -0.7133859992027283 96 128 45
-11.257464408874512 3.5062289237976074 -0.7550410032272339 85 129 50
-9.2289457321167 3.250319004058838 -0.8902943730354309 93 142 86
-9.21865463256836 2.873166561126709 -0.9738420248031616 87 114 71
-7.5973029136657715 2.679699659347534 -1.0330030918121338 109 145 99
-7.230795383453369 2.25776743888855 -1.0462790727615356 65 101 37
-6.284793376922607 2.2195920944213867 -1.1037793159484863 94 134 81
-6.005338668823242 1.875586986541748 -1.1066293716430664 88 109 66
-4.928281784057617 1.7431272268295288 -1.0657265186309814 77 110 57
-5.1286115646362305 1.6023571491241455 -1.1510100364685059 107 113 99
-17.368867874145508 5.389656066894531 3.533658027648926 89 132 175
-17.09514617919922 6.009222507476807 3.0108883380889893 64 70 102
-17.781312942504883 5.535336971282959 2.910285711288452 98 136 145
-22.599506378173828 7.961825847625732 3.0869009494781494 104 125 116
-24.712011337280273 7.710376739501953 3.084080696105957 92 111 117
-18.731611251831055 6.611661434173584 1.8263145685195923 116 155 160
-19.639419555664062 6.142353534698486 1.6921436786651611 98 117 115
-22.14883804321289 7.830442905426025 1.2961480617523193 94 112 88
-17.86506462097168 5.597683429718018 0.8547223806381226 80 94 61
-17.005382537841797 6.021055698394775 0.3372487425804138 83 100 82
-28.7214412689209 9.017496109008789 0.27322056889533997 99 118 90
-14.63997745513916 5.192457675933838 -0.27710506319999695 92 97 74
-17.49345588684082 5.498016357421875 -0.5032334327697754 59 71 67
-12.524558067321777 4.449306011199951 -0.7223948836326599 71 115 0
-11.524608612060547 3.6282570362091064 -0.7737013101577759 75 115 42
-9.024699211120605 3.2095413208007812 -0.8715369701385498 82 132 59
-9.205999374389648 2.9002394676208496 -0.9734405279159546 107 137 83
-7.5161638259887695 2.677037000656128 -1.0230826139450073 104 140 79
-7.236114978790283 2.2838165760040283 -1.0480577945709229 65 100 34
-6.200826644897461 2.211357831954956 -1.0902189016342163 102 131 83
-5.972319602966309 1.8854038715362549 -1.1016055345535278 88 117 69
-4.9247565269470215 1.7588980197906494 -1.0661261081695557 73 107 33
-5.120873928070068 1.617200493812561 -1.1503816843032837 98 107 90
-28.007505416870117 8.785173416137695 5.703521728515625 91 141 192
-17.307180404663086 6.143479347229004 3.0515382289886475 91 113 124
-17.928234100341797 5.641464710235596 2.9371514320373535 108 133 129
-22.38808822631836 7.964637756347656 3.0613460540771484 53 66 57
-24.692974090576172 7.787649154663086 3.084672212600708 113 132 128
-21.679073333740234 7.72689962387085 2.11599063873291 89 103 112
-22.822933197021484 7.214961051940918 1.9683349132537842 91 121 111
-27.654006958007812 9.872275352478027 1.6200748682022095 101 116 109
-18.506824493408203 5.861180305480957 0.8862824440002441 103 131 108
-16.322154998779297 5.835561752319336 0.3240526020526886 93 107 82
-17.080842971801758 5.4203925132751465 0.16264361143112183 83 85 72
-15.017438888549805 5.378260135650635 -0.2845606505870819 78 92 79
-17.352651596069336 5.51231575012207 -0.49966710805892944 63 76 48
-12.580400466918945 4.51265811920166 -0.7264108657836914 83 123 27
-11.791106224060059 3.7519567012786865 -0.7923616766929626 90 125 25
-9.308180809020996 3.3425629138946533 -0.8998996019363403 65 88 46
-9.200851440429688 2.9296770095825195 -0.9738420248031616 103 127 79
-7.519115924835205 2.7041115760803223 -1.024608850479126 93 128 60
-7.183774948120117 2.291555643081665 -1.0414903163909912 99 141 69
-6.195869445800781 2.2310397624969482 -1.090545654296875 107 131 95
-5.943049907684326 1.8962334394454956 -1.097274661064148 58 100 37
-5.003215789794922 1.8042467832565308 -1.0843043327331543 82 131 65
-5.118683338165283 1.6337954998016357 -1.1510100364685059 111 119 104
-17.71725082397461 5.617169380187988 3.6114799976348877 136 168 165
-16.291833877563477 5.839406967163086 2.8756613731384277 79 136 181
-24.761459350585938 7.875240802764893 4.060565948486328 99 114 111
-24.266767501831055 8.716948509216309 3.321877956390381 126 145 151
-28.458005905151367 9.071146965026855 3.5584638118743896 112 139 148
-24.45118522644043 8.799578666687012 2.3891868591308594 94 111 103
-24.896869659423828 7.954687595367432 2.1492936611175537 101 121 110
-27.620769500732422 9.956053733825684 1.6199095249176025 77 87 63
-18.483999252319336 5.916408061981201 0.8860544562339783 112 131 103
-13.980382919311523 5.046749114990234 0.2778661847114563 86 98 84
-19.308435440063477 6.192558288574219 0.1840347796678543 89 92 73
-14.351150512695312 5.1893696784973145 -0.2722357511520386 82 98 71
-16.85881996154785 5.412439823150635 -0.4859231412410736 97 120 74
-11.148835182189941 4.0377960205078125 -0.6444624662399292 68 104 17
-10.985307693481445 3.532701015472412 -0.7389369010925293 85 131 41
-9.29975414276123 3.3717832565307617 -0.9000808000564575 86 124 63
-9.188031196594238 2.956671714782715 -0.9734405279159546 95 119 83
-7.512649059295654 2.72784423828125 -1.0248631238937378 85 128 46
-7.2653350830078125 2.3421547412872314 -1.0543516874313354 99 148 82
-6.203831195831299 2.2554311752319336 -1.0931596755981445 95 133 82
-5.928768634796143 1.9117374420166016 -1.0957155227661133 75 115 62
-4.975559234619141 1.8115425109863281 -1.0795100927352905 113 161 85
-5.107132434844971 1.6473904848098755 -1.1495438814163208 95 93 80
-16.661346435546875 5.338709354400635 3.3995673656463623 84 143 209
-16.577167510986328 5.999133110046387 2.92926025390625 89 106 149
-27.61827850341797 8.877230644226074 4.5334930419921875 93 106 123
-27.046361923217773 9.809203147888184 3.7064788341522217 99 122 128
-23.498435974121094 8.538220405578613 2.298640251159668 107 141 153
-17.666244506835938 5.704253673553467 1.52659273147583 91 108 89
-22.854602813720703 8.317378997802734 1.3418724536895752 97 112 91
-18.449604034423828 5.967862129211426 0.88527911901474 98 115 81
-16.925762176513672 6.168755054473877 0.33678144216537476 90 102 82
-15.91147518157959 5.156982898712158 0.15180736780166626 91 104 86
-14.791618347167969 5.400013446807861 -0.28090420365333557 86 103 67
-16.81646156311035 5.455807685852051 -0.48518243432044983 67 89 51
-12.280511856079102 4.490323066711426 -0.7106724381446838 86 122 26
-11.419544219970703 3.711040735244751 -0.7689084410667419 89 129 40
-9.410943031311035 3.444800615310669 -0.9118608236312866 79 118 61
-9.177970886230469 2.9845387935638428 -0.9733402729034424 109 129 102
-7.502382278442383 2.750197172164917 -1.024608850479126 109 152 73
-7.276952743530273 2.370569944381714 -1.0570881366729736 70 108 47
-6.242263317108154 2.291110038757324 -1.1011651754379272 90 131 75
-5.882608890533447 1.916797161102295 -1.088266372680664 85 112 41
-4.959861755371094 1.8230801820755005 -1.0773125886917114 85 117 41
-5.074163913726807 1.653960108757019 -1.143259882926941 112 128 99
-28.288747787475586 9.160212516784668 5.777719974517822 115 150 180
-16.542007446289062 6.043869495391846 2.926309823989868 80 103 145
-22.523386001586914 8.247082710266113 3.090095281600952 99 122 130
-17.534908294677734 5.7081074714660645 2.1969492435455322 96 112 85
-23.439411163330078 8.59826946258545 2.295435905456543 106 130 130
-17.71687889099121 5.780684471130371 1.5324935913085938 96 124 112
-24.467248916625977 8.989363670349121 1.438169002532959 94 117 97
-18.955345153808594 6.195756435394287 0.9104542136192322 76 90 77
-15.13895034790039 5.570208549499512 0.30156686902046204 103 112 83
-16.61875343322754 5.442612648010254 0.15871387720108032 108 112 75
-14.954168319702148 5.51140832901001 -0.2843109369277954 110 119 90
-16.77969741821289 5.5008344650268555 -0.4846063256263733 81 105 79
-11.340237617492676 4.186002731323242 -0.6569989323616028 71 118 37
-11.116076469421387 3.65016508102417 -0.7492256164550781 66 115 49
-9.35081958770752 3.4553616046905518 -0.9070581793785095 98 155 74
-8.726401329040527 2.86732816696167 -0.9263790845870972 94 119 77
-7.463212013244629 2.761841297149658 -1.020411729812622 102 149 77
-7.327042579650879 2.4117770195007324 -1.065434217453003 63 106 63
-6.227804183959961 2.3075082302093506 -1.0998581647872925 93 124 83
-5.8579912185668945 1.9286757707595825 -1.0848016738891602 107 138 71
-5.04886531829834 1.8733974695205688 -1.0978881120681763 90 133 64
-5.038417339324951 1.6594253778457642 -1.1363475322723389 123 127 100
-16.978137969970703 5.555317401885986 3.471094846725464 87 116 114
-16.54189682006836 6.101418495178223 2.9295883178710938 99 136 154
-22.93623924255371 7.5278849601745605 3.7724552154541016 101 147 180
-22.26726531982422 8.230865478515625 3.0584073066711426 122 157 179
-19.15009880065918 6.298940181732178 2.401726245880127 96 127 112
-28.1297607421875 9.273796081542969 2.43564772605896 104 124 112
-18.803834915161133 6.974153518676758 1.1065295934677124 115 149 132
-18.725666046142578 6.1843342781066895 0.9003294706344604 107 128 113
-14.026130676269531 5.209671497344971 0.2797166407108307 91 105 82
-16.54026985168457 5.473153591156006 0.15812397003173828 132 145 119
-14.928755760192871 5.554123401641846 -0.2841504216194153 93 101 78
-16.754199981689453 5.549458980560303 -0.48435941338539124 72 91 35
-12.888055801391602 4.802325248718262 -0.7475221753120422 123 157 36
-10.97506046295166 3.6411993503570557 -0.7404705882072449 85 120 20
-9.31031608581543 3.472895622253418 -0.9041585326194763 92 154 71
-9.124547004699707 3.029198408126831 -0.9696274399757385 99 121 82
-7.4045281410217285 2.765981912612915 -1.0135436058044434 86 136 65
-7.375067710876465 2.452688455581665 -1.0735067129135132 90 127 76
-6.273366451263428 2.3463034629821777 -1.1091707944869995 117 153 92
-5.766069412231445 1.9180392026901245 -1.0688639879226685 90 125 67
-5.005468845367432 1.6656132936477661 -1.1300636529922485 119 146 101
-22.916786193847656 7.599460601806641 3.7730729579925537 81 117 131
-22.19916534423828 8.28319263458252 3.0525295734405518 120 149 163
-17.48447608947754 5.810581684112549 2.195056200027466 81 92 84
-25.51570701599121 9.537949562072754 2.504453182220459 111 167 194
-23.85749053955078 7.946549892425537 2.0678293704986572 84 101 83
-18.8814697265625 7.068919658660889 1.112369179725647 100 110 85
-18.707550048828125 6.24207067489624 0.9003750085830688 97 109 99
-14.218851089477539 5.330950736999512 0.28388482332229614 95 110 89
-16.49779510498047 5.515312671661377 0.15787892043590546 84 97 79
-14.46142292022705 5.430821895599365 -0.27557113766670227 109 114 73
-15.679179191589355 5.246817111968994 -0.4537440538406372 102 118 73
-11.08968448638916 3.7170345783233643 -0.7489699721336365 61 111 12
-8.851083755493164 2.9685916900634766 -0.9415310621261597 87 122 64
-7.382532596588135 2.480350971221924 -1.0756958723068237 103 136 93
-5.7470879554748535 1.9313279390335083 -1.0664386749267578 106 147 77
-4.953065872192383 1.6650716066360474 -1.1193808317184448 95 130 40
-17.294748306274414 5.776632308959961 3.543004274368286 89 132 177
-21.86549949645996 8.235201835632324 3.010108470916748 100 138 157
-17.34136962890625 5.82216215133667 2.1793224811553955 119 141 118
-19.147823333740234 6.443163871765137 1.6613283157348633 117 139 127
-23.716794967651367 7.994431018829346 1.1426398754119873 79 93 58
-16.229738235473633 5.481113910675049 0.15547388792037964 103 116 96
-16.13744354248047 5.4552788734436035 -0.46748805046081543 98 112 87
-10.969526290893555 3.7142333984375 -0.7416208982467651 74 108 32
-9.073749542236328 3.0742735862731934 -0.9662157893180847 100 134 58
-7.383330345153809 2.5058538913726807 -1.0769273042678833 104 139 97
-5.774709701538086 1.960348129272461 -1.0726752281188965 70 98 40
-4.925713062286377 1.6727133989334106 -1.1143536567687988 107 146 93
-17.23769187927246 5.833850860595703 2.8438937664031982 87 114 161
-23.71509552001953 8.043107986450195 2.983407497406006 107 119 115
-19.150611877441406 6.509575843811035 1.663295030593872 71 99 77
-23.029260635375977 7.841439723968506 1.1106692552566528 122 134 120
-17.578508377075195 5.996764183044434 0.16856996715068817 98 109 92
-16.264421463012695 5.553862571716309 -0.4716579020023346 86 110 76
-11.329171180725098 3.8747904300689697 -0.7667356133460999 70 111 17
-9.061450004577637 3.101130485534668 -0.9659147262573242 71 111 41
-7.387789726257324 2.532670021057129 -1.0787060260772705 113 138 81
-5.817113399505615 1.9946670532226562 -1.0816833972930908 72 110 51
-4.887260913848877 1.676396131515503 -1.1068129539489746 91 121 57
-17.306657791137695 5.916430950164795 2.858253002166748 115 139 141
-24.33942222595215 8.338200569152832 3.065152883529663 128 139 125
-19.133377075195312 6.569269180297852 1.6635409593582153 92 118 107
-22.762319564819336 7.828558921813965 1.0989482402801514 56 76 67
-16.64297866821289 5.734678745269775 0.15976664423942566 91 100 81
-16.038461685180664 5.531703948974609 -0.46559515595436096 80 97 55
-11.212529182434082 3.8733606338500977 -0.7596421837806702 79 123 38
-9.04813289642334 3.1276159286499023 -0.9655134081840515 72 100 25
-7.37811279296875 2.554675340652466 -1.078432321548462 88 114 77
-5.634142875671387 1.9512654542922974 -1.0487686395645142 118 158 98
-4.8349738121032715 1.675057291984558 -1.0961302518844604 101 134 77
-17.31083869934082 5.977238655090332 2.8619585037231445 102 126 138
-24.306217193603516 8.410235404968262 3.06420636177063 119 150 142
-22.136695861816406 7.676432132720947 1.9267014265060425 90 110 108
-22.220130920410156 7.718400955200195 1.0739099979400635 108 122 107
-16.406206130981445 5.709463119506836 0.15766112506389618 103 106 89
-15.06704044342041 5.248437404632568 -0.43786025047302246 74 101 66
-10.783173561096191 3.7621095180511475 -0.7313321232795715 83 130 58
-8.853440284729004 3.0907576084136963 -0.9457455277442932 78 120 57
-7.3534088134765625 2.571413278579712 -1.0759695768356323 102 122 85
-5.707150936126709 1.9961804151535034 -1.0634937286376953 86 149 34
-4.829812049865723 1.6898828744888306 -1.0961302518844604 57 91 31
-24.14371109008789 8.419543266296387 3.9958722591400146 101 121 112
-21.919950485229492 7.659940719604492 2.766326904296875 117 135 121
-18.9600830078125 6.6400980949401855 1.6519852876663208 99 133 98
-22.44520378112793 7.873834609985352 1.085950255393982 107 125 99
-16.399932861328125 5.7637481689453125 0.15777002274990082 112 117 95
-15.468607902526855 5.441591739654541 -0.4500131607055664 75 98 52
-11.453981399536133 4.0356059074401855 -0.7776634693145752 93 135 53
-8.80638313293457 3.10467267036438 -0.9417317509651184 89 128 61
-7.240869998931885 2.5570175647735596 -1.0606454610824585 94 110 84
-5.617420673370361 1.984158992767334 -1.0479024648666382 112 142 80
-4.825526714324951 1.7050182819366455 -1.0963397026062012 90 137 85
-23.655807495117188 8.348062515258789 2.988612651824951 111 141 143
-19.087139129638672 6.7504072189331055 1.664852261543274 102 128 115
-22.44260025024414 7.95033073425293 1.0869992971420288 104 120 117
-16.204065322875977 5.75082540512085 0.15605473518371582 88 102 85
-15.33409595489502 5.447196006774902 -0.446584016084671 112 117 53
-10.835103988647461 3.8549644947052 -0.7364445328712463 136 171 27
-8.870865821838379 3.1580371856689453 -0.949658989906311 79 128 39
-7.237656593322754 2.580883741378784 -1.0613296031951904 90 133 64
-5.651196002960205 2.015610694885254 -1.0553516149520874 76 107 63
-4.81658935546875 1.7185003757476807 -1.0955017805099487 108 149 70
-16.377256393432617 5.824131488800049 2.7163593769073486 117 136 132
-23.208236694335938 8.270272254943848 2.9352593421936035 125 164 171
-22.469635009765625 8.024312019348145 1.9620243310928345 105 125 124
-23.58161735534668 8.435344696044922 1.1434152126312256 82 93 76
-15.50199031829834 5.555266857147217 0.14945678412914276 95 98 77
-15.266501426696777 5.47598934173584 -0.44510260224342346 74 108 73
-10.805381774902344 3.881777286529541 -0.7352303266525269 127 175 73
-8.583990097045898 3.0856149196624756 -0.9199570417404175 78 116 69
-7.209199905395508 2.595693588256836 -1.0583194494247437 85 116 56
-5.968376636505127 2.149402379989624 -1.1158108711242676 79 110 51
-4.797495365142822 1.728298306465149 -1.0923599004745483 62 106 43
-16.975820541381836 6.095726013183594 2.8187265396118164 80 104 138
-22.75950050354004 8.189143180847168 2.881669521331787 117 149 146
-24.351884841918945 8.780828475952148 2.128722667694092 117 153 139
-14.796574592590332 5.353756904602051 0.14281345903873444 94 109 80
-14.608628273010254 5.290656089782715 -0.4263932406902313 111 133 110
-11.045783996582031 4.006444454193115 -0.7524208426475525 83 122 15
-8.915853500366211 3.2358291149139404 -0.9565826654434204 91 144 88
-7.19375467300415 2.615091562271118 -1.0572248697280884 78 97 51
-5.948796272277832 2.1629912853240967 -1.113385558128357 89 126 57
-4.786656856536865 1.7410032749176025 -1.0911030769348145 67 113 40
-24.12774085998535 8.747518539428711 4.01069450378418 90 124 159
-22.79493522644043 8.280967712402344 2.8893589973449707 101 122 139
-21.65953254699707 7.885190963745117 1.8954761028289795 94 110 100
-29.144527435302734 10.627402305603027 1.416282296180725 67 85 61
-17.11036491394043 6.250374794006348 0.16532999277114868 98 114 88
-14.45431900024414 5.284988880157471 -0.42236053943634033 98 110 64
-11.04374885559082 4.044088363647461 -0.7531238794326782 129 170 50
-8.91989803314209 3.2683019638061523 -0.9580878615379333 73 103 69
-7.214526176452637 2.6477293968200684 -1.0614663362503052 104 131 76
-5.850600719451904 2.147632598876953 -1.0962351560592651 104 140 78
-4.819844722747803 1.76983642578125 -1.0999006032943726 84 132 70
-16.887996673583984 6.181434631347656 2.8103890419006348 93 120 129
-22.761962890625 8.348127365112305 2.8884124755859375 144 170 167
-23.883142471313477 8.777776718139648 2.092416286468506 131 170 167
-22.940505981445312 8.444966316223145 1.1160509586334229 61 65 50
-15.269133567810059 5.6309332847595215 0.14770519733428955 104 118 92
-14.90973949432373 5.503422260284424 -0.4361594319343567 130 134 99
-11.014440536499023 4.071722507476807 -0.7519735097885132 124 148 60
-8.601885795593262 3.1817474365234375 -0.924974262714386 80 120 58
-7.184075355529785 2.6615912914276123 -1.0581825971603394 101 134 89
-5.885542392730713 2.18097186088562 -1.1040308475494385 102 127 88
-4.762131690979004 1.7652430534362793 -1.0879610776901245 99 147 87
-16.936607360839844 6.25821590423584 2.821660280227661 126 159 164
-22.436397552490234 8.306904792785645 2.8503201007843018 105 121 111
-23.36180305480957 8.66761589050293 2.0490615367889404 106 129 119
-22.92572784423828 8.51948356628418 1.1165982484817505 73 92 73
-15.615391731262207 5.8131103515625 0.15122652053833008 89 99 88
-14.11344051361084 5.2587504386901855 -0.41333502531051636 98 116 90
-10.986002922058105 4.099564075469971 -0.7508871555328369 59 105 30
-8.743083000183105 3.264503240585327 -0.9412299990653992 69 114 47
-7.180515289306641 2.685354232788086 -1.0588667392730713 70 107 66
-17.145977020263672 6.39543342590332 2.8597970008850098 106 143 161
-21.711339950561523 8.11428451538086 2.7613582611083984 98 132 144
-28.590679168701172 10.707518577575684 2.5105552673339844 92 121 117
-24.0611515045166 9.025529861450195 1.173242211341858 90 107 91
-14.936629295349121 5.612664222717285 0.14481915533542633 95 100 93
-21.909320831298828 8.264970779418945 2.789750337600708 104 126 140
