ply
format ascii 1.0
element vertex 6495
property float x
property float y
property float z
property uchar red
property uchar green
property uchar blue
end_header
-13.902424812316895 -4.133794784545898 0.019238829612731934 48 76 77
-13.792746543884277 -4.095942974090576 -0.5069682598114014 105 119 93
-12.102251052856445 -3.586573362350464 -0.9061220288276672 57 89 13
-9.05893611907959 -2.680541515350342 -1.0282965898513794 85 117 8
-13.880314826965332 -4.090916633605957 0.5483171939849854 179 247 224
-13.864192962646484 -4.076173305511475 0.01916852779686451 77 97 106
-11.874987602233887 -3.4868295192718506 -0.4360835552215576 71 95 69
-11.923674583435059 -3.4938929080963135 -0.8919448852539062 74 96 32
-9.105281829833984 -2.663902521133423 -1.0326248407363892 60 103 50
-6.196173667907715 -1.8079817295074463 -0.9424241185188293 82 110 59
-5.283346176147461 -1.5346258878707886 -1.0119367837905884 43 75 28
-4.945367813110352 -1.4333668947219849 -1.1464823484420776 79 117 16
-13.927337646484375 -4.058377265930176 0.5496802926063538 198 249 253
-14.066764831542969 -4.088886260986328 0.019431164488196373 73 71 82
-14.02012825012207 -4.070023059844971 -0.5143982768058777 84 97 77
-11.439029693603516 -3.313807725906372 -0.8549266457557678 58 86 37
-9.132512092590332 -2.641479730606079 -1.0347890853881836 90 123 70
-5.246195316314697 -1.5133376121520996 -0.7972246408462524 76 102 54
-5.568784713745117 -1.599025845527649 -1.0656630992889404 78 108 70
-4.958187580108643 -1.4206078052520752 -1.1484384536743164 63 96 27
-13.737113952636719 -3.957263946533203 0.5416908860206604 194 251 255
-14.024459838867188 -4.029968738555908 0.01935555785894394 78 97 112
-11.81834888458252 -3.391570806503296 -0.43323126435279846 83 104 85
-11.021476745605469 -3.1562271118164062 -0.822992205619812 61 90 36
-9.341297149658203 -2.670839548110962 -1.057512640953064 76 107 31
-5.592430591583252 -1.594645380973816 -0.8490919470787048 86 106 57
-5.548118591308594 -1.5746831893920898 -1.0607788562774658 40 75 35
-4.928712368011475 -1.3958145380020142 -1.1406141519546509 47 91 0
-13.539673805236816 -3.855440616607666 0.5334363579750061 208 255 242
-14.315722465515137 -4.066158771514893 0.019740227609872818 77 96 113
-11.864272117614746 -3.365387439727783 -0.43453413248062134 97 115 77
-11.364133834838867 -3.216663122177124 -0.8478381037712097 60 82 44
-9.429805755615234 -2.6648778915405273 -1.0666019916534424 67 114 18
-6.463986873626709 -1.8217389583587646 -0.9805660843849182 100 141 45
-5.571862697601318 -1.5629669427871704 -1.064396858215332 62 95 52
-5.057987689971924 -1.4156776666641235 -1.169520616531372 79 134 51
-13.923361778259277 -3.924588918685913 1.0777950286865234 255 255 255
-14.009449005126953 -3.9327590465545654 0.019301172345876694 69 93 119
-12.606837272644043 -3.5342681407928467 -0.4613316059112549 73 95 74
-11.233708381652832 -3.1425516605377197 -0.8373842239379883 70 88 46
-9.678266525268555 -2.703057050704956 -1.0937621593475342 70 112 49
-5.723169803619385 -1.5940183401107788 -0.8674405217170715 83 136 30
-5.606012344360352 -1.5540097951889038 -1.0700045824050903 64 104 31
-4.548644542694092 -1.258082389831543 -1.050851583480835 54 100 35
-14.052284240722656 -3.8983144760131836 0.019343620166182518 78 99 120
-11.93670654296875 -3.3069345951080322 -0.4364356994628906 77 108 67
-11.464412689208984 -3.1691973209381104 -0.8538526296615601 62 80 28
-9.724845886230469 -2.6839311122894287 -1.0980905294418335 52 110 49
-6.517974853515625 -1.7938579320907593 -0.9870675206184387 100 152 78
-5.698969841003418 -1.5609662532806396 -1.0868279933929443 36 64 26
-4.471508026123047 -1.2219922542572021 -1.0321601629257202 66 104 29
-13.702738761901855 -3.7658815383911133 0.5384723544120789 174 215 247
-14.128793716430664 -3.872896432876587 0.019432490691542625 66 87 108
-12.612863540649414 -3.4526259899139404 -0.4607681930065155 83 94 78
-10.291553497314453 -2.81101655960083 -0.7658538818359375 58 87 57
-9.797294616699219 -2.6716058254241943 -1.1053403615951538 78 101 81
-6.513899803161621 -1.7712562084197998 -0.9856228232383728 84 122 13
-5.712275981903076 -1.545786738395691 -1.0884560346603394 53 78 48
-4.524238109588623 -1.2214982509613037 -1.0434619188308716 68 92 16
-13.670830726623535 -3.712040901184082 0.5367684364318848 193 249 246
-14.151226043701172 -3.832406997680664 0.01944708079099655 72 99 118
-12.039738655090332 -3.2560675144195557 -0.4394640326499939 82 104 83
-11.893876075744629 -3.2094924449920654 -0.8843550682067871 44 90 51
-9.830402374267578 -2.648258924484253 -1.1081537008285522 113 127 128
-6.5164361000061035 -1.7504934072494507 -0.9851893186569214 53 139 50
-5.803454399108887 -1.5513675212860107 -1.1049176454544067 74 91 57
-4.778837203979492 -1.2745202779769897 -1.101275086402893 76 111 45
-14.056536674499512 -3.7802374362945557 1.6213964223861694 255 255 255
-14.191899299621582 -3.796726942062378 0.01948687620460987 83 109 124
-14.213398933410645 -3.7971627712249756 -0.518377423286438 81 103 82
-12.240026473999023 -3.262645959854126 -0.9093441367149353 19 52 23
-9.854812622070312 -2.6224334239959717 -1.1099932193756104 96 140 55
-5.213403701782227 -1.3833285570144653 -0.7875446677207947 140 198 114
-5.802481174468994 -1.5320490598678589 -1.1038322448730469 65 81 36
-5.0196428298950195 -1.3222613334655762 -1.1558281183242798 66 112 40
-13.971054077148438 -3.7113234996795654 1.6102150678634644 255 255 255
-14.172541618347168 -3.7449936866760254 0.019444428384304047 105 132 139
-14.02205753326416 -3.699993133544922 -0.5109825730323792 94 112 86
-12.69753646850586 -3.3429083824157715 -0.9425674080848694 69 108 27
-9.879157066345215 -2.596482753753662 -1.111832857131958 96 124 66
-6.766350746154785 -1.773186206817627 -1.0213086605072021 79 115 17
-5.734826564788818 -1.4953804016113281 -1.090084195137024 90 110 61
-5.107749938964844 -1.328726053237915 -1.1751716136932373 53 120 49
-14.006406784057617 -3.6747488975524902 1.6129827499389648 255 255 255
-14.038043022155762 -4.216130256652832 -0.12075057625770569 61 83 94
-14.03237533569336 -3.6567046642303467 -0.5109473466873169 86 104 66
-13.203246116638184 -3.9596331119537354 -0.6167766451835632 80 98 82
-12.93844985961914 -3.363922119140625 -0.9596802592277527 46 83 31
-9.915943145751953 -2.5736541748046875 -1.1150790452957153 69 94 55
-6.59453821182251 -1.7065571546554565 -0.9945803284645081 83 111 36
-5.739387512207031 -1.4777791500091553 -1.090084195137024 74 124 37
-5.15623664855957 -1.324463129043579 -1.1853867769241333 136 143 63
-13.98779010772705 -3.624033212661743 1.6095508337020874 251 255 255
-13.65358829498291 -4.063079833984375 0.4023866057395935 213 253 253
-14.00777530670166 -4.160231113433838 -0.12037986516952515 48 50 65
-13.897381782531738 -3.576030969619751 -0.5056301355361938 63 88 58
-13.850334167480469 -4.107422351837158 -0.6464130282402039 71 104 59
-12.975759506225586 -3.3311562538146973 -0.9616851210594177 92 116 28
-9.915125846862793 -2.540999174118042 -1.114105224609375 87 117 65
-8.387813568115234 -2.476325273513794 -1.037136197090149 86 130 33
-6.230639934539795 -1.592007040977478 -0.938956618309021 106 152 44
-5.806804180145264 -1.47615647315979 -1.1020233631134033 75 105 31
-5.121483325958252 -1.2988001108169556 -1.1764756441116333 78 128 69
-13.788735389709473 -4.0572896003723145 0.4060007631778717 237 255 255
-13.331585884094238 -3.914938449859619 -0.11446508020162582 58 66 79
-14.712235450744629 -3.737619161605835 -0.5348573327064514 100 104 90
-13.304943084716797 -3.9013137817382812 -0.6203973889350891 99 123 99
-13.030393600463867 -3.3026039600372314 -0.9649787545204163 45 82 28
-11.352883338928223 -3.3211798667907715 -0.9650142788887024 55 108 38
-9.886251449584961 -2.5013022422790527 -1.1099932193756104 109 136 67
-6.097333908081055 -1.5380334854125977 -0.9181519746780396 87 132 39
-5.151944637298584 -1.5015908479690552 -0.8357367515563965 111 153 87
-5.794135093688965 -1.4540255069732666 -1.0987671613693237 65 102 6
-5.299769401550293 -1.5415655374526978 -1.0690678358078003 82 134 36
-5.17373514175415 -1.2951704263687134 -1.1875600814819336 73 99 62
-13.842154502868652 -4.032932758331299 0.9353824853897095 235 254 252
-13.90573787689209 -4.045402526855469 0.4090784788131714 136 149 193
-14.000388145446777 -4.064723014831543 -0.12009977549314499 59 75 46
-14.424100875854492 -3.61734676361084 -0.5239763855934143 89 108 80
-13.853208541870117 -4.015963554382324 -0.6453849077224731 46 57 51
-13.030789375305176 -3.260190963745117 -0.9642627835273743 75 112 32
-10.051311492919922 -2.9069712162017822 -0.8536164164543152 72 102 38
-9.881340980529785 -2.4678285121917725 -1.1085866689682007 84 108 60
-8.683359146118164 -2.50575852394104 -1.071758508682251 55 108 20
-7.14191198348999 -1.7782378196716309 -1.0746206045150757 78 117 38
-5.865775108337402 -1.6901373863220215 -0.9506871700286865 112 148 76
-5.820525646209717 -1.4416810274124146 -1.102927803993225 56 113 60
-5.384673118591309 -1.5483601093292236 -1.0852313041687012 97 127 73
-5.165365219116211 -1.2762478590011597 -1.1847347021102905 116 170 120
-13.869804382324219 -3.994865655899048 0.936418354511261 236 255 255
-13.968997955322266 -4.017364025115967 0.41057494282722473 150 203 133
-17.75288200378418 -4.394308567047119 -0.6444064378738403 84 108 76
-12.55843448638916 -3.598886251449585 -0.5845476388931274 99 126 107
-13.046539306640625 -3.221632242202759 -0.9646923542022705 83 125 43
-10.048683166503906 -2.872832775115967 -0.8526406288146973 69 107 48
-9.885004043579102 -2.436549425125122 -1.1081537008285522 59 88 42
-8.876265525817871 -2.531951665878296 -1.0946044921875 111 154 39
-7.209794044494629 -1.7716666460037231 -1.0840116739273071 63 113 16
-6.1978349685668945 -1.76524019241333 -1.0036227703094482 93 117 57
-5.821099758148193 -1.4228830337524414 -1.1022042036056519 72 115 33
-5.387509822845459 -1.5312960147857666 -1.0848510265350342 54 77 33
-5.158824920654297 -1.257851243019104 -1.18234384059906 60 88 37
-13.956856727600098 -3.9736084938049316 0.9414681792259216 222 254 251
-13.972603797912598 -3.972028970718384 0.41032081842422485 123 138 169
-11.9423246383667 -3.3878936767578125 -0.10226480662822723 70 88 100
-16.590599060058594 -4.052635669708252 -0.6017628908157349 107 115 94
-11.873517990112305 -3.363224744796753 -0.552184522151947 78 119 75
-13.065083503723145 -3.183716297149658 -0.965336799621582 69 111 65
-10.492895126342773 -2.9650368690490723 -0.8895564675331116 64 87 61
-9.890501022338867 -2.4057414531707764 -1.1079373359680176 63 80 48
-8.823777198791504 -2.487731456756592 -1.0871853828430176 70 105 23
-7.23635196685791 -1.754668951034546 -1.0871901512145996 110 141 100
-6.104304313659668 -1.7183719873428345 -0.9876189231872559 64 110 2
-5.858900547027588 -1.413088321685791 -1.108535647392273 47 86 23
-5.445111274719238 -1.5296289920806885 -1.0954997539520264 106 137 78
-5.114260196685791 -1.2303744554519653 -1.1712595224380493 123 141 93
-14.04967212677002 -3.9534761905670166 0.9469064474105835 220 255 246
-14.143509864807129 -3.973755359649658 0.4149797260761261 155 183 222
-20.796640396118164 -5.0201802253723145 0.028378069400787354 63 81 91
-15.173792839050293 -3.657254695892334 -0.5499638915061951 58 82 56
-12.649544715881348 -3.541151762008667 -0.5877660512924194 76 93 77
-13.074790000915527 -3.143618106842041 -0.965336799621582 87 109 62
-10.048842430114746 -2.806295871734619 -0.8511770367622375 64 103 46
-9.89493465423584 -2.374690294265747 -1.1076127290725708 78 99 68
-8.739534378051758 -2.435061454772949 -1.0758802890777588 73 91 39
-7.259985446929932 -1.736834168434143 -1.0899351835250854 88 123 55
-6.063854694366455 -1.686924695968628 -0.9802325963973999 75 121 31
-5.889998435974121 -1.4014812707901 -1.113600730895996 65 100 16
-5.4507246017456055 -1.5131789445877075 -1.0956898927688599 90 114 62
-5.098066329956055 -1.2099448442459106 -1.166695237159729 76 113 70
-14.131556510925293 -3.923659324645996 0.41427382826805115 209 255 252
-15.183968544006348 -3.6104536056518555 -0.5499286651611328 89 106 72
-12.577546119689941 -3.4794201850891113 -0.5839218497276306 71 92 77
-13.210538864135742 -3.133415699005127 -0.9746450185775757 89 129 30
-11.230511665344238 -3.0991852283477783 -0.9504593014717102 74 99 59
-9.92539119720459 -2.349818706512451 -1.1102097034454346 110 146 82
-8.760368347167969 -2.4119279384613037 -1.077528953552246 67 108 48
-7.294171333312988 -1.7213709354400635 -1.0942695140838623 65 113 29
-6.083292484283447 -1.6722415685653687 -0.9825408458709717 90 149 5
-5.906717777252197 -1.3863258361816406 -1.1159523725509644 83 121 44
-5.412736415863037 -1.48476243019104 -1.0871329307556152 87 113 78
-5.080845832824707 -1.1894038915634155 -1.1619136333465576 81 129 11
-14.183050155639648 -3.8911290168762207 0.4154314696788788 217 255 253
-13.279509544372559 -3.1194875240325928 0.018094103783369064 55 89 88
-14.566431045532227 -3.416433334350586 -0.5271807909011841 75 97 59
-12.068753242492676 -3.2988429069519043 -0.5598282814025879 82 105 77
-13.182212829589844 -3.084010362625122 -0.9718526005744934 84 125 33
-11.361127853393555 -3.0977516174316406 -0.9607046842575073 71 94 52
-9.510468482971191 -2.2207956314086914 -1.0630311965942383 87 136 29
-8.95649528503418 -2.436389923095703 -1.100728154182434 38 96 35
-7.311946868896484 -1.7019007205963135 -1.0961477756500244 74 103 13
-6.335363388061523 -1.7206456661224365 -1.022396445274353 95 137 51
-5.977056980133057 -1.3835010528564453 -1.1284343004226685 93 125 62
-5.269444942474365 -1.4280879497528076 -1.0574681758880615 80 117 63
-5.076862335205078 -1.1720539331436157 -1.1601749658584595 71 107 43
-14.084135055541992 -3.8283896446228027 1.47969388961792 254 255 255
-13.279274940490723 -3.076474905014038 0.01808083802461624 31 51 40
-14.916655540466309 -3.450329065322876 -0.5394702553749084 60 90 56
-12.105822563171387 -3.2690935134887695 -0.5610799193382263 87 94 76
-13.228545188903809 -3.052074432373047 -0.9745734930038452 69 95 68
-11.38597583770752 -3.0670294761657715 -0.9620056748390198 68 106 23
-10.004530906677246 -2.3038203716278076 -1.1174596548080444 106 151 68
-9.032978057861328 -2.4274563789367676 -1.109207034111023 74 129 72
-7.352818012237549 -1.6876503229141235 -1.10149347782135 80 112 29
-5.679256916046143 -1.5237576961517334 -0.9157557487487793 76 122 32
-6.171124458312988 -1.4084885120391846 -1.1642518043518066 52 103 26
-5.369585037231445 -1.4375581741333008 -1.0766741037368774 98 130 55
-5.138490676879883 -1.16968834400177 -1.1734328269958496 96 130 17
-13.082310676574707 -2.997713565826416 0.5085593461990356 183 227 212
-13.267203330993652 -3.030820608139038 0.01805165596306324 44 52 55
-14.40035343170166 -3.847545862197876 -0.12279356271028519 73 92 106
-14.580299377441406 -3.3254356384277344 -0.5269342660903931 102 118 82
-11.988382339477539 -3.1979501247406006 -0.5551794767379761 91 115 81
-13.345803260803223 -3.03603458404541 -0.9825212955474854 97 134 41
-11.457938194274902 -3.0487418174743652 -0.9672910571098328 80 115 47
-10.006704330444336 -2.272015333175659 -1.1169185638427734 59 95 49
-9.124845504760742 -2.422152519226074 -1.119570255279541 92 136 77
-7.369542121887207 -1.6677049398422241 -1.103227138519287 68 116 16
-6.0497145652771 -1.6032723188400269 -0.9746927618980408 72 115 36
-6.092898845672607 -1.3709815740585327 -1.1486947536468506 83 122 43
-5.262922286987305 -1.3917124271392822 -1.054425597190857 73 88 55
-5.169675350189209 -1.16011643409729 -1.179735779762268 74 113 66
-13.134333610534668 -2.967252492904663 0.5102253556251526 72 57 78
-13.220832824707031 -2.9775795936584473 0.017976049333810806 41 50 49
-14.378249168395996 -3.7944176197052 -0.12250523269176483 66 88 86
-14.666485786437988 -3.2977888584136963 -0.5296809077262878 77 93 67
-15.598544120788574 -4.1097564697265625 -0.7217779755592346 81 95 69
-13.36965274810791 -2.998349666595459 -0.9835952520370483 100 137 41
-11.721722602844238 -3.0804531574249268 -0.9887574911117554 79 115 25
-10.007807731628418 -2.240001916885376 -1.1162693500518799 88 112 88
-9.37910270690918 -2.458866596221924 -1.149835228919983 78 132 80
-7.390076160430908 -1.6485347747802734 -1.1055387258529663 76 123 29
-6.1616644859313965 -1.612725853919983 -0.9919276237487793 78 122 7
-6.078833103179932 -1.3482362031936646 -1.1452577114105225 43 70 55
-5.119933605194092 -1.3371083736419678 -1.0249512195587158 53 71 57
-5.21895694732666 -1.1543692350387573 -1.1901682615280151 67 95 57
-13.172637939453125 -2.933459520339966 0.5113613605499268 65 50 69
-13.15864086151123 -2.9211838245391846 0.017879219725728035 34 43 42
-14.410143852233887 -3.7555840015411377 -0.1226782351732254 95 110 103
-15.056082725524902 -3.3368968963623047 -0.5433789491653442 21 36 13
-13.60204792022705 -3.539146900177002 -0.6288904547691345 91 100 71
-13.405085563659668 -2.9631307125091553 -0.9855285286903381 86 123 28
-11.907663345336914 -3.090294361114502 -1.0036375522613525 75 111 23
-10.006865501403809 -2.2075743675231934 -1.115403652191162 80 117 47
-9.38371753692627 -2.4293336868286133 -1.1494818925857544 78 108 54
-7.3902668952941895 -1.624792218208313 -1.1048164367675781 86 118 53
-5.988646030426025 -1.5478248596191406 -0.9633054733276367 92 136 38
-6.125216960906982 -1.3388206958770752 -1.1532171964645386 84 114 42
-5.215273857116699 -1.3449293375015259 -1.0432063341140747 80 115 59
-5.231057167053223 -1.1402231454849243 -1.1921242475509644 91 132 66
-13.169862747192383 -2.8904619216918945 0.5109069347381592 71 55 81
-13.817231178283691 -4.102754592895508 0.26945504546165466 215 255 247
-13.148980140686035 -2.876739263534546 0.01785401627421379 37 41 40
-14.584290504455566 -3.753225088119507 -0.1240621879696846 79 101 98
-13.983591079711914 -4.143920421600342 -0.2601783871650696 41 57 31
-13.210185050964355 -2.885298013687134 -0.47643816471099854 28 32 43
-13.7889404296875 -3.5426430702209473 -0.6370259523391724 74 87 70
-13.563223838806152 -2.9544713497161865 -0.9964836239814758 82 117 25
-12.056119918823242 -3.089374303817749 -1.0153465270996094 90 126 28
-7.136383533477783 -2.1081702709198 -0.6770767569541931 77 94 40
-9.969876289367676 -2.1673600673675537 -1.1105343103408813 55 107 59
-9.148675918579102 -2.3385589122772217 -1.1198056936264038 76 125 44
-7.371039867401123 -1.5968737602233887 -1.1012043952941895 88 126 41
-6.077618598937988 -1.5509449243545532 -0.976847231388092 68 105 35
-6.11487340927124 -1.3169164657592773 -1.1505036354064941 68 91 21
-5.277411460876465 -1.3436994552612305 -1.0548059940338135 90 126 18
-5.214489459991455 -1.1198650598526 -1.1875600814819336 87 126 37
-13.182575225830078 -2.85088849067688 0.5110583901405334 218 222 249
-13.869086265563965 -4.071892738342285 0.27022141218185425 199 245 235
-13.15285587310791 -2.835331439971924 0.01784738339483738 38 44 42
-14.430007934570312 -3.666355609893799 -0.1226535215973854 40 45 65
-12.166470527648926 -3.56486439704895 -0.2261645346879959 113 142 137
-13.188687324523926 -2.83823823928833 -0.47534656524658203 27 30 37
-13.581870079040527 -3.4450581073760986 -0.6269683837890625 96 109 89
-9.902953147888184 -2.896195411682129 -0.5607772469520569 84 92 71
-13.63853931427002 -2.9270784854888916 -1.0013525485992432 15 47 10
-12.106122970581055 -3.062638521194458 -1.0187616348266602 74 113 24
-9.968589782714844 -2.9116146564483643 -0.9449353218078613 71 108 31
-9.95314884185791 -2.1317660808563232 -1.1079373359680176 89 129 32
-9.225132942199707 -2.327974319458008 -1.1282845735549927 72 116 53
-8.164412498474121 -2.3804774284362793 -1.0904910564422607 76 122 49
-7.3768720626831055 -1.5744587182998657 -1.101348876953125 62 107 22
-6.108218669891357 -1.538809061050415 -0.9810020327568054 56 113 8
-5.870975971221924 -1.7092289924621582 -1.0126146078109741 62 105 0
-6.159292697906494 -1.30672287940979 -1.1581013202667236 76 108 58
-5.6290388107299805 -1.414853572845459 -1.1242135763168335 67 70 61
-5.3133463859558105 -1.544169545173645 -1.128051996231079 55 98 26
-5.116674900054932 -1.0824474096298218 -1.1645218133926392 74 115 37
-13.256741523742676 -2.824382781982422 0.5135953426361084 222 255 248
-13.981372833251953 -4.058309555053711 0.27216529846191406 59 85 74
-13.1654052734375 -2.7957966327667236 0.01785269007086754 38 42 45
-14.190948486328125 -3.5593035221099854 -0.12052814662456512 43 42 60
-11.966071128845215 -3.4663186073303223 -0.22224055230617523 93 121 109
-13.193422317504883 -2.796933650970459 -0.4752057194709778 27 30 37
-16.41531753540039 -4.11020565032959 -0.7571807503700256 94 104 41
-13.78423023223877 -3.9854395389556885 -0.7798673510551453 72 94 55
-13.700151443481445 -2.8963630199432373 -1.0052191019058228 30 34 37
-12.178317070007324 -3.0411794185638428 -1.0240470170974731 72 124 16
-9.963123321533203 -2.87687349319458 -0.9435760974884033 63 94 53
-10.005359649658203 -2.110865354537964 -1.113023042678833 96 124 21
-9.214887619018555 -2.2953407764434814 -1.1261649131774902 75 107 57
-8.1240234375 -2.3416824340820312 -1.0841317176818848 84 121 43
-7.378762722015381 -1.551208734512329 -1.100915551185608 47 98 0
-6.493588924407959 -1.6147232055664062 -1.0420933961868286 82 132 1
-5.880932331085205 -1.6925733089447021 -1.013431429862976 91 133 51
-6.175787925720215 -1.2904354333877563 -1.1604530811309814 56 69 39
-5.630494594573975 -1.396868109703064 -1.123643159866333 61 75 50
-5.341602802276611 -1.5346252918243408 -1.1330461502075195 63 97 36
-5.147683143615723 -1.072518229484558 -1.170824646949768 98 128 28
-13.988410949707031 -4.020997524261475 0.8030410408973694 253 255 250
-13.289793968200684 -2.7888290882110596 0.5145419836044312 225 255 250
-13.176857948303223 -2.756006956100464 0.017856668680906296 34 42 45
-13.3386812210083 -3.81961727142334 -0.24751462042331696 36 54 42
-13.209766387939453 -2.758077621459961 -0.4754874110221863 24 23 31
-16.4278507232666 -4.059824466705322 -0.7571807503700256 91 114 68
-13.494926452636719 -3.8569695949554443 -0.7628264427185059 71 72 76
-13.196314811706543 -2.7475783824920654 -0.9676280617713928 30 30 38
-12.258234024047852 -3.0212137699127197 -1.0299828052520752 84 119 55
-9.997759819030762 -2.8536739349365234 -0.9460227489471436 87 114 45
-9.897908210754395 -2.0564982891082764 -1.100362777709961 79 120 52
-9.104236602783203 -2.2381370067596436 -1.11179780960083 90 127 58
-8.116861343383789 -2.3126704692840576 -1.0822240114212036 86 126 12
-7.3708906173706055 -1.5259559154510498 -1.0990372896194458 82 112 48
-6.374722003936768 -1.564414143562317 -1.022242546081543 76 121 18
-5.894637584686279 -1.6769524812698364 -1.014901876449585 57 92 50
-6.162377834320068 -1.2679145336151123 -1.1571968793869019 87 115 57
-5.658593654632568 -1.385424256324768 -1.1283971071243286 84 97 80
-5.309525489807129 -1.5077910423278809 -1.1252553462982178 52 88 16
-5.084017276763916 -1.0429891347885132 -1.1556107997894287 73 116 27
-13.286543846130371 -2.7456166744232178 0.5140875577926636 234 254 252
-13.192107200622559 -2.71697998046875 0.017865953966975212 39 38 46
-13.216611862182617 -3.7408273220062256 -0.24503536522388458 102 110 73
-13.235787391662598 -2.7211601734161377 -0.47612127661705017 29 28 36
-13.979870796203613 -3.409379243850708 -0.6438651084899902 68 79 62
-13.522069931030273 -3.8198928833007812 -0.7636947631835938 83 103 92
-13.703986167907715 -2.809441328048706 -1.0042166709899902 84 120 50
-12.350732803344727 -3.003848075866699 -1.036975622177124 72 107 25
-10.771329879760742 -3.0387678146362305 -1.0183336734771729 56 84 35
-9.910014152526855 -2.027317762374878 -1.1010119915008545 72 123 30
-9.291525840759277 -2.2539730072021484 -1.1338194608688354 78 131 61
-8.127737045288086 -2.288832902908325 -1.0827326774597168 99 142 60
-7.335785388946533 -1.4952325820922852 -1.0931137800216675 79 121 39
-7.011390686035156 -1.6978693008422852 -1.1234973669052124 81 126 35
-5.98048210144043 -1.681558609008789 -1.0287889242172241 78 103 64
-6.225038051605225 -1.2609127759933472 -1.16823148727417 92 128 64
-5.771607398986816 -1.394339680671692 -1.150075078010559 71 85 60
-5.329220294952393 -1.4957308769226074 -1.1284515857696533 65 117 32
-4.9379353523254395 -0.9972432851791382 -1.1217052936553955 91 121 67
-13.264548301696777 -2.6986653804779053 0.5129137635231018 246 255 255
-13.222921371459961 -2.6810646057128906 0.017896462231874466 30 30 42
-20.752845764160156 -5.002565383911133 -0.17586186528205872 91 103 91
-13.353200912475586 -3.735276699066162 -0.24735409021377563 96 119 90
-13.218605995178223 -2.6753861904144287 -0.4752057194709778 25 28 35
-15.1965913772583 -3.6567513942718506 -0.6993830800056458 59 78 74
-13.048043251037598 -3.6427950859069824 -0.7362881302833557 102 120 82
-14.010746002197266 -2.8275671005249023 -1.0260552167892456 41 74 5
-12.343415260314941 -2.961988925933838 -1.0355933904647827 85 118 49
-10.976298332214355 -3.0602691173553467 -1.0368191003799438 53 83 31
-9.910340309143066 -1.9957271814346313 -1.100362777709961 83 131 69
-9.137114524841309 -2.1868553161621094 -1.1141531467437744 53 81 22
-8.153831481933594 -2.269205093383789 -1.0852763652801514 71 116 61
-7.37914514541626 -1.4805055856704712 -1.0988928079605103 76 108 32
-7.041553497314453 -1.682320475578308 -1.1274982690811157 70 120 23
-6.0093770027160645 -1.6698060035705566 -1.0328733921051025 66 101 17
-6.250097274780273 -1.2460391521453857 -1.1722112894058228 95 122 43
-5.795913219451904 -1.3814059495925903 -1.1540684700012207 72 112 23
-5.373440742492676 -1.4903732538223267 -1.1368415355682373 84 123 34
-4.9323554039001465 -0.9803766012191772 -1.1197493076324463 76 114 15
-13.897893905639648 -3.8644328117370605 1.3262478113174438 255 255 255
-13.2147216796875 -3.6672661304473877 0.7566556334495544 226 255 254
-13.248736381530762 -2.644007444381714 0.01792033761739731 30 27 34
-13.824281692504883 -3.821359634399414 -0.2558619976043701 77 97 69
-13.218910217285156 -2.6332573890686035 -0.4749239981174469 32 30 41
-15.811342239379883 -3.75339937210083 -0.7271419763565063 74 87 77
-12.821403503417969 -3.537155866622925 -0.7228833436965942 70 93 65
-13.635852813720703 -2.7083969116210938 -0.9979872703552246 29 31 30
-8.201339721679688 -1.941444754600525 -0.6875767111778259 66 105 58
-11.147895812988281 -3.0712831020355225 -1.0521332025527954 61 99 42
-9.538053512573242 -1.8903262615203857 -1.0583782196044922 81 118 49
-9.122517585754395 -2.1537926197052 -1.1115622520446777 76 106 56
-8.21048641204834 -2.257854700088501 -1.0918899774551392 90 139 11
-7.419570446014404 -1.4649516344070435 -1.1042383909225464 62 109 37
-7.034179210662842 -1.6577627658843994 -1.125497817993164 100 146 58
-5.283830165863037 -1.4507533311843872 -0.9073993563652039 63 113 14
-6.244239330291748 -1.2249648571014404 -1.1704022884368896 92 114 52
-5.800123691558838 -1.3636178970336914 -1.1540684700012207 102 113 81
-5.381767749786377 -1.4749165773391724 -1.1376405954360962 91 130 77
-5.208354473114014 -1.0186351537704468 -1.1816918849945068 99 132 51
-13.913524627685547 -3.822831869125366 1.3266140222549438 255 255 255
-14.818398475646973 -3.4907114505767822 0.9876934289932251 189 250 253
-13.198948860168457 -3.6193132400512695 0.7551131248474121 235 243 255
-13.252861022949219 -2.6025776863098145 0.0179150328040123 32 26 36
-15.050941467285156 -3.5305213928222656 -0.1273573338985443 32 44 30
-12.808734893798828 -3.4983747005462646 -0.2368663251399994 86 110 74
-13.22104263305664 -2.591536521911621 -0.4747127294540405 34 39 45
-15.490123748779297 -3.626981496810913 -0.7118545174598694 93 106 89
-12.11255168914795 -3.301643133163452 -0.6823432445526123 79 103 77
-13.37293815612793 -2.613555431365967 -0.9781535267829895 32 33 35
-12.264298439025879 -2.8635337352752686 -1.027462124824524 74 112 53
-11.177445411682129 -3.042560338973999 -1.054036021232605 70 104 53
-9.90483570098877 -1.9314558506011963 -1.0984150171279907 111 154 82
-9.159065246582031 -2.1327767372131348 -1.1152129173278809 76 107 27
-8.181960105895996 -2.2230324745178223 -1.087184190750122 93 121 63
-7.4182024002075195 -1.4410496950149536 -1.1033716201782227 83 138 57
-7.101789951324463 -1.6507152318954468 -1.135500192642212 74 117 27
-5.909059524536133 -1.6029402017593384 -1.0139214992523193 82 125 33
-6.249898910522461 -1.2061748504638672 -1.1707640886306763 147 187 137
-5.807149410247803 -1.3464821577072144 -1.1546390056610107 70 108 23
-5.429773330688477 -1.470178484916687 -1.146829605102539 92 111 83
-5.214330673217773 -1.003204584121704 -1.18234384059906 90 136 14
-14.876667022705078 -3.456298351287842 0.9908657670021057 204 254 253
-13.233390808105469 -3.0689172744750977 0.38372284173965454 227 253 250
-13.258819580078125 -2.5615267753601074 0.017912380397319794 39 37 42
-14.68174934387207 -3.3964321613311768 -0.12414456903934479 37 39 36
-13.253463745117188 -2.5556933879852295 -0.47559306025505066 40 39 53
-14.768218040466309 -3.4101905822753906 -0.678195059299469 47 58 50
-13.917924880981445 -3.7479183673858643 -0.7833949327468872 70 86 50
-13.62282943725586 -2.6190285682678223 -0.9958392381668091 100 118 58
-12.655707359313965 -2.9140074253082275 -1.0594991445541382 45 110 46
-11.208846092224121 -3.014202356338501 -1.0561201572418213 82 108 35
-9.90485668182373 -1.8999356031417847 -1.0977658033370972 92 129 49
-8.90230941772461 -2.0442163944244385 -1.0831815004348755 65 101 40
-8.526905059814453 -2.2886857986450195 -1.1320806741714478 56 110 14
-7.421616077423096 -1.4180984497070312 -1.103227138519287 105 131 86
-7.145345687866211 -1.6377495527267456 -1.141655445098877 70 113 42
-5.933961391448975 -1.5901665687561035 -1.0173524618148804 88 123 57
-6.254537105560303 -1.187178134918213 -1.1709450483322144 97 130 51
-5.819866180419922 -1.3306291103363037 -1.1563503742218018 57 70 61
-5.426685810089111 -1.4514877796173096 -1.1452314853668213 74 113 50
-5.220261573791504 -0.9877469539642334 -1.1829959154129028 80 121 19
-13.632561683654785 -3.134976625442505 1.938062310218811 255 255 255
-13.212535858154297 -3.021395444869995 0.38284754753112793 69 82 64
-13.498281478881836 -3.6056745052337646 0.26119348406791687 178 210 233
-13.25187873840332 -2.5180370807647705 0.01789248175919056 46 45 53
-13.16634464263916 -3.0033373832702637 -0.1112523227930069 30 31 33
-16.18036460876465 -3.0686376094818115 -0.5802826285362244 79 102 76
-14.6286039352417 -3.330711841583252 -0.6713111996650696 81 95 62
-11.850810050964355 -3.152308464050293 -0.666496217250824 64 82 66
-13.971863746643066 -2.6417081356048584 -1.020756721496582 79 131 31
-12.741372108459473 -2.8925983905792236 -1.065922737121582 71 110 21
-11.167990684509277 -2.9665050506591797 -1.0514081716537476 69 104 48
-9.67911434173584 -1.825864315032959 -1.0721206665039062 84 118 44
-7.95937967300415 -1.8020049333572388 -0.9677740335464478 82 119 49
-8.520463943481445 -2.25895619392395 -1.1303001642227173 120 156 66
-7.4230146408081055 -1.3947744369506836 -1.1027936935424805 82 122 33
-7.150336265563965 -1.6158201694488525 -1.141655445098877 75 124 15
-5.942626953125 -1.572963833808899 -1.0180059671401978 55 98 19
-6.250414848327637 -1.1665403842926025 -1.1694978475570679 110 134 74
-5.824879169464111 -1.3129836320877075 -1.1565405130386353 63 58 65
-5.396061420440674 -1.4255719184875488 -1.1378402709960938 53 81 32
-5.221348285675049 -0.971369743347168 -1.1825612783432007 110 127 59
-13.227593421936035 -2.9821648597717285 0.3830169439315796 47 51 50
-13.492844581604004 -3.5599093437194824 0.2608757019042969 206 253 245
-13.14525318145752 -2.9561283588409424 -0.11099694669246674 28 38 37
-16.508014678955078 -3.0783400535583496 -0.5916918516159058 65 88 68
-15.621298789978027 -3.5063583850860596 -0.7163692116737366 80 95 74
-13.998605728149414 -3.6776723861694336 -0.7866511940956116 80 93 67
-14.018148422241211 -2.605940341949463 -1.023549199104309 71 119 10
-12.661678314208984 -2.833686590194702 -1.058523416519165 71 115 26
-11.330201148986816 -2.97240948677063 -1.0658159255981445 67 102 36
-9.899711608886719 -1.836042881011963 -1.095926284790039 95 139 26
-8.250783920288086 -1.8413867950439453 -1.0025140047073364 88 121 68
-8.494730949401855 -2.2242629528045654 -1.1259758472442627 83 129 57
-7.414608955383301 -1.3696576356887817 -1.100915551185608 85 130 45
-7.168762683868408 -1.5968835353851318 -1.1438099145889282 83 118 38
-5.952197074890137 -1.5559722185134888 -1.0188227891921997 70 124 4
-6.245258331298828 -1.1457616090774536 -1.1678698062896729 99 130 27
-5.8212127685546875 -1.2934035062789917 -1.1550192832946777 66 68 65
-5.242076396942139 -1.3676998615264893 -1.1044801473617554 80 109 42
-5.227183818817139 -0.9558730125427246 -1.183213233947754 101 143 71
-13.235705375671387 -2.941352367401123 0.38298872113227844 74 64 62
-13.898571968078613 -4.162146091461182 0.13167770206928253 207 252 255
-13.132782936096191 -2.911024332046509 -0.11081571131944656 31 41 40
-15.087961196899414 -3.922571897506714 -0.27810391783714294 87 119 54
-11.901233673095703 -3.560164213180542 -0.3409115672111511 87 111 79
-16.534093856811523 -3.030742883682251 -0.5922905206680298 65 95 71
-14.570732116699219 -3.223625659942627 -0.6677351593971252 79 102 73
-13.933465957641602 -3.6148979663848877 -0.782363772392273 62 78 67
-14.04373836517334 -2.566148042678833 -1.0248379707336426 83 128 47
-12.776400566101074 -2.8182289600372314 -1.067386507987976 74 118 23
-11.373010635375977 -2.9463765621185303 -1.0689876079559326 75 117 35
-9.570334434509277 -2.855797529220581 -1.0072566270828247 66 92 29
-9.895517349243164 -1.8038794994354248 -1.0948442220687866 102 130 53
-8.208871841430664 -1.8056119680404663 -0.9967436790466309 66 111 56
-8.361311912536621 -2.1619393825531006 -1.107406735420227 79 107 20
-7.461614608764648 -1.3546808958053589 -1.1072725057601929 77 123 14
-7.108000755310059 -1.5604747533798218 -1.1333458423614502 49 116 0
-5.958853244781494 -1.5381970405578613 -1.019149661064148 80 124 27
-6.221642971038818 -1.121709942817688 -1.1628047227859497 81 106 48
-5.875982284545898 -1.286668062210083 -1.1650975942611694 59 85 24
-5.337338447570801 -1.3750790357589722 -1.1236573457717896 91 103 89
-5.281009197235107 -0.9489814639091492 -1.194732427597046 73 109 48
-13.694367408752441 -3.546290159225464 1.8224457502365112 255 255 255
-13.930434226989746 -4.133887767791748 0.6634006500244141 117 181 190
-13.240760803222656 -2.899876356124878 0.3828757405281067 72 68 67
-13.731330871582031 -3.532855987548828 0.2650625705718994 216 255 248
-13.92374038696289 -4.1231770515441895 0.13179568946361542 216 251 255
-13.139698028564453 -2.870293140411377 -0.11079923808574677 37 37 39
-13.734423637390137 -3.5257298946380615 -0.2529546916484833 81 99 77
-13.959596633911133 -4.129290580749512 -0.3995087444782257 67 84 76
-16.878704071044922 -3.0404176712036133 -0.6042982935905457 86 105 86
-15.011000633239746 -3.2727558612823486 -0.6874480247497559 30 39 36
-13.921277046203613 -3.5661869049072266 -0.7810613512992859 64 68 45
-11.330209732055664 -3.345489263534546 -0.7565107941627502 81 85 71
-14.040745735168457 -2.521111488342285 -1.0240503549575806 85 130 37
-12.678826332092285 -2.7559425830841064 -1.058523416519165 82 124 16
-11.409975051879883 -2.9186277389526367 -1.0716153383255005 102 125 43
-9.702153205871582 -2.862745523452759 -1.0202010869979858 59 111 37
-9.890240669250488 -1.771583914756775 -1.093653917312622 86 124 49
-8.213401794433594 -1.7802085876464844 -0.9966259002685547 71 107 43
-8.269877433776855 -2.11125111579895 -1.0944337844848633 112 156 58
-6.6213178634643555 -1.949937105178833 -0.9533768892288208 61 117 46
-7.484243869781494 -1.335084319114685 -1.1100175380706787 98 152 54
-7.1977410316467285 -1.5570449829101562 -1.1468875408172607 72 104 55
-6.040024757385254 -1.5394004583358765 -1.0322198867797852 88 118 68
-6.234739303588867 -1.1043323278427124 -1.1646136045455933 103 125 89
-5.893337249755859 -1.2715336084365845 -1.1677597761154175 66 124 47
-5.484922409057617 -1.3951712846755981 -1.1538212299346924 97 124 91
-5.249291896820068 -0.9266663789749146 -1.1869081258773804 21 80 36
-13.9550142288208 -3.568138837814331 1.8556671142578125 255 255 255
-13.223213195800781 -2.8535475730895996 0.38211339712142944 65 64 62
-13.638416290283203 -3.464373826980591 0.26306259632110596 224 255 253
-13.916171073913574 -4.074539661407471 0.1316051036119461 79 113 150
-22.310911178588867 -3.9563405513763428 0.030056027695536613 74 90 103
-13.14746379852295 -2.8297572135925293 -0.11079099774360657 49 60 52
-13.918662071228027 -3.527545213699341 -0.2561473846435547 89 114 56
-12.281681060791016 -3.5920186042785645 -0.3511715531349182 83 96 79
-16.865318298339844 -2.984614610671997 -0.6034883260726929 85 109 95
-13.245294570922852 -2.8452506065368652 -0.6061826348304749 24 28 39
-13.46555233001709 -3.40545654296875 -0.7549029588699341 65 76 59
-13.23528003692627 -3.8638968467712402 -0.8829154968261719 63 89 50
-14.004212379455566 -2.470226287841797 -1.0208282470703125 101 141 26
-12.727180480957031 -2.725588798522949 -1.0618572235107422 74 121 5
-11.447843551635742 -2.8909239768981934 -1.074333906173706 69 120 41
-9.762468338012695 -2.848013162612915 -1.025619626045227 58 89 48
-9.861361503601074 -1.7352030277252197 -1.0898666381835938 83 132 40
-8.252814292907715 -1.762259840965271 -1.000747561454773 72 107 15
-8.366724967956543 -2.1086554527282715 -1.1063892841339111 78 128 17
-6.4674835205078125 -1.8830904960632324 -0.9303907155990601 76 118 42
-7.536062717437744 -1.32048499584198 -1.1170969009399414 94 133 27
-7.219878673553467 -1.5386624336242676 -1.1496573686599731 92 135 46
-6.09064245223999 -1.5324171781539917 -1.0400619506835938 80 119 40
-5.806183338165283 -1.6901047229766846 -1.0636669397354126 53 95 21
-6.277824878692627 -1.0921101570129395 -1.1720303297042847 106 143 125
-5.57935094833374 -1.185886263847351 -1.104817509651184 80 90 53
-5.5110344886779785 -1.383825659751892 -1.1584157943725586 81 106 76
-5.146931171417236 -1.4976203441619873 -1.148287057876587 64 107 28
-5.315585613250732 -0.921562135219574 -1.2012526988983154 87 132 63
-13.976644515991211 -4.054457664489746 0.6644039750099182 227 255 251
-13.221149444580078 -2.8106791973114014 0.3818027973175049 48 51 58
-13.155105590820312 -2.7892005443573 -0.11078275740146637 27 32 36
-14.46677017211914 -3.619259834289551 -0.2660287022590637 101 135 61
-11.929655075073242 -3.449366569519043 -0.34080183506011963 100 127 86
-16.90196418762207 -2.937650203704834 -0.6044743061065674 87 108 77
-13.252984046936035 -2.804394245147705 -0.6061379313468933 29 29 37
-14.025242805480957 -3.5012574195861816 -0.7856742739677429 64 78 61
-13.234606742858887 -3.819675922393799 -0.8820847272872925 64 84 25
-14.012707710266113 -2.4274203777313232 -1.0208998918533325 86 133 21
-12.837881088256836 -2.708130359649658 -1.0703949928283691 28 31 36
-11.456659317016602 -2.8557889461517334 -1.074333906173706 90 148 61
-9.827563285827637 -2.834315776824951 -1.031540036201477 53 95 49
-9.900924682617188 -1.7108651399612427 -1.093653917312622 116 159 106
-8.33398151397705 -1.7528749704360962 -1.0099331140518188 96 116 63
-8.004500389099121 -1.991267204284668 -1.0576770305633545 72 114 51
-6.629349708557129 -1.9081766605377197 -0.9528295993804932 87 122 30
-7.551780700683594 -1.2993719577789307 -1.118830680847168 101 141 29
-7.231334209442139 -1.51792573928833 -1.150734543800354 75 102 49
-6.1058478355407715 -1.5163397789001465 -1.0418591499328613 80 112 63
-5.821752548217773 -1.6752796173095703 -1.0655725002288818 74 102 44
-6.2491536140441895 -1.0673805475234985 -1.1660608053207397 88 117 25
-5.9317779541015625 -1.2417861223220825 -1.173844814300537 85 118 61
-5.543786525726318 -1.3739830255508423 -1.1644086837768555 60 84 68
-5.184391021728516 -1.4912834167480469 -1.1556183099746704 77 113 41
-5.318387985229492 -0.9052497744560242 -1.2012526988983154 104 128 78
-13.942924499511719 -3.9983410835266113 0.6622148156166077 235 255 255
-13.214056968688965 -2.7668263912200928 0.3813510239124298 64 65 70
-20.854049682617188 -5.161253929138184 0.40162187814712524 220 255 251
-13.159685134887695 -2.7480103969573975 -0.11074980348348618 39 40 42
-14.32055377960205 -3.5360307693481445 -0.2631392180919647 76 109 54
-12.029566764831543 -3.4382989406585693 -0.34335312247276306 71 90 62
-17.351255416870117 -2.9609272480010986 -0.6202147603034973 63 85 72
-13.26152515411377 -2.763721466064453 -0.6061379313468933 29 27 38
-14.034950256347656 -3.4579734802246094 -0.7856200337409973 88 95 77
-13.258739471435547 -3.78261399269104 -0.8829154968261719 49 62 45
-14.015172004699707 -2.383582353591919 -1.020541787147522 82 108 37
-12.648031234741211 -2.627577304840088 -1.0538885593414307 30 36 36
-11.51468563079834 -2.8327600955963135 -1.0789551734924316 94 138 25
-9.90510368347168 -2.823791742324829 -1.0387647151947021 44 81 27
-10.028642654418945 -1.7012652158737183 -1.107179880142212 106 166 66
-8.321816444396973 -1.7236731052398682 -1.0078133344650269 96 146 23
-7.90942907333374 -1.9418684244155884 -1.0443226099014282 101 135 61
-5.524229049682617 -1.5717451572418213 -0.7932949662208557 84 120 59
-7.557682991027832 -1.2765268087387085 -1.119119644165039 82 113 37
-7.249504566192627 -1.4985334873199463 -1.1528890132904053 38 80 32
-6.175628662109375 -1.5135695934295654 -1.0529687404632568 95 143 119
-5.5483574867248535 -1.5781913995742798 -1.014641284942627 74 113 34
-6.295077323913574 -1.0553584098815918 -1.1740202903747559 55 97 33
-5.874021530151367 -1.2108960151672363 -1.1616747379302979 83 100 90
-5.544168472290039 -1.3560372591018677 -1.163609504699707 48 34 49
-5.182358264923096 -1.4734989404678345 -1.1541520357131958 50 85 55
-5.3538737297058105 -0.8943973183631897 -1.2086423635482788 136 173 68
-14.268491744995117 -3.508704900741577 1.892977237701416 255 255 255
-13.571648597717285 -3.8468499183654785 0.6440176367759705 113 159 131
-13.225419998168945 -2.7268788814544678 0.381435751914978 157 160 179
-14.526388168334961 -3.5479345321655273 0.27954840660095215 235 254 252
-13.161197662353516 -2.706214427947998 -0.11069213598966599 39 44 40
-14.251678466796875 -3.4726696014404297 -0.2616766393184662 90 124 64
-12.657646179199219 -3.57584810256958 -0.36096519231796265 95 117 81
-17.45586585998535 -2.923693895339966 -0.6236304640769958 83 100 66
-13.259177207946777 -2.7208139896392822 -0.6056462526321411 46 69 40
-13.704931259155273 -3.3320975303649902 -0.7665711045265198 79 97 85
-13.254913330078125 -3.7375853061676025 -0.88189297914505 51 59 36
-13.830574035644531 -2.308551073074341 -1.0065795183181763 83 116 63
-12.622833251953125 -2.581970453262329 -1.0511239767074585 72 85 65
-11.533967971801758 -2.800004482269287 -1.0799520015716553 72 116 19
-9.971179962158203 -2.8095805644989014 -1.0447853803634644 54 86 36
-9.999493598937988 -1.6647756099700928 -1.1033926010131836 69 114 31
-8.289117813110352 -1.6903952360153198 -1.003220558166504 84 127 37
-7.859437942504883 -1.9040483236312866 -1.0369458198547363 107 144 48
-6.696242809295654 -1.8830170631408691 -0.9607653021812439 43 96 18
-7.574254035949707 -1.2554376125335693 -1.1209977865219116 95 126 50
-7.223083972930908 -1.4699797630310059 -1.1479647159576416 61 103 29
-6.306820869445801 -1.5252270698547363 -1.0745346546173096 60 103 34
-5.738057613372803 -1.6131384372711182 -1.0484222173690796 78 106 31
-6.310901641845703 -1.0381156206130981 -1.1763719320297241 109 133 81
-5.954679489135742 -1.2084901332855225 -1.1768873929977417 80 135 51
-5.383520603179932 -1.299253225326538 -1.129050850868225 31 40 45
-5.18967866897583 -1.4583864212036133 -1.1547805070877075 44 42 53
-5.32095193862915 -0.872126042842865 -1.2006006240844727 115 143 82
-14.051724433898926 -3.4097177982330322 1.862822413444519 255 255 255
-13.921148300170898 -3.9076764583587646 1.1890162229537964 255 255 255
-13.249397277832031 -2.6894726753234863 0.3818874955177307 237 255 255
-14.654816627502441 -3.5316951274871826 0.28181007504463196 233 255 253
-14.030611038208008 -3.921764612197876 0.1322222352027893 207 255 252
-13.165518760681152 -2.6650302410125732 -0.11065918952226639 26 30 31
-15.229544639587402 -3.661482572555542 -0.2794237732887268 84 119 61
-11.836695671081543 -3.304746389389038 -0.33726295828819275 91 109 87
-18.06137466430664 -2.9681739807128906 -0.6449345946311951 88 110 74
-13.246898651123047 -2.6759684085845947 -0.6047075390815735 29 29 39
-14.838512420654297 -3.5595273971557617 -0.8293620944023132 81 85 84
-13.038483619689941 -3.6334121227264404 -0.8667474389076233 68 89 72
-11.932929039001465 -1.9541922807693481 -0.868029773235321 71 113 39
-12.78116512298584 -2.5735294818878174 -1.0636460781097412 81 126 21
-11.540566444396973 -2.764141798019409 -1.0797706842422485 30 93 48
-10.027677536010742 -2.7923214435577393 -1.0498026609420776 62 99 29
-10.02221393585205 -1.6369742155075073 -1.1053403615951538 48 75 32
-8.644768714904785 -1.7353153228759766 -1.0456151962280273 97 128 48
-7.863312244415283 -1.8794655799865723 -1.036691427230835 103 133 83
-6.680990695953369 -1.8566293716430664 -0.9577552080154419 65 87 15
-7.581976890563965 -1.2328295707702637 -1.1215757131576538 109 141 58
-7.213027000427246 -1.444901466369629 -1.1456564664840698 56 104 46
-6.327784538269043 -1.509763240814209 -1.0773121118545532 92 130 19
-5.856852054595947 -1.627163052558899 -1.0692105293273926 80 114 40
-6.276189804077148 -1.0126395225524902 -1.1693168878555298 74 107 50
-5.827427864074707 -1.164061427116394 -1.1510258913040161 70 74 57
-5.453251838684082 -1.2983903884887695 -1.1428343057632446 50 73 44
-5.179053783416748 -1.438271403312683 -1.1514289379119873 55 59 58
-5.315893173217773 -0.8545581102371216 -1.1988619565963745 128 186 110
-14.100701332092285 -3.375828504562378 1.8679333925247192 255 255 255
-13.2683687210083 -2.650965690612793 0.3821980953216553 237 255 255
-14.63348388671875 -3.4790866374969482 0.28119325637817383 233 255 252
-14.047396659851074 -3.8800320625305176 0.13226760923862457 211 255 254
-13.187362670898438 -2.62736177444458 -0.11077451705932617 37 36 42
-15.237788200378418 -3.6140499114990234 -0.2793702781200409 85 119 59
-11.937358856201172 -3.2934067249298096 -0.33984166383743286 72 85 67
-17.446836471557617 -2.8122377395629883 -0.6226797103881836 83 107 81
-13.2236909866333 -2.6290812492370605 -0.6032770872116089 28 31 40
-15.092286109924316 -3.571472406387329 -0.8429297208786011 76 85 66
-13.331478118896484 -3.6710212230682373 -0.8854717016220093 83 113 113
-8.005532264709473 -1.2858166694641113 -0.5820518732070923 83 123 52
-12.88578987121582 -2.553485631942749 -1.0716959238052368 32 42 34
-8.30798625946045 -1.9629583358764648 -0.7767535448074341 83 113 23
-10.060178756713867 -2.7681427001953125 -1.0523113012313843 47 95 33
-9.993814468383789 -1.6008726358413696 -1.1016613245010376 84 128 33
-8.36752986907959 -1.652974247932434 -1.01146399974823 94 127 46
-7.803393840789795 -1.8398542404174805 -1.0280427932739258 92 126 50
-6.845224857330322 -1.8796659708023071 -0.980467677116394 85 120 66
-7.6648736000061035 -1.2221832275390625 -1.1332783699035645 78 125 33
-7.21354866027832 -1.4220011234283447 -1.1450409889221191 67 85 47
-6.300695896148682 -1.4828842878341675 -1.07192063331604 66 113 17
-5.886509895324707 -1.6159656047821045 -1.0737146139144897 65 111 23
-6.25303840637207 -0.9892303347587585 -1.1644327640533447 91 113 51
-4.785770416259766 -0.9407253861427307 -0.9447045922279358 84 88 55
-5.487734317779541 -1.2888227701187134 -1.1492267847061157 78 119 49
-5.2456769943237305 -1.439453363418579 -1.1652536392211914 83 116 25
-5.310776233673096 -0.8370294570922852 -1.1971231698989868 123 154 87
-14.148636817932129 -3.341442823410034 1.8729166984558105 255 255 255
-13.288208961486816 -2.612560510635376 0.382536917924881 224 255 253
-13.271570205688477 -3.112307071685791 0.25483840703964233 230 255 252
-13.855687141418457 -3.7813668251037598 0.1303526759147644 211 255 254
-13.238536834716797 -2.595355749130249 -0.11113698035478592 36 42 40
-14.364815711975098 -3.3604848384857178 -0.2631749212741852 84 115 55
-12.084356307983398 -3.2940993309020996 -0.3437371850013733 66 77 73
-18.10688591003418 -2.861663818359375 -0.6459205746650696 86 112 67
-13.233656883239746 -2.5888829231262207 -0.6033665537834167 32 32 40
-15.236390113830566 -3.556246757507324 -0.8503647446632385 55 75 63
-13.32630729675293 -3.6256496906280518 -0.8843852877616882 50 72 33
-13.521162033081055 -2.129183530807495 -0.9825928807258606 76 105 41
-13.031499862670898 -2.540834903717041 -1.0831611156463623 36 35 41
-8.157815933227539 -1.9010709524154663 -0.7621644735336304 91 132 30
-10.076305389404297 -2.739353656768799 -1.0531140565872192 41 72 28
-9.998678207397461 -1.5702046155929565 -1.1016613245010376 79 115 25
-8.321871757507324 -1.6174430847167969 -1.005340337753296 101 130 48
-7.7780866622924805 -1.8087161779403687 -1.0239728689193726 104 149 56
-7.36435079574585 -1.997938871383667 -1.053941249847412 108 135 58
-7.652945518493652 -1.1962170600891113 -1.1309667825698853 69 118 13
-7.209146976470947 -1.3981703519821167 -1.1436560153961182 60 95 27
-6.573338031768799 -1.525782823562622 -1.1175029277801514 72 104 37
-5.884786605834961 -1.596093773841858 -1.0725020170211792 102 145 40
-6.35517692565918 -0.9854128360748291 -1.1828842163085938 87 118 50
-5.9742255210876465 -1.1553112268447876 -1.1785988807678223 79 100 67
-5.289292812347412 -1.2251076698303223 -1.106877326965332 84 102 80
-5.182118892669678 -1.4049310684204102 -1.150172233581543 78 121 29
-5.2940263748168945 -0.8177521824836731 -1.1927763223648071 99 124 59
-13.266444206237793 -3.0681965351104736 0.2545580267906189 128 173 106
-13.813156127929688 -3.7242629528045654 0.12984444200992584 214 255 254
-15.438958168029785 -2.977581262588501 -0.129532128572464 35 44 41
-13.892803192138672 -3.2051398754119873 -0.25434592366218567 84 124 51
-18.075088500976562 -2.7998270988464355 -0.6444767713546753 85 111 74
-13.223877906799316 -2.5448720455169678 -0.602561891078949 31 34 43
-14.431784629821777 -3.3217930793762207 -0.8048860430717468 67 77 68
-13.346041679382324 -3.5870795249938965 -0.8849604725837708 68 85 51
-8.123676300048828 -1.2537100315093994 -0.5900712609291077 61 96 74
-12.863040924072266 -2.467050075531006 -1.0685248374938965 90 134 21
-11.520872116088867 -2.647548198699951 -1.0756025314331055 84 124 12
-10.229758262634277 -2.7473952770233154 -1.0682660341262817 30 62 21
-9.985762596130371 -1.536799669265747 -1.0997135639190674 73 115 41
-8.407751083374023 -1.6073814630508423 -1.015114665031433 70 117 39
-7.783599376678467 -1.7848448753356934 -1.0239728689193726 70 115 50
-7.502488136291504 -2.0107243061065674 -1.0728226900100708 97 148 45
-7.690812587738037 -1.1779758930206299 -1.1360234022140503 75 129 53
-7.198843479156494 -1.3732692003250122 -1.1413477659225464 60 101 22
-6.276978492736816 -1.4367120265960693 -1.0663658380508423 65 119 33
-5.879190921783447 -1.575228214263916 -1.0705963373184204 69 107 24
-6.397064208984375 -0.9718194007873535 -1.1901201009750366 60 106 18
-6.025000095367432 -1.145965814590454 -1.1879165172576904 61 88 47
-5.3274149894714355 -1.216728687286377 -1.1140687465667725 77 114 45
-5.185460090637207 -1.388772964477539 -1.1499627828598022 25 97 34
-5.298440456390381 -0.8017985224723816 -1.1932110786437988 92 120 71
-13.260198593139648 -3.0239243507385254 0.2542589604854584 55 67 63
-15.4548978805542 -2.9315056800842285 -0.12958979606628418 89 105 94
-14.039297103881836 -3.7346088886260986 -0.3986857533454895 96 126 76
-18.65667152404785 -2.8313305377960205 -0.6649006009101868 81 96 63
-16.47867202758789 -3.1188437938690186 -0.7504309415817261 83 98 65
-14.470148086547852 -3.2839102745056152 -0.806459903717041 75 87 73
-11.58994197845459 -3.0769894123077393 -0.7678859829902649 48 68 56
-11.882044792175293 -1.796426773071289 -0.8626596927642822 69 91 44
-12.89013671875 -2.431269884109497 -1.0701509714126587 76 123 17
-11.552250862121582 -2.617471694946289 -1.0777772665023804 79 113 26
-10.234292030334473 -2.714977264404297 -1.0678645372390747 37 66 20
-9.996328353881836 -1.507045865058899 -1.100362777709961 96 139 49
-8.415570259094238 -1.5821295976638794 -1.015467882156372 94 126 15
-7.769689083099365 -1.7565821409225464 -1.0214290618896484 72 129 48
-7.528731346130371 -1.993021011352539 -1.0756958723068237 81 119 58
-7.526078701019287 -1.1291238069534302 -1.111173391342163 79 102 50
-7.206907749176025 -1.3519057035446167 -1.141963243484497 60 104 27
-6.769275665283203 -1.527551293373108 -1.149198293685913 94 129 27
-5.8782830238342285 -1.5556718111038208 -1.0695569515228271 65 103 54
-6.404879093170166 -0.9529125690460205 -1.1910245418548584 62 93 52
-5.923300743103027 -1.1078033447265625 -1.167189359664917 79 92 62
-5.517526149749756 -1.2423499822616577 -1.1530221700668335 88 121 42
-5.135814189910889 -1.3586039543151855 -1.1380232572555542 41 45 46
-5.325014114379883 -0.7891165018081665 -1.1986446380615234 70 124 36
-13.996663093566895 -3.70841908454895 1.725050449371338 255 255 255
-13.245026588439941 -2.977745771408081 0.2537916898727417 36 40 49
-14.052370071411133 -3.696418523788452 0.1318773776292801 184 217 234
-15.852110862731934 -2.9564950466156006 -0.1328437626361847 79 92 83
-13.187329292297363 -2.957279682159424 -0.24109353125095367 29 39 40
-14.001380920410156 -3.6785645484924316 -0.39728665351867676 96 119 77
-18.41122055053711 -2.7363216876983643 -0.6558507680892944 76 92 66
-16.36834144592285 -3.045975923538208 -0.7449774742126465 79 95 69
-14.569803237915039 -3.259557008743286 -0.8114528059959412 65 77 63
-13.620715141296387 -3.5714380741119385 -0.9017036557197571 87 99 53
-13.717788696289062 -2.03094220161438 -0.9954811930656433 75 111 50
-12.919095039367676 -2.3957102298736572 -1.0719399452209473 101 150 35
-11.57188892364502 -2.584622383117676 -1.078864574432373 77 112 80
-10.244498252868652 -2.684070587158203 -1.0680652856826782 61 86 44
-9.989103317260742 -1.474628210067749 -1.0990643501281738 88 126 13
-8.419408798217773 -1.5561232566833496 -1.0153502225875854 77 113 23
-7.776010036468506 -1.73295259475708 -1.0215563774108887 97 136 45
-7.535768985748291 -1.9701642990112305 -1.075832724571228 83 118 24
-7.733139514923096 -1.1359407901763916 -1.1412246227264404 92 120 33
-7.224625110626221 -1.3322975635528564 -1.1441175937652588 83 120 53
-6.858676433563232 -1.5256270170211792 -1.1635754108428955 90 110 73
-5.836337566375732 -1.5254268646240234 -1.0610684156417847 87 77 101
-6.391227722167969 -0.9308485388755798 -1.187949299812317 97 121 69
-6.013572692871094 -1.1056026220321655 -1.1843035221099854 81 102 59
-4.999025344848633 -1.1094987392425537 -1.0439525842666626 92 139 67
-5.294166564941406 -1.3831288814544678 -1.1721659898757935 63 76 67
-5.300362586975098 -0.7688524723052979 -1.192559003829956 99 131 64
-14.00221061706543 -3.663952350616455 1.7243406772613525 255 255 255
-13.207244873046875 -2.926713466644287 0.25289449095726013 52 50 64
-13.927178382873535 -3.6178395748138428 0.13059771060943604 210 255 252
-16.61845588684082 -3.046694040298462 -0.13918690383434296 90 97 90
-13.158266067504883 -2.9083919525146484 -0.24039791524410248 36 46 47
-14.46156120300293 -3.752075433731079 -0.41001564264297485 93 116 70
-19.31157875061035 -2.8096067905426025 -0.687613308429718 76 100 66
-16.66357421875 -3.0480520725250244 -0.7579852938652039 71 87 76
-8.004617691040039 -1.7650240659713745 -0.4455067217350006 73 88 69
-13.639337539672852 -3.53163480758667 -0.9022148847579956 77 103 94
-13.87399673461914 -2.0105907917022705 -1.0063647031784058 84 122 21
-12.889123916625977 -2.3492722511291504 -1.068850040435791 68 122 0
-11.596298217773438 -2.552747964859009 -1.0804049968719482 81 121 71
-10.275802612304688 -2.658609390258789 -1.070473551750183 167 211 194
-9.99358081817627 -1.4439752101898193 -1.0990643501281738 75 125 40
-8.624438285827637 -1.5666701793670654 -1.0394915342330933 102 141 86
-7.649534702301025 -1.6801491975784302 -1.0042591094970703 77 122 53
-6.627709865570068 -1.7110538482666016 -0.9454411864280701 65 99 23
-7.761074542999268 -1.1157306432724 -1.1448365449905396 93 112 93
-7.215067386627197 -1.3076595067977905 -1.141963243484497 86 110 34
-6.5433831214904785 -1.4344401359558105 -1.109334111213684 67 112 31
-5.897254467010498 -1.5220353603363037 -1.071289300918579 69 114 31
-6.215872764587402 -0.88584303855896 -1.1548452377319336 83 113 49
-5.9251556396484375 -1.0705649852752686 -1.16623854637146 83 104 71
-4.827235221862793 -1.055842399597168 -1.0073962211608887 74 119 16
-5.27187442779541 -1.3600407838821411 -1.1663010120391846 85 113 62
-5.280468940734863 -0.7494329214096069 -1.1875600814819336 95 110 81
-14.050880432128906 -3.6306653022766113 1.7289543151855469 255 255 255
-13.183926582336426 -2.879141092300415 0.252277672290802 65 63 64
-14.33727741241455 -3.6774532794952393 0.13433685898780823 212 252 251
-16.607059478759766 -2.991971731185913 -0.13901390135288239 85 102 86
-13.149542808532715 -2.8641791343688965 -0.24007686972618103 29 31 30
-14.070169448852539 -3.6044921875 -0.3986034393310547 95 126 58
-19.13311004638672 -2.723726272583008 -0.6809579730033875 78 92 77
-16.70136070251465 -3.002039909362793 -0.7592816352844238 85 104 74
-14.862740516662598 -3.229462146759033 -0.8266485333442688 34 63 41
-13.619168281555176 -3.481863021850586 -0.9001699090003967 67 82 49
-13.918615341186523 -1.9734774827957153 -1.0091571807861328 66 116 27
-12.910005569458008 -2.312177896499634 -1.0699883699417114 91 133 33
-11.622567176818848 -2.5211703777313232 -1.0821267366409302 78 124 34
-10.265594482421875 -2.622392177581787 -1.0685670375823975 83 110 57
-9.909372329711914 -1.4007853269577026 -1.0893256664276123 98 131 42
-8.562728881835938 -1.5283381938934326 -1.0314836502075195 97 124 79
-7.686645030975342 -1.6635966300964355 -1.0084562301635742 79 102 46
-7.562114238739014 -1.9275586605072021 -1.0778850317001343 78 133 39
-7.759561538696289 -1.0912257432937622 -1.1441141366958618 73 102 44
-7.215153694152832 -1.2848248481750488 -1.1413477659225464 75 117 15
-6.9383039474487305 -1.4987201690673828 -1.1755019426345825 82 115 44
-5.955341339111328 -1.517554759979248 -1.0809904336929321 84 105 36
-6.19031286239624 -0.8628314733505249 -1.1495991945266724 100 127 94
-5.996077060699463 -1.0643932819366455 -1.1795495748519897 85 107 60
-4.455931663513184 -0.9603135585784912 -0.9292895793914795 83 120 43
-4.979434967041016 -1.268316626548767 -1.1007384061813354 45 76 17
-5.285643577575684 -0.7336317300796509 -1.1882121562957764 86 124 51
-13.185855865478516 -2.837207555770874 0.25214684009552 27 24 35
-14.356246948242188 -3.635413408279419 0.13440945744514465 200 255 252
-16.610254287719727 -2.939962387084961 -0.1389644891023636 81 95 82
-13.120141983032227 -2.815641403198242 -0.23938125371932983 34 43 38
-18.793941497802734 -4.753231525421143 -0.5320107936859131 103 121 83
-19.15919303894043 -2.667494535446167 -0.681591808795929 97 112 73
-16.896427154541016 -2.9836196899414062 -0.7677300572395325 62 81 61
-13.255654335021973 -2.837705373764038 -0.7367765307426453 24 32 35
-13.610434532165527 -3.4351794719696045 -0.898891806602478 68 95 60
-13.761587142944336 -1.9081627130508423 -0.9973428845405579 86 135 43
-12.825749397277832 -2.2564985752105713 -1.0624264478683472 86 123 56
-11.672124862670898 -2.494450569152832 -1.086023211479187 218 220 217
-10.246578216552734 -2.584073066711426 -1.065757393836975 79 112 55
-9.92839527130127 -1.3724191188812256 -1.0909488201141357 92 133 41
-8.430439949035645 -1.4780526161193848 -1.014996886253357 79 113 52
-7.653879642486572 -1.6319398880004883 -1.0034959316253662 61 88 43
-7.542054653167725 -1.8978227376937866 -1.0741908550262451 102 141 62
-7.736404895782471 -1.0637753009796143 -1.1402132511138916 80 112 49
-7.23366117477417 -1.2652366161346436 -1.1436560153961182 47 84 40
-6.938044548034668 -1.4764000177383423 -1.1746851205825806 79 116 36
-5.981936931610107 -1.5048030614852905 -1.0849748849868774 70 109 64
-6.203649997711182 -0.8452963829040527 -1.151589035987854 141 173 106
-6.043803691864014 -1.053749442100525 -1.1882967948913574 74 88 63
-4.444479465484619 -0.943585991859436 -0.9262930750846863 75 103 55
-4.461739540100098 -1.1218886375427246 -0.9855327606201172 50 58 60
-5.278197288513184 -0.7160998582839966 -1.1860387325286865 106 122 96
-13.19058609008789 -2.7959113121032715 0.2520720660686493 42 41 49
-13.146327018737793 -2.7790985107421875 -0.23970231413841248 34 35 39
-14.519728660583496 -3.624868869781494 -0.4107014536857605 78 99 60
-19.30097007751465 -2.626896858215332 -0.686345636844635 85 107 84
-16.92814064025879 -2.9356939792633057 -0.7687581181526184 70 81 67
-13.27993106842041 -2.800320863723755 -0.7376449108123779 24 24 34
-13.546344757080078 -3.374830722808838 -0.8939710855484009 96 110 77
-13.78615665435791 -1.8684791326522827 -0.9987033009529114 100 139 33
-12.735380172729492 -2.2003400325775146 -1.054376482963562 87 134 40
-11.469225883483887 -2.414318561553955 -1.0664503574371338 49 122 93
-10.229355812072754 -2.5463762283325195 -1.0631483793258667 101 135 41
-9.943395614624023 -1.3434169292449951 -1.0921390056610107 91 136 31
-8.290095329284668 -1.4272454977035522 -0.9975680112838745 76 109 28
-7.715151309967041 -1.620274305343628 -1.010872721672058 60 74 74
-7.598794937133789 -1.8873305320739746 -1.0814424753189087 89 131 57
-7.670003414154053 -1.0306787490844727 -1.1299554109573364 88 111 65
-7.250168800354004 -1.245212435722351 -1.1456564664840698 70 100 46
-6.930954456329346 -1.452678918838501 -1.1727246046066284 85 121 34
-5.982702255249023 -1.4854942560195923 -1.0842819213867188 78 104 33
-6.216938495635986 -0.8276876211166382 -1.1535788774490356 98 122 46
-6.105069160461426 -1.0451419353485107 -1.1997063159942627 95 103 64
-4.451189994812012 -0.9307482838630676 -0.9270921945571899 71 112 18
-4.832432746887207 -1.1993471384048462 -1.0665956735610962 92 102 78
-5.276498317718506 -0.699390172958374 -1.1851693391799927 104 134 110
-13.196165084838867 -2.754817008972168 0.25201600790023804 45 48 55
-20.86452865600586 -5.14747428894043 0.19504345953464508 143 195 193
-13.163599967956543 -2.740586996078491 -0.2398628294467926 37 38 42
-13.910571098327637 -3.4274895191192627 -0.3931716978549957 97 119 73
-18.916637420654297 -2.515502452850342 -0.6724011301994324 80 92 88
-17.42652702331543 -2.9670822620391846 -0.7909742593765259 74 88 71
-13.28454875946045 -2.7587532997131348 -0.737427830696106 25 23 34
-13.694246292114258 -3.3670907020568848 -0.903045654296875 83 96 78
-13.8204984664917 -1.8299717903137207 -1.0007797479629517 93 133 18
-12.724382400512695 -2.1582579612731934 -1.0529128313064575 67 119 47
-11.447322845458984 -2.3730554580688477 -1.0637317895889282 55 81 54
-10.26997184753418 -2.5230517387390137 -1.06656014919281 90 129 46
-10.002662658691406 -1.320189118385315 -1.098198652267456 78 132 21
-8.661619186401367 -1.4638612270355225 -1.0417290925979614 102 117 60
-7.619068145751953 -1.5757054090499878 -0.997645378112793 63 92 48
-7.680556774139404 -1.8826395273208618 -1.0922514200210571 83 127 40
-7.674110412597656 -1.007271409034729 -1.130099892616272 107 160 88
-7.241288185119629 -1.2208279371261597 -1.1436560153961182 95 111 40
-6.911223888397217 -1.4264227151870728 -1.16864013671875 66 103 59
-5.961403846740723 -1.460803747177124 -1.0796046257019043 83 124 45
-6.126795291900635 -0.7965642809867859 -1.136393666267395 100 131 72
-6.11405611038208 -1.0273830890655518 -1.2008472681045532 91 106 73
-5.015456199645996 -1.0326871871948242 -1.0439525842666626 78 120 48
-5.182745456695557 -1.269423246383667 -1.1430504322052002 77 106 39
-5.280555725097656 -0.6834494471549988 -1.1856040954589844 87 109 71
-14.119449615478516 -3.4641175270080566 1.7320301532745361 255 254 255
-13.220224380493164 -2.7175397872924805 0.25231504440307617 42 45 52
-13.176843643188477 -2.701192855834961 -0.23995201289653778 33 37 36
-13.901593208312988 -3.380072832107544 -0.39262300729751587 100 110 86
-16.95899772644043 -2.2022504806518555 -0.6025727987289429 85 96 79
-17.451313018798828 -2.916238784790039 -0.7916894555091858 65 78 61
-15.28571891784668 -3.125441551208496 -0.8479768633842468 38 54 28
-13.720998764038086 -3.329061508178711 -0.904132068157196 77 96 68
-13.827037811279297 -1.7876904010772705 -1.0008513927459717 77 124 52
-12.548076629638672 -2.0887694358825684 -1.03778874874115 74 96 75
-11.414544105529785 -2.329759120941162 -1.0600166320800781 52 79 64
-10.328911781311035 -2.503955602645874 -1.0718783140182495 89 131 65
-10.000750541687012 -1.288732886314392 -1.0975494384765625 77 111 37
-9.065770149230957 -1.50357186794281 -1.0897762775421143 94 129 71
-7.724947929382324 -1.5729045867919922 -1.010872721672058 55 86 45
-7.621786594390869 -1.8434641361236572 -1.0830843448638916 91 141 26
-7.695812702178955 -0.9861123561859131 -1.1328449249267578 85 113 36
-7.174811363220215 -1.1869943141937256 -1.1325763463974 89 119 33
-6.898164749145508 -1.4016765356063843 -1.1656993627548218 91 133 7
-6.070202350616455 -1.4677374362945557 -1.0984872579574585 94 137 22
-6.25702428817749 -0.7939826846122742 -1.1600911617279053 94 136 64
-6.1142730712890625 -1.0081413984298706 -1.2002768516540527 97 109 85
-5.579423904418945 -1.1309767961502075 -1.1606131792068481 105 125 64
-4.5973358154296875 -1.111097812652588 -1.0131821632385254 19 68 12
-5.28456449508667 -0.6674903035163879 -1.1860387325286865 84 103 57
-13.242218971252441 -2.679744243621826 0.2525767385959625 44 42 53
-13.189969062805176 -2.661742925643921 -0.24004118144512177 29 28 34
-14.89657974243164 -3.5736284255981445 -0.4204128086566925 82 115 70
-18.30710220336914 -2.3202219009399414 -0.6502165794372559 85 108 92
-17.666217803955078 -2.8964664936065674 -0.8010318279266357 76 86 62
-13.310036659240723 -2.678962230682373 -0.7379162907600403 29 35 33
-13.87769889831543 -3.3220317363739014 -0.9137817621231079 55 89 62
-13.870060920715332 -1.750005841255188 -1.0035722255706787 96 142 70
-12.239655494689941 -1.9988576173782349 -1.0117688179016113 66 110 59
-11.376724243164062 -2.285705089569092 -1.0558483600616455 57 83 56
-10.401378631591797 -2.4877617359161377 -1.0786014795303345 65 102 25
-9.999725341796875 -1.2574248313903809 -1.0970083475112915 87 130 41
-9.150712966918945 -1.4888280630111694 -1.0994327068328857 108 134 61
-7.893123149871826 -1.5819432735443115 -1.0322399139404297 82 115 36
-7.577301979064941 -1.8081161975860596 -1.0759695768356323 84 121 41
-7.710583686828613 -0.9639702439308167 -1.1345785856246948 73 109 48
-7.325693607330322 -1.1888777017593384 -1.1558127403259277 91 130 23
-6.943063735961914 -1.388633131980896 -1.1725612878799438 79 122 50
-6.047852516174316 -1.4427086114883423 -1.0936366319656372 51 98 28
-6.3443474769592285 -0.7852935791015625 -1.175829291343689 113 151 48
-6.095046520233154 -0.9857732653617859 -1.1959031820297241 86 106 78
-5.4099040031433105 -1.0793455839157104 -1.124656081199646 81 118 51
-4.486584186553955 -1.0697731971740723 -0.9880462884902954 76 103 58
-5.28174352645874 -0.6506776213645935 -1.1849520206451416 70 104 54
-13.25331974029541 -2.639691114425659 0.2526327967643738 51 55 54
-13.322493553161621 -3.1569926738739014 0.12426295131444931 210 249 246
-13.205918312072754 -2.6228222846984863 -0.24018388986587524 47 52 48
-14.92011833190918 -3.530902147293091 -0.42076942324638367 56 76 49
-18.96477508544922 -2.34447979927063 -0.6733166575431824 86 100 67
-17.99755096435547 -2.894118547439575 -0.8156489133834839 94 109 80
-13.306439399719238 -2.635786771774292 -0.7372650504112244 26 28 40
-13.88491153717041 -3.278751850128174 -0.9135900139808655 81 98 79
-13.984260559082031 -1.720845103263855 -1.0114483833312988 91 141 28
-12.194554328918457 -1.9531010389328003 -1.0075405836105347 81 99 59
-11.509712219238281 -2.275709629058838 -1.0675376653671265 47 78 11
-10.39637279510498 -2.452868938446045 -1.0772969722747803 69 123 29
-9.983800888061523 -1.2243200540542603 -1.0948442220687866 79 119 59
-8.583524703979492 -1.3695286512374878 -1.030777096748352 87 124 44
-7.851229667663574 -1.5485074520111084 -1.0261350870132446 83 125 39
-7.561600208282471 -1.7798676490783691 -1.0729594230651855 88 126 27
-7.748865604400635 -0.9446206092834473 -1.139779806137085 89 123 63
-7.345895767211914 -1.1690372228622437 -1.15842866897583 66 107 41
-6.915347576141357 -1.3610385656356812 -1.1671698093414307 86 122 48
-6.10689640045166 -1.437005877494812 -1.103511095046997 93 133 63
-6.332080364227295 -0.7640583515167236 -1.1731157302856445 108 124 51
-6.0825276374816895 -0.9646088480949402 -1.1928606033325195 96 129 76
-4.485352516174316 -0.8805856704711914 -0.9318864941596985 88 125 19
-4.62691068649292 -1.0882411003112793 -1.0182092189788818 83 107 47
-5.260456085205078 -0.6316774487495422 -1.179735779762268 88 105 60
-5.083606719970703 -0.8021914958953857 -1.197535753250122 61 93 52
-13.269204139709473 -2.6005561351776123 0.25278234481811523 78 71 105
-13.3194580078125 -3.1131465435028076 0.12414497137069702 178 250 230
-13.234509468078613 -2.5863218307495117 -0.2405584454536438 46 52 52
-14.886102676391602 -3.4746592044830322 -0.4195075035095215 61 77 51
-18.971879959106445 -2.286285638809204 -0.6733166575431824 83 91 80
-17.86424446105957 -2.8164854049682617 -0.8092120289802551 82 92 68
-13.284080505371094 -2.589029312133789 -0.7355826497077942 35 40 44
-13.83950424194336 -3.2232351303100586 -0.909947395324707 70 85 52
-14.111286163330078 -1.6925443410873413 -1.020255446434021 90 123 32
-12.510645866394043 -1.9643791913986206 -1.0331538915634155 93 123 59
-11.493179321289062 -2.235823631286621 -1.0653629302978516 37 43 41
-10.593785285949707 -2.4651596546173096 -1.0969644784927368 65 97 48
-9.981588363647461 -1.1929765939712524 -1.094195008277893 61 99 24
-9.14692211151123 -1.4306575059890747 -1.0979019403457642 81 116 50
-7.612514019012451 -1.4771764278411865 -0.9943385720252991 87 117 57
-7.566060543060303 -1.7564365863800049 -1.0728226900100708 94 135 15
-7.794961929321289 -0.9259788990020752 -1.1461368799209595 71 116 47
-7.263535022735596 -1.1330926418304443 -1.144887089729309 136 178 102
-6.896244525909424 -1.3353151082992554 -1.1632486581802368 77 122 31
-6.225442886352539 -1.4447585344314575 -1.1241261959075928 80 114 64
-6.262113094329834 -0.7361313104629517 -1.1597293615341187 99 145 37
-6.0990400314331055 -0.9480545520782471 -1.1955227851867676 82 116 40
-4.5024638175964355 -0.8696078062057495 -0.9348828792572021 81 122 52
-4.68166446685791 -1.0859721899032593 -1.0295203924179077 132 195 176
-5.248795986175537 -0.6139479875564575 -1.1766929626464844 68 100 53
-5.12647008895874 -0.7928436398506165 -1.2070543766021729 54 68 15
-13.05106258392334 -3.01613450050354 0.6115453839302063 255 255 255
-13.281047821044922 -2.56059193611145 0.25285711884498596 215 255 250
-13.32017707824707 -3.070246934890747 0.12406329065561295 39 43 42
-13.263983726501465 -2.5498592853546143 -0.24095085263252258 95 109 86
-14.674586296081543 -3.377847909927368 -0.4132527709007263 89 105 78
-19.149526596069336 -2.248112201690674 -0.6793733835220337 84 97 69
-12.292672157287598 -1.899436354637146 -0.5565651655197144 77 96 76
-13.308631896972656 -2.5514581203460693 -0.7365052700042725 64 75 58
-13.823067665100098 -3.174729824066162 -0.908221960067749 70 101 70
-13.963845252990723 -1.6314188241958618 -1.0092287063598633 98 146 34
-8.156584739685059 -1.255090594291687 -0.673265814781189 106 141 87
-11.400214195251465 -2.1814613342285156 -1.0561201572418213 41 54 47
-10.54796314239502 -2.420408010482788 -1.0914455652236938 81 115 5
-9.840044021606445 -1.1454505920410156 -1.0782884359359741 97 122 67
-9.210162162780762 -1.411615014076233 -1.1049675941467285 69 97 39
-7.838173866271973 -1.496026873588562 -1.0232096910476685 64 78 43
-7.597485065460205 -1.7391841411590576 -1.07651686668396 88 137 46
-7.809561252593994 -0.9034243822097778 -1.1478705406188965 91 125 64
-7.362698078155518 -1.1254346370697021 -1.1599675416946411 69 106 52
-6.910000324249268 -1.3159970045089722 -1.1648824214935303 92 132 36
-6.222165584564209 -1.4238946437835693 -1.1227402687072754 84 116 43
-6.24284553527832 -0.714455783367157 -1.1557496786117554 87 118 51
-6.088332176208496 -0.9272690415382385 -1.1928606033325195 70 117 49
-4.5561299324035645 -0.865481972694397 -0.9454702138900757 92 126 39
-4.4075927734375 -1.0081579685211182 -0.9685660600662231 96 139 59
-5.245805740356445 -0.5972899198532104 -1.175606369972229 35 29 13
-5.139471530914307 -0.7787171602249146 -1.2095474004745483 103 145 37
-13.09337043762207 -2.983626365661621 0.6130960583686829 255 254 255
-13.244636535644531 -2.5114521980285645 0.25201600790023804 218 254 250
-13.230073928833008 -3.006762742996216 0.12313757836818695 42 47 51
-15.383983612060547 -2.908493757247925 -0.27929893136024475 69 89 61
-14.60494327545166 -3.314668893814087 -0.4110032320022583 93 115 77
-19.18512725830078 -2.1926424503326416 -0.6803945302963257 75 94 74
-17.442628860473633 -2.6404311656951904 -0.7893649935722351 77 92 59
-15.693939208984375 -2.958867311477661 -0.8680026531219482 82 90 67
-13.77531623840332 -3.119302749633789 -0.9044515490531921 78 88 64
-14.138253211975098 -1.607843279838562 -1.021472692489624 90 128 45
-11.973508834838867 -1.8048315048217773 -0.9878630042076111 93 130 53
-11.219919204711914 -2.111299514770508 -1.0388127565383911 54 60 60
-10.551456451416016 -2.387157678604126 -1.0910441875457764 72 118 28
-9.743742942810059 -1.1039527654647827 -1.067359447479248 111 137 64
-9.223287582397461 -1.384678840637207 -1.1060274839401245 71 102 34
-8.142983436584473 -1.5283267498016357 -1.0623829364776611 52 97 12
-7.597953796386719 -1.714776873588562 -1.075832724571228 55 111 2
-7.801480293273926 -0.8782431483268738 -1.146281361579895 77 114 44
-7.3368000984191895 -1.098451852798462 -1.1553510427474976 76 100 48
-6.902369022369385 -1.2926121950149536 -1.1629220247268677 56 109 29
-6.192878723144531 -1.3972121477127075 -1.1166770458221436 76 115 36
-6.234255790710449 -0.6941025257110596 -1.1537598371505737 96 125 59
-6.0649309158325195 -0.9046752452850342 -1.187726378440857 88 139 18
-4.526978492736816 -0.8455629944801331 -0.9388781189918518 91 109 69
-5.2548346519470215 -1.1849961280822754 -1.153942584991455 106 137 77
-5.1981353759765625 -0.5757132768630981 -1.1645218133926392 78 115 74
-5.132201671600342 -0.7615162134170532 -1.2072809934616089 84 119 39
-13.128778457641602 -2.9493541717529297 0.6143273711204529 254 255 255
-13.192399024963379 -2.9556658267974854 0.12270195037126541 42 53 49
-16.2097110748291 -3.013126850128174 -0.2941209375858307 87 112 73
-19.179845809936523 -2.1324479579925537 -0.6799719929695129 74 87 77
-18.84994125366211 -2.7943384647369385 -0.8526608347892761 65 78 60
-15.717670440673828 -2.9134349822998047 -0.8688167333602905 73 90 74
-13.826703071594238 -3.0863747596740723 -0.907199501991272 43 77 52
-14.177818298339844 -1.56829833984375 -1.0239787101745605 95 136 34
-12.52819538116455 -1.8491511344909668 -1.0331538915634155 99 137 64
-11.456472396850586 -2.119441032409668 -1.0601072311401367 85 117 80
-10.557760238647461 -2.3545584678649902 -1.0909438133239746 97 148 45
-9.706570625305176 -1.0695898532867432 -1.0629230737686157 77 118 52
-9.198018074035645 -1.3520431518554688 -1.1024945974349976 61 91 39
-8.14763355255127 -1.5033372640609741 -1.0623829364776611 91 117 20
-7.574169635772705 -1.6850050687789917 -1.071727991104126 63 118 16
-7.746103286743164 -0.8479515314102173 -1.1377571821212769 74 110 48
-7.278543949127197 -1.0669093132019043 -1.1456564664840698 65 110 43
-6.9004807472229 -1.2703582048416138 -1.161941647529602 87 130 40
-6.191368103027344 -1.3769233226776123 -1.1156376600265503 70 99 69
-6.235378265380859 -0.6748670339584351 -1.1535788774490356 117 135 87
-6.053106307983398 -0.8839361071586609 -1.1848740577697754 67 110 83
-4.575810432434082 -0.840164065361023 -0.9484665989875793 71 90 35
-5.417849540710449 -1.2043019533157349 -1.1889232397079468 85 125 37
-5.18337869644165 -0.557986855506897 -1.1608269214630127 73 103 39
-5.1402974128723145 -0.74660724401474 -1.2086408138275146 84 98 37
-13.141667366027832 -2.909925699234009 0.6145098805427551 243 254 250
-13.145748138427734 -2.9028878211975098 0.1221846342086792 37 42 45
-16.526731491088867 -3.0196304321289062 -0.2997036874294281 93 118 78
-13.17832088470459 -2.905980348587036 -0.3703473210334778 45 57 47
-19.202194213867188 -2.075313091278076 -0.6805353760719299 65 75 64
-18.698265075683594 -2.713253974914551 -0.8454193472862244 73 88 65
-15.7314453125 -2.8660948276519775 -0.8690880537033081 74 89 60
-13.844879150390625 -3.045870304107666 -0.9077746272087097 71 88 54
-14.154794692993164 -1.5218086242675781 -1.021973967552185 85 127 53
-12.524931907653809 -1.8094239234924316 -1.0324221849441528 80 127 46
-11.257158279418945 -2.0468697547912598 -1.0410780906677246 80 117 37
-10.631985664367676 -2.3368945121765137 -1.0978676080703735 76 115 70
-9.75725269317627 -1.0448864698410034 -1.0681169033050537 79 112 41
-9.218832969665527 -1.3262215852737427 -1.1044965982437134 88 124 24
-8.160991668701172 -1.479926347732544 -1.0635275840759277 85 110 55
-7.568660259246826 -1.6594263315200806 -1.0702229738235474 99 130 37
-7.77326774597168 -0.8267992734909058 -1.141369104385376 78 101 59
-7.335577487945557 -1.052290916442871 -1.1541200876235962 93 119 30
-6.889782905578613 -1.2465471029281616 -1.159490942955017 84 118 44
-6.60731840133667 -1.4481689929962158 -1.1897825002670288 77 86 69
-6.234484672546387 -0.655425488948822 -1.1530362367630005 79 96 51
-6.0480146408081055 -0.8642503023147583 -1.1833528280258179 121 152 72
-5.348820686340332 -0.9651426672935486 -1.1080759763717651 80 100 47
-5.383312225341797 -1.179304838180542 -1.1805446147918701 89 120 26
-5.16176700592041 -0.5396460294723511 -1.1556107997894287 93 125 42
-5.121349334716797 -0.7278186678886414 -1.2036548852920532 106 151 96
-13.155412673950195 -2.8706588745117188 0.614737868309021 255 255 255
-13.14775276184082 -2.8610551357269287 0.12212111055850983 33 34 39
-22.45334243774414 -4.031346797943115 -0.40695348381996155 89 103 70
-13.159823417663574 -2.8595926761627197 -0.3695791959762573 39 46 39
-19.0424861907959 -1.9989677667617798 -0.6746547222137451 81 94 77
-18.702545166015625 -2.6553139686584473 -0.8452405333518982 76 89 79
-11.842966079711914 -2.120137929916382 -0.6539055109024048 76 87 70
-14.007280349731445 -3.0365750789642334 -0.9178077578544617 91 129 92
-14.19411849975586 -1.4820003509521484 -1.0244799852371216 108 140 57
-12.696220397949219 -1.7944222688674927 -1.046082615852356 83 121 44
-11.47906494140625 -2.0508570671081543 -1.0610134601593018 79 122 42
-10.66341495513916 -2.309530258178711 -1.1003762483596802 79 125 63
-9.77326774597168 -1.016283392906189 -1.0695236921310425 80 116 55
-9.185490608215332 -1.2926735877990723 -1.1000216007232666 78 116 55
-8.152798652648926 -1.4526199102401733 -1.0618741512298584 62 104 30
-7.56209659576416 -1.633687973022461 -1.0685811042785645 80 121 29
-7.779704570770264 -0.8033538460731506 -1.1419470310211182 99 128 70
-7.328986167907715 -1.0284076929092407 -1.1525812149047852 73 114 38
-6.893575191497803 -1.2254036664962769 -1.159490942955017 71 121 34
-6.633871555328369 -1.4326729774475098 -1.1937668323516846 82 109 68
-6.23059606552124 -0.6356963515281677 -1.1519508361816406 108 139 108
-6.052582263946533 -0.8459629416465759 -1.1837331056594849 91 141 52
-5.262029647827148 -0.9328219890594482 -1.0894981622695923 75 100 45
-5.396463394165039 -1.164846658706665 -1.1826393604278564 109 142 35
-5.126495838165283 -0.5200638175010681 -1.1473517417907715 135 178 132
-5.120663642883301 -0.7117009162902832 -1.2029749155044556 72 103 25
-13.142671585083008 -2.8256657123565674 0.6137345433235168 237 253 250
-13.159401893615723 -2.821333885192871 0.12214833498001099 33 34 39
-13.156805038452148 -2.8166942596435547 -0.36924999952316284 42 44 41
-19.39154052734375 -1.975480556488037 -0.6868034601211548 81 95 80
-18.679927825927734 -2.5936639308929443 -0.8438548445701599 85 92 76
-16.0683536529541 -2.825721263885498 -0.8867260217666626 86 89 82
-14.024338722229004 -2.9952545166015625 -0.918319046497345 47 59 37
-14.2452392578125 -1.4431716203689575 -1.0278452634811401 93 141 23
-12.599973678588867 -1.7414077520370483 -1.0377074480056763 102 144 62
-11.502958297729492 -2.018728733062744 -1.0626444816589355 87 130 48
-10.674342155456543 -2.277634859085083 -1.100777506828308 88 122 27
-9.793153762817383 -0.9879909753799438 -1.071363091468811 94 129 25
-9.23171615600586 -1.2703077793121338 -1.1050853729248047 95 123 72
-8.202159881591797 -1.4354662895202637 -1.0677248239517212 77 118 40
-7.520565986633301 -1.600582242012024 -1.0620137453079224 79 129 34
-7.7762250900268555 -0.7788905501365662 -1.1410801410675049 89 111 49
-7.284140110015869 -0.9993370771408081 -1.1450409889221191 73 113 42
-6.895358562469482 -1.2039093971252441 -1.1591641902923584 100 133 29
-6.627639293670654 -1.4100592136383057 -1.1918612718582153 102 121 76
-6.2090277671813965 -0.614254355430603 -1.1476093530654907 104 137 84
-5.995813846588135 -0.8192821741104126 -1.172133445739746 87 125 52
-5.273554801940918 -0.9181865453720093 -1.0912959575653076 82 108 71
-5.412445068359375 -1.1509289741516113 -1.1853623390197754 79 107 32
-5.1387529373168945 -0.5053843855857849 -1.149742603302002 110 118 81
-5.119927883148193 -0.6955942511558533 -1.2022950649261475 77 113 67
-22.478147506713867 -3.9061129093170166 0.4265187680721283 219 255 253
-13.174843788146973 -2.7823946475982666 0.12221186608076096 36 42 42
-16.691747665405273 -2.8912851810455322 -0.3022007644176483 100 122 75
-13.175165176391602 -2.778378963470459 -0.3695243299007416 31 42 36
-20.19911003112793 -1.9951564073562622 -0.7151854634284973 78 90 70
-18.676908493041992 -2.534864664077759 -0.8433631658554077 84 110 73
-16.252090454101562 -2.806657552719116 -0.8963861465454102 102 113 79
-13.225829124450684 -2.782313108444214 -0.8654693365097046 28 33 29
-14.198974609375 -1.394489049911499 -1.024193525314331 106 153 59
-12.675383567810059 -1.7122163772583008 -1.043480634689331 84 132 58
-11.354033470153809 -1.9567054510116577 -1.0483272075653076 98 141 36
-10.674463272094727 -2.243443250656128 -1.100075125694275 92 127 59
-9.783276557922363 -0.9566836357116699 -1.0699565410614014 87 137 40
-9.229663848876953 -1.2411850690841675 -1.1043788194656372 75 116 58
-8.125389099121094 -1.3963522911071777 -1.0571683645248413 93 134 68
-7.474056720733643 -1.5667304992675781 -1.0547621250152588 92 138 29
-7.758880138397217 -0.7531177997589111 -1.1381906270980835 76 92 55
-7.266605854034424 -0.9742277264595032 -1.1418094635009766 93 129 65
-6.905826091766357 -1.1839159727096558 -1.1603078842163086 105 128 72
-6.594340801239014 -1.3818416595458984 -1.1851052045822144 82 110 33
-6.2050089836120605 -0.5946394801139832 -1.1465239524841309 72 110 53
-5.968132019042969 -0.7968555688858032 -1.16623854637146 46 77 36
-5.264756679534912 -0.9000218510627747 -1.088898777961731 118 133 128
-5.478158950805664 -1.147347331047058 -1.1989775896072388 91 105 30
-5.175260066986084 -0.4929485023021698 -1.157566785812378 96 127 49
-5.107555389404297 -0.6779608726501465 -1.1988955736160278 96 113 79
-13.192129135131836 -2.7437942028045654 0.12229354679584503 36 44 46
-13.193414688110352 -2.7399778366088867 -0.3697986602783203 33 42 37
-19.954435348510742 -1.9091906547546387 -0.7063116431236267 74 93 65
-18.65290641784668 -2.4733505249023438 -0.8419327735900879 71 82 74
-16.318710327148438 -2.7666311264038086 -0.8995881080627441 73 81 70
-13.242120742797852 -2.7433433532714844 -0.8659805655479431 37 39 36
-14.182333946228027 -1.3489373922348022 -1.022689938545227 106 142 44
-12.740853309631348 -1.6812747716903687 -1.04844069480896 104 143 60
-11.284375190734863 -1.9090713262557983 -1.0413498878479004 84 129 48
-10.689090728759766 -2.212297201156616 -1.1008778810501099 107 145 34
-9.705010414123535 -0.9189797639846802 -1.061083436012268 89 129 69
-9.18026065826416 -1.2058792114257812 -1.0980195999145508 93 128 36
-8.111051559448242 -1.3682825565338135 -1.0547517538070679 83 127 48
-7.4875593185424805 -1.5455952882766724 -1.0559935569763184 83 127 74
-7.753273010253906 -0.7285698056221008 -1.1370347738265991 62 76 50
-7.317566871643066 -0.9582157731056213 -1.1493496894836426 102 140 55
-6.910398960113525 -1.1628873348236084 -1.1604712009429932 84 138 63
-6.547427177429199 -1.3510550260543823 -1.1759235858917236 67 110 41
-6.217576503753662 -0.5765990018844604 -1.1485137939453125 108 124 88
-5.954972267150879 -0.7765107154846191 -1.1631959676742554 84 110 71
-4.794955253601074 -0.804575502872467 -0.9912155866622925 79 105 34
-5.476864814758301 -1.1295477151870728 -1.1979302167892456 60 92 53
-5.22923469543457 -0.48190566897392273 -1.169303297996521 85 99 73
-5.091259479522705 -0.659909188747406 -1.1945894956588745 67 78 46
-13.213220596313477 -2.705916404724121 0.12241153419017792 39 40 45
-13.207634925842285 -2.7006897926330566 -0.36996325850486755 34 38 39
-15.205496788024902 -1.407760739326477 -0.5380617380142212 74 91 73
-18.663379669189453 -2.4164974689483643 -0.8420668840408325 75 90 67
-16.309391021728516 -2.7136030197143555 -0.8986112475395203 82 96 73
-14.443418502807617 -2.9460294246673584 -0.943945050239563 69 94 72
-14.17448616027832 -1.304323434829712 -1.021830677986145 96 117 48
-12.630294799804688 -1.6272772550582886 -1.0389270782470703 95 137 71
-11.155584335327148 -1.852096438407898 -1.0289356708526611 78 118 66
-10.730925559997559 -2.1866447925567627 -1.1044903993606567 87 125 50
-9.656305313110352 -0.8844855427742004 -1.0554566383361816 111 133 86
-9.381897926330566 -1.2030971050262451 -1.1216899156570435 76 126 37
-8.09172534942627 -1.3395038843154907 -1.0516992807388306 74 119 34
-7.426254749298096 -1.5092015266418457 -1.0466896295547485 86 121 21
-7.726893901824951 -0.7021826505661011 -1.1328449249267578 69 101 64
-7.214620113372803 -0.9222304224967957 -1.1327303647994995 91 131 68
-6.909067153930664 -1.1408774852752686 -1.1596543788909912 110 153 73
-6.6432318687438965 -1.3495886325836182 -1.1923810243606567 62 107 26
-6.202662944793701 -0.5560281872749329 -1.145438551902771 93 116 46
-5.986543655395508 -0.7619561553001404 -1.168900728225708 88 117 35
-4.620471477508545 -0.7607306838035583 -0.9546592235565186 91 118 67
-5.246488571166992 -1.0652647018432617 -1.1468207836151123 93 119 45
-5.2413835525512695 -0.4668128490447998 -1.1716941595077515 88 111 55
-5.089394569396973 -0.6437973976135254 -1.1936829090118408 80 97 81
-13.251847267150879 -2.671492099761963 0.12269287556409836 34 31 42
-13.21193790435791 -2.659367561340332 -0.36985352635383606 31 30 36
-20.647626876831055 -1.847734808921814 -0.73043292760849 93 107 94
-18.414997100830078 -2.326916456222534 -0.8305341601371765 71 83 69
-16.460535049438477 -2.6868789196014404 -0.9064804911613464 66 87 70
-14.439668655395508 -2.8991498947143555 -0.9431142210960388 46 52 40
-14.215181350708008 -1.2640994787216187 -1.0244799852371216 121 158 89
-12.27823257446289 -1.5436385869979858 -1.0095733404159546 86 129 24
-11.122879981994629 -1.8116192817687988 -1.0254017114639282 81 97 87
-10.672223091125488 -2.1406028270721436 -1.0977672338485718 80 118 35
-9.805530548095703 -0.8678271770477295 -1.0714713335037231 73 132 22
-9.396383285522461 -1.1756643056869507 -1.1229852437973022 88 117 61
-8.071320533752441 -1.3106979131698608 -1.0485197305679321 106 134 50
-7.485245704650879 -1.4972918033599854 -1.0543516874313354 78 107 17
-7.710283279418945 -0.6768295168876648 -1.130099892616272 53 79 44
-7.228200435638428 -0.901436984539032 -1.134423017501831 74 118 39
-6.910586833953857 -1.1193598508834839 -1.1593276262283325 86 118 33
-6.653135776519775 -1.3303598165512085 -1.19342041015625 94 104 80
-6.204339981079102 -0.536996066570282 -1.145438551902771 71 102 71
-5.974239349365234 -0.7417716383934021 -1.1660484075546265 77 107 55
-5.5929975509643555 -0.9032353162765503 -1.155019760131836 91 120 74
-5.194118499755859 -1.038049340248108 -1.1346718072891235 90 115 58
-5.256406307220459 -0.451900839805603 -1.1747368574142456 91 111 84
-5.095212459564209 -0.6286574006080627 -1.1945894956588745 53 73 61
-13.296272277832031 -2.638023614883423 0.12302867323160172 37 35 46
-18.040908813476562 -2.897416591644287 -0.3259587585926056 83 101 59
-13.232782363891602 -2.6213464736938477 -0.3702101707458496 32 33 38
-15.463761329650879 -1.336026906967163 -0.5469003319740295 93 109 62
-18.391313552856445 -2.2666208744049072 -0.8291484713554382 81 93 81
-16.493349075317383 -2.6403119564056396 -0.9078372716903687 60 83 75
-13.191424369812012 -2.606454849243164 -0.8610599040985107 27 36 35
-14.292531967163086 -1.2267942428588867 -1.0297784805297852 100 130 70
-12.60739517211914 -1.5457459688186646 -1.0362437963485718 107 148 72
-11.095932960510254 -1.7723027467727661 -1.0224113464355469 93 116 108
-10.641647338867188 -2.100529193878174 -1.093954086303711 35 82 30
-9.840834617614746 -0.8405320644378662 -1.0750422477722168 70 109 52
-9.380231857299805 -1.144425868988037 -1.1206300258636475 79 108 52
-8.176196098327637 -1.3019955158233643 -1.061619758605957 104 129 90
-7.486888408660889 -1.473746418952942 -1.053941249847412 78 129 11
-7.764580249786377 -0.6575972437858582 -1.1377571821212769 65 81 54
-7.295669078826904 -0.8871287107467651 -1.144579291343689 73 102 35
-6.9149627685546875 -1.0983079671859741 -1.159490942955017 125 163 60
-6.667815685272217 -1.3120336532592773 -1.1953259706497192 66 103 49
-6.19223690032959 -0.5168136954307556 -1.1429060697555542 76 92 66
-5.976487159729004 -0.7234394550323486 -1.1660484075546265 101 130 76
-5.589935779571533 -0.8851525783538818 -1.1538212299346924 107 129 67
-5.222224235534668 -1.027014970779419 -1.140117883682251 88 109 50
-5.258740425109863 -0.43585288524627686 -1.1749541759490967 92 105 77
-5.0932488441467285 -0.6125573515892029 -1.1936829090118408 71 92 51
-13.287618637084961 -2.593961715698242 0.12287438660860062 35 36 41
-13.23978042602539 -2.580545425415039 -0.37018272280693054 40 41 46
-15.623151779174805 -1.3015215396881104 -0.5523936152458191 85 100 79
-18.33966064453125 -2.2031564712524414 -0.8265111446380615 75 85 77
-16.51715660095215 -2.5921757221221924 -0.9087055921554565 70 82 70
-13.340423583984375 -2.5933949947357178 -0.8702622652053833 37 42 38
-14.287282943725586 -1.1821993589401245 -1.0291341543197632 90 126 52
-12.830790519714355 -1.5331944227218628 -1.0542137622833252 97 129 66
-8.07583236694336 -1.2645196914672852 -0.7437695860862732 78 117 64
-10.506420135498047 -2.040367841720581 -1.0794042348861694 53 101 49
-9.789865493774414 -0.8059324026107788 -1.0691990852355957 82 108 63
-9.357073783874512 -1.1124768257141113 -1.117450475692749 87 123 51
-8.209552764892578 -1.2814946174621582 -1.065435528755188 90 140 41
-7.497209548950195 -1.4519001245498657 -1.0547621250152588 83 121 34
-7.800093173980713 -0.6365090012550354 -1.142669439315796 49 68 74
-7.274807453155518 -0.8619515299797058 -1.1408860683441162 98 133 49
-6.921224594116211 -1.0775432586669922 -1.15998113155365 97 118 49
-6.668909072875977 -1.2910094261169434 -1.1948063373565674 83 101 59
-6.156540393829346 -0.49481964111328125 -1.1360318660736084 80 107 56
-5.971853256225586 -0.7042955160140991 -1.1647173166275024 106 138 71
-5.667180061340332 -0.8795700073242188 -1.1692028045654297 88 116 75
-5.472073554992676 -1.0587239265441895 -1.1939504146575928 76 114 11
-5.2581071853637695 -0.4195619821548462 -1.1745195388793945 115 109 95
-5.098006725311279 -0.5972686409950256 -1.1943628787994385 66 79 59
-13.295514106750488 -2.5531837940216064 0.12287438660860062 55 58 65
-38.03171920776367 -5.868846416473389 -0.6864842772483826 100 115 72
-13.262362480163574 -2.5427374839782715 -0.37059423327445984 89 102 76
-15.953819274902344 -1.279795527458191 -0.56394362449646 83 96 86
-18.51898193359375 -2.167083978652954 -0.834289014339447 66 74 63
-16.58917999267578 -2.5513553619384766 -0.9122331142425537 75 93 67
-14.796066284179688 -2.8292925357818604 -0.9646503329277039 100 116 87
-14.177494049072266 -1.1293320655822754 -1.0209715366363525 86 114 53
-12.893843650817871 -1.5006208419799805 -1.0590112209320068 78 124 51
-11.273940086364746 -1.7298626899719238 -1.0378159284591675 50 86 42
-10.51849365234375 -2.0092451572418213 -1.0800062417984009 63 91 43
-9.878510475158691 -0.7827253341674805 -1.078613042831421 86 113 62
-9.261797904968262 -1.0723432302474976 -1.1056742668151855 83 120 43
-8.302668571472168 -1.2699493169784546 -1.0770093202590942 92 134 60
-7.571691513061523 -1.4422374963760376 -1.0646132230758667 93 134 30
-7.823711395263672 -0.6142796277999878 -1.1458479166030884 47 45 59
-7.303920269012451 -0.8426864147186279 -1.1450409889221191 89 130 38
-6.932300090789795 -1.0574944019317627 -1.1612881422042847 93 131 44
-6.6670331954956055 -1.2694380283355713 -1.1937668323516846 73 102 35
-6.15116548538208 -0.47539880871772766 -1.134765625 83 101 77
-5.9632568359375 -0.6847388744354248 -1.1626255512237549 85 107 61
-5.690195083618164 -0.865272581577301 -1.1733977794647217 69 106 52
-5.483941078186035 -1.0435760021209717 -1.1958355903625488 75 108 51
-5.259369373321533 -0.4034283757209778 -1.1745195388793945 101 108 90
-5.089169979095459 -0.5804113149642944 -1.191869854927063 117 134 118
-13.290511131286621 -2.509969472885132 0.12275640666484833 118 139 166
-22.46117401123047 -3.3955674171447754 -0.4052411913871765 100 131 72
-16.25535774230957 -3.0648982524871826 -0.4539635181427002 95 114 86
-16.183856964111328 -1.2482900619506836 -0.571937084197998 91 106 85
-18.408418655395508 -2.096916675567627 -0.8290143609046936 69 79 71
-16.77959632873535 -2.527968645095825 -0.9222732186317444 78 99 68
-14.792908668518066 -2.781672477722168 -0.9638835191726685 62 106 45
-14.220672607421875 -1.0888768434524536 -1.02383553981781 86 121 57
-12.89244556427002 -1.4603829383850098 -1.058523416519165 100 133 88
-11.26836109161377 -1.6936384439468384 -1.0368191003799438 92 133 57
-10.551010131835938 -1.9819247722625732 -1.082715630531311 74 103 55
-9.882847785949707 -0.7525657415390015 -1.0788295269012451 78 104 56
-9.28083324432373 -1.045702338218689 -1.1075583696365356 66 108 45
-8.237860679626465 -1.2341837882995605 -1.0681064128875732 101 126 71
-7.628658771514893 -1.4288489818572998 -1.0720016956329346 93 139 41
-7.840360164642334 -0.5913903713226318 -1.148015022277832 50 50 60
-7.309416770935059 -0.8206050395965576 -1.1455025672912598 70 105 25
-6.95014762878418 -1.0384081602096558 -1.1637388467788696 95 132 39
-6.683481216430664 -1.2513341903686523 -1.196018934249878 75 101 40
-6.1555376052856445 -0.45674341917037964 -1.1353083848953247 95 115 80
-5.956548690795898 -0.6654596328735352 -1.1609141826629639 83 127 32
-5.663748264312744 -0.8434813022613525 -1.1674050092697144 85 113 62
-5.503456115722656 -1.029803991317749 -1.1993964910507202 74 101 30
-5.249874114990234 -0.38650259375572205 -1.1721287965774536 103 118 97
-5.0183234214782715 -0.5567404627799988 -1.1748722791671753 93 130 86
-13.312895774841309 -2.471920967102051 0.12289253622293472 125 167 166
-19.393779754638672 -2.1567904949188232 -0.16075363755226135 78 89 75
-18.084997177124023 -2.6772730350494385 -0.32613712549209595 96 123 70
-17.307519912719727 -3.2083253860473633 -0.4830700755119324 86 107 74
-20.8878173828125 -1.5466657876968384 -0.7380037903785706 83 96 79
-18.537885665893555 -2.054072856903076 -0.8345571160316467 71 77 63
-16.851482391357422 -2.485949754714966 -0.9258007407188416 85 102 66
-14.862215042114258 -2.747523069381714 -0.967845618724823 99 139 50
-14.087665557861328 -1.0352287292480469 -1.0140260457992554 92 120 69
-12.503559112548828 -1.377492904663086 -1.0262423753738403 98 140 64
-11.305033683776855 -1.6636996269226074 -1.0397188663482666 74 116 30
-10.56389045715332 -1.950810194015503 -1.0834180116653442 78 109 49
-9.891058921813965 -0.7226767539978027 -1.0794787406921387 60 76 47
-9.283997535705566 -1.0172243118286133 -1.1075583696365356 87 124 19
-8.296566009521484 -1.2169657945632935 -1.0752286911010742 58 129 71
-7.650542259216309 -1.4086666107177734 -1.0744644403457642 94 129 37
-7.848058700561523 -0.567762017250061 -1.1488819122314453 86 85 90
-7.335474014282227 -0.8007495999336243 -1.1491957902908325 104 144 82
-6.98258638381958 -1.0213642120361328 -1.16864013671875 93 123 35
-6.6863203048706055 -1.2306454181671143 -1.1958457231521606 97 124 79
-6.1824164390563965 -0.43967026472091675 -1.1400116682052612 89 94 71
-5.952706336975098 -0.6465460062026978 -1.1597732305526733 132 159 126
-5.740968227386475 -0.8369858860969543 -1.1827867031097412 106 128 56
-5.535439968109131 -1.0182217359542847 -1.2056803703308105 90 121 51
-5.250061988830566 -0.3703257143497467 -1.1719114780426025 72 73 65
-4.981273174285889 -0.5371648669242859 -1.1658068895339966 84 115 71
-19.733352661132812 -2.1332852840423584 -0.16351330280303955 87 101 78
-21.899757385253906 -3.173374652862549 -0.39475345611572266 96 116 65
-16.236486434936523 -2.9582905769348145 -0.4529210329055786 89 111 75
-20.91638946533203 -1.4842733144760132 -0.738848865032196 86 98 78
-18.602703094482422 -2.0035011768341064 -0.8371944427490234 71 80 75
-16.853099822998047 -2.433382511138916 -0.9254751801490784 89 103 70
-14.780241012573242 -2.685500383377075 -0.961966335773468 49 90 60
-14.049981117248535 -0.9891315698623657 -1.0110903978347778 92 127 61
-12.923956871032715 -1.383689284324646 -1.0603935718536377 100 138 65
-11.312055587768555 -1.629292368888855 -1.0399000644683838 91 133 49
-10.547308921813965 -1.9143047332763672 -1.0811100006103516 66 91 70
-9.913064002990723 -0.6937159299850464 -1.0816428661346436 91 114 72
-9.287074089050293 -0.9887365698814392 -1.1075583696365356 95 132 54
-8.338550567626953 -1.1970032453536987 -1.0801888704299927 88 129 35
-7.669449806213379 -1.3878344297409058 -1.07651686668396 79 125 17
-7.85469913482666 -0.5440236926078796 -1.149604320526123 96 103 109
-7.336913585662842 -0.7781367301940918 -1.1490418910980225 96 122 75
-6.985686779022217 -0.9999370574951172 -1.16864013671875 112 142 52
-6.671650409698486 -1.2067954540252686 -1.192554235458374 82 114 65
-6.224947929382324 -0.4235045909881592 -1.1476093530654907 85 102 83
-5.940016269683838 -0.6267350912094116 -1.1569207906723022 99 129 59
-5.708588123321533 -0.8143870234489441 -1.1755951642990112 93 122 40
-5.57510232925415 -1.0078444480895996 -1.2136400938034058 69 106 36
-5.256042957305908 -0.3545454740524292 -1.1729981899261475 78 86 71
-5.00227165222168 -0.5239090919494629 -1.170339584350586 76 112 50
-20.020580291748047 -2.8383889198303223 -0.36072173714637756 98 119 76
-16.62038230895996 -2.9755823612213135 -0.4633730947971344 87 106 84
-20.94278335571289 -1.4215848445892334 -0.7396236062049866 83 90 82
-18.64850616455078 -1.9505765438079834 -0.8389825224876404 75 86 72
-16.943538665771484 -2.3933980464935303 -0.9300339221954346 88 100 76
-14.955422401428223 -2.6699588298797607 -0.9728302359580994 92 118 81
-14.002195358276367 -0.9426054954528809 -1.0074386596679688 100 151 72
-12.9132719039917 -1.3424867391586304 -1.0591739416122437 100 142 70
-11.368280410766602 -1.6018050909042358 -1.0446120500564575 96 132 62
-10.559009552001953 -1.8829851150512695 -1.0817121267318726 59 90 48
-9.946887016296387 -0.6654232740402222 -1.085105538368225 80 98 56
-9.308832168579102 -0.9621794819831848 -1.1097959280014038 84 118 57
-8.5808687210083 -1.204931616783142 -1.1110950708389282 87 127 56
-7.685375213623047 -1.3663791418075562 -1.0781587362289429 97 130 41
-7.860280990600586 -0.5201846361160278 -1.1501822471618652 97 99 124
-7.340249061584473 -0.7557249069213867 -1.1491957902908325 83 107 81
-7.0033769607543945 -0.9805524945259094 -1.171090841293335 48 95 40
-6.617140293121338 -1.1759816408157349 -1.1821601390838623 85 119 43
-6.237995147705078 -0.40516969561576843 -1.1497801542282104 91 106 87
-5.937028408050537 -0.6080083847045898 -1.1559700965881348 104 125 94
-5.703296184539795 -0.7957862615585327 -1.173997163772583 92 112 43
-5.5117387771606445 -0.9789369702339172 -1.1991870403289795 72 120 36
-5.27853536605835 -0.3397980034351349 -1.1777796745300293 77 87 76
-4.983506679534912 -0.5064917206764221 -1.1655802726745605 92 118 27
-22.3321533203125 -3.9343326091766357 0.20580711960792542 28 76 86
-18.579296112060547 -2.5759315490722656 -0.33460935950279236 84 106 67
-17.39046287536621 -3.0584182739257812 -0.4845789074897766 96 109 100
-21.13852310180664 -1.3697340488433838 -0.7463846206665039 72 88 78
-18.66036605834961 -1.893959879875183 -0.8392507433891296 77 90 83
-17.002235412597656 -2.3485095500946045 -0.9328559637069702 77 96 68
-14.901618003845215 -2.61320424079895 -0.9688041806221008 101 139 20
-13.99108600616455 -0.8987478017807007 -1.0064363479614258 91 135 50
-12.857830047607422 -1.2968618869781494 -1.0542951822280884 79 134 32
-11.474757194519043 -1.5809202194213867 -1.0539454221725464 97 136 45
-10.556896209716797 -1.8492083549499512 -1.0809093713760376 70 99 41
-9.995511054992676 -0.6378792524337769 -1.09019136428833 110 135 103
-9.297906875610352 -0.9322289228439331 -1.1081472635269165 77 117 54
-8.603195190429688 -1.1811635494232178 -1.113511562347412 72 101 47
-7.731491565704346 -1.3501217365264893 -1.0840420722961426 86 123 46
-7.862827301025391 -0.49612951278686523 -1.1503267288208008 62 85 75
-7.348432540893555 -0.7337908744812012 -1.1501190662384033 98 112 63
-6.955524921417236 -0.9521043300628662 -1.1625951528549194 105 137 74
-6.660495758056641 -1.1626185178756714 -1.1892627477645874 86 117 50
-6.248043537139893 -0.38657647371292114 -1.1514081954956055 81 87 85
-5.936911582946777 -0.5895968675613403 -1.1555896997451782 85 115 89
-5.711535930633545 -0.7790796160697937 -1.1751956939697266 86 123 54
-5.517605781555176 -0.9625266790390015 -1.1998153924942017 92 112 75
-5.277604579925537 -0.3234826624393463 -1.1773450374603271 67 77 66
-4.957897186279297 -0.48852595686912537 -1.1592345237731934 89 118 52
-17.388263702392578 -2.3564515113830566 -0.31302741169929504 92 115 61
-17.170249938964844 -2.965412139892578 -0.4781869947910309 89 104 81
-21.142627716064453 -1.3048754930496216 -0.7463846206665039 77 83 79
-18.760536193847656 -1.845995306968689 -0.8434972763061523 65 78 69
-17.032119750976562 -2.2994086742401123 -0.9341041445732117 81 96 73
-15.23509693145752 -2.6235320568084717 -0.9899568557739258 68 115 11
-14.015680313110352 -0.8571590185165405 -1.0080115795135498 92 131 38
-12.800246238708496 -1.25139582157135 -1.0492538213729858 98 141 62
-11.485475540161133 -1.5465060472488403 -1.054489016532898 103 133 47
-10.412495613098145 -1.7910064458847046 -1.0655566453933716 80 111 31
-10.035127639770508 -0.6095006465911865 -1.0943032503128052 104 116 96
-9.200895309448242 -0.8939992189407349 -1.0962531566619873 69 108 45
-8.677559852600098 -1.1642603874206543 -1.1226691007614136 102 123 80
-7.764887809753418 -1.3314177989959717 -1.088146686553955 74 108 48
-7.8682637214660645 -0.47224152088165283 -1.150904655456543 89 101 91
-7.3181939125061035 -0.7081023454666138 -1.1450409889221191 82 102 53
-6.9457011222839355 -0.9290602207183838 -1.1604712009429932 87 108 51
-6.667913913726807 -1.1428444385528564 -1.189955711364746 80 116 54
-6.245273113250732 -0.36717507243156433 -1.1506845951080322 83 100 82
-5.932828903198242 -0.5708157420158386 -1.1544487476348877 98 134 98
-5.7138991355896 -0.7615532279014587 -1.1751956939697266 72 105 48
-5.445357799530029 -0.9327179193496704 -1.1834770441055298 78 108 48
-5.275648593902588 -0.3071194887161255 -1.1766929626464844 86 103 85
-4.947737693786621 -0.4722026288509369 -1.1565148830413818 75 105 55
-18.58384895324707 -2.4604392051696777 -0.33441317081451416 94 118 68
-17.228544235229492 -2.9210753440856934 -0.47955864667892456 96 117 78
-21.149524688720703 -1.240180253982544 -0.7464902400970459 70 87 79
-19.021697998046875 -1.8127875328063965 -0.8549852967262268 90 102 92
-17.133140563964844 -2.259547233581543 -0.9392598867416382 85 90 84
-15.275546073913574 -2.582268238067627 -0.9920657277107239 97 132 52
-14.037163734436035 -0.815254271030426 -1.0093719959259033 67 113 64
-12.850661277770996 -1.2165342569351196 -1.0530754327774048 103 150 36
-11.516825675964355 -1.5147682428359985 -1.0569356679916382 123 165 91
-10.333569526672363 -1.7448070049285889 -1.0569270849227905 55 95 42
-9.987326622009277 -0.5758492350578308 -1.0888928174972534 84 96 96
-9.24512004852295 -0.8696732521057129 -1.1011992692947388 64 106 58
-8.700759887695312 -1.1402101516723633 -1.1252126693725586 93 136 80
-7.806056022644043 -1.313836932182312 -1.0933458805084229 62 106 11
-7.867699146270752 -0.44798725843429565 -1.1506155729293823 109 112 121
-7.327218055725098 -0.6862921714782715 -1.1461181640625 84 113 59
-6.94656229019165 -0.907491147518158 -1.160144567489624 111 137 72
-6.635453224182129 -1.116336464881897 -1.1835459470748901 73 95 72
-6.246370315551758 -0.34801310300827026 -1.1506845951080322 84 106 85
-5.918911933898926 -0.5511550307273865 -1.151406168937683 181 211 177
-5.724953651428223 -0.7451578378677368 -1.176993489265442 91 123 60
-5.494479656219482 -0.9237894415855408 -1.1935315132141113 68 84 55
-5.27266788482666 -0.29071763157844543 -1.17582368850708 73 74 69
-4.972439765930176 -0.459170401096344 -1.1619541645050049 100 92 73
-23.034645080566406 -2.133260726928711 -0.19057467579841614 84 110 65
-18.518922805786133 -2.3940553665161133 -0.33311110734939575 95 122 69
-17.241369247436523 -2.868861436843872 -0.47966834902763367 92 109 90
-21.375747680664062 -1.1876518726348877 -0.7543428540229797 67 84 66
-19.07193374633789 -1.7585489749908447 -0.8569967746734619 80 93 76
-17.247940063476562 -2.220872402191162 -0.9451753497123718 78 91 71
-7.948862552642822 -1.318651795387268 -0.515971302986145 83 89 87
-14.105330467224121 -0.7758002877235413 -1.0140976905822754 92 138 50
-12.830512046813965 -1.174921989440918 -1.0511239767074585 76 129 37
-11.513516426086426 -1.4784132242202759 -1.0562107563018799 91 116 61
-10.37617301940918 -1.7192760705947876 -1.0607401132583618 67 97 45
-10.00294303894043 -0.5459643602371216 -1.0904077291488647 97 116 97
-9.300158500671387 -0.8460739254951477 -1.1074405908584595 125 165 92
-8.731765747070312 -1.1170353889465332 -1.1287739276885986 102 142 69
-7.854031085968018 -1.2971458435058594 -1.0995029211044312 77 116 23
-7.858168125152588 -0.42326200008392334 -1.1490263938903809 60 73 66
-7.308624267578125 -0.6619377136230469 -1.1428866386413574 75 98 72
-6.950292587280273 -0.8862999081611633 -1.1603078842163086 100 128 77
-6.665083408355713 -1.100305199623108 -1.1882233619689941 92 103 47
-6.2336578369140625 -0.328124076128006 -1.1481519937515259 94 108 95
-5.880485534667969 -0.529384434223175 -1.1436097621917725 80 94 71
-5.7330451011657715 -0.7283313870429993 -1.178192138671875 80 98 50
-5.258023262023926 -0.8674550652503967 -1.1415841579437256 89 120 52
-5.270610332489014 -0.2743876874446869 -1.1751716136932373 103 113 104
-4.973824977874756 -0.4439130127429962 -1.1619541645050049 99 102 85
-18.457735061645508 -2.3285937309265137 -0.3318803906440735 93 118 60
-17.23529052734375 -2.8135366439819336 -0.47925686836242676 98 113 90
-21.383281707763672 -1.122275948524475 -0.754483699798584 76 92 82
-15.18358039855957 -1.353053331375122 -0.6820839643478394 97 109 95
-17.46272850036621 -2.194086790084839 -0.9565722346305847 83 105 56
-15.569857597351074 -2.533855438232422 -1.0101509094238281 88 131 59
-14.198287963867188 -0.7372286915779114 -1.020613431930542 92 125 54
-12.772501945495605 -1.1301066875457764 -1.046082615852356 89 131 47
-11.486376762390137 -1.4391216039657593 -1.0533111095428467 82 123 44
-10.402023315429688 -1.6907867193222046 -1.0628474950790405 81 113 66
-9.997621536254883 -0.5149152278900146 -1.089650273323059 91 114 94
-9.279958724975586 -0.8155379295349121 -1.1047320365905762 88 116 65
-8.710545539855957 -1.0871703624725342 -1.1255942583084106 71 109 48
-7.893176555633545 -1.2787469625473022 -1.1044285297393799 97 129 66
-7.840652942657471 -0.39819788932800293 -1.146281361579895 97 96 110
-7.338181495666504 -0.6419230103492737 -1.1471953392028809 77 91 74
-6.961790561676025 -0.8660687208175659 -1.1617783308029175 87 127 57
-6.675233364105225 -1.08095383644104 -1.1894359588623047 89 115 67
-6.220883369445801 -0.3083163797855377 -1.1456193923950195 78 102 78
-5.902621269226074 -0.5131264328956604 -1.1476030349731445 85 106 75
-5.740114688873291 -0.7113417387008667 -1.179190993309021 65 96 52
-5.448885440826416 -0.881779670715332 -1.1824299097061157 98 133 69
-5.25972843170166 -0.25764334201812744 -1.1725635528564453 64 73 56
-4.980015754699707 -0.42906948924064636 -1.1630873680114746 91 112 79
-22.795780181884766 -1.134267807006836 0.03027489222586155 91 108 89
-19.31028175354004 -2.3759865760803223 -0.347076952457428 97 127 57
-18.013742446899414 -2.8839032649993896 -0.5006546974182129 93 113 78
-20.20479965209961 -0.9982762336730957 -0.7127909064292908 75 84 67
-19.524290084838867 -1.6795076131820679 -0.8768438100814819 86 103 84
-17.421804428100586 -2.1346724033355713 -0.9539672136306763 79 104 46
-15.548978805541992 -2.4815149307250977 -1.0082976818084717 102 137 71
-14.205464363098145 -0.6939088106155396 -1.0209715366363525 89 127 40
-12.750089645385742 -1.088711142539978 -1.0439685583114624 97 126 68
-11.67065143585205 -1.4258559942245483 -1.0698031187057495 111 155 96
-10.469061851501465 -1.6687324047088623 -1.0691691637039185 84 117 28
-9.998161315917969 -0.484192430973053 -1.089542031288147 92 105 88
-9.296270370483398 -0.7882381677627563 -1.1063807010650635 99 121 75
-8.673470497131348 -1.0555288791656494 -1.1203796863555908 90 122 59
-7.926412105560303 -1.2591874599456787 -1.1085331439971924 85 118 31
-7.833930969238281 -0.3737639784812927 -1.1451255083084106 95 99 100
-7.329285621643066 -0.6184927821159363 -1.1455025672912598 77 89 85
-6.9614763259887695 -0.8443498015403748 -1.1612881422042847 82 119 65
-6.674627780914307 -1.0598516464233398 -1.1887431144714355 72 105 26
-6.206080913543701 -0.28849881887435913 -1.1427251100540161 96 110 97
-5.904167652130127 -0.4950149953365326 -1.1476030349731445 118 129 71
-5.745187759399414 -0.6940805315971375 -1.1797901391983032 77 103 64
-5.48826265335083 -0.8708817958831787 -1.1903893947601318 90 133 26
-5.25464391708374 -0.24123692512512207 -1.1712595224380493 85 89 72
-4.9851908683776855 -0.414111465215683 -1.1639938354492188 117 135 123
-21.354251861572266 -1.7795733213424683 -0.17652912437915802 82 98 71
-19.338327407836914 -2.31923246383667 -0.34745150804519653 96 120 70
-18.02151870727539 -2.8284695148468018 -0.5006272792816162 101 115 90
-19.805450439453125 -0.9176434874534607 -0.6985999345779419 80 92 68
-19.506452560424805 -1.6177009344100952 -0.8758156299591064 72 94 71
-17.594839096069336 -2.1011040210723877 -0.9630846381187439 92 113 56
-15.567363739013672 -2.4354963302612305 -1.0090006589889526 82 127 46
-14.189591407775879 -0.6495028734207153 -1.0196826457977295 90 137 43
-12.72654914855957 -1.0473819971084595 -1.0417730808258057 87 133 45
-11.671015739440918 -1.389573335647583 -1.0694407224655151 70 111 43
-10.58029842376709 -1.6531946659088135 -1.0800062417984009 88 120 57
-9.978744506835938 -0.452570378780365 -1.08726966381073 88 109 76
-9.313490867614746 -0.7609269022941589 -1.1081472635269165 84 112 71
-8.611659049987793 -1.0212050676345825 -1.1119853258132935 83 113 41
-7.918492317199707 -1.2330347299575806 -1.1068912744522095 78 122 59
-7.83504056930542 -0.3497280776500702 -1.1451255083084106 64 75 93
-7.330163955688477 -0.595923900604248 -1.1453486680984497 159 180 173
-6.97481107711792 -0.8242619633674622 -1.1630853414535522 82 102 51
-6.6729817390441895 -1.038611888885498 -1.1878769397735596 76 129 23
-6.195146083831787 -0.268945574760437 -1.1405543088912964 78 91 81
-5.908594131469727 -0.4771359860897064 -1.148173451423645 76 102 54
-5.7268548011779785 -0.674045979976654 -1.1755951642990112 88 111 43
-5.500570774078369 -0.855542778968811 -1.1924841403961182 77 127 54
-5.244631767272949 -0.22465527057647705 -1.1688686609268188 89 104 73
-5.000030040740967 -0.3999022841453552 -1.1671667098999023 105 110 87
-18.43012809753418 -1.4789679050445557 -0.1523180603981018 92 108 81
-19.15467643737793 -2.2376182079315186 -0.34402692317962646 100 128 69
-18.154600143432617 -2.792314052581787 -0.5040838122367859 102 124 85
-20.16461753845215 -0.8722963333129883 -0.7111711502075195 73 84 67
-15.604677200317383 -1.2459288835525513 -0.700455904006958 91 109 93
-17.662696838378906 -2.0542659759521484 -0.9664493799209595 91 127 63
-12.015718460083008 -1.842097520828247 -0.7784303426742554 96 121 19
-14.145676612854004 -0.6040093898773193 -1.016389012336731 78 123 28
-12.734670639038086 -1.0087261199951172 -1.0421795845031738 75 115 55
-11.617846488952637 -1.3471075296401978 -1.0641849040985107 88 134 44
-10.453533172607422 -1.6005488634109497 -1.06656014919281 79 123 34
-9.89367389678955 -0.41830044984817505 -1.0778555870056152 87 108 77
-9.324691772460938 -0.7330503463745117 -1.109207034111023 100 130 78
-8.623620986938477 -0.9958041906356812 -1.1131300926208496 82 124 38
-7.9261555671691895 -1.209333062171936 -1.1074386835098267 92 132 43
-7.832121849060059 -0.3255244791507721 -1.1445475816726685 89 106 100
-7.312256336212158 -0.5718916058540344 -1.1422710418701172 58 67 64
-6.9606451988220215 -0.8009424209594727 -1.1603078842163086 102 123 66
-6.66640043258667 -1.0166497230529785 -1.186144471168518 98 127 61
-6.178253173828125 -0.24922433495521545 -1.1372982263565063 88 105 89
-5.922754764556885 -0.45999470353126526 -1.1506456136703491 118 127 96
-5.722081661224365 -0.6556922197341919 -1.1741968393325806 78 106 55
-5.5283026695251465 -0.8424934148788452 -1.1979302167892456 89 118 54
-5.238469123840332 -0.20829243957996368 -1.1673473119735718 79 92 49
-5.009002685546875 -0.3851579427719116 -1.1689798831939697 69 72 65
-18.476451873779297 -1.4256491661071777 -0.15266405045986176 94 109 80
-19.566776275634766 -2.224931240081787 -0.35130417346954346 102 121 75
-17.1904296875 -2.5900557041168213 -0.47708964347839355 91 111 74
-20.09630012512207 -0.807578980922699 -0.7086710333824158 59 74 45
-19.050846099853516 -1.462276816368103 -0.8549405932426453 80 92 78
-17.65105628967285 -1.9980463981628418 -0.9654725790023804 69 102 55
-15.848474502563477 -2.3799448013305664 -1.0262550115585327 94 140 15
-14.167396545410156 -0.5613980889320374 -1.0178210735321045 90 124 63
-12.712860107421875 -0.9677606225013733 -1.040146827697754 98 136 63
-11.427962303161621 -1.2895708084106445 -1.046424388885498 90 125 45
-10.514479637145996 -1.5768816471099854 -1.0722798109054565 99 137 28
-9.832328796386719 -0.3854914903640747 -1.0710386037826538 73 87 70
-9.323925971984863 -0.7042147517204285 -1.108853816986084 86 129 76
-8.596078872680664 -0.9659091234207153 -1.109187364578247 101 145 92
-7.908274173736572 -1.1817892789840698 -1.1044285297393799 74 111 31
-7.8380279541015625 -0.3016846179962158 -1.1452699899673462 96 111 88
-7.287373065948486 -0.547456681728363 -1.1381162405014038 76 97 102
-6.909145832061768 -0.7735463976860046 -1.1513221263885498 84 127 82
-6.646110534667969 -0.9927008748054504 -1.181986927986145 103 130 63
-6.158349514007568 -0.22949939966201782 -1.1334993839263916 88 111 83
-5.930012226104736 -0.44225987792015076 -1.1517865657806396 113 124 92
-5.720170974731445 -0.6376997828483582 -1.1733977794647217 89 102 48
-5.5366644859313965 -0.8263949751853943 -1.1991870403289795 81 113 50
-5.237132549285889 -0.19214849174022675 -1.1669126749038696 67 73 47
-5.018902778625488 -0.3704339265823364 -1.1710195541381836 38 49 45
-19.368791580200195 -2.1422481536865234 -0.3476298749446869 96 115 70
-19.296781539916992 -2.846898317337036 -0.5353027582168579 94 117 65
-21.45989990234375 -0.7964392900466919 -0.756666898727417 77 89 79
-16.10320281982422 -1.186342477798462 -0.7224931716918945 78 86 73
-17.640230178833008 -1.9420267343521118 -0.9645499587059021 79 118 29
-15.199121475219727 -2.234772205352783 -0.9837580323219299 97 142 51
-14.199951171875 -0.519059956073761 -1.0200406312942505 101 136 72
-12.72074031829834 -0.9291165471076965 -1.0405534505844116 77 129 80
-11.439784049987793 -1.2553733587265015 -1.0471493005752563 93 133 36
-10.358810424804688 -1.5210552215576172 -1.0559237003326416 87 116 49
-9.747032165527344 -0.35220134258270264 -1.061624526977539 89 111 75
-9.349813461303711 -0.6773281097412109 -1.111680030822754 87 119 95
-8.576323509216309 -0.9370542764663696 -1.106261968612671 96 121 53
-8.01968002319336 -1.1732953786849976 -1.1194789409637451 82 124 50
-7.808260917663574 -0.2765507400035858 -1.1407911777496338 94 125 65
-7.268321990966797 -0.5236058235168457 -1.1348847150802612 106 124 126
-6.965428829193115 -0.7582176327705383 -1.1603078842163086 98 136 85
-6.624762058258057 -0.968743622303009 -1.1776559352874756 102 150 51
-6.121673107147217 -0.2093275636434555 -1.1266252994537354 99 111 87
-5.947009563446045 -0.4251849949359894 -1.1548291444778442 85 94 73
-5.727945327758789 -0.6207810044288635 -1.1745964288711548 93 107 82
-5.414360523223877 -0.7911666631698608 -1.1721659898757935 101 133 60
-5.231844425201416 -0.17588351666927338 -1.165608525276184 47 58 60
-5.0326457023620605 -0.3559276759624481 -1.1739658117294312 65 50 81
-26.685203552246094 -0.9177184104919434 0.03541754186153412 89 108 88
-18.624496459960938 -1.3221663236618042 -0.1538173407316208 80 106 67
-19.16054344177246 -2.05973219871521 -0.34377720952033997 101 122 79
-18.90176773071289 -2.7293953895568848 -0.5241100788116455 95 116 75
-20.07291030883789 -0.6833031177520752 -0.7076849937438965 77 91 66
-18.960803985595703 -1.3383915424346924 -0.8505151867866516 80 86 86
-17.59348487854004 -1.8822683095932007 -0.9616736173629761 94 129 73
-15.53187370300293 -2.2350382804870605 -1.0048468112945557 90 143 0
-14.223408699035645 -0.4762270152568817 -1.0216158628463745 85 123 74
-12.734466552734375 -0.8908506035804749 -1.0414477586746216 94 121 76
-11.47527027130127 -1.2236496210098267 -1.0500489473342896 99 133 72
-10.325019836425781 -1.483748197555542 -1.052010178565979 79 122 32
-9.638772010803223 -0.31868264079093933 -1.049721598625183 99 118 62
-9.351846694946289 -0.6486400961875916 -1.111680030822754 93 111 69
-8.606776237487793 -0.9136699438095093 -1.1098233461380005 85 117 76
-8.058544158935547 -1.1537399291992188 -1.1244045495986938 81 128 36
-7.736876010894775 -0.25025874376296997 -1.1302443742752075 89 114 74
-7.167376518249512 -0.49423521757125854 -1.1188808679580688 99 120 121
-6.968703269958496 -0.7369481921195984 -1.1604712009429932 104 143 64
-6.615028381347656 -0.9466009140014648 -1.1754039525985718 83 132 43
-6.088863849639893 -0.18950532376766205 -1.1204748153686523 83 114 98
-5.9639573097229 -0.40800991654396057 -1.1578716039657593 61 82 43
-5.727873802185059 -0.6029998064041138 -1.1741968393325806 89 107 65
-5.356748580932617 -0.7659704089164734 -1.1591792106628418 67 102 34
-5.235286235809326 -0.15992102026939392 -1.1662604808807373 96 121 89
-5.041488170623779 -0.3410118818283081 -1.175778865814209 79 71 95
-22.364015579223633 -0.7004244327545166 0.0296793170273304 51 60 75
-18.85992431640625 -1.2807389497756958 -0.1557285338640213 84 110 75
-18.94004249572754 -1.9772690534591675 -0.3397105634212494 89 109 72
-16.944316864013672 -2.3936965465545654 -0.46962785720825195 100 117 81
-21.642187118530273 -0.6702554225921631 -0.7629349231719971 63 74 66
-19.235933303833008 -1.2985156774520874 -0.8626737594604492 81 93 73
-17.59718894958496 -1.828076958656311 -0.9615650177001953 92 122 62
-15.425013542175293 -2.1713788509368896 -0.9974976778030396 99 141 33
-14.24274730682373 -0.43313369154930115 -1.0229047536849976 65 116 24
-12.763991355895996 -0.8535732626914978 -1.0436432361602783 77 110 53
-11.479961395263672 -1.1885408163070679 -1.0501395463943481 69 123 39
-10.323612213134766 -1.4512335062026978 -1.0514081716537476 91 120 36
-9.624799728393555 -0.28866279125213623 -1.0480985641479492 111 144 65
-9.359737396240234 -0.6203399896621704 -1.1123865842819214 89 112 92
-8.60657787322998 -0.8869553804397583 -1.1094417572021484 78 117 54
-8.068912506103516 -1.1299729347229004 -1.1253623962402344 87 122 42
-7.703979015350342 -0.22553667426109314 -1.1253321170806885 96 128 79
-7.148153781890869 -0.47087976336479187 -1.1156493425369263 98 94 82
-6.967987537384033 -0.7152628302574158 -1.15998113155365 85 132 52
-6.603271007537842 -0.9242540001869202 -1.1728054285049438 79 123 34
-6.05992317199707 -0.1699966937303543 -1.1150479316711426 98 142 83
-5.983794689178467 -0.39092689752578735 -1.1614845991134644 94 89 83
-5.723848342895508 -0.5848265290260315 -1.172998309135437 64 67 46
-5.502394676208496 -0.7695778608322144 -1.1901799440383911 89 114 72
-5.224043369293213 -0.14353691041469574 -1.1636524200439453 68 77 58
-5.051258087158203 -0.3261079490184784 -1.1778185367584229 57 49 70
-22.79488754272461 -0.6439230442047119 0.030248362571001053 82 93 89
-18.83582305908203 -1.2210601568222046 -0.15549787878990173 87 103 66
-19.066383361816406 -1.931344985961914 -0.3418687582015991 99 123 71
-18.86072540283203 -2.605431079864502 -0.5225189328193665 81 104 76
-21.63115692138672 -0.6034926772117615 -0.7624771595001221 76 93 77
-19.238828659057617 -1.23943030834198 -0.8626289963722229 69 84 79
-17.603710174560547 -1.7741812467575073 -0.9616193771362305 72 113 34
-15.474112510681152 -2.129896640777588 -1.0002455711364746 87 124 29
-14.22905445098877 -0.3890266418457031 -1.021830677986145 108 138 64
-12.794400215148926 -0.8161864876747131 -1.0459200143814087 87 125 64
-11.70650577545166 -1.1757067441940308 -1.0705279111862183 108 144 80
-10.591194152832031 -1.4557273387908936 -1.078200101852417 86 131 48
-9.599802017211914 -0.2584373652935028 -1.0452852249145508 85 129 78
-9.375472068786621 -0.5924986004829407 -1.1140352487564087 104 126 77
-8.59741497039795 -0.8593627214431763 -1.1079155206680298 83 124 46
-8.068415641784668 -1.104675054550171 -1.1248151063919067 98 128 58
-7.59681510925293 -0.19907471537590027 -1.109584093093872 77 106 58
-7.369475841522217 -0.46275630593299866 -1.1499651670455933 69 80 74
-6.9632768630981445 -0.6931978464126587 -1.1588375568389893 98 122 60
-6.594366073608398 -0.9023887515068054 -1.1707265377044678 92 115 63
-6.025021076202393 -0.15052005648612976 -1.108535647392273 79 117 42
-5.983985900878906 -0.3725060522556305 -1.1612944602966309 96 106 97
-5.715865135192871 -0.5662972331047058 -1.1710007190704346 86 117 86
-5.504729747772217 -0.7526931166648865 -1.1901799440383911 84 117 48
-5.22543478012085 -0.12753291428089142 -1.1638697385787964 80 90 66
-5.0541791915893555 -0.31072893738746643 -1.1782718896865845 63 47 73
-18.593957901000977 -1.1481066942214966 -0.15347135066986084 94 121 68
-20.39066505432129 -2.0023090839385986 -0.36550185084342957 94 107 81
-19.15096092224121 -2.5856740474700928 -0.5303373336791992 83 107 73
-20.476978302001953 -0.5084257125854492 -0.7217351198196411 88 98 89
-19.016193389892578 -1.1665157079696655 -0.8524820804595947 75 86 82
-17.599132537841797 -1.7191946506500244 -0.9610766768455505 96 136 47
-15.113637924194336 -2.033053398132324 -0.976536750793457 116 147 79
-14.162375450134277 -0.3437250256538391 -1.0169618129730225 74 116 40
-12.833653450012207 -0.7791647911071777 -1.0489284992218018 88 126 43
-11.552457809448242 -1.1244462728500366 -1.0561201572418213 110 140 68
-10.667594909667969 -1.432896375656128 -1.0855252742767334 81 117 79
-9.527998924255371 -0.2272539585828781 -1.0373860597610474 92 127 69
-9.387158393859863 -0.5643281936645508 -1.1152129173278809 77 102 80
-8.601985931396484 -0.833173394203186 -1.1081697940826416 98 120 73
-8.065875053405762 -1.0791281461715698 -1.1239941120147705 58 101 32
-7.536056995391846 -0.1743481308221817 -1.1006265878677368 78 105 64
-7.371847152709961 -0.44020378589630127 -1.1501190662384033 74 78 87
-6.958497047424316 -0.6711685657501221 -1.157693862915039 110 135 78
-6.52486515045166 -0.8724937438964844 -1.1579071283340454 70 105 39
-5.954659461975098 -0.1304835081100464 -1.0955110788345337 82 101 73
-5.983140468597412 -0.35402971506118774 -1.1609141826629639 85 100 81
-5.710748195648193 -0.5481032729148865 -1.169602394104004 41 61 52
-5.5002288818359375 -0.7348948121070862 -1.188713788986206 92 119 48
-5.229704856872559 -0.11158420145511627 -1.1647391319274902 89 113 77
-5.055108547210693 -0.2952214777469635 -1.1782718896865845 65 78 84
-18.57642936706543 -1.089825987815857 -0.15329836308956146 90 117 72
-19.877140045166016 -1.8903303146362305 -0.3561913073062897 87 106 76
-18.618684768676758 -2.45566987991333 -0.5153862833976746 82 104 81
-21.863256454467773 -0.4757336676120758 -0.7705410718917847 89 102 84
-18.995746612548828 -1.1067748069763184 -0.8514092564582825 74 85 71
-17.359777450561523 -1.6420615911483765 -0.9477261304855347 88 120 47
-15.598698616027832 -2.04960036277771 -1.0074669122695923 67 111 13
-14.11051082611084 -0.29915332794189453 -1.013166904449463 85 126 56
-12.846928596496582 -0.7404188513755798 -1.0498229265213013 78 117 64
-11.555852890014648 -1.088998556137085 -1.0561201572418213 110 140 76
-10.667994499206543 -1.399644136428833 -1.0851237773895264 94 135 33
-9.529644966125488 -0.19804205000400543 -1.03749418258667 87 115 41
-9.398759841918945 -0.536091685295105 -1.116390585899353 85 99 63
-8.616352081298828 -0.8078901171684265 -1.1096960306167603 87 128 86
-8.061290740966797 -1.053350567817688 -1.1228996515274048 88 120 53
-7.517759323120117 -0.1508498340845108 -1.097881555557251 82 113 71
-7.370203018188477 -0.41741758584976196 -1.1496573686599731 65 73 84
-6.952665328979492 -0.6490833759307861 -1.1563868522644043 81 99 73
-6.5382537841796875 -0.8538745045661926 -1.1598126888275146 87 112 57
-5.966831684112549 -0.11243661493062973 -1.0976817607879639 86 121 37
-5.97733736038208 -0.3352871537208557 -1.1595830917358398 94 106 86
-5.7016706466674805 -0.5295835137367249 -1.1674050092697144 72 98 69
-5.523788928985596 -0.7208004593849182 -1.1933220624923706 93 128 44
-5.249541282653809 -0.09589572250843048 -1.16908597946167 89 114 92
-5.065715312957764 -0.2802492082118988 -1.1805381774902344 48 60 58
-19.032970428466797 -1.058026909828186 -0.1570383608341217 86 109 80
-20.64749526977539 -1.8996912240982056 -0.36988958716392517 97 112 83
-17.31842613220215 -2.230140209197998 -0.479202002286911 89 105 79
-22.02048683166504 -0.4115692675113678 -0.7760342955589294 82 95 78
-18.973119735717773 -1.047060251235962 -0.8502470850944519 69 85 74
-17.300098419189453 -1.582880973815918 -0.944198489189148 88 110 64
-15.805851936340332 -2.027510166168213 -1.020439624786377 81 118 41
-14.070473670959473 -0.2551201283931732 -1.0102311372756958 95 130 76
-12.845159530639648 -0.7007843852043152 -1.0494977235794067 77 105 65
-11.34689998626709 -1.034196376800537 -1.0367286205291748 107 143 69
-10.637697219848633 -1.3624845743179321 -1.0816117525100708 91 132 54
-9.496413230895996 -0.16820599138736725 -1.0338151454925537 87 115 67
-9.420191764831543 -0.5083243250846863 -1.1187458038330078 90 107 75
-8.613850593566895 -0.7810038924217224 -1.1090601682662964 69 110 34
-8.046796798706055 -1.026357889175415 -1.120436668395996 95 131 57
-7.471686840057373 -0.12699462473392487 -1.0910910367965698 80 122 38
-7.375395774841309 -0.39501553773880005 -1.1502729654312134 64 72 75
-6.951675891876221 -0.6274837851524353 -1.1558966636657715 89 97 48
-6.534980773925781 -0.8330641388893127 -1.1587733030319214 83 110 43
-5.921913146972656 -0.09341652691364288 -1.0893605947494507 92 129 33
-5.970494270324707 -0.31653153896331787 -1.1580617427825928 91 127 66
-5.7052202224731445 -0.5122637748718262 -1.167804479598999 81 107 68
-5.516274452209473 -0.7026147842407227 -1.1912273168563843 85 107 60
-5.260546684265137 -0.07995307445526123 -1.1714768409729004 73 99 72
-5.066551208496094 -0.26470649242401123 -1.1805381774902344 72 84 70
-19.272790908813477 -1.0120574235916138 -0.15899072587490082 78 98 71
-22.292497634887695 -1.9820889234542847 -0.3992481827735901 94 112 86
-18.4518985748291 -2.3185746669769287 -0.5103660225868225 86 109 83
-22.01865005493164 -0.3439626097679138 -0.7759287357330322 79 82 63
-19.055055618286133 -0.9929534792900085 -0.8537783622741699 90 108 66
-17.269065856933594 -1.5266321897506714 -0.9422447681427002 111 139 64
-15.692180633544922 -1.9640127420425415 -1.0127071142196655 70 115 10
-14.115073204040527 -0.2126123160123825 -1.0133817195892334 93 134 74
-12.900004386901855 -0.6640884876251221 -1.053807258605957 89 119 85
-11.366883277893066 -1.0008645057678223 -1.0382689237594604 76 116 43
-10.626030921936035 -1.3278682231903076 -1.0800062417984009 72 125 37
-9.478991508483887 -0.13880859315395355 -1.0318673849105835 88 128 78
-9.436583518981934 -0.4801781475543976 -1.1205122470855713 91 105 72
-8.62905216217041 -0.7556982636451721 -1.1107136011123657 108 130 94
-8.058753967285156 -1.0027666091918945 -1.1216681003570557 82 122 36
-7.451263427734375 -0.1037818118929863 -1.088057041168213 84 121 69
-7.350915431976318 -0.3710910379886627 -1.1462719440460205 83 101 87
-6.959465026855469 -0.6066674590110779 -1.1568769216537476 68 93 54
-6.508185386657715 -0.809364914894104 -1.1535762548446655 91 114 58
-5.918238162994385 -0.07519793510437012 -1.0886369943618774 54 91 40
-5.94790506362915 -0.29703760147094727 -1.1534979343414307 85 100 79
-5.7067646980285645 -0.4947580099105835 -1.167804479598999 55 87 37
-5.498996734619141 -0.683276355266571 -1.1870380640029907 81 103 67
-5.240271091461182 -0.06356494873762131 -1.1669126749038696 65 75 76
-5.018699645996094 -0.24676966667175293 -1.1692065000534058 86 96 72
-19.107017517089844 -0.9445803165435791 -0.15759852528572083 96 118 82
-15.46468448638916 -1.3272016048431396 -0.2768910229206085 91 108 74
-18.94411277770996 -2.321408748626709 -0.5237808227539062 92 118 73
-22.017601013183594 -0.276383638381958 -0.7758582830429077 70 79 62
-19.127857208251953 -0.9379135370254517 -0.8569073677062988 77 107 47
-17.187110900878906 -1.4662599563598633 -0.9375232458114624 85 116 57
-15.888328552246094 -1.9390729665756226 -1.0249769687652588 82 114 49
-14.011933326721191 -0.16806276142597198 -1.0059350728988647 93 120 77
-12.910940170288086 -0.6249423623085022 -1.0545390844345093 94 126 79
-11.564393043518066 -0.9825108647346497 -1.0560295581817627 87 126 47
-10.643881797790527 -1.2969465255737305 -1.0814111232757568 97 134 54
-9.410782814025879 -0.10893283784389496 -1.024401068687439 71 98 55
-9.443964004516602 -0.45150941610336304 -1.1212189197540283 94 120 85
-8.703479766845703 -0.735316812992096 -1.1199982166290283 74 101 48
-8.073594093322754 -0.9794696569442749 -1.1233099699020386 85 111 46
-7.453526020050049 -0.08094266057014465 -1.088346004486084 62 98 50
-7.350045680999756 -0.3484434187412262 -1.14596426486969 63 74 70
-6.984888076782227 -0.5872970819473267 -1.1607980728149414 84 86 62
-6.544857978820801 -0.7935433387756348 -1.1596394777297974 73 120 39
-5.887953758239746 -0.05674685537815094 -1.0830291509628296 98 137 82
-5.931135654449463 -0.27796101570129395 -1.150075078010559 71 77 63
-5.69946813583374 -0.4765128791332245 -1.1660066843032837 74 87 61
-5.469033718109131 -0.6625218987464905 -1.1801257133483887 77 113 51
-5.230680465698242 -0.04739927127957344 -1.1647391319274902 72 97 76
-5.003865718841553 -0.230653777718544 -1.1655802726745605 83 95 93
-19.27564239501953 -0.893643856048584 -0.15896600484848022 94 114 77
-21.261966705322266 -1.7590384483337402 -0.38059139251708984 89 106 74
-18.976953506469727 -2.266360282897949 -0.5244941115379333 76 87 73
-22.06731414794922 -0.20929771661758423 -0.7775837182998657 75 87 77
-19.181541442871094 -0.8815648555755615 -0.859187126159668 97 122 67
-17.21441650390625 -1.4154056310653687 -0.9387714266777039 77 112 72
-15.92690372467041 -1.894208312034607 -1.027085781097412 73 119 29
-13.85379695892334 -0.1236584335565567 -0.994550347328186 79 116 73
-12.884918212890625 -0.5840654969215393 -1.0522624254226685 114 141 108
-11.627900123596191 -0.951984167098999 -1.0615570545196533 73 131 72
-10.632989883422852 -1.2625256776809692 -1.0799058675765991 112 147 67
-9.399144172668457 -0.07995898276567459 -1.0231026411056519 87 121 71
-9.395702362060547 -0.4203146696090698 -1.115330696105957 95 117 94
-8.737329483032227 -0.711186408996582 -1.124068021774292 91 124 53
-8.123781204223633 -0.9602773189544678 -1.1298774480819702 84 112 51
-7.355780601501465 -0.057311952114105225 -1.074042797088623 89 123 73
-7.344170093536377 -0.32558584213256836 -1.144887089729309 77 75 62
-6.991573333740234 -0.5662631988525391 -1.1616148948669434 83 109 61
-6.570735454559326 -0.7762333750724792 -1.16379714012146 82 114 31
-5.878265380859375 -0.03861798718571663 -1.0812201499938965 83 124 48
-5.923133373260498 -0.2593767046928406 -1.148363709449768 66 84 58
-5.693089962005615 -0.458395779132843 -1.1644086837768555 84 114 62
-5.456474304199219 -0.6440207958221436 -1.1769837141036987 85 114 70
-5.230801582336426 -0.03135154768824577 -1.1647391319274902 63 58 81
-4.984115123748779 -0.21442192792892456 -1.1608209609985352 94 113 91
-22.133522033691406 -0.9580976366996765 -0.18250980973243713 83 107 75
-18.220396041870117 -1.4511362314224243 -0.3260657489299774 101 127 64
-19.199281692504883 -2.2331912517547607 -0.5304470658302307 87 97 86
-22.0368709564209 -0.1413963884115219 -0.7764921188354492 73 83 58
-19.280969619750977 -0.8268644213676453 -0.8635230660438538 76 112 51
-15.593167304992676 -1.2339524030685425 -0.8501477241516113 84 113 67
-15.906867027282715 -1.8423511981964111 -1.0254243612289429 78 122 33
-13.853114128112793 -0.081149160861969 -0.9944788217544556 71 91 63
-12.885653495788574 -0.5444902777671814 -1.0521810054779053 92 128 80
-11.677427291870117 -0.9199819564819336 -1.0658159255981445 108 152 91
-10.590360641479492 -1.2245270013809204 -1.0751897096633911 97 137 49
-9.405309677124023 -0.05115487426519394 -1.0237518548965454 55 109 51
-9.321541786193848 -0.3883455991744995 -1.1063807010650635 93 122 94
-8.751337051391602 -0.6853065490722656 -1.1255942583084106 85 107 68
-8.13554573059082 -0.9363687634468079 -1.1311088800430298 76 102 54
-7.324257850646973 -0.034594904631376266 -1.069419503211975 89 118 62
-7.352045059204102 -0.30333784222602844 -1.14596426486969 87 110 92
-6.9913105964660645 -0.5446574091911316 -1.1612881422042847 92 100 85
-6.5965681076049805 -0.7587720155715942 -1.1679548025131226 113 151 78
-5.979656219482422 -0.020938251167535782 -1.0998525619506836 66 95 47
-5.907225131988525 -0.240524560213089 -1.14513099193573 88 113 58
-5.697400093078613 -0.4411543905735016 -1.1650078296661377 76 95 73
-5.3544816970825195 -0.6153325438499451 -1.1545709371566772 96 113 94
-5.239657402038574 -0.015329228714108467 -1.166695237159729 75 79 65
-4.969178676605225 -0.19850784540176392 -1.1571948528289795 57 102 73
-22.49505615234375 -0.9046130776405334 -0.1854672133922577 97 123 76
-21.816679000854492 -1.6702158451080322 -0.3903300166130066 96 116 88
-19.426549911499023 -2.1992413997650146 -0.536537230014801 72 86 73
-21.99422836303711 -0.07364366203546524 -0.7749779224395752 87 99 85
-19.31336212158203 -0.7688996195793152 -0.8648641109466553 89 125 55
-15.569001197814941 -1.1839873790740967 -0.8486281633377075 76 107 65
-15.636756896972656 -1.762467384338379 -1.00765860080719 75 114 7
-13.857287406921387 -0.03865915536880493 -0.9947651624679565 75 90 67
-12.887263298034668 -0.5049551129341125 -1.0521810054779053 81 118 77
-11.699063301086426 -0.8855800032615662 -1.0675376653671265 97 144 52
-10.585168838500977 -1.1910293102264404 -1.074286699295044 110 144 70
-9.482963562011719 -0.022483397275209427 -1.0321919918060303 81 109 51
-9.247274398803711 -0.3568355441093445 -1.09743070602417 101 132 90
-8.753397941589355 -0.6584545969963074 -1.1255942583084106 94 107 79
-8.137395858764648 -0.9112946391105652 -1.130972146987915 76 106 56
-7.308497428894043 -0.012098027393221855 -1.0671077966690063 79 111 87
-7.335168361663818 -0.2801019847393036 -1.143194317817688 80 108 83
-6.973272800445557 -0.5217336416244507 -1.1580206155776978 83 96 78
-6.600822925567627 -0.7387495636940002 -1.1683012247085571 63 73 65
-6.00132942199707 -0.002602207940071821 -1.1038322448730469 116 139 110
-5.834356307983398 -0.21963047981262207 -1.1308691501617432 86 105 60
-5.700680732727051 -0.4238182306289673 -1.165407419204712 82 107 49
-5.486560821533203 -0.6134620308876038 -1.1826393604278564 66 96 44
-5.220158100128174 0.0007431073463521898 -1.1623483896255493 89 110 67
-4.960030555725098 -0.1829027533531189 -1.15492844581604 79 102 84
-18.16414451599121 -1.3345487117767334 -0.3249064087867737 95 109 83
-19.290124893188477 -2.123878002166748 -0.5325868725776672 71 85 60
-22.042322158813477 -0.00617942214012146 -0.7766681909561157 79 92 75
-19.521286010742188 -0.7171990275382996 -0.8740723729133606 46 72 35
-16.12626838684082 -1.1766167879104614 -0.8788025379180908 79 104 74
-15.661931991577148 -1.716660976409912 -1.0089367628097534 52 94 18
-13.849360466003418 0.003852363908663392 -0.994192361831665 82 99 67
-12.888751983642578 -0.46541517972946167 -1.0521810054779053 94 123 79
-11.710664749145508 -0.8503327965736389 -1.068353295326233 96 134 57
-10.544265747070312 -1.1536791324615479 -1.06977117061615 70 111 33
-9.48895263671875 0.00661418866366148 -1.0328412055969238 76 114 63
-9.225500106811523 -0.3276529610157013 -1.0947222709655762 103 136 79
-8.757355690002441 -0.6317391991615295 -1.125848650932312 103 117 92
-8.12932014465332 -0.8851456046104431 -1.1294670104980469 70 96 48
-7.3055315017700195 0.01031999010592699 -1.0666744709014893 63 94 34
-7.1671342849731445 -0.2516673505306244 -1.1168804168701172 76 117 77
-6.941383361816406 -0.49793747067451477 -1.1524658203125 80 112 75
-6.585434436798096 -0.7165773510932922 -1.1651830673217773 73 105 68
-5.971804618835449 0.015731897205114365 -1.0984054803848267 69 116 61
-5.827152729034424 -0.20145851373672485 -1.1293479204177856 77 107 57
-5.714660167694092 -0.4072321951389313 -1.1680042743682861 104 128 76
-5.492305278778076 -0.5970492959022522 -1.1834770441055298 113 139 76
-5.211346626281738 0.01673012226819992 -1.1603922843933105 81 105 81
-4.962515354156494 -0.1677505373954773 -1.155381679534912 108 140 103
-26.62364959716797 -0.9070532321929932 -0.21945662796497345 48 57 64
-21.609088897705078 -1.5210155248641968 -0.386441707611084 99 120 81
-18.986438751220703 -2.0315053462982178 -0.5240277647972107 78 96 84
-22.068220138549805 0.061517927795648575 -0.7775837182998657 77 83 69
-19.438528060913086 -0.6544479727745056 -0.8702728748321533 92 117 62
-17.868989944458008 -1.2486693859100342 -0.9735588431358337 93 136 57
-15.808036804199219 -1.6836103200912476 -1.018011212348938 80 120 34
-13.826343536376953 0.04626482352614403 -0.992545485496521 87 102 71
-12.887129783630371 -0.425772100687027 -1.0519371032714844 85 113 73
-11.729114532470703 -0.8155061602592468 -1.0698031187057495 88 127 60
-10.558639526367188 -1.122481346130371 -1.0708749294281006 102 136 49
-9.543564796447754 0.03593171387910843 -1.0387927293777466 102 133 63
-9.197678565979004 -0.29841411113739014 -1.0913070440292358 91 121 69
-8.77310562133789 -0.605825662612915 -1.127629280090332 64 72 57
-8.129042625427246 -0.85988849401474 -1.1290565729141235 110 140 104
-7.27578067779541 0.03259998932480812 -1.0623401403427124 99 134 40
-7.102692127227783 -0.22758914530277252 -1.1067241430282593 102 120 72
-6.939925193786621 -0.4764365255832672 -1.1519756317138672 67 75 64
-6.566054821014404 -0.6940923929214478 -1.1613718271255493 87 108 65
-6.001232147216797 0.034221306443214417 -1.1038322448730469 89 127 76
-5.8228373527526855 -0.18342556059360504 -1.1283971071243286 101 132 88
-5.708061695098877 -0.3891647756099701 -1.1664061546325684 78 112 96
-5.467855930328369 -0.5774236917495728 -1.1778215169906616 109 130 97
-5.1751556396484375 0.03249148651957512 -1.1523505449295044 77 102 45
-4.945483684539795 -0.15198644995689392 -1.1513023376464844 112 146 113
-22.63835906982422 -0.7017493844032288 -0.18658755719661713 67 75 77
-15.89749813079834 -1.069985270500183 -0.28423959016799927 93 113 85
-19.41713523864746 -2.017355442047119 -0.5357416868209839 81 94 74
-22.221830368041992 0.13012318313121796 -0.7830066084861755 70 80 69
-19.445436477661133 -0.5949610471725464 -0.8704963326454163 85 104 59
-17.868751525878906 -1.1935760974884033 -0.9733418226242065 97 132 32
-15.818090438842773 -1.6356172561645508 -1.0183308124542236 92 124 51
-13.792224884033203 0.08846571296453476 -0.9901111125946045 90 105 82
-12.816646575927734 -0.38408342003822327 -1.046082615852356 85 107 61
-11.742491722106934 -0.7802441716194153 -1.0707998275756836 66 105 40
-10.46207332611084 -1.079766035079956 -1.0607401132583618 83 117 56
-9.570250511169434 0.06539420038461685 -1.0417143106460571 82 108 60
-9.176713943481445 -0.26955318450927734 -1.0887163877487183 76 110 73
-8.797687530517578 -0.5804091095924377 -1.1305545568466187 84 96 92
-8.129671096801758 -0.8347424864768982 -1.128782868385315 78 102 40
-7.215288162231445 0.054465990513563156 -1.0535269975662231 81 127 54
-7.085578441619873 -0.20528225600719452 -1.1039541959762573 94 128 51
-6.990577220916748 -0.4583704173564911 -1.160144567489624 68 90 67
-6.559335231781006 -0.673039972782135 -1.1598126888275146 71 110 66
-6.003066062927246 0.05264991521835327 -1.1041940450668335 65 107 59
-5.804727077484131 -0.165030375123024 -1.1247841119766235 86 116 64
-5.697495460510254 -0.37088704109191895 -1.1640090942382812 84 105 74
-5.471547603607178 -0.5608453154563904 -1.1782405376434326 83 115 52
-5.157463073730469 0.04820428043603897 -1.1484384536743164 87 108 39
-4.945926666259766 -0.1368131935596466 -1.1513023376464844 114 148 62
-22.74336051940918 -0.6351678371429443 -0.187436044216156 93 120 69
-18.876102447509766 -1.2122992277145386 -0.3374274969100952 98 114 85
-19.430194854736328 -1.9584767818450928 -0.5359337329864502 92 107 86
-22.20233917236328 0.19812874495983124 -0.7823375463485718 75 89 76
-19.46414566040039 -0.5357677936553955 -0.8712562322616577 65 90 48
-17.8533935546875 -1.1375434398651123 -0.9723106026649475 84 129 48
-15.646286010742188 -1.569352149963379 -1.006955623626709 84 119 51
-13.760969161987305 0.13048605620861053 -0.987891435623169 99 111 91
-12.647392272949219 -0.34017816185951233 -1.0321781635284424 74 98 74
-11.764708518981934 -0.745474636554718 -1.0726121664047241 91 122 78
-10.40395736694336 -1.0415191650390625 -1.0545188188552856 86 123 56
-9.655495643615723 0.09560146927833557 -1.0510201454162598 98 130 54
-9.160621643066406 -0.24095427989959717 -1.0867143869400024 98 139 95
-8.81823444366455 -0.554598331451416 -1.1329710483551025 100 116 103
-8.144022941589355 -0.8109749555587769 -1.1304247379302979 94 133 68
-7.181445598602295 0.07624475657939911 -1.048614740371704 87 127 74
-7.002215385437012 -0.1813683658838272 -1.090874195098877 49 120 64
-6.987027168273926 -0.4366138279438019 -1.1593276262283325 90 101 87
-6.5574493408203125 -0.6525229811668396 -1.1591198444366455 79 107 67
-6.000909328460693 0.07104352861642838 -1.1038322448730469 76 112 64
-5.8012800216674805 -0.1471213847398758 -1.1240234375 103 145 81
-5.697628974914551 -0.35334497690200806 -1.1638092994689941 79 89 88
-5.464484691619873 -0.5431856513023376 -1.1763553619384766 111 137 98
-5.146554470062256 0.0638936385512352 -1.1460477113723755 98 128 74
-4.94340181350708 -0.12156682461500168 -1.1506223678588867 108 141 70
-22.74320411682129 -0.5653395652770996 -0.1874195784330368 98 126 75
-20.973487854003906 -1.2824031114578247 -0.3748480975627899 98 119 100
-20.938392639160156 -2.0456252098083496 -0.5773577690124512 87 101 86
-22.226608276367188 0.2665432095527649 -0.7832178473472595 88 101 81
-19.463699340820312 -0.4760012626647949 -0.8711668252944946 73 97 71
-17.640518188476562 -1.0696501731872559 -0.9605339765548706 81 116 62
-15.536800384521484 -1.5102393627166748 -0.9996065497398376 136 205 140
-13.7395601272583 0.17244064807891846 -0.9863877892494202 94 105 99
-12.529804229736328 -0.29854968190193176 -1.022502064704895 94 99 67
-11.782845497131348 -0.7103363871574402 -1.0740619897842407 75 92 58
-10.179332733154297 -0.9874992966651917 -1.0314395427703857 86 114 55
-9.699889183044434 0.12580381333827972 -1.0558894872665405 89 128 73
-9.14841079711914 -0.2125488817691803 -1.0851833820343018 94 137 66
-8.828805923461914 -0.5280748009681702 -1.1341158151626587 84 108 84
-8.17210865020752 -0.788459062576294 -1.1339820623397827 64 81 29
-7.17919921875 0.09824968874454498 -1.0483258962631226 77 117 54
-6.942481517791748 -0.15850922465324402 -1.0814874172210693 89 122 79
-6.995227336883545 -0.4155854284763336 -1.1604712009429932 98 114 88
-6.556478977203369 -0.6321184039115906 -1.158600091934204 60 92 42
-6.030165195465088 0.08989351987838745 -1.1092592477798462 74 101 68
-5.777166366577148 -0.12877565622329712 -1.1192694902420044 99 134 40
-5.698686122894287 -0.33586326241493225 -1.1638092994689941 76 87 71
-5.47585916519165 -0.5273556709289551 -1.1784499883651733 89 99 74
-5.13071870803833 0.07944096624851227 -1.1425702571868896 82 98 61
-4.945699214935303 -0.10644203424453735 -1.1510757207870483 90 121 64
-20.09255027770996 -0.4377741515636444 -0.16556453704833984 102 127 72
-19.10577392578125 -1.109379529953003 -0.3414050042629242 106 122 83
-20.397218704223633 -1.9295977354049683 -0.5622695088386536 74 93 74
-22.19770622253418 0.3343108296394348 -0.782231867313385 75 95 70
-19.39515495300293 -0.4147900342941284 -0.8680378198623657 71 88 54
-17.83312225341797 -1.0264264345169067 -0.9708452820777893 82 105 15
-15.372454643249512 -1.4466705322265625 -0.9887426495552063 93 132 65
-13.735974311828613 0.21454547345638275 -0.9861729741096497 108 113 117
-12.520696640014648 -0.2599005103111267 -1.0216889381408691 81 101 73
-11.79491138458252 -0.6747525930404663 -1.0749682188034058 76 103 62
-10.18825912475586 -0.9568231701850891 -1.0320416688919067 72 112 42
-9.7103910446167 0.15573741495609283 -1.057079792022705 106 146 96
-9.14306354522705 -0.18436084687709808 -1.0844769477844238 74 118 55
-8.842267990112305 -0.5016601085662842 -1.1356420516967773 89 98 77
-8.188297271728516 -0.7646731734275818 -1.1358976364135742 69 92 36
-7.007702827453613 0.11740706115961075 -1.0233312845230103 80 104 56
-6.946887016296387 -0.13728733360767365 -1.08210289478302 95 125 63
-6.98169469833374 -0.39329013228416443 -1.1580206155776978 84 115 56
-6.556426525115967 -0.6118174195289612 -1.15825355052948 94 127 82
-6.044610977172852 0.10865853726863861 -1.111972689628601 79 109 55
-5.771644592285156 -0.11093775928020477 -1.1181285381317139 110 150 28
-5.693819522857666 -0.31805044412612915 -1.1626107692718506 75 85 76
-5.486213207244873 -0.5113702416419983 -1.1803351640701294 84 103 75
-5.080678462982178 0.09425802528858185 -1.1314857006072998 73 114 46
-4.949897289276123 -0.09134021401405334 -1.1519821882247925 75 112 43
-28.67044448852539 0.5097671747207642 0.03803595155477524 93 121 72
-19.13404655456543 -1.0521310567855835 -0.3418509066104889 90 108 82
-20.4050350189209 -1.8671931028366089 -0.5623244047164917 87 108 75
-21.931785583496094 0.3976103663444519 -0.7729003429412842 79 94 65
-19.380355834960938 -0.3549918532371521 -0.8673226237297058 72 89 44
-17.858123779296875 -0.9729054570198059 -0.9720392823219299 91 134 44
-15.374832153320312 -1.3993207216262817 -0.9886147975921631 101 118 74
-13.776139259338379 0.2574499547481537 -0.989108681678772 91 107 81
-12.514459609985352 -0.22136294841766357 -1.0211197137832642 103 115 93
-11.813831329345703 -0.6394781470298767 -1.0765085220336914 91 109 61
-10.195109367370605 -0.9259214401245117 -1.0324430465698242 104 141 64
-9.639298439025879 0.1841793656349182 -1.0493971109390259 77 112 54
-9.156493186950684 -0.15653009712696075 -1.0860077142715454 77 125 49
-8.838813781738281 -0.47426432371139526 -1.135006070137024 97 111 94
-8.170873641967773 -0.737766683101654 -1.133161187171936 49 70 51
-7.230895042419434 0.14333796501159668 -1.0559831857681274 88 129 61
-6.92158842086792 -0.11554514616727829 -1.0781019926071167 99 137 80
-6.9818830490112305 -0.3718162775039673 -1.1578572988510132 81 89 76
-6.525903224945068 -0.5887792706489563 -1.1525368690490723 73 97 65
-6.02458381652832 0.12678876519203186 -1.1083546876907349 63 92 46
-5.764104843139648 -0.09310323745012283 -1.1166073083877563 98 124 53
-5.693790435791016 -0.3005289137363434 -1.1624109745025635 55 61 57
-5.487756252288818 -0.4945363700389862 -1.1803351640701294 69 85 48
-5.039378643035889 0.10895869135856628 -1.1223572492599487 80 119 74
-4.955023765563965 -0.07622862607240677 -1.1531153917312622 44 72 49
-23.330352783203125 -0.36511513590812683 -0.1922222524881363 97 117 64
-19.27497673034668 -1.0005764961242676 -0.34431231021881104 100 114 97
-15.46682071685791 -1.367478847503662 -0.4261188805103302 82 98 71
-21.875507354736328 0.4637293219566345 -0.7709636092185974 78 95 79
-19.394338607788086 -0.2957300841808319 -0.8679036498069763 80 112 39
-17.68451690673828 -0.9090399742126465 -0.962433397769928 97 130 41
-15.210052490234375 -1.3372862339019775 -0.9777509570121765 98 138 104
-13.792236328125 0.30008217692375183 -0.9903258681297302 104 118 101
-12.541987419128418 -0.1833614856004715 -1.023315191268921 81 92 78
-11.818720817565918 -0.6033831834793091 -1.0767804384231567 84 103 83
-10.21177864074707 -0.8958562612533569 -1.0338479280471802 95 132 65
-9.489603996276855 0.2104453146457672 -1.0331659317016602 90 122 73
-9.158916473388672 -0.12846548855304718 -1.0862432718276978 86 124 73
-8.829329490661621 -0.4465937912464142 -1.1336069107055664 82 101 81
-8.180006980895996 -0.7132977247238159 -1.1341190338134766 72 80 83
-7.265044689178467 0.16631397604942322 -1.0610398054122925 76 113 35
-6.913018226623535 -0.09418831020593643 -1.0767170190811157 102 136 59
-6.977078914642334 -0.35009774565696716 -1.1568769216537476 123 148 126
-6.511980056762695 -0.5673874616622925 -1.1497650146484375 81 100 68
-5.998602390289307 0.14465487003326416 -1.1036514043807983 70 94 60
-5.744729995727539 -0.0751618966460228 -1.1128041744232178 99 128 70
-5.663369178771973 -0.2815026044845581 -1.156018614768982 56 69 52
-5.495092868804932 -0.47820648550987244 -1.1815919876098633 80 98 72
-5.022432327270508 0.12400919198989868 -1.1186624765396118 101 137 91
-4.952312469482422 -0.060990482568740845 -1.1524354219436646 71 98 79
-23.38035774230957 -0.2941533029079437 -0.19262591004371643 97 123 60
-19.31890106201172 -0.9434366226196289 -0.3450436294078827 83 99 88
-21.556533813476562 -1.839259147644043 -0.5937353372573853 82 101 69
-21.829023361206055 0.5297491550445557 -0.7693789601325989 71 89 65
-19.32123374938965 -0.23532737791538239 -0.864595890045166 81 120 55
-17.6712646484375 -0.8540090918540955 -0.9615650177001953 65 109 46
-15.197178840637207 -1.2891820669174194 -0.9766645431518555 101 128 59
-13.850080490112305 0.3438553214073181 -0.994550347328186 87 120 91
-12.580362319946289 -0.14531980454921722 -1.0264049768447876 94 122 82
-11.836432456970215 -0.567884624004364 -1.0782302618026733 84 104 67
-10.224392890930176 -0.8653618693351746 -1.034851312637329 87 134 40
-9.535623550415039 0.24073724448680878 -1.0382516384124756 85 123 66
-9.166218757629395 -0.10044190287590027 -1.087067723274231 79 116 39
-8.810843467712402 -0.4185623824596405 -1.1310633420944214 101 120 100
-8.193014144897461 -0.6891117095947266 -1.1356239318847656 69 74 77
-7.227900505065918 0.1876518428325653 -1.0556941032409668 105 133 72
-6.898454189300537 -0.07282257825136185 -1.074408769607544 116 140 92
-6.9554548263549805 -0.3276230990886688 -1.1531193256378174 86 100 87
-6.510746002197266 -0.5471588969230652 -1.1492453813552856 77 92 63
-5.994197845458984 0.16295072436332703 -1.102927803993225 63 92 62
-5.704683780670166 -0.05713384971022606 -1.1050076484680176 71 105 45
-5.655396938323975 -0.263715535402298 -1.1542208194732666 73 86 79
-5.494585037231445 -0.46118196845054626 -1.1811730861663818 97 109 97
-5.013246536254883 0.13917341828346252 -1.116706371307373 85 107 61
-4.965137481689453 -0.04591379687190056 -1.155381679534912 59 72 52
-23.365150451660156 -0.22226980328559875 -0.19249409437179565 85 118 65
-19.595375061035156 -0.896685779094696 -0.3499307632446289 85 104 82
-21.48237419128418 -1.7665618658065796 -0.5915406942367554 97 126 82
-21.81231117248535 0.5963075160980225 -0.7688508033752441 70 83 66
-19.119077682495117 -0.1742018759250641 -0.8555217385292053 98 132 58
-17.661832809448242 -0.7992487549781799 -0.9609138369560242 65 106 28
-15.223938941955566 -1.2444217205047607 -0.9781343340873718 54 93 38
-13.868902206420898 0.3869014382362366 -0.9959824085235596 81 113 63
-12.585732460021973 -0.10676538199186325 -1.0268115997314453 76 112 68
-11.845083236694336 -0.5318809747695923 -1.078864574432373 75 88 79
-10.265674591064453 -0.83714359998703 -1.0387647151947021 95 149 89
-9.464284896850586 0.26799315214157104 -1.0305688381195068 79 113 63
-9.193294525146484 -0.07253139466047287 -1.0902472734451294 87 121 61
-8.784340858459473 -0.39029639959335327 -1.1275020837783813 81 106 84
-8.202001571655273 -0.6645326018333435 -1.1365817785263062 72 84 72
-7.217400074005127 0.20953868329524994 -1.0542494058609009 84 106 68
-6.877895832061768 -0.05150270089507103 -1.0711772441864014 94 131 62
-6.933757781982422 -0.30528444051742554 -1.1493616104125977 109 132 122
-6.513375759124756 -0.5272610783576965 -1.149418592453003 75 91 64
-5.909127235412598 0.17878204584121704 -1.0873706340789795 46 91 50
-5.701887130737305 -0.039611395448446274 -1.104437232017517 87 115 66
-5.654222011566162 -0.24627850949764252 -1.1538212299346924 51 67 67
-5.5037713050842285 -0.44495299458503723 -1.1828488111495972 75 100 96
-5.002064228057861 0.154222309589386 -1.1143156290054321 97 125 77
-4.956489562988281 -0.03062659315764904 -1.1533420085906982 109 150 74
-23.129735946655273 -0.14906461536884308 -0.19054996967315674 100 128 69
-19.279375076293945 -0.8229614496231079 -0.3442409932613373 86 107 92
-16.2052059173584 -1.282563328742981 -0.446117639541626 80 96 70
-21.812376022338867 0.6632846593856812 -0.7689211964607239 81 95 72
-19.13949966430664 -0.11566528677940369 -0.8564156889915466 95 136 42
-17.470659255981445 -0.7368958592414856 -0.950385332107544 81 125 40
-15.103324890136719 -1.1879280805587769 -0.9701461791992188 69 100 32
-13.902543067932129 0.43052938580513 -0.9984884858131409 91 125 64
-12.679688453674316 -0.0686597153544426 -1.0344549417495728 94 134 99
-11.85362434387207 -0.49582964181900024 -1.0794988870620728 86 101 96
-10.37432861328125 -0.8139722943305969 -1.049501657485962 75 109 59
-9.58464241027832 0.3008327782154083 -1.0437703132629395 79 125 78
-9.031610488891602 -0.04354599490761757 -1.0710519552230835 102 129 74
-8.781532287597656 -0.36318060755729675 -1.1269932985305786 78 99 80
-8.215852737426758 -0.6402897238731384 -1.138223648071289 74 112 99
-7.3888092041015625 0.2372048795223236 -1.0793883800506592 81 124 70
-6.8938307762146 -0.030471250414848328 -1.0736393928527832 62 102 32
-6.884389400482178 -0.2819516062736511 -1.1410293579101562 115 137 116
-6.525763511657715 -0.5081168413162231 -1.1513241529464722 128 153 124
-5.891840934753418 0.1963532716035843 -1.0842955112457275 84 114 50
-5.696091175079346 -0.0220952145755291 -1.1032962799072266 85 109 57
-5.66180419921875 -0.22920788824558258 -1.155219554901123 103 104 106
-5.502185821533203 -0.42783811688423157 -1.1822203397750854 59 69 70
-4.9908366203308105 0.16920389235019684 -1.1119248867034912 79 120 52
-4.948768138885498 -0.01539591234177351 -1.1515289545059204 88 124 50
-23.624065399169922 -0.07977090030908585 -0.19461947679519653 102 131 65
-19.339754104614258 -0.7661046981811523 -0.34527549147605896 97 112 83
-15.622978210449219 -1.1882635354995728 -0.42998695373535156 84 98 85
-21.938087463378906 0.7344813346862793 -0.7734284996986389 67 78 72
-19.098806381225586 -0.056823715567588806 -0.8545829057693481 91 127 40
-17.582592010498047 -0.687585175037384 -0.9563551545143127 69 111 48
-15.16262435913086 -1.1457972526550293 -0.973724901676178 71 106 40
-13.867263793945312 0.4720260798931122 -0.9960539937019348 87 124 80
-12.66090202331543 -0.029714209958910942 -1.0329101085662842 96 132 71
-11.861061096191406 -0.4596923291683197 -1.0800426006317139 69 91 78
-10.483927726745605 -0.790216863155365 -1.0603387355804443 87 119 70
-9.021331787109375 0.3108592629432678 -0.9825248122215271 98 125 72
-9.01779842376709 -0.015812821686267853 -1.0694032907485962 74 117 46
-8.724126815795898 -0.33399873971939087 -1.119489312171936 79 106 55
-8.26124382019043 -0.6183340549468994 -1.144243836402893 90 100 75
-7.236745357513428 0.25455033779144287 -1.0572834014892578 93 133 44
-6.892903804779053 -0.009319796226918697 -1.0734854936599731 91 112 73
-6.847759246826172 -0.2594100832939148 -1.1348209381103516 87 116 68
-6.53220272064209 -0.4884609282016754 -1.1521903276443481 71 91 64
-5.884330749511719 0.21417784690856934 -1.0830291509628296 88 121 114
-5.697113990783691 -0.004620546940714121 -1.10348641872406 118 118 108
-5.672272205352783 -0.21220293641090393 -1.1572171449661255 108 131 87
-5.503472328186035 -0.41095563769340515 -1.1822203397750854 74 79 82
-5.071254730224609 0.18750827014446259 -1.1299643516540527 82 110 59
-4.930286407470703 -0.000212435275898315 -1.147222876548767 74 102 43
-22.439451217651367 -0.8199496269226074 -0.40056806802749634 75 92 84
-21.9014949798584 -1.5982333421707153 -0.6026511192321777 88 102 67
-21.88679313659668 0.7999942898750305 -0.7717030644416809 74 88 65
-19.137853622436523 0.0017744734650477767 -0.8563263416290283 98 133 53
-17.507780075073242 -0.6308705806732178 -0.9521762132644653 88 127 60
-15.226784706115723 -1.1036744117736816 -0.9776231050491333 80 115 47
-13.980376243591309 0.5188218951225281 -1.0042883157730103 94 128 52
-12.640002250671387 0.009113938547670841 -1.0312024354934692 86 123 54
-11.84549617767334 -0.42269715666770935 -1.0785021781921387 94 107 87
-10.782027244567871 -0.7794266939163208 -1.0902414321899414 54 80 51
-9.685932159423828 0.36351484060287476 -1.0550237894058228 87 117 57
-8.984042167663574 0.01180909015238285 -1.065399408340454 77 106 60
-8.637880325317383 -0.30416029691696167 -1.1082971096038818 83 121 84
-8.271005630493164 -0.5935532450675964 -1.1453384160995483 57 47 81
-7.3990797996521 0.28299111127853394 -1.0811221599578857 107 132 77
-6.888947486877441 0.011820596642792225 -1.072869896888733 72 112 52
-6.834719181060791 -0.23791973292827606 -1.1325336694717407 86 115 57
-6.529740810394287 -0.46813639998435974 -1.1514973640441895 95 120 80
-5.869887351989746 0.23168665170669556 -1.0804965496063232 81 107 60
-5.697101593017578 0.01285797543823719 -1.10348641872406 80 111 80
-5.67681360244751 -0.1949341744184494 -1.1580162048339844 78 104 43
-5.4988555908203125 -0.3936504125595093 -1.1809636354446411 54 47 65
-5.097964286804199 0.20415940880775452 -1.1360498666763306 79 108 44
-4.868903636932373 0.014727863483130932 -1.132944941520691 80 98 46
-23.73410415649414 0.06548865139484406 -0.1955256313085556 95 119 57
-22.425874710083008 -0.7505674362182617 -0.40028271079063416 49 56 62
-21.64503288269043 -1.5127732753753662 -0.5954636335372925 102 115 108
-21.87225341796875 0.8666634559631348 -0.7712805271148682 83 87 73
-19.194698333740234 0.060668546706438065 -0.8588742017745972 91 125 48
-17.438777923583984 -0.5748189091682434 -0.9483230710029602 90 132 58
-15.276890754699707 -1.0602012872695923 -0.98062664270401 88 125 30
-14.058449745178223 0.5649144649505615 -1.0100164413452148 77 107 55
-12.645895957946777 0.047915536910295486 -1.0316903591156006 84 129 72
-11.803936004638672 -0.384957879781723 -1.0746057033538818 86 107 90
-10.811166763305664 -0.748198926448822 -1.092950701713562 107 121 60
-9.779135704040527 0.3970606029033661 -1.0653035640716553 94 126 85
-8.90352725982666 0.039019182324409485 -1.0558605194091797 76 115 50
-8.559463500976562 -0.2751091718673706 -1.098122239112854 77 105 47
-8.309353828430176 -0.5706866979598999 -1.1504007577896118 89 112 96
-7.341823101043701 0.30336132645606995 -1.0728869438171387 92 121 63
-6.878010272979736 0.03290354087948799 -1.0711772441864014 93 107 81
-6.819640159606934 -0.21644924581050873 -1.1299196481704712 87 115 74
-6.541954517364502 -0.4488427937030792 -1.1534030437469482 122 165 122
-5.877992630004883 0.25007036328315735 -1.0821247100830078 77 105 47
-5.69899845123291 0.030346831306815147 -1.103866696357727 87 124 70
-5.667591094970703 -0.17721080780029297 -1.156018614768982 75 80 58
-5.501988410949707 -0.3769119381904602 -1.1813825368881226 43 34 55
-5.091463088989258 0.21954648196697235 -1.1347458362579346 80 120 21
-4.897080421447754 0.0298374742269516 -1.1395174264907837 227 240 214
-26.803489685058594 -0.8292807340621948 0.5013217329978943 81 94 102
-22.72988510131836 -0.6909366846084595 -0.40566927194595337 85 106 75
-16.03021812438965 -1.0709434747695923 -0.4409053325653076 73 91 79
-21.946374893188477 0.937045156955719 -0.7739919424057007 85 94 73
-19.236379623413086 0.11981810629367828 -0.8607516288757324 83 121 46
-17.568214416503906 -0.5251335501670837 -0.9552696943283081 87 129 43
-15.286046028137207 -1.0137237310409546 -0.9810100793838501 91 126 46
-14.343642234802246 0.6204568147659302 -1.0306377410888672 88 118 64
-12.685555458068848 0.086985744535923 -1.034942865371704 91 133 70
-11.768230438232422 -0.3476540148258209 -1.0712529420852661 89 108 78
-10.825325012207031 -0.7158149480819702 -1.0941548347473145 96 113 81
-9.7133150100708 0.4242411255836487 -1.0582700967788696 69 106 55
-8.825910568237305 0.06575755774974823 -1.0466750860214233 80 111 69
-8.58207893371582 -0.24948187172412872 -1.1009202003479004 71 100 69
-8.320950508117676 -0.5458396673202515 -1.1517690420150757 99 112 105
-7.4149980545043945 0.3291756212711334 -1.083722710609436 84 118 42
-6.876888751983643 0.053997065871953964 -1.0710233449935913 89 131 65
-6.793645858764648 -0.19476254284381866 -1.125508427619934 67 95 57
-6.548214435577393 -0.4290922284126282 -1.1542690992355347 109 131 108
-5.884075164794922 0.2684163451194763 -1.0833909511566162 82 111 45
-5.698878765106201 0.0478309690952301 -1.103866696357727 92 120 71
-5.645580768585205 -0.15918685495853424 -1.1514241695404053 60 80 43
-5.4865312576293945 -0.3589451014995575 -1.1778215169906616 45 40 60
-5.087840557098389 0.23503072559833527 -1.1340938806533813 82 120 69
-4.86969518661499 0.04461153596639633 -1.133171558380127 100 143 54
-26.857877731323242 -0.7484932541847229 0.5022937059402466 84 98 99
-25.172151565551758 0.22391670942306519 -0.20737992227077484 94 128 51
-22.807857513427734 -0.6232749223709106 -0.4070248305797577 85 103 77
-21.04038429260254 -1.340835452079773 -0.5785922408103943 83 93 92
-21.95237922668457 1.0047824382781982 -0.7743088603019714 90 99 80
-19.34480857849121 0.17984624207019806 -0.8656240105628967 84 127 47
-17.465932846069336 -0.468448281288147 -0.949625551700592 77 120 40
-15.288087844848633 -0.9667590856552124 -0.9809461832046509 98 145 33
-14.374551773071289 0.6659829616546631 -1.0330005884170532 77 112 56
-12.689215660095215 0.1259436309337616 -1.0352680683135986 82 125 45
-11.687607765197754 -0.3093869984149933 -1.0638225078582764 115 142 111
-10.835413932800293 -0.6831007599830627 -1.0949575901031494 73 94 75
-9.013858795166016 0.4214021861553192 -0.9822001457214355 70 88 64
-8.768074989318848 0.0922289565205574 -1.0398448705673218 74 97 68
-8.526285171508789 -0.22168178856372833 -1.0936706066131592 55 76 61
-8.324563026428223 -0.5204324126243591 -1.1520426273345947 72 77 81
-7.253832817077637 0.34432241320610046 -1.0603173971176147 92 119 78
-6.871750354766846 0.07504086196422577 -1.0702539682388306 85 113 55
-6.729119777679443 -0.17225277423858643 -1.1147255897521973 81 108 65
-6.559329986572266 -0.4096144139766693 -1.1560015678405762 78 100 62
-5.893047332763672 0.2869454622268677 -1.0851999521255493 79 106 73
-5.667291164398193 0.06495460867881775 -1.0977816581726074 64 120 55
-5.608819961547852 -0.1409304291009903 -1.1438331604003906 83 102 70
-5.479799270629883 -0.3416242301464081 -1.1761459112167358 53 58 64
-5.079295635223389 0.2502546012401581 -1.1323550939559937 77 118 62
-4.8529791831970215 0.05934887006878853 -1.1293188333511353 72 102 48
-23.340421676635742 -0.5661731958389282 -0.4164959192276001 87 109 73
-21.66103172302246 -1.3136751651763916 -0.5955459475517273 94 108 93
-21.96217155456543 1.0727605819702148 -0.7747666239738464 86 100 77
-19.31619644165039 0.23884858191013336 -0.8643724322319031 91 128 51
-17.4163761138916 -0.4136521816253662 -0.946857750415802 92 136 51
-15.272054672241211 -0.9187127351760864 -0.9797319769859314 80 106 35
-14.375429153442383 0.710227906703949 -1.0332154035568237 89 125 97
-12.633956909179688 0.16416078805923462 -1.030795931816101 96 132 58
-11.29025650024414 -0.26420891284942627 -1.0275763273239136 67 91 59
-10.87122631072998 -0.6518797874450684 -1.0983692407608032 84 103 81
-9.655920028686523 0.48111197352409363 -1.0523186922073364 72 92 67
-8.750869750976562 0.11889924108982086 -1.037842869758606 66 100 65
-8.563615798950195 -0.19636377692222595 -1.0983765125274658 89 119 81
-8.32315444946289 -0.49471428990364075 -1.151632308959961 69 83 96
-7.46719217300415 0.37741416692733765 -1.091668963432312 102 132 78
-6.86654806137085 0.09605363756418228 -1.0694845914840698 80 110 48
-6.76216459274292 -0.1523405760526657 -1.1201170682907104 82 118 74
-6.572353839874268 -0.39018917083740234 -1.1580803394317627 57 78 59
-5.91865873336792 0.30639660358428955 -1.090084195137024 76 108 67
-5.681789875030518 0.08255525678396225 -1.100633978843689 78 114 53
-5.544572353363037 -0.12229607999324799 -1.1306489706039429 66 98 57
-5.464227676391602 -0.32382744550704956 -1.172584891319275 70 74 77
-5.07265567779541 0.2655303478240967 -1.1310510635375977 83 123 27
-4.837192535400391 0.07399895042181015 -1.12569260597229 112 142 90
-26.368934631347656 1.3598878383636475 0.035023584961891174 95 107 85
-23.39202880859375 -0.49562209844589233 -0.4173877239227295 99 119 82
-21.64999008178711 -1.2463520765304565 -0.595134437084198 84 100 90
-21.982728958129883 1.1413781642913818 -0.7756117582321167 88 102 67
-19.343341827392578 0.2985403835773468 -0.8656240105628967 91 134 44
-17.000268936157227 -0.35158735513687134 -0.9241726994514465 97 143 53
-15.321629524230957 -0.8745272159576416 -0.9827355146408081 73 111 24
-14.355253219604492 0.7533868551254272 -1.0319265127182007 74 101 48
-12.612464904785156 0.20258429646492004 -1.0290882587432861 81 131 60
-11.200407028198242 -0.22772744297981262 -1.019330382347107 88 114 79
-10.888075828552246 -0.6193718910217285 -1.099874496459961 80 101 82
-9.737788200378418 0.5151451230049133 -1.0614080429077148 71 88 69
-8.740534782409668 0.14558058977127075 -1.0366652011871338 72 105 58
-8.555253028869629 -0.16991280019283295 -1.0972318649291992 91 117 56
-8.33749008178711 -0.4699014723300934 -1.1534109115600586 79 107 108
-7.470939636230469 0.40058633685112 -1.0923913717269897 78 107 59
-6.862268924713135 0.11705204844474792 -1.0688689947128296 73 95 59
-6.565324783325195 -0.1277550309896469 -1.0874414443969727 82 104 68
-6.576469421386719 -0.3701896667480469 -1.158600091934204 70 88 72
-5.957953929901123 0.32676154375076294 -1.0975009202957153 68 95 62
-5.680528163909912 0.09996907413005829 -1.1004438400268555 97 136 92
-5.515531063079834 -0.10472694784402847 -1.124656081199646 81 99 61
-5.4603142738342285 -0.3067876696586609 -1.1715376377105713 38 39 57
-5.061096668243408 0.28049764037132263 -1.1286603212356567 92 122 48
-4.838890552520752 0.08887467533349991 -1.1261459589004517 85 110 71
-23.336458206176758 -0.42282161116600037 -0.41637107729911804 84 113 69
-18.675254821777344 -1.0176268815994263 -0.5132739543914795 75 86 78
-22.08090591430664 1.2144126892089844 -0.7792035341262817 84 113 65
-19.346328735351562 0.3579574227333069 -0.8658028244972229 89 137 53
-17.35768699645996 -0.3057069480419159 -0.9435473084449768 89 130 26
-15.488664627075195 -0.8363959789276123 -0.9932799339294434 94 131 64
-14.224404335021973 0.7902869582176208 -1.022689938545227 70 98 50
-12.549004554748535 0.24007679522037506 -1.0239657163619995 87 122 64
-10.986968994140625 -0.18966828286647797 -0.9998481273651123 90 133 64
-10.885950088500977 -0.5857509970664978 -1.0994731187820435 83 94 80
-9.618045806884766 0.5384058356285095 -1.048531413078308 81 103 67
-8.736076354980469 0.17231716215610504 -1.0361942052841187 71 101 73
-8.438709259033203 -0.14169980585575104 -1.0822240114212036 83 111 88
-8.3418607711792 -0.4444783627986908 -1.153821349143982 98 94 109
-7.463747978210449 0.4231688976287842 -1.0915244817733765 77 119 53
-6.87570858001709 0.13838300108909607 -1.0710233449935913 90 121 51
-6.649532318115234 -0.10898656398057938 -1.1013286113739014 73 102 54
-6.588392734527588 -0.35058730840682983 -1.1605056524276733 93 121 98
-5.9785237312316895 0.34628990292549133 -1.1014806032180786 104 136 95
-5.669398307800293 0.11717308312654495 -1.0983521938323975 84 120 46
-5.505049705505371 -0.08763349801301956 -1.1224586963653564 88 114 53
-5.460253715515137 -0.2899823486804962 -1.1713281869888306 49 48 62
-5.0280561447143555 0.29414239525794983 -1.1214879751205444 99 120 63
-4.829831123352051 0.10353189706802368 -1.1241061687469482 75 102 35
-26.41200828552246 1.5246556997299194 0.0350925587117672 98 106 91
-23.502599716186523 -0.35370689630508423 -0.41931402683258057 101 125 77
-18.7371883392334 -0.9633554816246033 -0.5148925185203552 93 104 87
-22.070093154907227 1.2817447185516357 -0.7789570093154907 82 107 65
-19.28221893310547 0.41595208644866943 -0.86298668384552 92 134 50
-17.39348793029785 -0.25296106934547424 -0.9454467296600342 107 132 49
-15.57986068725586 -0.7933906316757202 -0.9989675283432007 77 114 45
-14.221912384033203 0.8339231014251709 -1.022689938545227 90 122 73
-12.526288032531738 0.2780888080596924 -1.0221768617630005 88 129 69
-11.313121795654297 -0.1605818271636963 -1.0294793844223022 85 116 56
-10.894652366638184 -0.5527034997940063 -1.1001754999160767 93 104 88
-9.747345924377441 0.5756472945213318 -1.0628148317337036 78 94 81
-8.732527732849121 0.19905035197734833 -1.0358408689498901 99 126 83
-8.39050579071045 -0.11514263600111008 -1.0759917497634888 64 91 48
-8.341206550598145 -0.4187844693660736 -1.153547763824463 98 126 103
-7.35771369934082 0.43980684876441956 -1.0762099027633667 76 118 80
-6.893032073974609 0.15988916158676147 -1.0737931728363037 84 112 51
-6.529485702514648 -0.08698233217000961 -1.0813965797424316 73 106 63
-6.590421199798584 -0.330422043800354 -1.1606788635253906 79 91 67
-5.991176605224609 0.36546850204467773 -1.104013204574585 105 146 67
-5.6621413230896 0.13440290093421936 -1.0970209836959839 71 121 48
-5.482758045196533 -0.07045425474643707 -1.1178642511367798 80 107 62
-5.464046955108643 -0.2733757495880127 -1.1719565391540527 71 76 70
-4.999851226806641 0.3078870475292206 -1.1154024600982666 80 104 68
-4.81488561630249 0.11799121648073196 -1.1207066774368286 70 104 69
-26.408205032348633 1.6057400703430176 0.03509388491511345 96 118 82
-23.180648803710938 -0.2777312397956848 -0.4135529100894928 88 106 68
-19.286211013793945 -0.932266354560852 -0.5298984050750732 98 117 97
-22.12690544128418 1.3531699180603027 -0.781105101108551 95 123 62
-19.178983688354492 0.4725969731807709 -0.8584271669387817 82 122 23
-17.513996124267578 -0.2009722739458084 -0.9519591927528381 96 132 58
-15.617109298706055 -0.7472579479217529 -1.0012041330337524 84 124 62
-14.302911758422852 0.8827123641967773 -1.0287045240402222 79 103 69
-12.515411376953125 0.3162658214569092 -1.0213637351989746 92 133 67
-11.412148475646973 -0.12696975469589233 -1.0384502410888672 91 128 51
-10.896296501159668 -0.5192766189575195 -1.1001754999160767 67 70 63
-9.876505851745605 0.6136870980262756 -1.0770981311798096 81 79 90
-8.7279052734375 0.22573773562908173 -1.035369873046875 90 119 73
-8.51082992553711 -0.09067904204130173 -1.091381311416626 85 112 59
-8.341462135314941 -0.3931453824043274 -1.1534109115600586 195 227 206
-7.155855178833008 0.449777215719223 -1.046881079673767 81 121 61
-6.9478230476379395 0.1824887990951538 -1.0824106931686401 80 125 70
-6.523802757263184 -0.06688905507326126 -1.080416202545166 108 131 103
-6.586484909057617 -0.30996987223625183 -1.1598126888275146 73 101 79
-5.9762864112854 0.38296693563461304 -1.1014806032180786 98 132 81
-5.667590618133545 0.15193133056163788 -1.0981619358062744 94 136 72
-5.461392879486084 -0.05342220515012741 -1.1134694814682007 89 109 72
-5.453139305114746 -0.2560606300830841 -1.1694430112838745 85 72 82
-5.001804828643799 0.3234138786792755 -1.1160544157028198 99 127 66
-4.794054985046387 0.13219872117042542 -1.1159473657608032 77 111 74
-26.524904251098633 1.6945297718048096 0.035255711525678635 92 108 81
-23.118404388427734 -0.206051304936409 -0.41242921352386475 91 121 71
-22.320735931396484 -1.0103214979171753 -0.613185465335846 102 120 98
-22.077770233154297 1.4181652069091797 -0.7795204520225525 83 102 74
-19.282297134399414 0.5343406796455383 -0.8631207346916199 82 105 61
-17.516529083251953 -0.14725594222545624 -0.9520677328109741 96 128 43
-15.608362197875977 -0.6988508105278015 -1.000501275062561 103 132 74
-14.385736465454102 0.9321354627609253 -1.0348622798919678 86 109 80
-12.496448516845703 0.3541528284549713 -1.0199000835418701 97 137 66
-11.245180130004883 -0.0906091183423996 -1.0232268571853638 91 126 68
-10.881935119628906 -0.4851357936859131 -1.0985699892044067 77 74 81
-9.923185348510742 0.6471550464630127 -1.0824003219604492 100 113 106
-8.723200798034668 0.25239861011505127 -1.0348987579345703 87 119 70
-8.412875175476074 -0.06382283568382263 -1.0787899494171143 81 109 61
-8.344608306884766 -0.3676394820213318 -1.1536844968795776 115 144 150
-6.960917949676514 0.45896896719932556 -1.0185635089874268 103 139 103
-6.889945983886719 0.20212306082248688 -1.0734854936599731 74 106 69
-6.606846332550049 -0.047469403594732285 -1.0941400527954102 63 93 57
-6.580517292022705 -0.28945839405059814 -1.158600091934204 100 116 89
-5.958401679992676 0.40017974376678467 -1.0984054803848267 69 106 62
-5.68966817855835 0.16999287903308868 -1.102535605430603 73 98 59
-5.426257133483887 -0.03642982244491577 -1.1062780618667603 118 152 92
-5.446084022521973 -0.23898647725582123 -1.1677672863006592 73 92 60
-5.0056586265563965 0.33908751606941223 -1.1171411275863647 67 104 50
-4.799468040466309 0.1470850557088852 -1.117307186126709 114 146 79
-26.496633529663086 1.7743624448776245 0.03522520512342453 82 98 88
-22.650781631469727 0.6881364583969116 -0.1866864114999771 101 132 65
-23.253904342651367 -0.1359129697084427 -0.414837121963501 84 110 65
-22.394638061523438 -0.9448293447494507 -0.6151331663131714 102 120 94
-22.068330764770508 1.4855566024780273 -0.7793444395065308 74 100 55
-19.301538467407227 0.5941409468650818 -0.8640595078468323 76 98 77
-17.558835983276367 -0.09373918920755386 -0.9543470740318298 83 125 43
-15.561574935913086 -0.6489242911338806 -0.9973698258399963 89 126 30
-14.493269920349121 0.9837636947631836 -1.042810082435608 91 124 71
-12.472391128540039 0.39177003502845764 -1.018029808998108 89 126 48
-11.38482666015625 -0.056804608553647995 -1.0359129905700684 104 140 70
-10.457898139953613 -0.4340875744819641 -1.0556225776672363 72 72 70
-9.942974090576172 0.6790861487388611 -1.0847809314727783 87 91 76
-8.702534675598145 0.2785245180130005 -1.0325435400009155 90 132 56
-8.3495512008667 -0.03772537782788277 -1.0706499814987183 77 117 47
-8.338768005371094 -0.34175288677215576 -1.1527267694473267 62 73 77
-7.331636905670166 0.506007969379425 -1.0730314254760742 100 124 64
-6.930771350860596 0.22460432350635529 -1.0799485445022583 90 129 66
-6.623732089996338 -0.027268704026937485 -1.0969173908233643 71 97 49
-6.556772708892822 -0.26826176047325134 -1.1542690992355347 77 94 62
-5.953221321105957 0.41818228363990784 -1.0976817607879639 95 126 66
-5.669495582580566 0.18680115044116974 -1.0987324714660645 81 120 41
-5.420464515686035 -0.019760696217417717 -1.1050794124603271 87 107 56
-5.412596702575684 -0.22088155150413513 -1.1604360342025757 103 126 106
-4.995831489562988 0.3538224399089813 -1.115185022354126 65 101 57
-4.807754993438721 0.1621043086051941 -1.1193468570709229 75 106 64
-26.34043312072754 1.8450931310653687 0.03502490743994713 94 102 79
-23.443180084228516 -0.06509507447481155 -0.41820818185806274 96 118 79
-22.445377349853516 -0.8779945969581604 -0.6164499521255493 67 79 77
-22.191272735595703 1.5622373819351196 -0.783851683139801 82 97 66
-19.327579498291016 0.6543008685112 -0.8653110861778259 73 90 56
-17.57701301574707 -0.03990980610251427 -0.9553239345550537 86 112 64
-15.533576011657715 -0.6000234484672546 -0.9954527020454407 80 117 63
-14.525006294250488 1.0306947231292725 -1.0453161001205444 91 116 61
-12.475114822387695 0.43017032742500305 -1.018355131149292 73 113 51
-11.130997657775879 -0.0213882215321064 -1.0128061771392822 82 122 62
-10.453215599060059 -0.4017719030380249 -1.0550205707550049 83 88 91
-9.976541519165039 0.7121357321739197 -1.0886764526367188 98 101 106
-8.726449966430664 0.3060924708843231 -1.0354875326156616 60 100 47
-8.369465827941895 -0.01213790662586689 -1.0731937885284424 81 126 61
-8.19129467010498 -0.31053921580314636 -1.132203459739685 65 83 83
-7.52546501159668 0.5425882339477539 -1.1016379594802856 95 126 58
-6.938937187194824 0.2461818903684616 -1.0813335180282593 116 146 112
-6.634636878967285 -0.006958634126931429 -1.0987145900726318 77 107 69
-6.50835657119751 -0.24628250300884247 -1.145607352256775 78 99 60
-5.963681221008301 0.4373076558113098 -1.0998525619506836 95 125 75
-5.686555862426758 0.20483015477657318 -1.102155327796936 57 78 45
-5.414620876312256 -0.003127457806840539 -1.1038810014724731 76 110 49
-5.344850540161133 -0.2016938030719757 -1.1457734107971191 92 103 71
-4.992775917053223 0.36900389194488525 -1.1147503852844238 83 106 54
-4.779008865356445 0.17581512033939362 -1.1127744913101196 109 158 102
-26.454330444335938 1.9346482753753662 0.03518408536911011 97 110 84
-23.821208953857422 0.006937970872968435 -0.4249503016471863 87 103 77
-22.546865463256836 -0.8126938343048096 -0.6191658973693848 61 69 71
-22.19833755493164 1.6311907768249512 -0.7842742800712585 87 116 52
-19.32947540283203 0.7137414216995239 -0.8654899001121521 95 122 51
-17.588035583496094 0.01402465533465147 -0.955920934677124 82 126 73
-15.52337646484375 -0.5519387722015381 -0.9946858286857605 90 128 43
-14.511828422546387 1.074515461921692 -1.0446001291275024 87 114 71
-12.478715896606445 0.4686284363269806 -1.0187616348266602 87 112 73
-11.197734832763672 0.012837796472012997 -1.018877387046814 88 124 50
-10.463348388671875 -0.3700164556503296 -1.0559237003326416 92 104 92
-9.980257987976074 0.743182897567749 -1.0893256664276123 77 82 76
-8.736385345458984 0.3332798480987549 -1.03678297996521 107 144 93
-8.362521171569824 0.01352807879447937 -1.0723035335540771 74 113 46
-8.130828857421875 -0.2832688093185425 -1.1237205266952515 90 117 100
-7.53165864944458 0.5662669539451599 -1.1027936935424805 110 134 72
-6.936173915863037 0.26739296317100525 -1.0810257196426392 80 117 39
-6.678036212921143 0.013483826071023941 -1.105903148651123 61 87 58
-6.4785685539245605 -0.22525309026241302 -1.1402370929718018 90 113 69
-5.971137046813965 0.4562763273715973 -1.1014806032180786 84 110 63
-5.691786289215088 0.2225053906440735 -1.1032962799072266 61 75 60
-5.427342414855957 0.01351610105484724 -1.1064777374267578 94 130 43
-5.388442039489746 -0.18678557872772217 -1.1549899578094482 79 96 64
-5.02568244934082 0.3869423270225525 -1.1223572492599487 79 116 64
-4.7745537757873535 0.1903209090232849 -1.111867904663086 90 129 64
-26.783079147338867 -0.8910747170448303 0.24321667850017548 74 89 86
-26.257823944091797 2.001284599304199 0.03493073210120201 92 107 86
-22.29977035522461 0.8829697966575623 -0.18385258316993713 99 126 75
-24.059038162231445 0.0808197483420372 -0.429195374250412 83 97 71
-22.381404876708984 -0.7379827499389648 -0.6145570874214172 93 109 80
-22.17030906677246 1.697531819343567 -0.7834643721580505 72 102 42
-19.39107894897461 0.7755952477455139 -0.8683506846427917 96 130 53
-17.511024475097656 0.06768673658370972 -0.9517421126365662 86 125 58
-15.52100658416748 -0.5041815042495728 -0.9944302439689636 93 127 76
-14.49454116821289 1.1179581880569458 -1.04359769821167 78 105 54
-12.50311279296875 0.5079623460769653 -1.0208758115768433 80 98 76
-10.973569869995117 0.046247560530900955 -0.9984889030456543 108 136 59
-10.461450576782227 -0.3378172516822815 -1.0556225776672363 74 99 59
-9.983878135681152 0.774259626865387 -1.0899748802185059 84 87 80
-8.748220443725586 0.36061280965805054 -1.038313865661621 95 116 73
-8.3416109085083 0.03908626735210419 -1.069632649421692 91 115 57
-8.012848854064941 -0.2545481026172638 -1.1073018312454224 81 107 68
-7.521007537841797 0.5886761546134949 -1.10149347782135 109 134 40
-6.927423477172852 0.28834283351898193 -1.0797946453094482 91 122 78
-6.683882236480713 0.03400179743766785 -1.1068834066390991 80 103 57
-6.447728633880615 -0.20437756180763245 -1.1346935033798218 96 114 62
-5.978532791137695 0.47529488801956177 -1.1031087636947632 82 124 78
-5.695981502532959 0.24017329514026642 -1.1042470932006836 70 102 61
-5.437073707580566 0.030221352353692055 -1.1084754467010498 82 113 69
-5.3948540687561035 -0.17043845355510712 -1.1562467813491821 95 112 93
-5.037120819091797 0.40337198972702026 -1.1251827478408813 58 82 58
-4.799247741699219 0.20605438947677612 -1.117760419845581 94 140 68
-26.791685104370117 -0.8090822696685791 0.243271142244339 52 66 79
-26.350248336791992 2.0896594524383545 0.035062048584222794 99 113 90
-26.197275161743164 1.1178016662597656 -0.21601320803165436 101 132 62
-24.052677154541016 0.15459290146827698 -0.4290883541107178 84 101 69
-22.483482360839844 -0.6723018884658813 -0.6173003911972046 77 93 82
-22.016559600830078 1.7537176609039307 -0.7782175540924072 93 118 78
-19.439510345458984 0.837274968624115 -0.8706304430961609 76 112 38
-17.495758056640625 0.12130563706159592 -0.9509280920028687 92 131 74
-15.530461311340332 -0.4567960798740387 -0.9949414730072021 89 124 58
-14.450279235839844 1.1591516733169556 -1.0406619310379028 92 111 83
-12.508464813232422 0.5466235280036926 -1.0214449167251587 74 89 56
-10.966405868530273 0.07986301183700562 -0.9978545904159546 89 117 66
-10.262537002563477 -0.29987916350364685 -1.0354533195495605 70 98 47
-9.990373611450195 0.8056052327156067 -1.0909488201141357 90 109 77
-8.742112159729004 0.3872305452823639 -1.0377250909805298 75 110 70
-8.318638801574707 0.06450089812278748 -1.0667072534561157 79 120 41
-8.114591598510742 -0.2328621745109558 -1.1212576627731323 78 97 65
-7.523110866546631 0.6120684742927551 -1.1020712852478027 119 137 79
-6.7971954345703125 0.30381470918655396 -1.0596359968185425 78 110 69
-6.650204181671143 0.05423395708203316 -1.1013286113739014 80 109 43
-6.423713207244873 -0.1838906854391098 -1.130362629890442 85 120 66
-5.967244625091553 0.4928250014781952 -1.10129976272583 75 102 61
-5.634411811828613 0.2548963725566864 -1.0924572944641113 60 99 44
-5.452632427215576 0.04703715443611145 -1.1116715669631958 113 134 41
-5.389486789703369 -0.1537192016839981 -1.1549899578094482 101 124 95
-5.034886837005615 0.4187428653240204 -1.1249654293060303 150 156 128
-4.808322906494141 0.22122496366500854 -1.1200268268585205 108 142 81
-22.6837215423584 -0.615375816822052 0.20595231652259827 73 82 89
-26.604829788208008 2.192004680633545 0.035409580916166306 86 104 80
-24.57098388671875 0.23331184685230255 -0.43834537267684937 89 107 67
-22.47344970703125 -0.6029986143112183 -0.6169711947441101 78 94 81
-21.99713134765625 1.8201014995574951 -0.77772456407547 83 114 47
-19.65839195251465 0.9071336388587952 -0.8805539608001709 94 135 39
-17.47134017944336 0.17474162578582764 -0.949625551700592 79 120 76
-15.548748016357422 -0.4095938801765442 -0.9960278272628784 94 133 78
-14.405901908874512 1.2000840902328491 -1.0377264022827148 82 90 75
-12.562483787536621 0.587604284286499 -1.0259984731674194 83 98 77
-11.188179969787598 0.11580569297075272 -1.0180617570877075 86 119 62
-10.241528511047363 -0.2678205370903015 -1.0332458019256592 84 126 54
-10.001724243164062 0.8374127149581909 -1.092463731765747 83 115 74
-8.813294410705566 0.41747918725013733 -1.0463217496871948 92 118 71
-8.362042427062988 0.09049409627914429 -1.0723035335540771 87 121 47
-8.033075332641602 -0.20585955679416656 -1.1099014282226562 78 115 63
-7.537960052490234 0.6365616917610168 -1.104527473449707 81 102 71
-6.766622543334961 0.3232523202896118 -1.0550196170806885 79 118 53
-6.61251974105835 0.07421550899744034 -1.0951203107833862 51 72 39
-6.422277927398682 -0.16413183510303497 -1.1300162076950073 80 101 60
-5.978443622589111 0.5122213959693909 -1.1036514043807983 93 126 83
-5.6237969398498535 0.2717075049877167 -1.0905556678771973 122 147 118
-5.45540189743042 0.06379975378513336 -1.1122709512710571 70 106 60
-5.36745023727417 -0.13661153614521027 -1.150172233581543 87 116 72
-5.033578395843506 0.43418771028518677 -1.1249654293060303 90 125 67
-4.829995632171631 0.2370738536119461 -1.125239372253418 95 139 62
-26.48240089416504 2.2637369632720947 0.035255711525678635 89 108 80
-24.972414016723633 1.2190884351730347 -0.20597124099731445 84 112 54
-25.26998519897461 0.3174860179424286 -0.4508308172225952 89 106 70
-22.655075073242188 -0.5383225083351135 -0.6219092011451721 77 95 79
-22.09101676940918 1.8961256742477417 -0.7812458872795105 71 103 53
-19.702411651611328 0.9697486758232117 -0.8826548457145691 101 139 56
-17.451749801635742 0.2280941605567932 -0.9485943913459778 98 141 51
-15.678633689880371 -0.36488431692123413 -1.0042716264724731 89 133 80
-13.979815483093262 1.2077873945236206 -1.0072954893112183 90 110 85
-12.744779586791992 0.6353228688240051 -1.0410412549972534 76 103 60
-11.245528221130371 0.15090502798557281 -1.0233174562454224 91 127 79
-10.162726402282715 -0.23456205427646637 -1.0252183675765991 90 133 62
-9.992175102233887 0.8674917221069336 -1.0917062759399414 104 118 82
-8.754448890686035 0.4416143000125885 -1.0394915342330933 88 122 89
-8.40437126159668 0.11674042791128159 -1.0777723789215088 92 131 48
-8.021784782409668 -0.18094539642333984 -1.1082595586776733 88 112 76
-7.5852580070495605 0.6639993190765381 -1.1117511987686157 92 118 79
-6.738955020904541 0.342655748128891 -1.050864815711975 85 116 57
-6.61423397064209 0.09453028440475464 -1.0954469442367554 78 118 65
-6.424720764160156 -0.14447206258773804 -1.130362629890442 89 113 87
-5.980762958526611 0.5309084057807922 -1.1043750047683716 98 127 83
-5.667057514190674 0.2912271320819855 -1.0991127490997314 86 124 87
-5.454200744628906 0.08052192628383636 -1.11207115650177 81 117 53
-5.346337795257568 -0.11966242641210556 -1.1455639600753784 97 118 59
-5.032222747802734 0.44962847232818604 -1.1249654293060303 83 104 65
-4.835081577301025 0.2521953582763672 -1.1265991926193237 79 124 55
-24.901647567749023 1.2922248840332031 -0.20541930198669434 97 126 70
-23.85529136657715 0.37291383743286133 -0.4256102740764618 92 104 82
-22.681604385375977 -0.46933218836784363 -0.6225950121879578 98 113 70
-22.12590789794922 1.9675203561782837 -0.7826896905899048 82 110 52
-18.789499282836914 0.9826093912124634 -0.8418880701065063 95 122 55
-17.411033630371094 0.28098979592323303 -0.9464235901832581 94 124 74
-15.664712905883789 -0.3164788484573364 -1.0033130645751953 89 134 53
-13.477326393127441 1.2060424089431763 -0.9713513851165771 88 91 82
-12.75969123840332 0.6753158569335938 -1.0424236059188843 91 109 71
-11.336621284484863 0.1869155466556549 -1.0316540002822876 99 128 82
-10.145492553710938 -0.20302382111549377 -1.0234121084213257 97 139 63
-9.964713096618652 0.8959175944328308 -1.089000940322876 91 113 75
-8.976167678833008 0.4804117679595947 -1.0659880638122559 92 122 50
-8.39802360534668 0.14242321252822876 -1.0770093202590942 89 112 66
-8.033196449279785 -0.15654635429382324 -1.109764575958252 110 126 89
-7.634429931640625 0.6919116973876953 -1.1192641258239746 84 109 88
-6.7408318519592285 0.3634885549545288 -1.0513263940811157 77 116 72
-6.602075576782227 0.1146165207028389 -1.0934864282608032 48 62 45
-6.434980869293213 -0.12495182454586029 -1.1320949792861938 64 99 69
-5.992816925048828 0.5505142211914062 -1.106907606124878 83 118 88
-5.669078350067139 0.3087722361087799 -1.0996832847595215 77 119 47
-5.478420257568359 0.09769154340028763 -1.117065191268921 75 104 58
-5.330060005187988 -0.10293855518102646 -1.142003059387207 74 103 45
-5.038595199584961 0.4657838046550751 -1.1267040967941284 89 126 72
-4.830395221710205 0.26681312918663025 -1.12569260597229 79 116 38
-29.6522274017334 1.629979133605957 -0.2446480095386505 72 96 38
-24.071962356567383 0.45017459988594055 -0.4294985830783844 69 78 49
-22.906818389892578 -0.4036892354488373 -0.6287400126457214 97 113 77
-22.140666961669922 2.037315607070923 -0.7834291458129883 81 112 45
-18.789390563964844 1.04041588306427 -0.842022180557251 90 127 49
-17.420072555541992 0.33459654450416565 -0.9469663500785828 88 129 63
-15.650642395019531 -0.26816225051879883 -1.0023545026779175 91 132 54
-13.446745872497559 1.2449018955230713 -0.9694181084632874 74 85 69
-12.779452323913574 0.7156849503517151 -1.0442124605178833 98 125 84
-11.301145553588867 0.2210133969783783 -1.0284825563430786 106 140 56
-10.029675483703613 -0.16992498934268951 -1.011671781539917 108 139 82
-9.855012893676758 0.9165422916412354 -1.0773146152496338 103 128 88
-9.027198791503906 0.5109220743179321 -1.0722296237945557 80 113 56
-8.39258861541748 0.16808800399303436 -1.0763733386993408 81 112 55
-8.023734092712402 -0.13173751533031464 -1.1083964109420776 81 101 48
-7.652960300445557 0.7172696590423584 -1.1222981214523315 101 113 103
-6.761387825012207 0.385404497385025 -1.0547118186950684 91 127 66
-6.5908427238464355 0.13464920222759247 -1.0916892290115356 145 169 156
-6.441242218017578 -0.10530559718608856 -1.1331344842910767 63 78 47
-5.991099834442139 0.5688973069190979 -1.106907606124878 114 150 78
-5.6847662925720215 0.3271220624446869 -1.10291588306427 58 85 52
-5.426174163818359 0.11341343820095062 -1.1064777374267578 47 111 35
-5.32155179977417 -0.0864427462220192 -1.140117883682251 74 108 57
-5.038114547729492 0.4813326597213745 -1.126921534538269 71 98 53
-4.843166828155518 0.2824251353740692 -1.1288655996322632 76 115 34
-24.484302520751953 0.5330336093902588 -0.4368828237056732 95 110 77
-23.095857620239258 -0.3361451029777527 -0.6338974237442017 96 111 80
-22.116405487060547 2.103529214859009 -0.7827953100204468 81 114 57
-18.373226165771484 1.0739227533340454 -0.8235161304473877 138 173 79
-17.41097640991211 0.38786107301712036 -0.9465320706367493 93 124 57
-15.775126457214355 -0.22188588976860046 -1.0102787017822266 94 135 75
-12.674359321594238 1.2126232385635376 -0.9139982461929321 73 75 74
-12.793115615844727 0.755828857421875 -1.045513391494751 88 113 74
-11.400972366333008 0.2579590380191803 -1.0376346111297607 91 127 63
-9.926684379577637 -0.13771815598011017 -1.0012359619140625 97 136 57
-9.77892780303955 0.9397357106208801 -1.0693073272705078 88 132 81
-9.07317066192627 0.5414542555809021 -1.077882170677185 80 99 80
-8.390049934387207 0.1937895119190216 -1.076119065284729 82 114 51
-7.961698532104492 -0.10628735274076462 -1.0997765064239502 90 114 82
-7.66845178604126 0.7424616813659668 -1.1248986721038818 101 118 82
-6.801599025726318 0.40863513946533203 -1.0611748695373535 55 83 43
-6.555878639221191 0.1540578007698059 -1.0859711170196533 88 112 78
-6.4563069343566895 -0.08573981374502182 -1.135732889175415 55 84 64
-5.997156620025635 0.5880428552627563 -1.1083546876907349 90 133 77
-5.674916744232178 0.34402650594711304 -1.101204514503479 75 109 49
-5.441473960876465 0.13043586909770966 -1.1096739768981934 72 115 46
-5.301259517669678 -0.0698455274105072 -1.1357191801071167 73 112 68
-5.05118465423584 0.49822428822517395 -1.1301816701889038 78 108 56
-4.85102653503418 0.297819584608078 -1.130905270576477 102 124 86
-26.597606658935547 1.6113742589950562 0.752678394317627 101 126 123
-25.547449111938477 1.5616258382797241 -0.21085628867149353 86 102 66
-24.778413772583008 0.6154970526695251 -0.4421623647212982 99 110 80
-23.049802780151367 -0.26474684476852417 -0.6326081156730652 86 98 62
-22.141674041748047 2.174497127532959 -0.7839221358299255 83 120 66
-18.098630905151367 1.113598346710205 -0.8113576769828796 100 129 63
-17.33983039855957 0.4395042955875397 -0.9427331686019897 79 113 63
-15.795690536499023 -0.17370691895484924 -1.01155686378479 98 138 67
-12.447244644165039 1.2294425964355469 -0.8978878259658813 75 89 72
-12.8295316696167 0.7974855899810791 -1.0486845970153809 90 111 78
-11.411079406738281 0.29321691393852234 -1.0386314392089844 110 140 76
-9.938003540039062 -0.10738111287355423 -1.0023397207260132 96 133 53
-9.727522850036621 0.964924156665802 -1.0640050172805786 100 137 85
-9.093270301818848 0.5706560611724854 -1.0804729461669922 85 110 68
-8.425111770629883 0.22046297788619995 -1.080697774887085 61 73 33
-7.941185474395752 -0.08164684474468231 -1.0969033241271973 85 115 77
-7.692722320556641 0.7686408758163452 -1.128799557685852 101 119 93
-6.841730117797852 0.4321160912513733 -1.0676379203796387 108 144 98
-6.495216369628906 0.17257185280323029 -1.0760051012039185 81 107 60
-6.426994800567627 -0.06563004106283188 -1.1305359601974487 75 105 77
-6.00706672668457 0.6076268553733826 -1.1105254888534546 66 95 65
-5.664036750793457 0.36081114411354065 -1.099302887916565 102 126 68
-5.4449663162231445 0.14723540842533112 -1.1104730367660522 73 104 63
-5.298515319824219 -0.05355151742696762 -1.135090708732605 74 106 67
-5.056429862976074 0.5144103169441223 -1.1317030191421509 83 116 63
-4.842314720153809 0.31219959259033203 -1.1290922164916992 65 88 62
-26.38703727722168 1.6798841953277588 0.7468618750572205 98 113 132
-26.069433212280273 1.6738271713256836 -0.21520587801933289 95 123 65
-24.855365753173828 0.6937170028686523 -0.44357144832611084 91 97 85
-23.20444107055664 -0.1953255832195282 -0.6368327736854553 87 101 66
-21.97382164001465 2.2260985374450684 -0.7782175540924072 93 130 60
-18.099117279052734 1.1693764925003052 -0.811536431312561 103 138 84
-17.255556106567383 0.49034592509269714 -0.9382287263870239 92 107 48
-15.772198677062988 -0.1250557005405426 -1.0100231170654297 98 137 54
-12.22213077545166 1.2450820207595825 -0.881920576095581 86 111 79
-12.88570499420166 0.8406705856323242 -1.0534820556640625 78 95 79
-11.378270149230957 0.32730787992477417 -1.0357317924499512 111 148 71
-9.906449317932129 -0.07664492726325989 -0.9991287589073181 77 119 55
-9.656278610229492 0.9877828359603882 -1.0565388202667236 90 121 61
-9.099404335021973 0.5990731120109558 -1.081415057182312 78 75 70
-8.3579683303833 0.24436761438846588 -1.072176218032837 51 85 24
-7.9453606605529785 -0.05731182172894478 -1.097450613975525 82 110 62
-7.672610759735107 0.7904130220413208 -1.1261990070343018 102 117 88
-6.891640663146973 0.45650017261505127 -1.0756398439407349 129 160 93
-6.516350746154785 0.19314110279083252 -1.079599380493164 82 115 68
-6.310953140258789 -0.04508183151483536 -1.1100940704345703 76 115 58
-6.009086608886719 0.6264613270759583 -1.1112490892410278 88 106 80
-5.665842056274414 0.37838271260261536 -1.099873423576355 80 115 61
-5.421962261199951 0.16326133906841278 -1.105878472328186 85 126 60
-5.289854526519775 -0.037233710289001465 -1.133205533027649 88 124 54
-5.054827690124512 0.5299208164215088 -1.1317030191421509 81 114 61
-4.807322025299072 0.3247564733028412 -1.1211599111557007 96 134 83
-26.150976181030273 1.7596397399902344 -0.21592257916927338 73 108 84
-25.045995712280273 0.7759443521499634 -0.44701382517814636 103 109 95
-23.250913619995117 -0.12438041716814041 -0.6380947232246399 70 80 69
-14.504111289978027 1.5143346786499023 -0.5138348937034607 90 119 88
-18.474197387695312 1.250536561012268 -0.8285226821899414 99 135 65
-17.16614532470703 0.5405175089836121 -0.9334529638290405 81 118 67
-15.796459197998047 -0.07678311318159103 -1.01155686378479 84 124 53
-12.130959510803223 1.2734098434448242 -0.875619649887085 92 119 76
-12.91190242767334 0.8821696043014526 -1.0558401346206665 95 107 95
-11.296586990356445 0.3596475124359131 -1.02839195728302 89 128 71
-9.848930358886719 -0.04598258435726166 -0.9933087229728699 89 127 80
-9.629475593566895 1.0149024724960327 -1.0539418458938599 93 125 60
-9.106439590454102 0.6276013255119324 -1.082474946975708 77 82 76
-8.367093086242676 0.2703286409378052 -1.0734481811523438 89 111 64
-7.940546989440918 -0.03291500359773636 -1.0967665910720825 71 103 54
-7.728204727172852 0.8201093077659607 -1.13472318649292 98 113 106
-6.915836334228516 0.47941792011260986 -1.0796407461166382 81 116 36
-6.488118648529053 0.21222898364067078 -1.0750248432159424 66 101 77
-6.288409233093262 -0.02562757208943367 -1.106109619140625 80 111 52
-6.019848823547363 0.6462587118148804 -1.113600730895996 84 107 78
-5.717540264129639 0.3994583785533905 -1.1101419925689697 95 136 78
-5.438084602355957 0.18044735491275787 -1.1092745065689087 97 123 52
-5.307544708251953 -0.02107437513768673 -1.1369760036468506 65 88 42
-5.0425028800964355 0.5442740321159363 -1.12931227684021 82 126 41
-4.7664690017700195 0.336689829826355 -1.111867904663086 89 116 71
-26.395828247070312 1.8574804067611694 -0.21799029409885406 87 101 65
-24.784690856933594 0.8439677953720093 -0.4423942565917969 82 93 79
-23.0142765045166 -0.05250652879476547 -0.6315930485725403 83 102 80
-22.01141929626465 2.366440534591675 -0.780048668384552 80 109 63
-18.468280792236328 1.307067632675171 -0.8284332156181335 90 123 76
-16.766231536865234 0.5794195532798767 -0.9117990136146545 81 97 68
-15.774665832519531 -0.02828054130077362 -1.0101509094238281 86 129 49
-12.137904167175293 1.3117998838424683 -0.876407265663147 89 123 73
-13.055276870727539 0.9322139024734497 -1.0677930116653442 97 102 106
-11.317326545715332 0.39506760239601135 -1.0303854942321777 96 133 63
-9.870914459228516 -0.015801316127181053 -0.9955163598060608 67 107 47
-9.472136497497559 1.0277122259140015 -1.0370614528656006 74 103 37
-9.165881156921387 0.6599581241607666 -1.0897762775421143 66 67 62
-8.338468551635742 0.29501527547836304 -1.0698869228363037 77 90 64
-7.938628673553467 -0.008551457896828651 -1.0964927673339844 81 118 67
-7.769916534423828 0.8486499190330505 -1.1412246227264404 73 95 82
-6.9340434074401855 0.5020602941513062 -1.0827184915542603 104 135 75
-6.532790184020996 0.23375606536865234 -1.0825401544570923 85 127 63
-6.287473678588867 -0.006333891302347183 -1.1059364080429077 102 140 91
-6.023703098297119 0.6653721928596497 -1.114686131477356 101 127 80
-5.725100040435791 0.4176405072212219 -1.1118533611297607 100 137 57
-5.42673397064209 0.1967398077249527 -1.1070771217346191 85 128 48
-5.305628299713135 -0.004789193160831928 -1.1365569829940796 73 88 67
-5.040809631347656 0.5597416758537292 -1.12931227684021 95 127 90
-4.715875148773193 0.34765952825546265 -1.1003096103668213 85 110 70
-26.391002655029297 1.9385261535644531 -0.21799851953983307 87 121 61
-25.045761108398438 0.9297946095466614 -0.44710302352905273 80 101 68
-23.23924446105957 0.01827741414308548 -0.6377655267715454 92 119 74
-21.88783836364746 2.4211041927337646 -0.7759287357330322 88 119 49
-18.43828010559082 1.361808180809021 -0.8272709846496582 93 129 67
-16.61170768737793 0.6251099705696106 -0.9034956097602844 53 85 35
-15.58806037902832 0.019877612590789795 -0.9982006549835205 82 112 48
-12.088220596313477 1.34396231174469 -0.8731135129928589 95 132 63
-12.835677146911621 0.9561222791671753 -1.0500669479370117 68 82 82
-11.47031307220459 0.43564534187316895 -1.0444308519363403 95 131 61
-9.908724784851074 0.014537768438458443 -0.9993294477462769 99 133 56
-9.440287590026855 1.0535697937011719 -1.0339233875274658 105 153 91
-9.193520545959473 0.6903061866760254 -1.0933090448379517 82 92 83
-8.342480659484863 0.3207865059375763 -1.0705229043960571 78 101 47
-7.952486991882324 0.015831561759114265 -1.0984084606170654 100 123 79
-7.780059814453125 0.8739196062088013 -1.143102765083313 103 116 98
-6.9639997482299805 0.5257113575935364 -1.0876426696777344 93 128 60
-6.4433183670043945 0.2503499686717987 -1.0678361654281616 109 143 93
-6.300266742706299 0.012982218526303768 -1.108188509941101 103 128 70
-6.0529046058654785 0.6874008774757385 -1.1204748153686523 93 126 55
-5.71400260925293 0.4344586133956909 -1.1099518537521362 93 128 64
-5.4358954429626465 0.21377289295196533 -1.1090747117996216 79 119 48
-5.309529781341553 0.011496737599372864 -1.137394905090332 89 114 72
-5.030340671539307 0.5742077231407166 -1.1273561716079712 98 121 65
-4.728382110595703 0.3631702661514282 -1.1034826040267944 88 121 74
-26.405868530273438 2.0210859775543213 -0.21817152202129364 94 130 69
-25.188650131225586 1.0124925374984741 -0.44970715045928955 82 92 65
-23.134119033813477 0.08916976302862167 -0.6348850727081299 84 98 81
-21.779022216796875 2.4767255783081055 -0.7723369002342224 75 114 51
-18.503740310668945 1.423734426498413 -0.8304000496864319 93 136 44
-16.647624969482422 0.6776142120361328 -0.9055578708648682 77 108 64
-15.633831024169922 0.0679003894329071 -1.0011402368545532 91 122 62
-12.047374725341797 1.3768517971038818 -0.8704642653465271 89 119 69
-12.815790176391602 0.9941865801811218 -1.0486845970153809 93 97 96
-11.46295166015625 0.4705885946750641 -1.0438871383666992 97 128 68
-9.930521965026855 0.04503650963306427 -1.0015370845794678 79 123 48
-9.438985824584961 1.0827538967132568 -1.0341397523880005 79 115 53
-9.29432201385498 0.7265570163726807 -1.1055563688278198 72 79 63
-8.326591491699219 0.34576207399368286 -1.0686150789260864 91 113 67
-7.967258930206299 0.04030453786253929 -1.1004606485366821 80 110 72
-7.789137840270996 0.8991460204124451 -1.1448365449905396 105 123 99
-6.9209818840026855 0.5438233017921448 -1.0811796188354492 96 124 65
-6.482933521270752 0.27181103825569153 -1.0745346546173096 90 121 61
-6.332697868347168 0.032477784901857376 -1.1139053106307983 98 142 57
-6.112310886383057 0.7131481766700745 -1.1318713426589966 113 139 100
-5.701877117156982 0.4511350691318512 -1.1078600883483887 69 97 48
-5.409761428833008 0.22936980426311493 -1.1038810014724731 87 133 71
-5.319247245788574 0.02783726155757904 -1.1394894123077393 94 120 73
-5.019830226898193 0.588614821434021 -1.125400185585022 101 133 58
-4.762197494506836 0.3804674446582794 -1.11164128780365 95 126 58
-26.050249099731445 2.0600922107696533 0.7381370663642883 99 116 123
-26.39057159423828 2.1013741493225098 -0.21809737384319305 82 108 69
-25.190418243408203 1.0899815559387207 -0.44979628920555115 87 104 70
-23.481597900390625 0.1625518947839737 -0.6444317698478699 82 100 86
-21.581729888916016 2.521381139755249 -0.7656111121177673 84 119 53
-18.567996978759766 1.4859954118728638 -0.833484411239624 94 129 35
-16.568655014038086 0.7253226041793823 -0.9013791084289551 55 89 54
-15.314212799072266 0.1134973019361496 -0.980690598487854 81 117 73
-12.027243614196777 1.4119453430175781 -0.8693186640739441 99 142 63
-12.608026504516602 1.016992449760437 -1.0319342613220215 100 113 106
-11.43359661102295 0.5045249462127686 -1.0413498878479004 99 131 92
-9.946255683898926 0.07562374323606491 -1.0031424760818481 90 122 57
-9.40205192565918 1.1077522039413452 -1.0304607152938843 75 123 73
-9.30788516998291 0.7563550472259521 -1.1074405908584595 89 90 82
-8.322518348693848 0.3711734712123871 -1.0682334899902344 107 137 99
-7.923513412475586 0.06439334899187088 -1.0944405794143677 65 98 51
-7.7981343269348145 0.9244363903999329 -1.1465702056884766 81 96 75
-6.872994899749756 0.5612741112709045 -1.0739471912384033 78 114 53
-6.47911262512207 0.29156607389450073 -1.0740444660186768 62 101 38
-6.309917449951172 0.05172041058540344 -1.109920859336853 82 112 52
-6.141342639923096 0.735640287399292 -1.137660026550293 104 131 90
-5.735690593719482 0.4715218245983124 -1.1147058010101318 73 114 56
-5.394349575042725 0.24529796838760376 -1.1008844375610352 79 113 27
-5.323048114776611 0.04418881982564926 -1.1403273344039917 85 115 65
-5.018970012664795 0.6041293144226074 -1.125617504119873 83 123 52
-4.763919830322266 0.39531752467155457 -1.1123212575912476 93 123 59
-26.34477424621582 1.2066330909729004 0.49302273988723755 69 83 94
-26.5418643951416 3.174043893814087 0.03545733168721199 55 73 59
-27.083589553833008 2.2401952743530273 -0.2238803654909134 101 119 77
-24.846376419067383 1.1514757871627808 -0.44371411204338074 101 122 81
-23.469993591308594 0.2344818115234375 -0.6441299915313721 89 106 64
-13.959227561950684 1.6742751598358154 -0.49538302421569824 88 118 44
-18.818214416503906 1.5641380548477173 -0.8449276685714722 98 138 50
-16.58131217956543 0.776852011680603 -0.9021931290626526 76 105 61
-15.366681098937988 0.16103436052799225 -0.9840775728225708 86 115 59
-11.981264114379883 1.4438258409500122 -0.8663114309310913 99 131 55
-12.619745254516602 1.0569162368774414 -1.0331538915634155 93 107 90
-11.468801498413086 0.5413376688957214 -1.0447026491165161 105 128 84
-9.9827880859375 0.10653089731931686 -1.0068552494049072 69 119 60
-9.369987487792969 1.1331307888031006 -1.0273226499557495 103 135 52
-9.317395210266113 0.7859092354774475 -1.108853816986084 81 92 86
-8.356017112731934 0.39835798740386963 -1.0726850032806396 85 115 55
-7.91634464263916 0.08862441778182983 -1.0934828519821167 85 127 63
-7.780527591705322 0.9465638995170593 -1.144403100013733 94 115 59
-6.939174652099609 0.5881151556968689 -1.0845650434494019 102 133 76
-6.469318866729736 0.3110159933567047 -1.0725741386413574 82 114 64
-6.286093235015869 0.07081246376037598 -1.1057631969451904 81 118 49
-6.134175777435303 0.7538782954216003 -1.1367555856704712 119 135 109
-5.693132400512695 0.48561200499534607 -1.1067191362380981 98 158 122
-5.381826877593994 0.2612762749195099 -1.098487377166748 83 127 52
-5.323864936828613 0.06053060665726662 -1.1405367851257324 81 120 73
-5.018061637878418 0.619644045829773 -1.1258348226547241 94 132 71
-4.703490734100342 0.4048362076282501 -1.0984965562820435 77 106 60
-33.62480545043945 4.125740051269531 0.04493614658713341 66 76 68
-25.002506256103516 1.2355940341949463 -0.44656792283058167 85 105 68
-23.466163635253906 0.30644646286964417 -0.644047737121582 90 109 79
-13.905423164367676 1.7111128568649292 -0.49365755915641785 82 111 55
-18.810340881347656 1.621606707572937 -0.8447935581207275 98 140 64
-16.60976791381836 0.8292626142501831 -0.9038755297660828 81 110 56
-15.371103286743164 0.20824550092220306 -0.9843970537185669 94 135 77
-12.04211139678955 1.488653540611267 -0.8710371255874634 111 144 55
-12.116989135742188 1.0522549152374268 -0.9922538995742798 89 107 93
-11.703807830810547 0.5884223580360413 -1.066269040107727 96 118 69
-10.053049087524414 0.1381276696920395 -1.0139796733856201 63 101 62
-9.350682258605957 1.1599141359329224 -1.0255913734436035 96 139 68
-9.31296157836914 0.8143179416656494 -1.1086182594299316 89 105 92
-8.35772705078125 0.42414283752441406 -1.0730665922164917 99 120 79
-7.901177883148193 0.11269907653331757 -1.091430425643921 72 111 44
-7.759912490844727 0.9682244658470154 -1.1418025493621826 85 110 81
-6.978678226470947 0.6130329966545105 -1.091028094291687 93 111 73
-6.463407516479492 0.33061012625694275 -1.071757197380066 76 108 43
-6.286830902099609 0.09011171013116837 -1.1059364080429077 63 108 79
-6.128906726837158 0.7723252177238464 -1.1362128257751465 98 126 101
-5.68966007232666 0.502903163433075 -1.1063388586044312 103 134 75
-5.369257926940918 0.27718010544776917 -1.096090316772461 109 142 38
-5.321699142456055 0.07683548331260681 -1.140117883682251 92 116 58
-5.026788711547852 0.636384904384613 -1.1282256841659546 103 142 97
-4.808940887451172 0.4287794232368469 -1.1234263181686401 133 170 129
-26.082958221435547 2.3044276237487793 0.7396335005760193 156 194 203
-26.213064193725586 1.3618266582489014 0.49070504307746887 61 70 75
-28.434267044067383 0.45014041662216187 0.25810062885284424 81 95 80
-24.98062515258789 1.3113514184951782 -0.4462468922138214 86 109 65
-23.559066772460938 0.37995344400405884 -0.6466264128684998 86 110 58
-21.368228912353516 2.6960132122039795 -0.758885383605957 70 92 69
-18.858015060424805 1.6840180158615112 -0.8471627235412598 93 131 54
-16.607145309448242 0.8802167773246765 -0.9038755297660828 83 129 82
-15.29455852508545 0.25414231419563293 -0.9795402884483337 62 108 62
-12.002854347229004 1.5212018489837646 -0.8685309886932373 95 131 61
-12.105762481689453 1.088710069656372 -0.9916033744812012 87 106 84
-11.739737510681152 0.6263425350189209 -1.0697124004364014 111 138 83
-10.153054237365723 0.1706582009792328 -1.0241144895553589 104 148 97
-9.342148780822754 1.1879692077636719 -1.025050401687622 89 130 34
-9.327232360839844 0.8444079756736755 -1.1106202602386475 103 119 83
-8.371243476867676 0.4505816698074341 -1.0749744176864624 78 104 59
-7.86117696762085 0.13625235855579376 -1.0859575271606445 99 142 73
-7.748072147369385 0.9908972978591919 -1.1405022144317627 92 114 75
-7.012189865112305 0.6376618146896362 -1.0965678691864014 91 121 69
-6.427883625030518 0.34856829047203064 -1.066038966178894 57 78 37
-6.281601428985596 0.10931332409381866 -1.1050702333450317 85 123 64
-6.132360935211182 0.7918805480003357 -1.1372982263565063 102 127 98
-5.64702844619751 0.5166000127792358 -1.0983521938323975 79 112 59
-5.362512111663818 0.2933303415775299 -1.0948916673660278 75 108 65
-5.3067731857299805 0.09290512651205063 -1.1369760036468506 75 103 62
-5.017068862915039 0.6507993340492249 -1.1264867782592773 100 131 90
-4.83669900894165 0.44621530175209045 -1.130225419998169 106 132 84
-26.627056121826172 1.465259075164795 0.49853670597076416 60 69 84
-25.495601654052734 1.4168329238891602 -0.4555217921733856 84 100 71
-24.54723358154297 0.4712238311767578 -0.6737852096557617 82 91 74
-21.388601303100586 2.7652735710144043 -0.7599065899848938 78 112 62
-18.957210540771484 1.7515161037445068 -0.8518562316894531 77 117 57
-16.582433700561523 0.9299326539039612 -0.9026815891265869 98 127 73
-15.224861145019531 0.29970890283584595 -0.9751307964324951 87 111 75
-11.99714183807373 1.55789053440094 -0.8684594631195068 55 82 41
-12.04976749420166 1.1209518909454346 -0.9872937798500061 103 131 72
-11.746709823608398 0.6628615856170654 -1.0705279111862183 89 108 80
-10.154472351074219 0.20184606313705444 -1.0243151187896729 91 126 68
-9.33747386932373 1.2164963483810425 -1.0249420404434204 80 131 38
-9.32657527923584 0.8732047080993652 -1.1108556985855103 88 121 74
-8.411413192749023 0.47862881422042847 -1.080316185951233 100 137 68
-7.897366523742676 0.1611170619726181 -1.0910199880599976 89 130 52
-7.7214484214782715 1.0115784406661987 -1.1370347738265991 97 121 87
-7.038729190826416 0.6618544459342957 -1.1010304689407349 83 87 72
-6.483911037445068 0.3715607821941376 -1.0755149126052856 81 110 62
-6.283205986022949 0.1286248117685318 -1.1054167747497559 93 123 63
-6.138678073883057 0.8118512034416199 -1.1389262676239014 88 103 74
-5.638574600219727 0.533275306224823 -1.0970209836959839 91 121 51
-5.34984827041626 0.3091026842594147 -1.0924944877624512 92 123 20
-5.297664642333984 0.10900459438562393 -1.135090708732605 94 118 40
-5.0266594886779785 0.6677308082580566 -1.1290949583053589 107 139 92
-4.8450026512146 0.46197646856307983 -1.1324917078018188 52 89 19
-25.55301856994629 1.4986751079559326 -0.45662763714790344 66 83 65
-24.543676376342773 0.5464869737625122 -0.6737303733825684 75 89 74
-21.470172882080078 2.8428173065185547 -0.7631109952926636 91 123 56
-18.90401268005371 1.8051096200942993 -0.8497106432914734 96 137 61
-16.609405517578125 0.9825714230537415 -0.9043096303939819 90 133 79
-15.184959411621094 0.34553128480911255 -0.9726384878158569 93 129 81
-11.877613067626953 1.5794384479522705 -0.8601536154747009 97 135 52
-11.93614673614502 1.147329330444336 -0.9782681465148926 91 118 65
-11.751579284667969 0.6993109583854675 -1.071162223815918 80 93 73
-10.372637748718262 0.2380201369524002 -1.0463908910751343 84 124 74
-9.342567443847656 1.2463208436965942 -1.0259160995483398 95 138 69
-9.308037757873535 0.900284469127655 -1.1089715957641602 105 133 84
-8.454460144042969 0.5071048140525818 -1.0860395431518555 112 139 84
-7.8809895515441895 0.18497318029403687 -1.088830828666687 104 132 73
-7.702617168426514 1.0331580638885498 -1.13472318649292 77 107 55
-7.054368019104004 0.6851652264595032 -1.1038004159927368 73 78 56
-6.491603851318359 0.39198657870292664 -1.0769853591918945 77 114 34
-6.278842926025391 0.14780808985233307 -1.1047238111495972 63 97 62
-6.153700828552246 0.8330554366111755 -1.1421823501586914 88 103 70
-5.636911869049072 0.5505716800689697 -1.0970209836959839 107 138 81
-5.351808547973633 0.3256928622722626 -1.093093752861023 76 117 47
-5.300238132476807 0.12532643973827362 -1.1357191801071167 73 92 64
-5.04006290435791 0.6852533221244812 -1.1325725317001343 98 124 89
-4.846470355987549 0.47712481021881104 -1.133171558380127 96 125 71
-15.281009674072266 2.065615177154541 0.020453857257962227 95 117 81
-26.101158142089844 1.6111907958984375 -0.4665089249610901 71 87 74
-22.031633377075195 0.5581846833229065 -0.6048183441162109 86 102 75
-21.350435256958008 2.8936409950256348 -0.7591671347618103 85 111 46
-18.96897315979004 1.8700566291809082 -0.8528844118118286 91 125 74
-16.77374267578125 1.043944001197815 -0.9134271740913391 88 127 60
-15.085062980651855 0.38956591486930847 -0.9663118720054626 75 107 68
-11.853933334350586 1.6133153438568115 -0.8587931394577026 92 131 22
-11.887939453125 1.1795152425765991 -0.9746091365814209 91 119 60
-11.757330894470215 0.735858678817749 -1.0718872547149658 86 88 83
-10.441481590270996 0.2716531753540039 -1.0534149408340454 87 120 63
-9.351503372192383 1.2767256498336792 -1.0273226499557495 81 118 51
-9.295351028442383 0.9278505444526672 -1.107793927192688 100 122 84
-8.544925689697266 0.5388457775115967 -1.097867727279663 88 116 58
-7.817999839782715 0.2074950933456421 -1.0802110433578491 91 116 58
-7.67000150680542 1.0527478456497192 -1.130388855934143 83 119 73
-7.059114933013916 0.7074942588806152 -1.1048775911331177 77 96 68
-6.489385604858398 0.411838173866272 -1.0768219232559204 109 138 107
-6.271468639373779 0.16688722372055054 -1.103511095046997 98 137 70
-6.165729522705078 0.8539547324180603 -1.1448959112167358 72 82 81
-5.664500713348389 0.570815920829773 -1.1027257442474365 88 122 71
-5.356651306152344 0.34248557686805725 -1.094292402267456 81 121 87
-5.302760601043701 0.14166508615016937 -1.1363475322723389 78 104 57
-5.057272434234619 0.7034021019935608 -1.136919379234314 82 106 70
-4.848859786987305 0.4923849403858185 -1.1340781450271606 82 114 64
-26.356016159057617 1.6937865018844604 0.4937330186367035 63 76 84
-14.781295776367188 2.044262647628784 0.019793285056948662 94 116 77
-16.313989639282227 1.6522513628005981 -0.13508445024490356 102 119 85
-25.6810302734375 1.6643606424331665 -0.4590890109539032 75 87 75
-22.069786071777344 0.6269094944000244 -0.6059156656265259 79 90 76
-15.59701156616211 2.162625551223755 -0.5548233389854431 95 131 59
-18.974079132080078 1.929355502128601 -0.8533760905265808 74 114 54
-16.953798294067383 1.1073753833770752 -0.9234129190444946 73 106 63
-15.122701644897461 0.43696853518486023 -0.9688041806221008 95 122 87
-11.814351081848145 1.6448612213134766 -0.8562871217727661 90 134 39
-11.848569869995117 1.2123291492462158 -0.9716818928718567 92 126 65
-11.752036094665527 0.7717304229736328 -1.0716153383255005 74 86 84
-10.446566581726074 0.30385950207710266 -1.0540170669555664 100 129 65
-9.341635704040527 1.3045847415924072 -1.0266735553741455 70 114 16
-9.236154556274414 0.9505689740180969 -1.101081371307373 82 102 65
-8.48384952545166 0.5611310601234436 -1.0902366638183594 79 103 71
-7.8292083740234375 0.23183123767375946 -1.081852912902832 76 111 57
-7.626559734344482 1.0706342458724976 -1.1244652271270752 117 141 115
-7.103105068206787 0.7339209914207458 -1.1121100187301636 73 86 76
-6.492029190063477 0.43200743198394775 -1.0774754285812378 81 112 55
-6.2354865074157715 0.18507513403892517 -1.097274661064148 87 119 52
-6.207874774932861 0.8792110085487366 -1.1532171964645386 93 108 101
-5.7086181640625 0.5929588675498962 -1.1116632223129272 98 136 59
-5.285184383392334 0.3542005121707916 -1.0799095630645752 69 102 49
-5.305233478546143 0.15802040696144104 -1.1369760036468506 63 85 62
-5.04929256439209 0.7180896997451782 -1.1356152296066284 104 123 91
-4.873480796813965 0.509995698928833 -1.1401972770690918 91 121 59
-26.375635147094727 1.7763171195983887 0.49420028924942017 67 77 87
-16.05224609375 1.6755110025405884 -0.13295908272266388 97 123 78
-26.126693725585938 1.7737523317337036 -0.46715107560157776 81 98 66
-22.13969612121582 0.6968799829483032 -0.6078908443450928 80 96 83
-14.923391342163086 2.11590838432312 -0.5310894846916199 81 103 65
-18.992908477783203 1.9901608228683472 -0.8544935584068298 93 122 78
-17.06886863708496 1.167492151260376 -0.9298710823059082 105 134 54
-15.156200408935547 0.4844782054424286 -0.9710408449172974 92 106 80
-11.759875297546387 1.6740707159042358 -0.852707028388977 98 135 58
-11.707018852233887 1.2341500520706177 -0.9603794813156128 95 140 59
-11.73868465423584 0.807030200958252 -1.0706186294555664 84 93 72
-10.452546119689941 0.3361315131187439 -1.0547195672988892 99 130 71
-9.29625415802002 1.3273364305496216 -1.022128701210022 82 123 47
-9.138394355773926 0.9688498973846436 -1.0897762775421143 92 117 78
-8.45240306854248 0.5851016640663147 -1.0864211320877075 101 120 88
-7.831430435180664 0.25594690442085266 -1.0822633504867554 96 142 78
-7.591896057128906 1.089529037475586 -1.1198420524597168 99 127 68
-7.21970796585083 0.7683622241020203 -1.1307299137115479 81 80 85
-6.495594501495361 0.45226529240608215 -1.0782923698425293 88 117 73
-6.116767406463623 0.20033574104309082 -1.076486349105835 68 125 56
-6.217802047729492 0.9000841379165649 -1.1555688381195068 102 105 98
-5.725319862365723 0.6124539375305176 -1.1152762174606323 92 118 81
-5.317306041717529 0.3727431893348694 -1.0867013931274414 93 136 54
-5.307655334472656 0.1743922084569931 -1.1376043558120728 74 102 61
-5.073145866394043 0.7373680472373962 -1.1414835453033447 97 112 93
-4.8486528396606445 0.5224407911300659 -1.1347581148147583 93 117 59
-15.33397388458252 2.206287384033203 0.5870147943496704 84 113 119
-26.094791412353516 1.8378410339355469 0.4890415072441101 62 71 80
-14.492344856262207 2.095003366470337 0.01942320540547371 88 105 71
-27.116897583007812 2.91455078125 -0.22467944025993347 94 124 72
-26.169998168945312 1.857367992401123 -0.4680250287055969 66 74 50
-22.1044864654541 0.7636613845825195 -0.6069855690002441 80 88 64
-14.823859214782715 2.148209810256958 -0.5277794003486633 78 104 39
-19.2548885345459 2.0773534774780273 -0.8665627241134644 87 126 63
-17.155841827392578 1.2263319492340088 -0.934809684753418 82 120 61
-15.245400428771973 0.5341544151306152 -0.9768562316894531 90 102 80
-11.593795776367188 1.686734676361084 -0.8410359025001526 93 128 74
-11.720022201538086 1.2718889713287354 -0.9617618322372437 100 139 76
-11.750060081481934 0.8440390825271606 -1.0718872547149658 85 96 82
-10.475329399108887 0.3690386116504669 -1.057127833366394 85 125 73
-9.230165481567383 1.3468079566955566 -1.015311598777771 98 122 64
-9.119584083557129 0.9951580166816711 -1.0878920555114746 77 114 62
-8.522787094116211 0.6162523627281189 -1.0957056283950806 80 100 73
-7.857337474822998 0.280927836894989 -1.0859575271606445 87 130 51
-7.547398567199707 1.106785535812378 -1.1137739419937134 99 141 43
-7.28705358505249 0.7981466054916382 -1.141655445098877 85 106 87
-6.501063823699951 0.47269219160079956 -1.07943594455719 88 123 69
-6.104312896728516 0.21867765486240387 -1.0744074583053589 72 119 41
-6.229604721069336 0.9213141202926636 -1.1582822799682617 74 72 85
-5.738051414489746 0.6316273808479309 -1.1181285381317139 93 127 67
-5.264344215393066 0.3852642774581909 -1.0761140584945679 71 105 44
-5.306118488311768 0.1906399428844452 -1.137394905090332 76 107 39
-5.068929195404053 0.7526420950889587 -1.1410489082336426 85 112 61
-4.833474159240723 0.5358113646507263 -1.1315851211547852 105 131 96
-14.617422103881836 2.1588878631591797 0.01959962397813797 93 104 74
-16.059553146362305 1.7759524583816528 -0.13310736417770386 106 120 87
-26.151214599609375 1.9366875886917114 -0.46779316663742065 76 89 79
-22.133007049560547 0.8326383829116821 -0.6078360080718994 80 93 83
-14.866629600524902 2.2009968757629395 -0.5295401215553284 92 120 80
-19.257360458374023 2.137408494949341 -0.8669649958610535 99 135 48
-17.19780158996582 1.2823749780654907 -0.9373061060905457 84 116 75
-15.393275260925293 0.5866246819496155 -0.9864420294761658 132 160 109
-11.514572143554688 1.711298942565918 -0.835665762424469 90 134 49
-11.6080961227417 1.2957870960235596 -0.9528987407684326 111 148 70
-11.742449760437012 0.8797118067741394 -1.0714341402053833 82 94 72
-10.495026588439941 0.4019744098186493 -1.0592349767684937 96 123 80
-9.161093711853027 1.3654468059539795 -1.0081700086593628 77 116 37
-9.073065757751465 1.0182585716247559 -1.0827103853225708 107 128 72
-8.533713340759277 0.6433663368225098 -1.09735906124115 81 97 71
-7.8554487228393555 0.30499404668807983 -1.0858207941055298 89 123 46
-7.511673927307129 1.125098466873169 -1.1090062856674194 93 122 74
-7.291443824768066 0.8212733864784241 -1.1427326202392578 80 86 82
-6.5172905921936035 0.49397706985473633 -1.0823768377304077 84 121 70
-6.1557722091674805 0.2394331693649292 -1.08358895778656 71 111 58
-6.236473560333252 0.9418906569480896 -1.1600911617279053 99 96 105
-5.742915630340576 0.6500014066696167 -1.119459629058838 85 113 54
-5.307102680206299 0.4047664403915405 -1.0851033926010132 135 165 91
-5.29866886138916 0.2066512405872345 -1.1359286308288574 85 115 61
-5.053084850311279 0.7661412358283997 -1.1380059719085693 94 113 85
-4.840517044067383 0.5516302585601807 -1.1336249113082886 65 95 61
-26.131872177124023 2.0016627311706543 0.48995736241340637 55 61 73
-15.09228229522705 2.276355266571045 0.02024560421705246 79 94 65
-15.964609146118164 1.8150477409362793 -0.13236595690250397 99 120 79
-25.978670120239258 2.0040667057037354 -0.46481451392173767 57 58 44
-24.2477970123291 0.9867016673088074 -0.6659942269325256 84 96 82
-14.698738098144531 2.222245454788208 -0.5238003134727478 99 135 61
-19.256668090820312 2.1971588134765625 -0.8672332167625427 82 117 49
-17.182836532592773 1.3342807292938232 -0.9367091655731201 82 103 62
-15.388411521911621 0.6337246298789978 -0.9862503409385681 98 126 88
-11.41361141204834 1.7321006059646606 -0.8287203907966614 81 105 71
-11.611987113952637 1.3323030471801758 -0.9535492062568665 90 128 45
-11.7317533493042 0.9151134490966797 -1.070709228515625 98 122 90
-10.535496711730957 0.4358982741832733 -1.063449501991272 94 124 74
-9.137206077575684 1.3905549049377441 -1.006005883216858 59 107 47
-9.038331985473633 1.0424487590789795 -1.078942060470581 92 122 58
-8.500057220458984 0.6670611500740051 -1.0932891368865967 80 86 82
-7.873281002044678 0.3298806846141815 -1.0884203910827637 95 128 41
-7.485689163208008 1.1446983814239502 -1.1056832075119019 151 177 86
-7.295760631561279 0.8444346189498901 -1.1438099145889282 81 92 84
-6.543282508850098 0.5161417722702026 -1.0869513750076294 84 106 67
-6.08514404296875 0.25538554787635803 -1.071289300918579 90 121 64
-6.245218753814697 0.9628177285194397 -1.162261962890625 77 86 93
-5.768199920654297 0.6707927584648132 -1.1247841119766235 109 132 88
-5.337092876434326 0.4235268831253052 -1.0914957523345947 97 126 78
-5.269678115844727 0.2217143326997757 -1.1298540830612183 90 121 54
-5.033348083496094 0.7789532542228699 -1.1340938806533813 117 141 93
-4.918126583099365 0.5757647156715393 -1.1522088050842285 91 106 63
-25.990060806274414 2.07102370262146 0.4874153435230255 63 70 78
-26.33704376220703 1.144834280014038 0.2392597198486328 90 104 87
-15.060519218444824 2.318842887878418 0.0202124435454607 82 88 74
-16.131784439086914 1.884203314781189 -0.13379934430122375 95 119 67
-25.966419219970703 2.0832788944244385 -0.46470746397972107 74 86 76
-24.250646591186523 1.0613504648208618 -0.6661587953567505 72 82 74
-14.450855255126953 2.230138063430786 -0.5152081847190857 95 125 63
-19.319290161132812 2.2643675804138184 -0.8703622221946716 60 101 67
-17.19060707092285 1.3879550695419312 -0.9373604655265808 74 108 73
-15.45518684387207 0.6839770674705505 -0.9906598329544067 92 127 61
-11.181538581848145 1.7319927215576172 -0.8122519850730896 96 142 77
-11.524699211120605 1.3581234216690063 -0.9467189908027649 100 136 38
-11.607789039611816 0.9412814974784851 -1.0596541166305542 91 123 76
-10.51919937133789 0.467555969953537 -1.0619442462921143 92 115 69
-9.116196632385254 1.4159868955612183 -1.0041662454605103 81 121 68
-9.01536750793457 1.067836880683899 -1.0765867233276367 89 110 54
-8.615612983703613 0.7027313113212585 -1.108424186706543 99 115 102
-7.915773868560791 0.35599222779273987 -1.0944405794143677 83 112 66
-7.450856685638428 1.1627763509750366 -1.101059913635254 88 140 68
-7.303928375244141 0.8680964708328247 -1.1455025672912598 68 63 67
-6.608530521392822 0.5416944622993469 -1.098060965538025 87 120 49
-6.111880779266357 0.2752941846847534 -1.0761399269104004 103 136 93
-6.251951217651367 0.9835016131401062 -1.164070963859558 77 78 72
-5.765140056610107 0.6883698105812073 -1.12459397315979 82 104 39
-5.348463535308838 0.44094547629356384 -1.094092607498169 73 95 74
-5.255297660827637 0.237263023853302 -1.126921534538269 69 105 43
-5.0405755043029785 0.7959140539169312 -1.1362673044204712 106 134 73
-4.929874897003174 0.5924776196479797 -1.155381679534912 83 110 67
-14.561981201171875 2.2719566822052 1.098078966140747 236 255 253
-33.626792907714844 4.01378870010376 0.9565964341163635 73 86 95
-26.133047103881836 2.1631219387054443 0.4902190566062927 85 87 86
-26.378358840942383 1.2277218103408813 0.2396681308746338 91 104 94
-14.868599891662598 2.3360133171081543 0.019964396953582764 84 87 78
-16.116992950439453 1.9326146841049194 -0.13372521102428436 94 117 63
-26.37240982055664 2.1973021030426025 -0.4720917046070099 92 110 86
-24.013622283935547 1.1248010396957397 -0.6597394943237305 90 98 87
-13.849641799926758 2.180878162384033 -0.49400967359542847 86 104 78
-15.979645729064941 1.9226523637771606 -0.7201687097549438 90 109 89
-17.27681541442871 1.4482790231704712 -0.9422990679740906 74 90 64
-15.450024604797363 0.731248140335083 -0.9904680848121643 91 132 66
-11.203758239746094 1.770648717880249 -0.8142567873001099 84 125 57
-11.286961555480957 1.3652290105819702 -0.9275292754173279 78 112 26
-11.581029891967773 0.9748844504356384 -1.0574795007705688 115 139 87
-10.534610748291016 0.5006291270256042 -1.063650131225586 89 109 82
-9.089225769042969 1.4403694868087769 -1.001677393913269 69 107 56
-9.006134986877441 1.0947716236114502 -1.0758802890777588 86 123 56
-8.667776107788086 0.7337620854377747 -1.1154193878173828 93 90 83
-7.935422897338867 0.38127416372299194 -1.0973137617111206 108 145 50
-7.415006637573242 1.1804958581924438 -1.09629225730896 92 129 77
-7.317904949188232 0.8925341963768005 -1.1481186151504517 86 82 79
-6.627480506896973 0.5637224316596985 -1.101491928100586 92 126 75
-6.147405624389648 0.2957952320575714 -1.0825495719909668 75 107 60
-6.233366966247559 1.0001846551895142 -1.1611765623092651 95 104 87
-5.795158386230469 0.7099934816360474 -1.1308691501617432 82 114 75
-5.38320779800415 0.460441917181015 -1.1014838218688965 76 104 63
-5.21547794342041 0.25150102376937866 -1.118543028831482 79 109 47
-5.048710823059082 0.8130817413330078 -1.138658046722412 101 128 93
-4.933834075927734 0.608314573764801 -1.1567414999008179 75 99 67
-26.473342895507812 1.3135497570037842 0.24056661128997803 90 103 94
-30.949077606201172 4.959766864776611 0.04157624766230583 104 122 84
-26.2629451751709 2.2693357467651367 -0.4702545702457428 82 94 72
-23.989091873168945 1.197421908378601 -0.6591634154319763 75 81 77
-14.067861557006836 2.2594923973083496 -0.5020383596420288 76 90 75
-19.502336502075195 2.407219409942627 -0.8792575597763062 89 112 66
-17.365798950195312 1.5094044208526611 -0.9474004507064819 82 104 65
-15.342059135437012 0.7733194231987 -0.9836941361427307 90 125 83
-11.168731689453125 1.8002513647079468 -0.8121087551116943 94 132 59
-11.327229499816895 1.4053728580474854 -0.9311883449554443 90 131 55
-11.415277481079102 0.9962104558944702 -1.0426185131072998 115 153 104
-10.521100997924805 0.5323431491851807 -1.0624459981918335 83 92 91
-9.052377700805664 1.4630138874053955 -0.9981065988540649 103 136 81
-8.991893768310547 1.121045470237732 -1.074584722518921 94 134 72
-8.732673645019531 0.766246497631073 -1.124068021774292 73 78 72
-7.902558326721191 0.4039994776248932 -1.0929354429244995 96 125 67
-7.401582717895508 1.2016535997390747 -1.0948474407196045 90 117 62
-7.333760738372803 0.9173111319541931 -1.1510423421859741 85 86 81
-6.632599353790283 0.5846590399742126 -1.1026356220245361 90 118 70
-6.1582722663879395 0.31525805592536926 -1.0846284627914429 91 117 54
-6.223474979400635 1.0181920528411865 -1.1599103212356567 94 102 87
-5.8416571617126465 0.7338882088661194 -1.1403770446777344 94 113 81
-5.3993377685546875 0.478512167930603 -1.1050794124603271 74 114 28
-5.224447250366211 0.26800164580345154 -1.1206376552581787 79 114 46
-5.062566757202148 0.8312557339668274 -1.142352819442749 100 123 71
-4.931944847106934 0.6234484910964966 -1.1567414999008179 79 88 85
-26.158123016357422 2.326885461807251 0.49094799160957336 69 81 95
-26.408273696899414 1.3915528059005737 0.2400130033493042 87 100 90
-14.205586433410645 2.3212502002716064 0.019092921167612076 96 115 83
-16.137569427490234 2.035599946975708 -0.13399705290794373 85 117 70
-26.33353614807129 2.3568506240844727 -0.4716458022594452 81 93 79
-24.11906623840332 1.2781020402908325 -0.662839412689209 79 96 78
-14.429718017578125 2.3630456924438477 -0.5152081847190857 66 83 64
-14.178620338439941 1.7942798137664795 -0.6394844651222229 81 110 62
-17.39092254638672 1.5653603076934814 -0.9490286111831665 95 121 73
-15.64156436920166 0.83653324842453 -1.0030574798583984 103 141 84
-11.148391723632812 1.832081913948059 -0.8110347390174866 87 130 25
-10.962968826293945 1.3943437337875366 -0.9015906453132629 97 141 43
-11.398282051086426 1.0299726724624634 -1.0413498878479004 92 128 58
-10.483651161193848 0.5626991987228394 -1.0588335990905762 103 116 96
-9.009592056274414 1.4844762086868286 -0.9938865303993225 77 110 55
-8.932266235351562 1.1414520740509033 -1.067872405052185 76 114 53
-8.73620891571045 0.7935727834701538 -1.124831199645996 91 101 90
-7.876553058624268 0.42690199613571167 -1.089514970779419 99 128 74
-7.405671119689941 1.2256481647491455 -1.0960032939910889 105 139 89
-7.325031757354736 0.9390525817871094 -1.1501190662384033 109 124 95
-6.632739543914795 0.6051841378211975 -1.1029623746871948 83 116 63
-6.195630073547363 0.3362313210964203 -1.0913846492767334 63 71 30
-6.192188739776611 1.032589316368103 -1.1546642780303955 88 104 57
-5.857879161834717 0.7541886568069458 -1.1439900398254395 84 108 72
-5.401747703552246 0.4954328238964081 -1.105878472328186 86 113 60
-5.24898624420166 0.2854090929031372 -1.1260837316513062 91 131 32
-5.072507858276367 0.8488779664039612 -1.1451783180236816 91 120 74
-4.9271111488342285 0.6382012367248535 -1.1560616493225098 65 97 60
-14.233489990234375 2.3550946712493896 1.0748974084854126 224 255 250
-14.327617645263672 2.3863437175750732 0.019266685470938683 92 112 84
-16.136205673217773 2.085740566253662 -0.13403823971748352 95 122 69
-26.288349151611328 2.434126615524292 -0.47096800804138184 89 109 81
-23.8126220703125 1.3351365327835083 -0.6545271873474121 86 92 78
-13.685064315795898 2.2842326164245605 -0.48886850476264954 74 87 67
-13.839180946350098 1.794479250907898 -0.6244204044342041 79 105 66
-17.4864559173584 1.6280567646026611 -0.9545099139213562 101 130 82
-15.642909049987793 0.8847423195838928 -1.0033130645751953 89 119 65
-11.12304401397705 1.8629807233810425 -0.8096026182174683 96 138 26
-11.09206485748291 1.4453572034835815 -0.9125678539276123 91 124 43
-11.381186485290527 1.0636398792266846 -1.040081262588501 105 135 99
-10.545450210571289 0.5984678864479065 -1.0652556419372559 87 91 102
-8.975584030151367 1.5071715116500854 -0.9906403422355652 88 129 61
-8.92576789855957 1.1684637069702148 -1.0675190687179565 90 121 61
-8.72583293914795 0.8196292519569397 -1.1238137483596802 89 102 85
-7.861360549926758 0.450271874666214 -1.0875993967056274 110 132 85
-7.409681797027588 1.2496792078018188 -1.0971591472625732 93 132 77
-7.325055122375488 0.9619069695472717 -1.150580644607544 101 112 104
-6.648531436920166 0.6271981000900269 -1.105903148651123 82 106 56
-6.213251113891602 0.35630902647972107 -1.09467613697052 64 104 31
-6.176386833190918 1.0494400262832642 -1.1523126363754272 92 104 92
-5.8448309898376465 0.7707449197769165 -1.141898274421692 94 121 80
-5.412883281707764 0.5132051706314087 -1.1084754467010498 83 113 61
-5.169989585876465 0.2970246374607086 -1.1093266010284424 79 115 67
-5.056408882141113 0.8621393442153931 -1.142135500907898 94 114 89
-4.906785011291504 0.6508809924125671 -1.1517555713653564 75 99 63
-14.101311683654785 2.3776938915252686 1.065461277961731 228 254 251
-26.385263442993164 1.5527423620224 0.23988594114780426 84 97 88
-15.217400550842285 2.582547903060913 0.020473754033446312 97 118 77
-29.82082176208496 3.9476473331451416 -0.24781133234500885 96 125 67
-26.129474639892578 2.500290632247925 -0.4682569205760956 95 111 75
-23.580896377563477 1.394729495048523 -0.6482723951339722 84 95 89
-13.92725658416748 2.3685991764068604 -0.49777752161026 74 95 54
-16.356914520263672 2.1719915866851807 -0.7383171319961548 95 131 67
-17.563875198364258 1.6896328926086426 -0.9590144157409668 84 122 75
-15.69491195678711 0.935997486114502 -1.0068278312683105 88 119 78
-11.25394344329834 1.9204185009002686 -0.8195552825927734 92 136 51
-10.892955780029297 1.4534125328063965 -0.8965493440628052 98 135 57
-11.146902084350586 1.0762516260147095 -1.0189679861068726 86 135 44
-10.60116958618164 0.6342645287513733 -1.071075677871704 105 116 102
-8.98267650604248 1.5367127656936646 -0.9919388294219971 94 130 66
-8.922141075134277 1.1958421468734741 -1.0675190687179565 75 101 40
-8.726239204406738 0.8466832637786865 -1.1241953372955322 86 100 83
-7.841155052185059 0.47325417399406433 -1.0849997997283936 97 125 67
-7.409714221954346 1.2730761766433716 -1.0977370738983154 100 131 64
-7.304442882537842 0.9820056557655334 -1.1478108167648315 94 108 83
-6.637738227844238 0.646731436252594 -1.1044327020645142 107 129 93
-6.210163116455078 0.37525051832199097 -1.094329595565796 71 104 77
-6.162477970123291 1.0665390491485596 -1.1503227949142456 100 115 86
-5.844384670257568 0.7889357209205627 -1.1422786712646484 90 109 81
-5.415184497833252 0.53019118309021 -1.1092745065689087 78 107 79
-5.150509357452393 0.3117620348930359 -1.1053466796875 92 131 50
-5.058548450469971 0.878483235836029 -1.1432222127914429 85 94 93
-4.900904178619385 0.6654075384140015 -1.1508489847183228 90 111 92
-13.993700981140137 2.4037246704101562 1.0578826665878296 236 254 254
-14.323787689208984 2.4663443565368652 0.5507405400276184 162 191 189
-14.380853652954102 1.9407098293304443 0.4098973274230957 115 144 152
-15.874539375305176 2.7442026138305664 0.02136910706758499 67 95 57
-14.441530227661133 1.9568547010421753 -0.1200585886836052 93 114 71
-26.11570930480957 2.579853057861328 -0.46814990043640137 85 103 79
-23.578502655029297 1.46719229221344 -0.6483272910118103 74 85 77
-13.847054481506348 2.398693323135376 -0.4951717257499695 70 83 76
-16.349184036254883 2.222029209136963 -0.7382724285125732 90 116 81
-13.77184772491455 1.3674975633621216 -0.7521893978118896 76 96 71
-15.825429916381836 0.9925147891044617 -1.0153911113739014 80 113 66
-11.143832206726074 1.9368315935134888 -0.8119655251502991 89 132 24
-10.636627197265625 1.4524387121200562 -0.8758147358894348 96 116 45
-10.975081443786621 1.0936572551727295 -1.003563404083252 92 131 50
-10.65279483795166 0.6701587438583374 -1.0764942169189453 66 70 82
-8.924053192138672 1.5548787117004395 -0.9859874248504639 61 96 28
-8.75216293334961 1.2004047632217407 -1.0476171970367432 85 92 84
-8.696952819824219 0.8707828521728516 -1.1207612752914429 88 97 78
-7.853506565093994 0.49818626046180725 -1.0869152545928955 106 126 77
-7.400899887084961 1.294950008392334 -1.0970146656036377 101 127 62
-7.301395893096924 1.004410743713379 -1.1478108167648315 85 105 56
-6.643575668334961 0.6678821444511414 -1.105739712715149 82 103 72
-6.214879989624023 0.3946757912635803 -1.0953691005706787 115 155 102
-6.137868404388428 1.0816850662231445 -1.1463431119918823 102 126 92
-5.838046550750732 0.8063250184059143 -1.141517996788025 71 95 69
-5.414506912231445 0.5469006896018982 -1.1094743013381958 103 130 63
-5.152455806732178 0.3277483284473419 -1.1059750318527222 62 114 48
-5.064479827880859 0.8955281376838684 -1.1451783180236816 79 97 97
-4.9007697105407715 0.6807082295417786 -1.1513023376464844 83 113 77
-13.991171836853027 2.4475045204162598 1.0582542419433594 236 255 255
-26.33033561706543 1.711690902709961 0.23947753012180328 78 94 83
-15.447482109069824 2.719212532043457 0.020805366337299347 86 109 67
-14.554317474365234 2.0176286697387695 -0.12104713171720505 101 125 75
-26.102697372436523 2.6594560146331787 -0.468060702085495 81 95 80
-23.715534210205078 1.5487735271453857 -0.6522228121757507 77 85 72
-13.774674415588379 2.429706573486328 -0.49284765124320984 77 82 62
-16.33932113647461 2.2717645168304443 -0.7381383180618286 83 107 71
-17.572050094604492 1.7993035316467285 -0.9600454568862915 91 121 87
-15.851189613342285 1.0429619550704956 -1.0172444581985474 84 118 68
-11.170248985290527 1.9767470359802246 -0.8143283724784851 96 132 42
-10.205690383911133 1.425502061843872 -0.8406878113746643 89 130 52
-10.888457298278809 1.1187727451324463 -0.9959516525268555 78 111 40
-10.67948055267334 0.7047378420829773 -1.0794042348861694 93 105 91
-8.933924674987793 1.5848547220230103 -0.9876105785369873 86 119 64
-8.756305694580078 1.2283539772033691 -1.0485591888427734 67 99 52
-8.68338680267334 0.8963403701782227 -1.119362235069275 83 114 73
-7.856883525848389 0.5226068496704102 -1.0875993967056274 93 124 80
-7.333570957183838 1.3063697814941406 -1.0876235961914062 81 120 67
-7.26892614364624 1.0226765871047974 -1.143194317817688 84 108 72
-6.7612152099609375 0.7006678581237793 -1.1256718635559082 96 114 74
-6.236241817474365 0.4152458906173706 -1.0993534326553345 92 122 84
-6.129680633544922 1.099642276763916 -1.145438551902771 96 118 95
-5.847210884094238 0.8258797526359558 -1.143799901008606 105 121 92
-5.418651103973389 0.5641183257102966 -1.1106728315353394 85 117 76
-5.128986358642578 0.3420577645301819 -1.1011574268341064 83 111 73
-5.095332145690918 0.9171134233474731 -1.152785301208496 109 117 96
-4.918908596038818 0.6986164450645447 -1.1560616493225098 85 122 45
-13.94825267791748 2.4841227531433105 1.055579423904419 228 254 253
-13.83324146270752 2.4693691730499268 0.532451868057251 159 201 187
-26.378833770751953 1.7961314916610718 0.23996762931346893 77 94 78
-15.323901176452637 2.745954990386963 0.020650172606110573 101 124 72
-14.556970596313477 2.0635342597961426 -0.12112127989530563 95 113 71
-16.052213668823242 1.6852436065673828 -0.28793174028396606 77 95 73
-23.953014373779297 1.6380977630615234 -0.6588890552520752 74 87 77
-13.592065811157227 2.4405171871185303 -0.48657965660095215 79 80 72
-16.01775550842285 2.2771685123443604 -0.7239236235618591 95 124 80
-17.56843376159668 1.8534148931503296 -0.9601540565490723 84 107 51
-16.00720977783203 1.1025599241256714 -1.027469277381897 96 126 64
-11.078730583190918 1.9956239461898804 -0.8080990314483643 96 140 45
-10.396631240844727 1.4847049713134766 -0.8567876219749451 101 143 57
-10.647289276123047 1.127013921737671 -0.9742040634155273 85 130 47
-10.67131233215332 0.7370873093605042 -1.0788021087646484 91 95 81
-8.89477825164795 1.6060733795166016 -0.9838231801986694 83 127 29
-8.775104522705078 1.258454442024231 -1.0512677431106567 82 111 63
-8.679609298706055 0.9228715300559998 -1.1192350387573242 98 115 73
-7.879948139190674 0.5484284162521362 -1.0910199880599976 93 121 83
-7.28084659576416 1.3200366497039795 -1.080399751663208 85 115 53
-7.247171878814697 1.0422999858856201 -1.1402705907821655 84 111 80
-6.827703475952148 0.728736937046051 -1.137108325958252 102 116 93
-6.2653961181640625 0.43649837374687195 -1.1047238111495972 93 110 76
-6.121440410614014 1.117559552192688 -1.1445341110229492 93 117 85
-5.830074310302734 0.8417105674743652 -1.1409475803375244 72 87 58
-5.423714637756348 0.5814710259437561 -1.11207115650177 81 105 79
-5.128888130187988 0.35785973072052 -1.1013668775558472 81 112 53
-5.079052925109863 0.9302793741226196 -1.149742603302002 93 95 90
-4.908066749572754 0.7124448418617249 -1.1540218591690063 76 99 70
-13.964116096496582 2.531172513961792 1.0573625564575195 232 255 253
-26.17570686340332 1.8629961013793945 0.23817065358161926 84 106 83
-15.465922355651855 2.820403814315796 0.02085311897099018 92 113 72
-13.829129219055176 2.003657341003418 -0.11511587351560593 102 124 78
-26.712141036987305 2.8872594833374023 -0.47929760813713074 81 87 85
-23.958843231201172 1.7123607397079468 -0.659190833568573 61 67 57
-13.852901458740234 2.5312461853027344 -0.49619293212890625 82 94 94
-9.263365745544434 1.3459357023239136 -0.4188431203365326 100 136 64
-15.08193302154541 1.6378979682922363 -0.8245320320129395 92 119 86
-16.01370620727539 1.1523804664611816 -1.0281083583831787 92 134 71
-11.057839393615723 2.0269062519073486 -0.8070250153541565 93 126 45
-10.448243141174316 1.5247983932495117 -0.8614224195480347 89 134 41
-10.63883113861084 1.1591346263885498 -0.9737509489059448 89 117 76
-10.660069465637207 0.7691785097122192 -1.0778990983963013 73 87 64
-8.83896541595459 1.6240129470825195 -0.978196382522583 95 139 60
-8.750568389892578 1.282346487045288 -1.0487947463989258 93 126 71
-8.664905548095703 0.948201060295105 -1.117708683013916 91 121 61
-7.8989763259887695 0.5741091370582581 -1.09389328956604 96 128 55
-7.322497844696045 1.3508046865463257 -1.0871901512145996 75 95 44
-7.2195000648498535 1.060937523841858 -1.1364234685897827 70 97 64
-6.843087196350098 0.7516193985939026 -1.1400490999221802 104 120 93
-6.198214530944824 0.45093029737472534 -1.0931169986724854 82 116 66
-6.1112141609191895 1.1350773572921753 -1.1432677507400513 89 119 59
-5.83620548248291 0.8608824014663696 -1.1426589488983154 52 55 62
-5.434566497802734 0.5995047092437744 -1.1146680116653442 98 123 66
-5.129716396331787 0.37373533844947815 -1.1017857789993286 85 116 98
-5.1078410148620605 0.9517577290534973 -1.1569148302078247 90 96 86
-4.882735729217529 0.7240703701972961 -1.1485826969146729 81 117 73
-12.983789443969727 2.3857383728027344 1.9609147310256958 212 253 247
-11.51944351196289 2.1293492317199707 0.4438866078853607 153 174 205
-15.3191499710083 2.2590789794921875 0.43739885091781616 71 82 86
-15.459162712097168 2.868204116821289 0.020855771377682686 107 131 79
-14.072192192077637 2.082973003387451 -0.11719181388616562 98 119 78
-26.277847290039062 2.9219062328338623 -0.4716636538505554 93 104 87
-24.22163200378418 1.8058496713638306 -0.6665703058242798 64 66 61
-11.363157272338867 2.1123580932617188 -0.4072437286376953 95 111 85
-9.230535507202148 1.3700952529907227 -0.417546808719635 69 87 37
-15.529351234436035 1.7347090244293213 -0.8492794036865234 89 114 84
-16.03696632385254 1.2035208940505981 -1.0298337936401367 90 128 81
-10.942729949951172 2.0405261516571045 -0.7990772128105164 92 118 19
-10.350852012634277 1.5430322885513306 -0.8537790775299072 76 117 49
-10.620380401611328 1.1901051998138428 -0.9723917841911316 75 122 42
-10.671548843383789 0.802924633026123 -1.0793038606643677 89 100 84
-8.453808784484863 1.5800734758377075 -0.9361036419868469 71 107 46
-8.734807968139648 1.3074227571487427 -1.0473816394805908 102 126 64
-8.656042098999023 0.9741146564483643 -1.1169456243515015 90 119 55
-7.9050798416137695 0.5989388823509216 -1.0949878692626953 77 103 66
-7.340687274932861 1.3774607181549072 -1.0905131101608276 89 123 63
-7.200577259063721 1.0807350873947144 -1.1339614391326904 95 121 56
-6.828004837036133 0.7711707949638367 -1.137925148010254 89 94 90
-6.233137607574463 0.4726996123790741 -1.0995266437530518 104 136 86
-6.106736660003662 1.153638482093811 -1.1430869102478027 85 102 68
-5.889843463897705 0.8872658014297485 -1.1536881923675537 62 62 70
-5.449252605438232 0.6180521249771118 -1.1180639266967773 92 106 83
-5.1324462890625 0.38976752758026123 -1.102623701095581 90 121 87
-5.1231184005737305 0.9708770513534546 -1.1610443592071533 78 84 74
-4.850637912750244 0.7345263957977295 -1.1415570974349976 108 130 91
-13.140728950500488 2.456275701522827 1.9857456684112549 212 253 249
-11.55410385131836 2.172435760498047 0.4454769194126129 195 242 248
-26.08901023864746 2.017788887023926 0.2374899834394455 83 100 84
-14.80272102355957 2.7934160232543945 0.019981641322374344 100 115 82
-13.884796142578125 2.098785877227783 -0.11568428575992584 103 126 70
-26.071077346801758 2.97991681098938 -0.4681141972541809 76 87 73
-24.283748626708984 1.8854138851165771 -0.6684357523918152 90 111 94
-11.606045722961426 2.194368600845337 -0.41618791222572327 102 116 93
-14.39897632598877 2.182420253753662 -0.6516429781913757 90 109 87
-13.914916038513184 1.5976064205169678 -0.7612525820732117 99 122 76
-16.052101135253906 1.25419282913208 -1.0310479402542114 93 122 74
-10.915839195251465 2.070185422897339 -0.7975735664367676 83 128 61
-9.817926406860352 1.4943920373916626 -0.8101956844329834 82 110 62
-10.52664852142334 1.2123138904571533 -0.9641457200050354 102 139 46
-10.669035911560059 0.8356606960296631 -1.0793038606643677 90 114 78
-8.677454948425293 1.6494425535202026 -0.9614242911338806 81 120 37
-8.69934368133545 1.3294143676757812 -1.0436131954193115 84 122 49
-8.64217472076416 0.9994130730628967 -1.115546703338623 100 129 49
-7.879504680633545 0.6213196516036987 -1.0917041301727295 84 115 74
-7.312127590179443 1.3953382968902588 -1.0869011878967285 75 102 31
-7.183554172515869 1.1007258892059326 -1.1318070888519287 75 115 62
-6.845206260681152 0.7943897247314453 -1.1411926746368408 85 98 78
-6.216930866241455 0.49065807461738586 -1.0969281196594238 73 100 47
-6.100271224975586 1.1718116998672485 -1.1425442695617676 95 113 71
-5.915233612060547 0.9096587896347046 -1.1592026948928833 82 90 77
-5.454143524169922 0.6355611681938171 -1.119462251663208 82 110 59
-5.1205034255981445 0.40466439723968506 -1.100319504737854 83 119 73
-5.124907493591309 0.9875133633613586 -1.1621309518814087 69 82 64
-4.864725112915039 0.751933753490448 -1.1454098224639893 74 90 61
-13.169086456298828 2.5034143924713135 1.9911820888519287 225 255 244
-13.173087120056152 2.509892463684082 1.4937527179718018 213 255 253
-14.103218078613281 2.696551561355591 0.5440763235092163 159 179 177
-26.03584861755371 2.0940513610839844 0.2370634227991104 83 101 77
-14.514187812805176 2.7851085662841797 0.019603602588176727 77 92 69
-15.102760314941406 2.330305337905884 -0.12589100003242493 96 116 65
-16.151472091674805 1.896325945854187 -0.29010775685310364 81 96 75
-24.409372329711914 1.9705240726470947 -0.6720569133758545 88 102 79
-11.024154663085938 2.1194007396698 -0.3955528438091278 80 79 84
-13.983489036560059 2.1633527278900146 -0.6331369876861572 73 81 68
-15.193151473999023 1.7916070222854614 -0.8314786553382874 92 106 71
-16.03922462463379 1.3027069568634033 -1.030472755432129 123 158 90
-10.806600570678711 2.0838351249694824 -0.7900553345680237 85 102 58
-10.322476387023926 1.6036077737808228 -0.8522341251373291 87 104 60
-10.329036712646484 1.2216765880584717 -0.9463851451873779 93 130 60
-10.670388221740723 0.8687118291854858 -1.0797052383422852 102 125 81
-8.618671417236328 1.6656818389892578 -0.9554729461669922 86 125 32
-8.670695304870605 1.3522716760635376 -1.0406692028045654 80 120 60
-8.605579376220703 1.0219452381134033 -1.111222267150879 84 115 56
-8.034540176391602 0.6583535671234131 -1.1134588718414307 96 110 95
-7.281584739685059 1.4126766920089722 -1.0830003023147583 81 118 64
-7.152808666229248 1.1184852123260498 -1.1274982690811157 89 125 63
-6.894657611846924 0.8215736746788025 -1.149851679801941 88 101 92
-6.1938018798828125 0.5079580545425415 -1.0931169986724854 85 123 74
-6.080237865447998 1.187317132949829 -1.1394689083099365 76 114 65
-5.92405366897583 0.9296286106109619 -1.1614845991134644 71 68 75
-5.503732204437256 0.6584603190422058 -1.1300495862960815 99 136 85
-5.1416521072387695 0.42221254110336304 -1.1051372289657593 88 114 51
-5.124727725982666 1.0037946701049805 -1.162783145904541 47 45 59
-4.893182277679443 0.7717104554176331 -1.1526621580123901 89 112 68
-14.25898551940918 2.7657666206359863 1.0821787118911743 191 224 207
-14.106650352478027 2.7420949935913086 0.5445306897163391 151 188 157
-33.61007308959961 4.0322465896606445 0.6328343749046326 59 68 83
-25.842960357666016 2.158355474472046 0.23536629974842072 87 103 92
-14.5252046585083 2.83345365524292 0.019630132243037224 100 117 83
-14.926627159118652 2.3500354290008545 -0.12448232620954514 106 122 85
-25.542076110839844 3.0783371925354004 -0.4589463472366333 77 88 80
-24.40121841430664 2.0452346801757812 -0.6720020771026611 81 87 75
-11.28242301940918 2.204967737197876 -0.40506047010421753 73 84 78
-13.716275215148926 2.165121555328369 -0.6213361024856567 80 96 69
-14.11897087097168 1.7088723182678223 -0.7729750275611877 85 107 86
-16.041118621826172 1.3524115085601807 -1.0308562517166138 88 115 70
-10.576009750366211 2.0730435848236084 -0.7736585140228271 84 106 70
-10.481903076171875 1.6613248586654663 -0.8658133149147034 82 121 58
-10.382580757141113 1.2603204250335693 -0.9516409039497375 93 133 60
-10.580428123474121 0.894071638584137 -1.0708749294281006 89 114 82
-8.374526023864746 1.6451655626296997 -0.928961992263794 85 120 64
-8.625314712524414 1.372313141822815 -1.035723090171814 87 120 65
-8.554158210754395 1.0424625873565674 -1.1049902439117432 97 127 75
-8.046300888061523 0.6841750741004944 -1.1153743267059326 88 100 80
-7.198580741882324 1.4195032119750977 -1.0712977647781372 88 119 52
-7.114216327667236 1.1348211765289307 -1.1219584941864014 99 137 80
-6.919524669647217 0.8460750579833984 -1.1544263362884521 99 107 92
-6.251093864440918 0.5319686532020569 -1.103511095046997 78 118 65
-6.071743011474609 1.2050081491470337 -1.1385644674301147 64 91 36
-5.925051689147949 0.9484196901321411 -1.162245273590088 67 76 73
-5.521137237548828 0.6777300238609314 -1.1340447664260864 80 118 43
-5.143255710601807 0.43823400139808655 -1.1057655811309814 86 112 77
-5.13215446472168 1.0216084718704224 -1.1651737689971924 68 85 75
-4.896561145782471 0.7876468896865845 -1.1540218591690063 70 102 53
-14.786598205566406 2.915205478668213 1.1228951215744019 152 179 190
-14.612846374511719 2.8870444297790527 0.564409613609314 190 225 227
-14.71458625793457 2.9172863960266113 0.019898073747754097 67 79 69
-15.046710014343262 2.416271209716797 -0.12554500997066498 95 117 71
-25.421375274658203 3.142944574356079 -0.4569486975669861 70 80 82
-24.40279769897461 2.120779514312744 -0.6722215414047241 78 85 77
-10.77176570892334 2.139498233795166 -0.3869607448577881 53 53 53
-13.4955415725708 2.1727347373962402 -0.6116361021995544 85 96 82
-13.845123291015625 1.7188421487808228 -0.7582677006721497 117 140 94
-16.036893844604492 1.4016185998916626 -1.0308562517166138 83 116 61
-10.629270553588867 2.1173672676086426 -0.7780262231826782 92 120 80
-10.542678833007812 1.70413076877594 -0.8712611794471741 88 124 37
-10.383606910705566 1.2927830219268799 -0.9520939588546753 93 126 71
-10.51122760772705 0.9207108616828918 -1.0641518831253052 101 138 71
-8.535170555114746 1.7039366960525513 -0.9473572969436646 99 134 70
-8.596559524536133 1.3947927951812744 -1.0327790975570679 73 104 37
-8.494818687438965 1.0616899728775024 -1.097740650177002 90 126 82
-8.059951782226562 0.7102488279342651 -1.1175634860992432 77 96 77
-7.172846794128418 1.4373043775558472 -1.0681191682815552 76 116 53
-7.091196060180664 1.153469204902649 -1.1188808679580688 100 123 51
-6.928643226623535 0.8687728047370911 -1.1563868522644043 76 86 77
-6.269053936004639 0.5528746843338013 -1.106975793838501 84 122 75
-6.018848896026611 1.2137153148651123 -1.1293387413024902 74 104 66
-5.870760440826416 0.9582112431526184 -1.1521668434143066 95 108 91
-5.5268096923828125 0.6956444382667542 -1.1356430053710938 107 145 96
-5.204224586486816 0.45951542258262634 -1.119171380996704 78 104 57
-5.133779525756836 1.0383163690567017 -1.1662604808807373 74 72 86
-4.886432647705078 0.801404595375061 -1.1522088050842285 83 98 67
-13.03781795501709 2.6030168533325195 1.9748729467391968 228 253 247
-15.10727310180664 3.0227670669555664 1.716160535812378 201 250 255
-19.59523582458496 3.925729513168335 1.4889709949493408 179 229 220
-13.78976058959961 2.7684130668640137 0.5329441428184509 144 176 189
-26.4616641998291 2.3736138343811035 0.2411293089389801 89 105 69
-13.316473960876465 2.6825854778289795 0.01801849529147148 90 102 100
-15.853357315063477 2.5957229137420654 -0.13234123587608337 97 120 76
-25.40467071533203 3.220041275024414 -0.45682382583618164 76 81 75
-24.14926528930664 2.173414468765259 -0.6654180884361267 78 80 75
-11.005160331726074 2.2209722995758057 -0.3955880403518677 80 84 96
-13.445436477661133 2.2070083618164062 -0.6096692681312561 65 78 68
-13.255367279052734 1.6869348287582397 -0.7262480854988098 92 118 83
-16.031524658203125 1.4507226943969727 -1.0307923555374146 79 112 59
-10.6364107131958 2.1527373790740967 -0.7790286540985107 64 72 61
-10.477412223815918 1.7265815734863281 -0.8663011193275452 84 134 73
-10.269938468933105 1.310639500617981 -0.9420356750488281 102 144 78
-10.48358154296875 0.9507080912590027 -1.061643362045288 98 140 74
-8.483138084411621 1.7206287384033203 -0.942163348197937 88 129 61
-8.60203742980957 1.4227806329727173 -1.03395676612854 88 129 51
-8.477747917175293 1.085982322692871 -1.095960021018982 100 132 67
-8.09719467163086 0.738572359085083 -1.1230363845825195 74 79 72
-7.158707141876221 1.4573297500610352 -1.0666744709014893 86 124 65
-7.048632621765137 1.168753981590271 -1.1127256155014038 105 129 81
-6.9318156242370605 0.8907799124717712 -1.1573671102523804 83 94 90
-6.303618431091309 0.5754179358482361 -1.113385558128357 110 136 71
-6.0025715827941895 1.2296093702316284 -1.126987099647522 109 151 79
-5.9636688232421875 0.9921687245368958 -1.1709924936294556 75 86 72
-5.539226055145264 0.7144773602485657 -1.1386393308639526 87 111 79
-5.21837043762207 0.47690343856811523 -1.1225228309631348 78 106 66
-5.115272045135498 1.0509188175201416 -1.162783145904541 77 78 83
-4.8945183753967285 0.8181585669517517 -1.154701828956604 76 102 55
-12.943492889404297 2.6255030632019043 1.9617961645126343 223 255 252
-13.621198654174805 2.772378444671631 1.035667061805725 86 122 148
-13.859532356262207 2.8266818523406982 0.535973310470581 101 127 126
-12.614557266235352 2.58148193359375 0.017079368233680725 95 115 87
-14.827431678771973 2.474477767944336 -0.12383977323770523 91 111 60
-25.79920768737793 3.3505032062530518 -0.46410101652145386 79 87 76
-24.115612030029297 2.2449915409088135 -0.6646774411201477 76 84 69
-12.112418174743652 2.483128070831299 -0.4356609880924225 74 82 67
-13.3282470703125 2.229785919189453 -0.6046628355979919 97 114 82
-13.549153327941895 1.7665815353393555 -0.7426378130912781 95 128 81
-15.892861366271973 1.4873464107513428 -1.022165060043335 86 112 67
-10.620964050292969 2.183551549911499 -0.7783842086791992 78 103 73
-10.445527076721191 1.754260778427124 -0.864105761051178 98 140 56
-10.09602165222168 1.3199355602264404 -0.9264498949050903 88 127 60
-10.419198036193848 0.977107048034668 -1.0554219484329224 101 129 71
-8.309371948242188 1.7119423151016235 -0.9234434366226196 97 133 46
-8.617215156555176 1.4524656534194946 -1.0363118648529053 89 104 75
-8.459624290466309 1.1100507974624634 -1.0940521955490112 102 137 71
-8.17674732208252 0.771130383014679 -1.1343926191329956 81 91 83
-7.128039360046387 1.473875641822815 -1.062773585319519 87 125 66
-7.02650260925293 1.1872456073760986 -1.1098017692565918 93 130 76
-6.932962894439697 0.9125572443008423 -1.1580206155776978 87 108 99
-6.326335906982422 0.5970678925514221 -1.1177164316177368 99 150 83
-5.978549957275391 1.2438123226165771 -1.1231882572174072 75 106 46
-5.945109844207764 1.0078349113464355 -1.167949914932251 110 125 96
-5.546721935272217 0.7327513098716736 -1.140636920928955 97 123 78
-5.186704635620117 0.49005961418151855 -1.1160293817520142 64 100 62
-5.099602222442627 1.0640156269073486 -1.1599576473236084 111 122 124
-4.87950325012207 0.8310450315475464 -1.1517555713653564 87 112 73
-13.616535186767578 2.814962148666382 1.0359642505645752 194 235 229
-14.425519943237305 2.4389309883117676 0.9491723775863647 204 253 249
-14.069002151489258 2.9143905639648438 0.5444170832633972 202 244 242
-15.661293029785156 3.2550675868988037 0.021217891946434975 102 116 63
-14.795125007629395 2.5157651901245117 -0.12363381683826447 79 92 72
-14.824105262756348 1.9714488983154297 -0.2667778432369232 80 94 69
-24.111595153808594 2.31925368309021 -0.6647596955299377 87 96 75
-10.963930130004883 2.2827529907226562 -0.39460209012031555 109 126 94
-13.398158073425293 2.283759117126465 -0.6081494688987732 72 84 72
-13.767352104187012 1.8380039930343628 -0.7549029588699341 99 124 84
-14.176724433898926 1.370627760887146 -0.9120562672615051 75 106 62
-10.617143630981445 2.2167375087738037 -0.7785990238189697 93 116 28
-10.428306579589844 1.784281849861145 -0.8631299734115601 95 136 18
-10.062311172485352 1.3469394445419312 -0.9237313866615295 91 128 59
-10.344847679138184 1.0021605491638184 -1.0481970310211182 82 117 63
-8.279754638671875 1.7323373556137085 -0.9207382798194885 89 125 64
-8.536378860473633 1.465787649154663 -1.027126431465149 92 131 52
-8.45421314239502 1.135735273361206 -1.0937978029251099 86 116 62
-8.189132690429688 0.7976531982421875 -1.1364450454711914 79 89 65
-7.075064182281494 1.4855704307556152 -1.0555496215820312 81 120 41
-6.977059841156006 1.2009193897247314 -1.102569341659546 85 111 46
-6.932085990905762 0.9340864419937134 -1.1583473682403564 78 82 68
-6.329375743865967 0.6169517636299133 -1.1185826063156128 110 149 105
-5.9496870040893555 1.2568632364273071 -1.1184848546981812 80 100 47
-5.945859432220459 1.0267376899719238 -1.1687105894088745 65 75 66
-5.54930305480957 0.7504215240478516 -1.141635775566101 132 157 115
-5.27081823348999 0.5143267512321472 -1.1344623565673828 125 167 131
-5.106817245483398 1.0818811655044556 -1.1623483896255493 76 86 77
-4.881728649139404 0.8468436002731323 -1.1528887748718262 87 96 53
-13.137300491333008 2.754592180252075 1.4951918125152588 200 244 255
-16.058921813964844 2.7605996131896973 1.6519718170166016 218 254 252
-13.224281311035156 2.7762033939361572 1.00676429271698 15 34 51
-19.32100486755371 4.0642008781433105 0.7481286525726318 144 154 163
-11.460546493530273 2.4186806678771973 0.015536707825958729 86 95 90
-14.566630363464355 2.522918224334717 -0.12178853899240494 103 125 78
-14.77736759185791 2.0113906860351562 -0.26604655385017395 70 88 74
-24.10337257385254 2.3931174278259277 -0.6647322773933411 102 121 89
-11.402738571166992 2.4106385707855225 -0.41065943241119385 74 83 82
-13.400931358337402 2.3265621662139893 -0.6085964441299438 76 92 66
-13.570707321166992 1.8541449308395386 -0.7444287538528442 99 129 79
-13.594512939453125 1.3564485311508179 -0.8748633861541748 91 116 76
-10.509791374206543 2.227994441986084 -0.7712240815162659 88 113 83
-10.414928436279297 1.814898133277893 -0.8624794483184814 77 123 33
-9.998931884765625 1.369694471359253 -0.9182944893836975 84 127 48
-10.283313751220703 1.028053879737854 -1.0422767400741577 94 132 71
-8.244256019592285 1.751327395439148 -0.9173838496208191 91 125 48
-8.510321617126465 1.4882067441940308 -1.0245356559753418 74 107 54
-8.438897132873535 1.160046100616455 -1.0922715663909912 101 136 70
-8.191575050354004 0.8232686519622803 -1.1371290683746338 77 82 78
-7.0395050048828125 1.5006675720214844 -1.0509264469146729 89 129 15
-6.95582389831543 1.2192482948303223 -1.099799394607544 82 116 66
-6.932119846343994 0.9557536840438843 -1.1588375568389893 94 115 84
-6.327453136444092 0.63636714220047 -1.1185826063156128 80 113 66
-5.912146091461182 1.2678927183151245 -1.1121535301208496 81 102 69
-5.943648338317871 1.0451445579528809 -1.168900728225708 68 77 72
-5.549886703491211 0.7678459286689758 -1.1422351598739624 103 142 89
-5.247811317443848 0.5283400416374207 -1.1298540830612183 91 120 38
-5.11683464050293 1.1004167795181274 -1.165391206741333 97 108 91
-4.872393608093262 0.8606306910514832 -1.1513023376464844 90 111 70
-19.749710083007812 4.195712566375732 2.999114990234375 205 226 219
-13.132676124572754 2.7957115173339844 1.4956345558166504 202 245 252
-14.861082077026367 3.1674540042877197 1.1321083307266235 146 185 214
-14.094773292541504 2.4720616340637207 0.9283904433250427 204 250 250
-13.898405075073242 2.968104839324951 0.538510262966156 134 157 171
-11.366046905517578 2.4351844787597656 0.01541865337640047 93 97 80
-14.705552101135254 2.5934736728668213 -0.12301598489284515 101 129 80
-14.839457511901855 2.0662317276000977 -0.26727724075317383 77 85 72
-24.112821578979492 2.468785047531128 -0.6651986837387085 96 109 91
-11.842814445495605 2.541656255722046 -0.42678719758987427 71 75 61
-13.028759956359863 2.303147315979004 -0.5920125842094421 94 87 77
-13.55012035369873 1.8936975002288818 -0.743614673614502 107 136 72
-13.5555419921875 1.3945749998092651 -0.8726267218589783 77 96 64
-10.506806373596191 2.2610669136047363 -0.7715104818344116 65 93 45
-10.22579574584961 1.8142825365066528 -0.8472740054130554 82 129 57
-9.812225341796875 1.3748000860214233 -0.9015306234359741 117 149 66
-10.195985794067383 1.0509268045425415 -1.0337475538253784 95 127 52
-8.205802917480469 1.7694871425628662 -0.9137047529220581 88 117 37
-8.498872756958008 1.51309072971344 -1.0237113237380981 77 117 55
-8.419583320617676 1.1837214231491089 -1.0902366638183594 86 115 61
-8.18506908416748 0.8479877710342407 -1.1365817785263062 75 92 84
-6.9758734703063965 1.5094918012619019 -1.0421133041381836 74 119 24
-6.881042003631592 1.227911353111267 -1.0885659456253052 93 128 62
-6.927201271057129 0.9767411351203918 -1.1585108041763306 82 98 87
-6.331348896026611 0.6563858389854431 -1.119621992111206 81 101 73
-5.909189224243164 1.2862341403961182 -1.1123344898223877 87 120 65
-5.936548233032227 1.0626825094223022 -1.1681400537490845 113 131 115
-5.546534538269043 0.7847318649291992 -1.1420353651046753 107 141 91
-5.180029392242432 0.5375741720199585 -1.1156104803085327 90 112 91
-5.112480163574219 1.1159015893936157 -1.1651737689971924 89 102 93
-4.875482082366943 0.8766090869903564 -1.1526621580123901 87 106 84
-13.351214408874512 2.8792266845703125 2.0287959575653076 214 255 252
-13.22278118133545 2.356675386428833 1.361681580543518 221 255 250
-13.482834815979004 2.9169702529907227 1.027791142463684 82 96 133
-11.452610969543457 2.482550621032715 0.444038063287735 171 206 208
-11.427901268005371 2.485130786895752 0.015512831509113312 90 98 87
-14.707368850708008 2.6403443813323975 -0.12309835851192474 103 117 82
-26.64702606201172 3.7936787605285645 -0.48015373945236206 85 97 83
-24.493831634521484 2.5837526321411133 -0.6759250164031982 69 79 71
-12.15817642211914 2.6483826637268066 -0.43844282627105713 89 93 70
-12.769930839538574 2.2978169918060303 -0.580569326877594 93 80 108
-13.361376762390137 1.9091304540634155 -0.7335745692253113 79 101 62
-13.838995933532715 1.4666568040847778 -0.8911592364311218 93 107 82
-10.465714454650879 2.285841464996338 -0.7690044045448303 70 95 56
-10.127985000610352 1.8289965391159058 -0.839630663394928 50 120 66
-9.85035228729248 1.4109691381454468 -0.905427098274231 82 120 63
-10.088828086853027 1.0711727142333984 -1.0232113599777222 96 128 61
-8.167317390441895 1.7874277830123901 -0.9100257158279419 98 132 56
-8.428722381591797 1.5272948741912842 -1.0158212184906006 100 140 80
-8.396275520324707 1.2067245244979858 -1.0876928567886353 95 122 79
-8.179473876953125 0.8727800250053406 -1.1361713409423828 89 96 78
-6.9161200523376465 1.5187885761260986 -1.0338780879974365 92 131 66
-6.851965427398682 1.244425654411316 -1.0845650434494019 93 120 69
-6.906595706939697 0.9954555630683899 -1.1555699110031128 85 97 87
-6.346932888031006 0.677689254283905 -1.1227402687072754 96 121 81
-5.896572113037109 1.3024481534957886 -1.1107064485549927 89 123 62
-5.94002103805542 1.0821222066879272 -1.1694711446762085 86 101 78
-5.542160987854004 0.8014642000198364 -1.141635775566101 98 129 62
-5.167660713195801 0.5523205995559692 -1.1133062839508057 78 105 54
-5.118563175201416 1.1336920261383057 -1.1673473119735718 104 117 107
-4.88522481918335 0.893841564655304 -1.1556084156036377 124 133 86
-13.211871147155762 2.8916234970092773 2.008960485458374 132 170 171
-14.90539836883545 3.2688217163085938 1.69977605342865 190 229 244
-13.281937599182129 2.9161911010742188 1.013154149055481 161 222 241
-11.433229446411133 2.515098810195923 0.4435836970806122 145 193 169
-13.99213981628418 2.5484557151794434 0.40173718333244324 195 233 234
-11.488577842712402 2.535263776779175 0.015605682507157326 90 105 84
-14.643129348754883 2.6752097606658936 -0.12262880057096481 102 110 95
-14.872014045715332 2.1638681888580322 -0.26809772849082947 78 98 71
-24.515602111816406 2.662123680114746 -0.6767479777336121 86 92 78
-10.576964378356934 2.337963819503784 -0.3816787600517273 77 76 74
-12.874844551086426 2.3574962615966797 -0.5856651067733765 73 74 69
-13.346564292907715 1.948815107345581 -0.7330861687660217 96 118 79
-13.085416793823242 1.427402377128601 -0.8429107666015625 84 96 76
-10.334979057312012 2.290529727935791 -0.7599110007286072 65 95 57
-10.287992477416992 1.8905028104782104 -0.8533725142478943 88 132 35
-9.802620887756348 1.434836745262146 -0.9014400839805603 107 142 48
-10.017248153686523 1.094662070274353 -1.0162875652313232 73 117 28
-8.114240646362305 1.8019160032272339 -0.9047234654426575 94 132 31
-8.344893455505371 1.5385621786117554 -1.0062824487686157 81 119 44
-8.365056037902832 1.2284431457519531 -1.0841317176818848 87 120 73
-8.174788475036621 0.8976538181304932 -1.1358976364135742 76 82 72
-6.727921962738037 1.4991111755371094 -1.006427526473999 93 127 40
-6.855888366699219 1.2668776512145996 -1.0857961177825928 86 117 57
-6.891796588897705 1.0149152278900146 -1.1536093950271606 122 144 121
-6.359508514404297 0.6987717151641846 -1.1253387928009033 108 135 80
-5.921339511871338 1.3269845247268677 -1.116133213043213 80 108 68
-5.939569473266602 1.1008776426315308 -1.1700416803359985 95 115 90
-5.548400402069092 0.8197524547576904 -1.143433690071106 123 147 71
-5.230091094970703 0.5752275586128235 -1.1271309852600098 104 126 77
-5.112203598022461 1.1487481594085693 -1.166695237159729 116 121 101
-4.897779941558838 0.9116767644882202 -1.1592345237731934 98 116 102
-12.795644760131836 2.346867799758911 2.289405107498169 198 245 253
-19.600175857543945 4.3528594970703125 2.982365131378174 220 255 254
-13.414889335632324 2.9851112365722656 1.5308390855789185 192 240 240
-13.297262191772461 2.9623467922210693 1.0150115489959717 106 160 184
-13.974278450012207 2.5837202072143555 0.9219810366630554 210 242 255
-11.349387168884277 2.533184289932251 0.4406302571296692 56 65 74
-14.224076271057129 2.6358113288879395 0.4086267054080963 174 199 219
-14.383613586425781 2.1299355030059814 0.27182886004447937 65 79 79
-14.251153945922852 3.1907827854156494 0.019371474161744118 71 66 73
-14.531624794006348 2.700935125350952 -0.12176383286714554 92 101 74
-15.216391563415527 2.2616679668426514 -0.2744296193122864 79 96 77
-24.621564865112305 2.750084638595581 -0.6799027919769287 86 99 79
-10.44394588470459 2.342191219329834 -0.3771362006664276 73 74 76
-11.634026527404785 2.1672019958496094 -0.5295214056968689 87 104 88
-13.294105529785156 1.9828294515609741 -0.7305354475975037 92 125 70
-13.353703498840332 1.4981380701065063 -0.860484778881073 94 113 85
-10.332768440246582 2.323319911956787 -0.7602689266204834 89 115 78
-10.282144546508789 1.922057032585144 -0.8533725142478943 99 140 38
-9.571636199951172 1.431035041809082 -0.8805985450744629 93 135 51
-9.997034072875977 1.1235003471374512 -1.0145816802978516 96 138 40
-8.125161170959473 1.83051598072052 -0.9065630435943604 98 142 55
-8.172257423400879 1.5326721668243408 -0.9860272407531738 93 130 60
-8.335744857788086 1.2502756118774414 -1.080824851989746 87 115 66
-8.168058395385742 0.9222849607467651 -1.1353503465652466 74 105 63
-6.642217636108398 1.5014190673828125 -0.9942914247512817 81 112 52
-6.871391296386719 1.2915557622909546 -1.0888737440109253 77 106 62
-6.881821155548096 1.035027027130127 -1.1524658203125 101 127 82
-6.389630317687988 0.7219280004501343 -1.1310555934906006 92 122 94
-5.9383392333984375 1.3499410152435303 -1.1201130151748657 75 96 55
-5.901432514190674 1.1125471591949463 -1.1631959676742554 95 107 67
-5.550703525543213 0.8375017642974854 -1.1444324254989624 82 101 55
-5.254535675048828 0.5942373871803284 -1.1327866315841675 75 99 51
-5.090573310852051 1.160305380821228 -1.1625657081604004 83 109 80
-4.898787975311279 0.927423357963562 -1.160141110420227 96 95 90
-13.391125679016113 3.022970676422119 1.529178500175476 186 238 234
-13.29783821105957 3.005326509475708 1.0157545804977417 174 224 235
-13.995706558227539 2.6321136951446533 0.9239233136177063 206 245 252
-11.361055374145508 2.5724053382873535 0.4413875639438629 76 86 88
-14.378003120422363 2.709986925125122 0.41328558325767517 137 162 166
-13.926319122314453 3.162951707839966 0.01894303224980831 89 89 97
-14.514426231384277 2.743833065032959 -0.12168968468904495 90 103 96
-15.079885482788086 2.288686752319336 -0.2720930576324463 84 94 93
-24.56633758544922 2.820251226425171 -0.6786134839057922 83 96 76
-10.15313720703125 2.3097121715545654 -0.366889089345932 86 92 80
-11.301451683044434 2.141145706176758 -0.5146808624267578 83 92 89
-13.168516159057617 2.005415916442871 -0.7239687442779541 83 113 49
-13.096240043640137 1.509952187538147 -0.844188928604126 73 95 59
-10.301280975341797 2.3494648933410645 -0.7584789395332336 87 91 74
-10.167512893676758 1.9329310655593872 -0.844346821308136 100 139 56
-9.628238677978516 1.4697108268737793 -0.8862167000770569 81 108 75
-9.938191413879395 1.1477731466293335 -1.0089625120162964 104 144 55
-7.9896416664123535 1.8257588148117065 -0.8920632600784302 91 122 55
-8.10216236114502 1.5452723503112793 -0.978137195110321 96 126 56
-8.318142890930176 1.273741602897644 -1.079044222831726 81 108 55
-8.158302307128906 0.9465407133102417 -1.1343926191329956 76 88 66
-6.633721828460693 1.5209054946899414 -0.9937134981155396 94 112 74
-6.868366718292236 1.3128163814544678 -1.0890276432037354 97 128 50
-6.878613471984863 1.0561352968215942 -1.1524658203125 86 111 81
-6.456845760345459 0.7495915293693542 -1.143355369567871 105 128 99
-5.913085460662842 1.3632922172546387 -1.116133213043213 91 121 67
-5.876779079437256 1.1265809535980225 -1.1590125560760498 103 137 100
-5.552949905395508 0.8552729487419128 -1.1454312801361084 89 108 89
-5.269199371337891 0.6122738718986511 -1.1363475322723389 99 127 69
-5.068920135498047 1.1717406511306763 -1.1584362983703613 103 118 87
-4.925568580627441 0.9481555819511414 -1.1671667098999023 91 96 74
-13.32269287109375 3.050508737564087 1.5224254131317139 110 127 145
-13.645330429077148 2.6051459312438965 1.4083820581436157 226 254 255
-13.280779838562012 3.0443272590637207 1.0151602029800415 73 89 105
-13.231878280639648 2.5305187702178955 0.8740077614784241 135 144 177
-11.43881607055664 2.6269309520721436 0.4447196424007416 146 159 129
-14.44128704071045 2.7678208351135254 0.41534680128097534 143 177 179
-11.951024055480957 2.7529053688049316 0.016267582774162292 87 100 108
-14.497101783752441 2.7866508960723877 -0.12161554396152496 84 108 76
-15.14590835571289 2.346266984939575 -0.27341294288635254 93 108 89
-24.49403190612793 2.8881146907806396 -0.6768577098846436 85 97 83
-13.75587272644043 3.1737072467803955 -0.497425377368927 61 66 72
-12.119820594787598 2.3347322940826416 -0.5522739291191101 69 82 73
-13.048831939697266 2.028170585632324 -0.7177276015281677 99 120 89
-12.755585670471191 1.5103437900543213 -0.8225249648094177 92 107 78
-10.256125450134277 2.372291326522827 -0.7556864619255066 92 108 82
-10.1155424118042 1.9552254676818848 -0.8405251502990723 94 134 48
-9.609908103942871 1.4970967769622803 -0.8849480748176575 89 122 53
-9.854593276977539 1.1687661409378052 -1.000834584236145 75 123 37
-7.976254463195801 1.8484665155410767 -0.8911975622177124 90 121 51
-8.101282119750977 1.570878267288208 -0.9786081910133362 86 123 46
-8.2828369140625 1.294354796409607 -1.0749744176864624 93 130 50
-8.137655258178711 0.9694563150405884 -1.131929874420166 86 111 72
-6.616495132446289 1.538337230682373 -0.9918352961540222 79 113 52
-6.857517242431641 1.3325626850128174 -1.0879504680633545 90 118 59
-6.869492530822754 1.076317310333252 -1.151485562324524 100 121 78
-6.47700834274292 0.7720785140991211 -1.1473397016525269 92 114 75
-5.885891437530518 1.3760534524917603 -1.111791729927063 84 114 60
-5.8472771644592285 1.139534831047058 -1.1538783311843872 106 130 80
-5.569659233093262 0.8753476738929749 -1.1494264602661133 108 119 103
-5.264383792877197 0.628089189529419 -1.1357191801071167 69 99 49
-5.052947044372559 1.1843905448913574 -1.1556107997894287 84 114 86
-4.947488307952881 0.968125581741333 -1.1730592250823975 105 110 113
-12.707745552062988 2.4518489837646484 2.2776191234588623 212 254 252
-13.424001693725586 3.111154079437256 2.046868085861206 211 255 253
-13.168428421020508 2.5490782260894775 1.8583275079727173 208 254 252
-13.301653861999512 3.088670253753662 1.52109694480896 213 251 255
-13.25344181060791 2.5724949836730957 1.3687421083450317 226 255 252
-17.30922508239746 4.023694038391113 1.3240251541137695 102 121 154
-14.77371597290039 2.87239670753479 0.9764285087585449 201 244 251
-13.368423461914062 3.113273859024048 0.5201080441474915 102 107 84
-11.507916450500488 2.242234706878662 0.331176221370697 153 193 203
-33.56093978881836 4.05153226852417 0.30680930614471436 48 52 63
-9.72618293762207 2.2718608379364014 0.013248582370579243 61 64 73
-14.489466667175293 2.831305980682373 -0.12162378430366516 180 204 190
-15.003339767456055 2.371338367462158 -0.27096936106681824 74 87 78
-24.431468963623047 2.9567623138427734 -0.6753763556480408 84 108 76
-13.5679931640625 3.1742334365844727 -0.4909813404083252 64 79 72
-11.183199882507324 2.189908027648926 -0.5098978877067566 60 71 67
-9.150001525878906 1.4509419202804565 -0.5035219192504883 78 94 81
-12.831136703491211 1.5592215061187744 -0.8277013301849365 88 111 85
-10.22452163696289 2.3980515003204346 -0.7538963556289673 90 111 68
-10.113408088684082 1.9870188236236572 -0.8408504128456116 81 122 26
-9.59936809539795 1.525634527206421 -0.8844043612480164 77 117 31
-9.679106712341309 1.1780771017074585 -0.9833746552467346 89 113 55
-8.147647857666016 1.9145442247390747 -0.910999596118927 97 137 48
-8.099348068237305 1.5963014364242554 -0.9789615273475647 92 126 52
-8.250420570373535 1.3152318000793457 -1.0712859630584717 98 128 54
-8.104161262512207 0.9906914830207825 -1.1276884078979492 109 131 85
-6.603076934814453 1.5565857887268066 -0.9905350208282471 84 120 56
-6.853396892547607 1.3535948991775513 -1.0879504680633545 76 117 49
-6.8622612953186035 1.0967646837234497 -1.150831937789917 91 124 77
-6.483407974243164 0.7930222749710083 -1.1488988399505615 82 89 81
-5.881641864776611 1.3941045999526978 -1.111791729927063 96 134 75
-5.800416946411133 1.1488850116729736 -1.1453211307525635 86 112 75
-5.57855749130249 0.8942922353744507 -1.15182363986969 81 97 68
-5.260490417480469 0.643999457359314 -1.1353001594543457 68 96 58
-5.046440601348877 1.1992100477218628 -1.154958724975586 105 122 80
-4.94258451461792 0.9829198122024536 -1.1726059913635254 68 81 71
-13.490898132324219 3.167320489883423 2.580886125564575 247 255 255
-19.05034637451172 4.476747512817383 2.906843662261963 222 255 248
-19.089570999145508 4.499327182769775 1.4612572193145752 177 208 226
-13.535245895385742 2.674727201461792 0.8951133489608765 147 187 179
-13.41618824005127 3.1678214073181152 0.5223420858383179 170 202 187
-11.584331512451172 2.2940351963043213 0.3335762619972229 184 231 247
-33.664459228515625 4.1688551902771 0.30787116289138794 98 123 83
-9.621858596801758 2.2786450386047363 0.013115936890244484 72 83 75
-14.170775413513184 2.814195156097412 -0.11902061849832535 77 89 87
-14.829174995422363 2.390465497970581 -0.2679550349712372 85 99 82
-24.206024169921875 3.0048575401306152 -0.669395923614502 88 108 71
-10.642931938171387 2.524379253387451 -0.3854113817214966 74 77 82
-11.215620994567871 2.232006788253784 -0.5116859078407288 74 79 72
-12.741412162780762 2.060534954071045 -0.7015007138252258 87 114 61
-12.61535930633545 1.572290301322937 -0.8140894770622253 85 110 78
-9.985196113586426 2.374263048171997 -0.7367835640907288 80 115 59
-10.058394432067871 2.00827956199646 -0.8367847800254822 98 147 29
-9.658541679382324 1.565434455871582 -0.8902943730354309 96 134 49
-9.664587020874023 1.2064110040664673 -0.9822708964347839 89 132 50
-8.14270305633545 1.9397621154785156 -0.9111077189445496 95 127 60
-8.099281311035156 1.6221174001693726 -0.9795503616333008 91 130 41
-8.214038848876953 1.3352855443954468 -1.0670888423919678 88 119 51
-8.03719425201416 1.0075409412384033 -1.1187947988510132 101 133 60
-6.578059673309326 1.5720065832138062 -0.9875010251998901 89 124 32
-6.848243236541748 1.3744200468063354 -1.0877965688705444 89 127 52
-6.820888996124268 1.111623764038086 -1.1444602012634277 93 123 87
-6.486807823181152 0.8136448264122009 -1.1499383449554443 84 92 77
-5.877337455749512 1.4121426343917847 -1.111791729927063 84 113 59
-5.795902252197266 1.1664812564849854 -1.14513099193573 86 126 74
-5.608665943145752 0.9167770147323608 -1.1586154699325562 100 117 98
-5.260430812835693 0.6603789925575256 -1.1357191801071167 79 110 69
-5.017116069793701 1.2085150480270386 -1.1490904092788696 107 136 82
-4.937636375427246 0.9976930618286133 -1.1721527576446533 70 68 71
-17.99427032470703 4.282888412475586 3.444904327392578 214 250 248
-13.416206359863281 3.196214437484741 2.048631429672241 169 209 209
-12.940793991088867 2.587491989135742 1.8284099102020264 77 109 132
-19.31755828857422 4.6106767654418945 2.212233066558838 179 225 248
-13.211069107055664 2.6484880447387695 1.3660186529159546 153 190 208
-19.63629913330078 4.691824913024902 1.5042024850845337 96 128 125
-13.934958457946777 2.798163652420044 0.9221105575561523 194 233 232
-18.935152053833008 4.532331466674805 0.7377537488937378 190 234 235
-14.468119621276855 2.9112656116485596 0.4168715178966522 162 197 199
-9.404789924621582 2.257733106613159 0.012829423882067204 77 99 86
-14.077775955200195 2.8406472206115723 -0.11831216514110565 72 76 62
-14.730016708374023 2.4208695888519287 -0.26629623770713806 48 55 73
-24.19867515563965 3.0793588161468506 -0.6694508194923401 81 93 81
-9.663448333740234 2.323395013809204 -0.3501979112625122 78 82 91
-11.163678169250488 2.2572977542877197 -0.5096297264099121 65 73 75
-12.756706237792969 2.103188991546631 -0.7026947140693665 83 108 76
-12.806478500366211 1.6360255479812622 -0.8267427086830139 75 100 68
-10.00598430633545 2.41166353225708 -0.7388599514961243 86 113 58
-9.942785263061523 2.0169365406036377 -0.827677845954895 86 117 49
-9.644850730895996 1.5935980081558228 -0.889478862285614 94 135 59
-9.645050048828125 1.234035611152649 -0.980665385723114 100 134 57
-8.031381607055664 1.9393004179000854 -0.89931321144104 97 139 55
-8.058260917663574 1.6396318674087524 -0.9751930832862854 92 133 54
-8.192290306091309 1.3575608730316162 -1.0647995471954346 111 146 90
-8.059610366821289 1.0354759693145752 -1.1223522424697876 119 147 88
-6.580899238586426 1.5940439701080322 -0.9886568188667297 87 130 51
-6.839153289794922 1.3944367170333862 -1.0870271921157837 85 124 69
-6.749320983886719 1.1212273836135864 -1.1330238580703735 89 108 76
-6.483303546905518 0.8334165811538696 -1.1497650146484375 91 104 84
-5.877755165100098 1.4313310384750366 -1.1126962900161743 85 120 54
-5.834618091583252 1.1929101943969727 -1.1534979343414307 97 118 77
-5.633856296539307 0.9386497735977173 -1.1644086837768555 74 79 72
-5.258379936218262 0.6765146851539612 -1.1357191801071167 91 116 76
-5.009592056274414 1.222975730895996 -1.1482211351394653 95 113 87
-4.937414646148682 1.013424277305603 -1.1728326082229614 74 80 80
-17.997291564941406 4.341993808746338 3.448017120361328 220 254 255
-13.21307373046875 3.190690517425537 2.0190985202789307 128 169 199
-13.0123929977417 2.6433513164520264 1.8396632671356201 159 214 217
-17.222997665405273 4.1710968017578125 1.320310115814209 104 137 94
-13.901864051818848 2.8359155654907227 0.9204919934272766 169 188 220
-11.314433097839355 2.7449588775634766 0.4411603808403015 171 222 215
-14.134954452514648 2.889375925064087 0.40752550959587097 170 227 208
-12.197148323059082 2.9676783084869385 0.01665092632174492 88 97 94
-13.976912498474121 2.8649489879608154 -0.11753780394792557 100 118 78
-15.83780288696289 2.6528613567352295 -0.28646913170814514 73 76 59
-24.456745147705078 3.1884765625 -0.6768577098846436 88 106 94
-9.983490943908691 2.4327666759490967 -0.36206483840942383 62 65 72
-12.419057846069336 2.5508196353912354 -0.5672932863235474 69 79 68
-12.755117416381836 2.14314341545105 -0.7029660940170288 85 114 50
-12.636149406433105 1.6536815166473389 -0.816070556640625 91 128 50
-9.9752836227417 2.4366695880889893 -0.7371415495872498 83 108 53
-10.025382995605469 2.06573486328125 -0.8350772261619568 87 116 52
-9.654646873474121 1.62566077709198 -0.8908380270004272 96 135 44
-9.604717254638672 1.258836269378662 -0.9769526124000549 85 126 47
-7.981940269470215 1.95329749584198 -0.8944438099861145 76 112 25
-8.03957748413086 1.6615328788757324 -0.9735443592071533 94 133 50
-8.187108993530273 1.3825228214263916 -1.0646722316741943 88 126 51
-8.060325622558594 1.0607147216796875 -1.1228996515274048 95 127 64
-6.597119331359863 1.6194159984588623 -0.9918352961540222 81 123 47
-6.767114162445068 1.4013864994049072 -1.076255440711975 94 123 56
-6.7020769119262695 1.1345189809799194 -1.1256718635559082 98 135 81
-6.480716228485107 0.8533031940460205 -1.1497650146484375 70 79 74
-5.862832546234131 1.4467649459838867 -1.1107064485549927 83 111 60
-5.816511631011963 1.207810878753662 -1.1506456136703491 96 128 55
-5.6483378410339355 0.9588816165924072 -1.1680042743682861 70 78 67
-5.2650041580200195 0.6937936544418335 -1.1376043558120728 105 124 78
-5.006763935089111 1.2385735511779785 -1.1484384536743164 90 98 85
-4.929514408111572 1.0275734663009644 -1.1716994047164917 60 65 61
-18.52057647705078 4.528412818908691 3.5509157180786133 125 163 142
-12.796319007873535 2.6322133541107178 2.2991108894348145 207 255 253
-13.183046340942383 3.2262747287750244 2.0160131454467773 181 214 205
-13.104142189025879 2.7038776874542236 1.8537986278533936 235 253 253
-18.214561462402344 4.4657206535339355 2.089017391204834 184 226 238
-15.187932014465332 3.141857147216797 1.5723891258239746 188 230 246
-20.881677627563477 5.125034809112549 1.6019811630249023 177 226 230
-11.37498664855957 2.3568174839019775 0.7536536455154419 130 173 166
-13.941372871398926 2.3646788597106934 0.7801789045333862 209 248 255
-15.295211791992188 3.7604470252990723 0.5968217253684998 58 79 72
-13.94104290008545 2.8943235874176025 0.4021889567375183 134 178 187
-12.193812370300293 3.006521224975586 0.016658885404467583 71 85 68
-13.785967826843262 2.8699095249176025 -0.1160055622458458 119 133 110
-13.962879180908203 2.3828701972961426 -0.25268715620040894 78 86 88
-24.511253356933594 3.2720913887023926 -0.6786409020423889 73 97 73
-9.661623001098633 2.3857593536376953 -0.3506556749343872 91 106 77
-11.843962669372559 2.4705913066864014 -0.5413669943809509 63 75 75
-12.352828979492188 2.1145381927490234 -0.6811493039131165 90 109 63
-12.594419479370117 1.6875373125076294 -0.8137060403823853 98 135 58
-9.942587852478027 2.461030960083008 -0.7352798581123352 86 110 62
-10.007290840148926 2.0940330028533936 -0.8341014385223389 81 119 46
-9.681023597717285 1.660661220550537 -0.89373779296875 104 141 61
-9.55347728729248 1.281945824623108 -0.9721361398696899 84 122 37
-7.992312431335449 1.9818439483642578 -0.8962832689285278 104 138 51
-8.015006065368652 1.6821109056472778 -0.9711892008781433 88 128 39
-8.1505708694458 1.4020848274230957 -1.0604751110076904 89 127 42
-8.031508445739746 1.0819997787475586 -1.1193422079086304 90 116 71
-6.597881317138672 1.6410810947418213 -0.9927021265029907 84 111 56
-6.763749599456787 1.422344446182251 -1.0764092206954956 156 186 132
-6.677175998687744 1.1513872146606445 -1.1220775842666626 95 135 75
-6.512229919433594 0.8777864575386047 -1.1558283567428589 86 85 83
-5.844054698944092 1.4611667394638062 -1.1079930067062378 82 114 51
-5.822385311126709 1.2276755571365356 -1.1525472402572632 98 127 83
-5.656955718994141 0.9782094955444336 -1.1704014539718628 84 89 82
-5.284169673919678 0.7128190398216248 -1.1422125101089478 106 134 83
-5.036078453063965 1.2622339725494385 -1.1560454368591309 103 120 102
-4.934915065765381 1.044507384300232 -1.1737391948699951 73 83 84
-18.500869750976562 4.5837931632995605 3.5498170852661133 206 255 252
-19.075746536254883 3.984935760498047 3.4295144081115723 251 255 254
-13.242210388183594 3.283846378326416 2.0265917778015137 164 208 237
-13.430257797241211 2.814152479171753 1.9011454582214355 221 255 250
-18.221031188964844 4.526612758636475 2.0913422107696533 137 173 197
-13.121872901916504 2.7564680576324463 1.3593615293502808 33 69 117
-16.348356246948242 4.065629959106445 1.2551491260528564 154 206 227
-13.874436378479004 2.9191081523895264 0.9198446273803711 120 137 147
-17.356712341308594 4.323794364929199 0.6777762174606323 50 64 101
-13.952637672424316 2.941410541534424 0.4027819037437439 186 231 228
-9.436971664428711 2.357527017593384 0.012902378104627132 92 94 83
-13.554035186767578 2.865039825439453 -0.11412733048200607 93 113 102
-14.304218292236328 2.486309051513672 -0.2590011954307556 80 83 74
-24.65461540222168 3.368248462677002 -0.6828930377960205 88 108 80
-9.720184326171875 2.4318835735321045 -0.353050172328949 71 73 62
-11.963377952575684 2.533825397491455 -0.5471780300140381 59 61 60
-12.35710334777832 2.1543123722076416 -0.681746244430542 87 109 86
-12.385509490966797 1.6982417106628418 -0.8005415797233582 93 124 44
-9.789870262145996 2.4551289081573486 -0.7245396375656128 99 135 47
-9.996919631958008 2.123896598815918 -0.8337762355804443 81 124 35
-9.641546249389648 1.6843558549880981 -0.8905661702156067 101 130 66
-9.509084701538086 1.3057001829147339 -0.9680219888687134 101 132 54
-7.804931640625 1.9608162641525269 -0.8759402632713318 89 126 23
-8.008835792541504 1.706485629081726 -0.9710713624954224 75 113 36
-8.129621505737305 1.424174189567566 -1.058313012123108 99 137 52
-8.042869567871094 1.1086639165878296 -1.1213945150375366 98 132 56
-6.582261085510254 1.6586557626724243 -0.9911128878593445 89 121 45
-6.714903831481934 1.4335987567901611 -1.0693306922912598 117 146 92
-6.635715961456299 1.165212631225586 -1.1157058477401733 96 139 83
-6.560240268707275 0.9047585129737854 -1.1648365259170532 98 100 86
-5.809988975524902 1.4716031551361084 -1.10238516330719 90 119 55
-5.808991432189941 1.2434775829315186 -1.1506456136703491 90 127 58
-5.663578510284424 0.9972594380378723 -1.1723990440368652 72 84 72
-5.289707183837891 0.7300968766212463 -1.1438883543014526 92 104 84
-5.034074306488037 1.2781589031219482 -1.156480073928833 78 91 73
-4.9326395988464355 1.059847116470337 -1.1739658117294312 73 83 72
-19.081737518310547 4.047323226928711 3.432807683944702 254 255 255
-19.49651527404785 4.898350715637207 2.9860386848449707 94 133 172
-13.236509323120117 2.815974473953247 1.8749332427978516 231 255 255
-15.068941116333008 3.7926673889160156 1.7308844327926636 81 115 143
-13.227198600769043 2.8209922313690186 1.3711628913879395 198 241 248
-18.30175018310547 4.611081123352051 1.406200885772705 101 128 149
-15.149683952331543 3.235980987548828 1.0050442218780518 137 165 179
-14.311101913452148 2.517824172973633 0.8017188906669617 204 248 247
-15.405001640319824 2.1390507221221924 0.710056722164154 212 251 250
-18.06229019165039 4.558462142944336 0.7058717012405396 160 186 187
-11.454920768737793 2.4515860080718994 0.330893874168396 132 174 164
-14.480805397033691 2.5547168254852295 0.27489426732063293 78 92 105
-9.418061256408691 2.383523941040039 0.01288646087050438 95 107 97
-12.894026756286621 2.766880750656128 -0.10864091664552689 82 90 93
-14.037588119506836 2.484356164932251 -0.2543102502822876 79 92 75
-14.891637802124023 2.0810155868530273 -0.4126492142677307 97 113 76
-9.952926635742188 2.522584915161133 -0.36178311705589294 64 80 67
-11.213271141052246 2.4109227657318115 -0.5132057666778564 82 84 81
-12.326841354370117 2.1880252361297607 -0.6804438233375549 81 106 84
-12.306119918823242 1.725836992263794 -0.7957486510276794 90 125 35
-9.704954147338867 2.4655048847198486 -0.7188114523887634 86 93 60
-9.982562065124512 2.1528756618499756 -0.8331257104873657 83 116 47
-9.593192100524902 1.706254482269287 -0.886579155921936 79 121 45
-9.459712028503418 1.3285024166107178 -0.9634062051773071 91 137 49
-7.741074562072754 1.9700413942337036 -0.8694478869438171 90 125 69
-7.952121257781982 1.719922423362732 -0.9648300409317017 81 121 33
-8.08420181274414 1.441794514656067 -1.0529712438583374 95 133 48
-7.988423824310303 1.1261433362960815 -1.1142797470092773 83 119 57
-6.581934928894043 1.680065631866455 -0.9918352961540222 101 138 25
-6.696954727172852 1.4512633085250854 -1.067176342010498 88 121 50
-6.609772682189941 1.1815721988677979 -1.1119481325149536 101 138 86
-6.572061538696289 0.9269440174102783 -1.1674350500106812 81 76 80
-5.774961948394775 1.4815999269485474 -1.0965964794158936 92 123 66
-5.797474384307861 1.2596259117126465 -1.149124264717102 103 138 48
-5.666278839111328 1.0156676769256592 -1.1735976934432983 74 75 79
-5.296156406402588 0.7475519776344299 -1.1457734107971191 112 135 83
-5.045255184173584 1.2974870204925537 -1.1599576473236084 76 106 54
-4.91128396987915 1.0710322856903076 -1.1696597337722778 98 109 115
-19.071155548095703 4.106260776519775 3.4331541061401367 246 255 254
-12.887679100036621 2.284275531768799 2.174776315689087 210 255 250
-18.507469177246094 4.71027135848999 2.836758613586426 221 255 255
-13.354643821716309 2.883960723876953 1.8929111957550049 189 219 219
-20.06218719482422 5.114905834197998 2.3062219619750977 170 206 228
-15.047520637512207 3.2575128078460693 1.5608904361724854 185 227 243
-15.936609268188477 2.845917224884033 1.488389492034912 212 254 250
-18.099096298217773 4.619121074676514 1.3917124271392822 107 138 169
-13.782145500183105 2.9881153106689453 0.9149242639541626 151 154 125
-14.196179389953613 2.5425312519073486 0.7957141399383545 210 252 251
-11.95856761932373 3.057093381881714 0.4677034318447113 133 154 115
-11.441484451293945 2.4854443073272705 0.33072444796562195 132 166 133
-12.60707950592041 2.2640559673309326 0.23945538699626923 103 125 136
-12.042601585388184 3.0870862007141113 0.016490424051880836 101 117 90
-11.397414207458496 2.4823293685913086 -0.09609465301036835 92 110 60
-15.884744644165039 2.861551523208618 -0.28793174028396606 75 79 78
-24.668119430541992 3.52441143989563 -0.6838532090187073 90 115 75
-9.52987289428711 2.4465010166168213 -0.3466765582561493 93 110 100
-11.690909385681152 2.5511679649353027 -0.5354218482971191 72 83 66
-12.336773872375488 2.228851079940796 -0.6813663840293884 57 82 17
-12.276071548461914 1.7600427865982056 -0.7941510677337646 88 118 66
-9.546652793884277 2.4564926624298096 -0.7076415419578552 64 85 52
-9.967147827148438 2.1815736293792725 -0.8323939442634583 103 134 41
-9.581052780151367 1.7344361543655396 -0.8859448432922363 95 127 51
-9.441803932189941 1.3555387258529663 -0.962001383304596 88 131 52
-7.724404335021973 1.9910517930984497 -0.8682575225830078 87 121 45
-7.918678283691406 1.7381367683410645 -0.9614148736000061 85 115 51
-8.037775993347168 1.458972454071045 -1.0475021600723267 75 116 38
-7.948654651641846 1.145418643951416 -1.1092172861099243 84 115 71
-6.576749801635742 1.7002508640289307 -0.9918352961540222 109 137 35
-6.662554740905762 1.4652233123779297 -1.0624059438705444 89 113 53
-6.567291736602783 1.1947816610336304 -1.1054129600524902 74 97 51
-6.587708473205566 0.9497727155685425 -1.1707265377044678 67 67 77
-5.7627739906311035 1.4973317384719849 -1.095149278640747 62 92 42
-5.77153205871582 1.272544503211975 -1.144750714302063 79 98 66
-5.6631364822387695 1.0330467224121094 -1.1735976934432983 82 93 89
-5.303515911102295 0.7651932239532471 -1.1478681564331055 104 118 95
-5.028026580810547 1.309515357017517 -1.1569148302078247 82 123 47
-4.913680553436279 1.087357521057129 -1.1710195541381836 96 110 85
-13.222967147827148 2.8895483016967773 2.3819587230682373 221 255 250
-19.057098388671875 4.912457466125488 2.923299789428711 140 169 175
-13.25961971282959 2.906045436859131 1.8806971311569214 37 83 161
-13.145683288574219 2.381103277206421 1.7211207151412964 249 255 255
-19.1770076751709 4.213103771209717 1.9905766248703003 196 235 242
-13.220752716064453 2.402804136276245 1.235426425933838 204 253 249
-18.326213836669922 4.73701810836792 1.4102873802185059 159 204 199
-13.232014656066895 2.9113733768463135 0.8789927959442139 126 167 213
-14.179471969604492 2.584461212158203 0.7952183485031128 219 255 255
-17.26394271850586 4.469832897186279 0.6757315397262573 179 221 211
-11.403544425964355 2.5138638019561768 0.32984915375709534 66 62 95
-14.466824531555176 2.643880605697632 0.2749316394329071 88 99 119
-14.405298233032227 2.098881959915161 0.13212241232395172 56 63 71
-11.59945011138916 3.0114407539367676 0.015896175056695938 68 76 78
-11.39657974243164 2.5187950134277344 -0.09615232050418854 78 101 73
-14.293513298034668 2.6201999187469482 -0.2592330574989319 89 101 89
-14.855838775634766 2.1690282821655273 -0.4120182693004608 70 84 71
-9.496208190917969 2.4689371585845947 -0.34572580456733704 68 65 74
-13.003684043884277 2.8794617652893066 -0.5959462523460388 64 68 67
-12.27782917022705 2.2571206092834473 -0.6784900426864624 82 107 67
-12.0336332321167 1.7629783153533936 -0.7788137197494507 92 128 54
-9.539072036743164 2.4857699871063232 -0.7076415419578552 74 95 36
-9.903975486755371 2.19960880279541 -0.827677845954895 89 126 46
-9.728474617004395 1.7919654846191406 -0.9000808000564575 94 141 27
-9.40511417388916 1.379733681678772 -0.9586899876594543 56 76 51
-7.699021816253662 2.009718894958496 -0.8660934567451477 68 112 27
-7.8435187339782715 1.7468794584274292 -0.9529358744621277 83 115 39
-7.783563613891602 1.437509536743164 -1.0149426460266113 49 106 55
-7.939223289489746 1.168933629989624 -1.1083964109420776 90 121 62
-6.560972690582275 1.717663288116455 -0.9902459979057312 91 118 49
-6.614631175994873 1.47597336769104 -1.055481195449829 87 110 64
-6.56747579574585 1.2156424522399902 -1.1060665845870972 102 128 81
-6.586711883544922 0.9702661037445068 -1.1710729598999023 89 103 88
-5.7495927810668945 1.5127522945404053 -1.0935211181640625 69 99 35
-5.778139114379883 1.2926028966903687 -1.146842360496521 115 136 79
-5.655123233795166 1.0495221614837646 -1.1725988388061523 89 98 93
-5.309849739074707 0.7827439904212952 -1.1497533321380615 82 106 72
-5.020209789276123 1.323939323425293 -1.1560454368591309 79 110 40
-4.907470703125 1.1017872095108032 -1.170339584350586 77 83 69
-12.951546669006348 2.871896505355835 2.334641933441162 223 255 250
-19.026622772216797 4.966903209686279 2.9209489822387695 209 250 254
-13.33573055267334 2.9656341075897217 1.8927741050720215 222 254 251
-13.182209014892578 2.429511785507202 1.7268705368041992 250 255 255
-21.411170959472656 5.598970890045166 2.465195655822754 187 235 239
-13.293896675109863 2.963392972946167 1.3808459043502808 159 197 216
-13.222131729125977 2.4449832439422607 1.236250400543213 214 254 253
-18.365619659423828 4.807361125946045 1.4144481420516968 121 136 139
-13.297039985656738 2.9684789180755615 0.8839131593704224 103 145 143
-14.725179672241211 2.7306294441223145 0.8262888789176941 150 181 184
-11.889321327209473 3.1172337532043457 0.46573448181152344 103 113 102
-11.427968978881836 2.556037664413452 0.33078092336654663 154 190 178
-14.569721221923828 2.7089040279388428 0.27704375982284546 80 89 106
-11.448954582214355 3.0098915100097656 0.015702513977885246 96 110 93
-12.71970272064209 2.8521804809570312 -0.10738875716924667 69 90 83
-14.117332458496094 2.6326956748962402 -0.25618305802345276 89 101 87
-14.827363014221191 2.211351156234741 -0.4114147126674652 83 102 70
-9.562037467956543 2.5173964500427246 -0.3484019935131073 80 89 84
-10.619428634643555 2.385706663131714 -0.48701128363609314 83 102 83
-12.24532699584961 2.2900054454803467 -0.6770790219306946 78 101 57
-11.992637634277344 1.7945719957351685 -0.7765132188796997 90 135 42
-9.215069770812988 2.4315543174743652 -0.6841561198234558 75 97 58
-9.845647811889648 2.218372344970703 -0.8233682513237 86 129 40
-9.686714172363281 1.815017580986023 -0.8967280983924866 85 129 40
-9.400836944580078 1.4085816144943237 -0.9586899876594543 93 136 56
-7.677441596984863 2.0292649269104004 -0.8643621206283569 90 130 44
-7.655052661895752 1.7295722961425781 -0.9306787848472595 78 109 67
-7.89122200012207 1.4824424982070923 -1.0295690298080444 73 132 40
-7.930701732635498 1.1925487518310547 -1.1077122688293457 100 131 87
-6.556629180908203 1.7380377054214478 -0.9903905391693115 74 116 50
-6.591761112213135 1.4921151399612427 -1.0525574684143066 92 117 75
-6.583105564117432 1.2394362688064575 -1.109334111213684 81 103 54
-6.5778608322143555 0.9895901679992676 -1.170033574104309 92 105 87
-5.7306694984436035 1.5265872478485107 -1.0908076763153076 69 91 53
-5.782763481140137 1.3122793436050415 -1.1485538482666016 82 102 77
-5.648025035858154 1.066139817237854 -1.1717997789382935 109 131 110
-5.312257766723633 0.7997585535049438 -1.1508005857467651 111 142 83
-5.000092506408691 1.3350541591644287 -1.1523505449295044 102 139 95
-4.898369789123535 1.1155403852462769 -1.1689798831939697 73 87 61
-19.06867218017578 5.040419101715088 2.92976450920105 122 144 142
-13.187366485595703 2.472318649291992 1.7285317182540894 238 254 253
-21.00863265991211 5.562624454498291 2.420802593231201 179 228 243
-13.3157958984375 3.0111865997314453 1.3840736150741577 193 240 250
-13.241971015930176 2.4906907081604004 1.2388139963150024 214 255 254
-18.599485397338867 4.929598808288574 1.4336174726486206 133 151 161
-13.265484809875488 3.004190444946289 0.8824241161346436 81 95 104
-14.32327938079834 2.7015817165374756 0.8041979074478149 217 255 255
-11.89612102508545 3.1580536365509033 0.46637818217277527 146 183 166
-11.365484237670898 2.578700304031372 0.32919973134994507 56 50 62
-14.61046314239502 2.7628793716430664 0.2779783308506012 86 102 117
-9.442218780517578 2.5133230686187744 0.012960742227733135 82 87 81
-11.537894248962402 2.624382972717285 -0.09747860580682755 58 62 73
-15.151439666748047 2.873671293258667 -0.27510741353034973 144 156 142
-14.812602996826172 2.2556264400482178 -0.4111952483654022 30 27 46
-9.402661323547363 2.5063087940216064 -0.3428735136985779 81 90 73
-10.656865119934082 2.428485870361328 -0.48906752467155457 106 125 95
-11.966522216796875 2.2758848667144775 -0.6620460748672485 85 99 84
-9.344216346740723 1.4275867938995361 -0.60531085729599 93 131 46
-9.148784637451172 2.444110631942749 -0.6797884106636047 89 116 71
-9.727057456970215 2.2230312824249268 -0.8140173554420471 94 124 36
-9.687947273254395 1.8460322618484497 -0.8973624110221863 88 126 39
-9.390569686889648 1.4365136623382568 -0.9580878615379333 90 131 63
-7.635647296905518 2.0433008670806885 -0.8603584170341492 93 130 50
-7.6332550048828125 1.7492785453796387 -0.9286767840385437 73 108 44
-7.878843307495117 1.5051565170288086 -1.0285515785217285 101 128 51
-7.943649768829346 1.21942937374115 -1.110038161277771 93 130 60
-6.540753364562988 1.7553236484527588 -0.9888013005256653 73 110 59
-6.584263801574707 1.511668086051941 -1.0520957708358765 88 114 79
-6.595744609832764 1.262780785560608 -1.1121114492416382 77 108 28
-6.570899963378906 1.0091681480407715 -1.16934072971344 93 113 101
-5.505656719207764 1.4847509860992432 -1.0488396883010864 69 105 41
-5.780623435974121 1.3304548263549805 -1.1489341259002686 81 100 54
-5.637991905212402 1.082169771194458 -1.1704014539718628 76 97 90
-5.314611434936523 0.8167951703071594 -1.1518478393554688 82 115 62
-4.937551498413086 1.3345969915390015 -1.1388753652572632 90 122 57
-4.894924163818359 1.1305631399154663 -1.1689798831939697 101 127 100
-12.859646797180176 2.442439317703247 2.174940347671509 239 253 253
-18.988143920898438 5.081509113311768 2.919773578643799 206 251 254
-13.190435409545898 2.514808416366577 1.7299370765686035 210 255 248
-21.498327255249023 5.762922763824463 2.479255199432373 166 219 223
-13.308433532714844 3.052469491958618 1.3842753171920776 195 236 238
-18.9276123046875 3.620265483856201 1.771748423576355 176 216 216
-18.691184997558594 5.01532506942749 1.4418647289276123 108 128 127
-15.460062026977539 3.5510871410369873 1.0291279554367065 94 106 86
-14.087423324584961 2.7018790245056152 0.7914171814918518 204 253 255
-11.90085220336914 3.1984262466430664 0.46694615483283997 69 72 79
-11.288354873657227 2.5976409912109375 0.3271949887275696 137 179 177
-14.164017677307129 2.723489999771118 0.2696419656276703 69 85 100
-9.304113388061523 2.5071544647216797 0.01278167124837637 88 94 84
-11.543429374694824 2.6629152297973633 -0.09759394079446793 78 80 75
-14.567244529724121 2.809197425842285 -0.26465532183647156 69 73 76
-14.6327543258667 2.2741949558258057 -0.40639448165893555 82 92 83
-9.404576301574707 2.537747621536255 -0.3432256579399109 79 92 85
-12.851070404052734 2.970004081726074 -0.5901799201965332 84 93 102
-11.551651954650879 2.233725070953369 -0.639469563961029 75 91 62
-12.141139030456543 1.8930299282073975 -0.7868658304214478 87 121 37
-9.173979759216309 2.48102068901062 -0.6822229027748108 73 82 65
-9.75999927520752 2.262089490890503 -0.8173511028289795 98 129 62
-9.781964302062988 1.8950656652450562 -0.906605064868927 86 127 33
-9.385136604309082 1.4651633501052856 -0.9579876065254211 90 136 27
-7.615909099578857 2.0630781650543213 -0.8588435053825378 90 125 57
-7.616245746612549 1.769991397857666 -0.9272636771202087 85 117 54
-7.868345737457275 1.5281866788864136 -1.0277884006500244 93 133 36
-7.8831095695495605 1.2349025011062622 -1.102102518081665 95 134 51
-6.526742935180664 1.7730475664138794 -0.9875010251998901 81 113 63
-6.544950008392334 1.5237951278686523 -1.046555995941162 88 119 62
-6.5869975090026855 1.282067894935608 -1.1112946271896362 102 131 38
-6.562908172607422 1.0285601615905762 -1.168474555015564 84 97 71
-5.7667365074157715 1.5741528272628784 -1.099490761756897 91 125 48
-5.7573933601379395 1.343720555305481 -1.14513099193573 68 97 53
-5.63560676574707 1.0996495485305786 -1.1706011295318604 99 122 80
-5.313046932220459 0.8332479000091553 -1.152057409286499 102 119 83
-4.920253276824951 1.346132755279541 -1.1358325481414795 81 103 56
-4.888587474822998 1.1449089050292969 -1.168299913406372 70 93 67
-18.986785888671875 5.143619537353516 2.9219775199890137 204 249 254
-13.337782859802246 3.095188617706299 1.8970284461975098 202 221 215
-14.782415390014648 2.86535382270813 1.9398704767227173 150 192 216
-19.601537704467773 5.318973541259766 2.2623825073242188 99 86 112
-13.608637809753418 2.646214008331299 1.274611473083496 219 255 255
-19.36380386352539 5.259543418884277 1.494989275932312 42 35 76
-13.257492065429688 3.088019371032715 0.8831362724304199 157 201 226
-14.274092674255371 2.783111095428467 0.8023799657821655 209 241 236
-20.185359954833984 5.491393566131592 0.7926574349403381 76 103 110
-13.544575691223145 3.160621404647827 0.3928711712360382 100 107 99
-12.199952125549316 2.3846709728240967 0.23239003121852875 70 79 88
-15.259456634521484 2.414923906326294 0.1402178406715393 92 109 91
-11.444886207580566 3.121716260910034 0.015735676512122154 75 87 99
-10.899392127990723 2.5495877265930176 -0.09221461415290833 68 77 84
-12.243985176086426 2.400156259536743 -0.2225794494152069 85 93 78
-14.41344165802002 2.285419464111328 -0.40049633383750916 65 69 68
-9.113310813903809 2.4891719818115234 -0.3328728675842285 90 100 73
-10.376229286193848 2.431603193283081 -0.4768642485141754 69 80 76
-11.210638999938965 2.2034850120544434 -0.6209632754325867 71 79 68
-12.139216423034668 1.930896520614624 -0.7871214151382446 94 125 65
-9.209616661071777 2.5210049152374268 -0.6854450106620789 89 118 72
-9.691887855529785 2.2776570320129395 -0.8122284412384033 85 115 53
-9.655919075012207 1.9014010429382324 -0.8954594731330872 91 128 58
-9.360944747924805 1.4908199310302734 -0.955980658531189 93 146 32
-7.610502243041992 2.0866966247558594 -0.8589516878128052 85 115 65
-7.584681987762451 1.7871999740600586 -0.9240840673446655 77 100 71
-7.81788444519043 1.5432907342910767 -1.0218106508255005 77 114 60
-7.868524074554443 1.2573623657226562 -1.100597620010376 89 116 49
-6.512685775756836 1.7907018661499023 -0.9862006902694702 95 124 44
-6.535436153411865 1.5427327156066895 -1.0457866191864014 75 106 65
-6.579161643981934 1.3015047311782837 -1.1106411218643188 84 108 60
-6.550969123840332 1.0472906827926636 -1.1669154167175293 102 113 96
-5.75524377822876 1.5900042057037354 -1.0982245206832886 78 103 61
-5.718850135803223 1.3532391786575317 -1.1382852792739868 87 117 57
-5.610101222991943 1.1125502586364746 -1.1660066843032837 84 104 67
-5.308534145355225 0.8492352366447449 -1.151638388633728 121 131 79
-4.935854434967041 1.3666914701461792 -1.1403967142105103 111 127 82
-4.876523494720459 1.1578764915466309 -1.1662602424621582 96 114 102
-12.773754119873047 2.50742769241333 2.1629745960235596 244 254 255
-13.08620548248291 2.57824969291687 1.718309760093689 194 235 239
-19.586084365844727 5.379348278045654 2.262493133544922 141 183 181
-13.754806518554688 2.7184576988220215 1.2890770435333252 220 255 254
-19.240842819213867 5.289583206176758 1.4867419004440308 120 160 172
-11.351228713989258 2.680741310119629 0.7566964626312256 145 166 209
-15.463337898254395 3.0642600059509277 0.8697545528411865 206 232 229
-11.8241605758667 3.255736827850342 0.46471214294433594 147 183 179
-13.526061058044434 3.200089454650879 0.3926170766353607 69 88 95
-12.372039794921875 2.4577391147613525 0.2358105480670929 92 104 116
-14.54515266418457 2.3476438522338867 0.13371971249580383 94 108 91
-9.276987075805664 2.5610029697418213 0.012765754014253616 99 110 96
-9.905892372131348 2.3492650985717773 -0.08386966586112976 71 74 89
-14.42422103881836 2.873523473739624 -0.26237228512763977 78 81 72
-14.758650779724121 2.386596441268921 -0.4102899432182312 82 95 77
-9.105630874633789 2.5171194076538086 -0.3328728675842285 87 102 83
-12.532273292541504 2.977447509765625 -0.5763674378395081 113 118 95
-11.171513557434082 2.2314140796661377 -0.6191723346710205 74 72 49
-11.980547904968262 1.9433625936508179 -0.7772161364555359 89 114 33
-8.742371559143066 2.4219582080841064 -0.6512192487716675 86 88 74
-9.56559944152832 2.278968572616577 -0.8022270202636719 85 113 90
-9.76331615447998 1.9536831378936768 -0.9059707522392273 88 125 56
-9.331775665283203 1.5155444145202637 -0.9534720778465271 105 141 71
-7.610770225524902 2.111896276473999 -0.8597091436386108 82 123 31
-7.641944408416748 1.8254578113555908 -0.9317386150360107 134 144 110
-7.781993389129639 1.5610259771347046 -1.0177408456802368 79 117 56
-7.823566436767578 1.2748056650161743 -1.094851016998291 82 122 51
-6.495721817016602 1.8074909448623657 -0.9844669103622437 69 105 61
-6.521062850952148 1.5604761838912964 -1.0442477464675903 78 116 31
-6.570301532745361 1.3207110166549683 -1.1098241806030273 72 102 68
-6.542864799499512 1.0665916204452515 -1.1660492420196533 75 74 69
-5.749391555786133 1.6073887348175049 -1.0980435609817505 96 137 45
-5.698442459106445 1.3668850660324097 -1.1350526809692383 69 102 75
-5.607621669769287 1.1299501657485962 -1.1662064790725708 101 130 74
-5.313623905181885 0.8667769432067871 -1.1533141136169434 101 114 88
-4.980513095855713 1.3955224752426147 -1.1516985893249512 61 95 35
-4.863478183746338 1.1705528497695923 -1.1639938354492188 135 159 123
-13.213517189025879 3.1519176959991455 1.8820695877075195 120 132 112
-13.180346488952637 2.638829231262207 1.7317259311676025 131 170 201
-17.27519416809082 4.801704406738281 1.9972423315048218 161 191 219
-20.025136947631836 4.78745698928833 2.087407350540161 182 224 238
-18.925708770751953 3.8007872104644775 1.77476966381073 220 255 252
-15.29026985168457 4.254012584686279 1.1824836730957031 119 134 139
-17.322067260742188 4.146981239318848 1.1555676460266113 89 118 122
-13.38068962097168 2.6942458152770996 0.7530748248100281 148 192 191
-14.38909912109375 4.009515285491943 0.5659999251365662 116 136 173
-19.10247802734375 4.58132791519165 0.5548874735832214 87 108 137
-14.737168312072754 2.974604368209839 0.28106242418289185 72 82 91
-14.546762466430664 2.3937180042266846 0.1338014006614685 82 99 81
-11.543017387390137 3.22470760345459 0.01589750126004219 70 81 75
-13.208230972290039 3.1752750873565674 -0.1119113489985466 81 97 84
-14.465315818786621 2.9278788566589355 -0.263281911611557 67 53 76
-14.579641342163086 2.403571605682373 -0.4055165946483612 76 84 87
-8.606063842773438 2.407466173171997 -0.31487879157066345 73 74 69
-12.52696418762207 3.016817569732666 -0.5765462517738342 76 83 89
-11.533538818359375 2.3405447006225586 -0.6396323442459106 84 104 69
-11.974529266357422 1.9801093339920044 -0.7772161364555359 85 121 31
-8.741622924804688 2.450652837753296 -0.6517204642295837 88 102 67
-9.50915241241455 2.296372413635254 -0.7980801463127136 98 140 58
-9.139517784118652 1.8580387830734253 -0.8486114144325256 89 127 52
-9.357510566711426 1.5492044687271118 -0.9565826654434204 71 115 54
-7.484616279602051 2.1016416549682617 -0.846183180809021 93 130 63
-7.5562005043029785 1.8294987678527832 -0.9219643473625183 75 118 91
-7.75967264175415 1.5813281536102295 -1.015451431274414 95 129 55
-7.786392688751221 1.293283462524414 -1.0901991128921509 101 144 65
-6.471096515655518 1.822047233581543 -0.9815773963928223 92 125 34
-6.503761291503906 1.577447533607483 -1.0422472953796387 68 92 34
-6.553652763366699 1.3382961750030518 -1.1077003479003906 84 113 59
-6.507500171661377 1.0813322067260742 -1.160332441329956 74 77 68
-5.7368621826171875 1.6228784322738647 -1.0965964794158936 82 112 52
-5.657017230987549 1.3753161430358887 -1.127636432647705 88 124 76
-5.605088710784912 1.1473451852798462 -1.1664061546325684 88 107 85
-5.334089756011963 0.8869240880012512 -1.1583412885665894 80 104 56
-4.9884161949157715 1.4142570495605469 -1.1545240879058838 80 113 56
-4.858918190002441 1.1852374076843262 -1.1637672185897827 79 104 46
-13.505412101745605 3.256638526916504 2.4448745250701904 206 255 246
-19.060537338256836 5.352381229400635 2.940784454345703 193 248 245
-13.273106575012207 3.2092020511627197 1.8919506072998047 197 216 210
-15.713349342346191 4.41956090927124 1.818231225013733 87 106 113
-14.994953155517578 3.6335482597351074 1.5642189979553223 180 226 242
-14.279380798339844 2.9132843017578125 1.3398892879486084 131 159 145
-19.076515197753906 5.370520114898682 1.4765629768371582 76 83 99
-11.973638534545898 2.905411958694458 0.7993609309196472 201 233 228
-15.444244384765625 3.159083604812622 0.8697545528411865 106 129 109
-11.75971794128418 3.3157527446746826 0.4629703760147095 93 119 90
-11.274083137512207 2.740457057952881 0.32773149013519287 196 229 238
-11.634873390197754 2.3855984210968018 0.2220350056886673 77 83 81
-14.552169799804688 2.4404854774475098 0.1339193731546402 76 88 76
-11.974761009216309 3.384960889816284 0.016506342217326164 82 83 88
-9.469640731811523 2.307267665863037 -0.08029443770647049 81 92 94
-12.114625930786133 2.490797281265259 -0.2206352800130844 94 106 96
-14.650077819824219 2.461374521255493 -0.4076838195323944 79 75 72
-8.735184669494629 2.472507953643799 -0.31987911462783813 74 77 82
-10.092342376708984 2.46328067779541 -0.4648398458957672 93 104 98
-11.513590812683105 2.3732974529266357 -0.6389268636703491 73 92 60
-11.92509937286377 2.0095407962799072 -0.7744043469429016 94 127 72
-8.739821434020996 2.479093551635742 -0.6521500945091248 75 92 73
-9.48076343536377 2.3203227519989014 -0.7962912321090698 82 120 35
-9.675070762634277 1.9978440999984741 -0.8989027738571167 85 126 58
-9.319356918334961 1.5722780227661133 -0.9531710147857666 101 135 49
-7.465701580047607 2.1210622787475586 -0.8447765111923218 91 137 64
-7.307514190673828 1.7930383682250977 -0.892288088798523 80 116 55
-7.714962005615234 1.5968843698501587 -1.0102367401123047 83 121 34
-7.768714904785156 1.3148514032363892 -1.0882835388183594 111 140 74
-6.350327014923096 1.8090879917144775 -0.9640957117080688 81 112 71
-6.49697208404541 1.596921682357788 -1.0419394969940186 73 103 43
-6.511841773986816 1.3505823612213135 -1.1013286113739014 79 111 61
-6.481817722320557 1.0975100994110107 -1.1563479900360107 87 99 87
-5.604208469390869 1.6039379835128784 -1.0721752643585205 85 126 50
-5.650865077972412 1.392195463180542 -1.127256155014038 78 98 63
-5.586193084716797 1.1613450050354004 -1.1632100343704224 102 140 89
-5.343876361846924 0.9054080843925476 -1.1610643863677979 90 98 74
-4.9803009033203125 1.4284781217575073 -1.15365469455719 84 121 67
-4.852422714233398 1.1994377374649048 -1.1630873680114746 95 113 89
-12.884438514709473 2.6525373458862305 2.185758352279663 198 215 233
-19.05354118347168 5.413536548614502 2.942253589630127 203 249 247
-19.001026153564453 4.65585994720459 2.710432529449463 197 236 241
-13.063863754272461 2.698983907699585 1.7185652256011963 173 200 230
-17.048492431640625 4.8515753746032715 1.9744369983673096 78 89 95
-20.92776107788086 5.1392011642456055 2.1847424507141113 168 179 165
-14.943184852600098 3.0964972972869873 1.4030613899230957 177 201 229
-15.268675804138184 4.349117755889893 1.182855248451233 62 100 111
-17.17904281616211 4.224356651306152 1.1477339267730713 149 189 199
-13.814582824707031 2.8699238300323486 0.7784711122512817 81 136 117
-14.942715644836426 4.262757301330566 0.5887944102287292 57 77 88
-11.280180931091309 2.778618812561035 0.3281550109386444 80 98 102
-14.084358215332031 2.9328927993774414 0.2689504027366638 59 68 85
-14.532785415649414 2.4830985069274902 0.13381046056747437 74 91 83
-8.459824562072754 2.4194302558898926 0.011671433225274086 97 110 93
-9.432421684265137 2.32887864112854 -0.08003906160593033 108 128 100
-12.122587203979492 2.531222343444824 -0.22092066705226898 84 107 97
-15.619869232177734 2.673609495162964 -0.4348974823951721 90 97 89
-8.511385917663574 2.4373908042907715 -0.3119560778141022 80 77 84
-9.796712875366211 2.4229955673217773 -0.4515638053417206 73 84 68
-11.658720970153809 2.4405252933502197 -0.6473930478096008 80 91 59
-11.85789680480957 2.0356483459472656 -0.7704421877861023 104 133 87
-8.823253631591797 2.5320324897766113 -0.6589522361755371 76 91 72
-9.437807083129883 2.340521812438965 -0.793282687664032 79 105 42
-9.643553733825684 2.0222034454345703 -0.8965467810630798 103 129 58
-9.379207611083984 1.6119849681854248 -0.959793746471405 111 166 83
-7.469668865203857 2.146977663040161 -0.8459668159484863 81 117 56
-7.494719982147217 1.863369107246399 -0.9158406853675842 115 155 129
-7.698378086090088 1.6180977821350098 -1.008710503578186 81 122 52
-7.73926305770874 1.3343034982681274 -1.0847262144088745 113 159 97
-6.422713279724121 1.8510318994522095 -0.9759427905082703 80 123 44
-6.506424427032471 1.620428442955017 -1.0442477464675903 80 106 59
-6.453606605529785 1.3591684103012085 -1.0921794176101685 85 111 66
-6.44542121887207 1.1116993427276611 -1.1504579782485962 85 99 76
-5.5964274406433105 1.6203035116195679 -1.0716326236724854 71 109 52
-5.645614147186279 1.409287691116333 -1.1270660161972046 42 101 73
-5.558635711669922 1.1734181642532349 -1.1582159996032715 101 123 84
-5.353600025177002 0.9239605069160461 -1.1637874841690063 84 92 77
-4.975894927978516 1.4437507390975952 -1.15365469455719 62 93 51
-4.843996047973633 1.2131359577178955 -1.1619541645050049 86 101 72
-18.808120727539062 4.657609462738037 3.4099292755126953 255 255 253
-13.028804779052734 2.7239506244659424 2.211656332015991 254 255 255
-18.79062271118164 5.401192665100098 2.9041988849639893 197 245 255
-19.28274917602539 4.787649154663086 2.752701759338379 174 216 228
-17.044986724853516 4.907155990600586 1.975765347480774 142 145 188
-18.572582244873047 4.621305465698242 1.9403457641601562 159 166 192
-13.147427558898926 2.7664787769317627 1.235243320465088 102 114 76
-16.53260040283203 4.764017581939697 1.281896948814392 105 135 133
-20.08639144897461 5.004679203033447 1.3429938554763794 168 194 211
-11.359354019165039 2.396237373352051 0.6405267715454102 75 95 128
-11.504115104675293 1.9951320886611938 0.5330556035041809 164 189 193
-11.205336570739746 3.233790636062622 0.44191765785217285 86 91 87
-19.105087280273438 4.768325328826904 0.5562145709991455 70 68 71
-14.080184936523438 2.977123498916626 0.26904386281967163 59 65 77
-8.745346069335938 2.530137062072754 0.01207599975168705 97 96 91
-11.7058744430542 2.9283289909362793 -0.09940627217292786 91 102 106
-12.361246109008789 2.6206576824188232 -0.2254154086112976 83 94 88
-14.140342712402344 2.4650399684906006 -0.3939123749732971 77 84 77
-8.679533004760742 2.5143802165985107 -0.31840014457702637 75 75 75
-9.501428604125977 2.38092041015625 -0.43828779458999634 108 133 114
-11.680480003356934 2.4825096130371094 -0.6490211486816406 77 92 71
-11.838815689086914 2.069783926010132 -0.7696113586425781 83 130 38
-8.802033424377441 2.55519700050354 -0.6579498052597046 73 82 53
-9.405449867248535 2.3631508350372314 -0.7911685705184937 128 171 99
-9.596394538879395 2.043070077896118 -0.8927409648895264 77 123 51
-9.355596542358398 1.6374931335449219 -0.9578872323036194 94 135 43
-7.4181809425354 2.156839370727539 -0.8408810496330261 104 154 65
-7.514967918395996 1.8929027318954468 -0.9190202951431274 83 118 50
-7.501310348510742 1.6007226705551147 -0.9835277795791626 81 119 70
-7.704887390136719 1.352730631828308 -1.0804846286773682 106 134 57
-6.4246039390563965 1.8729435205459595 -0.9770986437797546 83 116 45
-6.479387283325195 1.6348224878311157 -1.0407085418701172 81 110 30
-6.424322605133057 1.3735982179641724 -1.0879316329956055 91 125 74
-6.436160087585449 1.130446195602417 -1.149418592453003 90 116 69
-5.514033794403076 1.6147997379302979 -1.0567991733551025 85 123 66
-5.579398155212402 1.4109563827514648 -1.1147058010101318 80 95 54
-5.578003883361816 1.1953940391540527 -1.1630103588104248 84 103 73
-5.3651862144470215 0.9429196119308472 -1.1669293642044067 68 66 77
-4.940534591674805 1.4499390125274658 -1.1464823484420776 86 122 52
-4.833642959594727 1.226314902305603 -1.160367727279663 91 119 79
-18.79947280883789 4.7167277336120605 3.4109690189361572 247 255 255
-13.40875244140625 2.3422744274139404 2.127168893814087 235 255 251
-15.02980899810791 4.370145797729492 2.325004816055298 190 234 247
-19.25164031982422 4.842677116394043 2.750368595123291 113 143 91
-15.192036628723145 4.424218654632568 1.762546181678772 117 145 157
-18.46184539794922 4.65394401550293 1.9302592277526855 112 145 176
-13.179779052734375 2.8155388832092285 1.2390886545181274 200 243 252
-13.986964225769043 2.4624016284942627 1.1678717136383057 181 197 223
-16.513120651245117 4.813321590423584 1.2815256118774414 38 59 88
-11.970580101013184 3.021597146987915 0.8009795546531677 170 212 236
-13.792807579040527 2.9537980556488037 0.7782507538795471 136 150 150
-15.193500518798828 4.435290336608887 0.599737286567688 117 146 141
-19.000240325927734 4.804128646850586 0.5535886287689209 128 140 154
-13.906755447387695 2.9850552082061768 0.2659037113189697 77 89 103
-11.082206726074219 3.243098497390747 0.01531651709228754 73 80 90
-9.500347137451172 2.4075911045074463 -0.08073928207159042 113 129 116
-12.148859024047852 2.614603281021118 -0.22168762981891632 69 80 64
-13.651420593261719 2.422985792160034 -0.3804975748062134 86 95 90
-8.525042533874512 2.4980006217956543 -0.3130125105381012 78 79 81
-9.79812240600586 2.4872400760650635 -0.4523237347602844 80 92 82
-11.66011905670166 2.5155954360961914 -0.6483156085014343 92 107 76
-11.817672729492188 2.1034719944000244 -0.7686528563499451 87 128 32
-8.524271011352539 2.5029447078704834 -0.6377581357955933 62 77 70
-9.386564254760742 2.389045238494873 -0.7901928424835205 92 122 34
-9.144257545471191 1.9761552810668945 -0.8512392044067383 84 124 61
-9.34563159942627 1.6653152704238892 -0.9573854804039001 94 137 48
-7.400084018707275 2.176222085952759 -0.8395825624465942 94 130 42
-7.507200717926025 1.9154584407806396 -0.9187847375869751 84 124 53
-7.484731197357178 1.6212091445922852 -0.9820014834403992 96 127 51
-7.65779447555542 1.3686938285827637 -1.0744644403457642 106 142 78
-6.366626262664795 1.8772530555725098 -0.9691523909568787 132 182 121
-6.441792011260986 1.6463744640350342 -1.0354764461517334 87 126 61
-6.449001312255859 1.399578332901001 -1.0928329229354858 103 132 78
-6.437509059906006 1.1510534286499023 -1.150284767150879 86 115 85
-5.417581558227539 1.6046161651611328 -1.0392521619796753 72 105 36
-5.544609546661377 1.4202715158462524 -1.1086207628250122 77 108 49
-5.574310302734375 1.2125015258789062 -1.1630103588104248 87 104 72
-5.379593372344971 0.9624751210212708 -1.1706997156143188 91 104 97
-4.936062812805176 1.4650895595550537 -1.1464823484420776 86 111 69
-4.821367263793945 1.2389566898345947 -1.1583279371261597 79 94 61
-18.477516174316406 5.429950714111328 3.586801767349243 149 214 252
-18.63755989074707 5.4812235832214355 2.885685920715332 168 208 220
-13.413628578186035 2.900221109390259 1.7680139541625977 94 118 162
-17.26624298095703 5.085783958435059 2.0049917697906494 93 120 129
-18.541948318481445 4.734684944152832 1.9401439428329468 195 239 248
-19.226232528686523 4.168934345245361 1.8087360858917236 162 207 213
-19.19378662109375 5.658640384674072 1.4909029006958008 80 77 88
-18.468786239624023 4.722183704376221 1.236753225326538 169 198 216
-11.383464813232422 2.4743752479553223 0.6427303552627563 109 125 115
-11.481823921203613 2.0639150142669678 0.5325995087623596 203 220 250
-15.057148933410645 4.445662975311279 0.5948905944824219 86 95 94
-11.335471153259277 2.903153419494629 0.33052679896354675 51 72 93
-13.903392791748047 3.0289833545684814 0.26601582765579224 67 78 80
-11.488359451293945 3.4002537727355957 0.01589219644665718 73 83 75
-9.431897163391113 2.4210634231567383 -0.0802202969789505 104 123 104
-11.597672462463379 2.5332343578338623 -0.21177062392234802 76 80 79
-11.53388500213623 2.083665370941162 -0.3216535151004791 72 79 72
-8.50871467590332 2.521587371826172 -0.31269556283950806 82 89 95
-9.8146333694458 2.523507595062256 -0.45344123244285583 85 98 70
-11.724528312683105 2.5671610832214355 -0.6523316502571106 101 106 100
-11.815091133117676 2.140429735183716 -0.7689084410667419 97 138 59
-8.495515823364258 2.5228383541107178 -0.6361828446388245 71 98 53
-9.335759162902832 2.4066355228424072 -0.786533772945404 104 134 70
-9.426090240478516 2.0673515796661377 -0.8780612945556641 109 149 63
-9.312087059020996 1.6888304948806763 -0.954475462436676 117 161 102
-7.364786624908447 2.190412998199463 -0.8363363742828369 87 120 65
-7.475329875946045 1.9317728281021118 -0.9156051874160767 90 130 57
-7.5194411277771 1.652895212173462 -0.9872161746025085 84 113 20
-7.668178558349609 1.3948403596878052 -1.07651686668396 88 124 78
-6.374112606048584 1.9007353782653809 -0.9711750149726868 94 126 59
-6.413753509521484 1.6601873636245728 -1.0317833423614502 91 135 86
-6.448531150817871 1.4202057123184204 -1.0934864282608032 133 168 126
-6.439761638641357 1.1718560457229614 -1.1513241529464722 96 120 86
-5.423939228057861 1.6246159076690674 -1.041422963142395 95 134 55
-5.542126655578613 1.4377684593200684 -1.1090010404586792 81 108 73
-5.587786674499512 1.2333990335464478 -1.1666059494018555 91 112 71
-5.383349418640137 0.9802010655403137 -1.1721659898757935 64 67 74
-4.91284704208374 1.4746140241622925 -1.142135500907898 58 86 46
-4.7977495193481445 1.2485913038253784 -1.1535686254501343 84 124 36
-13.220013618469238 2.891169309616089 2.2485363483428955 188 204 238
-13.336853981018066 2.9264795780181885 1.7590696811676025 231 255 226
-16.616201400756836 4.949764728546143 1.9312617778778076 133 181 204
-20.972923278808594 5.424027919769287 2.1962409019470215 183 218 238
-13.114601135253906 2.885869264602661 1.234602451324463 201 241 253
-15.708232879638672 4.683471202850342 1.2212682962417603 120 167 161
-11.940221786499023 3.0919883251190186 0.8002026081085205 120 166 164
-11.359244346618652 2.5056312084198 0.6417937874794006 130 167 183
-14.222940444946289 2.601714611053467 0.6601169109344482 208 230 243
-11.293829917907715 3.372237205505371 0.4466128945350647 60 71 75
-13.619678497314453 3.5327279567718506 0.39744535088539124 93 123 125
-12.36229419708252 2.732994556427002 0.23668906092643738 66 67 71
-12.621686935424805 2.3163208961486816 0.11646701395511627 95 115 90
-11.551639556884766 3.4575626850128174 0.01599433273077011 66 74 76
-9.444747924804688 2.4552719593048096 -0.08039329200983047 67 66 62
-11.39461612701416 2.5255322456359863 -0.20820336043834686 97 99 85
-11.433055877685547 2.101691246032715 -0.31901994347572327 78 88 89
-8.517212867736816 2.5525572299957275 -0.3132942020893097 67 70 79
-9.50424861907959 2.474813461303711 -0.4394499957561493 76 82 72
-11.853063583374023 2.6334385871887207 -0.6599295139312744 85 99 74
-11.709344863891602 2.1583964824676514 -0.7624540328979492 101 136 44
-8.711273193359375 2.6160192489624023 -0.6529377102851868 74 78 61
-9.159567832946777 2.3912081718444824 -0.772304117679596 94 126 77
-9.435256958007812 2.099721908569336 -0.8795111775398254 79 119 46
-9.284358978271484 1.713239073753357 -0.9521675705909729 87 131 70
-7.336135387420654 2.2064120769500732 -0.8338475823402405 90 115 50
-7.497227668762207 1.9619885683059692 -0.9190202951431274 100 136 38
-7.440759658813477 1.659546971321106 -0.9775500297546387 97 135 36
-7.634641170501709 1.4129513502120972 -1.072412133216858 94 125 49
-6.371093273162842 1.921139121055603 -0.9716085195541382 89 123 62
-6.4134087562561035 1.6811094284057617 -1.032552719116211 110 136 39
-6.3998541831970215 1.4300861358642578 -1.0859711170196533 79 108 62
-6.354788303375244 1.1765464544296265 -1.1367723941802979 88 112 60
-5.486701488494873 1.66177499294281 -1.0544475317001343 91 131 60
-5.530093193054199 1.452769160270691 -1.1074798107147217 78 112 36
-5.5772833824157715 1.2490373849868774 -1.1652076244354248 103 129 82
-5.377432823181152 0.9961780309677124 -1.1715376377105713 78 76 89
-4.870938777923584 1.4783403873443604 -1.1334418058395386 86 109 41
-4.781652450561523 1.2600781917572021 -1.1506223678588867 78 114 68
-13.026176452636719 2.890681505203247 2.2170653343200684 183 228 234
-12.803628921508789 2.358207941055298 2.034528970718384 229 255 254
-20.90629005432129 6.2880754470825195 3.242870330810547 195 240 255
-18.706954956054688 4.889164924621582 2.678868055343628 144 190 206
-13.461411476135254 2.9971277713775635 1.7767025232315063 222 255 244
-16.4325008392334 4.949981212615967 1.9116668701171875 172 205 224
-19.72041130065918 5.164702415466309 2.06673002243042 173 212 229
-19.20029067993164 4.286825656890869 1.8087360858917236 204 244 254
-14.810615539550781 4.465366363525391 1.1525408029556274 81 106 126
-18.34583282470703 4.810864448547363 1.2304733991622925 105 113 102
-13.261283874511719 2.967878580093384 0.749769389629364 160 200 202
-14.086236000061035 2.6213955879211426 0.6541423797607422 215 254 249
-11.265254974365234 3.4013822078704834 0.44589346647262573 100 108 87
-16.812776565551758 4.416061878204346 0.4910184144973755 65 60 67
-13.865034103393555 3.1098597049713135 0.2656420171260834 85 86 91
-15.706962585449219 2.9323675632476807 0.1450188159942627 79 90 84
-11.470149993896484 3.4715497493743896 0.015896175056695938 91 109 113
-9.471982955932617 2.4934005737304688 -0.08068984746932983 94 115 84
-13.43435287475586 3.02089524269104 -0.2456417977809906 78 82 85
-13.720905303955078 2.5657992362976074 -0.3830763101577759 97 104 88
-8.719756126403809 2.642439842224121 -0.32104116678237915 100 115 94
-9.704298973083496 2.5587210655212402 -0.4490605890750885 79 83 84
-10.430549621582031 2.350996494293213 -0.581128716468811 90 95 89
-11.680109024047852 2.190079927444458 -0.7609842419624329 78 107 59
-8.51232624053955 2.5847718715667725 -0.6386173367500305 86 109 53
-9.01921272277832 2.3841471672058105 -0.7610830664634705 82 112 58
-9.340370178222656 2.108701467514038 -0.871265172958374 99 138 45
-9.216474533081055 1.729967713356018 -0.9457455277442932 93 118 79
-7.234220027923584 2.199984312057495 -0.8230268359184265 87 122 30
-7.449896812438965 1.9740431308746338 -0.9139564633369446 86 129 49
-7.384359359741211 1.670765995979309 -0.9708091616630554 91 132 66
-7.635138034820557 1.4372837543487549 -1.0730962753295898 82 117 61
-6.345293045043945 1.934616208076477 -0.9685745239257812 86 128 28
-6.378615379333496 1.6929199695587158 -1.0277823209762573 93 129 29
-6.465673923492432 1.4656351804733276 -1.0978976488113403 127 171 73
-6.249522686004639 1.1768990755081177 -1.1185826063156128 94 135 67
-5.443961143493652 1.6670812368392944 -1.0472116470336914 81 130 51
-5.516122341156006 1.4672048091888428 -1.1055781841278076 82 106 54
-5.583935737609863 1.2685301303863525 -1.1674050092697144 103 112 117
-5.373390197753906 1.0124900341033936 -1.1713281869888306 61 68 74
-4.854249477386475 1.489554762840271 -1.130616307258606 64 100 38
-4.776823043823242 1.2744910717010498 -1.1503957509994507 87 113 52
-18.494482040405273 5.620364665985107 3.599984645843506 144 211 254
-21.411222457885742 5.65217924118042 3.8971362113952637 224 255 250
-12.985699653625488 2.4329566955566406 2.0646369457244873 229 255 249
-19.14940071105957 5.823771953582764 2.9731085300445557 182 225 234
-18.936050415039062 5.011153697967529 2.7138636112213135 180 230 255
-13.389269828796387 3.024209499359131 1.768397331237793 181 202 221
-15.890531539916992 4.839947700500488 1.8503358364105225 147 170 184
-19.711206436157227 5.226964473724365 2.0674359798431396 195 238 254
-13.31128215789795 3.014897584915161 1.254835844039917 192 243 246
-15.859543800354004 2.993171215057373 1.3271939754486084 206 247 239
-19.358379364013672 5.901356220245361 1.5078431367874146 93 102 133
-18.29916000366211 4.858675479888916 1.2283369302749634 103 110 120
-13.295933723449707 3.0184969902038574 0.7522484660148621 69 67 68
-14.05555248260498 2.6603262424468994 0.6530934572219849 204 250 248
-11.299686431884766 3.449640989303589 0.44767308235168457 69 74 80
-11.345946311950684 3.01737904548645 0.3316280245780945 127 178 171
-11.261191368103027 2.5621423721313477 0.21590423583984375 62 62 70
-14.205615043640137 2.697204828262329 0.13123300671577454 84 95 81
-11.842893600463867 3.6240627765655518 0.016428081318736076 88 86 87
-11.560057640075684 3.0810182094573975 -0.09855777025222778 69 76 82
-13.419173240661621 3.060763120651245 -0.2455347776412964 60 64 73
-11.296210289001465 2.1482720375061035 -0.3155633509159088 59 51 64
-11.702430725097656 3.585547685623169 -0.43125930428504944 62 72 64
-9.437729835510254 2.51942777633667 -0.43708088994026184 78 93 72
-10.871057510375977 2.4853556156158447 -0.606093168258667 83 87 73
-11.669412612915039 2.225155830383301 -0.7607285380363464 91 131 68
-8.48147201538086 2.603849411010742 -0.6368988752365112 88 113 71
-8.943496704101562 2.3935117721557617 -0.7553098797798157 80 112 73
-9.333856582641602 2.137347459793091 -0.871265172958374 90 131 39
-9.14466667175293 1.7455499172210693 -0.938922107219696 77 112 46
-7.185626029968262 2.209313154220581 -0.8182656764984131 93 119 58
-7.411194801330566 1.9881417751312256 -0.9099525213241577 97 130 25
-7.1926164627075195 1.6505951881408691 -0.9462623596191406 88 128 57
-7.617071628570557 1.4580938816070557 -1.071180820465088 100 135 53
-6.201269626617432 1.9115182161331177 -0.9474807977676392 96 122 57
-6.312319755554199 1.6960718631744385 -1.0179338455200195 84 123 58
-6.38807487487793 1.4686648845672607 -1.0854809284210205 97 130 39
-6.237176895141602 1.1943997144699097 -1.1170234680175781 95 121 74
-5.386208534240723 1.6674871444702148 -1.0370813608169556 84 124 27
-5.498323440551758 1.480547308921814 -1.10291588306427 94 131 77
-5.574288368225098 1.2843354940414429 -1.1662064790725708 99 134 68
-5.387544631958008 1.0322827100753784 -1.1750985383987427 83 87 88
-4.839402198791504 1.5012593269348145 -1.1282256841659546 71 104 47
-4.8048601150512695 1.2977750301361084 -1.1581013202667236 76 106 54
-18.445199966430664 5.667261600494385 3.593759536743164 145 209 253
-18.790130615234375 5.777547836303711 2.920067310333252 163 200 229
-20.81407928466797 5.576531887054443 2.9854559898376465 113 139 176
-15.61915111541748 4.809703826904297 1.82044517993927 43 74 94
-19.525001525878906 5.241754055023193 2.0495829582214355 102 90 130
-13.37087631225586 3.0715513229370117 1.2613362073898315 89 124 166
-16.81949806213379 5.183834075927734 1.3113198280334473 119 157 193
-18.616641998291016 5.004162788391113 1.250672698020935 158 174 173
-18.925270080566406 4.357589244842529 1.0714926719665527 134 174 173
-14.049285888671875 2.703813076019287 0.6531846523284912 192 225 230
-11.697720527648926 3.6104249954223633 0.4638791084289551 81 92 88
-16.74289321899414 4.5077056884765625 0.48977601528167725 155 206 207
-11.192874908447266 2.5827414989471436 0.21474535763263702 63 62 67
-14.134435653686523 2.7286436557769775 0.13065215945243835 103 113 104
-8.254977226257324 2.553842544555664 0.011461853981018066 71 82 78
-9.404372215270996 2.5374062061309814 -0.0802450031042099 100 110 101
-11.614418983459473 2.686631441116333 -0.2126624435186386 65 68 73
-11.271900177001953 2.179502487182617 -0.3150695562362671 53 55 68
-9.106232643127441 2.8206787109375 -0.3359012305736542 49 47 52
-9.274686813354492 2.5064101219177246 -0.4298841059207916 77 89 85
-12.013140678405762 2.7852699756622314 -0.6702409386634827 80 90 82
-11.507736206054688 2.2309374809265137 -0.7506315112113953 75 111 67
-8.433433532714844 2.6174404621124268 -0.6338916420936584 151 172 141
-8.93130111694336 2.419635772705078 -0.7549033164978027 86 112 64
-9.213756561279297 2.1396164894104004 -0.8606631755828857 106 146 58
-9.129501342773438 1.771701693534851 -0.9379186630249023 91 124 67
-7.101919174194336 2.207447052001953 -0.8095008730888367 89 114 46
-7.364810466766357 1.9999395608901978 -0.9050065279006958 99 140 61
-7.1904168128967285 1.6733285188674927 -0.9466438889503479 84 105 64
-7.577557563781738 1.4746437072753906 -1.0662550926208496 92 122 68
-6.312519550323486 1.967037320137024 -0.965395987033844 81 104 50
-6.318528175354004 1.7185417413711548 -1.0197803974151611 94 129 71
-6.3806562423706055 1.4875842332839966 -1.0849908590316772 70 92 54
-6.225749492645264 1.2120238542556763 -1.1156376600265503 98 128 68
-5.372620105743408 1.6813602447509766 -1.0354533195495605 82 114 64
-5.494702339172363 1.4976671934127808 -1.1031060218811035 93 135 35
-5.553147315979004 1.297418475151062 -1.1626107692718506 87 110 68
-5.397789001464844 1.0514239072799683 -1.1780309677124023 60 57 68
-4.8254594802856445 1.5131785869598389 -1.1260521411895752 52 83 68
-4.81964635848999 1.317647099494934 -1.162634015083313 61 83 71
-18.300981521606445 5.684455871582031 3.5690417289733887 141 209 254
-12.921058654785156 2.503006935119629 2.0567626953125 241 253 251
-18.59851837158203 5.781144142150879 2.8930323123931885 163 207 220
-15.223380088806152 4.128763675689697 2.185363531112671 189 215 232
-15.004093170166016 3.485842704772949 1.9844636917114258 221 253 250
-16.45836639404297 5.123462677001953 1.920080542564392 69 81 97
-20.36713981628418 5.534881591796875 2.139756441116333 178 219 223
-13.546628952026367 3.1557095050811768 1.278822898864746 206 246 255
-13.597880363464355 2.652836322784424 1.1392691135406494 208 252 251
-16.812084197998047 5.238081455230713 1.3119885921478271 64 56 69
-18.58386993408203 5.0565385818481445 1.2495073080062866 126 149 155
-18.868057250976562 4.405414581298828 1.0690135955810547 146 177 171
-14.533072471618652 2.84318470954895 0.6760793924331665 130 142 158
-19.705320358276367 6.148195266723633 0.7821689248085022 53 77 87
-16.604572296142578 4.525146007537842 0.4861336350440979 96 100 125
-11.379605293273926 2.662626266479492 0.21848362684249878 75 80 86
-14.644094467163086 2.8736627101898193 0.13544407486915588 88 102 87
-11.535063743591309 3.6074161529541016 0.016031473875045776 90 91 86
-8.655701637268066 2.3639185428619385 -0.07391832768917084 84 100 89
-9.70794677734375 2.277028799057007 -0.1778816133737564 75 81 79
-10.95619010925293 2.153348207473755 -0.30642810463905334 70 72 71
-8.667407989501953 2.7139220237731934 -0.3200199604034424 83 83 75
-9.367167472839355 2.562265157699585 -0.4345329701900482 79 87 76
-10.40555477142334 2.446211814880371 -0.5809659361839294 68 72 47
-11.483213424682617 2.2627594470977783 -0.7494812607765198 87 113 48
-8.41394329071045 2.639718532562256 -0.6330323815345764 91 104 76
-8.784461975097656 2.4088070392608643 -0.7431130409240723 88 88 80
-9.14898681640625 2.154179334640503 -0.8552262783050537 88 130 58
-9.031290054321289 1.7814106941223145 -0.9283860325813293 87 127 56
-7.0922675132751465 2.2283310890197754 -0.8091762065887451 77 111 37
-7.335659503936768 2.0162088871002197 -0.9021801948547363 78 118 30
-7.064577579498291 1.666907787322998 -0.9307456612586975 83 122 39
-7.56328010559082 1.4959622621536255 -1.0648869276046753 105 135 61
-6.2507710456848145 1.968855381011963 -0.9568718075752258 85 115 53
-6.277024745941162 1.7279530763626099 -1.0139329433441162 107 140 61
-6.330937385559082 1.4964863061904907 -1.0773121118545532 89 122 69
-6.223934173583984 1.2315007448196411 -1.1159840822219849 87 116 68
-5.346806526184082 1.6913096904754639 -1.0314735174179077 83 122 57
-5.1673583984375 1.4254897832870483 -1.0382622480392456 98 126 51
-5.51767635345459 1.3069961071014404 -1.156018614768982 104 130 56
-5.40604829788208 1.0702579021453857 -1.1805446147918701 59 65 61
-4.8086981773376465 1.524141788482666 -1.1232267618179321 76 110 49
-4.820274829864502 1.3337260484695435 -1.1637672185897827 79 104 75
-18.32847785949707 5.754711151123047 3.5778303146362305 140 208 253
-18.88832664489746 5.9348368644714355 2.9409313201904297 173 201 222
-19.182373046875 5.265722751617432 2.755995273590088 191 240 237
-14.89958381652832 2.9437286853790283 1.8093984127044678 179 228 242
-15.079307556152344 4.744958877563477 1.7608855962753296 177 202 207
-15.951786994934082 4.387583255767822 1.6772891283035278 134 149 170
-15.125295639038086 3.5724198818206787 1.4288794994354248 185 202 209
-13.291507720947266 2.635420799255371 1.1142724752426147 206 252 252
-16.77691078186035 5.283644199371338 1.310502529144287 46 58 54
-19.596738815307617 5.3967604637146 1.3187158107757568 179 200 157
-13.4619140625 3.1867430210113525 0.763266384601593 105 136 154
-14.754530906677246 2.933537006378174 0.6867970824241638 190 241 232
-11.409456253051758 3.5982770919799805 0.4533149003982544 70 85 82
-17.4202880859375 4.804909706115723 0.5104445219039917 59 70 76
-11.184599876403809 2.653217315673828 0.21489489078521729 78 80 95
-14.126253128051758 2.817079544067383 0.13073384761810303 61 80 76
-12.023573875427246 3.800724744796753 0.016726532950997353 66 66 74
-16.90743064880371 4.673297882080078 -0.14450857043266296 89 87 75
-9.769978523254395 2.3232243061065674 -0.17914800345897675 75 84 81
-11.443584442138672 2.285628318786621 -0.3202544152736664 93 89 77
-8.269346237182617 2.617166042327881 -0.30561766028404236 57 63 63
-8.705530166625977 2.4100136756896973 -0.4041813611984253 81 76 70
-11.824872970581055 2.818186044692993 -0.6606892943382263 87 95 82
-11.420441627502441 2.2868101596832275 -0.7458386421203613 73 91 75
-8.481867790222168 2.6896393299102783 -0.6387605667114258 80 90 82
-8.751099586486816 2.4285497665405273 -0.7409176230430603 64 78 61
-9.154927253723145 2.185243606567383 -0.8564042448997498 80 117 48
-8.998465538024902 1.803634762763977 -0.9255762696266174 95 134 69
-7.115717887878418 2.2597079277038574 -0.8126388788223267 94 135 75
-7.313175201416016 2.0341808795928955 -0.9001782536506653 87 131 44
-7.068112373352051 1.6906503438949585 -0.9318903088569641 92 131 25
-7.543116092681885 1.516036033630371 -1.0626977682113647 102 132 58
-6.226786136627197 1.982319951057434 -0.9541267156600952 104 136 63
-6.221246242523193 1.7331486940383911 -1.00577712059021 94 132 31
-6.303290367126465 1.5103849172592163 -1.0733909606933594 67 97 59
-6.219161033630371 1.250395655632019 -1.1158108711242676 81 114 57
-5.330350875854492 1.7041115760803223 -1.0293028354644775 66 89 47
-5.472170829772949 1.5276581048965454 -1.1004438400268555 92 131 40
-5.470766067504883 1.313623070716858 -1.1470292806625366 95 130 64
-5.404656887054443 1.0872241258621216 -1.1809636354446411 73 88 67
-4.811436176300049 1.5412696599960327 -1.1249654293060303 72 115 36
-4.80678129196167 1.3458821773529053 -1.1615009307861328 66 96 58
-18.323856353759766 5.815078258514404 3.5803935527801514 75 108 161
-18.886024475097656 4.496096134185791 3.225775957107544 236 255 253
-20.896936416625977 6.6364641189575195 3.256828546524048 148 199 194
-19.156583786010742 5.321897029876709 2.7546229362487793 100 106 142
-13.234423637390137 3.160414218902588 1.752936601638794 188 217 223
-15.763644218444824 5.0134992599487305 1.8425863981246948 129 163 172
-13.522168159484863 3.2376112937927246 1.278365135192871 203 251 251
-13.53445053100586 2.726773262023926 1.1353352069854736 212 247 253
-16.747318267822266 5.330855369567871 1.309462308883667 92 110 114
-11.932232856750488 3.325443744659424 0.8036339282989502 103 136 145
-11.398581504821777 2.735262155532837 0.646751880645752 142 168 183
-13.990514755249023 2.826279401779175 0.6516340374946594 203 244 248
-15.532318115234375 4.950974941253662 0.6177229881286621 51 64 73
-11.169421195983887 3.117685079574585 0.3275620639324188 104 135 156
-11.218209266662598 2.697570323944092 0.21569862961769104 78 94 67
-12.065330505371094 2.444598913192749 0.11172956228256226 83 94 100
-11.223132133483887 3.5856099128723145 0.015628233551979065 65 74 79
-9.1774263381958 2.56701922416687 -0.07850681990385056 83 93 82
-9.891109466552734 2.384113073348999 -0.18150238692760468 68 77 82
-11.44239616394043 2.3219187259674072 -0.3204190135002136 70 76 74
-8.249855995178223 2.6388702392578125 -0.3051951229572296 79 88 69
-8.625946998596191 2.4164986610412598 -0.4008288085460663 67 73 69
-11.814229965209961 2.8539822101593018 -0.6605808138847351 83 95 85
-11.407504081726074 2.320643186569214 -0.7454552054405212 86 124 65
-8.319701194763184 2.666334390640259 -0.6271610856056213 105 132 97
-8.743607521057129 2.4553864002227783 -0.7409176230430603 101 119 57
-9.158827781677246 2.2158963680267334 -0.8574010729789734 79 121 39
-8.919769287109375 1.8163435459136963 -0.9180504679679871 101 130 76
-7.076568603515625 2.2711987495422363 -0.8089597821235657 97 133 63
-7.2906494140625 2.0520339012145996 -0.8981762528419495 104 145 41
-7.032046318054199 1.7048487663269043 -0.9278203845024109 107 152 35
-7.402549743652344 1.5114272832870483 -1.043542742729187 111 141 77
-6.172636032104492 1.9859580993652344 -0.9467584490776062 70 116 26
-6.199732780456543 1.7476695775985718 -1.0031611919403076 80 110 48
-6.295751094818115 1.5290175676345825 -1.0729008913040161 63 90 45
-6.208540916442871 1.2680902481079102 -1.114598274230957 89 124 58
-5.330712795257568 1.7222710847854614 -1.0303881168365479 72 111 44
-5.437225341796875 1.5358991622924805 -1.0943588018417358 94 124 60
-5.436244487762451 1.3229866027832031 -1.140636920928955 95 130 88
-5.401296138763428 1.1038002967834473 -1.1809636354446411 51 45 57
-4.7760396003723145 1.5461031198501587 -1.117793083190918 76 103 60
-4.767956733703613 1.3507996797561646 -1.1531153917312622 83 118 78
-18.275972366333008 5.861660003662109 3.5745346546173096 147 212 254
-18.9421443939209 4.570909023284912 3.237741470336914 235 254 255
-15.70303726196289 5.040068626403809 2.4497475624084473 184 235 254
-19.107744216918945 5.3715291023254395 2.7499568462371826 128 149 168
-13.179553985595703 2.6880288124084473 1.6024916172027588 180 228 248
-15.373501777648926 4.941404819488525 1.798746943473816 80 76 90
-19.579730987548828 4.751533508300781 1.8524073362350464 140 136 169
-13.995667457580566 2.864403009414673 1.1747559309005737 163 198 202
-17.917539596557617 5.763948917388916 1.4023371934890747 158 197 179
-20.4305362701416 5.761477947235107 1.3771772384643555 150 175 179
-17.33648681640625 4.21644401550293 0.9843960404396057 87 99 85
-13.762578010559082 2.824206829071045 0.6414180397987366 197 236 241
-11.003849983215332 3.5447375774383545 0.43805545568466187 53 66 75
-11.879356384277344 3.355165719985962 0.34868237376213074 107 130 148
-11.287590980529785 2.7509138584136963 0.21719394624233246 62 75 92
-12.37510871887207 2.5469138622283936 0.1146700531244278 73 81 83
-8.189708709716797 2.644197463989258 0.011415427550673485 83 89 87
-8.462310791015625 2.3950111865997314 -0.07245198637247086 97 92 99
-13.311397552490234 3.2517690658569336 -0.2444467693567276 70 83 73
-11.71033000946045 2.4137182235717773 -0.3281277120113373 80 91 85
-8.23886775970459 2.663245677947998 -0.30508947372436523 77 76 72
-8.744401931762695 2.4786407947540283 -0.4066845774650574 96 110 87
-11.800568580627441 2.8890271186828613 -0.6603094339370728 78 91 73
-11.050453186035156 2.2833354473114014 -0.7225770950317383 86 107 98
-8.639802932739258 2.798180103302002 -0.6519352793693542 96 129 60
-8.667003631591797 2.4625861644744873 -0.7350630760192871 73 95 56
-9.089115142822266 2.228569507598877 -0.8515110611915588 85 116 38
-8.89661693572998 1.8400731086730957 -0.9162443280220032 104 143 80
-7.093208312988281 2.3005664348602295 -0.8116649985313416 75 115 62
-7.256622791290283 2.0665042400360107 -0.8947611451148987 94 132 55
-6.951650619506836 1.7079554796218872 -0.9178999066352844 81 123 41
-7.361019134521484 1.5264873504638672 -1.0383434295654297 94 133 54
-6.118521690368652 1.9892827272415161 -0.9393901228904724 85 123 46
-6.1819891929626465 1.7631587982177734 -1.0011606216430664 87 117 63
-6.284324645996094 1.5466750860214233 -1.071757197380066 72 92 55
-6.1940131187438965 1.2849311828613281 -1.1126925945281982 89 130 52
-5.309510231018066 1.7334283590316772 -1.027312994003296 81 114 61
-5.402280807495117 1.5439401865005493 -1.0882737636566162 93 135 72
-5.415036201477051 1.3354356288909912 -1.1370413303375244 88 135 80
-5.395968914031982 1.1199685335159302 -1.1805446147918701 91 112 93
-4.760140895843506 1.557106852531433 -1.115185022354126 71 110 47
-4.764726161956787 1.3656896352767944 -1.1533420085906982 75 94 62
-19.386690139770508 6.283561706542969 3.7955286502838135 137 207 255
-18.894493103027344 4.6207990646362305 3.2320046424865723 193 230 255
-14.968659400939941 4.855065822601318 2.337493658065796 167 211 212
-19.068309783935547 5.423622131347656 2.7466633319854736 88 87 118
-19.721515655517578 4.837647914886475 2.6160523891448975 231 255 255
-13.135269165039062 2.7209978103637695 1.5981146097183228 191 232 236
-15.691940307617188 5.096926689147949 1.837826132774353 94 123 127
-17.065593719482422 4.863325119018555 1.7990334033966064 86 103 110
-13.498180389404297 3.3195695877075195 1.277998924255371 154 184 172
-19.536069869995117 4.060807228088379 1.6408393383026123 173 231 217
-15.999214172363281 5.20105504989624 1.2534401416778564 174 209 176
-15.258713722229004 4.3535871505737305 1.029451608657837 59 57 71
-19.64535140991211 4.841872215270996 1.1163356304168701 126 146 153
-15.113195419311523 3.1497154235839844 0.7048118710517883 200 237 243
-7.094231605529785 2.3093554973602295 0.28269705176353455 144 161 181
-11.173148155212402 3.1927521228790283 0.3282397389411926 69 65 100
-11.225711822509766 2.772346019744873 0.2161659151315689 73 82 89
-13.56529712677002 2.8352739810943604 0.12577857077121735 84 110 99
-15.264129638671875 4.980067253112793 0.021297480911016464 69 74 77
-8.689488410949707 2.4881269931793213 -0.07446202635765076 77 78 82
-9.479340553283691 2.3464975357055664 -0.17420732975006104 115 133 109
-11.427933692932129 2.3920841217041016 -0.3204190135002136 65 70 73
-5.990596771240234 1.9568029642105103 -0.22205610573291779 84 79 75
-8.468833923339844 2.428623914718628 -0.39421314001083374 66 69 76
-10.153785705566406 2.5189034938812256 -0.5685922503471375 86 99 90
-10.884196281433105 2.2838220596313477 -0.7121605277061462 65 73 62
-8.860584259033203 2.899749755859375 -0.6692629456520081 80 104 78
-8.62588119506836 2.479527473449707 -0.7322171330451965 86 121 55
-9.024246215820312 2.242036819458008 -0.8460741639137268 95 134 53
-8.800374984741211 1.8483396768569946 -0.9069122672080994 90 127 57
-7.058720588684082 2.3133387565612793 -0.8085269331932068 84 124 28
-7.246431827545166 2.087657928466797 -0.8942900896072388 86 122 24
-7.045515060424805 1.7539546489715576 -0.9309999942779541 97 130 59
-7.328190803527832 1.5431441068649292 -1.0343756675720215 102 142 45
-6.1189703941345215 2.010206460952759 -0.9404014348983765 65 106 27
-6.17275333404541 1.7810208797454834 -1.0005451440811157 87 118 58
-6.278593063354492 1.565709114074707 -1.0715938806533813 78 117 52
-6.183295726776123 1.3025070428848267 -1.1114799976348877 87 127 64
-5.296695232391357 1.7472448348999023 -1.0258657932281494 78 110 60
-5.372054100036621 1.5531446933746338 -1.0831395387649536 98 130 63
-5.399506092071533 1.3491920232772827 -1.1346441507339478 107 131 73
-5.394421577453613 1.1369211673736572 -1.1809636354446411 56 60 69
-4.771097183227539 1.5769108533859253 -1.118879795074463 63 111 59
-4.771739482879639 1.3835558891296387 -1.1560616493225098 66 104 45
-19.35797882080078 6.339949607849121 3.7936975955963135 138 206 253
-13.202180862426758 3.2716572284698486 2.260010242462158 244 255 248
-18.815956115722656 6.166795253753662 2.941225290298462 113 138 134
-19.641128540039062 4.881861686706543 2.607363700866699 239 255 254
-12.95389461517334 2.7248997688293457 1.577057123184204 178 223 242
-18.99164581298828 6.233187198638916 2.2265141010284424 69 93 93
-17.051549911499023 4.9159345626831055 1.799134373664856 82 103 122
-13.484067916870117 3.3600027561187744 1.2776328325271606 176 217 201
-11.299086570739746 2.3848371505737305 0.9496231079101562 207 239 224
-15.367047309875488 4.4355244636535645 1.0376737117767334 74 85 77
-11.970632553100586 2.989315986633301 0.6807421445846558 190 215 212
-15.103460311889648 3.1960673332214355 0.7048118710517883 57 58 79
-7.092808246612549 2.3329827785491943 0.28292423486709595 148 174 171
-11.071112632751465 3.200366735458374 0.3255290985107422 73 82 89
-11.254980087280273 2.8162381649017334 0.21689486503601074 64 63 71
-11.546384811401367 2.4502975940704346 0.10712824016809464 69 82 64
-8.255006790161133 2.7213242053985596 0.011529502458870411 89 108 102
-8.5060453414917 2.4638609886169434 -0.07295449823141098 80 85 65
-9.521557807922363 2.3879733085632324 -0.17511700093746185 88 97 96
-13.52962589263916 2.87536358833313 -0.37959229946136475 79 82 73
-5.985514163970947 1.975485920906067 -0.22209131717681885 70 69 67
-8.612935066223145 2.498570680618286 -0.4012758135795593 71 73 70
-9.497176170349121 2.3869686126708984 -0.5322309732437134 67 70 75
-11.060636520385742 2.356295108795166 -0.7241747379302979 77 94 58
-8.365833282470703 2.7662792205810547 -0.6325311660766602 100 124 88
-8.570382118225098 2.4920654296875 -0.7281516194343567 85 111 66
-8.874391555786133 2.2337350845336914 -0.8326630592346191 88 121 52
-8.899755477905273 1.8977396488189697 -0.9177495241165161 88 134 62
-7.01289701461792 2.322171211242676 -0.8040904402732849 82 120 19
-7.23331880569458 2.1079349517822266 -0.8934657573699951 80 122 59
-7.071839332580566 1.7835663557052612 -0.935197114944458 98 147 66
-7.289517402648926 1.5583711862564087 -1.029586911201477 86 129 39
-6.085539817810059 2.019930124282837 -0.9362116456031799 82 121 56
-6.13216495513916 1.7897074222564697 -0.9948514103889465 85 115 45
-6.2680206298828125 1.5835143327713013 -1.0706136226654053 85 105 54
-6.173491954803467 1.320235252380371 -1.1104406118392944 83 120 42
-5.29317569732666 1.7641085386276245 -1.026227593421936 78 115 37
-5.332399845123291 1.5594227313995361 -1.076103687286377 68 100 59
-5.363045692443848 1.35757577419281 -1.1278523206710815 84 116 69
-5.3937764167785645 1.1540794372558594 -1.1815919876098633 78 88 79
-4.757904052734375 1.5887585878372192 -1.1169238090515137 81 122 54
-4.769341468811035 1.3987370729446411 -1.1565148830413818 69 109 39
-19.23297119140625 6.364409446716309 3.773007869720459 137 203 251
-18.883007049560547 4.740970611572266 3.234954833984375 228 253 250
-13.284463882446289 2.828054666519165 2.1225368976593018 218 238 236
-20.49184799194336 6.785748481750488 3.2064321041107178 172 231 249
-18.96143913269043 5.519204616546631 2.736095905303955 96 130 155
-19.538537979125977 4.920057773590088 2.595736265182495 235 254 248
-14.970788955688477 4.964443683624268 1.7569001913070679 60 80 78
-15.537811279296875 4.531203746795654 1.6408767700195312 80 91 111
-19.11806869506836 4.826244354248047 1.8128560781478882 117 127 129
-13.25146770477295 2.839409589767456 1.114436388015747 200 247 255
-17.090463638305664 5.671981334686279 1.3416342735290527 120 157 163
-11.15772533416748 3.2576680183410645 0.7541068196296692 60 72 84
-18.039390563964844 4.563652038574219 1.026649832725525 200 235 215
-13.859063148498535 2.9771904945373535 0.647164523601532 120 164 163
-7.101738452911377 2.3600895404815674 0.2835679352283478 120 159 164
-11.60523796081543 3.3933823108673096 0.3415387272834778 71 69 83
-15.219898223876953 3.858001708984375 0.29352957010269165 72 83 87
-11.518284797668457 2.481287717819214 0.10693765431642532 92 109 90
-8.198232650756836 2.7305216789245605 0.011461853981018066 88 100 78
-8.414958953857422 2.465484619140625 -0.07223780453205109 77 82 88
-9.482207298278809 2.4090492725372314 -0.17452839016914368 70 80 82
-12.098997116088867 2.610142469406128 -0.339677095413208 77 78 73
-5.994594573974609 1.9988980293273926 -0.22265474498271942 69 73 74
-8.882261276245117 2.6062710285186768 -0.4141942858695984 81 92 62
-9.464649200439453 2.409688949584961 -0.5308199524879456 69 74 70
-10.953863143920898 2.3687031269073486 -0.7176563739776611 75 89 64
-8.306221008300781 2.7748658657073975 -0.6286646723747253 80 98 74
-8.543571472167969 2.5127227306365967 -0.7265253067016602 80 107 76
-8.84433650970459 2.2550454139709473 -0.8304882645606995 91 127 40
-8.888056755065918 1.9237717390060425 -0.9171473979949951 88 128 58
-6.9953694343566895 2.3402063846588135 -0.8029001951217651 79 129 44
-7.203004837036133 2.1230976581573486 -0.8905217051506042 104 132 32
-6.830885887145996 1.7451034784317017 -0.9040366411209106 93 127 51
-7.1578850746154785 1.5532094240188599 -1.0116631984710693 75 120 39
-6.069932460784912 2.035444736480713 -0.9347668290138245 58 99 39
-6.116220951080322 1.8054351806640625 -0.993158757686615 78 117 52
-6.251663684844971 1.5998018980026245 -1.0686531066894531 78 109 68
-6.145350933074951 1.3339459896087646 -1.106109619140625 80 114 63
-5.266300678253174 1.7731213569641113 -1.0220669507980347 88 122 46
-5.277694225311279 1.5610169172286987 -1.0660253763198853 72 116 31
-5.393024444580078 1.3827840089797974 -1.1350436210632324 82 119 49
-5.381610870361328 1.16875422000885 -1.1797068119049072 70 75 68
-4.742833614349365 1.5999162197113037 -1.1145329475402832 74 116 44
-4.759425163269043 1.4117008447647095 -1.155155062675476 72 113 73
-18.509416580200195 6.188045501708984 3.634772539138794 138 206 253
-19.224021911621094 4.889334201812744 3.2959301471710205 221 255 254
-13.134730339050293 2.838329315185547 2.099994659423828 183 214 199
-19.166112899780273 6.412055015563965 3.002053737640381 133 162 158
-18.929214477539062 5.5728759765625 2.733900308609009 152 208 233
-19.39553451538086 4.9473748207092285 2.578742265701294 206 245 244
-13.420209884643555 2.9090921878814697 1.6359705924987793 87 127 152
-14.99129867553711 5.0223469734191895 1.7611069679260254 125 138 180
-17.08404541015625 5.0390448570251465 1.8057914972305298 142 159 140
-18.411441802978516 4.7079925537109375 1.7472120523452759 160 214 226
-13.24074649810791 2.8796274662017822 1.1142724752426147 182 202 229
-20.141145706176758 6.753109931945801 1.5827375650405884 140 199 215
-14.791154861450195 4.367794513702393 1.0005769729614258 67 82 103
-11.968507766723633 3.0669238567352295 0.6816786527633667 76 111 130
-13.841079711914062 3.017780303955078 0.6467540264129639 127 151 153
-7.101095676422119 2.3840928077697754 0.28383299708366394 99 115 130
-11.415520668029785 3.375959873199463 0.3362586498260498 50 62 74
-15.273841857910156 3.9215850830078125 0.2948005795478821 69 75 71
-11.497918128967285 2.5138370990753174 0.10681966692209244 97 115 91
-11.554455757141113 3.8877744674682617 0.016170751303434372 72 74 61
-8.410231590270996 2.4921422004699707 -0.07226251810789108 81 99 99
-9.502852439880371 2.445354700088501 -0.17504563927650452 76 81 74
-10.686735153198242 2.3398072719573975 -0.30022820830345154 81 87 83
-5.96665096282959 2.009941816329956 -0.22184482216835022 95 101 87
-8.70566463470459 2.5834875106811523 -0.4063269793987274 72 73 77
-9.445609092712402 2.435722589492798 -0.5301687121391296 78 80 77
-10.924125671386719 2.3973779678344727 -0.7161865830421448 72 84 62
-8.044390678405762 2.7148585319519043 -0.609475314617157 91 108 72
-8.461307525634766 2.5167579650878906 -0.7201829552650452 71 83 59
-8.7351655960083 2.2557740211486816 -0.8208830952644348 85 124 57
-8.499229431152344 1.8669273853302002 -0.8776116967201233 92 128 41
-6.9712042808532715 2.3559277057647705 -0.8009524345397949 61 64 35
-7.078451156616211 2.1100099086761475 -0.8759191036224365 87 133 35
-7.087649822235107 1.8338817358016968 -0.938758373260498 84 129 36
-7.084399700164795 1.5600368976593018 -1.0019487142562866 89 129 30
-6.076779842376709 2.058501958847046 -0.9367895126342773 73 101 42
-6.1021318435668945 1.821647047996521 -0.991773784160614 95 135 65
-6.1980204582214355 1.6063510179519653 -1.0603207349777222 67 99 78
-6.144114971160889 1.3534290790557861 -1.1066293716430664 82 120 97
-5.2543182373046875 1.7870529890060425 -1.0208005905151367 67 100 31
-5.273820877075195 1.5774825811386108 -1.0662155151367188 76 111 53
-5.397292137145996 1.4015395641326904 -1.1368415355682373 91 130 65
-5.383728981018066 1.1865220069885254 -1.1809636354446411 85 99 84
-4.723120212554932 1.609422206878662 -1.111055612564087 61 90 46
-4.752273082733154 1.4254564046859741 -1.154475212097168 65 95 61
-18.68128204345703 6.30928897857666 3.672306776046753 135 203 252
-18.780698776245117 5.579333782196045 3.4478867053985596 148 216 253
-13.17807388305664 2.8900418281555176 2.1083321571350098 198 226 214
-14.512506484985352 4.904741287231445 2.275489568710327 145 182 226
-15.396578788757324 4.58422327041626 2.2257111072540283 143 195 232
-19.390827178955078 5.009584903717041 2.5801477432250977 219 255 251
-13.481047630310059 2.965611457824707 1.6444882154464722 74 125 180
-15.53407096862793 5.257246971130371 1.8267555236816406 143 191 203
-20.41680335998535 6.090211868286133 2.1600303649902344 162 200 209
-19.776390075683594 5.121715068817139 1.8782254457473755 129 173 172
-13.149126052856445 2.9019792079925537 1.1073062419891357 198 244 255
-15.303240776062012 5.183294296264648 1.2038078308105469 87 100 119
-14.680154800415039 4.384026527404785 0.9939733743667603 117 128 156
-17.81195640563965 4.622584819793701 1.01530122756958 184 222 223
-11.334802627563477 2.5077872276306152 0.5299999117851257 88 89 81
-15.541705131530762 5.271018981933594 0.6218501925468445 143 177 186
-19.478422164916992 5.825479984283447 0.5742853879928589 74 76 88
-13.825750350952148 3.595033884048462 0.26706257462501526 62 71 68
-13.75499153137207 3.0515568256378174 0.12787504494190216 91 102 88
-11.151444435119629 3.7902965545654297 0.01562292780727148 95 109 94
-9.319239616394043 2.7926318645477295 -0.08014614880084991 73 74 76
-9.481760025024414 2.4709675312042236 -0.17479592561721802 91 97 93
-11.2542724609375 2.5002739429473877 -0.3163863718509674 88 94 82
-5.968025207519531 2.030813455581665 -0.2221265286207199 67 79 77
-8.522595405578613 2.557636022567749 -0.3981468081474304 76 83 76
-9.63325023651123 2.5156540870666504 -0.5411313772201538 68 85 69
-10.841712951660156 2.4141793251037598 -0.7112658619880676 73 89 53
-8.221064567565918 2.8026068210601807 -0.6235093474388123 68 96 58
-8.418231964111328 2.532083034515381 -0.7171744108200073 96 116 79
-8.715679168701172 2.279287099838257 -0.8197051286697388 92 138 39
-8.48083782196045 1.890180230140686 -0.8763073086738586 96 138 56
-6.242335319519043 2.1309661865234375 -0.7179572582244873 96 122 74
-7.103320598602295 2.141174077987671 -0.8798052668571472 92 137 44
-7.100220680236816 1.8603943586349487 -0.9411749243736267 86 124 51
-7.16658878326416 1.6012041568756104 -1.0142627954483032 79 122 40
-6.0610737800598145 2.07393217086792 -0.9353447556495667 66 103 26
-6.091784954071045 1.838931918144226 -0.9910044074058533 91 136 51
-6.138670921325684 1.6110836267471313 -1.0510082244873047 98 126 67
-6.145700931549072 1.3735615015029907 -1.1076688766479492 94 125 68
-5.233928680419922 1.7980520725250244 -1.0179063081741333 77 117 46
-5.271775245666504 1.5945076942443848 -1.0667859315872192 92 137 68
-5.367380619049072 1.4113636016845703 -1.1314479112625122 71 106 42
-5.35906982421875 1.1983389854431152 -1.1763553619384766 107 128 89
-4.705238342285156 1.619457483291626 -1.1080126762390137 86 131 40
-4.737624645233154 1.4369198083877563 -1.1519821882247925 93 120 41
-18.660907745361328 6.366255283355713 3.672123670578003 136 203 255
-18.638986587524414 5.599522113800049 3.4250082969665527 149 214 252
-13.105493545532227 2.9162938594818115 2.098141670227051 159 160 154
-19.41004753112793 6.626366138458252 3.0465731620788574 151 180 186
-19.382083892822266 5.0708088874816895 2.5810422897338867 230 250 248
-13.405014991760254 2.9920313358306885 1.636325478553772 162 197 225
-15.051420211791992 5.145421981811523 1.7718454599380493 153 211 235
-19.582674026489258 5.906880855560303 2.0736896991729736 180 228 228
-19.129669189453125 5.016901969909668 1.8182576894760132 190 226 222
-13.687708854675293 3.0649116039276123 1.1534473896026611 141 188 178
-15.247635841369629 5.216660499572754 1.2006871700286865 123 136 170
-14.85291862487793 4.485297203063965 1.006597876548767 86 105 73
-18.702543258666992 4.915003776550293 1.0669201612472534 146 153 179
-11.371892929077148 2.552614450454712 0.5320978760719299 62 64 51
-7.129819393157959 2.442516565322876 0.2855747640132904 109 106 117
-14.899368286132812 4.505851745605469 0.4396859407424927 71 80 87
-11.37233829498291 2.9943654537200928 0.21984811127185822 60 68 71
-13.94457721710205 3.1385345458984375 0.12972645461559296 86 89 72
-8.046960830688477 2.7626733779907227 0.011285435408353806 75 80 83
-8.277070999145508 2.5080320835113525 -0.07124926149845123 80 99 93
-9.497336387634277 2.5061683654785156 -0.17522400617599487 56 47 68
-10.892563819885254 2.455007314682007 -0.30642810463905334 59 61 60
-5.985394477844238 2.057234525680542 -0.22300685942173004 72 84 80
-9.06916332244873 2.752019166946411 -0.42407307028770447 65 69 70
-9.630313873291016 2.5464730262756348 -0.5414026975631714 67 87 59
-10.678506851196289 2.4122467041015625 -0.7010409832000732 89 101 87
-8.543451309204102 2.941798448562622 -0.6486415863037109 62 78 52
-8.372281074523926 2.546297550201416 -0.7139219045639038 92 118 55
-8.68746566772461 2.3004071712493896 -0.817711591720581 92 127 59
-8.60309886932373 1.9451534748077393 -0.8895527124404907 95 141 51
-6.76583194732666 2.3328745365142822 -0.7789863348007202 80 122 50
-7.010276794433594 2.136610746383667 -0.8690888285636902 97 138 62
-7.125157833099365 1.8903077840805054 -0.9452447891235352 99 139 43
-6.9568305015563965 1.5767629146575928 -0.9852564334869385 97 137 38
-6.049071311950684 2.090578317642212 -0.9344779253005981 55 93 16
-6.082334518432617 1.8564587831497192 -0.9903888702392578 85 120 66
-6.126071453094482 1.6278822422027588 -1.04970121383667 84 119 65
-6.135694980621338 1.3911031484603882 -1.1066293716430664 105 146 106
-5.2088751792907715 1.807330846786499 -1.0141074657440186 88 121 66
-5.255592346191406 1.607228398323059 -1.0645040273666382 79 128 23
-5.364919185638428 1.4283281564712524 -1.1318475008010864 104 137 110
-5.3124566078186035 1.2050410509109497 -1.1669293642044067 81 108 73
-4.689184665679932 1.6300395727157593 -1.1054046154022217 58 88 36
-4.709914684295654 1.444309115409851 -1.146316409111023 72 103 27
-18.650583267211914 6.4266791343688965 3.673954725265503 137 200 254
-18.639623641967773 5.662117958068848 3.4283013343811035 142 211 252
-19.57581901550293 4.419174671173096 3.1361727714538574 231 255 237
-15.39294147491455 5.3077569007873535 2.4185984134674072 173 235 255
-18.941556930541992 5.766476154327393 2.743232250213623 137 188 209
-19.460390090942383 5.155137538909912 2.593564033508301 203 235 222
-13.384151458740234 3.0305116176605225 1.6349058151245117 183 227 252
-18.939830780029297 6.5396647453308105 2.231938600540161 143 214 220
-15.052804946899414 4.5909295082092285 1.5954872369766235 152 212 187
-18.981369018554688 5.040298938751221 1.8056232929229736 154 206 202
-18.748538970947266 4.25856351852417 1.581011414527893 106 123 113
-7.020090579986572 2.425861358642578 0.5533860325813293 144 166 207
-15.097732543945312 4.609817028045654 1.024142861366272 56 51 74
-11.966791152954102 3.1841378211975098 0.683221161365509 116 136 125
-13.347132682800293 3.039032220840454 0.6249538660049438 66 69 76
-15.501516342163086 5.363667964935303 0.621547281742096 67 74 58
-11.445144653320312 3.499589204788208 0.3380657434463501 63 69 91
-11.35730266571045 3.027696132659912 0.21973596513271332 70 79 84
-13.926108360290527 3.179298162460327 0.12964478135108948 84 97 87
-11.048612594604492 3.831129312515259 0.015511504374444485 119 142 113
-11.165374755859375 3.4206507205963135 -0.09620174020528793 75 83 86
-11.6958589553833 3.1247291564941406 -0.21596217155456543 86 98 86
-11.381967544555664 2.602029800415039 -0.3204190135002136 50 58 61
-12.450935363769531 4.322257041931152 -0.4643951654434204 93 104 98
-11.449289321899414 3.5126595497131348 -0.5358688831329346 73 85 75
-12.466944694519043 3.3374979496002197 -0.7014464735984802 73 75 54
-10.547516822814941 2.4166908264160156 -0.6929250359535217 80 101 62
-5.9210309982299805 2.0591514110565186 -0.45001792907714844 78 80 79
-8.011942863464355 2.463585376739502 -0.6838364005088806 74 87 43
-8.642852783203125 2.3169922828674316 -0.8141776323318481 87 121 45
-8.64363956451416 1.9822131395339966 -0.8943691849708557 104 138 62
-6.759581565856934 2.353947877883911 -0.7790945172309875 77 109 34
-6.908787727355957 2.1288654804229736 -0.8573125600814819 77 113 52
-7.106872081756592 1.9088138341903687 -0.9435914158821106 75 109 48
-6.920101642608643 1.5907751321792603 -0.9807413220405579 88 129 51
-6.042628765106201 2.1091268062591553 -0.9344779253005981 80 114 40
-6.073777675628662 1.8742362260818481 -0.9899271726608276 105 132 77
-6.074367046356201 1.634110927581787 -1.0416957139968872 84 114 54
-6.1227593421936035 1.4079341888427734 -1.1050702333450317 90 130 77
-5.2042341232299805 1.8236281871795654 -1.0142884254455566 88 121 42
-5.235630035400391 1.6187050342559814 -1.0614615678787231 58 105 11
-5.352943420410156 1.4427409172058105 -1.1302495002746582 76 112 38
-5.283005714416504 1.2154145240783691 -1.1612738370895386 89 114 72
-4.656531810760498 1.6347182989120483 -1.0988843441009521 62 111 32
-4.685925006866455 1.4526957273483276 -1.1415570974349976 61 99 48
-18.639135360717773 6.486775875091553 3.6756021976470947 128 197 254
-12.8871488571167 4.488000869750977 2.0270326137542725 170 216 252
-18.935136795043945 5.828057765960693 2.7448792457580566 133 190 219
-19.40041732788086 5.202999114990234 2.587686538696289 99 116 146
-13.360273361206055 3.068225622177124 1.6331312656402588 194 236 252
-14.624485969543457 5.099905014038086 1.72523832321167 142 192 203
-15.054811477661133 4.642073154449463 1.597201943397522 86 88 66
-20.770849227905273 5.583749771118164 1.9774696826934814 142 181 196
-13.257828712463379 3.0542006492614746 1.1187801361083984 98 120 131
-6.996608734130859 2.441801071166992 0.552122950553894 168 188 187
-19.733768463134766 6.091594696044922 1.33988618850708 155 187 172
-18.359661102294922 4.945524215698242 1.049071192741394 153 196 189
-13.577188491821289 3.135258674621582 0.6361731886863708 100 126 115
-16.19626808166504 5.659756660461426 0.6500971913337708 91 93 82
-11.453454971313477 3.540590524673462 0.33863046765327454 60 59 64
-9.355599403381348 2.5248382091522217 0.1811569333076477 82 92 102
-11.372681617736816 2.633091926574707 0.10594841837882996 55 63 65
-11.243499755859375 3.937390089035034 0.01580199785530567 78 90 90
-11.299062728881836 3.4995622634887695 -0.09744565933942795 70 80 90
-9.438347816467285 2.5526490211486816 -0.17442137002944946 90 112 110
-13.100470542907715 3.0372188091278076 -0.3690579831600189 63 70 76
-8.382282257080078 2.9386980533599854 -0.31297728419303894 64 65 67
-11.572040557861328 3.589200973510742 -0.5421268939971924 79 87 90
-9.337906837463379 2.530557155609131 -0.5258270502090454 71 79 66
-10.405909538269043 2.417869806289673 -0.684106171131134 96 122 87
-6.133016109466553 2.153987407684326 -0.4666295647621155 78 83 51
-8.36601734161377 2.600579261779785 -0.7147349715232849 74 89 56
-8.593413352966309 2.3320207595825195 -0.8101904988288879 97 120 78
-8.485370635986328 1.9733392000198364 -0.8786152005195618 105 141 43
-6.880809783935547 2.4198596477508545 -0.7939189672470093 87 121 44
-6.86524772644043 2.138533115386963 -0.8527198433876038 79 124 59
-7.118210792541504 1.9352924823760986 -0.9458807706832886 95 132 36
-6.884317398071289 1.6048017740249634 -0.9763630032539368 88 118 68
-6.007199764251709 2.117457866668701 -0.9299991130828857 53 95 19
-6.07177209854126 1.8940385580062866 -0.9905427098274231 88 128 75
-6.075036525726318 1.654294490814209 -1.0426760911941528 115 147 71
-6.0973100662231445 1.4217915534973145 -1.1012591123580933 105 119 96
-5.163382530212402 1.8271186351776123 -1.0074143409729004 63 100 20
-5.191283226013184 1.6224600076675415 -1.0534749031066895 66 118 36
-5.283266544342041 1.4413620233535767 -1.1164659261703491 84 115 48
-5.284965515136719 1.2329497337341309 -1.1625306606292725 113 143 91
-4.640454292297363 1.645082950592041 -1.0962761640548706 70 113 44
-4.673081874847412 1.4644438028335571 -1.1395174264907837 72 106 55
-18.57184410095215 6.527304172515869 3.666264533996582 120 173 187
-15.919955253601074 5.5990118980407715 2.506756067276001 146 212 228
-19.13092041015625 5.952632427215576 2.7758948802948 122 168 181
-15.133625984191895 4.108497619628906 2.020240545272827 180 197 227
-13.455245018005371 3.133524179458618 1.6459077596664429 182 228 241
-15.816170692443848 5.569956302642822 1.8678274154663086 136 181 204
-15.103187561035156 4.707779407501221 1.6038590669631958 69 86 106
-20.772838592529297 5.652677059173584 1.979300856590271 155 194 199
-19.201488494873047 4.485518932342529 1.621497631072998 74 99 77
-6.986262798309326 2.4622604846954346 0.5519000291824341 120 163 179
-16.77621841430664 5.235058784484863 1.140159249305725 79 82 89
-15.200141906738281 4.144506454467773 0.8692587018013 180 221 227
-13.761063575744629 3.2222206592559814 0.6452490091323853 118 160 150
-13.219918251037598 4.665236473083496 0.5312023758888245 49 58 53
-11.434905052185059 3.57332706451416 0.3384045660495758 55 63 74
-9.444258689880371 2.5798757076263428 0.18302609026432037 71 89 91
-11.496944427490234 2.699051856994629 0.10718268901109695 77 78 83
-13.113161087036133 4.6373443603515625 0.01844959147274494 82 93 87
-8.188745498657227 2.563789129257202 -0.07068908959627151 106 108 97
-9.27328109741211 2.538562536239624 -0.17151404917240143 71 80 79
-14.574091911315918 3.426013469696045 -0.41086605191230774 98 107 106
-8.24039363861084 2.9173731803894043 -0.3080121874809265 67 74 90
-5.9520721435546875 1.8661397695541382 -0.27910953760147095 86 99 82
-9.35417366027832 2.5657970905303955 -0.5271838307380676 70 74 41
-10.540261268615723 2.483194589614868 -0.693436324596405 87 110 58
-8.480292320251465 3.007636547088623 -0.6459207534790039 86 115 49
-8.373213768005371 2.631014347076416 -0.7160360813140869 60 76 50
-8.571813583374023 2.3544178009033203 -0.8088313341140747 76 91 62
-8.692323684692383 2.049597978591919 -0.9006909728050232 96 133 56
-6.803093433380127 2.416006565093994 -0.7858034372329712 90 125 43
-6.858654499053955 2.1595852375030518 -0.8527198433876038 81 137 46
-7.131366729736328 1.9623849391937256 -0.9484244585037231 89 115 54
-6.833087921142578 1.6149784326553345 -0.9697955250740051 74 112 55
-5.9736409187316895 2.1262552738189697 -0.9258092641830444 74 97 53
-5.990544319152832 1.88888680934906 -0.9782321453094482 70 112 30
-6.008110523223877 1.6558860540390015 -1.032056450843811 93 133 73
-6.084293365478516 1.4384517669677734 -1.0996999740600586 85 113 65
-5.132746696472168 1.834015965461731 -1.0025300979614258 91 128 50
-5.184408187866211 1.6377873420715332 -1.053094506263733 64 95 38
-5.262762546539307 1.4531306028366089 -1.1130698919296265 93 128 62
-5.297334671020508 1.2529842853546143 -1.1660915613174438 109 132 86
-4.6188435554504395 1.6533904075622559 -1.092363953590393 64 102 29
-4.652781963348389 1.4737738370895386 -1.1356645822525024 63 99 55
-18.772232055664062 6.662510395050049 3.709840774536133 112 170 210
-19.54538345336914 6.941521167755127 3.0809547901153564 163 225 246
-15.985882759094238 5.027889728546143 2.32177734375 115 173 187
-15.45663070678711 4.247145652770996 2.065089225769043 165 184 214
-13.273548126220703 3.134171724319458 1.6248503923416138 157 191 218
-12.864316940307617 4.574817180633545 1.5208755731582642 109 166 193
-19.654844284057617 6.192788600921631 2.0892229080200195 143 176 195
-16.700132369995117 4.59949254989624 1.5925776958465576 139 177 186
-15.312286376953125 3.6265676021575928 1.294001817703247 92 124 147
-15.48123550415039 5.509708881378174 1.224314570426941 139 153 136
-16.738191604614258 5.279599189758301 1.1386702060699463 146 183 150
-20.809343338012695 5.742570400238037 1.1910370588302612 179 225 214
-18.945199966430664 4.49746561050415 0.8889732360839844 158 190 179
-15.352657318115234 5.470892906188965 0.6175715327262878 54 47 65
-11.466781616210938 3.6219406127929688 0.3396751880645752 84 95 113
-11.184404373168945 3.0921339988708496 0.2169322669506073 88 96 99
-13.27075481414795 3.1584651470184326 0.12380916625261307 70 74 77
-7.156397342681885 2.5555200576782227 0.010079693049192429 107 111 112
-8.188468933105469 2.591313600540161 -0.0707549899816513 65 65 65
-8.907974243164062 2.4679620265960693 -0.16489678621292114 107 112 90
-9.618900299072266 2.292332410812378 -0.2713685631752014 64 75 81
-7.884154796600342 2.81850266456604 -0.29501840472221375 80 91 87
-6.044407844543457 1.9154762029647827 -0.2837136685848236 72 84 84
-8.596748352050781 2.3864223957061768 -0.4849070906639099 72 89 71
-10.754874229431152 2.5686075687408447 -0.7080706357955933 82 110 69
-6.358198642730713 2.2769951820373535 -0.48481646180152893 70 89 57
-8.410698890686035 2.6711714267730713 -0.7199389934539795 58 66 42
-8.448450088500977 2.3484318256378174 -0.7978668808937073 89 118 54
-8.469232559204102 2.024442195892334 -0.8782138228416443 96 131 41
-6.71891450881958 2.4093503952026367 -0.7769303917884827 90 131 35
-6.841588020324707 2.177304744720459 -0.8514244556427002 99 137 28
-7.040271282196045 1.9605722427368164 -0.9371049404144287 63 100 22
-6.776081085205078 1.6234710216522217 -0.9624071717262268 99 138 55
-5.952190399169922 2.1392171382904053 -0.9234976172447205 74 97 45
-5.999783992767334 1.9120570421218872 -0.9806942343711853 111 153 25
-6.025808811187744 1.6806719303131104 -1.0359774827957153 88 124 52
-6.0750627517700195 1.4559636116027832 -1.0988337993621826 64 113 47
-5.063261032104492 1.8267241716384888 -0.9900481700897217 89 132 52
-5.170942306518555 1.6509977579116821 -1.051383137702942 91 129 30
-5.249786853790283 1.4668965339660645 -1.1112720966339111 75 113 64
-5.289661884307861 1.2683184146881104 -1.1652536392211914 109 134 94
-4.604569911956787 1.664235234260559 -1.0901906490325928 63 101 40
-4.660297393798828 1.4919018745422363 -1.13861083984375 58 97 53
-18.526817321777344 6.6394782066345215 3.665349006652832 125 183 221
-18.43543243408203 5.848141193389893 3.4036896228790283 159 193 192
-21.2762508392334 5.900514125823975 3.6686646938323975 233 255 253
-13.434014320373535 3.206434965133667 2.158357858657837 225 247 255
-19.161802291870117 6.871567726135254 3.023799419403076 170 229 247
-19.34230613708496 6.148828983306885 2.811988115310669 148 192 201
-19.671817779541016 5.470351219177246 2.630491018295288 168 197 229
-12.875475883483887 4.623331069946289 1.523864507675171 166 238 255
-19.839570999145508 6.317965984344482 2.1109089851379395 64 73 72
-19.682601928710938 5.485935211181641 1.8785916566848755 185 240 243
-13.367737770080566 3.2093639373779297 1.1304998397827148 112 157 150
-7.200950622558594 2.5877068042755127 0.5701035261154175 55 52 83
-16.593563079833984 5.290007591247559 1.1299301385879517 135 165 167
-11.739287376403809 3.278378963470459 0.6724787354469299 76 70 82
-11.345967292785645 2.730255603790283 0.5327819585800171 113 132 146
-7.065186977386475 2.5421221256256104 0.28451454639434814 129 157 160
-11.335631370544434 3.6187992095947266 0.3361174762248993 95 108 116
-11.036214828491211 3.087641954421997 0.21424070000648499 51 51 61
-9.362996101379395 2.2587857246398926 0.08741606771945953 86 95 90
-7.124064922332764 2.5686447620391846 0.010045205242931843 60 73 82
-8.173812866210938 2.614290952682495 -0.07069732993841171 85 87 86
-8.545116424560547 2.395684242248535 -0.15831518173217773 79 89 80
-9.967455863952637 2.4077389240264893 -0.2814090847969055 64 62 65
-6.156177520751953 2.222093105316162 -0.23061297833919525 78 98 86
-8.263815879821777 2.6467342376708984 -0.38826802372932434 71 90 84
-8.93930721282959 2.5110793113708496 -0.5046615600585938 84 103 81
-10.580113410949707 2.5612053871154785 -0.6970789432525635 70 91 60
-8.295653343200684 2.999581813812256 -0.6332471966743469 71 80 63
-8.359758377075195 2.683255434036255 -0.716279923915863 80 108 83
-8.458460807800293 2.3791940212249756 -0.7994979023933411 87 121 44
-8.684418678283691 2.1040658950805664 -0.9011926651000977 92 134 60
-6.729251384735107 2.436382532119751 -0.7789863348007202 87 128 49
-6.792335033416748 2.1846017837524414 -0.8461251258850098 94 117 47
-6.954983234405518 1.9598333835601807 -0.9265485405921936 72 112 15
-6.747003078460693 1.6384081840515137 -0.9589865803718567 79 115 71
-5.900021553039551 2.1409294605255127 -0.9164182543754578 49 77 19
-6.0004730224609375 1.9325754642486572 -0.9817714095115662 88 128 66
-6.013028621673584 1.6970072984695435 -1.0346704721450806 116 142 35
-6.041855812072754 1.4676204919815063 -1.0936366319656372 82 116 66
-4.947664260864258 1.8021931648254395 -0.9685214757919312 80 121 27
-5.166787147521973 1.6671557426452637 -1.0515732765197754 88 127 60
-5.256576061248779 1.4861947298049927 -1.1136692762374878 97 121 71
-5.192630290985107 1.2619118690490723 -1.144726037979126 95 121 92
-4.593023777008057 1.6760119199752808 -1.0886693000793457 80 109 45
-4.65940523147583 1.5073916912078857 -1.1395174264907837 63 89 41
-17.816301345825195 4.293104648590088 3.560933828353882 251 255 255
-18.5109806060791 6.697958469390869 3.666264533996582 140 207 250
-18.463359832763672 5.919405937194824 3.412182331085205 111 171 199
-13.354970932006836 3.230907678604126 2.1472408771514893 205 237 232
-15.425971031188965 5.585341453552246 2.436964750289917 134 157 151
-19.345983505249023 6.2154130935668945 2.815281867980957 33 125 200
-19.205265045166016 5.404144287109375 2.5703091621398926 207 228 231
-18.16873550415039 4.407901287078857 2.2273521423339844 160 204 229
-12.874311447143555 4.667552947998047 1.5254144668579102 148 197 237
-14.802565574645996 4.763985633850098 1.5765246152877808 5 21 44
-20.400781631469727 5.753615379333496 1.9488134384155273 92 125 114
-19.00444984436035 4.62435245513916 1.608384609222412 99 105 139
-15.486510276794434 5.618881702423096 1.2274351119995117 187 238 242
-16.024457931518555 5.162789821624756 1.0922507047653198 91 121 147
-19.72446060180664 5.573652267456055 1.130879282951355 72 77 83
-13.391143798828125 3.265894651412964 0.629286527633667 156 183 192
-16.3218936920166 5.929394245147705 0.6580109000205994 88 95 88
-11.539473533630371 3.7229228019714355 0.3424987196922302 110 111 106
-11.368206977844238 3.2181642055511475 0.22087614238262177 76 86 95
-14.999550819396973 3.6673147678375244 0.1401452273130417 58 56 67
-7.177229404449463 2.6127235889434814 0.01013142429292202 66 70 69
-8.170512199401855 2.6408932209014893 -0.07073851674795151 73 84 86
-8.390557289123535 2.3801417350769043 -0.15558622777462006 87 99 85
-9.582322120666504 2.3458428382873535 -0.2707376182079315 71 84 67
-6.580319881439209 2.3980324268341064 -0.24677595496177673 101 116 111
-11.628823280334473 3.7638537883758545 -0.5469098687171936 92 110 98
-8.629968643188477 2.452775478363037 -0.48762062191963196 68 72 71
-10.737940788269043 2.6343119144439697 -0.7080066800117493 60 67 36
-8.27797794342041 3.021939754486084 -0.6326027512550354 57 69 69
-8.360967636108398 2.711965322494507 -0.7170930504798889 73 92 64
-8.448248863220215 2.40431547164917 -0.7992261052131653 64 83 64
-8.655698776245117 2.1252424716949463 -0.8988847136497498 101 140 51
-6.692800045013428 2.4464359283447266 -0.775631844997406 79 106 65
-6.727992057800293 2.186706304550171 -0.8389416337013245 101 143 43
-6.948937892913818 1.9811617136001587 -0.9265485405921936 77 103 42
-6.706354141235352 1.6503416299819946 -0.9539241194725037 139 179 119
-5.9445271492004395 2.177741050720215 -0.9243645071983337 64 106 68
-5.991697311401367 1.9500582218170166 -0.9813097715377808 90 119 37
-6.003050804138184 1.7140926122665405 -1.033853530883789 86 119 64
-6.024892330169678 1.4830893278121948 -1.0913846492767334 87 115 67
-4.922727584838867 1.8102357387542725 -0.9647226333618164 62 94 18
-5.16911506652832 1.6854339838027954 -1.053094506263733 88 129 69
-5.2925004959106445 1.513901948928833 -1.1222589015960693 104 134 84
-5.145059585571289 1.2670809030532837 -1.135090708732605 98 126 77
-4.59152364730835 1.691444754600525 -1.08953857421875 77 109 42
-4.646426677703857 1.5189555883407593 -1.1374776363372803 66 88 39
-18.161605834960938 4.435308933258057 3.6326520442962646 255 254 255
-18.366609573364258 6.7095160484313965 3.6417300701141357 136 201 255
-18.72806167602539 6.067695617675781 3.4645254611968994 127 193 227
-19.689697265625 7.19752836227417 3.114013433456421 151 206 227
-15.212549209594727 4.938976764678955 2.2159674167633057 118 150 191
-19.34885025024414 5.508664131164551 2.5917751789093018 174 174 212
-12.705937385559082 4.650663375854492 1.507148027420044 93 171 219
-14.953450202941895 4.863224506378174 1.594175934791565 196 240 243
-19.389066696166992 5.532554626464844 1.8537806272506714 53 59 81
-16.867145538330078 4.159135341644287 1.428573489189148 178 208 210
-6.921810626983643 2.535459041595459 0.5492252111434937 141 163 177
-15.925042152404785 5.184742450714111 1.0865534543991089 167 202 204
-19.538305282592773 5.585834503173828 1.1211835145950317 74 79 83
-19.140602111816406 4.730361461639404 0.900147020816803 65 85 94
-7.066343307495117 2.5916190147399902 0.28519612550735474 51 57 81
-11.076571464538574 3.6111361980438232 0.3290868103504181 88 80 95
-11.681238174438477 3.3455216884613037 0.22715644538402557 63 70 76
-14.599984169006348 3.6171281337738037 0.13651499152183533 61 65 76
-7.149469375610352 2.6274867057800293 0.010103569366037846 81 100 96
-8.169025421142578 2.668120861053467 -0.0707961842417717 60 70 79
-8.544672012329102 2.4522082805633545 -0.15858273208141327 77 85 72
-9.40238094329834 2.3323895931243896 -0.26585450768470764 84 90 90
-5.923892498016357 2.179425001144409 -0.2224082499742508 75 72 53
-8.167661666870117 2.67130446434021 -0.38451316952705383 79 91 89
-8.733721733093262 2.5112483501434326 -0.49391603469848633 65 67 62
-10.227166175842285 2.542295217514038 -0.6748398542404175 83 106 62
-7.1259355545043945 2.626181125640869 -0.5451768636703491 72 80 67
-8.331772804260254 2.7307746410369873 -0.7153042554855347 81 111 73
-8.392982482910156 2.4164462089538574 -0.7946953177452087 75 110 42
-8.649137496948242 2.1517879962921143 -0.8988847136497498 89 123 73
-6.512722015380859 2.403287410736084 -0.7556135058403015 87 128 58
-6.702382564544678 2.2011401653289795 -0.8365864157676697 85 126 50
-6.939014434814453 2.0013718605041504 -0.9260397553443909 101 127 64
-6.682997703552246 1.6663552522659302 -0.9513245820999146 96 125 32
-5.917400360107422 2.188417434692383 -0.9211860299110413 66 96 44
-5.987563610076904 1.9690486192703247 -0.9816175103187561 88 129 51
-6.008189678192139 1.7355133295059204 -1.0356507301330566 72 93 60
-6.022225379943848 1.5020432472229004 -1.0917311906814575 76 105 49
-4.972472190856934 1.845866084098816 -0.9755764603614807 82 124 42
-5.118229866027832 1.6862318515777588 -1.0437768697738647 88 126 69
-5.248299598693848 1.5186928510665894 -1.1138689517974854 87 128 84
-5.197123050689697 1.2968270778656006 -1.1474491357803345 75 86 54
-4.573504447937012 1.7007603645324707 -1.0864957571029663 90 135 54
-4.633421421051025 1.530454158782959 -1.1354379653930664 77 120 31
-17.71339225769043 4.383477687835693 3.5456745624542236 240 254 254
-18.148550033569336 6.693037509918213 3.6025478839874268 134 199 253
-13.283117294311523 3.2999279499053955 2.1389033794403076 133 153 154
-19.28583526611328 6.32689905166626 2.8121254444122314 116 153 197
-15.616833686828613 4.49799108505249 2.0937108993530273 216 247 252
-12.700931549072266 4.69306755065918 1.508255124092102 118 173 178
-14.8515043258667 4.880502700805664 1.5848963260650635 146 164 168
-17.53793716430664 5.062583923339844 1.6782721281051636 63 76 84
-19.614849090576172 4.900554656982422 1.662557601928711 104 148 177
-14.474315643310547 5.352363109588623 1.1497917175292969 174 229 234
-14.818943977355957 4.874961853027344 1.0121009349822998 173 198 202
-10.924972534179688 3.1596453189849854 0.6274704933166504 128 185 168
-17.308073043823242 4.333861827850342 0.8145880699157715 141 146 142
-7.126768589019775 2.6386139392852783 0.2879602313041687 118 159 153
-11.669268608093262 3.844010591506958 0.3470446765422821 114 125 121
-11.20707893371582 3.246957778930664 0.2181285172700882 72 80 82
-11.536629676818848 2.8957810401916504 0.10795411467552185 79 85 85
-7.135749340057373 2.6473217010498047 0.010095610283315182 70 82 72
-8.139909744262695 2.6862761974334717 -0.07061494886875153 55 65 66
-9.152594566345215 2.6570932865142822 -0.17001579701900482 73 78 72
-9.495037078857422 2.3863208293914795 -0.2686801254749298 69 84 77
-5.71388053894043 2.1220860481262207 -0.21476691961288452 85 92 100
-8.204957962036133 2.711395740509033 -0.38665878772735596 86 88 75
-8.693376541137695 2.5285494327545166 -0.4920707941055298 99 111 87
-10.56576919555664 2.6609106063842773 -0.6977179050445557 83 97 80
-7.345944881439209 2.7328901290893555 -0.5626477003097534 82 106 70
-8.232523918151855 2.726243734359741 -0.7074982523918152 97 127 39
-8.1895170211792 2.3850977420806885 -0.7761192321777344 119 148 102
-8.496813774108887 2.141594409942627 -0.8837326765060425 87 123 53
-6.536060810089111 2.434708595275879 -0.7591843008995056 109 151 43
-6.6692070960998535 2.21293568611145 -0.8332889676094055 93 133 18
-6.938554763793945 2.024317741394043 -0.9268028736114502 98 131 62
-6.684576988220215 1.6885488033294678 -0.9522823095321655 92 127 45
-5.858745098114014 2.1871814727783203 -0.913095235824585 66 106 43
-5.989933967590332 1.9902130365371704 -0.9830024838447571 74 118 39
-6.00946569442749 1.7558748722076416 -1.0367944240570068 90 138 18
-6.027137279510498 1.522924780845642 -1.09346342086792 70 104 53
-5.1251420974731445 1.705957293510437 -1.0462489128112793 69 116 46
-5.2342119216918945 1.5320348739624023 -1.111871361732483 91 123 76
-5.186483860015869 1.311087965965271 -1.1459828615188599 71 100 54
-4.601911544799805 1.5357210636138916 -1.1288655996322632 72 117 58
-19.237560272216797 5.590245246887207 3.328712224960327 113 140 135
-13.22119140625 3.3276424407958984 2.130565643310547 245 255 252
-15.493483543395996 5.77162504196167 2.455918550491333 189 238 253
-19.490108489990234 6.460209846496582 2.84478759765625 149 224 253
-14.98402214050293 4.365555286407471 2.010657548904419 119 127 129
-12.67064380645752 4.726106643676758 1.5063730478286743 101 142 194
-15.112173080444336 5.0175862312316895 1.614349126815796 187 234 244
-17.06732177734375 4.983509063720703 1.6346925497055054 103 108 111
-20.52821159362793 5.195711135864258 1.7413171529769897 62 54 51
-13.596429824829102 5.075206756591797 1.081287145614624 104 107 116
-14.783085823059082 4.913478374481201 1.010676622390747 83 108 105
-11.653132438659668 3.409014940261841 0.669889509677887 108 132 119
-17.295665740966797 4.387187480926514 0.8146337270736694 71 77 99
-16.357425689697266 6.11329984664917 0.6616837382316589 149 184 180
-11.677337646484375 3.8864221572875977 0.3476376235485077 38 58 56
-11.099197387695312 3.252645254135132 0.21622198820114136 88 92 93
-11.315454483032227 2.8771955966949463 0.10596656799316406 65 75 67
-7.024580001831055 2.6306240558624268 0.00994970090687275 84 93 92
-8.42760181427002 2.8099188804626465 -0.07318516075611115 77 89 87
-8.589902877807617 2.5223381519317627 -0.15970641374588013 65 66 71
-12.776485443115234 3.252730131149292 -0.3618156313896179 81 92 60
-5.715764999389648 2.142763137817383 -0.21508383750915527 92 88 89
-8.268617630004883 2.760599374771118 -0.3900560438632965 83 95 75
-8.665461540222168 2.549290180206299 -0.49093112349510193 64 73 72
-9.665994644165039 2.465869188308716 -0.6387972831726074 66 80 57
-8.15417766571045 2.7280874252319336 -0.7014811635017395 88 97 80
-8.324501037597656 2.4521405696868896 -0.7896208763122559 69 112 67
-8.170145988464355 2.0859375 -0.8504183888435364 98 136 61
-6.521154403686523 2.186041831970215 -0.8156245946884155 96 135 56
-6.903772354125977 2.0371739864349365 -0.9229873418807983 87 116 32
-6.73310661315918 1.7227997779846191 -0.9599443078041077 89 125 63
-5.980989456176758 2.0076372623443604 -0.9825408458709717 77 117 18
-5.901870250701904 1.7441072463989258 -1.019149661064148 93 131 54
-6.039611339569092 1.5458042621612549 -1.0965816974639893 93 132 51
-5.101273059844971 1.7154146432876587 -1.0424457788467407 94 137 29
-5.194723606109619 1.5377949476242065 -1.1044801473617554 78 114 66
-5.229800224304199 1.3391213417053223 -1.1564562320709229 84 109 77
-4.596254825592041 1.5495209693908691 -1.1286388635635376 94 137 48
-15.370366096496582 5.136626243591309 2.8520069122314453 138 206 251
-18.996381759643555 4.8432207107543945 3.0636050701141357 234 255 253
-19.442075729370117 7.310555458068848 3.085362434387207 124 162 175
-15.424747467041016 5.165277004241943 2.2537076473236084 44 48 83
-15.030492782592773 4.429166793823242 2.018707275390625 88 114 151
-15.625441551208496 3.9945309162139893 1.9214284420013428 186 236 247
-13.105331420898438 4.934096813201904 1.5598440170288086 36 67 175
-15.379681587219238 5.158844470977783 1.6446086168289185 25 28 33
-17.02521324157715 5.027950286865234 1.6321289539337158 145 178 183
-18.356403350830078 4.705995082855225 1.5583096742630005 193 227 239
-15.224153518676758 5.736071586608887 1.2121294736862183 61 70 127
-15.463248252868652 5.1922807693481445 1.058261513710022 96 105 114
-18.9594669342041 5.609616756439209 1.0908842086791992 63 75 73
-11.970353126525879 3.0754964351654053 0.5642508268356323 86 123 152
-7.123146057128906 2.3950064182281494 0.21227580308914185 109 137 148
-11.630779266357422 3.4472086429595947 0.22678261995315552 62 62 72
-14.556390762329102 3.7488558292388916 0.1364242434501648 83 94 80
-8.273002624511719 2.786604404449463 -0.07191652804613113 90 108 96
-8.34921646118164 2.4795119762420654 -0.15537218749523163 87 99 97
-9.486991882324219 2.4462835788726807 -0.2688721716403961 80 83 90
-5.849096298217773 1.9727721214294434 -0.27620401978492737 67 61 71
-9.24810791015625 2.7515552043914795 -0.5244160294532776 75 83 68
-9.783992767333984 2.5279672145843506 -0.6471049785614014 61 81 53
-8.011690139770508 2.707775354385376 -0.6899347901344299 77 96 68
-8.241538047790527 2.4552059173583984 -0.7824622392654419 81 119 44
-8.20609188079834 2.121953010559082 -0.8548335433006287 94 137 57
-6.379915237426758 2.1604905128479004 -0.7987845540046692 94 122 82
-6.878480434417725 2.0526721477508545 -0.9204436540603638 99 130 86
-6.749845027923584 1.7491639852523804 -0.963091254234314 64 99 45
-6.005681991577148 2.0364480018615723 -0.9876189231872559 73 111 52
-5.902163028717041 1.7639007568359375 -1.020129919052124 64 94 42
-5.981451034545898 1.5504870414733887 -1.0868804454803467 86 123 71
-5.086690425872803 1.727899193763733 -1.0405441522598267 73 112 55
-5.208755016326904 1.5593452453613281 -1.1084754467010498 97 124 71
-5.206737041473389 1.3502507209777832 -1.1522668600082397 78 118 47
-4.6034650802612305 1.5676965713500977 -1.1315851211547852 74 115 37
-19.041303634643555 6.428426742553711 3.5368003845214844 140 204 252
-19.10550308227539 5.679228782653809 3.3118295669555664 205 255 255
-18.96230125427246 4.8965373039245605 3.060516834259033 232 254 252
-19.510154724121094 6.599992275238037 2.8535709381103516 119 141 191
-15.00352668762207 4.4712934494018555 2.016918420791626 158 186 187
-19.64952850341797 5.087533950805664 2.418170213699341 110 140 168
-15.375090599060059 5.209836483001709 1.645819067955017 111 147 173
-18.470516204833984 5.516448497772217 1.7722978591918945 135 172 181
-18.370817184448242 4.769803047180176 1.5607682466506958 154 169 162
-10.99338150024414 3.7289483547210693 0.7531356811523438 85 120 126
-14.849925994873047 4.443302154541016 0.8552109599113464 51 54 69
-20.253801345825195 5.270022869110107 0.9554684162139893 124 152 156
-7.162143230438232 2.4326012134552 0.2136593610048294 53 54 72
-19.45917510986328 5.83244514465332 0.3797716200351715 70 79 76
-14.672542572021484 3.826808214187622 0.13762220740318298 71 77 63
-13.174782752990723 4.482728958129883 -0.114646315574646 80 82 77
-8.723648071289062 2.6198599338531494 -0.1624888777732849 79 92 100
-9.500720977783203 2.4809341430664062 -0.26947569847106934 90 103 85
-5.843961715698242 1.9910298585891724 -0.2762486934661865 77 86 81
-8.623839378356934 2.594644784927368 -0.4894658029079437 72 76 75
-9.705713272094727 2.5395312309265137 -0.6424399018287659 69 79 70
-8.00617504119873 2.7333083152770996 -0.6901787519454956 111 141 71
-8.192963600158691 2.4681267738342285 -0.7785657644271851 81 124 52
-8.263068199157715 2.1637535095214844 -0.8614562749862671 88 119 41
-6.247351169586182 2.136986017227173 -0.7830042839050293 77 119 47
-6.8465118408203125 2.066028594970703 -0.9170095920562744 93 125 50
-6.7377400398254395 1.7681039571762085 -0.962133526802063 93 135 71
-5.993797302246094 2.0529427528381348 -0.9866956472396851 51 82 14
-5.892001628875732 1.7805730104446411 -1.0193129777908325 79 120 52
-5.968092918395996 1.5665801763534546 -1.0853214263916016 66 107 29
-5.074864864349365 1.7412664890289307 -1.0392130613327026 74 117 37
-5.173936367034912 1.566233515739441 -1.1020830869674683 98 138 111
-5.162847995758057 1.3557872772216797 -1.1434693336486816 80 102 66
-4.583898067474365 1.5767436027526855 -1.1279590129852295 78 115 35
-18.718542098999023 6.383501052856445 3.480471134185791 140 204 250
-18.994461059570312 5.709702491760254 3.295602321624756 178 231 235
-18.998807907104492 4.9681878089904785 3.068854570388794 223 255 254
-19.839435577392578 6.779285907745361 2.9047603607177734 48 113 179
-15.500633239746094 4.671265602111816 2.085660934448242 194 246 255
-19.409067153930664 5.088863849639893 2.3904879093170166 162 204 220
-15.647069931030273 5.3555684089660645 1.6766839027404785 105 166 194
-18.395355224609375 5.555527210235596 1.76671302318573 177 226 220
-18.734901428222656 4.925735950469971 1.5929769277572632 123 142 149
-15.408440589904785 5.279300689697266 1.056707739830017 167 198 193
-15.121020317077637 4.575007915496826 0.8716275691986084 77 90 107
-18.907367706298828 4.981666088104248 0.8926674723625183 186 235 239
-7.170720100402832 2.4600772857666016 0.21413937211036682 32 69 62
-12.10505485534668 3.6687264442443848 0.23646476864814758 69 85 101
-20.359121322631836 5.376712322235107 0.19111372530460358 74 76 73
-11.228952407836914 3.8591372966766357 -0.0978163629770279 77 77 85
-10.611756324768066 3.222416639328003 -0.19784046709537506 72 81 86
-9.469870567321777 2.5039374828338623 -0.26881730556488037 75 80 74
-7.956635475158691 2.7380876541137695 -0.3765117824077606 82 106 82
-8.432421684265137 2.5652916431427 -0.47904589772224426 79 88 67
-9.707523345947266 2.571851968765259 -0.6430789232254028 85 103 81
-8.15887451171875 2.813417911529541 -0.7040831446647644 93 101 62
-8.236797332763672 2.5089211463928223 -0.7834590673446655 90 122 83
-8.1284818649292 2.1551804542541504 -0.8481104969978333 81 118 40
-6.589925765991211 2.2767751216888428 -0.8268120884895325 91 132 30
-6.803142070770264 2.0757346153259277 -0.9120493531227112 80 128 54
-6.73994255065918 1.790801763534546 -0.9632281064987183 91 120 53
-5.916502952575684 2.0467708110809326 -0.9750006198883057 56 89 46
-5.844053745269775 1.785667896270752 -1.0119609832763672 77 122 63
-5.955644130706787 1.5828588008880615 -1.0839354991912842 90 126 62
-5.057439804077148 1.7526487112045288 -1.036741018295288 72 107 23
-5.155052661895752 1.5777981281280518 -1.0990866422653198 77 114 34
-5.153939723968506 1.3703640699386597 -1.142422080039978 103 138 108
-4.574438571929932 1.5892012119293213 -1.1268258094787598 77 101 49
-18.792919158935547 6.473294258117676 3.497976541519165 127 181 217
-18.956090927124023 5.761638641357422 3.2919962406158447 107 125 129
-13.04851245880127 3.4549901485443115 2.109412908554077 193 221 196
-19.01235580444336 6.561875343322754 2.7865991592407227 71 80 149
-15.000476837158203 4.5707855224609375 2.020240545272827 102 151 148
-19.41351890563965 5.153736591339111 2.392972230911255 75 86 82
-14.949790000915527 5.168200969696045 1.6036573648452759 127 175 211
-19.063941955566406 5.821326732635498 1.8326315879821777 104 126 123
-20.200942993164062 5.377497673034668 1.7190251350402832 132 143 139
-14.630202293395996 5.062864303588867 1.0043967962265015 158 200 198
-10.938238143920898 3.3461318016052246 0.631106436252594 73 92 99
-18.78582191467285 5.011326789855957 0.8876506686210632 107 108 110
-15.488020896911621 5.366680145263672 0.4630086123943329 64 69 65
-11.374866485595703 3.4855639934539795 0.22240883111953735 85 74 80
-9.230358123779297 2.4679958820343018 0.08671724051237106 82 96 83
-8.170486450195312 2.836068630218506 -0.07124926149845123 89 103 106
-11.174348831176758 3.430734872817993 -0.2085244208574295 81 101 102
-9.420621871948242 2.5218636989593506 -0.2676376700401306 87 105 83
-7.4348626136779785 2.5840699672698975 -0.35219475626945496 69 84 77
-11.0643892288208 3.403104066848755 -0.6291581392288208 89 105 76
-9.679346084594727 2.5961928367614746 -0.6417369246482849 84 98 81
-5.707684516906738 1.9877901077270508 -0.49307772517204285 65 76 59
-8.269987106323242 2.5467827320098877 -0.7873554825782776 68 92 58
-8.22561264038086 2.207965612411499 -0.8589476943016052 82 124 58
-6.467584609985352 2.256741523742676 -0.8123272061347961 84 132 32
-6.768307209014893 2.087825298309326 -0.9082337617874146 84 124 53
-6.745895862579346 1.8145588636398315 -0.9648699760437012 99 127 68
-5.889673709869385 2.0577428340911865 -0.9716151356697083 91 126 60
-5.842318534851074 1.8047536611557007 -1.0126146078109741 85 126 68
-5.9498090744018555 1.6008671522140503 -1.083762288093567 95 124 44
-5.0427727699279785 1.7649134397506714 -1.034839391708374 87 131 78
-5.094024658203125 1.5762276649475098 -1.0871009826660156 62 97 55
-5.16387414932251 1.389981985092163 -1.1455639600753784 66 97 65
-4.564027309417725 1.6012932062149048 -1.125465989112854 81 125 36
-18.77204132080078 6.5305962562561035 3.4978034496307373 133 200 255
-18.81856918334961 5.782966613769531 3.271179437637329 134 203 244
-13.009222030639648 3.4873316287994385 2.104780912399292 228 254 255
-15.437833786010742 5.381234645843506 2.2650983333587646 67 122 125
-15.973090171813965 4.920754909515381 2.1532537937164307 151 214 255
-19.427343368530273 5.221261978149414 2.396639585494995 192 233 239
-14.868112564086914 5.191085338592529 1.5965967178344727 75 73 84
-19.6520938873291 6.066899299621582 1.89095139503479 121 155 156
-18.578264236450195 5.006626605987549 1.5822408199310303 153 177 203
-20.479658126831055 7.157532215118408 1.4074761867523193 173 202 198
-16.29458236694336 5.039419651031494 0.9410405158996582 76 82 80
-19.685585021972656 5.316093921661377 0.9309317469596863 100 131 123
-7.078123569488525 2.4769554138183594 0.21182402968406677 109 125 122
-11.562768936157227 3.581984281539917 0.22629663348197937 117 127 102
-11.436973571777344 3.0956244468688965 0.10753664374351501 81 92 84
-8.180620193481445 2.8677380084991455 -0.0714140236377716 70 85 82
-8.52346420288086 2.64550518989563 -0.15920700132846832 86 104 90
-9.373282432556152 2.540034055709839 -0.2665129005908966 74 79 82
-5.813135147094727 2.0404305458068848 -0.27566760778427124 69 74 68
-8.41938304901123 2.617873191833496 -0.47920870780944824 102 115 85
-9.217720031738281 2.5027148723602295 -0.611637532711029 66 76 67
-8.073761940002441 2.8396174907684326 -0.698228657245636 86 102 73
-8.287809371948242 2.5801353454589844 -0.7898021340370178 76 95 63
-8.074779510498047 2.1940581798553467 -0.8438960313796997 92 129 60
-6.441898822784424 2.269972324371338 -0.8099719882011414 80 121 15
-6.722099781036377 2.0961787700653076 -0.902891993522644 78 113 47
-6.7269158363342285 1.831602931022644 -0.9629544019699097 84 110 71
-5.80972146987915 2.049830198287964 -0.9594584107398987 79 116 23
-5.848054885864258 1.8261979818344116 -1.0145751237869263 97 136 71
-5.9296650886535645 1.6149723529815674 -1.0809904336929321 72 102 68
-5.0364089012146 1.7800489664077759 -1.0346492528915405 69 109 13
-5.103192329406738 1.5962361097335815 -1.090097427368164 67 93 54
-5.171850204467773 1.4091596603393555 -1.148287057876587 94 142 56
-4.548076629638672 1.6113847494125366 -1.122746467590332 57 88 57
-18.76771354675293 6.593707084655762 3.5007498264312744 148 208 255
-19.53297233581543 5.300413608551025 3.16288423538208 192 212 236
-15.871603012084961 5.587103843688965 2.3312466144561768 136 195 239
-18.994770050048828 5.915495872497559 2.563025951385498 113 118 140
-19.420814514160156 5.283446311950684 2.397822618484497 176 216 208
-15.558645248413086 5.4857892990112305 1.6725482940673828 73 125 149
-16.456531524658203 5.135733127593994 1.584978699684143 141 170 184
-18.25609588623047 4.9799323081970215 1.5560967922210693 87 103 118
-15.835351943969727 5.588946342468262 1.0894668102264404 127 165 166
-16.65357208251953 5.20647668838501 0.9626907110214233 91 96 74
-11.826371192932129 3.2326738834381104 0.5597357153892517 141 184 175
-15.401079177856445 5.442627429962158 0.4613991975784302 72 82 83
-16.891071319580078 5.289466381072998 0.3308936655521393 91 103 91
-11.436101913452148 3.1330759525299072 0.10761832445859909 98 112 113
-11.751004219055176 4.1598711013793945 -0.10269317775964737 61 87 88
-8.35599136352539 2.621657609939575 -0.15622833371162415 61 65 66
-9.166858673095703 2.514309883117676 -0.26086169481277466 76 85 80
-8.124125480651855 2.879621982574463 -0.3856753706932068 109 123 110
-8.918086051940918 2.802971124649048 -0.5080806016921997 74 81 74
-8.788518905639648 2.415156602859497 -0.5836470127105713 77 89 67
-7.99832820892334 2.8406906127929688 -0.6924554705619812 73 90 54
-8.250405311584473 2.596282720565796 -0.7869930267333984 73 92 46
-8.14859390258789 2.2409825325012207 -0.8523249626159668 88 121 34
-6.451744556427002 2.295717477798462 -0.8120917081832886 88 129 27
-6.681581020355225 2.1060574054718018 -0.8983132839202881 83 127 50
-6.748960018157959 1.859864354133606 -0.9669222831726074 62 103 37
-5.786651611328125 2.061675548553467 -0.9566885828971863 70 97 28
-5.823607921600342 1.8381916284561157 -1.0113074779510498 103 148 83
-5.912339210510254 1.6297543048858643 -1.0787384510040283 76 114 53
-5.0105814933776855 1.7882320880889893 -1.0304657220840454 70 112 38
-5.091731071472168 1.609817385673523 -1.0886991024017334 56 78 40
-5.155248165130615 1.4216407537460327 -1.1455639600753784 83 112 54
-4.545862674713135 1.626314640045166 -1.1234263181686401 58 98 38
-18.77895164489746 6.662450313568115 3.5066425800323486 145 209 255
-21.089515686035156 6.6227240562438965 3.672926187515259 149 213 248
-19.039302825927734 5.229218482971191 3.0855298042297363 207 253 255
-12.889213562011719 4.581738471984863 1.8952442407608032 147 186 229
-19.05694580078125 5.999057292938232 2.5738868713378906 217 255 250
-19.2934627532959 5.31242561340332 2.3840997219085693 136 169 162
-23.052053451538086 8.207475662231445 2.4807820320129395 78 118 154
-19.628742218017578 6.191861629486084 1.892324686050415 69 66 85
-19.0169734954834 5.250223159790039 1.6223170757293701 192 245 227
-15.78899097442627 5.627117156982422 1.0874598026275635 53 48 71
-16.239553451538086 5.131784915924072 0.939663290977478 74 78 81
-14.30522632598877 3.9574620723724365 0.6776300668716431 61 72 76
-16.554536819458008 5.907444477081299 0.49649614095687866 68 78 80
-13.706277847290039 4.3383612632751465 0.2687634825706482 82 86 98
-11.442817687988281 3.1726887226104736 0.10777261108160019 82 102 77
-8.11202335357666 2.8997037410736084 -0.07096917927265167 78 100 98
-8.18970012664795 2.597109794616699 -0.153267502784729 67 83 70
-9.127315521240234 2.5335984230041504 -0.25995638966560364 79 85 81
-6.142874240875244 2.1985979080200195 -0.29193854331970215 91 108 98
-8.388886451721191 2.664949417114258 -0.47839462757110596 77 80 73
-8.810873985290527 2.450397253036499 -0.585628092288971 96 120 88
-7.89481782913208 2.8312339782714844 -0.6842429041862488 90 121 62
-8.15414047241211 2.593510150909424 -0.7785657644271851 79 111 64
-8.060206413269043 2.243295907974243 -0.843795657157898 87 119 44
-6.425980091094971 2.3087849617004395 -0.8097364902496338 74 121 9
-6.680758953094482 2.1283528804779053 -0.8990764021873474 85 122 53
-6.760397434234619 1.8853510618209839 -0.9693850874900818 79 114 58
-5.766352653503418 2.07440185546875 -0.9543802738189697 57 83 22
-5.77940559387207 1.843755841255188 -1.0046089887619019 72 112 50
-5.894979000091553 1.6444451808929443 -1.076486349105835 77 113 52
-4.970898628234863 1.7912814617156982 -1.0234299898147583 81 126 25
-5.07370138168335 1.62125563621521 -1.085902452468872 57 85 24
-5.134851455688477 1.4329818487167358 -1.142003059387207 82 109 54
-4.506041526794434 1.627679467201233 -1.1148141622543335 80 126 38
-18.845577239990234 6.751254081726074 3.522934675216675 130 190 240
-18.549230575561523 5.8875813484191895 3.2336437702178955 133 211 255
-19.038400650024414 5.291838645935059 3.0880000591278076 222 255 250
-16.162395477294922 5.80117130279541 2.3791422843933105 153 214 243
-16.007457733154297 5.093119144439697 2.164114475250244 114 166 214
-19.371768951416016 5.397979259490967 2.3958113193511963 83 95 109
-15.697896003723145 5.64341926574707 1.6912083625793457 113 120 128
-18.986328125 6.053320407867432 1.8321739435195923 176 225 221
-19.230186462402344 5.372635841369629 1.641904592514038 149 186 169
-7.174566745758057 2.5818138122558594 0.49468836188316345 205 253 237
-11.123677253723145 3.5527124404907227 0.6442728638648987 77 116 121
-11.81785774230957 3.3084099292755127 0.5602830052375793 88 97 80
-13.20630931854248 4.758364200592041 0.39651358127593994 60 79 96
-14.958490371704102 4.785255432128906 0.2936043441295624 76 83 76
-15.32940673828125 4.300991058349609 0.14450150728225708 75 82 75
-7.045877456665039 2.5430073738098145 -0.06170981749892235 67 75 78
-11.783618927001953 3.7766361236572266 -0.22074228525161743 85 99 102
-8.555545806884766 2.4031789302825928 -0.24388056993484497 83 85 82
-6.122946739196777 2.2126803398132324 -0.2913127541542053 65 72 64
-8.383523941040039 2.69158935546875 -0.4785574674606323 102 125 81
-8.760086059570312 2.4652516841888428 -0.5827523469924927 83 87 72
-8.054781913757324 2.916520595550537 -0.6988791227340698 65 95 59
-8.286465644836426 2.66361927986145 -0.7919769287109375 80 112 65
-8.04275131225586 2.2650468349456787 -0.8426918983459473 100 134 50
-6.367522716522217 2.309863328933716 -0.8032594919204712 82 129 61
-6.540128707885742 2.1056740283966064 -0.8810160160064697 50 89 22
-6.75648832321167 1.9066208600997925 -0.9696587324142456 87 128 60
-5.6838059425354 2.064422607421875 -0.9417619109153748 85 116 40
-5.802829742431641 1.8708628416061401 -1.0096737146377563 89 117 69
-5.856731414794922 1.6531589031219482 -1.0704231262207031 84 112 51
-4.969992160797119 1.8082016706466675 -1.0243806838989258 41 85 26
-5.096676349639893 1.645846962928772 -1.0918952226638794 54 73 18
-5.099377155303955 1.4399597644805908 -1.135090708732605 93 133 73
-4.501026630401611 1.6414960622787476 -1.1148141622543335 62 92 32
-18.75068473815918 6.782240390777588 3.5090689659118652 137 201 226
-18.609045028686523 5.969471454620361 3.247248411178589 156 214 252
-19.96367073059082 5.6150593757629395 3.240856409072876 213 255 249
-15.802743911743164 5.726870059967041 2.3287761211395264 146 216 241
-19.31342124938965 6.21029806137085 2.6136248111724854 87 101 150
-15.192028045654297 4.283557415008545 1.880496621131897 131 178 208
-15.698277473449707 5.698002815246582 1.6931248903274536 95 95 121
-23.743703842163086 7.650420188903809 2.293513298034668 82 86 95
-19.348840713500977 5.469836235046387 1.6534603834152222 193 218 225
-14.396064758300781 5.230457782745361 0.993714451789856 89 112 126
-11.020554542541504 3.557072877883911 0.6389291286468506 161 188 195
-14.788158416748047 4.188913345336914 0.70171058177948 72 92 90
-7.101678371429443 2.583448648452759 0.2134617120027542 115 135 123
-11.947951316833496 3.862623929977417 0.23474515974521637 47 54 62
-11.302891731262207 3.2087056636810303 0.10663816332817078 74 77 84
-7.1705169677734375 2.612884521484375 -0.06287135928869247 77 89 85
-8.197389602661133 2.6550137996673584 -0.1537134051322937 75 86 82
-8.510632514953613 2.418757915496826 -0.2428106814622879 81 79 80
-7.58580207824707 2.7676615715026855 -0.3613136410713196 71 76 72
-8.339134216308594 2.705587148666382 -0.4764951765537262 75 99 73
-8.751521110534668 2.491842269897461 -0.5826883912086487 91 100 81
-6.337409973144531 2.316701650619507 -0.5504842400550842 52 50 51
-8.205322265625 2.6653385162353516 -0.7849994897842407 68 101 44
-7.789849758148193 2.2196402549743652 -0.8169034123420715 84 115 58
-6.301660537719727 2.307873249053955 -0.7958404421806335 80 112 37
-6.506284236907959 2.1168293952941895 -0.8773276209831238 79 126 30
-6.747749328613281 1.9265245199203491 -0.9692482352256775 82 111 65
-5.701565265655518 2.0906949043273926 -0.9457628726959229 81 97 52
-5.816761493682861 1.8950746059417725 -1.0131046772003174 102 137 81
-5.810910224914551 1.6594898700714111 -1.062973976135254 83 96 76
-4.924794673919678 1.808885931968689 -1.0162039995193481 53 96 27
-5.0860137939453125 1.6596518754959106 -1.0906965732574463 58 89 45
-5.0864739418029785 1.453180193901062 -1.133205533027649 90 134 59
-4.48682975769043 1.6519322395324707 -1.1125478744506836 58 96 21
-18.597211837768555 6.028664588928223 3.2483959197998047 132 189 234
-21.174108505249023 6.0256733894348145 3.440340995788574 210 249 254
-15.430683135986328 5.645654201507568 2.276489019393921 123 158 178
-19.282014846801758 6.265536785125732 2.6119637489318848 163 226 244
-18.685144424438477 5.330415725708008 2.314894199371338 143 170 165
-15.604121208190918 5.718067646026611 1.6848539113998413 69 89 139
-15.308098793029785 4.984289646148682 1.4801496267318726 61 69 72
-19.75933074951172 5.651402473449707 1.6900126934051514 132 127 159
-14.289073944091797 5.241265773773193 0.9874345064163208 95 123 127
-15.846100807189941 5.168334007263184 0.9196106195449829 132 152 179
-10.969552040100098 3.1436362266540527 0.5209696888923645 74 88 97
-7.17910623550415 2.6365833282470703 0.21603116393089294 91 87 84
-11.03886890411377 3.606172800064087 0.21710048615932465 98 112 99
-11.272809982299805 3.237570285797119 0.10644757002592087 74 82 71
-7.154020309448242 2.6317639350891113 -0.06279721111059189 12 34 47
-8.238618850708008 2.696322202682495 -0.15464088320732117 78 82 68
-8.541600227355957 2.4559056758880615 -0.24390801787376404 76 76 76
-8.218480110168457 3.027094841003418 -0.39188873767852783 81 91 83
-8.416190147399902 2.7591545581817627 -0.48137953877449036 80 94 79
-8.736164093017578 2.516470193862915 -0.5821772217750549 80 84 69
-6.2190022468566895 2.295070171356201 -0.5408080816268921 80 94 58
-8.115732192993164 2.663790464401245 -0.7772065997123718 66 94 36
-7.852793216705322 2.263646364212036 -0.8242285847663879 95 130 72
-6.325287342071533 2.338559627532959 -0.799726665019989 81 112 52
-6.381033897399902 2.097749710083008 -0.8613021969795227 102 138 50
-6.711353302001953 1.938421368598938 -0.9648699760437012 97 136 55
-5.702537536621094 2.1109213829040527 -0.9469939470291138 69 113 52
-5.792178153991699 1.9067414999008179 -1.0098371505737305 74 113 48
-5.8228230476379395 1.6822301149368286 -1.0660922527313232 68 99 57
-4.937632083892822 1.8308128118515015 -1.0200071334838867 42 86 33
-5.0743842124938965 1.6730999946594238 -1.0892982482910156 67 116 50
-5.084809303283691 1.4695929288864136 -1.133833885192871 92 129 60
-18.56925392150879 6.082620620727539 3.2467565536499023 141 212 254
-20.198482513427734 5.815077304840088 3.284705638885498 171 209 245
-19.606693267822266 7.241820812225342 2.8958401679992676 99 144 186
-15.199460983276367 4.9905500411987305 2.0610005855560303 55 64 121
-17.302515029907227 4.993439197540283 2.145488739013672 205 239 249
-15.591171264648438 5.767639636993408 1.6853582859039307 115 157 179
-15.16125202178955 4.987973213195801 1.467423677444458 116 149 158
-18.15841293334961 5.253840446472168 1.554457664489746 126 158 169
-15.22370719909668 5.637141227722168 1.0532116889953613 111 120 127
-19.250730514526367 6.344191074371338 1.118318796157837 120 145 152
-10.960816383361816 3.17755389213562 0.5210153460502625 143 151 138
-7.172858238220215 2.6592910289764404 0.21608762443065643 87 99 121
-11.23947811126709 3.7099082469940186 0.2212686538696289 56 62 76
-11.639244079589844 3.3814992904663086 0.1100051999092102 78 88 87
-12.5735445022583 4.669300079345703 -0.11049443483352661 80 80 80
-8.215119361877441 2.7165627479553223 -0.1543555110692978 64 68 71
-8.554182052612305 2.487962007522583 -0.24448411166667938 94 103 86
-6.9366278648376465 2.579149007797241 -0.3311408460140228 62 71 66
-8.215266227722168 2.7212250232696533 -0.4703626036643982 80 100 88
-8.6814546585083 2.529581069946289 -0.579045832157135 65 72 64
-6.991808891296387 2.6046676635742188 -0.6087038516998291 71 85 60
-8.099014282226562 2.6858553886413574 -0.7763910889625549 70 94 58
-8.011055946350098 2.3359105587005615 -0.8415880799293518 79 115 71
-6.346924304962158 2.368718147277832 -0.8033772706985474 111 158 116
-6.445166110992432 2.14076566696167 -0.8708411455154419 93 128 48
-6.665438652038574 1.9473350048065186 -0.9591233730316162 83 117 67
-5.722876071929932 2.1384363174438477 -0.9514564871788025 86 119 50
-5.803152084350586 1.9301072359085083 -1.0127779245376587 77 111 61
-5.794946193695068 1.6934561729431152 -1.0619345903396606 79 118 61
-5.043198108673096 1.679989218711853 -1.0837050676345825 58 81 52
-5.103740215301514 1.492045283317566 -1.1390705108642578 88 107 77
-20.191991806030273 7.514437198638916 3.791583299636841 148 207 247
-18.747175216674805 6.204652309417725 3.2811782360076904 85 141 164
-18.35069465637207 5.344125270843506 2.986868143081665 219 253 254
-15.736371994018555 5.867227554321289 2.326854944229126 128 174 208
-15.30927848815918 5.078691482543945 2.0779945850372314 100 144 181
-16.943010330200195 4.946047782897949 2.1027824878692627 186 210 188
-12.832282066345215 4.79185152053833 1.3887133598327637 162 224 237
-14.659222602844238 4.872700214385986 1.4202735424041748 179 208 238
-16.485525131225586 4.824677467346191 1.4125100374221802 115 162 142
-16.047605514526367 5.998268127441406 1.1114789247512817 116 141 171
-11.018611907958984 3.668761968612671 0.6407471299171448 193 233 232
-11.453320503234863 3.358457088470459 0.5449134707450867 34 47 63
-6.790189266204834 2.5411415100097656 0.20479334890842438 147 169 183
-12.734221458435059 4.246659278869629 0.25095057487487793 66 80 81
-11.275757789611816 3.3134443759918213 0.10666538029909134 129 129 91
-7.158337116241455 2.6833324432373047 -0.06297845393419266 105 101 102
-8.091999053955078 2.703418493270874 -0.15219731628894806 76 96 87
-8.893662452697754 2.616318941116333 -0.2544148862361908 91 103 93
-5.889787197113037 1.971005916595459 -0.337562620639801 93 102 97
-8.608559608459473 2.537019729614258 -0.5747002363204956 65 76 72
-8.018969535827637 2.686645746231079 -0.7695043087005615 71 87 60
-7.993354797363281 2.3573813438415527 -0.8404843211174011 88 137 32
-6.409417629241943 2.150747537612915 -0.8668984174728394 85 118 47
-6.650883197784424 1.965248703956604 -0.9578920006752014 84 120 58
-5.770082473754883 1.9387892484664917 -1.008039951324463 90 117 72
-5.743443965911865 1.697548270225525 -1.0534460544586182 77 106 60
-5.034305572509766 1.6942036151885986 -1.0829060077667236 75 118 65
-5.074759006500244 1.5004878044128418 -1.1336244344711304 55 84 53
-18.854351043701172 6.304369926452637 3.3033063411712646 79 122 190
-15.092910766601562 4.4456634521484375 2.458820104598999 212 251 250
-15.298340797424316 5.757430553436279 2.2646865844726562 132 193 221
-15.52872371673584 5.204428672790527 2.109938144683838 76 107 162
-15.415447235107422 4.551487922668457 1.9149218797683716 167 186 180
-12.676013946533203 4.77786111831665 1.3733818531036377 82 101 133
-15.241752624511719 5.118313312530518 1.4782270193099976 116 158 154
-16.76211929321289 4.9615068435668945 1.4375066757202148 118 139 124
-7.112018585205078 2.3922841548919678 0.4139983355998993 118 198 195
-11.5502290725708 3.4253907203674316 0.5500214099884033 44 60 73
-12.487100601196289 4.206862926483154 0.24633382260799408 72 79 85
-11.314425468444824 3.3625504970550537 0.10712824016809464 75 77 90
-7.419580936431885 2.504102945327759 -0.13969404995441437 97 104 112
-8.339466094970703 2.4811112880706787 -0.2387780100107193 71 80 79
-5.885603904724121 1.9897058010101318 -0.337671160697937 94 96 83
-9.400270462036133 2.8017172813415527 -0.6281250715255737 78 93 74
-7.860700607299805 2.660470962524414 -0.7550964951515198 73 98 58
-7.894554138183594 2.3545939922332764 -0.8308512568473816 74 112 53
-6.347365856170654 2.15161395072937 -0.8593944311141968 94 118 68
-6.647669792175293 1.9864948987960815 -0.9583024382591248 93 132 49
-5.730475902557373 1.945067048072815 -1.0021584033966064 89 124 30
-5.706125259399414 1.705571174621582 -1.0475560426712036 98 129 59
-5.02630090713501 1.7086944580078125 -1.0823067426681519 55 89 39
-5.024227142333984 1.5023236274719238 -1.1233607530593872 45 72 53
-18.871370315551758 6.3744964599609375 3.3096988201141357 135 169 217
-21.21882438659668 6.320880889892578 3.4599497318267822 192 242 239
-19.70908546447754 6.6727986335754395 2.680706262588501 138 177 218
-14.990377426147461 4.476028919219971 1.8638163805007935 100 112 110
-15.302364349365234 5.190962314605713 1.485642910003662 145 163 173
-16.63033676147461 4.978041648864746 1.427507996559143 131 166 162
-7.102755069732666 2.413450002670288 0.413888156414032 71 75 100
-11.792275428771973 3.536569118499756 0.5620616674423218 59 68 75
-11.52667236328125 3.922715663909912 0.22762373089790344 66 84 88
-8.495279312133789 2.5531156063079834 0.08050953596830368 63 62 76
-8.052547454833984 2.7452762126922607 -0.1517692506313324 89 100 94
-8.57495403289795 2.5798346996307373 -0.24574601650238037 72 85 75
-9.251049995422363 3.159097671508789 -0.5313084125518799 86 109 80
-8.575632095336914 2.5846097469329834 -0.5735499858856201 78 90 68
-7.856271266937256 2.685863733291626 -0.7554590106010437 66 93 74
-7.912060260772705 2.38627290725708 -0.8334602117538452 65 88 44
-6.277862548828125 2.149549722671509 -0.8508729934692383 82 120 35
-6.636803150177002 2.0054478645324707 -0.9576184153556824 91 124 55
-5.697417736053467 1.9533599615097046 -0.9974204301834106 91 128 76
-5.735747814178467 1.7336121797561646 -1.05396568775177 93 129 55
-5.004354000091553 1.7183789014816284 -1.078710913658142 80 122 40
-5.0972795486450195 1.541219711303711 -1.1407462358474731 88 106 58
-15.415057182312012 5.259744167327881 2.706341028213501 144 211 253
-19.151203155517578 5.768984317779541 3.125673770904541 143 194 221
-19.596553802490234 6.7017822265625 2.668184518814087 91 136 193
-15.387229919433594 4.645989894866943 1.9149218797683716 100 107 133
-15.64433765411377 5.360544204711914 1.5204333066940308 141 189 201
-19.23343276977539 5.821593284606934 1.6524769067764282 83 69 82
-15.405139923095703 5.287296772003174 0.8986214995384216 148 200 188
-11.437220573425293 3.4683666229248047 0.545643150806427 82 86 89
-7.1519389152526855 2.458430767059326 0.1413816660642624 83 80 89
-11.425612449645996 3.4720335006713867 0.10838066786527634 84 92 95
-8.047867774963379 2.771270275115967 -0.15184059739112854 80 93 83
-11.708614349365234 3.5618278980255127 -0.3358638882637024 74 79 82
-5.861013412475586 2.0215492248535156 -0.3369656503200531 73 78 74
-8.47411060333252 2.5823981761932373 -0.567287266254425 87 102 73
-5.7666802406311035 1.9912649393081665 -0.5551087260246277 108 123 102
-7.587790489196777 2.3138933181762695 -0.8000455498695374 70 85 56
-6.299360275268555 2.17852520942688 -0.8546885251998901 93 143 54
-6.602198123931885 2.0171165466308594 -0.9535136818885803 73 108 26
-5.698855876922607 1.9734127521514893 -0.9987274408340454 71 112 44
-5.667296409606934 1.7319159507751465 -1.0423588752746582 83 126 36
-4.987949848175049 1.729871392250061 -1.076313853263855 60 89 31
-4.997147560119629 1.5276919603347778 -1.1193808317184448 84 110 85
-15.397913932800293 5.306690216064453 2.7061767578125 0 40 141
-21.213666915893555 6.461321830749512 3.465508222579956 213 255 254
-15.774527549743652 5.448808670043945 2.150059461593628 75 101 124
-15.010115623474121 4.582420349121094 1.8697313070297241 185 221 243
-14.986031532287598 5.186403751373291 1.457993745803833 215 250 230
-16.805328369140625 5.142986297607422 1.4452104568481445 81 90 85
-19.626628875732422 6.803558826446533 1.146083950996399 137 160 152
-18.89617347717285 5.793676853179932 0.9023361802101135 61 70 69
-12.18527603149414 4.230452060699463 0.24113760888576508 75 93 97
-8.343720436096191 2.5634915828704834 0.07922080159187317 72 72 72
-8.099767684936523 2.816967487335205 -0.15298211574554443 127 129 116
-8.442397117614746 2.596550226211548 -0.2423991858959198 75 76 68
-8.136725425720215 2.8344383239746094 -0.46830034255981445 78 95 77
-9.032655715942383 2.7829229831695557 -0.6052470207214355 87 88 56
-5.750199794769287 2.005340099334717 -0.5541119575500488 100 137 70
-7.837368488311768 2.4163076877593994 -0.8271384835243225 68 83 54
-6.257063388824463 2.185412883758545 -0.8498554825782776 80 121 42
-6.581781387329102 2.0329771041870117 -0.9514613747596741 61 104 35
-5.691843509674072 1.9905617237091064 -0.9985640645027161 73 113 40
-5.62996244430542 1.7394102811813354 -1.0364689826965332 76 121 54
-4.956725597381592 1.736096739768982 -1.0707205533981323 87 117 55
-5.084924221038818 1.5716007947921753 -1.140117883682251 96 121 53
-21.270227432250977 6.5499267578125 3.4780147075653076 154 205 206
-15.75586223602295 5.496524810791016 2.149803638458252 159 231 246
-14.94474983215332 4.612635135650635 1.8633431196212769 63 83 84
-14.30450439453125 4.9997334480285645 1.3931736946105957 161 182 173
-14.528214454650879 4.494906425476074 1.2505651712417603 92 119 130
-14.807910919189453 5.184096813201904 0.8656228184700012 106 137 165
-19.77427864074707 6.129341125488281 0.9451612234115601 65 65 75
-8.045321464538574 2.820840835571289 0.1593814641237259 63 53 62
-8.358736038208008 2.596196413040161 0.07943861931562424 81 83 80
-12.399352073669434 4.354980945587158 -0.23444059491157532 83 79 76
-8.429618835449219 2.620954990386963 -0.24226200580596924 72 90 76
-8.136468887329102 2.862370252609253 -0.468788743019104 83 98 93
-8.472396850585938 2.6387970447540283 -0.5682458281517029 73 101 61
-7.481786251068115 2.634991407394409 -0.7217500805854797 61 102 62
-7.725431442260742 2.407775640487671 -0.8161006569862366 91 119 81
-6.246587753295898 2.2032792568206787 -0.8493467569351196 84 131 35
-6.555656433105469 2.04695987701416 -0.9485881328582764 76 111 45
-5.665244102478027 2.000786781311035 -0.9949697256088257 75 112 34
-5.5926361083984375 1.7466918230056763 -1.0305789709091187 81 115 55
-4.95229959487915 1.7516223192214966 -1.0709202289581299 77 114 47
-5.050212383270264 1.5778623819351196 -1.1334149837493896 81 112 70
-15.403220176696777 5.414483070373535 2.712897300720215 47 48 115
-21.071739196777344 6.5596489906311035 3.4488332271575928 119 156 113
-15.026114463806152 5.293713569641113 2.0524396896362305 87 115 165
-14.991194725036621 4.67739200592041 1.870914340019226 166 217 200
-15.03562068939209 5.307094573974609 1.465958833694458 173 230 239
-16.8933048248291 5.283489227294922 1.4555368423461914 52 37 58
-15.288987159729004 5.405228614807129 0.8947101831436157 86 89 68
-19.769678115844727 6.194458961486816 0.9458452463150024 74 82 85
-7.091309547424316 2.510802984237671 0.14063400030136108 68 82 59
-15.050971031188965 4.725461483001709 0.14317648112773895 76 86 88
-7.823190212249756 2.774702548980713 -0.1480771154165268 85 97 87
-8.350015640258789 2.6243255138397217 -0.24020452797412872 60 80 69
-7.230013370513916 2.568437337875366 -0.4170146882534027 66 81 78
-8.465213775634766 2.6650774478912354 -0.5683097243309021 72 79 63
-7.4839887619018555 2.6616034507751465 -0.7227468490600586 93 120 75
-7.688590049743652 2.4221978187561035 -0.8129899501800537 67 81 48
-6.190276622772217 2.2047948837280273 -0.8426059484481812 92 132 36
-6.521005630493164 2.0581183433532715 -0.9444834589958191 87 130 40
-5.660007953643799 2.018489360809326 -0.995133101940155 81 114 57
-5.578798294067383 1.7611730098724365 -1.0290197134017944 66 109 27
-4.9376749992370605 1.7635118961334229 -1.068922758102417 68 106 59
-4.9987263679504395 1.5786255598068237 -1.1229417324066162 71 103 53
-18.094589233398438 6.422983169555664 3.19037127494812 142 206 252
-18.63789939880371 5.864774227142334 3.0534145832061768 170 228 216
-12.814818382263184 4.558914661407471 1.7522976398468018 134 196 221
-15.029806137084961 4.740087509155273 1.877539038658142 202 246 255
-15.108377456665039 5.384958744049072 1.4746564626693726 161 220 228
-19.2365665435791 6.081211566925049 1.6590332984924316 60 48 68
-7.02540397644043 2.508017063140869 0.4115743637084961 184 231 223
-10.948101997375488 3.4673044681549072 0.5242990255355835 95 117 114
-10.582993507385254 3.7836737632751465 0.2101098895072937 79 98 94
-8.253055572509766 2.619004487991333 0.07858551293611526 72 80 83
-8.105501174926758 2.902858018875122 -0.15358854830265045 80 90 81
-8.3323974609375 2.646904230117798 -0.23993019759655 80 94 79
-7.129990577697754 2.5575664043426514 -0.4116961658000946 73 79 79
-8.45129108428955 2.6892199516296387 -0.567926287651062 73 82 77
-7.469226837158203 2.6821954250335693 -0.7221125364303589 89 110 67
-7.649836540222168 2.4358127117156982 -0.8096785545349121 76 98 77
-6.147082328796387 2.2106850147247314 -0.8376456499099731 103 151 51
-6.519379615783691 2.079619884490967 -0.9451675415039062 84 122 49
-5.538690090179443 1.9943991899490356 -0.9748743176460266 82 120 47
-5.551788330078125 1.7713947296142578 -1.0250353813171387 91 136 45
-4.918415546417236 1.773666262626648 -1.0659263134002686 73 109 48
-4.981750011444092 1.5900887250900269 -1.1202186346054077 74 104 50
-18.163599014282227 5.758681774139404 3.702463388442993 142 203 248
-18.023723602294922 6.460160255432129 3.1813559532165527 146 209 250
-19.029386520385742 6.052187919616699 3.1205785274505615 139 173 198
-16.680952072143555 5.992021560668945 2.2834556102752686 119 161 209
-19.422021865844727 6.1908769607543945 2.4285805225372314 110 128 116
-15.408482551574707 5.545259475708008 1.5056017637252808 124 126 141
-15.418497085571289 4.926295280456543 1.3310458660125732 147 156 161
-7.0214338302612305 2.5309133529663086 0.4117947518825531 55 56 74
-10.984983444213867 3.5161030292510986 0.5265793800354004 77 112 140
-7.060723304748535 2.548835515975952 0.14033494889736176 64 73 72
-8.29640007019043 2.6608028411865234 0.07907559722661972 70 82 80
-8.038261413574219 2.9066319465637207 -0.15248270332813263 78 87 82
-12.187499046325684 3.912735939025879 -0.3512812852859497 81 97 94
-9.486132621765137 3.4356114864349365 -0.5483493208885193 69 86 78
-8.328996658325195 2.678473472595215 -0.5602576732635498 75 88 78
-7.122040748596191 2.582216262817383 -0.68930983543396 76 102 67
-7.50878381729126 2.4162967205047607 -0.7955300211906433 81 104 58
-6.128150939941406 2.225132703781128 -0.8359922766685486 84 127 22
-6.498826026916504 2.0950522422790527 -0.9431151747703552 83 113 49
-5.525127410888672 2.008685350418091 -0.9735672473907471 51 94 15
-5.55570125579834 1.7914414405822754 -1.0267677307128906 91 136 69
-4.861390113830566 1.769974946975708 -1.0547395944595337 156 210 160
-4.913567543029785 1.5849528312683105 -1.1059750318527222 87 119 72
-18.086015701293945 5.795208930969238 3.690255880355835 133 195 252
-20.26067352294922 7.332161903381348 3.5801525115966797 116 190 237
-15.670612335205078 5.036940574645996 2.5723040103912354 162 220 242
-16.13103675842285 5.85042142868042 2.2106242179870605 102 149 191
-19.419004440307617 6.255609512329102 2.430591583251953 37 82 124
-15.608531951904297 5.6714019775390625 1.5268419981002808 166 225 221
-15.554110527038574 5.022266864776611 1.3440769910812378 74 90 87
-15.147577285766602 5.512593746185303 0.8893664479255676 61 72 100
-11.082498550415039 3.584836959838867 0.5317786335945129 155 204 200
-6.9749016761779785 2.54206919670105 0.1387835592031479 94 102 91
-11.082956314086914 3.5920374393463135 0.10573967546224594 56 56 58
-7.065676689147949 2.579484462738037 -0.1341826319694519 60 64 67
-8.18858814239502 2.656644582748413 -0.23625415563583374 83 83 83
-6.941607475280762 2.538172960281372 -0.4017103910446167 87 96 93
-9.246110916137695 3.0047340393066406 -0.6225653290748596 77 101 69
-7.0897698402404785 2.59515380859375 -0.6869538426399231 59 54 61
-7.514581680297852 2.443629503250122 -0.7969348430633545 109 138 45
-6.136196136474609 2.249385356903076 -0.8380271792411804 85 120 36
-6.437739372253418 2.097184419631958 -0.9351795315742493 73 111 34
-5.466148376464844 2.006251096725464 -0.9642547965049744 89 126 31
-5.5408148765563965 1.8054264783859253 -1.0250353813171387 94 132 57
-4.866973400115967 1.7889376878738403 -1.0571367740631104 64 106 43
-4.957025051116943 1.615777850151062 -1.1168673038482666 84 129 62
-18.098970413208008 5.8606486320495605 3.6965503692626953 135 205 254
-20.237157821655273 7.393948078155518 3.579988718032837 103 136 181
-18.841543197631836 6.12000036239624 3.095874547958374 198 240 255
-15.767486572265625 5.773366928100586 2.163219928741455 160 221 239
-15.810782432556152 5.14685583114624 1.9809333086013794 77 96 94
-15.805148124694824 5.79779577255249 1.5478078126907349 175 224 254
-17.94711685180664 5.855806827545166 1.5524088144302368 88 109 110
-7.216648101806641 2.6514251232147217 0.42418989539146423 114 147 164
-11.092337608337402 3.6256484985351562 0.5327819585800171 189 227 228
-7.1031270027160645 2.6135165691375732 0.1414938122034073 97 128 122
-10.928388595581055 3.579028367996216 0.10436926782131195 61 67 67
-5.690840244293213 2.0973780155181885 -0.10819511860609055 77 78 70
-8.333331108093262 2.731889247894287 -0.24067090451717377 93 83 92
-6.497264862060547 2.3983242511749268 -0.3764203190803528 65 65 67
-9.124018669128418 2.9960367679595947 -0.6149606108665466 70 80 69
-6.753889083862305 2.4957308769226074 -0.655147910118103 55 62 55
-7.481528282165527 2.458286762237549 -0.7942255735397339 77 105 57
-6.120893955230713 2.2651021480560303 -0.8368825316429138 72 115 33
-6.214860439300537 2.0456900596618652 -0.9037104845046997 82 116 39
-5.414637088775635 2.006215810775757 -0.9562492370605469 71 104 47
-5.530572414398193 1.820876955986023 -1.0241692066192627 87 127 77
-4.840332984924316 1.7960209846496582 -1.0525422096252441 77 109 42
-4.887032508850098 1.60956609249115 -1.10220468044281 93 127 67
-18.39251708984375 6.018108367919922 3.7602577209472656 134 204 253
-19.230546951293945 7.0931172370910645 3.4057509899139404 125 193 238
-18.813291549682617 6.1746954917907715 3.0943305492401123 186 242 255
-15.454800605773926 5.71270751953125 2.122715473175049 35 46 78
-15.682669639587402 5.158417224884033 1.9668556451797485 139 190 233
-15.60519027709961 5.778825283050537 1.5299549102783203 92 96 133
-19.970718383789062 6.583930492401123 1.7291877269744873 68 62 90
-14.325216293334961 5.313078880310059 0.8429810404777527 74 71 102
-11.083059310913086 3.6602890491485596 0.5328731536865234 130 144 118
-7.1597466468811035 2.6593170166015625 0.142783522605896 78 96 118
-12.225541114807129 4.04541540145874 0.11687541753053665 89 88 68
-7.401124477386475 2.7535288333892822 -0.14087125658988953 78 84 82
-8.192060470581055 2.7134392261505127 -0.23683024942874908 77 80 87
-6.019228935241699 2.2428746223449707 -0.3491222560405731 65 72 65
-8.198853492736816 2.7201364040374756 -0.5531641840934753 74 95 52
-8.00306510925293 2.9852700233459473 -0.7772065997123718 62 104 58
-7.765732288360596 2.578094482421875 -0.8252319097518921 79 105 32
-6.12599515914917 2.2883822917938232 -0.8385359644889832 79 121 45
-6.212314605712891 2.06599760055542 -0.9042577147483826 91 125 51
-5.518418312072754 1.8356598615646362 -1.0229564905166626 88 118 48
-4.8746490478515625 1.622081995010376 -1.1005289554595947 76 117 39
-18.81864356994629 6.240470886230469 3.0983450412750244 104 148 133
-15.56450366973877 5.807595729827881 2.1402206420898438 95 106 168
-15.227654457092285 5.060576438903809 1.911727786064148 28 43 40
-15.940903663635254 5.958820819854736 1.564653754234314 46 44 83
-15.2604341506958 5.083007335662842 1.3226863145828247 123 159 171
-7.033796310424805 2.63334059715271 0.4143839478492737 91 87 146
-15.815470695495605 5.277082443237305 0.7611821889877319 34 94 130
-7.018615245819092 2.6314287185668945 0.14012934267520905 99 136 144
-12.021502494812012 4.018860816955566 0.11504215002059937 85 87 86
-8.159049987792969 2.730311632156372 -0.23611699044704437 74 78 89
-5.858987331390381 1.9638121128082275 -0.3957015573978424 82 90 79
-7.427628040313721 2.4911746978759766 -0.7901114821434021 78 110 34
-6.237873554229736 2.095773458480835 -0.9089096784591675 56 73 39
-5.463281154632568 1.8359538316726685 -1.0137749910354614 75 133 93
-4.867795944213867 1.636406421661377 -1.1001100540161133 90 123 54
-18.837820053100586 6.311044692993164 3.104675531387329 147 205 227
-12.928285598754883 4.8691792488098145 1.7797691822052002 141 205 214
-15.342905044555664 5.151201248168945 1.9281716346740723 111 145 131
-13.638017654418945 4.589137077331543 1.1832793951034546 99 113 100
-15.463154792785645 5.2123026847839355 0.7449917197227478 164 187 177
-12.371018409729004 4.177945613861084 0.11850902438163757 68 76 79
-7.711238384246826 2.6067917346954346 -0.22338803112506866 97 107 99
-8.418319702148438 2.8504061698913574 -0.5691404938697815 57 89 42
-7.4142961502075195 2.5120348930358887 -0.7895094156265259 73 106 61
-6.160123348236084 2.090705394744873 -0.8985111713409424 78 109 67
-5.352238178253174 1.8169312477111816 -0.9941994547843933 86 126 56
-4.7970147132873535 1.6290090084075928 -1.0852380990982056 75 126 49
-18.92131233215332 6.403648376464844 3.121659278869629 113 141 165
-15.288474082946777 5.185172080993652 1.92332124710083 149 184 188
-13.582355499267578 4.6168437004089355 1.1796733140945435 72 87 106
-7.123534202575684 2.425556182861328 0.3435581624507904 143 183 175
-12.113969802856445 4.132582187652588 0.11616752296686172 72 74 73
-7.479950428009033 2.55420184135437 -0.21691380441188812 73 70 79
-9.230093002319336 3.1568660736083984 -0.6246742010116577 91 116 86
-7.3792548179626465 2.5254271030426025 -0.7865993976593018 56 52 51
-6.1386871337890625 2.104454755783081 -0.8963220119476318 42 66 34
-5.329869270324707 1.8275928497314453 -0.991081178188324 84 123 78
-4.781820297241211 1.640228509902954 -1.0829339027404785 90 127 34
-18.473379135131836 6.296565055847168 3.792302370071411 132 202 253
-20.78911781311035 7.106940269470215 3.4333930015563965 57 105 181
-14.660954475402832 5.022550582885742 1.8463078737258911 160 199 196
-14.147841453552246 4.8575310707092285 1.2300761938095093 84 133 176
-15.399706840515137 5.29636287689209 0.7434866428375244 50 82 121
-11.515081405639648 3.967756748199463 0.11054065823554993 61 73 69
-8.5711088180542 2.9561960697174072 -0.2488185465335846 91 96 89
-8.26955795288086 2.85671329498291 -0.5602576732635498 59 78 59
-5.946828842163086 2.0556061267852783 -0.6345776915550232 64 84 59
-6.106927871704102 2.1145269870758057 -0.8926278352737427 65 94 40
-5.364255428314209 1.8577954769134521 -0.9985303282737732 93 130 50
-4.773993968963623 1.6539310216903687 -1.0823055505752563 66 99 52
-18.466039657592773 6.357364654541016 3.7947816848754883 134 201 254
-15.414080619812012 5.3223090171813965 2.548372268676758 106 128 142
-14.815325736999512 5.126276016235352 1.8677202463150024 58 67 98
-14.133813858032227 4.90123987197876 1.2301582098007202 118 159 153
-15.691960334777832 5.450770854949951 0.7584002017974854 102 114 114
-7.325750827789307 2.549407482147217 0.07039933651685715 74 78 89
-8.088115692138672 2.817405939102173 -0.2350471168756485 73 77 78
-8.1420316696167 2.840649366378784 -0.5522056221961975 60 67 60
-7.292229652404785 2.5457351207733154 -0.7789732217788696 66 86 58
-6.091996669769287 2.13031005859375 -0.8913964629173279 67 109 46
-5.335289001464844 1.8661149740219116 -0.9941994547843933 126 156 104
-4.761513710021973 1.6659862995147705 -1.080629825592041 75 111 24
-16.077770233154297 5.606739521026611 2.6609299182891846 111 144 175
-15.810036659240723 5.524827480316162 1.995247721672058 49 74 115
-13.91929817199707 4.874741554260254 1.2127834558486938 155 201 198
-16.359519958496094 5.738961219787598 0.7915109395980835 48 84 116
-7.151857376098633 2.513516902923584 0.06880202889442444 81 96 103
-8.056801795959473 2.834245204925537 -0.23438870906829834 81 82 76
-8.502243995666504 2.9956140518188477 -0.577256441116333 76 98 85
-7.194303512573242 2.53633713722229 -0.7693401575088501 41 42 37
-6.065816879272461 2.1420631408691406 -0.8885231614112854 95 140 39
-5.3193230628967285 1.8788663148880005 -0.9922938346862793 73 121 47
-4.7932586669921875 1.6936168670654297 -1.0890084505081177 84 126 62
-18.100439071655273 6.374448299407959 2.9989113807678223 179 243 252
-18.85685157775879 6.6545257568359375 2.3823251724243164 128 162 174
-15.106972694396973 5.342771053314209 1.3176871538162231 183 231 215
-15.435053825378418 5.4678955078125 0.7475912570953369 77 111 121
-7.957378387451172 2.8240747451782227 0.07663426548242569 79 92 75
-8.235517501831055 2.9255380630493164 -0.23984788358211517 71 72 76
-8.391469955444336 2.9855568408966064 -0.570354700088501 75 94 74
-7.326149940490723 2.608116865158081 -0.7842915058135986 46 55 50
-6.058283805847168 2.160329818725586 -0.8883863687515259 59 105 41
-5.279211521148682 1.8829351663589478 -0.9858841300010681 89 128 73
-4.790802478790283 1.7093000411987305 -1.0896368026733398 73 111 36
-19.313383102416992 6.882338047027588 2.4426581859588623 61 86 83
-14.592123031616211 5.2111101150512695 1.2741684913635254 80 100 125
-7.0995988845825195 2.5395870208740234 0.34424227476119995 62 66 75
-10.624907493591309 3.807523727416992 0.10243616253137589 79 77 78
-7.5951433181762695 2.7243258953094482 -0.22144027054309845 90 98 83
-9.177764892578125 3.2970645427703857 -0.6244824528694153 67 84 50
-7.348075866699219 2.6413509845733643 -0.7875025272369385 92 134 52
-6.04417085647583 2.1762216091156006 -0.8872917294502258 67 105 46
-5.238198280334473 1.8864418268203735 -0.9793011546134949 82 121 30
-4.791055679321289 1.7259784936904907 -1.0908936262130737 83 121 46
-20.063940048217773 7.204617023468018 3.331489086151123 147 205 229
-13.562827110290527 4.880068778991699 1.71724271774292 139 197 219
-13.839153289794922 4.990136623382568 1.2097511291503906 125 171 171
-15.317593574523926 5.532299041748047 0.7435322999954224 92 104 102
-7.141584873199463 2.5839974880218506 0.06892909109592438 71 84 74
-7.359297275543213 2.66524076461792 -0.21480144560337067 58 72 72
-6.811910629272461 2.4707655906677246 -0.46401628851890564 68 83 80
-7.075258255004883 2.567822217941284 -0.7591050863265991 72 109 57
-6.037465572357178 2.1947546005249023 -0.8872917294502258 73 108 24
-5.224055290222168 1.8994745016098022 -0.9777420163154602 81 124 32
-4.717738151550293 1.7159361839294434 -1.0753931999206543 72 108 70
-13.12220573425293 4.767049312591553 1.6632978916168213 115 164 161
-15.469223022460938 5.631597995758057 1.3537477254867554 162 196 197
-7.051034927368164 2.5711238384246826 0.3426460325717926 108 128 129
-7.115777969360352 2.5993762016296387 0.06875665485858917 91 93 90
-8.089949607849121 2.9579598903656006 -0.2363913357257843 37 37 47
-7.010461330413818 2.5671470165252686 -0.47807547450065613 60 67 51
-6.649752616882324 2.4365074634552 -0.7142511606216431 78 106 81
-6.04930305480957 2.2200927734375 -0.890028178691864 40 89 34
-5.208033561706543 1.911759614944458 -0.975836455821991 80 134 59
-4.6335129737854 1.701415777206421 -1.0573792457580566 56 86 34
-19.43854522705078 7.115000247955322 3.2348344326019287 114 136 186
-15.761652946472168 5.780709266662598 2.0000979900360107 136 193 187
-15.642704010009766 5.749166488647461 1.3704665899276733 160 203 210
-7.036551475524902 2.5903282165527344 0.3423267900943756 150 203 209
-7.080562114715576 2.611161470413208 0.06849346309900284 68 59 76
-5.727013111114502 2.113931655883789 -0.16753415763378143 89 102 85
-7.193505764007568 2.6592326164245605 -0.4911121428012848 64 75 71
-6.645045280456543 2.457932710647583 -0.7145521640777588 79 116 73
-6.037818908691406 2.2369205951690674 -0.8893441557884216 68 99 39
-5.176285266876221 1.9181464910507202 -0.9709858894348145 58 97 14
-4.66219425201416 1.7281980514526367 -1.0651293992996216 84 127 45
-19.40087127685547 7.1687822341918945 3.2322099208831787 184 237 251
-13.19234848022461 4.884366035461426 1.6759560108184814 91 145 191
-15.679187774658203 5.8172383308410645 1.3752200603485107 189 247 233
-7.201804161071777 2.676279306411743 0.35076409578323364 62 57 98
-7.120311737060547 2.6506640911102295 0.06895631551742554 91 106 103
-6.2160210609436035 2.3161258697509766 -0.18204627931118011 62 72 73
-9.081450462341309 3.3888566493988037 -0.6207120418548584 60 75 44
-6.631880760192871 2.476219654083252 -0.7139500975608826 55 80 58
-6.029999732971191 2.255086898803711 -0.8892072439193726 56 93 24
-19.000171661376953 7.087046146392822 3.169060230255127 122 168 217
-12.659213066101074 4.731189250946045 1.610062837600708 89 113 157
-16.340730667114258 6.119780540466309 1.4348840713500977 186 236 245
-14.280491828918457 5.356726169586182 0.6963289380073547 152 206 208
-19.52942657470703 7.352787971496582 3.261082410812378 157 206 247
