ply
format ascii 1.0
element vertex 8607
property float x
property float y
property float z
property uchar red
property uchar green
property uchar blue
end_header
-15.346015930175781 -4.608487129211426 -0.5645774602890015 72 94 45
-11.112812042236328 -3.3304691314697266 -0.8328016996383667 86 108 10
-16.840383529663086 -5.039064884185791 2.6110754013061523 67 116 51
-17.43494415283203 -5.209015846252441 2.026911497116089 106 159 193
-13.312262535095215 -3.967925548553467 0.5263557434082031 83 95 73
-12.825044631958008 -3.8134427070617676 0.017747899517416954 87 96 75
-15.331340789794922 -4.552849292755127 -0.5635210275650024 86 102 65
-11.475860595703125 -3.4009387493133545 -0.8592228293418884 90 124 40
-8.203851699829102 -2.4275219440460205 -0.9312343001365662 69 104 46
-6.8179144859313965 -2.012117862701416 -1.0379234552383423 36 89 37
-5.736269474029541 -1.6852846145629883 -1.099671721458435 68 82 56
-16.613037109375 -4.919340133666992 3.226840019226074 121 151 141
-16.308481216430664 -4.825442314147949 2.5262975692749023 100 128 139
-17.570938110351562 -5.190981388092041 2.040860414505005 149 196 188
-13.561127662658691 -3.9968433380126953 0.5357082486152649 114 124 97
-12.831886291503906 -3.772667646408081 0.017741268500685692 59 74 55
-15.361538887023926 -4.510578632354736 -0.5641196966171265 93 116 46
-11.089964866638184 -3.2495980262756348 -0.8295795917510986 66 109 38
-8.198857307434082 -2.398712635040283 -0.9298276901245117 97 131 47
-6.820255756378174 -1.9900826215744019 -1.0373455286026 59 115 16
-5.699855804443359 -1.6556072235107422 -1.091712236404419 99 138 73
-4.957555294036865 -1.4368994235992432 -1.1493078470230103 72 120 34
-17.09507942199707 -5.005084991455078 3.317471504211426 126 144 120
-16.312767028808594 -4.7723307609558105 2.524681329727173 123 165 153
-21.341678619384766 -6.2338457107543945 2.4765982627868652 110 134 120
-12.885449409484863 -3.754774808883667 0.5085593461990356 96 117 112
-20.30361557006836 -5.901795864105225 0.02804645709693432 82 91 70
-15.482796669006348 -4.494633674621582 -0.5680635571479797 65 95 35
-11.000246047973633 -3.186695098876953 -0.8221330046653748 71 117 27
-8.256792068481445 -2.3881871700286865 -0.9355627298355103 75 113 30
-6.754073143005371 -1.9483057260513306 -1.0263653993606567 68 104 30
-5.733267307281494 -1.6462554931640625 -1.0971391201019287 72 95 41
-4.997597694396973 -1.4318994283676147 -1.157566785812378 97 101 86
-17.096187591552734 -4.948513984680176 3.314724922180176 72 98 87
-16.072677612304688 -4.648609638214111 2.485304355621338 89 111 88
-17.357065200805664 -5.012207984924316 2.012409210205078 114 131 99
-13.99445629119873 -4.031396865844727 0.5518385767936707 107 116 99
-20.416776657104492 -5.866819381713867 0.0281777773052454 93 103 95
-16.184309005737305 -4.644492149353027 -0.5932765007019043 54 88 28
-11.42325210571289 -3.2712836265563965 -0.852993369102478 53 100 22
-8.14268970489502 -2.328136682510376 -0.9218202829360962 62 103 33
-6.733374118804932 -1.9199779033660889 -1.0223199129104614 72 97 32
-5.757214069366455 -1.6340291500091553 -1.100757122039795 81 101 40
-5.00384521484375 -1.417092204093933 -1.1580015420913696 94 116 70
-16.731332778930664 -4.787323951721191 3.241121530532837 117 151 126
-16.233322143554688 -4.64115047454834 2.5079312324523926 101 106 84
-23.16282844543457 -6.611820697784424 2.6831750869750977 92 103 107
-13.943861961364746 -3.976585626602173 1.0803213119506836 113 132 136
-16.98879051208496 -4.818994522094727 -0.6222218871116638 65 91 28
-11.081974983215332 -3.136796712875366 -0.8267871737480164 57 110 6
-8.304773330688477 -2.3469419479370117 -0.9393499493598938 62 102 42
-6.738280296325684 -1.8990427255630493 -1.0221754312515259 85 114 32
-5.758411884307861 -1.6152960062026978 -1.1000335216522217 54 87 30
-5.011929512023926 -1.402786374092102 -1.1588709354400635 63 92 46
-17.046106338500977 -4.817005157470703 2.631204843521118 102 124 122
-14.611692428588867 -4.122463226318359 1.6911410093307495 112 138 127
-13.803382873535156 -3.890770435333252 1.0685075521469116 106 129 121
-20.532299041748047 -5.763865947723389 0.028287868946790695 73 91 77
-17.176706314086914 -4.815410137176514 -0.6285603046417236 46 88 16
-11.03679370880127 -3.0874664783477783 -0.8227058053016663 58 110 35
-8.151076316833496 -2.2765259742736816 -0.9211710691452026 95 126 58
-6.873713970184326 -1.9144680500030518 -1.0418243408203125 80 111 69
-5.763340473175049 -1.5976219177246094 -1.1000335216522217 67 102 69
-5.000216007232666 -1.3829798698425293 -1.155176043510437 80 88 65
-17.25896453857422 -4.8200273513793945 2.6617660522460938 83 118 124
-20.63921546936035 -5.754734516143799 2.386705160140991 93 135 134
-17.19428825378418 -4.763490200042725 -0.6286659836769104 52 99 18
-11.095244407653809 -3.0671451091766357 -0.8263574838638306 71 104 23
-8.344891548156738 -2.303081512451172 -0.9422715306282043 87 104 33
-6.8986358642578125 -1.8986221551895142 -1.0447139739990234 88 131 59
-5.735015392303467 -1.5708391666412354 -1.0937020778656006 57 84 39
-4.947000026702881 -1.3519366979599 -1.1419181823730469 81 103 65
-13.691145896911621 -3.781463146209717 2.6453351974487305 133 170 152
-17.7075138092041 -4.886783599853516 2.728618860244751 101 144 153
-23.201622009277344 -6.392548084259033 2.680739641189575 81 104 120
-21.115379333496094 -5.803074836730957 0.829764723777771 112 122 113
-31.820167541503906 -8.722344398498535 0.04376488924026489 81 97 70
-15.932596206665039 -4.361364364624023 -0.5820433497428894 60 97 20
-11.035325050354004 -3.0141687393188477 -0.8212022185325623 161 178 64
-8.303003311157227 -2.2641303539276123 -0.93675297498703 81 120 39
-6.900608539581299 -1.876409888267517 -1.0441359281539917 97 130 73
-5.779680252075195 -1.564026951789856 -1.10129976272583 60 78 38
-4.942643165588379 -1.334463357925415 -1.139962077140808 108 121 101
-17.353126525878906 -4.735642433166504 3.350062131881714 93 140 182
-13.535881996154785 -3.690876007080078 2.0840413570404053 89 115 140
-13.791707992553711 -3.754427194595337 1.5921701192855835 82 120 121
-14.044536590576172 -3.8195672035217285 1.0844078063964844 124 153 131
-39.928550720214844 -10.841798782348633 1.5677456855773926 80 97 79
-17.573389053344727 -4.752606391906738 -0.6414484977722168 98 138 76
-11.1331148147583 -3.0042057037353516 -0.8277896046638489 84 119 25
-8.315670013427734 -2.2401978969573975 -0.9374021887779236 80 118 41
-6.9091997146606445 -1.856000542640686 -1.044569492340088 87 130 51
-5.851911544799805 -1.5643210411071777 -1.1141434907913208 56 71 50
-4.945771217346191 -1.3190417289733887 -1.139744758605957 69 93 57
-17.36947250366211 -4.682893753051758 3.350428342819214 82 122 158
-15.891911506652832 -4.280965328216553 2.444751739501953 95 141 164
-13.650561332702637 -3.671058177947998 1.5745677947998047 79 105 80
-31.934911727905273 -8.543475151062012 0.04384978115558624 97 105 92
-16.107746124267578 -4.303244590759277 -0.5874662399291992 72 100 51
-11.138423919677734 -2.969007730484009 -0.8275031447410583 77 117 21
-8.351325035095215 -2.2223448753356934 -0.9406484961509705 94 131 64
-6.918686866760254 -1.8358097076416016 -1.0451472997665405 56 88 41
-5.864290714263916 -1.5483688116073608 -1.1155905723571777 67 90 61
-4.963953018188477 -1.3075916767120361 -1.1430048942565918 96 105 78
-16.81210708618164 -4.47357177734375 2.5841877460479736 100 115 112
-23.26811981201172 -6.181031227111816 2.6817359924316406 96 134 119
-13.662882804870605 -3.6258862018585205 1.0532017946243286 107 136 152
-32.022850036621094 -8.461810111999512 0.04393467307090759 65 74 45
-16.1121768951416 -4.251512050628662 -0.5871493220329285 24 85 15
-10.853288650512695 -2.8573691844940186 -0.805664598941803 100 139 56
-8.339835166931152 -2.1919116973876953 -0.9385925531387329 77 122 41
-6.927158355712891 -1.8153274059295654 -1.0455807447433472 79 121 49
-5.854738235473633 -1.5266478061676025 -1.1128771305084229 20 42 29
-4.97833251953125 -1.2950595617294312 -1.1453957557678223 92 131 74
-18.553998947143555 -4.880326271057129 3.5730700492858887 117 148 177
-16.9290714263916 -4.449124813079834 2.6000559329986572 122 135 128
-13.780497550964355 -3.615478754043579 1.586966872215271 81 100 98
-13.672012329101562 -3.5834460258483887 1.0530531406402588 113 152 157
-31.951900482177734 -8.338275909423828 0.04380203038454056 103 121 99
-16.133846282958984 -4.204328536987305 -0.5874662399291992 32 76 15
-13.68265151977539 -4.103405952453613 -0.6391715407371521 57 95 20
-11.285787582397461 -2.934239625930786 -0.8370978236198425 87 139 5
-10.404166221618652 -3.113069534301758 -0.8859787583351135 83 112 46
-8.32919979095459 -2.1618194580078125 -0.9366447329521179 98 136 51
-6.951854228973389 -1.7990247011184692 -1.048470377922058 84 124 51
-5.880347728729248 -1.5140737295150757 -1.1168568134307861 98 138 86
-4.9785003662109375 -1.2788087129592896 -1.1445262432098389 91 120 72
-17.106399536132812 -4.443491458892822 3.2916553020477295 116 150 187
-16.98572540283203 -4.408348083496094 2.6066677570343018 95 122 143
-16.30367660522461 -4.873392105102539 2.3575961589813232 131 160 140
-13.037247657775879 -3.3777616024017334 1.500173568725586 115 127 105
-20.001705169677734 -5.967756748199463 2.1161539554595947 77 96 111
-38.94305419921875 -10.062747955322266 1.5240877866744995 113 133 106
-13.169758796691895 -3.919099807739258 0.3881275951862335 82 110 72
-31.9957275390625 -8.244950294494629 0.043827228248119354 87 108 93
-14.568547248840332 -4.32677698135376 -0.12519901990890503 90 102 82
-16.374114990234375 -4.21333646774292 -0.5957413911819458 60 94 34
-14.001662254333496 -4.152299880981445 -0.6534757018089294 57 102 17
-11.20778751373291 -2.877279758453369 -0.8306536674499512 70 113 6
-9.57453441619873 -2.832857370376587 -0.8145865201950073 60 101 35
-8.374313354492188 -2.146127462387085 -0.9409730434417725 74 120 55
-7.745893955230713 -2.2868120670318604 -0.957764208316803 85 131 66
-6.96213436126709 -1.7789130210876465 -1.0491927862167358 59 90 30
-6.472289562225342 -1.9079828262329102 -1.050864815711975 75 83 26
-5.891637325286865 -1.4977220296859741 -1.118123173713684 75 91 64
-4.992807865142822 -1.266168236732483 -1.1469171047210693 63 88 31
-17.463722229003906 -4.479160308837891 3.3577520847320557 103 144 196
-13.877458572387695 -4.111044406890869 2.5471343994140625 119 159 167
-13.640729904174805 -3.4955804347991943 2.091681480407715 107 144 152
-16.47813606262207 -4.870519161224365 2.3806519508361816 98 131 148
-13.783164978027344 -3.5259287357330322 1.5847526788711548 106 139 128
-20.43024253845215 -6.027419567108154 2.1595261096954346 81 106 102
-13.510640144348145 -3.9754607677459717 0.3978124260902405 53 75 52
-13.192465782165527 -3.874084711074829 -0.1132705956697464 62 91 60
-16.333690643310547 -4.149547100067139 -0.593804657459259 81 122 64
-14.112116813659668 -4.13799524307251 -0.658035159111023 66 102 41
-11.193357467651367 -2.8369998931884766 -0.8289352059364319 92 132 62
-10.06530475616455 -2.9445106983184814 -0.8555679321289062 69 115 50
-8.386641502380371 -2.1218886375427246 -0.9416223168373108 82 121 42
-7.745246887207031 -2.2608110904693604 -0.9568220376968384 70 116 44
-6.9685187339782715 -1.7577871084213257 -1.0493371486663818 63 100 22
-6.484753131866455 -1.8900525569915771 -1.051941990852356 98 125 82
-5.88857364654541 -1.4777246713638306 -1.1166759729385376 71 96 54
-5.4732232093811035 -1.592018723487854 -1.1040568351745605 76 99 57
-4.985306739807129 -1.248000144958496 -1.1443089246749878 104 106 84
-16.831235885620117 -4.261946678161621 3.233614683151245 105 152 196
-13.959002494812012 -4.088659286499023 2.559786796569824 63 97 73
-13.689746856689453 -3.463418960571289 2.0975587368011475 103 121 145
-16.36179542541504 -4.7815985679626465 2.361713409423828 90 132 146
-20.425716400146484 -5.958025932312012 2.1571052074432373 56 85 57
-13.894847869873047 -4.048285007476807 0.9389432072639465 83 103 102
-13.763686180114746 -4.004077434539795 0.40489959716796875 107 117 108
-32.944793701171875 -8.27428150177002 0.04505684971809387 119 134 111
-20.375898361206055 -5.9157209396362305 -0.17479093372821808 77 88 74
-17.566770553588867 -4.405481338500977 -0.6381384134292603 54 101 33
-14.609291076660156 -4.235147476196289 -0.680608868598938 75 109 33
-11.25425910949707 -2.815718412399292 -0.8328016996383667 95 138 48
-10.423759460449219 -3.014688014984131 -0.8852468729019165 66 118 33
-8.439407348632812 -2.107710838317871 -0.9468162059783936 80 117 47
-7.721615314483643 -2.2282278537750244 -0.9530537128448486 66 103 25
-7.022848129272461 -1.748592495918274 -1.0567054748535156 65 92 59
-6.498116493225098 -1.8723372220993042 -1.0531729459762573 87 115 66
-5.8873515129089355 -1.458233118057251 -1.1155905723571777 64 83 27
-5.460155010223389 -1.5700647830963135 -1.1004438400268555 61 93 30
-4.991954326629639 -1.233401894569397 -1.1449609994888306 95 111 75
-13.945938110351562 -4.038417816162109 2.5551071166992188 107 153 151
-13.695509910583496 -3.4202046394348145 2.0968241691589355 114 140 175
-16.506759643554688 -4.769044876098633 2.380514621734619 105 141 167
-20.463973999023438 -5.901121616363525 2.1592235565185547 76 87 70
-20.928041458129883 -6.0187249183654785 0.6151142120361328 77 94 75
-32.995262145996094 -8.179425239562988 0.04509134218096733 109 127 101
-13.187152862548828 -3.7847883701324463 -0.11302345246076584 77 78 70
-17.729598999023438 -4.388545513153076 -0.6435613036155701 65 100 36
-14.418622970581055 -4.13196325302124 -0.6711323857307434 68 102 28
-11.27446460723877 -2.7840471267700195 -0.833660900592804 102 136 59
-10.374504089355469 -2.96598219871521 -0.8802868127822876 66 103 49
-8.404329299926758 -2.0715787410736084 -0.942163348197937 70 121 54
-7.853513240814209 -2.2402119636535645 -0.9684805870056152 57 112 29
-7.101210117340088 -1.7449842691421509 -1.0676857233047485 66 95 41
-6.507631778717041 -1.8534752130508423 -1.0537885427474976 90 124 63
-5.890841960906982 -1.4399305582046509 -1.1154097318649292 81 98 64
-5.465890407562256 -1.5535742044448853 -1.100633978843689 52 85 42
-4.990973949432373 -1.2169249057769775 -1.1438742876052856 104 114 89
-17.294221878051758 -4.2664361000061035 3.317471504211426 106 146 182
-13.952581405639648 -3.9939873218536377 2.5540671348571777 101 119 93
-13.701136589050293 -3.3769876956939697 2.0960893630981445 106 140 152
-15.92507553100586 -4.548098564147949 2.2946043014526367 85 127 115
-21.359981536865234 -5.25521183013916 2.4502503871917725 120 161 189
-13.762985229492188 -3.91841197013855 0.9283904433250427 84 100 89
-38.68510818481445 -9.491236686706543 1.5093204975128174 109 129 104
-13.357433319091797 -3.7893428802490234 -0.11438269913196564 94 112 86
-17.834238052368164 -4.356423377990723 -0.6468713283538818 58 108 23
-14.2341890335083 -4.031894683837891 -0.6619688272476196 71 110 47
-11.595964431762695 -2.8257193565368652 -0.8567883372306824 66 118 20
-10.487141609191895 -2.9634108543395996 -0.889068603515625 76 111 55
-8.444454193115234 -2.0540084838867188 -0.9459506273269653 70 122 22
-7.790577411651611 -2.1964361667633057 -0.9598838686943054 58 110 25
-7.120954513549805 -1.7266874313354492 -1.0698529481887817 53 69 6
-6.516140460968018 -1.8343045711517334 -1.0542501211166382 80 120 50
-5.890451431274414 -1.4206979274749756 -1.1145051717758179 88 109 66
-5.492370128631592 -1.5429047346115112 -1.1050076484680176 53 81 30
-4.99847936630249 -1.2025202512741089 -1.14474356174469 87 99 75
-17.304363250732422 -4.212660312652588 3.316922187805176 103 135 148
-13.722167015075684 -3.882521152496338 2.5096967220306396 118 138 175
-13.562458038330078 -3.29870343208313 2.073315382003784 102 138 160
-16.090526580810547 -4.54200553894043 2.316425085067749 102 128 93
-21.33771514892578 -6.011514186859131 2.247480630874634 114 142 145
-23.395021438598633 -6.559401035308838 -0.20016354322433472 74 95 62
-17.939817428588867 -4.323934078216553 -0.6502165794372559 75 108 39
-14.252263069152832 -3.989821434020996 -0.6622369885444641 71 121 52
-11.745200157165527 -2.8239400386810303 -0.8671706318855286 71 114 43
-10.508662223815918 -2.9347076416015625 -0.8901256322860718 80 104 46
-8.62568473815918 -2.070082426071167 -0.9655361771583557 86 121 41
-7.810671329498291 -2.1762561798095703 -0.9615325331687927 84 111 58
-7.131992340087891 -1.7062139511108398 -1.0707197189331055 63 81 31
-6.525545597076416 -1.8153640031814575 -1.0548657178878784 51 106 22
-5.889041900634766 -1.401253581047058 -1.113419771194458 62 94 45
-5.549106121063232 -1.540490746498108 -1.1154663562774658 81 107 72
-5.02208948135376 -1.1919128894805908 -1.1493078470230103 104 110 98
-13.478872299194336 -3.769059181213379 2.463073253631592 122 162 164
-17.52278709411621 -4.205049991607666 2.676752805709839 112 142 176
-16.557584762573242 -4.61904764175415 2.381612539291382 124 158 134
-21.336889266967773 -5.940685272216797 2.2454631328582764 126 151 112
-13.938673973083496 -3.8761324882507324 0.9386195540428162 109 135 108
-13.694586753845215 -3.794354200363159 -0.11706824600696564 98 108 99
-16.04831886291504 -3.815979242324829 -0.5812334418296814 77 117 57
-14.434859275817871 -3.993222713470459 -0.6701489686965942 68 107 26
-11.810097694396973 -2.8012442588806152 -0.8713235259056091 76 111 31
-10.521459579467773 -2.9035141468048096 -0.8904508948326111 74 103 37
-8.74421215057373 -2.070176601409912 -0.9780882596969604 97 130 75
-7.8498640060424805 -2.161245584487915 -0.9655365347862244 70 112 26
-7.131415367126465 -1.6829615831375122 -1.0698529481887817 83 116 45
-6.537753582000732 -1.7971686124801636 -1.0559428930282593 95 130 48
-5.896185874938965 -1.3838539123535156 -1.1139625310897827 74 108 75
-5.592624187469482 -1.5341072082519531 -1.1232627630233765 67 98 28
-5.027623653411865 -1.1769447326660156 -1.149742603302002 105 133 84
-18.448516845703125 -5.097734451293945 3.3683319091796875 119 153 178
-13.72971248626709 -3.2502870559692383 2.0957956314086914 104 150 174
-16.298572540283203 -4.4929423332214355 2.342362880706787 104 135 94
-21.293622970581055 -5.858306884765625 2.2390079498291016 99 111 111
-13.584639549255371 -3.719052791595459 -0.11603027582168579 83 97 84
-18.304607391357422 -4.293190956115723 -0.6624709367752075 81 114 57
-14.454751968383789 -3.9510254859924316 -0.6705065965652466 80 113 44
-11.794356346130371 -2.7593178749084473 -0.8695334792137146 70 104 17
-10.517817497253418 -2.8678128719329834 -0.8893938660621643 87 115 66
-8.784404754638672 -2.0512518882751465 -0.9818755388259888 71 106 64
-7.869872570037842 -2.140801429748535 -0.9671851992607117 68 97 30
-7.127871513366699 -1.6590559482574463 -1.0685526132583618 84 107 53
-6.55277156829834 -1.7796924114227295 -1.0574816465377808 61 97 35
-5.911900997161865 -1.3684195280075073 -1.116133213043213 67 79 55
-5.629522323608398 -1.525673508644104 -1.1297281980514526 90 119 55
-5.050232410430908 -1.1659060716629028 -1.1540894508361816 89 99 75
-17.370515823364258 -4.742546081542969 3.1688387393951416 122 159 188
-13.671229362487793 -3.192180871963501 2.0853636264801025 89 134 165
-13.62574291229248 -3.711195230484009 1.9565893411636353 106 131 109
-13.604103088378906 -3.697906017303467 1.429261326789856 87 112 116
-13.78971004486084 -3.7377634048461914 0.4035724997520447 103 133 109
-26.05197525024414 -7.046376705169678 -0.22233164310455322 66 88 49
-16.48037338256836 -3.812027931213379 -0.5960230827331543 81 107 44
-13.80229663848877 -3.7272145748138428 -0.6397079825401306 78 122 45
-11.852333068847656 -2.7345564365386963 -0.8731851577758789 70 109 46
-10.510205268859863 -2.8311240673065186 -0.8880115151405334 59 97 20
-8.836189270019531 -2.0347771644592285 -0.9869612455368042 83 122 59
-7.893665313720703 -2.121285915374756 -0.9693049192428589 89 135 73
-7.124248027801514 -1.6351879835128784 -1.0672523975372314 70 76 28
-6.581104755401611 -1.7657256126403809 -1.0611748695373535 72 102 66
-5.9362077713012695 -1.3548715114593506 -1.1199321746826172 84 91 75
-5.630383014678955 -1.5073795318603516 -1.1289676427841187 92 119 64
-5.051881790161133 -1.1499732732772827 -1.15365469455719 69 81 59
-18.332063674926758 -4.944686412811279 3.3414671421051025 119 144 164
-17.95884895324707 -4.1352643966674805 2.7374343872070312 119 157 193
-16.674962997436523 -4.486793041229248 2.3924543857574463 121 144 128
-13.626914978027344 -3.659248113632202 1.430471658706665 110 130 141
-13.707737922668457 -3.676335096359253 0.9207509756088257 123 144 125
-34.95546340942383 -7.985385417938232 0.04756119102239609 105 112 81
-26.256057739257812 -7.015202045440674 -0.2238885909318924 79 107 66
-18.196144104003906 -4.15012788772583 -0.6576114296913147 72 112 41
-14.409224510192871 -3.843719482421875 -0.6672881245613098 72 111 48
-11.87136459350586 -2.7006146907806396 -0.8739727735519409 74 110 36
-10.50632095336914 -2.795534372329712 -0.8869544863700867 37 94 23
-8.854023933410645 -2.0102999210357666 -0.9882597327232361 72 114 74
-7.902056694030762 -2.0975682735443115 -0.969540536403656 90 134 59
-7.128265857696533 -1.6131049394607544 -1.0671077966690063 51 66 35
-6.625650882720947 -1.7559047937393188 -1.0674840211868286 61 98 18
-5.941296100616455 -1.3368690013885498 -1.1201130151748657 75 89 66
-5.615049362182617 -1.484827995300293 -1.124974250793457 79 109 71
-5.059195518493652 -1.1353238821029663 -1.1545240879058838 70 82 68
-17.401193618774414 -4.636380672454834 3.1691856384277344 116 145 141
-17.26825714111328 -3.9204983711242676 2.6303231716156006 95 138 180
-17.373119354248047 -4.617536544799805 2.4905788898468018 80 102 90
-21.26970672607422 -5.641671657562256 2.230938673019409 132 165 180
-26.550111770629883 -7.006570339202881 -0.22621166706085205 81 101 48
-18.13761329650879 -4.078278541564941 -0.6550408601760864 95 124 70
-14.83344554901123 -3.908175230026245 -0.6863752007484436 57 106 24
-12.055754661560059 -2.703687906265259 -0.8869327306747437 48 97 41
-10.506172180175781 -2.7610080242156982 -0.8862226009368896 63 104 44
-8.83686637878418 -1.9779154062271118 -0.9856627583503723 101 147 59
-7.9151787757873535 -2.075078010559082 -0.9703648686408997 83 124 56
-7.131249904632568 -1.5907973051071167 -1.0668189525604248 89 108 76
-6.6099772453308105 -1.730065107345581 -1.0640987157821655 68 95 26
-5.9588117599487305 -1.3216164112091064 -1.122645616531372 66 92 47
-5.596780776977539 -1.4616405963897705 -1.120410442352295 81 99 57
-5.052171230316162 -1.1174782514572144 -1.1521332263946533 59 81 42
-17.412477493286133 -4.582220554351807 3.168665647506714 106 158 180
-13.856685638427734 -3.6374387741088867 1.9848600625991821 107 133 146
-21.118959426879883 -6.3639373779296875 2.0279159545898438 105 119 119
-41.02976608276367 -9.13705825805664 1.5927741527557373 109 128 106
-27.55267333984375 -7.1808013916015625 -0.2345648556947708 92 106 81
-12.96037769317627 -3.883992910385132 -0.2413610816001892 71 82 65
-18.4495792388916 -4.089001655578613 -0.665851354598999 78 102 52
-15.147010803222656 -3.941134214401245 -0.7003217339515686 55 101 29
-12.619083404541016 -3.7747533321380615 -0.715882420539856 62 107 42
-12.469143867492676 -2.7562453746795654 -0.9167190790176392 84 121 77
-10.495299339294434 -2.723755359649658 -0.8845964074134827 80 117 74
-9.747289657592773 -2.912005662918091 -0.9256342649459839 82 113 53
-8.878812789916992 -1.9587191343307495 -0.9896665215492249 107 140 87
-7.930159568786621 -2.0530247688293457 -0.9714246988296509 96 125 59
-7.138996124267578 -1.5695488452911377 -1.0672523975372314 101 124 80
-6.621950626373291 -1.7115086317062378 -1.0651758909225464 79 100 57
-5.893659591674805 -1.2882080078125 -1.1096210479736328 57 90 43
-5.590781211853027 -1.4417662620544434 -1.1183186769485474 78 84 56
-5.025057315826416 -1.0953209400177002 -1.1451783180236816 63 93 39
-15.901329040527344 -4.132429599761963 2.8913509845733643 103 145 141
-16.99820899963379 -5.089280128479004 2.9482741355895996 119 150 178
-13.731624603271484 -3.559614896774292 1.9653725624084473 97 123 146
-17.884262084960938 -5.340963363647461 2.404585838317871 99 129 127
-13.76404094696045 -3.560584306716919 1.441365122795105 83 107 107
-20.243223190307617 -6.032362937927246 1.9420385360717773 91 136 107
-12.751418113708496 -3.786282539367676 0.24867023527622223 83 99 60
-24.85527229309082 -6.396432399749756 -0.21143293380737305 90 110 57
-20.10926055908203 -5.959211349487305 -0.3741524815559387 94 111 79
-18.838912963867188 -4.114695072174072 -0.6794437766075134 98 128 76
-14.86295223236084 -3.8185770511627197 -0.6866434216499329 57 101 22
-12.505168914794922 -3.698918104171753 -0.7087729573249817 72 109 31
-12.475592613220215 -2.71755313873291 -0.9165759086608887 107 141 65
-9.7852783203125 -2.507472276687622 -0.8241000175476074 97 136 71
-9.598588943481445 -2.83553409576416 -0.910682737827301 94 128 54
-8.884779930114746 -1.9314700365066528 -0.9896665215492249 94 118 68
-7.945079803466797 -2.0308990478515625 -0.9724845290184021 83 118 60
-7.4178547859191895 -2.1875200271606445 -0.9916676878929138 105 144 61
-7.140876293182373 -1.5470107793807983 -1.0668189525604248 78 111 56
-6.644403457641602 -1.6955825090408325 -1.0679457187652588 52 78 30
-6.257508277893066 -1.842604637145996 -1.0802528858184814 62 89 46
-5.900467872619629 -1.270741581916809 -1.110163688659668 56 72 35
-5.5885186195373535 -1.422911524772644 -1.1169875860214233 115 151 87
-5.005490303039551 -1.07498037815094 -1.139962077140808 84 89 66
-13.170348167419434 -3.3796029090881348 2.3928780555725098 102 145 179
-17.039281845092773 -5.0446672439575195 2.9526994228363037 111 142 163
-17.377458572387695 -4.447864055633545 2.485226631164551 89 118 122
-17.443038940429688 -5.1509623527526855 2.3431262969970703 121 148 133
-13.023980140686035 -3.326542377471924 1.3627910614013672 111 157 173
-20.567298889160156 -6.0602946281433105 1.9713356494903564 144 164 188
-12.815897941589355 -3.769242763519287 0.7370437383651733 120 141 124
-13.716588020324707 -3.4929921627044678 0.39981716871261597 107 119 99
-12.747625350952148 -3.7426373958587646 0.2483711838722229 86 117 109
-28.810588836669922 -7.320152282714844 -0.24488690495491028 97 112 73
-20.148557662963867 -5.903674125671387 -0.3745448887348175 78 109 68
-18.869035720825195 -4.06066370010376 -0.6800776720046997 82 103 70
-14.582159996032715 -3.6987831592559814 -0.6731439232826233 111 143 16
-12.481956481933594 -3.650444984436035 -0.7068192362785339 68 122 24
-12.117185592651367 -2.6005685329437256 -0.8896535634994507 77 108 64
-10.601675033569336 -2.682039260864258 -0.8921584486961365 102 142 53
-9.782181739807129 -2.857168674468994 -0.9272654056549072 105 143 58
-8.836226463317871 -1.8925434350967407 -0.9836068153381348 73 116 47
-7.965716361999512 -2.0101590156555176 -0.9742510318756104 98 136 75
-7.376919269561768 -2.1508700847625732 -0.9853083491325378 91 128 33
-7.134943962097168 -1.5228235721588135 -1.0652296543121338 89 114 74
-6.7492218017578125 -1.7002934217453003 -1.0839494466781616 53 83 31
-6.291548728942871 -1.8316712379455566 -1.0851541757583618 54 82 23
-5.909149169921875 -1.253653883934021 -1.1110681295394897 82 98 72
-5.583336353302002 -1.4033663272857666 -1.1150860786437988 48 53 30
-5.300173759460449 -1.5403412580490112 -1.1252553462982178 104 117 87
-4.994440078735352 -1.0565881729125977 -1.1367019414901733 101 137 75
-16.88204574584961 -4.276889324188232 3.0648458003997803 109 137 161
-12.001896858215332 -3.5132813453674316 2.07790470123291 124 169 192
-17.408308029174805 -4.398898124694824 2.487696886062622 100 115 110
-17.3549861907959 -5.067124366760254 2.3291988372802734 122 155 164
-13.555131912231445 -2.8971078395843506 1.5440130233764648 110 169 209
-21.047569274902344 -6.131693363189697 2.0155560970306396 116 159 150
-14.24539566040039 -3.587233781814575 0.9530568718910217 120 146 135
-13.511963844299316 -3.9289610385894775 0.7763776779174805 111 135 99
-28.544843673706055 -7.1594767570495605 -0.24244026839733124 110 121 79
-20.57952880859375 -5.961455821990967 -0.3822144865989685 94 112 86
-18.888248443603516 -4.004205703735352 -0.680324137210846 91 112 81
-14.564366340637207 -3.6467485427856445 -0.6718028783798218 76 113 18
-12.68014907836914 -3.6662161350250244 -0.7174020409584045 59 102 23
-11.983607292175293 -2.5334665775299072 -0.8792713284492493 107 139 92
-10.585679054260254 -2.6434643268585205 -0.8901256322860718 86 131 40
-9.296236991882324 -2.6843085289001465 -0.8804173469543457 84 131 53
-8.823509216308594 -1.8615262508392334 -0.9815508723258972 93 131 72
-7.980518341064453 -1.9878711700439453 -0.9753108620643616 80 109 51
-7.415887832641602 -2.137568235397339 -0.9896326661109924 90 121 62
-7.118278980255127 -1.496448278427124 -1.0620511770248413 78 117 62
-6.815775394439697 -1.694839358329773 -1.093798041343689 67 88 55
-6.323685169219971 -1.8200007677078247 -1.089728832244873 64 97 42
-5.9312591552734375 -1.239340901374817 -1.1145051717758179 42 69 38
-5.579040050506592 -1.3841028213500977 -1.1133747100830078 70 83 29
-5.293573379516602 -1.5208265781402588 -1.1228582859039307 96 131 41
-4.974724292755127 -1.036482334136963 -1.1314857006072998 71 113 47
-16.759414672851562 -4.191147327423096 3.040234088897705 101 142 162
-17.376934051513672 -5.028872489929199 3.0058069229125977 110 151 147
-17.138200759887695 -4.274750709533691 2.447211980819702 90 124 133
-13.647461891174316 -3.939242362976074 1.829984426498413 123 157 159
-13.593132972717285 -2.861649751663208 1.5473341941833496 109 168 212
-36.5107421875 -10.515097618103027 3.4932339191436768 87 107 98
-14.28345012664795 -3.5502524375915527 0.9548696279525757 109 144 150
-13.779212951660156 -3.9608633518218994 0.7910314798355103 89 122 113
-20.56249237060547 -5.900241851806641 0.3999209702014923 90 95 88
-28.886995315551758 -7.151165962219238 -0.24515876173973083 83 101 63
-13.012831687927246 -3.7263083457946777 -0.24146810173988342 90 99 82
-18.946422576904297 -3.955838441848755 -0.6819791793823242 84 95 81
-15.002208709716797 -3.707504987716675 -0.6914710998535156 63 107 28
-12.69997787475586 -3.6297662258148193 -0.7178904414176941 66 97 29
-11.946404457092285 -2.4873368740081787 -0.875977635383606 128 149 90
-10.727286338806152 -2.643890142440796 -0.9013468027114868 68 116 54
-9.750688552856445 -2.783151865005493 -0.9226439595222473 77 121 58
-8.78927230834961 -1.8261559009552002 -0.9771144390106201 92 128 82
-7.997186660766602 -1.965985655784607 -0.9766061902046204 94 134 71
-7.4930009841918945 -2.1349191665649414 -0.9990444183349609 31 90 22
-7.125743865966797 -1.4752044677734375 -1.062484622001648 67 99 32
-6.806549072265625 -1.6703884601593018 -1.0914897918701172 63 61 36
-6.300771713256836 -1.7924927473068237 -1.0848274230957031 77 104 37
-5.935033798217773 -1.2211382389068604 -1.1145051717758179 100 128 90
-5.568002223968506 -1.3632444143295288 -1.1103321313858032 61 69 54
-5.313295364379883 -1.5088616609573364 -1.1260544061660767 71 108 38
-4.974056243896484 -1.020430564880371 -1.130616307258606 78 92 75
-16.798965454101562 -4.146318435668945 3.0450870990753174 103 132 127
-14.100285530090332 -4.033771991729736 2.436870574951172 16 57 53
-17.44363021850586 -4.294130802154541 2.4889321327209473 86 128 150
-17.380029678344727 -4.958908557891846 2.328432321548462 108 134 131
-13.571681022644043 -2.8136789798736572 1.5439023971557617 107 169 210
-20.494888305664062 -5.8128485679626465 0.39825743436813354 89 106 88
-28.915597915649414 -7.064169406890869 -0.24521642923355103 87 115 56
-21.214115142822266 -6.004438877105713 -0.3933086693286896 65 96 29
-19.499805450439453 -4.008986473083496 -0.7014521956443787 78 84 72
-15.06883430480957 -3.6749532222747803 -0.6940190196037292 85 123 38
-13.108874320983887 -3.7031679153442383 -0.7403584122657776 64 98 22
-11.956911087036133 -2.451275110244751 -0.8761924505233765 105 140 84
-10.756651878356934 -2.6161484718322754 -0.9031355977058411 87 125 52
-9.815731048583984 -2.7691779136657715 -0.9279902577400208 125 153 51
-8.758796691894531 -1.7918100357055664 -0.9731106758117676 82 133 38
-8.003180503845215 -1.941441297531128 -0.9766061902046204 80 124 26
-7.524338722229004 -2.1189112663269043 -1.0023512840270996 84 111 42
-7.153505325317383 -1.4580789804458618 -1.0659520626068115 50 53 42
-6.800117492675781 -1.6467077732086182 -1.089643120765686 64 84 49
-6.272050857543945 -1.763540267944336 -1.0789457559585571 54 89 35
-5.925257205963135 -1.2001906633377075 -1.111972689628601 78 114 66
-5.5960164070129395 -1.3519192934036255 -1.1150860786437988 65 81 34
-5.333937168121338 -1.4970548152923584 -1.1294503211975098 94 120 72
-4.9714226722717285 -1.0040061473846436 -1.12931227684021 104 125 86
-14.092659950256348 -3.9848573207855225 2.4334285259246826 129 159 151
-17.448057174682617 -4.238490104675293 2.487696886062622 105 148 167
-17.83808135986328 -5.030470371246338 2.3877196311950684 69 102 55
-12.801257133483887 -3.5883514881134033 0.24853940308094025 93 106 89
-28.584253311157227 -6.8903608322143555 -0.24222607910633087 112 131 85
-21.197772979736328 -5.929630279541016 -0.3926665782928467 99 116 48
-19.518869400024414 -3.950531005859375 -0.7016986608505249 79 85 75
-15.039244651794434 -3.618889093399048 -0.692141592502594 66 112 39
-12.267104148864746 -3.4247701168060303 -0.6922205090522766 58 100 34
-12.155030250549316 -2.453057289123535 -0.8901547789573669 111 126 71
-10.771411895751953 -2.584763288497925 -0.9037047624588013 72 113 17
-9.822261810302734 -2.738515615463257 -0.9278090596199036 68 102 16
-8.805185317993164 -1.7731729745864868 -0.9776554703712463 94 129 61
-8.062216758728027 -1.9295917749404907 -0.983083188533783 104 139 75
-7.572848796844482 -2.107517957687378 -1.0079474449157715 64 103 36
-7.181229591369629 -1.4407970905303955 -1.069419503211975 90 105 76
-6.796488285064697 -1.623771071434021 -1.0882582664489746 102 142 92
-6.264123916625977 -1.7405917644500732 -1.0766584873199463 67 94 61
-5.861394882202148 -1.168546199798584 -1.0993098020553589 53 80 25
-5.614462375640869 -1.3381587266921997 -1.1179383993148804 92 106 73
-5.34133768081665 -1.4814691543579102 -1.1300495862960815 89 125 61
-4.963948726654053 -0.9866561889648438 -1.126921534538269 66 90 54
-18.32030487060547 -5.119623184204102 3.160703182220459 118 155 182
-14.09053897857666 -3.37713360786438 2.0075042247772217 96 143 149
-18.197372436523438 -5.0715765953063965 2.43371844291687 129 145 145
-13.565991401672363 -3.2441532611846924 1.4141314029693604 100 128 131
-13.618707656860352 -3.7868025302886963 1.2996056079864502 85 110 115
-13.718873023986816 -3.8071749210357666 0.7855225801467896 96 115 96
-20.711315155029297 -5.737163066864014 0.4017713963985443 101 117 91
-28.323137283325195 -6.735541820526123 -0.23983709514141083 83 108 53
-21.27754020690918 -5.881617546081543 -0.3938080966472626 60 93 22
-19.253522872924805 -3.8353755474090576 -0.6917333006858826 82 99 63
-13.968451499938965 -3.3159220218658447 -0.6423899531364441 64 110 61
-13.09958553314209 -3.6139004230499268 -0.7385674715042114 67 102 18
-12.37186050415039 -2.457338809967041 -0.9054776430130005 108 141 86
-10.781230926513672 -2.552164077758789 -0.9038674235343933 83 132 43
-9.925668716430664 -2.73455548286438 -0.9367799758911133 70 115 48
-8.901273727416992 -1.7641241550445557 -0.9877187013626099 98 121 75
-8.195672988891602 -1.9349679946899414 -0.9986279010772705 109 166 71
-7.629966735839844 -2.0982139110565186 -1.01468825340271 73 121 59
-7.1729960441589355 -1.416266918182373 -1.0675413608551025 71 88 54
-6.801437854766846 -1.6029120683670044 -1.0882582664489746 94 115 59
-6.317002296447754 -1.7344260215759277 -1.0848274230957031 61 90 42
-5.899696350097656 -1.1573741436004639 -1.105822205543518 92 121 75
-5.6252312660217285 -1.3225003480911255 -1.1192694902420044 88 110 72
-5.340188026428223 -1.4635213613510132 -1.1288511753082275 53 68 29
-4.952582836151123 -0.968612015247345 -1.1236613988876343 61 73 51
-13.441717147827148 -3.7118773460388184 2.317051410675049 107 135 159
-13.684257507324219 -3.768573760986328 1.8285789489746094 138 150 140
-13.559418678283691 -3.1986348628997803 1.412416696548462 125 166 188
-13.683073043823242 -3.7595136165618896 1.3046411275863647 139 168 184
-13.724710464477539 -3.763483762741089 0.7851920127868652 122 128 128
-13.762316703796387 -3.7668235301971436 0.26674482226371765 119 134 103
-21.68321990966797 -5.922210693359375 -0.40097829699516296 54 90 29
-18.74444007873535 -3.674211025238037 -0.6730349659919739 100 125 83
-15.192479133605957 -3.557288646697998 -0.6981761455535889 54 102 26
-13.11350154876709 -3.5744822025299072 -0.7387303113937378 53 99 26
-12.495831489562988 -2.4421372413635254 -0.9139982461929321 88 114 49
-10.944304466247559 -2.5553345680236816 -0.9168774485588074 81 121 32
-9.913832664489746 -2.6985981464385986 -0.9348770380020142 50 84 23
-8.992509841918945 -1.7535512447357178 -0.9972410202026367 74 105 63
-8.21994686126709 -1.9140939712524414 -1.0008653402328491 91 127 65
-7.632539749145508 -2.0737552642822266 -1.0141795873641968 95 142 50
-7.1792497634887695 -1.3946311473846436 -1.067830204963684 86 106 69
-6.803435802459717 -1.5813668966293335 -1.0877965688705444 79 98 43
-6.282303810119629 -1.7041895389556885 -1.0779656171798706 66 94 43
-5.904184818267822 -1.1394550800323486 -1.1060030460357666 54 78 56
-5.639782428741455 -1.3076754808425903 -1.121361255645752 93 110 76
-5.3446526527404785 -1.4471310377120972 -1.1288511753082275 97 101 78
-4.926775932312012 -0.9478808641433716 -1.1171411275863647 51 82 23
-16.8638858795166 -4.601259708404541 2.9045097827911377 107 136 140
-13.690969467163086 -3.725271463394165 1.8279401063919067 112 133 114
-13.537190437316895 -3.149580240249634 1.409088134765625 118 165 195
-13.6282320022583 -3.6995162963867188 1.2983238697052002 110 143 150
-13.756434440612793 -3.71988582611084 0.26640835404396057 103 116 88
-28.876379013061523 -6.68017578125 -0.2441702038049698 74 108 58
-21.702251434326172 -5.855920314788818 -0.4009961187839508 68 90 51
-18.74384880065918 -3.6144158840179443 -0.6726124286651611 92 125 72
-15.553740501403809 -3.591578960418701 -0.7142683267593384 44 100 25
-13.171649932861328 -3.5469560623168945 -0.7413895726203918 58 102 27
-12.498367309570312 -2.4028475284576416 -0.9136402010917664 113 136 90
-10.962776184082031 -2.5242059230804443 -0.9177718162536621 77 110 55
-9.636433601379395 -2.591360569000244 -0.9079643487930298 82 117 61
-9.050569534301758 -1.736067295074463 -1.0030841827392578 114 130 103
-8.28772258758545 -1.903090238571167 -1.0084022283554077 115 139 63
-7.611084461212158 -2.042872667312622 -1.010491132736206 78 118 21
-7.183494567871094 -1.3725988864898682 -1.067830204963684 85 106 65
-6.808255672454834 -1.5604867935180664 -1.0877965688705444 51 80 50
-6.258913993835449 -1.6772465705871582 -1.0730642080307007 46 78 31
-5.898956775665283 -1.1196852922439575 -1.1043750047683716 88 111 69
-5.65812349319458 -1.2936489582061768 -1.1242135763168335 84 95 81
-5.339601516723633 -1.4281951189041138 -1.1268534660339355 101 117 81
-4.932538032531738 -0.9333056211471558 -1.117793083190918 90 114 78
-17.03508186340332 -4.59186315536499 2.9315550327301025 100 133 150
-17.069013595581055 -4.588229179382324 2.277066946029663 130 154 130
-13.567153930664062 -3.112706184387207 1.4112063646316528 115 165 202
-13.757157325744629 -3.67482590675354 0.26620274782180786 98 114 87
-28.887964248657227 -6.589550971984863 -0.2440960556268692 98 116 64
-21.72301483154297 -5.790083408355713 -0.4010496437549591 74 96 50
-18.766630172729492 -3.5591280460357666 -0.6730349659919739 100 135 77
-16.00009536743164 -3.642979860305786 -0.7342494130134583 80 121 53
-13.190190315246582 -3.508582830429077 -0.7418237328529358 41 86 29
-12.466477394104004 -2.35707950592041 -0.9107761383056641 108 133 76
-10.985048294067383 -2.493870496749878 -0.9189915657043457 103 136 67
-9.492262840270996 -2.5213887691497803 -0.8936471343040466 101 116 73
-9.03924560546875 -1.7051595449447632 -1.0012446641921997 109 121 83
-8.307082176208496 -1.8807247877120972 -1.010050892829895 95 122 69
-7.59238862991333 -2.0129036903381348 -1.0071842670440674 103 149 77
-7.190589427947998 -1.3511021137237549 -1.0682636499404907 71 96 66
-6.771568298339844 -1.5302269458770752 -1.0811796188354492 66 81 48
-6.309808731079102 -1.6701537370681763 -1.0809063911437988 51 72 39
-5.901397228240967 -1.1014018058776855 -1.1041940450668335 71 91 32
-5.665896892547607 -1.2771475315093994 -1.124974250793457 89 97 82
-5.351536750793457 -1.4138089418411255 -1.1284515857696533 67 91 15
-4.952651500701904 -0.921381950378418 -1.1217052936553955 98 128 92
-17.020492553710938 -4.531964302062988 2.926637887954712 94 127 144
-13.735616683959961 -3.6470489501953125 1.8308788537979126 90 110 109
-13.899776458740234 -3.14416241645813 1.4447945356369019 109 149 184
-14.174822807312012 -3.746985912322998 0.8089356422424316 115 135 124
-13.749998092651367 -3.627756118774414 0.2658476233482361 102 123 92
-29.513893127441406 -6.637137413024902 -0.24921177327632904 134 153 97
-22.833269119262695 -6.011045455932617 -0.42120471596717834 55 82 31
-18.75977897644043 -3.4982385635375977 -0.6724011301994324 117 146 82
-16.289974212646484 -3.656449556350708 -0.7470336556434631 103 144 78
-13.206686973571777 -3.4696216583251953 -0.7421493530273438 68 106 33
-12.426580429077148 -2.3100717067718506 -0.9073392748832703 112 134 95
-11.025716781616211 -2.467557907104492 -0.9217561483383179 112 141 75
-9.902607917785645 -2.5978891849517822 -0.9315242767333984 66 113 33
-9.042479515075684 -1.6770570278167725 -1.001028299331665 113 123 89
-8.27985954284668 -1.847875714302063 -1.0060468912124634 89 130 72
-7.600447654724121 -1.9901036024093628 -1.0074386596679688 96 142 69
-7.196646690368652 -1.3293946981430054 -1.0685526132583618 85 95 68
-6.756942272186279 -1.5051480531692505 -1.0781019926071167 110 138 87
-6.326356887817383 -1.6537818908691406 -1.082866907119751 58 81 52
-5.8931403160095215 -1.0811617374420166 -1.1020233631134033 80 101 60
-5.680330276489258 -1.2621010541915894 -1.1270660161972046 101 114 96
-5.358693599700928 -1.3981261253356934 -1.129050850868225 87 93 59
-4.966977119445801 -0.9082900881767273 -1.124313473701477 75 107 60
-16.79103660583496 -4.415746212005615 2.884840250015259 99 127 141
-13.77264404296875 -3.6116843223571777 1.8343288898468018 111 139 140
-13.88216781616211 -3.0954411029815674 1.4419702291488647 123 164 194
-13.727213859558105 -3.5910661220550537 1.3045495748519897 133 163 174
-13.712687492370605 -3.5729496479034424 0.26491305232048035 114 134 106
-12.818029403686523 -3.8385605812072754 0.12144044041633606 73 79 79
-39.1334114074707 -7.187377452850342 0.05277678743004799 91 100 73
-29.46089744567871 -6.53032922744751 -0.24859394133090973 96 120 72
-23.289958953857422 -6.054929256439209 -0.42928454279899597 51 85 35
-18.438434600830078 -5.515718460083008 -0.528170108795166 90 102 62
-18.921804428100586 -3.468416452407837 -0.6778239607810974 92 131 68
-16.098230361938477 -3.5615692138671875 -0.7377360463142395 80 124 45
-12.910880088806152 -3.3495984077453613 -0.724945604801178 64 100 10
-11.90415096282959 -3.554699659347534 -0.7955569624900818 68 104 34
-12.415947914123535 -2.268709182739258 -0.9060503840446472 128 146 106
-11.047835350036621 -2.4369404315948486 -0.9229758381843567 94 134 64
-9.912459373474121 -2.567995548248291 -0.9317055344581604 121 153 54
-9.011395454406738 -1.6427106857299805 -0.9970245957374573 89 104 81
-8.274822235107422 -1.8201183080673218 -1.0047515630722046 99 135 71
-7.605556964874268 -1.966528058052063 -1.0073115825653076 107 141 64
-7.190955638885498 -1.3055418729782104 -1.0671077966690063 90 114 78
-6.762493133544922 -1.484622836112976 -1.0782558917999268 80 103 59
-6.352416038513184 -1.6397899389266968 -1.0864611864089966 74 103 37
-5.8644890785217285 -1.057318091392517 -1.0960537195205688 103 122 77
-5.6851348876953125 -1.2448781728744507 -1.127256155014038 96 113 77
-5.374343395233154 -1.384612798690796 -1.1314479112625122 75 89 56
-4.976465225219727 -0.8942558169364929 -1.1258348226547241 65 81 52
-21.211868286132812 -5.508825302124023 3.6414554119110107 130 144 127
-16.57698631286621 -4.952645778656006 2.7036986351013184 82 112 76
-13.706850051879883 -3.549522638320923 1.8241069316864014 106 143 159
-13.731677055358887 -4.092905521392822 1.7070688009262085 75 105 93
-13.942129135131836 -3.06394100189209 1.4472153186798096 114 155 185
-13.65814208984375 -3.528262138366699 1.2969505786895752 120 150 158
-22.349369049072266 -6.644960403442383 1.9173583984375 70 91 60
-13.623018264770508 -4.042661666870117 0.6487607359886169 98 110 98
-12.775094032287598 -3.783033609390259 0.12092313170433044 94 99 69
-28.83797264099121 -6.299492835998535 -0.24317342042922974 98 130 67
-22.948165893554688 -5.890966892242432 -0.42264944314956665 57 85 45
-12.986652374267578 -3.8414905071258545 -0.3716641068458557 79 87 30
-18.943174362182617 -3.4122977256774902 -0.6782113313674927 80 123 51
-16.460466384887695 -3.5887739658355713 -0.7538281679153442 90 128 71
-13.207413673400879 -3.3833181858062744 -0.7410096526145935 49 75 14
-12.06622314453125 -3.5628132820129395 -0.805653989315033 88 120 70
-12.416959762573242 -2.2295494079589844 -0.905620813369751 107 121 96
-11.039676666259766 -2.3996474742889404 -0.9216748476028442 87 127 67
-9.753376960754395 -2.4948763847351074 -0.9160290360450745 114 132 94
-8.668669700622559 -2.557802677154541 -0.9115281105041504 107 146 79
-8.98214340209961 -1.6089215278625488 -0.9932373762130737 98 120 84
-8.285219192504883 -1.7957746982574463 -1.005340337753296 113 154 88
-7.606749057769775 -1.9419585466384888 -1.0066756010055542 55 100 19
-7.125898838043213 -2.0985331535339355 -1.0260294675827026 77 117 29
-7.182263374328613 -1.2812151908874512 -1.0652296543121338 89 95 69
-6.770878791809082 -1.4647043943405151 -1.0788713693618774 97 111 88
-6.384185791015625 -1.6271157264709473 -1.0910358428955078 75 105 69
-5.964417934417725 -1.7560317516326904 -1.0936366319656372 56 87 55
-5.868673801422119 -1.0394927263259888 -1.096234679222107 72 110 59
-5.687967300415039 -1.2272233963012695 -1.1270660161972046 95 115 78
-5.394709587097168 -1.3722243309020996 -1.1348439455032349 93 105 67
-4.964766979217529 -0.8764386773109436 -1.1225746870040894 48 68 41
-16.759321212768555 -4.967708110809326 3.3965156078338623 92 130 143
-17.020383834838867 -5.028290748596191 2.7734873294830322 103 129 144
-13.808959007263184 -3.530794143676758 1.8362454175949097 106 126 133
-17.32260513305664 -5.105414867401123 2.151521921157837 79 107 95
-13.49924373626709 -3.960909843444824 0.6422845721244812 112 131 101
-12.845179557800293 -3.7609622478485107 0.12147673964500427 105 119 96
-28.88942527770996 -6.217933177947998 -0.2434452772140503 97 127 65
-23.549589157104492 -5.968406677246094 -0.433386892080307 62 93 51
-18.630239486694336 -5.4487786293029785 -0.5326966047286987 77 105 46
-18.602235794067383 -3.2919929027557373 -0.6656401753425598 104 135 75
-16.465539932250977 -3.5369985103607178 -0.7535600066184998 92 124 61
-12.21677017211914 -3.0896379947662354 -0.6848939657211304 24 83 25
-11.969804763793945 -3.494455099105835 -0.7984966039657593 84 122 23
-12.424722671508789 -2.191617488861084 -0.9056923985481262 96 109 100
-11.003129959106445 -2.356374740600586 -0.9180157780647278 106 143 74
-10.018794059753418 -2.530045986175537 -0.9402233362197876 102 131 73
-8.654507637023926 -2.524786949157715 -0.9092202186584473 86 131 38
-8.956686019897461 -1.5760164260864258 -0.9898828864097595 105 125 88
-8.286805152893066 -1.7695178985595703 -1.0048692226409912 102 129 88
-7.604014873504639 -1.9164304733276367 -1.005530834197998 69 105 33
-7.138960838317871 -2.078599691390991 -1.0269871950149536 61 92 16
-7.182261943817139 -1.2584911584854126 -1.0646517276763916 88 104 75
-6.782105445861816 -1.445366382598877 -1.0799485445022583 49 71 32
-6.410195827484131 -1.612817406654358 -1.0946301221847534 40 49 20
-6.005711555480957 -1.7481848001480103 -1.1002196073532104 87 123 53
-5.866021156311035 -1.0204715728759766 -1.095149278640747 82 107 67
-5.6763410568237305 -1.2065014839172363 -1.1240234375 94 119 79
-5.3884406089782715 -1.3530421257019043 -1.1326465606689453 92 104 84
-5.130970001220703 -1.4929760694503784 -1.144726037979126 46 49 38
-4.975126266479492 -0.8625367879867554 -1.124313473701477 56 73 57
-13.524526596069336 -3.9637699127197266 2.7384610176086426 111 138 155
-16.24092674255371 -4.1116414070129395 2.7837071418762207 68 86 108
-17.138154983520508 -5.005967140197754 2.7901625633239746 91 131 141
-13.952432632446289 -3.5219104290008545 1.8538782596588135 76 92 92
-17.365835189819336 -5.060302257537842 2.1549527645111084 120 167 177
-14.751778602600098 -4.270104885101318 0.13938288390636444 87 100 80
-39.76240539550781 -6.925214767456055 0.05353684350848198 93 98 75
-28.452512741088867 -6.032620906829834 -0.23960642516613007 102 122 71
-16.066213607788086 -4.019404411315918 -0.29544082283973694 61 91 31
-18.723691940307617 -5.413808822631836 -0.5348912477493286 83 94 60
-18.266645431518555 -3.1748390197753906 -0.6532801389694214 92 126 66
-16.702083587646484 -3.5342400074005127 -0.7638857960700989 90 105 72
-13.228894233703613 -3.302457094192505 -0.7410639524459839 61 107 58
-12.317975044250488 -3.555124044418335 -0.8209912776947021 64 108 13
-12.400922775268555 -2.1482110023498535 -0.9034727811813354 121 135 102
-11.00445556640625 -2.3213720321655273 -0.9175278544425964 102 124 60
-10.028441429138184 -2.4997787475585938 -0.9404045343399048 77 112 28
-8.675597190856934 -2.5020833015441895 -0.9106250405311584 90 140 67
-8.906620025634766 -1.5390506982803345 -0.9838231801986694 110 134 82
-8.298996925354004 -1.7455167770385742 -1.0056935548782349 91 123 74
-7.612746238708496 -1.8938111066818237 -1.00591242313385 30 97 20
-7.162439346313477 -2.061619997024536 -1.0294499397277832 62 103 25
-7.157808303833008 -1.2315844297409058 -1.0604618787765503 82 93 63
-6.782639980316162 -1.4237405061721802 -1.0793330669403076 81 112 78
-6.448625087738037 -1.6014659404754639 -1.1003482341766357 44 47 26
-6.031868934631348 -1.7357431650161743 -1.1040308475494385 61 85 33
-5.865246295928955 -1.001807689666748 -1.0944256782531738 80 113 56
-5.670406818389893 -1.1870694160461426 -1.1221219301223755 50 74 42
-5.4096856117248535 -1.3407471179962158 -1.1362422704696655 98 127 79
-5.117671489715576 -1.472091555595398 -1.1407462358474731 69 71 50
-4.977749347686768 -0.8472692370414734 -1.124313473701477 69 92 66
-17.065744400024414 -4.944827079772949 3.4524025917053223 114 144 178
-16.34055519104004 -4.083559513092041 2.7986230850219727 106 151 192
-14.12635612487793 -4.0792412757873535 2.297780990600586 48 85 52
-13.967984199523926 -3.4802873134613037 1.8545172214508057 88 116 138
-17.527267456054688 -5.049055576324463 2.1730525493621826 85 97 83
-13.721105575561523 -3.9347310066223145 0.6516796350479126 94 109 80
-20.53114128112793 -5.874814510345459 0.19381825625896454 78 86 73
-40.37290954589844 -6.90399169921875 0.05433006212115288 103 108 85
-23.110130310058594 -5.706352710723877 -0.42464709281921387 60 94 43
-18.52587890625 -5.295079231262207 -0.5287736654281616 76 99 53
-17.85170555114746 -3.0463273525238037 -0.638103187084198 93 121 63
-16.83509635925293 -3.5084588527679443 -0.7694733142852783 112 123 91
-13.433839797973633 -3.3098702430725098 -0.7519723176956177 69 103 52
-12.291396141052246 -3.506638765335083 -0.818498969078064 72 117 26
-12.207841873168945 -2.076206922531128 -0.8889375925064087 120 142 96
-11.0017671585083 -2.2855725288391113 -0.9167147278785706 73 118 51
-10.061206817626953 -2.4751856327056885 -0.9427605271339417 104 147 68
-9.06883430480957 -2.5853843688964844 -0.9510638117790222 82 126 31
-8.917181015014648 -1.5127160549163818 -0.9844725131988525 95 117 81
-8.330568313598633 -1.7254858016967773 -1.0088732242584229 104 130 82
-7.6657209396362305 -1.8820348978042603 -1.0121445655822754 86 129 60
-7.157297611236572 -2.0363831520080566 -1.0278081893920898 87 122 58
-7.143990993499756 -1.2066524028778076 -1.057861328125 125 136 106
-6.78891134262085 -1.4033249616622925 -1.0796407461166382 112 130 82
-6.462132453918457 -1.5837879180908203 -1.1018186807632446 44 60 21
-6.002115726470947 -1.7072597742080688 -1.0976210832595825 59 87 47
-5.8770222663879395 -0.985272228717804 -1.0960537195205688 99 131 82
-5.64229154586792 -1.1631262302398682 -1.1158467531204224 76 86 61
-5.409966468811035 -1.3232131004333496 -1.1354432106018066 95 98 77
-5.118402004241943 -1.4553142786026 -1.1399084329605103 106 136 76
-4.980325222015381 -0.8319937586784363 -1.124313473701477 66 88 52
-17.27240562438965 -4.947318077087402 3.4911229610443115 102 139 157
-13.467238426208496 -3.3216443061828613 2.304758071899414 124 159 187
-21.04669761657715 -6.007721900939941 3.4204235076904297 112 142 152
-14.083575248718262 -3.4632327556610107 1.868444561958313 76 111 143
-13.719748497009277 -3.906684637069702 1.6994976997375488 33 62 42
-13.627876281738281 -3.3425991535186768 1.2900841236114502 123 155 166
-13.715813636779785 -3.8877131938934326 0.6508587002754211 99 110 96
-22.674846649169922 -5.525121212005615 -0.4163353741168976 50 86 25
-18.92105484008789 -5.345292091369629 -0.5395823121070862 70 97 54
-17.627368927001953 -2.9524190425872803 -0.6297575831413269 95 128 47
-16.855566024780273 -3.45880126953125 -0.7699203491210938 95 110 77
-13.471098899841309 -3.275245428085327 -0.7534918785095215 68 117 61
-12.03987979888916 -3.3949735164642334 -0.8010528087615967 70 105 21
-12.17578411102295 -2.032339572906494 -0.8861451148986816 48 94 32
-10.983338356018066 -2.2466158866882324 -0.9146006107330322 89 137 77
-10.041655540466309 -2.4377284049987793 -0.9402233362197876 99 137 60
-8.799001693725586 -2.4792957305908203 -0.9219639301300049 107 135 77
-8.94531536102295 -1.489269733428955 -0.9870694875717163 114 135 96
-8.363067626953125 -1.7054758071899414 -1.0121705532073975 104 138 87
-7.693630695343018 -1.8638794422149658 -1.015069842338562 109 142 85
-7.153021335601807 -2.011465549468994 -1.0263030529022217 75 117 53
-7.13887357711792 -1.1832730770111084 -1.05656099319458 91 115 79
-6.7922163009643555 -1.3822932243347168 -1.0794869661331177 68 83 62
-6.4842209815979 -1.5681291818618774 -1.1047594547271729 70 79 62
-6.005428791046143 -1.6883043050765991 -1.097274661064148 39 67 18
-5.883899211883545 -0.967875599861145 -1.096777319908142 91 114 88
-5.63621187210083 -1.143857717514038 -1.1139451265335083 46 57 40
-5.403522968292236 -1.304080605506897 -1.133245825767517 82 93 59
-5.148259162902832 -1.446746826171875 -1.1455639600753784 65 81 70
-4.884603023529053 -0.8006066679954529 -1.102144479751587 76 102 67
-17.502849578857422 -4.9552717208862305 3.534611463546753 100 131 175
-16.749658584594727 -4.07676887512207 2.864351272583008 114 154 189
-18.26466178894043 -5.153049468994141 2.965715169906616 102 150 102
-14.110518455505371 -3.4239845275878906 1.8706166744232178 91 147 172
-17.201385498046875 -4.8410749435424805 2.1289265155792236 92 96 82
-13.840349197387695 -3.3497314453125 1.3092188835144043 136 169 188
-31.14032554626465 -6.3035807609558105 -0.2617415487766266 78 110 47
-22.52642822265625 -5.415797233581543 -0.4133031964302063 61 92 25
-18.927736282348633 -5.284529685974121 -0.5393080115318298 60 93 24
-17.715234756469727 -2.911290168762207 -0.6325746774673462 97 124 71
-16.863161087036133 -3.4064793586730957 -0.7697862386703491 91 106 85
-13.456808090209961 -3.2280778884887695 -0.7521350979804993 53 90 36
-12.02908992767334 -3.352126121520996 -0.7996468544006348 64 106 20
-12.04514217376709 -1.9725687503814697 -0.8761924505233765 97 133 87
-10.985295295715332 -2.2119252681732178 -0.9141941070556641 94 133 68
-10.051992416381836 -2.4076056480407715 -0.9404951930046082 82 107 16
-8.732762336730957 -2.4317374229431152 -0.914237380027771 89 110 54
-8.96750259399414 -1.4647033214569092 -0.9890171885490417 100 122 83
-8.39941692352295 -1.68606436252594 -1.0159389972686768 114 140 95
-7.783242702484131 -1.8603274822235107 -1.0261350870132446 97 138 68
-7.1629767417907715 -1.9905719757080078 -1.0268504619598389 42 113 11
-7.13465690612793 -1.16009521484375 -1.0554052591323853 87 97 70
-6.8332414627075195 -1.368823528289795 -1.0853344202041626 74 101 48
-6.498598098754883 -1.5505181550979614 -1.1063933372497559 73 77 78
-6.0162739753723145 -1.671453833580017 -1.0983140468597412 70 92 43
-5.906259536743164 -0.9529526829719543 -1.1003952026367188 53 85 35
-5.656061172485352 -1.129830002784729 -1.1171778440475464 84 102 80
-5.4017791748046875 -1.286134958267212 -1.1320472955703735 88 95 61
-5.162094593048096 -1.4335618019104004 -1.1476585865020752 75 86 56
-4.998828411102295 -0.8035882711410522 -1.1273561716079712 91 107 78
-16.705930709838867 -4.67434024810791 3.3707656860351562 98 134 158
-16.904050827026367 -4.059453964233398 2.888610363006592 100 139 170
-14.191853523254395 -3.9570136070251465 2.302412986755371 106 135 153
-14.112276077270508 -3.3785996437072754 1.869466781616211 73 100 130
-17.213287353515625 -4.78748083114624 2.1285715103149414 109 137 125
-13.773650169372559 -3.820725917816162 1.1754117012023926 86 126 134
-14.137025833129883 -3.913553476333618 0.6696944236755371 100 128 105
-13.1510009765625 -3.6324386596679688 0.12382732331752777 78 89 73
-32.0617561340332 -6.38776969909668 -0.26932039856910706 74 105 46
-22.743343353271484 -5.394193172454834 -0.4169774651527405 70 105 39
-19.39291000366211 -5.3503241539001465 -0.5520918965339661 53 87 13
-17.87504005432129 -2.8812594413757324 -0.6379623413085938 87 117 67
-16.852956771850586 -3.3506369590759277 -0.7688475251197815 90 105 86
-13.474422454833984 -3.188617467880249 -0.752569317817688 67 107 44
-12.193260192871094 -3.3575961589813232 -0.8098717331886292 58 107 25
-11.959549903869629 -1.9208952188491821 -0.8695334792137146 105 135 73
-11.115216255187988 -2.2026236057281494 -0.9244394302368164 83 114 57
-10.06320858001709 -2.377671003341675 -0.9408576488494873 68 106 55
-8.963699340820312 -2.4664371013641357 -0.9376176595687866 106 129 75
-8.959193229675293 -1.4351404905319214 -0.9876105785369873 87 118 77
-8.426956176757812 -1.664713740348816 -1.01864755153656 124 138 112
-7.8043599128723145 -1.840082049369812 -1.0281699895858765 82 125 46
-7.085944175720215 -1.9457663297653198 -1.0149468183517456 92 130 71
-7.089323997497559 -1.1304104328155518 -1.0481812953948975 89 118 74
-6.8412861824035645 -1.3486173152923584 -1.0859500169754028 76 91 52
-6.507165908813477 -1.531477451324463 -1.1070468425750732 64 68 53
-6.053664684295654 -1.6618528366088867 -1.1042040586471558 83 112 48
-5.912069797515869 -0.9352891445159912 -1.1009379625320435 75 106 65
-5.657573699951172 -1.112093448638916 -1.1167974472045898 84 94 70
-5.4085612297058105 -1.2702285051345825 -1.1326465606689453 99 108 89
-5.173069477081299 -1.4195291996002197 -1.1491248607635498 99 117 79
-5.007055282592773 -0.7891601324081421 -1.1286603212356567 64 97 52
-13.6177978515625 -3.765265941619873 2.7453277111053467 120 143 157
-17.121484756469727 -4.71729850769043 2.7753400802612305 116 149 184
-14.096513748168945 -3.3291330337524414 1.8660168647766113 105 129 116
-13.544478416442871 -3.722355604171753 1.6734716892242432 107 133 146
-32.35890579223633 -6.343818187713623 -0.2716517150402069 84 109 54
-22.595256805419922 -5.285902500152588 -0.4139631688594818 70 103 48
-20.122913360595703 -5.485345840454102 -0.5723924040794373 59 90 31
-18.351694107055664 -2.9003541469573975 -0.6546535491943359 97 109 23
-16.856292724609375 -3.297574520111084 -0.7685346007347107 99 125 80
-13.53178882598877 -3.1583845615386963 -0.7552285194396973 51 90 25
-12.295948028564453 -3.345322847366333 -0.8160066604614258 85 129 52
-11.926959991455078 -1.8781436681747437 -0.8667410016059875 90 139 58
-11.144421577453613 -2.1728992462158203 -0.9263095855712891 120 144 96
-10.087913513183594 -2.3508546352386475 -0.9424886703491211 80 113 56
-9.115240097045898 -2.4780774116516113 -0.9526693224906921 97 127 63
-8.96748161315918 -1.40826416015625 -0.9880433678627014 104 128 76
-8.438847541809082 -1.6401786804199219 -1.0194718837738037 124 128 101
-7.817696571350098 -1.8179270029067993 -1.0291874408721924 115 150 96
-7.145418643951416 -1.9385427236557007 -1.0226088762283325 81 122 43
-6.969576358795166 -1.0894010066986084 -1.0299772024154663 103 128 98
-6.84248161315918 -1.3270578384399414 -1.0854883193969727 99 121 74
-6.499340534210205 -1.5086066722869873 -1.104922890663147 78 90 70
-6.030218601226807 -1.6355384588241577 -1.0990070104599 81 114 69
-5.9032487869262695 -0.915338397026062 -1.0987671613693237 59 87 49
-5.675417900085449 -1.097527027130127 -1.119649887084961 98 104 92
-5.426751613616943 -1.2569458484649658 -1.1356430053710938 82 96 73
-5.193443775177002 -1.40800142288208 -1.1526857614517212 69 86 41
-5.0152411460876465 -0.7746890187263489 -1.1299643516540527 82 126 73
-18.501283645629883 -5.054481029510498 3.72668719291687 105 148 193
-16.773983001708984 -3.919518232345581 2.862220525741577 103 152 192
-16.56293296813965 -4.5087809562683105 2.6825456619262695 120 155 177
-21.361988067626953 -5.800370693206787 2.63714337348938 100 133 142
-32.56182861328125 -6.279923915863037 -0.2731921970844269 77 111 35
-24.391321182250977 -5.627201080322266 -0.4465501010417938 84 116 67
-20.361650466918945 -5.48336935043335 -0.5787019729614258 45 75 15
-18.3358154296875 -2.8402135372161865 -0.6537731289863586 97 127 77
-16.846710205078125 -3.2420687675476074 -0.7676405906677246 93 122 58
-13.640668869018555 -3.139700412750244 -0.7607641220092773 73 91 49
-12.083526611328125 -3.2477471828460693 -0.8012445569038391 66 105 26
-11.876477241516113 -1.832871913909912 -0.8626596927642822 89 126 59
-11.145162582397461 -2.1375720500946045 -0.9258217215538025 112 130 90
-10.319284439086914 -2.371417999267578 -0.9634208679199219 85 113 65
-8.934462547302246 -2.399519205093384 -0.9330018162727356 105 146 78
-8.974708557128906 -1.3811993598937988 -0.988368034362793 92 125 68
-8.449691772460938 -1.6153995990753174 -1.0201784372329712 114 124 90
-7.817436695098877 -1.7926040887832642 -1.0284243822097778 76 108 45
-7.18577766418457 -1.9258434772491455 -1.0275344848632812 60 110 39
-6.97875452041626 -1.068912386894226 -1.0308440923690796 115 149 89
-6.832932472229004 -1.303467035293579 -1.083333969116211 83 106 64
-6.4952826499938965 -1.4866788387298584 -1.103452444076538 71 84 58
-6.034256935119629 -1.6167755126953125 -1.0988337993621826 61 81 46
-5.876858711242676 -0.8927916288375854 -1.093340277671814 72 93 60
-5.687438488006592 -1.0817608833312988 -1.121361255645752 83 90 82
-5.439179420471191 -1.242254376411438 -1.137440800666809 86 92 82
-5.175070285797119 -1.3859903812408447 -1.1476585865020752 89 104 75
-4.995396614074707 -0.7559397220611572 -1.1249654293060303 145 177 112
-4.801097393035889 -0.9093574285507202 -1.1370244026184082 88 108 80
-17.591720581054688 -4.748041152954102 3.540524482727051 101 132 163
-16.32193946838379 -4.3894362449646 2.6413209438323975 111 146 113
-17.173181533813477 -4.606469631195068 2.118279457092285 93 134 156
-33.07707977294922 -6.274104118347168 -0.27735233306884766 97 132 30
-24.927135467529297 -5.6703267097473145 -0.4560390114784241 55 90 36
-20.63823890686035 -5.4900007247924805 -0.5860815048217773 52 85 32
-18.42744255065918 -2.7965426445007324 -0.656731128692627 96 111 78
-16.740751266479492 -3.1684467792510986 -0.7623659372329712 97 123 75
-13.607392311096191 -3.0881130695343018 -0.7583762407302856 96 125 61
-12.068355560302734 -3.2040023803710938 -0.7995830178260803 56 97 21
-11.87218189239502 -1.794935703277588 -0.8619436025619507 88 112 62
-11.146771430969238 -2.102445363998413 -0.9254151582717896 106 129 85
-10.351764678955078 -2.3454694747924805 -0.9657768607139587 81 110 56
-8.915817260742188 -2.3652093410491943 -0.930292546749115 83 128 59
-8.969073295593262 -1.3521769046783447 -0.9872859120368958 84 120 50
-8.448752403259277 -1.5883679389953613 -1.0194718837738037 105 111 99
-7.827736854553223 -1.7697057723999023 -1.0290602445602417 87 123 75
-7.220380783081055 -1.9113937616348267 -1.0316392183303833 85 110 42
-6.991786956787109 -1.0489649772644043 -1.032288908958435 70 122 50
-6.8378705978393555 -1.2826799154281616 -1.083487868309021 61 83 47
-6.489227294921875 -1.4643558263778687 -1.10165536403656 75 79 62
-6.053470134735107 -1.602034568786621 -1.1014323234558105 56 81 24
-5.824120998382568 -0.8665078282356262 -1.0830291509628296 56 81 51
-5.684940338134766 -1.0632240772247314 -1.1202203035354614 88 102 76
-5.447744369506836 -1.226637601852417 -1.138439655303955 60 66 56
-5.1395955085754395 -1.3596042394638062 -1.138861060142517 102 124 77
-4.8934125900268555 -0.7251573204994202 -1.1014924049377441 47 85 26
-4.796204566955566 -0.8931970596313477 -1.1352113485336304 110 122 102
-16.41554069519043 -4.360648155212402 2.6542904376983643 96 124 136
-13.656872749328613 -3.618391513824463 1.6831722259521484 111 132 159
-33.38124465942383 -6.225762844085693 -0.2797412872314453 83 127 52
-25.244903564453125 -5.661209583282471 -0.4615326225757599 80 108 70
-20.359140396118164 -5.348930835723877 -0.5776869654655457 57 90 45
-18.597063064575195 -2.763942241668701 -0.6624709367752075 88 109 76
-16.760215759277344 -3.1188995838165283 -0.7628129720687866 81 112 53
-13.836050033569336 -3.0954020023345947 -0.7705870866775513 67 108 64
-12.276984214782715 -3.2191033363342285 -0.8127474784851074 49 97 13
-11.865793228149414 -1.7567510604858398 -0.8610844612121582 89 141 67
-11.1433687210083 -2.066420316696167 -0.9246020317077637 102 117 60
-10.366686820983887 -2.3154361248016357 -0.966501772403717 92 127 73
-9.007728576660156 -2.3600354194641113 -0.9391227960586548 83 120 43
-8.870898246765137 -1.3095546960830688 -0.9760323166847229 88 124 62
-8.42917251586914 -1.5579278469085693 -1.016527771949768 110 121 104
-7.831193447113037 -1.7452507019042969 -1.0288059711456299 81 126 67
-7.221418857574463 -1.8879801034927368 -1.0309550762176514 59 120 43
-6.979307651519775 -1.025208592414856 -1.0299772024154663 73 89 50
-6.848575592041016 -1.2629499435424805 -1.0845650434494019 77 99 60
-6.473465442657471 -1.439941644668579 -1.098224401473999 67 82 49
-6.031676292419434 -1.5764819383621216 -1.0965816974639893 73 103 53
-5.7790632247924805 -0.8416900038719177 -1.0741652250289917 52 83 41
-5.694934368133545 -1.0470205545425415 -1.1215513944625854 74 99 69
-5.455307960510254 -1.2107675075531006 -1.1392385959625244 91 102 85
-5.221319675445557 -1.364097237586975 -1.1560372114181519 80 98 48
-4.866634845733643 -0.705937385559082 -1.0949721336364746 106 146 96
-4.797964096069336 -0.8783029913902283 -1.1349847316741943 77 91 66
-16.46993637084961 -4.321046829223633 2.6609299182891846 67 88 83
-13.560318946838379 -3.5483226776123047 1.6699227094650269 116 153 122
-13.676342010498047 -3.568737506866455 1.1622986793518066 117 157 183
-42.10581970214844 -7.760366916656494 2.777726173400879 103 123 86
-33.416908264160156 -6.126387119293213 -0.2798813283443451 77 121 36
-25.61361312866211 -5.661416530609131 -0.46795371174812317 87 120 63
-20.380294799804688 -5.287700176239014 -0.5778241157531738 48 85 34
-18.477876663208008 -2.6883132457733154 -0.6579283475875854 94 107 77
-16.812944412231445 -3.0753743648529053 -0.764779806137085 97 120 76
-13.667038917541504 -3.013592004776001 -0.7606555819511414 81 109 48
-12.123533248901367 -3.1391475200653076 -0.8019474744796753 83 123 27
-11.627307891845703 -1.6850053071975708 -0.8433987498283386 111 145 69
-11.143773078918457 -2.031151056289673 -0.9241142272949219 120 133 105
-10.372769355773926 -2.2834067344665527 -0.9664111733436584 107 135 74
-9.024559020996094 -2.334881067276001 -0.9401262402534485 80 109 51
-8.653493881225586 -1.2503457069396973 -0.9516855478286743 82 122 62
-8.423165321350098 -1.5301079750061035 -1.0152324438095093 105 106 88
-7.852011203765869 -1.724621295928955 -1.0308408737182617 104 131 88
-7.163873672485352 -1.8494733572006226 -1.0219247341156006 109 133 73
-6.792409420013428 -0.9764755368232727 -1.0019487142562866 58 85 50
-6.8475565910339355 -1.2410517930984497 -1.0837956666946411 70 83 57
-6.459543228149414 -1.4160608053207397 -1.0951203107833862 66 87 46
-6.088933944702148 -1.571506381034851 -1.106109619140625 60 89 45
-5.726119518280029 -0.8160467743873596 -1.0638540983200073 71 108 67
-5.696187496185303 -1.029194712638855 -1.1211711168289185 73 86 58
-5.461868762969971 -1.1946533918380737 -1.1398379802703857 98 124 77
-5.2302141189575195 -1.3492933511734009 -1.157084584236145 97 116 86
-4.916131973266602 -0.6977242827415466 -1.1056219339370728 84 126 60
-4.800636291503906 -0.8635789155960083 -1.1349847316741943 75 84 63
-18.563817977905273 -4.827555179595947 3.7270689010620117 106 141 181
-16.454421997070312 -4.263063430786133 2.6562976837158203 91 116 84
-13.750923156738281 -3.5531580448150635 1.692044734954834 122 152 176
-27.546545028686523 -3.968045473098755 3.100093126296997 127 162 184
-38.55072021484375 -9.911770820617676 1.8172597885131836 112 121 100
-39.83237838745117 -5.684591770172119 0.05337103456258774 94 132 57
-33.53593063354492 -6.041921615600586 -0.28072160482406616 74 117 27
-26.063642501831055 -5.677074909210205 -0.47585517168045044 90 116 71
-19.596561431884766 -5.0202412605285645 -0.5551643371582031 61 102 58
-18.5928955078125 -2.6468231678009033 -0.661731481552124 102 113 83
-16.718076705932617 -3.005044460296631 -0.7600415349006653 95 115 80
-14.268505096435547 -3.1003432273864746 -0.7935978174209595 110 144 68
-12.272334098815918 -3.137532949447632 -0.8111498355865479 71 111 61
-11.317392349243164 -1.6046581268310547 -0.8205577731132507 71 116 31
-11.131311416625977 -1.9936143159866333 -0.9225692749023438 114 128 102
-10.382645606994629 -2.2522060871124268 -0.9666829705238342 95 104 73
-9.309310913085938 -2.3781051635742188 -0.9690254330635071 97 118 43
-8.292098999023438 -1.1721681356430054 -0.9115406274795532 83 118 62
-8.427820205688477 -1.5042588710784912 -1.0152324438095093 95 117 81
-7.865990161895752 -1.7024117708206177 -1.0319855213165283 103 130 87
-7.162794589996338 -1.8257734775543213 -1.0209670066833496 67 94 27
-6.794393539428711 -0.9554943442344666 -1.001804232597351 58 99 59
-6.847440719604492 -1.2193450927734375 -1.0831800699234009 81 103 64
-6.469642639160156 -1.3974862098693848 -1.0961004495620728 95 111 72
-6.110905647277832 -1.557196021080017 -1.1092278957366943 63 80 46
-5.748078346252441 -0.801190972328186 -1.0674721002578735 74 101 48
-5.691585540771484 -1.0103415250778198 -1.119649887084961 58 85 30
-5.462634563446045 -1.1772716045379639 -1.1392385959625244 97 138 68
-5.2182207107543945 -1.329137921333313 -1.1535236835479736 72 88 52
-4.84863805770874 -0.6729766130447388 -1.0899733304977417 73 95 57
-4.823404312133789 -0.8524061441421509 -1.1397440433502197 72 90 76
-18.395036697387695 -4.723459720611572 3.690255880355835 88 119 140
-16.401376724243164 -4.195666790008545 2.645643949508667 79 88 87
-13.874332427978516 -3.5396740436553955 1.705885887145996 85 117 130
-27.584177017211914 -3.8871209621429443 3.102971315383911 131 167 189
-13.66127872467041 -3.475416660308838 1.1591843366622925 128 172 199
-26.10928726196289 -5.603170394897461 -0.47637245059013367 85 105 68
-19.44615364074707 -4.918184280395508 -0.5504733324050903 49 88 33
-18.68407440185547 -2.601344585418701 -0.6646893620491028 98 133 75
-16.36911964416504 -2.8905062675476074 -0.7437705397605896 101 122 83
-14.529861450195312 -3.1104815006256104 -0.8075996041297913 88 125 55
-12.347700119018555 -3.116474151611328 -0.8154954314231873 93 150 33
-11.325225830078125 -1.5703402757644653 -0.8207725286483765 81 137 50
-11.110871315002441 -1.95479154586792 -0.920373797416687 102 113 96
-10.331072807312012 -2.2078542709350586 -0.9612460732460022 106 123 89
-9.315597534179688 -2.349290132522583 -0.9689250588417053 91 117 43
-8.447309494018555 -1.1676859855651855 -0.9282045364379883 82 121 58
-8.420658111572266 -1.4763376712799072 -1.0138192176818848 80 108 68
-7.887667655944824 -1.6817874908447266 -1.0341477394104004 91 121 71
-7.187575340270996 -1.808624267578125 -1.0237034559249878 90 125 71
-6.817878723144531 -0.9374755620956421 -1.004838228225708 53 69 33
-6.792750835418701 -1.1881171464920044 -1.0739471912384033 108 125 91
-6.46811056137085 -1.376399040222168 -1.0951203107833862 73 88 49
-6.123295307159424 -1.54036283493042 -1.1106138229370117 79 96 52
-5.719325065612793 -0.7793033123016357 -1.0616834163665771 85 115 55
-5.682085037231445 -0.9906830787658691 -1.1171778440475464 97 115 99
-5.4623870849609375 -1.1596930027008057 -1.138439655303955 100 133 88
-5.175807476043701 -1.3014384508132935 -1.143259882926941 86 101 68
-4.591460704803467 -0.6229294538497925 -1.0317254066467285 81 131 60
-4.820239067077637 -0.8366047739982605 -1.138384222984314 79 114 56
-17.376070022583008 -4.405031204223633 3.48311185836792 105 153 193
-16.40842628479004 -4.143877029418945 2.6447179317474365 116 157 179
-26.256458282470703 -5.5505452156066895 -0.47874465584754944 88 116 57
-18.738605499267578 -4.678117275238037 -0.5300356149673462 58 100 28
-18.777128219604492 -2.555601119995117 -0.6677177548408508 87 123 59
-16.277511596679688 -2.822861671447754 -0.7392111420631409 93 118 52
-14.531519889831543 -3.064241647720337 -0.8071654438972473 68 104 40
-12.3533296585083 -3.0776121616363525 -0.8152397871017456 47 85 26
-11.605752944946289 -1.5729625225067139 -0.8407495021820068 93 136 80
-11.110923767089844 -1.919676661491394 -0.9198859333992004 102 116 93
-10.320255279541016 -2.1724557876586914 -0.9596149921417236 117 140 88
-9.325657844543457 -2.321420192718506 -0.9692261219024658 76 116 56
-8.511933326721191 -1.1500170230865479 -0.9349133968353271 85 118 61
-8.415361404418945 -1.448811650276184 -1.0126415491104126 117 149 110
-7.89667272567749 -1.6583960056304932 -1.0346564054489136 99 120 81
-7.2113566398620605 -1.7911014556884766 -1.0263030529022217 54 84 12
-6.400005340576172 -0.8600190877914429 -0.942857563495636 87 114 71
-6.776886940002441 -1.163926601409912 -1.0708694458007812 64 94 58
-6.47713041305542 -1.3575605154037476 -1.0959371328353882 73 94 51
-6.150932788848877 -1.5272656679153442 -1.1147714853286743 71 85 59
-5.685617923736572 -0.7569506168365479 -1.0549901723861694 82 115 68
-5.682194709777832 -0.9727489948272705 -1.1166073083877563 86 111 79
-5.45824670791626 -1.1413248777389526 -1.1368415355682373 84 108 74
-5.167438507080078 -1.2824912071228027 -1.1405367851257324 64 79 50
-4.813970565795898 -0.6380829215049744 -1.0812796354293823 74 108 58
-4.798779487609863 -0.8177223205566406 -1.1327183246612549 91 117 80
-18.70078468322754 -4.679847717285156 3.7457613945007324 105 150 192
-16.464202880859375 -4.104271411895752 2.6516659259796143 101 120 126
-30.08985137939453 -5.135599613189697 -0.2514689564704895 71 112 33
-26.3595027923584 -5.487899303436279 -0.4803142547607422 90 121 64
-20.41452980041504 -5.030029773712158 -0.57700115442276 67 99 36
-18.900787353515625 -2.513394594192505 -0.6718376874923706 86 121 39
-16.164962768554688 -2.7522852420806885 -0.7337130308151245 97 133 61
-14.50174617767334 -3.011523962020874 -0.8049946427345276 80 105 63
-12.478034973144531 -3.0680532455444336 -0.8228445053100586 60 107 55
-11.304984092712402 -1.4968925714492798 -0.8186244964599609 81 126 59
-11.082368850708008 -1.8797461986541748 -0.9170400500297546 113 122 101
-10.237157821655273 -2.122185468673706 -0.9512783885002136 110 137 82
-9.554000854492188 -2.3471574783325195 -0.9922049641609192 97 133 69
-8.536118507385254 -1.126629114151001 -0.9371857643127441 85 121 51
-8.382558822631836 -1.416698694229126 -1.0081666707992554 109 152 73
-7.895895957946777 -1.6329563856124878 -1.033893346786499 74 100 39
-7.219703674316406 -1.7696763277053833 -1.026713490486145 68 99 31
-6.725393295288086 -0.8827468156814575 -0.9903905391693115 60 92 45
-6.774580478668213 -1.1421443223953247 -1.0699461698532104 78 95 61
-6.514115333557129 -1.3444627523422241 -1.101491928100586 86 110 60
-6.1613287925720215 -1.5097941160202026 -1.1158108711242676 66 94 53
-5.656703948974609 -0.7354462146759033 -1.049201488494873 84 114 64
-5.682247638702393 -0.9548236727714539 -1.1160368919372559 77 95 79
-5.457883358001709 -1.1237833499908447 -1.1360424757003784 89 116 61
-5.161851406097412 -1.264305591583252 -1.1384421586990356 101 117 78
-4.581644535064697 -0.592991054058075 -1.0286827087402344 59 93 43
-4.817596912384033 -0.8057273030281067 -1.1365711688995361 95 121 86
-17.35226058959961 -4.285854816436768 3.4730024337768555 107 149 187
-13.58604621887207 -3.3425536155700684 2.1864583492279053 100 138 174
-29.850034713745117 -5.000471591949463 -0.24933534860610962 74 107 18
-26.65634536743164 -5.464428901672363 -0.4854154586791992 93 136 80
-19.540130615234375 -4.75104284286499 -0.5518723726272583 50 89 45
-18.912372589111328 -2.4559106826782227 -0.6719785332679749 71 101 41
-16.167417526245117 -2.701690912246704 -0.7334448099136353 87 138 17
-14.47961139678955 -2.960618019104004 -0.803257942199707 88 120 73
-12.38555908203125 -3.00504994392395 -0.8161344528198242 57 111 13
-11.210602760314941 -1.4494129419326782 -0.8114643096923828 102 133 66
-11.073335647583008 -1.8432822227478027 -0.915820300579071 112 122 95
-10.233863830566406 -2.0887770652770996 -0.9503722786903381 100 127 82
-9.563090324401855 -2.3183038234710693 -0.9924056529998779 95 123 72
-8.390652656555176 -1.0812498331069946 -0.9208464026451111 87 119 56
-8.372171401977539 -1.3885374069213867 -1.006400227546692 94 119 80
-7.912531852722168 -1.6110992431640625 -1.0354195833206177 81 98 62
-7.405148983001709 -1.7910666465759277 -1.0522993803024292 70 100 36
-6.723162651062012 -0.8614805936813354 -0.9896681308746338 95 125 91
-6.77512788772583 -1.1208709478378296 -1.0694845914840698 66 86 58
-6.519176959991455 -1.3246679306030273 -1.10165536403656 76 97 58
-6.168803691864014 -1.4915786981582642 -1.1163305044174194 40 59 37
-5.656006813049316 -0.7177168130874634 -1.048658847808838 54 89 49
-5.677400588989258 -0.9361084699630737 -1.1145155429840088 78 89 73
-5.442099094390869 -1.1031403541564941 -1.1320472955703735 77 106 60
-5.163804531097412 -1.2480038404464722 -1.1380232572555542 90 104 79
-4.553421497344971 -0.5751400589942932 -1.0219449996948242 79 104 64
-4.794095516204834 -0.786685049533844 -1.130452036857605 90 129 66
-17.548444747924805 -4.277231216430664 3.509624719619751 99 115 112
-13.604879379272461 -3.3029544353485107 2.1878480911254883 122 158 172
-26.686429977416992 -3.4271764755249023 2.997025966644287 118 150 161
-30.141517639160156 -4.954281330108643 -0.2516419291496277 73 116 44
-26.546552658081055 -5.3571085929870605 -0.4831145405769348 89 132 52
-19.923994064331055 -4.779684543609619 -0.562296986579895 55 85 13
-18.93568229675293 -2.3998873233795166 -0.6725419759750366 76 111 43
-15.953817367553711 -2.6157097816467285 -0.7233871817588806 85 119 43
-14.556169509887695 -2.929776191711426 -0.8070026636123657 94 111 79
-12.471391677856445 -2.985391139984131 -0.8211829662322998 109 151 65
-11.67713451385498 -1.4733210802078247 -0.8449023962020874 101 140 83
-11.075987815856934 -1.808819055557251 -0.9155763387680054 107 118 101
-10.245104789733887 -2.0583508014678955 -0.9508252739906311 82 115 44
-9.55854606628418 -2.2861764430999756 -0.9912015199661255 85 97 47
-8.459030151367188 -1.0636886358261108 -0.9279881119728088 90 137 85
-8.351887702941895 -1.3588587045669556 -1.0034562349319458 74 101 70
-7.948558330535889 -1.5930535793304443 -1.039489507675171 81 93 71
-7.3797760009765625 -1.7609819173812866 -1.047921061515808 88 108 73
-6.729701042175293 -0.8413411378860474 -0.9902459979057312 49 92 23
-6.78438663482666 -1.101029634475708 -1.0704078674316406 59 74 53
-6.537721157073975 -1.307563304901123 -1.104106068611145 68 83 60
-6.16856050491333 -1.4715033769607544 -1.1154643297195435 50 67 35
-5.613283634185791 -0.6948035955429077 -1.0403375625610352 65 97 47
-5.6637701988220215 -0.9160214066505432 -1.1112829446792603 52 75 47
-5.434887886047363 -1.0843300819396973 -1.129849910736084 62 74 50
-5.1761698722839355 -1.2341967821121216 -1.1399084329605103 75 81 53
-4.668510913848877 -0.5751312375068665 -1.0473741292953491 77 99 50
-4.788793563842773 -0.7707350850105286 -1.1286388635635376 76 107 39
-17.36296272277832 -4.175630569458008 3.4699506759643555 95 141 165
-16.522417068481445 -3.9576282501220703 2.655062675476074 118 144 159
-26.632720947265625 -3.3372557163238525 2.989830255508423 101 132 160
-40.51646423339844 -8.089599609375 2.279552459716797 123 133 125
-31.083574295043945 -5.011233806610107 -0.25937730073928833 79 118 53
-26.198047637939453 -5.203184127807617 -0.4764794409275055 97 138 59
-21.140888214111328 -5.003070831298828 -0.5962043404579163 65 98 41
-18.650365829467773 -2.3056113719940186 -0.662153959274292 81 118 41
-15.857216835021973 -2.5499393939971924 -0.7186489701271057 94 124 36
-14.750214576721191 -2.9217748641967773 -0.8172597885131836 103 119 90
-12.462038040161133 -2.9427578449249268 -0.8199687600135803 56 104 30
-11.775646209716797 -1.4490622282028198 -0.8517045974731445 85 133 59
-11.017515182495117 -1.7645845413208008 -0.9102910757064819 101 133 68
-10.3334379196167 -2.043135643005371 -0.9584370255470276 109 131 69
-9.40670394897461 -2.2193713188171387 -0.9747450947761536 109 145 84
-8.48988151550293 -1.0411196947097778 -0.9310179352760315 109 153 56
-8.331501007080078 -1.329317331314087 -1.0005120038986206 108 138 88
-7.96605920791626 -1.5711554288864136 -1.0411429405212402 111 124 96
-7.399607181549072 -1.7417372465133667 -1.0499733686447144 76 105 39
-6.804936408996582 -0.8295514583587646 -1.0009373426437378 74 111 42
-6.812128067016602 -1.084092617034912 -1.0742548704147339 57 69 45
-6.529118061065674 -1.2850230932235718 -1.1019821166992188 79 97 55
-6.157707214355469 -1.4489622116088867 -1.1126925945281982 51 63 41
-5.593907356262207 -0.6749869585037231 -1.0363577604293823 74 99 34
-5.658797264099121 -0.8974107503890991 -1.1097617149353027 78 111 66
-5.4266510009765625 -1.0653858184814453 -1.1274527311325073 88 111 67
-5.188498497009277 -1.2203254699707031 -1.1417936086654663 77 90 70
-4.823376655578613 -0.5791928172111511 -1.0817142724990845 62 103 47
-4.779591083526611 -0.7542179226875305 -1.1259193420410156 82 107 50
-17.315519332885742 -4.108066082000732 3.4579341411590576 104 150 186
-16.528711318969727 -3.9055562019348145 2.6541361808776855 112 135 166
-18.068016052246094 -4.256959915161133 2.2114999294281006 103 157 203
-25.60745620727539 -5.004274845123291 -0.46545660495758057 83 128 45
-21.156139373779297 -4.938188076019287 -0.5962043404579163 56 88 23
-18.654375076293945 -2.248023271560669 -0.66204833984375 85 114 50
-15.912330627441406 -2.5087459087371826 -0.7207944989204407 97 135 48
-14.765969276428223 -2.877845287322998 -0.8176396489143372 112 128 91
-12.501138687133789 -2.9115283489227295 -0.82194983959198 151 176 30
-11.847379684448242 -1.4210054874420166 -0.8565735220909119 84 103 58
-11.029769897460938 -1.731857180595398 -0.9108603000640869 80 126 53
-10.376805305480957 -2.0186500549316406 -0.9618803858757019 104 117 74
-9.364045143127441 -2.1790008544921875 -0.9696274399757385 98 120 74
-8.48908805847168 -1.0145963430404663 -0.9305851459503174 77 131 45
-8.304144859313965 -1.2988399267196655 -0.9967436790466309 101 128 85
-7.979605197906494 -1.5484089851379395 -1.0422875881195068 91 99 76
-7.406846046447754 -1.719475507736206 -1.0502469539642334 80 116 55
-6.850683212280273 -0.8138061761856079 -1.0072942972183228 84 105 74
-6.795896053314209 -1.060142159461975 -1.0711772441864014 71 81 54
-6.522375106811523 -1.262923002243042 -1.1001849174499512 98 121 79
-6.137179374694824 -1.4242749214172363 -1.108188509941101 41 45 31
-5.552973747253418 -0.6527697443962097 -1.0283983945846558 155 162 33
-5.663463592529297 -0.8803471326828003 -1.1101419925689697 77 105 65
-5.426045894622803 -1.0479888916015625 -1.1266536712646484 80 116 68
-5.20841121673584 -1.2081578969955444 -1.1453545093536377 81 90 73
-4.683586120605469 -0.5478357672691345 -1.0499823093414307 81 117 69
-4.779956817626953 -0.7392529845237732 -1.125465989112854 58 116 57
-17.310834884643555 -4.050897121429443 3.454500675201416 112 152 188
-16.875469207763672 -3.9328668117523193 2.70786714553833 119 155 189
-25.158979415893555 -3.0065956115722656 3.7637336254119873 115 156 152
-32.310420989990234 -5.005815029144287 -0.26935335993766785 89 120 50
-25.569669723510742 -4.915496349334717 -0.46449345350265503 88 132 57
-21.67969512939453 -4.9903082847595215 -0.6105244159698486 41 86 19
-18.44679069519043 -2.1656126976013184 -0.6544422507286072 112 149 43
-16.07693099975586 -2.4841716289520264 -0.7279019355773926 102 137 69
-14.754135131835938 -2.8285820484161377 -0.8165000081062317 111 127 91
-12.668551445007324 -2.9095733165740967 -0.832366406917572 68 113 30
-11.871498107910156 -1.3869664669036865 -0.8580055832862854 110 132 86
-10.911894798278809 -1.6790624856948853 -0.9006962776184082 91 125 39
-10.408380508422852 -1.9916713237762451 -0.9642363786697388 94 106 84
-9.346443176269531 -2.1446990966796875 -0.9671189188957214 114 143 85
-8.521783828735352 -0.9919958710670471 -0.9338313341140747 76 120 45
-8.261956214904785 -1.2662862539291382 -0.9912088513374329 116 155 102
-7.981395244598389 -1.5233627557754517 -1.0419059991836548 84 97 80
-7.442020416259766 -1.7035958766937256 -1.0544884204864502 83 109 61
-6.822676658630371 -0.7892597913742065 -1.0028156042099 101 136 80
-6.7668843269348145 -1.0343607664108276 -1.0660991668701172 85 101 62
-6.51555871963501 -1.2408764362335205 -1.0983878374099731 79 98 70
-6.125198841094971 -1.4017046689987183 -1.105243444442749 36 44 23
-5.465054988861084 -0.625442385673523 -1.0117558240890503 87 129 79
-5.669049263000488 -0.8634111881256104 -1.1107124090194702 104 118 56
-5.413833141326904 -1.0284112691879272 -1.123457431793213 104 139 83
-5.218765735626221 -1.1936992406845093 -1.1468207836151123 77 89 77
-4.631903648376465 -0.527390718460083 -1.038028359413147 69 101 51
-4.762942790985107 -0.7216666340827942 -1.1209332942962646 90 137 59
-17.392019271850586 -3.9970335960388184 2.7887728214263916 115 146 175
-28.96648597717285 -3.3715031147003174 4.331761360168457 119 151 174
-26.549762725830078 -3.078941583633423 2.9772095680236816 122 149 166
-27.438335418701172 -3.1751937866210938 2.057960033416748 121 157 169
-29.111297607421875 -3.3373863697052 0.038867637515068054 142 163 122
-32.56190872192383 -4.942529678344727 -0.27132219076156616 97 135 32
-25.622943878173828 -4.8442702293396 -0.4651890695095062 89 130 64
-21.66565704345703 -4.917134761810303 -0.60970139503479 61 88 37
-18.107812881469727 -2.0695178508758545 -0.6421879529953003 89 127 54
-15.945205688476562 -2.4137539863586426 -0.7215992212295532 138 170 73
-14.735269546508789 -2.7781238555908203 -0.8149804472923279 80 115 73
-12.807842254638672 -2.900226354598999 -0.8409296870231628 66 105 12
-11.928221702575684 -1.3565120697021484 -0.8618004322052002 96 112 75
-10.773103713989258 -1.6238878965377808 -0.8888246417045593 93 137 60
-10.439888954162598 -1.9645179510116577 -0.9665923714637756 113 122 103
-9.323866844177246 -2.1094281673431396 -0.9641085863113403 113 146 67
-8.562324523925781 -0.9700995683670044 -0.9379432201385498 83 126 46
-8.128316879272461 -1.2202924489974976 -0.9747220277786255 78 109 49
-7.967508792877197 -1.4953925609588623 -1.039489507675171 97 115 89
-7.458807468414307 -1.6833730936050415 -1.056130290031433 89 112 68
-6.826049327850342 -0.7684350609779358 -1.0029600858688354 76 105 47
-6.739732265472412 -1.0090599060058594 -1.0613287687301636 103 130 97
-6.476667881011963 -1.2128907442092896 -1.0911991596221924 95 121 76
-6.137156963348389 -1.3846403360366821 -1.1066293716430664 83 87 64
-5.505069255828857 -0.6129171848297119 -1.0188108682632446 76 108 32
-5.631860256195068 -0.8400762677192688 -1.10291588306427 69 105 44
-5.390956878662109 -1.0069395303726196 -1.1180639266967773 77 104 61
-5.215726375579834 -1.176176905632019 -1.1453545093536377 91 94 77
-4.9400715827941895 -0.5471317172050476 -1.1067086458206177 95 130 74
-4.7593536376953125 -0.7061930298805237 -1.1195734739303589 97 137 84
-29.159503936767578 -3.3033289909362793 4.359090328216553 104 134 162
-26.59364891052246 -3.0013747215270996 2.9810843467712402 121 156 162
-27.1744384765625 -3.0601985454559326 2.0374531745910645 93 107 94
-27.781705856323242 -3.098635673522949 0.0370795801281929 131 141 117
-32.86672592163086 -4.885687828063965 -0.2737358808517456 93 126 35
-24.414831161499023 -4.538328170776367 -0.4430007040500641 91 132 56
-21.762584686279297 -4.868975639343262 -0.6120058298110962 61 89 48
-18.169700622558594 -2.0201382637023926 -0.6441599130630493 111 148 34
-16.110647201538086 -2.3882622718811035 -0.7287512421607971 118 147 83
-14.707395553588867 -2.726170063018799 -0.812972366809845 88 115 64
-12.931610107421875 -2.886573314666748 -0.8484705090522766 100 130 68
-12.095906257629395 -1.3380048274993896 -0.8736147284507751 124 153 105
-10.760286331176758 -1.5882091522216797 -0.8873609900474548 84 118 58
-10.438032150268555 -1.9310301542282104 -0.9658674597740173 98 106 83
-9.415750503540039 -2.0998711585998535 -0.9729388356208801 96 126 76
-8.574152946472168 -0.9448061585426331 -0.9389171004295349 69 128 34
-8.163461685180664 -1.1999707221984863 -0.97849041223526 109 126 72
-7.96328067779541 -1.469321846961975 -1.0383448600769043 102 111 90
-7.433961391448975 -1.6538132429122925 -1.0518888235092163 81 114 59
-6.930672645568848 -0.7586877942085266 -1.0179857015609741 66 105 26
-6.744751453399658 -0.9886645674705505 -1.0616364479064941 79 118 63
-6.461923599243164 -1.189621090888977 -1.08809494972229 100 127 96
-6.158680438995361 -1.3696537017822266 -1.1097475290298462 76 88 48
-5.514745712280273 -0.5968716144561768 -1.0202579498291016 73 107 57
-5.6042962074279785 -0.818396270275116 -1.0970209836959839 72 88 62
-5.383419990539551 -0.9884491562843323 -1.1158666610717773 72 93 60
-5.2240824699401855 -1.1612305641174316 -1.1464017629623413 102 113 99
-4.985398769378662 -0.5366744995117188 -1.116489052772522 75 106 49
-4.644870281219482 -0.6746485233306885 -1.0921508073806763 71 110 19
-25.92306900024414 -2.861661672592163 4.857287883758545 99 147 185
-26.047849655151367 -2.8699142932891846 3.8925905227661133 112 138 153
-26.71930694580078 -2.9325668811798096 2.994147539138794 40 72 69
-26.798080444335938 -2.9345860481262207 2.0085506439208984 126 143 127
-29.399324417114258 -3.207498788833618 1.1206026077270508 112 121 94
-27.025571823120117 -2.9303836822509766 0.0360582135617733 114 125 82
-32.867706298828125 -4.782815456390381 -0.2736205458641052 90 126 52
-24.180782318115234 -4.418116569519043 -0.4385059177875519 96 135 70
-21.79792022705078 -4.806706428527832 -0.6125819087028503 53 91 40
-18.175811767578125 -1.964384913444519 -0.6441599130630493 121 140 51
-16.128774642944336 -2.340402364730835 -0.7292429804801941 94 119 64
-14.550654411315918 -2.650967836380005 -0.8038549423217773 96 114 72
-13.090500831604004 -2.8799073696136475 -0.8583119511604309 108 143 89
-12.308215141296387 -1.3232793807983398 -0.8886511325836182 108 134 87
-10.513564109802246 -1.5188502073287964 -0.8666264414787292 159 190 73
-10.422350883483887 -1.8950780630111694 -0.9638738632202148 105 112 78
-9.537787437438965 -2.096391439437866 -0.9848798513412476 103 132 76
-8.581954002380371 -0.9190258383750916 -0.9394581317901611 65 119 33
-8.131720542907715 -1.1698294878005981 -0.9742510318756104 68 102 42
-7.957991123199463 -1.4431140422821045 -1.037073016166687 85 97 73
-7.488348484039307 -1.6418179273605347 -1.0588667392730713 76 107 65
-6.9555983543396 -0.73982834815979 -1.0213086605072021 65 108 26
-6.717432975769043 -0.9636178612709045 -1.05686616897583 63 86 58
-6.449038982391357 -1.1668046712875366 -1.0853174924850464 77 94 60
-6.165740013122559 -1.3513853549957275 -1.1102672815322876 73 82 61
-5.455907821655273 -0.573574423789978 -1.0090423822402954 97 114 72
-5.587342739105225 -0.7984210848808289 -1.0932178497314453 102 118 79
-5.377748489379883 -0.9703624248504639 -1.1140687465667725 53 66 46
-5.224754810333252 -1.1445701122283936 -1.1457734107971191 107 117 93
-4.964693546295166 -0.5190426707267761 -1.111490249633789 69 113 28
-4.525417804718018 -0.6431280374526978 -1.063594937324524 83 127 52
-27.05034637451172 -2.884939193725586 3.0302376747131348 106 146 135
-28.8179988861084 -3.0663390159606934 2.1592307090759277 123 147 157
-29.32754135131836 -3.1086504459381104 1.1174976825714111 129 142 116
-27.039405822753906 -2.847980260848999 0.03606484457850456 127 137 110
-33.11784362792969 -4.7155046463012695 -0.2755811810493469 88 128 57
-23.66575813293457 -4.249027729034424 -0.42892780900001526 86 129 57
-22.066537857055664 -4.794996738433838 -0.6197144985198975 65 93 45
-18.150941848754883 -1.9053786993026733 -0.6430683135986328 165 212 110
-16.626462936401367 -2.360560178756714 -0.7514143586158752 121 150 86
-14.269746780395508 -2.554582357406616 -0.787899374961853 77 105 44
-13.12560749053955 -2.8454411029815674 -0.8600373864173889 74 108 48
-12.315193176269531 -1.2858227491378784 -0.8888659477233887 106 137 93
-10.54383373260498 -1.4902143478393555 -0.8687405586242676 105 148 77
-10.422234535217285 -1.862043023109436 -0.9633302092552185 108 118 93
-9.550007820129395 -2.0683836936950684 -0.985481858253479 74 85 43
-8.551115036010742 -0.8891965746879578 -0.9357790946960449 86 137 42
-7.930733680725098 -1.1160917282104492 -0.949756383895874 97 126 59
-7.9545698165893555 -1.4173007011413574 -1.036055564880371 98 122 86
-7.493350028991699 -1.6188362836837769 -1.0588667392730713 86 117 57
-6.922401428222656 -0.7148264050483704 -1.016107439994812 81 119 62
-6.682196140289307 -0.937649667263031 -1.050864815711975 72 107 53
-6.451617240905762 -1.1468411684036255 -1.0851541757583618 51 84 55
-6.168894290924072 -1.3322548866271973 -1.1100940704345703 73 100 59
-5.484059810638428 -0.5595285892486572 -1.01392662525177 45 77 27
-5.58296012878418 -0.7803243398666382 -1.0918867588043213 62 104 38
-5.369122505187988 -0.9518067240715027 -1.1116715669631958 66 86 58
-5.2339768409729 -1.1297733783721924 -1.147030234336853 95 111 64
-4.959465026855469 -0.5031191110610962 -1.1099687814712524 81 124 53
-4.42125129699707 -0.6144923567771912 -1.0386650562286377 68 99 40
-28.644367218017578 -4.05825662612915 5.09132194519043 92 155 209
-25.91935920715332 -2.694894313812256 3.870845079421997 101 158 188
-26.752614974975586 -2.770203113555908 2.9959189891815186 130 156 117
-27.32600975036621 -2.8117430210113525 1.0408977270126343 78 88 53
-26.860992431640625 -2.745892286300659 0.03581547364592552 132 151 121
-23.465015411376953 -4.138716220855713 -0.4250573515892029 100 131 71
-22.044979095458984 -4.719532489776611 -0.6186994910240173 80 109 61
-17.872350692749023 -1.8207156658172607 -0.6329972743988037 91 134 44
-16.716745376586914 -2.321080446243286 -0.7551692128181458 105 137 88
-14.241129875183105 -2.504392623901367 -0.7858914136886597 82 113 54
-13.141107559204102 -2.8066182136535645 -0.860484778881073 86 120 70
-12.307171821594238 -1.2468278408050537 -0.8880067467689514 126 153 86
-10.548356056213379 -1.4578593969345093 -0.8687405586242676 92 146 60
-10.422992706298828 -1.8291984796524048 -0.9628771543502808 121 126 103
-9.440516471862793 -2.0143678188323975 -0.9735409617424011 104 123 103
-8.565671920776367 -0.8641554117202759 -0.9370776414871216 92 133 73
-7.949860572814941 -1.093921184539795 -0.9516405463218689 73 123 50
-7.933477401733398 -1.388443946838379 -1.0327486991882324 92 127 95
-7.491498947143555 -1.5943959951400757 -1.0579090118408203 77 106 52
-6.924561977386475 -0.6935853958129883 -1.016107439994812 48 77 21
-6.4579315185546875 -0.8859866261482239 -1.0151638984680176 61 104 61
-6.447330474853516 -1.1256849765777588 -1.083847165107727 95 127 78
-6.177768707275391 -1.3143473863601685 -1.1109602451324463 44 66 28
-5.514133453369141 -0.5455089807510376 -1.0191725492477417 85 117 76
-5.562955379486084 -0.7601354122161865 -1.0875132083892822 72 109 42
-5.354641914367676 -0.9323047399520874 -1.1080759763717651 50 75 46
-5.2307233810424805 -1.1122866868972778 -1.1455639600753784 72 75 68
-4.981384754180908 -0.4899075925350189 -1.1145329475402832 59 110 41
-4.397058010101318 -0.5973849892616272 -1.0325459241867065 61 121 21
-26.246370315551758 -2.647526741027832 3.918449878692627 121 161 187
-28.92168426513672 -2.905153751373291 3.2378110885620117 102 120 130
-27.23318862915039 -3.7421350479125977 2.7869081497192383 108 150 162
-41.26278305053711 -8.739112854003906 1.9256222248077393 73 91 79
-27.465761184692383 -2.7409934997558594 1.0458958148956299 110 116 78
-23.469722747802734 -4.065341949462891 -0.4249146580696106 98 133 67
-22.317575454711914 -4.7063307762146 -0.6259418725967407 74 107 54
-17.782377243041992 -1.7564449310302734 -0.6296167373657227 94 135 41
-16.684188842773438 -2.264409065246582 -0.7533811330795288 101 119 79
-14.2369384765625 -2.458650588989258 -0.7852401733398438 98 130 57
-13.149656295776367 -2.7662887573242188 -0.860484778881073 84 133 67
-12.300020217895508 -1.2079917192459106 -0.8872191309928894 104 136 97
-10.554754257202148 -1.4257574081420898 -0.8689031600952148 109 132 64
-10.41579818725586 -1.7950140237808228 -0.9616991877555847 98 99 83
-9.300600051879883 -1.9546993970870972 -0.9584892392158508 105 130 73
-8.706799507141113 -0.8514174222946167 -0.9522266387939453 89 130 64
-7.893144130706787 -1.061452865600586 -0.9444569945335388 156 170 91
-7.891754150390625 -1.3562021255493164 -1.026770830154419 112 141 110
-7.5089592933654785 -1.5740468502044678 -1.0596877336502075 81 100 72
-6.9365057945251465 -0.6732938289642334 -1.0175522565841675 77 127 58
-6.57520055770874 -0.8815315961837769 -1.0331681966781616 58 95 43
-6.452698230743408 -1.1062328815460205 -1.0841739177703857 81 110 82
-6.184664249420166 -1.2959941625595093 -1.1114799976348877 83 101 75
-5.488368511199951 -0.5259622931480408 -1.0141074657440186 31 64 11
-5.411508560180664 -0.7225360870361328 -1.0574681758880615 80 109 53
-5.366169452667236 -0.9173585176467896 -1.1098737716674805 70 97 66
-5.214970111846924 -1.0922249555587769 -1.1413747072219849 91 105 80
-4.865289211273193 -0.4634234607219696 -1.088234543800354 47 86 33
-4.37473201751709 -0.5806882381439209 -1.0268800258636475 38 82 29
-18.021936416625977 -3.8110523223876953 3.579245090484619 93 146 200
-25.594955444335938 -2.491694927215576 2.864511251449585 112 134 113
-27.38750648498535 -2.6483490467071533 1.0426015853881836 116 129 103
-26.367677688598633 -2.5320823192596436 0.035136330872774124 104 112 91
-29.63004493713379 -3.9410085678100586 -0.24624615907669067 83 130 62
-25.39136505126953 -4.318007469177246 -0.45946362614631653 108 141 84
-22.37693214416504 -4.647189617156982 -0.6272037625312805 80 103 59
-17.751869201660156 -1.69845449924469 -0.6283490657806396 99 142 60
-16.849512100219727 -2.234222650527954 -0.7605332136154175 103 115 79
-14.20109748840332 -2.4076168537139893 -0.782852292060852 64 99 35
-13.160036087036133 -2.7263379096984863 -0.8606125712394714 109 145 83
-12.278843879699707 -1.1678889989852905 -0.8854290843009949 107 126 81
-10.565995216369629 -1.3942819833755493 -0.869472324848175 106 150 63
-10.401617050170898 -1.7597278356552124 -0.9598868489265442 127 150 108
-9.288041114807129 -1.9223250150680542 -0.9565826654434204 92 129 62
-8.760834693908691 -0.8295745849609375 -0.9578534364700317 95 122 55
-7.909162521362305 -1.0389132499694824 -0.94598788022995 106 138 73
-7.872405052185059 -1.3280243873596191 -1.0237184762954712 94 132 83
-7.521513938903809 -1.5526043176651 -1.0607823133468628 92 101 74
-6.9326276779174805 -0.6514543294906616 -1.0166853666305542 100 138 55
-6.573955535888672 -0.8608418703079224 -1.032552719116211 63 96 43
-6.46287202835083 -1.0875771045684814 -1.0853174924850464 77 107 57
-6.190540313720703 -1.2774118185043335 -1.1118264198303223 70 93 41
-5.45176362991333 -0.5055798888206482 -1.0070525407791138 70 108 23
-5.370865345001221 -0.7003449201583862 -1.0491012334823608 171 191 42
-5.415342330932617 -0.9086740612983704 -1.119462251663208 61 74 46
-5.2020158767700195 -1.0728628635406494 -1.1378138065338135 76 92 81
-4.79281759262085 -0.4416871666908264 -1.071716547012329 79 103 45
-4.422855854034424 -0.5732734203338623 -1.037758469581604 41 68 27
-25.952560424804688 -3.4335403442382812 4.607061386108398 104 157 209
-28.55657386779785 -2.703665256500244 4.260794639587402 112 146 191
-26.860233306884766 -2.4962406158447266 0.03578231483697891 110 118 95
-29.398054122924805 -3.818401575088501 -0.24421964585781097 116 145 79
-25.70035171508789 -4.2894673347473145 -0.46481451392173767 117 154 74
-22.400876998901367 -4.58051872253418 -0.6274781227111816 70 97 52
-17.537073135375977 -1.6236236095428467 -0.6205669045448303 91 130 37
-16.8592586517334 -2.182903528213501 -0.7606673240661621 113 125 101
-14.161137580871582 -2.356170654296875 -0.7802472710609436 90 136 64
-13.175183296203613 -2.6873466968536377 -0.8610599040985107 96 134 85
-12.386659622192383 -1.139809250831604 -0.8929473161697388 115 136 95
-10.60284423828125 -1.3660621643066406 -0.8721556663513184 85 126 50
-10.359808921813965 -1.7199785709381104 -0.9555372595787048 101 126 97
-9.369938850402832 -1.909316062927246 -0.9644095301628113 93 129 55
-8.78808879852295 -0.8049598336219788 -0.9605586528778076 123 158 100
-7.919207572937012 -1.015527606010437 -0.9468122124671936 80 113 44
-7.860785007476807 -1.301274061203003 -1.0216834545135498 105 137 88
-7.512651443481445 -1.5267595052719116 -1.0588667392730713 84 101 67
-7.085367679595947 -0.6438838243484497 -1.0387903451919556 89 118 60
-6.462872505187988 -0.82613605260849 -1.014702320098877 61 96 42
-6.468125343322754 -1.0680657625198364 -1.0856443643569946 80 107 72
-6.18960428237915 -1.2574330568313599 -1.1109602451324463 61 84 40
-5.530675411224365 -0.49578890204429626 -1.0213433504104614 66 94 43
-5.374936580657959 -0.6841119527816772 -1.0494815111160278 72 88 43
-5.386199474334717 -0.8868027925491333 -1.1128700971603394 65 90 50
-5.191867351531982 -1.0541743040084839 -1.1348812580108643 97 129 88
-4.799983501434326 -0.42750048637390137 -1.073020577430725 74 111 31
-4.473874568939209 -0.5659354329109192 -1.0493168830871582 86 127 85
-26.09874153137207 -3.37144136428833 4.631153106689453 86 143 186
-24.94575309753418 -2.2846052646636963 3.720977306365967 109 166 211
-27.509450912475586 -4.564381122589111 3.5925040245056152 111 169 207
-29.48921012878418 -2.6690526008605957 1.121965765953064 85 108 79
-26.586898803710938 -2.388589382171631 0.03540825471282005 80 103 74
-29.18146514892578 -3.6992673873901367 -0.24232493340969086 104 129 63
-25.779499053955078 -4.2214250564575195 -0.4660095274448395 96 136 74
-22.337406158447266 -4.496189117431641 -0.6253108382225037 65 78 52
-17.493196487426758 -1.5654481649398804 -0.6188414692878723 98 137 22
-16.874797821044922 -2.1322970390319824 -0.761069655418396 103 119 92
-14.126910209655762 -2.305957555770874 -0.7779679298400879 70 117 47
-13.185321807861328 -2.647306203842163 -0.8611876964569092 104 144 91
-12.317571640014648 -1.0953526496887207 -0.8877203464508057 114 128 95
-10.606986045837402 -1.3335267305374146 -0.8721556663513184 102 139 70
-10.35619068145752 -1.6867462396621704 -0.9547217488288879 101 132 88
-9.408920288085938 -1.8872133493423462 -0.9678213000297546 95 134 81
-8.800418853759766 -0.7788709402084351 -0.9616406559944153 111 149 74
-7.502523422241211 -0.9387068152427673 -0.8966453671455383 80 107 28
-7.852012634277344 -1.2750846147537231 -1.02003014087677 89 129 56
-7.51341438293457 -1.5029265880584717 -1.0583194494247437 68 78 53
-7.039995193481445 -0.6179897785186768 -1.0318554639816284 105 130 64
-6.458513259887695 -0.8054484128952026 -1.013625144958496 97 117 54
-6.469423294067383 -1.0479012727737427 -1.0853174924850464 72 98 59
-6.184741020202637 -1.2366997003555298 -1.1094011068344116 44 62 24
-5.573323726654053 -0.48238056898117065 -1.028941035270691 67 105 56
-5.44520902633667 -0.6760863661766052 -1.0627926588058472 83 120 68
-5.420815944671631 -0.8754290342330933 -1.119462251663208 63 82 50
-5.1883649826049805 -1.0368995666503906 -1.1334149837493896 95 117 81
-5.001608848571777 -0.4299955368041992 -1.117793083190918 88 118 48
-4.502655506134033 -0.5555465817451477 -1.0556626319885254 50 92 29
-25.860769271850586 -3.26006817817688 4.587129592895508 95 138 155
-27.171533584594727 -2.404411792755127 4.051861763000488 119 163 188
-25.71540069580078 -2.2307841777801514 0.03423832356929779 114 121 87
-25.959165573120117 -4.169108867645264 -0.4690238833427429 107 145 44
-21.90395736694336 -4.339061737060547 -0.6128013730049133 87 113 66
-17.434192657470703 -1.5062668323516846 -0.61658775806427 96 132 36
-16.95363998413086 -2.0894360542297363 -0.7643327713012695 109 138 84
-14.114197731018066 -2.2594492435455322 -0.7768824696540833 86 123 28
-13.208066940307617 -2.609743118286133 -0.862146258354187 93 127 77
-12.479879379272461 -1.0712058544158936 -0.8991766571998596 117 126 97
-10.67533016204834 -1.308862566947937 -0.8774409294128418 101 155 69
-10.348533630371094 -1.6529239416122437 -0.9535437822341919 101 125 73
-9.682122230529785 -1.9111309051513672 -0.995315670967102 106 138 97
-8.81861686706543 -0.7532216906547546 -0.9633720517158508 100 141 75
-7.8444600105285645 -0.9570555090904236 -0.9371557235717773 89 130 72
-7.774586200714111 -1.2380422353744507 -1.0094736814498901 94 109 76
-7.518962383270264 -1.4800599813461304 -1.058456301689148 79 97 57
-7.046787738800049 -0.596805989742279 -1.0325778722763062 79 101 29
-6.455068588256836 -0.7849145531654358 -1.0127018690109253 52 96 33
-6.468710899353027 -1.027429461479187 -1.0846641063690186 55 80 58
-6.168212890625 -1.213726282119751 -1.1057631969451904 76 90 57
-5.738453388214111 -0.4789402484893799 -1.0591508150100708 79 107 58
-5.473572731018066 -0.662562906742096 -1.0679268836975098 64 98 38
-5.394443035125732 -0.8541967272758484 -1.1134694814682007 99 124 85
-5.192481517791748 -1.0211656093597412 -1.1336244344711304 66 98 61
-5.0564069747924805 -0.4190831482410431 -1.1297470331192017 86 109 63
-4.539151668548584 -0.5459168553352356 -1.06382155418396 69 103 42
-26.08847427368164 -3.1913177967071533 3.641448974609375 109 168 198
-27.266624450683594 -4.352352142333984 3.5572385787963867 101 165 200
-27.009092330932617 -2.2885053157806396 2.0195469856262207 110 137 148
-29.136606216430664 -2.4569919109344482 1.107955813407898 107 123 97
-24.961780548095703 -2.088270902633667 0.033226244151592255 126 132 84
-25.860923767089844 -3.117222785949707 -0.21458804607391357 125 154 90
-25.974796295166016 -4.089914321899414 -0.46907737851142883 86 127 48
-21.725839614868164 -4.2345499992370605 -0.6074519157409668 97 122 57
-17.371009826660156 -1.4471306800842285 -0.6141932606697083 98 142 47
-16.97088050842285 -2.038723945617676 -0.7648245096206665 105 131 68
-14.110212326049805 -2.2144339084625244 -0.7762855291366577 85 115 51
-13.239521980285645 -2.573779582977295 -0.8636799454689026 113 124 90
-12.48310661315918 -1.032913088798523 -0.8991766571998596 114 123 102
-10.70997428894043 -1.2797709703445435 -0.8799616098403931 73 114 38
-10.330925941467285 -1.617624044418335 -0.9514596462249756 123 148 93
-9.768030166625977 -1.8969711065292358 -1.0035438537597656 107 131 95
-8.817913055419922 -0.7259182929992676 -0.963047444820404 112 150 75
-7.774388313293457 -0.9243088960647583 -0.9284412860870361 80 116 28
-7.668586254119873 -1.1970508098602295 -0.9952288269996643 99 134 76
-7.526385307312012 -1.4575501680374146 -1.0588667392730713 92 99 81
-7.06140661239624 -0.5762301683425903 -1.0344560146331787 90 132 56
-6.255313873291016 -0.7411574125289917 -0.9810020327568054 70 105 51
-6.464034080505371 -1.0063647031784058 -1.0833570957183838 85 112 95
-6.1738409996032715 -1.1951711177825928 -1.106109619140625 80 100 72
-5.62813663482666 -0.4523502290248871 -1.038528561592102 71 92 51
-5.4785051345825195 -0.6461120843887329 -1.0684974193572998 72 95 51
-5.280848026275635 -0.8196096420288086 -1.0894981622695923 76 96 59
-5.19366979598999 -1.0048590898513794 -1.133205533027649 80 95 64
-5.015829563140869 -0.4002298414707184 -1.1204012632369995 98 126 86
-4.611422538757324 -0.5402617454528809 -1.080365777015686 52 69 37
-26.1502742767334 -3.117479085922241 3.6487228870391846 102 154 194
-26.489301681518555 -3.144298791885376 2.7044005393981934 121 167 193
-26.87981605529785 -2.194514751434326 2.0093677043914795 128 157 171
-24.20553970336914 -1.950242280960083 0.032211508601903915 96 122 97
-25.37578010559082 -2.979790449142456 -0.21048559248447418 98 127 60
-25.95164680480957 -4.004715919494629 -0.46843525767326355 84 126 54
-21.766218185424805 -4.1731462478637695 -0.6082200407981873 92 120 69
-17.381343841552734 -1.3943097591400146 -0.6144044995307922 85 131 41
-16.997892379760742 -1.9890867471694946 -0.7657631635665894 106 138 73
-13.83369255065918 -2.1275715827941895 -0.760709822177887 96 117 42
-13.250296592712402 -2.5337116718292236 -0.863871693611145 109 143 82
-12.445450782775879 -0.9913632869720459 -0.8962409496307373 120 133 103
-10.728700637817383 -1.2486355304718018 -0.8811812996864319 85 126 48
-10.270872116088867 -1.5759528875350952 -0.9454790949821472 105 132 81
-9.778690338134766 -1.8679277896881104 -1.0040456056594849 94 107 81
-8.791358947753906 -0.6965847015380859 -0.9599093794822693 122 155 84
-7.7643632888793945 -0.8989683389663696 -0.9269103407859802 112 141 85
-7.673203468322754 -1.1736682653427124 -0.995356023311615 90 110 57
-7.5386061668396 -1.4359354972839355 -1.0599613189697266 91 104 74
-7.060182094573975 -0.5543310642242432 -1.0340226888656616 97 122 64
-6.212405681610107 -0.7167534828186035 -0.9739234447479248 49 79 15
-6.462214469909668 -0.9857847094535828 -1.0825401544570923 78 112 75
-6.181349277496338 -1.1769613027572632 -1.1068025827407837 51 72 29
-5.646167755126953 -0.4363695979118347 -1.0416038036346436 90 120 60
-5.331233501434326 -0.6121659278869629 -1.0394032001495361 71 101 49
-5.309492588043213 -0.8073815703392029 -1.0948916673660278 53 72 42
-5.1688714027404785 -0.9836192727088928 -1.1271309852600098 85 115 87
-5.015087127685547 -0.3846903145313263 -1.1199666261672974 52 87 45
-4.616929531097412 -0.5265530347824097 -1.0812723636627197 76 112 50
-27.026376724243164 -3.154592275619507 4.788529396057129 93 153 205
-25.399137496948242 -2.9489307403564453 3.5426385402679443 97 140 156
-26.61248016357422 -3.076153516769409 2.7159998416900635 114 164 191
-26.6209774017334 -2.0911865234375 1.9895297288894653 108 129 146
-24.727863311767578 -1.9159878492355347 0.032898612320423126 140 141 107
-25.373872756958008 -2.9006752967834473 -0.2103949785232544 110 127 91
-25.87384796142578 -3.911478281021118 -0.4668121635913849 92 130 57
-21.612905502319336 -4.075047969818115 -0.603583812713623 92 119 52
-17.553936004638672 -1.3539665937423706 -0.6203556060791016 85 132 26
-17.009870529174805 -1.937606930732727 -0.7660314440727234 108 138 66
-13.589360237121582 -2.0473363399505615 -0.7469251751899719 98 125 58
-13.254085540771484 -2.4923107624053955 -0.8636161088943481 115 134 88
-12.493186950683594 -0.9566032886505127 -0.8994630575180054 106 124 84
-10.800814628601074 -1.2234549522399902 -0.8867918252944946 92 132 72
-9.888622283935547 -1.4862631559371948 -0.9098672270774841 183 205 107
-9.785353660583496 -1.838102102279663 -1.0041459798812866 100 110 101
-8.783541679382324 -0.6688550710678101 -0.9588272571563721 83 127 48
-7.95950984954834 -0.8968245387077332 -0.9498740434646606 76 110 36
-7.672844409942627 -1.1495338678359985 -0.994847297668457 108 141 86
-7.535186767578125 -1.411341667175293 -1.0588667392730713 99 117 69
-7.052968978881836 -0.5319982171058655 -1.0327223539352417 60 86 38
-6.482639312744141 -0.7277854084968567 -1.0159333944320679 85 125 54
-6.468135356903076 -0.9663916230201721 -1.0830302238464355 72 87 66
-6.186866760253906 -1.1583540439605713 -1.1071491241455078 71 94 42
-5.712213039398193 -0.42384856939315796 -1.053542971611023 66 111 46
-5.388700485229492 -0.6020202040672302 -1.0502421855926514 85 122 78
-5.313882827758789 -0.7913771271705627 -1.0952911376953125 84 125 59
-5.168020248413086 -0.9670374393463135 -1.1262931823730469 98 119 88
-4.967570781707764 -0.3657190501689911 -1.1090993881225586 68 108 37
-4.636915683746338 -0.5144265294075012 -1.085578441619873 72 101 57
-27.04375648498535 -3.0725510120391846 4.789916038513184 92 154 203
-17.4090518951416 -1.3254375457763672 2.5934441089630127 100 153 203
-26.620691299438477 -3.008014678955078 3.711714506149292 84 146 135
-26.719669342041016 -3.005502700805664 2.725985527038574 99 147 147
-27.298070907592773 -3.0618786811828613 1.7821340560913086 99 124 102
-23.66059112548828 -1.7602839469909668 0.03147135302424431 120 130 96
-25.40352439880371 -2.825136661529541 -0.21056796610355377 134 149 90
-25.55735969543457 -3.7834692001342773 -0.460890531539917 97 137 74
-21.362876892089844 -3.9600744247436523 -0.5962591767311096 89 120 61
-17.498207092285156 -1.295677661895752 -0.6182428002357483 92 138 40
-17.016727447509766 -1.8855222463607788 -0.7660760879516602 82 120 37
-13.570881843566895 -2.0019919872283936 -0.7455683946609497 94 127 58
-13.259706497192383 -2.451273202896118 -0.8634883165359497 87 108 69
-12.483132362365723 -0.9173199534416199 -0.8985322713851929 99 118 86
-10.827303886413574 -1.1928231716156006 -0.8886620402336121 110 131 75
-9.844857215881348 -1.4488134384155273 -0.905427098274231 101 146 63
-9.786054611206055 -1.807168960571289 -1.0036442279815674 109 120 104
-8.786543846130371 -0.6419768333435059 -0.9589354991912842 122 149 82
-8.021452903747559 -0.8788903951644897 -0.9569398760795593 122 155 51
-7.636098384857178 -1.120086431503296 -0.9896326661109924 94 119 79
-7.5190229415893555 -1.3844504356384277 -1.0559935569763184 98 106 91
-7.054567813873291 -0.5103575587272644 -1.0327223539352417 86 114 66
-6.49269962310791 -0.7087513208389282 -1.0171643495559692 53 103 18
-6.466189384460449 -0.9458292126655579 -1.0822134017944336 81 93 57
-6.186516761779785 -1.1386544704437256 -1.1064560413360596 75 109 59
-5.744879722595215 -0.4085542857646942 -1.0593317747116089 67 94 43
-5.436394691467285 -0.5904674530029297 -1.059179663658142 78 102 68
-5.231931209564209 -0.7627724409103394 -1.0779119729995728 84 105 66
-5.179617881774902 -0.9527696967124939 -1.128178358078003 90 116 79
-4.993011474609375 -0.35219404101371765 -1.1145329475402832 72 105 34
-4.648155689239502 -0.5012425184249878 -1.087844729423523 74 101 66
-25.85389518737793 -2.857051134109497 4.577596664428711 91 143 190
-26.115827560424805 -2.869849920272827 3.6400768756866455 114 160 183
-27.02225685119629 -1.962594747543335 3.017949342727661 105 131 120
-26.969091415405273 -2.9498000144958496 2.750495672225952 112 138 139
-27.050403594970703 -2.950094223022461 1.7653660774230957 91 117 80
-27.43254280090332 -2.9806275367736816 0.7794458270072937 126 145 115
-23.216022491455078 -1.6556053161621094 0.030873121693730354 122 130 106
-25.456809997558594 -2.7520229816436768 -0.21093867719173431 129 142 98
-25.040451049804688 -3.6284754276275635 -0.4513659179210663 100 131 71
-21.36902618408203 -3.8934402465820312 -0.59609454870224 67 104 50
-17.382474899291992 -1.2334989309310913 -0.6140171885490417 62 118 11
-17.015478134155273 -1.832558035850525 -0.7657631635665894 86 133 61
-13.927797317504883 -2.0110044479370117 -0.7648344039916992 101 134 63
-13.266181945800781 -2.41040301322937 -0.8634243607521057 91 112 81
-12.472952842712402 -0.8781073093414307 -0.8976013660430908 114 134 85
-10.869562149047852 -1.1637377738952637 -0.8918331861495972 108 137 73
-9.610713005065918 -1.3842452764511108 -0.8834981918334961 69 109 47
-9.777847290039062 -1.7746498584747314 -1.002239465713501 109 118 91
-8.710127830505371 -0.609534502029419 -0.9503870606422424 120 162 96
-8.012261390686035 -0.8530152440071106 -0.9555267095565796 99 142 52
-7.5904083251953125 -1.0896070003509521 -0.9832733869552612 47 97 46
-7.523234844207764 -1.3613759279251099 -1.0559935569763184 90 102 78
-7.050177574157715 -0.4883017838001251 -1.0318554639816284 61 94 49
-6.5017218589782715 -0.6895580887794495 -1.01824152469635 91 119 45
-6.236627101898193 -0.8927160501480103 -1.0433294773101807 86 119 40
-6.179320812225342 -1.1177408695220947 -1.1045506000518799 59 97 46
-5.791242599487305 -0.3939981162548065 -1.067652940750122 24 72 24
-5.379601001739502 -0.5676052570343018 -1.0477701425552368 54 97 26
-5.328338623046875 -0.7601406574249268 -1.097288727760315 84 126 42
-5.191176891326904 -0.9384399056434631 -1.1300636529922485 99 131 90
-4.975564479827881 -0.33562588691711426 -1.1104035377502441 71 79 55
-4.6612958908081055 -0.4881972372531891 -1.0905643701553345 43 65 16
-26.3264217376709 -2.8112754821777344 3.668210506439209 57 88 56
-18.943798065185547 -1.317453145980835 2.1152546405792236 132 164 177
-26.38144874572754 -2.803647041320801 2.689673900604248 86 102 92
-27.051389694213867 -2.8662497997283936 1.764848232269287 123 152 148
-29.162309646606445 -3.0780763626098633 0.8283217549324036 119 127 104
-23.301803588867188 -1.5898855924606323 0.030980562791228294 106 121 102
-25.387563705444336 -2.665764570236206 -0.2102961242198944 121 134 90
-24.920791625976562 -3.533109426498413 -0.44901153445243835 99 136 56
-21.381855010986328 -3.8280389308929443 -0.5961220264434814 86 126 64
-17.37620735168457 -1.1794875860214233 -0.6136650443077087 75 126 23
-16.767658233642578 -1.7538456916809082 -0.7543646097183228 90 129 23
-13.808335304260254 -1.9505279064178467 -0.7579420804977417 103 134 74
-13.263689994812012 -2.3679375648498535 -0.862785279750824 92 119 52
-12.449712753295898 -0.8380948305130005 -0.895739734172821 109 136 93
-11.101091384887695 -1.154089331626892 -0.9105350375175476 107 137 83
-9.635623931884766 -1.3576716184616089 -0.88540118932724 174 205 67
-9.775409698486328 -1.7432459592819214 -1.001436710357666 92 95 74
-8.796269416809082 -0.5884496569633484 -0.9595847129821777 118 145 66
-8.050400733947754 -0.8321055173873901 -0.9597662091255188 77 129 54
-7.500401973724365 -1.0532116889953613 -0.9711906909942627 88 120 57
-7.509820461273193 -1.335167407989502 -1.0535306930541992 80 93 65
-7.019060134887695 -0.4645135998725891 -1.027087688446045 67 92 50
-6.534276485443115 -0.6727449297904968 -1.0230119228363037 75 121 12
-6.161174297332764 -0.8626344799995422 -1.0302592515945435 101 140 95
-6.16817569732666 -1.096192717552185 -1.101952075958252 112 136 102
-5.8267741203308105 -0.3784601092338562 -1.0739843845367432 71 102 58
-5.312951564788818 -0.5440969467163086 -1.034459114074707 81 113 66
-5.27630090713501 -0.7362072467803955 -1.0861021280288696 74 111 67
-5.201733589172363 -0.9238771200180054 -1.1317392587661743 69 96 61
-5.0126118659973145 -0.3226795792579651 -1.1184451580047607 50 91 21
-4.704438209533691 -0.47812899947166443 -1.1003096103668213 25 64 9
-17.508352279663086 -1.171027660369873 2.606520891189575 97 161 207
-26.163488388061523 -2.712718963623047 3.644331216812134 117 166 196
-19.087575912475586 -1.2686214447021484 2.130864143371582 131 167 193
-26.130638122558594 -2.6959455013275146 2.6632473468780518 121 143 107
-26.550817489624023 -2.7308664321899414 1.7316359281539917 120 150 142
-27.8028564453125 -1.8298341035842896 1.0557783842086792 109 123 97
-28.956825256347656 -2.966588258743286 0.8222228288650513 127 148 117
-22.612045288085938 -1.4731417894363403 0.030057355761528015 126 138 114
-25.173776626586914 -2.5652575492858887 -0.20845907926559448 121 137 90
-24.403648376464844 -3.383450508117676 -0.4395047426223755 101 137 63
-21.666210174560547 -3.8103833198547363 -0.603721022605896 91 124 55
-17.469499588012695 -1.1319886445999146 -0.6168342232704163 84 133 18
-16.716306686401367 -1.696644902229309 -0.7518166303634644 78 125 23
-14.048680305480957 -1.940536379814148 -0.770804226398468 106 129 75
-13.256149291992188 -2.32464861869812 -0.8618267774581909 98 128 64
-12.424355506896973 -0.7981054186820984 -0.893734872341156 106 128 79
-11.19283676147461 -1.1289279460906982 -0.9177718162536621 112 141 93
-9.755171775817871 -1.3440064191818237 -0.8960031270980835 87 118 74
-9.747389793395996 -1.707410454750061 -0.9980249404907227 97 99 78
-8.791088104248047 -0.5610171556472778 -0.9588272571563721 80 123 67
-7.946202754974365 -0.7967040538787842 -0.9470478296279907 83 125 51
-7.534060478210449 -1.034378170967102 -0.97513347864151 85 125 55
-7.499244213104248 -1.3095651865005493 -1.051478385925293 88 100 80
-6.9858880043029785 -0.4407963156700134 -1.0220310688018799 69 94 37
-6.5077972412109375 -0.649847686290741 -1.0185494422912598 53 88 46
-6.114919662475586 -0.8370383977890015 -1.0220904350280762 58 91 48
-6.165688514709473 -1.0762478113174438 -1.1009125709533691 70 102 65
-5.838706016540527 -0.361250102519989 -1.0759742259979248 90 121 54
-5.381028652191162 -0.5343919396400452 -1.0473898649215698 71 112 56
-5.326106548309326 -0.7265052795410156 -1.0958904027938843 113 141 93
-5.196837425231934 -0.90656977891922 -1.1300636529922485 62 76 50
-5.025269508361816 -0.30801618099212646 -1.1210533380508423 94 126 76
-4.75046968460083 -0.4680871069431305 -1.1107347011566162 47 78 44
-17.72432518005371 -1.1345903873443604 3.307767391204834 92 145 199
-25.086387634277344 -2.538754940032959 4.437379837036133 92 129 173
-17.5207462310791 -1.117874026298523 2.6078431606292725 97 163 213
-27.038185119628906 -1.7137426137924194 3.017838716506958 107 143 133
-29.010648727416992 -2.903158664703369 2.955857515335083 118 153 183
-26.40019416809082 -2.6335482597351074 1.7212773561477661 97 129 114
-27.519489288330078 -2.7340469360351562 0.7811681628227234 84 103 81
-22.20824432373047 -1.378424882888794 0.029514838010072708 113 118 86
-25.02927589416504 -2.4729702472686768 -0.20719867944717407 121 128 94
-24.388153076171875 -3.305074453353882 -0.43904101848602295 87 132 41
-21.673856735229492 -3.743213653564453 -0.6036112308502197 70 118 32
-15.425060272216797 -0.9520001411437988 -0.5445410013198853 79 127 9
-16.238252639770508 -1.5978081226348877 -0.7300922274589539 117 156 50
-13.97738265991211 -1.887006163597107 -0.7665711045265198 108 139 82
-13.186507225036621 -2.2707583904266357 -0.8568421602249146 90 136 89
-12.38393497467041 -0.7573661208152771 -0.8906559944152832 97 114 70
-11.25874137878418 -1.1006929874420166 -0.9228944778442383 100 132 67
-9.775040626525879 -1.3161979913711548 -0.8974529504776001 101 141 88
-9.729049682617188 -1.6734501123428345 -0.9956167340278625 94 96 83
-8.796737670898438 -0.5342849493026733 -0.9592601656913757 106 130 80
-8.187799453735352 -0.7955623269081116 -0.9755463600158691 84 128 51
-7.453637599945068 -1.0000478029251099 -0.9643226861953735 54 104 41
-7.494439601898193 -1.2850450277328491 -1.0502469539642334 82 96 73
-6.973379611968994 -0.4185318946838379 -1.0200083255767822 87 112 57
-6.549099922180176 -0.6336854696273804 -1.0247046947479248 83 121 70
-6.155594825744629 -0.8233752250671387 -1.0284621715545654 66 95 51
-6.155370712280273 -1.0549973249435425 -1.0984872579574585 75 99 73
-5.853531837463379 -0.3441436290740967 -1.0785067081451416 84 112 61
-5.464731216430664 -0.5257786512374878 -1.0633631944656372 53 68 45
-5.089381694793701 -0.6783170104026794 -1.046749234199524 86 128 42
-5.194775104522705 -0.8897964358329773 -1.1290162801742554 77 100 71
-5.038858890533447 -0.29333487153053284 -1.123878836631775 73 99 51
-4.740249156951904 -0.4524002969264984 -1.1080151796340942 41 70 39
-17.437267303466797 -1.0625091791152954 3.2535717487335205 97 143 202
-17.514219284057617 -1.06351637840271 2.6063737869262695 103 164 211
-25.042938232421875 -2.441319704055786 3.4860966205596924 81 122 140
-19.113849639892578 -1.1526150703430176 2.132967472076416 127 155 176
-27.322734832763672 -3.6596620082855225 2.534482717514038 124 143 147
-27.294918060302734 -2.627195119857788 0.7745610475540161 107 125 99
-25.958852767944336 -1.5312857627868652 0.03449300304055214 126 131 90
-25.11438751220703 -2.4036009311676025 -0.20784124732017517 122 137 104
-23.863924026489258 -3.159503698348999 -0.42942723631858826 115 152 75
-21.452646255493164 -3.637265920639038 -0.5971370339393616 72 111 44
-17.42523765563965 -1.021793007850647 -0.6150383949279785 79 121 13
-16.23711395263672 -1.5474138259887695 -0.7298240661621094 95 136 60
-14.325630187988281 -1.8892879486083984 -0.7853487133979797 105 134 76
-13.11567497253418 -2.217151165008545 -0.8517935872077942 92 123 64
-12.336413383483887 -0.716477632522583 -0.8870759606361389 93 128 60
-11.294809341430664 -1.0692462921142578 -0.9255778193473816 88 124 60
-9.625988960266113 -1.2660731077194214 -0.8834075927734375 67 100 43
-9.698820114135742 -1.6376304626464844 -0.9920042753219604 98 105 87
-8.777493476867676 -0.5060926675796509 -0.9569877982139587 96 134 59
-8.250510215759277 -0.7761119604110718 -0.9827299118041992 93 128 64
-7.453720569610596 -0.9767890572547913 -0.9639411568641663 65 116 37
-7.488577842712402 -1.2604022026062012 -1.048878788948059 77 89 75
-7.0378570556640625 -0.400736004114151 -1.0292549133300781 77 114 34
-6.569705009460449 -0.6153408885002136 -1.0276284217834473 91 125 75
-6.349829196929932 -0.8295345902442932 -1.0604841709136963 58 81 53
-6.152751445770264 -1.0351276397705078 -1.0974478721618652 92 106 91
-5.848668575286865 -0.3258553743362427 -1.0774214267730713 95 134 67
-5.464363098144531 -0.5088285207748413 -1.0629827976226807 65 94 46
-4.958322525024414 -0.6453734636306763 -1.0193818807601929 70 108 69
-5.193623065948486 -0.873206377029419 -1.128178358078003 76 95 67
-5.043632984161377 -0.27808940410614014 -1.1247481107711792 71 100 56
-4.7988362312316895 -0.44313928484916687 -1.1213866472244263 41 78 27
-29.30794334411621 -3.8725802898406982 4.9120965003967285 104 162 212
-17.531225204467773 -1.0105754137039185 2.608430862426758 106 156 183
-19.144086837768555 -1.095502257347107 2.1359565258026123 123 167 202
-27.19878387451172 -2.544762134552002 1.7722934484481812 122 141 121
-27.846454620361328 -1.575446367263794 1.0568386316299438 126 148 112
-29.229736328125 -2.72294545173645 0.8292253613471985 109 126 108
-21.740028381347656 -1.2155038118362427 0.028882119804620743 137 141 116
-24.04329490661621 -2.226672887802124 -0.1989196389913559 120 134 101
-23.873506546020508 -3.086275339126587 -0.42942723631858826 108 148 33
-21.941946029663086 -3.6510097980499268 -0.6104421019554138 83 123 52
-17.585947036743164 -0.9770878553390503 -0.6206020712852478 76 130 18
-16.089582443237305 -1.483557939529419 -0.7229849100112915 87 136 31
-14.69283676147461 -1.8918731212615967 -0.8051574230194092 104 137 92
-12.752243995666504 -2.1154937744140625 -0.8277652263641357 109 142 61
-12.23597240447998 -0.6729846596717834 -0.8797008991241455 102 128 65
-11.304984092712402 -1.035225510597229 -0.9261469841003418 86 116 52
-9.7908353805542 -1.2572094202041626 -0.8981779217720032 82 123 63
-9.680240631103516 -1.6039637327194214 -0.9895960092544556 112 119 101
-8.73135757446289 -0.47656071186065674 -0.9517937898635864 97 141 78
-8.2538423538208 -0.7508861422538757 -0.9828476905822754 101 126 84
-7.347473621368408 -0.9399459362030029 -0.9498235583305359 81 133 59
-7.4953413009643555 -1.2379058599472046 -1.0492892265319824 89 107 69
-7.157622337341309 -0.38552871346473694 -1.046592116355896 114 135 78
-6.480044364929199 -0.5868937373161316 -1.013317346572876 79 105 57
-6.3063483238220215 -0.8041843175888062 -1.0528054237365723 82 114 47
-6.146180629730225 -1.0146421194076538 -1.0957155227661133 85 106 63
-5.891872406005859 -0.31013333797454834 -1.0851999521255493 101 130 64
-5.4903435707092285 -0.49426233768463135 -1.0677367448806763 33 72 17
-5.1595458984375 -0.655473530292511 -1.0603328943252563 57 114 45
-5.187594890594482 -0.8558359742164612 -1.1262931823730469 82 101 82
-5.042513370513916 -0.2625129818916321 -1.124313473701477 75 105 51
-4.801143169403076 -0.428501158952713 -1.1216132640838623 47 74 31
-19.617753982543945 -1.0745970010757446 3.6591238975524902 88 156 203
-17.535232543945312 -0.9568396210670471 2.6085779666900635 113 152 181
-27.518524169921875 -3.5141446590423584 2.550596237182617 121 153 176
-27.184598922729492 -2.459327220916748 1.7708691358566284 112 129 111
-28.830055236816406 -1.542377233505249 1.0939838886260986 110 129 101
-30.052425384521484 -3.8078784942626953 0.5663117170333862 125 145 110
-24.566715240478516 -1.2979538440704346 0.03263199329376221 130 135 103
-24.000215530395508 -2.1484405994415283 -0.19850775599479675 105 121 92
-23.508888244628906 -2.9658379554748535 -0.42270293831825256 98 136 49
-22.051700592041016 -3.599780797958374 -0.613185465335846 93 119 71
-16.684669494628906 -0.875674843788147 -0.58869868516922 88 134 35
-16.068185806274414 -1.4318832159042358 -0.7218226790428162 96 137 61
-14.69857120513916 -1.8467872142791748 -0.8051574230194092 124 145 102
-12.680858612060547 -2.06369686126709 -0.8227167129516602 93 122 78
-12.213077545166016 -0.6341490745544434 -0.8779109120368958 58 85 44
-11.31108570098877 -1.0008009672164917 -0.9263909459114075 105 140 82
-9.787729263305664 -1.2262990474700928 -0.8975436091423035 106 130 54
-9.66645622253418 -1.5712246894836426 -0.9876894950866699 116 123 107
-8.73178482055664 -0.4497199058532715 -0.9516855478286743 84 119 63
-8.237311363220215 -0.7239083647727966 -0.980610191822052 95 119 61
-7.359180450439453 -0.9185053706169128 -0.9509682059288025 61 102 32
-7.497148513793945 -1.2145878076553345 -1.0490155220031738 88 123 83
-7.146912574768066 -0.36296534538269043 -1.0448583364486694 81 116 48
-6.504453659057617 -0.5689908862113953 -1.0168566703796387 70 102 55
-6.007248401641846 -0.7473207116127014 -1.0024850368499756 77 105 67
-6.157042503356934 -0.9970406293869019 -1.0971013307571411 74 93 61
-5.878061771392822 -0.2913256287574768 -1.0824865102767944 82 115 62
-5.498680591583252 -0.47801104187965393 -1.0690678358078003 80 111 54
-5.215015411376953 -0.6462689638137817 -1.071319818496704 70 95 66
-5.182474136352539 -0.8386669754981995 -1.124617576599121 88 120 83
-5.046219348907471 -0.24718478322029114 -1.1249654293060303 73 105 40
-4.789820194244385 -0.41268256306648254 -1.1186670064926147 81 125 30
-19.62194061279297 -1.0144562721252441 3.659306764602661 87 141 188
-19.28853416442871 -0.9931685924530029 2.868936061859131 107 159 196
-27.225236892700195 -2.401322364807129 3.7866458892822266 106 150 185
-26.090620040893555 -2.2879390716552734 2.6552789211273193 120 160 186
-27.07868766784668 -2.3660125732421875 1.7634886503219604 108 121 112
-25.12708854675293 -2.1853272914886475 0.7124425172805786 115 138 112
-24.630508422851562 -1.2255598306655884 0.03271158039569855 133 143 106
-24.039567947387695 -2.0776402950286865 -0.19877959787845612 103 119 72
-23.452381134033203 -2.885641098022461 -0.4215257465839386 104 142 57
-22.109031677246094 -3.539536952972412 -0.6144747734069824 92 115 71
-15.223971366882324 -0.7521840333938599 -0.5370757579803467 93 146 32
-15.820686340332031 -1.3609182834625244 -0.7105134725570679 90 128 41
-14.682364463806152 -1.799012303352356 -0.8039634823799133 97 120 74
-12.813272476196289 -2.0449142456054688 -0.8308966159820557 87 108 65
-12.135266304016113 -0.5927837491035461 -0.8721827268600464 98 128 92
-11.289276123046875 -0.9639744758605957 -0.9243581295013428 95 119 67
-9.74498462677002 -1.1905885934829712 -0.8932846784591675 94 150 75
-9.548412322998047 -1.5219842195510864 -0.9751464128494263 139 149 122
-8.771849632263184 -0.4248044788837433 -0.9559057354927063 101 123 87
-8.16825008392334 -0.692592442035675 -0.9721311926841736 115 132 87
-7.356056213378906 -0.895204484462738 -0.9502050876617432 100 130 66
-7.471489906311035 -1.1869187355041504 -1.0449109077453613 84 109 79
-7.0965962409973145 -0.3385850787162781 -1.0373455286026 122 154 89
-6.538660526275635 -0.5517746806144714 -1.0219347476959229 64 89 50
-6.303328990936279 -0.7645238041877747 -1.0514984130859375 70 99 35
-6.167853832244873 -0.9793819785118103 -1.0984872579574585 82 103 72
-5.858296871185303 -0.2723315358161926 -1.0786876678466797 48 76 28
-5.517730712890625 -0.4626155197620392 -1.0724906921386719 60 109 18
-5.214054584503174 -0.6299139261245728 -1.0707205533981323 90 128 91
-5.176331043243408 -0.8213841915130615 -1.1227322816848755 97 116 71
-5.045003890991211 -0.23161251842975616 -1.1245307922363281 77 102 60
-4.760973930358887 -0.39548614621162415 -1.11164128780365 85 116 56
-19.622997283935547 -0.9541568160057068 3.6589407920837402 106 156 193
-17.77887725830078 -0.8607551455497742 2.6439876556396484 113 169 194
-26.938358306884766 -2.292752504348755 3.7457492351531982 110 155 176
-29.587032318115234 -3.611751079559326 3.84000301361084 104 156 193
-26.177818298339844 -2.214677095413208 2.6634490489959717 118 160 182
-27.02058982849121 -3.2821877002716064 2.502530574798584 134 172 193
-29.058259963989258 -1.387523889541626 2.167478084564209 118 140 137
-27.323986053466797 -3.3050081729888916 1.5185446739196777 115 133 119
-28.847957611083984 -1.3658756017684937 1.0943245887756348 67 96 76
-21.699350357055664 -1.012984275817871 0.028814472258090973 133 147 124
-23.850513458251953 -1.9876012802124023 -0.19716498255729675 129 138 95
-23.029287338256836 -2.7618868350982666 -0.4137669503688812 81 127 39
-22.102012634277344 -3.4689009189605713 -0.6139810085296631 91 118 75
-16.712688446044922 -0.7743470072746277 -0.589508593082428 105 149 64
-15.794919967651367 -1.309897780418396 -0.7091724276542664 107 144 67
-14.507365226745605 -1.7324104309082031 -0.7940862774848938 88 109 78
-12.68736743927002 -1.9849241971969604 -0.8223332762718201 90 111 68
-12.1001615524292 -0.553862988948822 -0.8695334792137146 74 112 37
-11.28324031829834 -0.9285991191864014 -0.9236263036727905 104 131 78
-9.815835952758789 -1.1686921119689941 -0.8994464874267578 78 132 44
-9.44195556640625 -1.4753261804580688 -0.9638075232505798 91 137 88
-8.811842918395996 -0.39964738488197327 -0.960125744342804 112 134 85
-8.280198097229004 -0.6765052080154419 -0.9852029085159302 83 110 57
-7.408017158508301 -0.8784723281860352 -0.9565643668174744 34 78 29
-7.413431644439697 -1.1543887853622437 -1.0362911224365234 87 112 82
-7.162844181060791 -0.31972363591194153 -1.046881079673767 95 135 65
-6.58267068862915 -0.5351545810699463 -1.0285518169403076 74 99 57
-6.170439720153809 -0.7292037606239319 -1.0289522409439087 84 110 49
-6.168883323669434 -0.960151731967926 -1.098140835762024 81 124 71
-5.844366073608398 -0.25371742248535156 -1.0759742259979248 48 85 44
-5.534780979156494 -0.4469495117664337 -1.075533151626587 54 87 32
-5.242237091064453 -0.6170068979263306 -1.0761140584945679 64 97 44
-5.169164657592773 -0.8039968013763428 -1.1206376552581787 87 108 77
-5.052516937255859 -0.21642598509788513 -1.1260521411895752 102 119 83
-4.745659351348877 -0.379557728767395 -1.1077884435653687 80 98 58
-18.243066787719727 -0.8309652805328369 3.4011449813842773 96 149 189
-25.86628532409668 -3.0953574180603027 4.328571796417236 82 111 155
-17.7764949798584 -0.8059822916984558 2.6432530879974365 108 152 177
-26.557714462280273 -3.1592941284179688 3.445563554763794 105 161 198
-29.263322830200195 -1.3145097494125366 3.2629411220550537 114 152 153
-26.187990188598633 -3.099552869796753 2.4245266914367676 131 170 177
-18.467342376708984 -0.8250324130058289 1.37729811668396 114 131 125
-24.808401107788086 -1.0818567276000977 0.032938402146101 111 124 96
-23.638208389282227 -1.8969024419784546 -0.19536088407039642 119 127 88
-22.755615234375 -2.658273696899414 -0.40870144963264465 96 137 45
-22.465269088745117 -3.455327272415161 -0.6237746477127075 101 133 92
-17.169279098510742 -0.7427217364311218 -0.6055307388305664 94 136 38
-15.601689338684082 -1.2456903457641602 -0.7003217339515686 97 129 30
-14.525505065917969 -1.6893938779830933 -0.7947917580604553 99 114 95
-12.456653594970703 -1.9096959829330444 -0.8069959878921509 90 143 29
-11.931397438049316 -0.5094614028930664 -0.8572895526885986 83 117 67
-11.344656944274902 -0.898621678352356 -0.9284237027168274 95 125 65
-9.83718204498291 -1.140636682510376 -0.9010775685310364 97 137 64
-9.293012619018555 -1.4228607416152954 -0.9481537938117981 83 125 75
-9.02657413482666 -0.38163983821868896 -0.9833903908729553 123 133 99
-8.291144371032715 -0.6517991423606873 -0.9862627387046814 114 157 88
-7.434325695037842 -0.8584714531898499 -0.9596168398857117 88 123 65
-7.413021087646484 -1.1310415267944336 -1.0357438325881958 79 104 64
-7.1697235107421875 -0.29799339175224304 -1.0477479696273804 97 124 69
-6.73007345199585 -0.5263590812683105 -1.0513263940811157 67 96 42
-6.191269874572754 -0.7124124765396118 -1.032056450843811 68 88 61
-6.155248641967773 -0.9386972188949585 -1.0951958894729614 100 128 77
-5.842168807983398 -0.23566703498363495 -1.0754314661026 83 105 59
-5.541999340057373 -0.4304230809211731 -1.0766741037368774 67 99 24
-5.271363258361816 -0.604044497013092 -1.08170747756958 53 88 22
-5.157106876373291 -0.78592449426651 -1.1174956560134888 90 121 80
-5.048280715942383 -0.20073014497756958 -1.1249654293060303 72 87 44
-4.764281749725342 -0.3663405776023865 -1.111867904663086 84 113 55
-18.531352996826172 -0.7871330380439758 3.45442533493042 94 154 208
-19.33836555480957 -0.8173539042472839 2.8751070499420166 99 132 149
-26.747575759887695 -3.0986883640289307 3.4689464569091797 95 141 175
-26.675186157226562 -3.07426118850708 2.46874737739563 90 122 107
-24.991849899291992 -1.0296497344970703 0.947788655757904 59 85 48
-26.160675048828125 -2.0328054428100586 0.7411864995956421 101 122 113
-24.065217971801758 -0.9754857420921326 0.0319475457072258 106 120 107
-23.568145751953125 -1.818525791168213 -0.19473481178283691 113 128 89
-22.83320426940918 -2.596355438232422 -0.40994998812675476 89 124 44
-22.244462966918945 -3.351538896560669 -0.6173552870750427 94 131 77
-16.770050048828125 -0.6739121079444885 -0.591374933719635 75 119 6
-15.620379447937012 -1.1989660263061523 -0.7009922862052917 88 138 13
-14.529627799987793 -1.6447100639343262 -0.7947375178337097 106 117 100
-12.596671104431152 -1.8916257619857788 -0.8156871199607849 76 112 40
-11.864134788513184 -0.4701289236545563 -0.8523489832878113 115 152 47
-11.401025772094727 -0.8678978085517883 -0.9328145384788513 103 114 74
-9.900012016296387 -1.1171516180038452 -0.9065145254135132 87 113 52
-9.257975578308105 -1.3884408473968506 -0.9441400170326233 104 147 58
-9.028696060180664 -0.3539838492870331 -0.9834986329078674 105 111 75
-8.28122329711914 -0.6254618167877197 -0.9848496913909912 82 117 37
-7.457623481750488 -0.837985098361969 -0.9622877240180969 80 117 39
-7.396862030029297 -1.10536527633667 -1.0330073833465576 79 108 64
-7.1557722091674805 -0.2754247188568115 -1.0455807447433472 110 140 90
-6.81934928894043 -0.5122968554496765 -1.0650219917297363 54 100 35
-6.239506721496582 -0.6985737681388855 -1.039735198020935 77 109 46
-6.134721279144287 -0.9163169264793396 -1.0910381078720093 59 89 19
-5.85072660446167 -0.21803541481494904 -1.0768786668777466 101 130 86
-5.54818868637085 -0.4137835204601288 -1.0776249170303345 89 114 49
-5.249819755554199 -0.5852637887001038 -1.0769131183624268 52 91 34
-5.1710991859436035 -0.771831214427948 -1.120009183883667 78 125 55
-5.063504695892334 -0.18577814102172852 -1.1282256841659546 63 83 55
-4.803265571594238 -0.35451823472976685 -1.1207066774368286 75 116 48
-20.445791244506836 -2.3307461738586426 4.202769756317139 82 146 207
-18.355878829956055 -0.723270058631897 3.421285390853882 96 126 154
-26.05338478088379 -2.9557130336761475 4.356764793395996 98 157 199
-19.237001419067383 -0.7539533376693726 2.8596794605255127 104 132 136
-26.26319122314453 -2.9609456062316895 3.4049313068389893 37 90 121
-18.61479949951172 -0.721758246421814 2.075068473815918 103 158 189
-18.175064086914062 -1.3692816495895386 1.847852349281311 120 164 191
-27.08626937866211 -3.037463903427124 2.505918025970459 95 131 105
-29.1445369720459 -1.1228995323181152 2.17305064201355 128 157 139
-31.382661819458008 -1.1965152025222778 1.1900084018707275 99 122 106
-24.318666458129883 -1.8146313428878784 0.6888375282287598 128 134 106
-27.126182556152344 -3.015096664428711 0.5102375745773315 117 133 104
-23.489843368530273 -1.7400060892105103 -0.19404281675815582 105 115 81
-22.964290618896484 -2.539921522140503 -0.4121616780757904 85 137 63
-22.596805572509766 -3.3337583541870117 -0.6268470883369446 106 134 85
-16.694141387939453 -0.6195681095123291 -0.5886282920837402 92 135 43
-15.278267860412598 -1.1255683898925781 -0.6854812502861023 105 141 45
-14.761895179748535 -1.6251485347747803 -0.8071654438972473 88 106 82
-12.708060264587402 -1.8685041666030884 -0.8225249648094177 96 127 70
-11.742918968200684 -0.4292464852333069 -0.8435419201850891 91 129 72
-11.47321891784668 -0.8379982113838196 -0.9385064840316772 102 123 92
-9.912302017211914 -1.0877511501312256 -0.9073300361633301 92 136 47
-9.22872257232666 -1.355116605758667 -0.9407283067703247 78 130 55
-9.020798683166504 -0.3259594738483429 -0.9825248122215271 100 127 72
-8.27815055847168 -0.5996936559677124 -0.9842608571052551 66 103 49
-7.454243183135986 -0.8144550919532776 -0.9615246057510376 63 95 45
-7.301222324371338 -1.0681835412979126 -1.019188404083252 80 119 64
-7.197127819061279 -0.2549057900905609 -1.051504373550415 83 120 51
-6.785409450531006 -0.4888170659542084 -1.0594820976257324 61 93 28
-6.229851245880127 -0.6781467795372009 -1.037774682044983 99 130 86
-6.021536350250244 -0.8805335164070129 -1.0704231262207031 93 119 80
-5.897565841674805 -0.20166432857513428 -1.0853809118270874 75 108 51
-5.546494007110596 -0.39654991030693054 -1.0770543813705444 64 101 50
-5.228210926055908 -0.5666210055351257 -1.072118878364563 66 97 53
-4.950908184051514 -0.7234452962875366 -1.071832299232483 67 96 48
-5.089415073394775 -0.1710953414440155 -1.1338765621185303 93 100 82
-4.8150177001953125 -0.3405362069606781 -1.123199701309204 63 90 45
-20.436290740966797 -2.2661726474761963 4.199368000030518 88 147 203
-20.69034194946289 -0.7516857981681824 3.855949640274048 95 127 142
-25.976043701171875 -2.8662474155426025 4.342340469360352 105 149 174
-19.227359771728516 -0.6945030093193054 2.8579163551330566 83 127 136
-26.652706146240234 -2.922079563140869 3.454252004623413 102 140 187
-16.873823165893555 -0.6024147272109985 1.8807798624038696 104 145 167
-18.160324096679688 -1.3121525049209595 1.8459358215332031 116 154 163
-29.102001190185547 -1.0318546295166016 2.169632911682129 132 163 168
-27.31484031677246 -2.9642813205718994 1.5159004926681519 104 117 87
-27.273475646972656 -2.946789264678955 0.5128356218338013 116 130 97
-24.802316665649414 -0.8529649376869202 0.03291850909590721 144 154 127
-23.36639976501465 -1.6587975025177002 -0.19298014044761658 145 152 136
-22.945133209228516 -2.4665706157684326 -0.41168010234832764 86 127 49
-22.43082046508789 -3.2389872074127197 -0.6219640374183655 98 131 78
-16.80083656311035 -0.5719183087348938 -0.5923256874084473 81 129 19
-15.04248332977295 -1.0618079900741577 -0.6747530698776245 100 142 58
-14.921696662902832 -1.5964226722717285 -0.815631628036499 106 120 97
-12.682124137878418 -1.8249590396881104 -0.8204800486564636 89 118 64
-11.726237297058105 -0.3926169276237488 -0.8422531485557556 93 138 55
-11.471757888793945 -0.8025166988372803 -0.9381811618804932 102 113 99
-10.172072410583496 -1.08468496799469 -0.9307993650436401 107 137 85
-9.232836723327637 -1.3267968893051147 -0.9407283067703247 79 115 69
-8.991948127746582 -0.2972969710826874 -0.9792785048484802 109 131 85
-8.27598762512207 -0.5740189552307129 -0.9837897419929504 74 122 38
-7.587889194488525 -0.8055079579353333 -0.9784403443336487 78 114 24
-7.230920314788818 -1.0352493524551392 -1.0089267492294312 88 119 59
-7.187985897064209 -0.2325042188167572 -1.0500595569610596 95 129 79
-6.761247634887695 -0.4662301242351532 -1.055481195449829 71 115 66
-6.233864784240723 -0.6592381596565247 -1.0381014347076416 74 114 61
-5.933539390563965 -0.8490808010101318 -1.0543122291564941 58 98 61
-5.907987117767334 -0.18387584388256073 -1.087189793586731 91 112 69
-5.541808605194092 -0.3791296184062958 -1.0759135484695435 102 120 58
-5.247465133666992 -0.552424967288971 -1.0757145881652832 72 96 46
-4.95504093170166 -0.7085295915603638 -1.072251319885254 103 125 63
-5.074305534362793 -0.15500357747077942 -1.1303989887237549 65 91 46
-4.82187032699585 -0.32615673542022705 -1.1245595216751099 114 137 108
-20.182079315185547 -2.1753251552581787 4.145740509033203 85 143 206
-16.204252243041992 -0.5389306545257568 3.019578218460083 81 108 135
-17.568012237548828 -1.2349071502685547 3.099336624145508 92 154 203
-19.229400634765625 -0.635511040687561 2.8579163551330566 87 123 109
-26.96826171875 -2.872971534729004 3.493989944458008 106 152 124
-16.87956428527832 -0.5507733821868896 1.8812226057052612 99 127 115
-18.17915153503418 -1.2574610710144043 1.847448706626892 123 160 179
-29.414011001586914 -0.9525724649429321 2.1926658153533936 108 138 102
-26.982221603393555 -2.844456911087036 1.4969496726989746 97 107 82
-28.981595993041992 -1.9838343858718872 0.8205569386482239 113 128 105
-27.068599700927734 -2.8406660556793213 0.5088170170783997 98 104 78
-24.5229549407959 -0.7680408358573914 0.03254444897174835 125 126 92
-23.345439910888672 -1.585341215133667 -0.1927659511566162 109 118 91
-22.93170928955078 -2.393984317779541 -0.4113055467605591 100 147 41
-22.29317283630371 -3.1493208408355713 -0.6178764700889587 94 131 64
-16.55678367614746 -0.5127611756324768 -0.5836631655693054 86 134 34
-15.041683197021484 -1.0153841972351074 -0.6745743155479431 102 134 61
-15.176806449890137 -1.576636552810669 -0.8293078541755676 105 110 90
-12.613547325134277 -1.775609016418457 -0.8156871199607849 105 150 59
-11.669562339782715 -0.35488101840019226 -0.838100254535675 74 120 58
-11.472177505493164 -0.7671850919723511 -0.9380185604095459 119 146 105
-10.205069541931152 -1.056549072265625 -0.9335177540779114 101 132 73
-9.063456535339355 -1.2740882635116577 -0.9230676889419556 99 130 62
-8.963007926940918 -0.2688145935535431 -0.9760323166847229 118 137 91
-8.27275562286377 -0.5482975244522095 -0.9832009077072144 105 138 69
-7.720562934875488 -0.795646607875824 -0.9952288269996643 161 189 87
-7.231119155883789 -1.012648105621338 -1.0085161924362183 47 86 19
-7.152069568634033 -0.20937933027744293 -1.0447139739990234 89 121 71
-6.753773212432861 -0.44490018486976624 -1.0540963411331177 90 112 65
-6.291798114776611 -0.6458520889282227 -1.047413945198059 58 88 26
-5.999515533447266 -0.83974689245224 -1.0655725002288818 73 102 54
-5.929168701171875 -0.16632868349552155 -1.0909886360168457 96 136 86
-5.585070610046387 -0.3648779094219208 -1.0840903520584106 102 147 88
-5.129238605499268 -0.52407306432724 -1.0511438846588135 79 112 65
-5.040472507476807 -0.7049723267555237 -1.0902652740478516 95 144 63
-5.1098833084106445 -0.1404002457857132 -1.13822340965271 72 86 60
-4.821876525878906 -0.3112991452217102 -1.1243329048156738 76 90 55
-16.218605041503906 -0.4895998239517212 3.021958589553833 89 119 117
-19.76007652282715 -1.328084111213684 3.4853241443634033 90 143 197
-18.974197387695312 -0.5688068866729736 2.8197147846221924 116 154 165
-29.244020462036133 -3.024703025817871 3.7876155376434326 112 144 157
-16.875215530395508 -0.4988088309764862 1.8805586099624634 116 148 147
-18.17399024963379 -1.2010918855667114 1.8465410470962524 126 161 191
-28.989229202270508 -2.9809646606445312 2.679320812225342 132 156 160
-20.56464385986328 -0.5945720076560974 0.7795562744140625 105 128 110
-29.1998348236084 -2.973782777786255 0.5487043857574463 124 133 112
-24.453224182128906 -0.6907687187194824 0.032448943704366684 118 130 110
-23.385120391845703 -1.515974998474121 -0.19305428862571716 127 130 99
-22.947898864746094 -2.324526309967041 -0.4114660620689392 96 130 46
-22.0462646484375 -3.045483350753784 -0.6107713580131531 93 137 62
-16.495342254638672 -0.46020740270614624 -0.5814447402954102 91 129 30
-15.07762622833252 -0.9713516235351562 -0.6760494112968445 77 126 37
-15.177597999572754 -1.529666781425476 -0.8290907144546509 111 122 92
-12.620912551879883 -1.7371749877929688 -0.8158149123191833 82 113 45
-11.649658203125 -0.3185051679611206 -0.8365966081619263 70 102 19
-11.460551261901855 -0.7310969829559326 -0.9368801712989807 104 127 83
-10.307353973388672 -1.0351872444152832 -0.9425793290138245 108 141 72
-9.25460433959961 -1.2720171213150024 -0.9421331882476807 108 144 70
-8.859443664550781 -0.23850610852241516 -0.9646704792976379 88 119 78
-8.2714262008667 -0.5227266550064087 -0.9828476905822754 98 129 70
-7.764420509338379 -0.7760999798774719 -1.0005706548690796 84 130 42
-7.199841499328613 -0.9857555627822876 -1.0037274360656738 29 74 33
-7.158613204956055 -0.18759164214134216 -1.0455807447433472 99 118 90
-6.756092071533203 -0.42423972487449646 -1.0542501211166382 89 130 72
-6.182816505432129 -0.6155025959014893 -1.0289522409439087 72 107 27
-5.946443557739258 -0.8137255311012268 -1.055698037147522 70 91 52
-5.9689788818359375 -0.14911997318267822 -1.0982245206832886 65 81 32
-5.601841926574707 -0.3487173914909363 -1.0871329307556152 91 126 60
-5.2995100021362305 -0.5250470042228699 -1.085702657699585 46 101 34
-5.030986309051514 -0.6879154443740845 -1.0877516269683838 81 117 56
-5.119072437286377 -0.1249370127916336 -1.1401793956756592 68 96 35
-4.821836471557617 -0.2964445948600769 -1.1241061687469482 84 101 56
-16.178754806518555 -0.4387202858924866 3.014268636703491 79 100 81
-19.79059600830078 -1.2691566944122314 3.490003824234009 97 147 196
-25.536102294921875 -2.580045223236084 4.264646530151367 100 135 163
-27.106782913208008 -3.7350096702575684 4.276108264923096 111 157 190
-17.42345428466797 -0.46882104873657227 2.589036226272583 102 137 133
-17.53186798095703 -1.1135528087615967 2.4338998794555664 107 166 208
-25.142934799194336 -2.522590398788452 3.2554352283477783 125 155 165
-16.82500457763672 -0.4456656277179718 1.8748018741607666 94 136 114
-18.195463180541992 -1.1464552879333496 1.8483566045761108 115 153 176
-29.160110473632812 -0.7652713656425476 2.1733479499816895 130 156 145
-20.563373565673828 -0.5314003229141235 0.7794426679611206 120 129 108
-28.806657791137695 -1.7943483591079712 0.8152768611907959 110 129 97
-29.015792846679688 -2.8651247024536133 0.5450782775878906 111 123 99
-24.780126571655273 -0.6239244341850281 0.032880041748285294 102 111 92
-23.751956939697266 -1.466593861579895 -0.19604460895061493 103 116 88
-22.971837997436523 -2.2557733058929443 -0.4117692708969116 90 124 29
-21.755340576171875 -2.937305212020874 -0.6024590730667114 94 135 57
-16.66551971435547 -0.4137904644012451 -0.5873958468437195 82 137 33
-14.968857765197754 -0.9182388782501221 -0.6710429787635803 94 150 17
-15.129548072814941 -1.477950096130371 -0.8262144327163696 89 121 38
-12.643985748291016 -1.7008411884307861 -0.8169652223587036 82 118 48
-11.534912109375 -0.2799557149410248 -0.8282907605171204 85 119 42
-11.476668357849121 -0.6967786550521851 -0.9380185604095459 104 128 96
-10.35211181640625 -1.007611870765686 -0.9463851451873779 113 147 87
-9.222963333129883 -1.2388499975204468 -0.9385207891464233 105 147 73
-8.795534133911133 -0.20978382229804993 -0.9576370120048523 107 140 85
-8.27199935913086 -0.49728816747665405 -0.9827299118041992 99 132 61
-7.78157377243042 -0.7537097334861755 -1.0024784803390503 89 122 67
-7.142939567565918 -0.9556491374969482 -0.9953812956809998 75 101 56
-7.146295070648193 -0.1653309166431427 -1.0437026023864746 85 86 72
-6.792870044708252 -0.4056306779384613 -1.059790015220642 93 123 69
-6.211190223693848 -0.5990884900093079 -1.0333634614944458 69 96 55
-5.967459678649902 -0.7979584336280823 -1.0589895248413086 97 119 83
-6.009722709655762 -0.1316900998353958 -1.10564124584198 48 84 38
-5.612685680389404 -0.3321094214916229 -1.0890344381332397 88 115 62
-5.349863529205322 -0.513466477394104 -1.0956907272338867 74 112 63
-5.060210704803467 -0.6761032342910767 -1.0936166048049927 111 138 83
-5.121383190155029 -0.10927297919988632 -1.1406141519546509 48 69 38
-4.854809761047363 -0.28352388739585876 -1.1315851211547852 80 101 62
-19.803422927856445 -1.950303316116333 4.064098358154297 83 145 206
-16.156436920166016 -0.38851529359817505 3.0098743438720703 59 72 28
-17.305349349975586 -1.0564794540405273 3.0511534214019775 91 151 203
-26.25863265991211 -2.571688413619995 4.383974075317383 90 141 194
-17.45546531677246 -0.41609516739845276 2.5935909748077393 80 121 139
-26.66286849975586 -2.5924863815307617 3.451185703277588 118 172 208
-16.81138801574707 -0.3936960697174072 1.8731411695480347 125 144 138
-18.19194221496582 -1.0902104377746582 1.8476505279541016 117 160 166
-20.56191062927246 -0.46824198961257935 0.7793290615081787 98 117 98
-27.803197860717773 -1.6462293863296509 0.7867305874824524 104 123 95
-27.20805549621582 -2.602360486984253 0.5109664797782898 118 131 105
-24.48099708557129 -0.5412440299987793 0.03248078003525734 111 130 102
-22.019392013549805 -1.2918148040771484 -0.18171073496341705 127 132 110
-22.139572143554688 -2.1054890155792236 -0.39673328399658203 84 138 40
-21.457027435302734 -2.830026626586914 -0.5939548015594482 89 139 66
-16.64173126220703 -0.36211588978767395 -0.5865154266357422 83 127 16
-15.04141616821289 -0.8763782978057861 -0.6741719841957092 95 144 53
-15.049513816833496 -1.4235337972640991 -0.821601390838623 106 130 72
-12.640239715576172 -1.6608718633651733 -0.8163900971412659 111 148 78
-11.526741981506348 -0.24437551200389862 -0.8276463747024536 96 141 60
-11.413080215454102 -0.6577805280685425 -0.932651937007904 100 130 78
-10.374984741210938 -0.9777160882949829 -0.9481974840164185 109 135 72
-9.201071739196777 -1.2071833610534668 -0.9359118342399597 88 135 83
-8.694757461547852 -0.1806916743516922 -0.9465998411178589 105 144 91
-8.263571739196777 -0.47134217619895935 -0.981552243232727 94 139 48
-7.7957000732421875 -0.7309437990188599 -1.004004716873169 91 129 68
-7.1340508460998535 -0.9321902394294739 -0.9937394261360168 73 102 46
-7.165565490722656 -0.14378279447555542 -1.0464476346969604 95 114 82
-6.831569671630859 -0.38691163063049316 -1.065637469291687 56 83 38
-6.189423561096191 -0.5778290629386902 -1.0294424295425415 82 118 54
-5.911284923553467 -0.771994411945343 -1.0485954284667969 71 92 59
-6.005181312561035 -0.11315926909446716 -1.1047368049621582 104 139 83
-5.619559288024902 -0.3152182996273041 -1.0901753902435303 107 128 53
-5.371901988983154 -0.4989539384841919 -1.0998857021331787 62 89 34
-4.669574737548828 -0.609333872795105 -1.0087833404541016 78 122 45
-5.100224018096924 -0.09316807240247726 -1.1358325481414795 55 79 47
-4.842041969299316 -0.26787498593330383 -1.1284122467041016 64 76 54
-19.79273223876953 -1.8879565000534058 4.060696601867676 84 146 207
-16.203746795654297 -0.3399152457714081 3.018479585647583 83 101 53
-17.80011749267578 -1.0318810939788818 3.1378140449523926 91 155 203
-18.835233688354492 -0.3911708891391754 2.798410177230835 99 161 208
-31.540388107299805 -1.8090800046920776 4.377039909362793 105 167 192
-26.97186279296875 -2.5390243530273438 3.490156650543213 117 169 209
-26.665393829345703 -3.4900901317596436 3.203918695449829 105 169 204
-16.908899307250977 -0.344078928232193 1.8838796615600586 93 141 161
-18.405780792236328 -1.0463645458221436 1.869033932685852 120 155 177
-28.939851760864258 -1.6361031532287598 1.8805408477783203 109 126 110
-27.223873138427734 -2.5325512886047363 1.5085184574127197 118 133 112
-31.886926651000977 -0.6282665729522705 1.2084863185882568 114 127 109
-27.30352210998535 -2.5269834995269775 0.5126113295555115 111 130 100
-20.663238525390625 -0.3934172987937927 0.027413740754127502 99 106 75
-24.1279296875 -1.3412514925003052 -0.19907614588737488 118 124 96
-22.535219192504883 -2.0733730792999268 -0.40370726585388184 93 130 52
-21.279218673706055 -2.7401821613311768 -0.588797390460968 109 153 56
-16.681734085083008 -0.3117864429950714 -0.5878888368606567 79 129 18
-14.9203462600708 -0.8234018683433533 -0.6686291694641113 100 144 33
-14.82411003112793 -1.3563392162322998 -0.8090649247169495 111 143 70
-12.472052574157715 -1.5998640060424805 -0.8052066564559937 102 144 68
-11.518461227416992 -0.20884807407855988 -0.8270019292831421 90 126 30
-11.423006057739258 -0.6231969594955444 -0.9333024621009827 110 139 81
-10.405704498291016 -0.9484125375747681 -0.9507347345352173 107 132 66
-9.057684898376465 -1.160115361213684 -0.9209604859352112 61 108 38
-8.68930721282959 -0.1539100557565689 -0.9459506273269653 114 132 90
-8.26101303100586 -0.4457736611366272 -0.9810811877250671 83 119 73
-7.857175350189209 -0.7123973965644836 -1.0116357803344727 98 137 74
-7.12115478515625 -0.9082934856414795 -0.9915502667427063 57 98 64
-7.174877166748047 -0.12194980680942535 -1.0477479696273804 99 104 82
-6.846538066864014 -0.36669066548347473 -1.0677918195724487 68 86 44
-6.17642879486084 -0.5575071573257446 -1.0269917249679565 82 108 63
-5.897993564605713 -0.7518625259399414 -1.045823574066162 90 122 83
-5.990749835968018 -0.09450241178274155 -1.1020233631134033 104 107 80
-5.631284236907959 -0.29854798316955566 -1.0922671556472778 78 110 47
-5.366576194763184 -0.48185741901397705 -1.098487377166748 87 117 67
-4.868327617645264 -0.6200850009918213 -1.0513046979904175 75 112 60
-5.0516862869262695 -0.07677868753671646 -1.1249654293060303 54 78 54
-4.883692741394043 -0.2551528811454773 -1.137930989265442 84 114 64
-19.70281982421875 -1.818400263786316 4.041086673736572 85 145 205
-16.317752838134766 -0.2922256290912628 3.0395355224609375 78 93 54
-17.909406661987305 -0.9830963015556335 3.1565332412719727 90 145 202
-28.807903289794922 -3.6995608806610107 4.5388970375061035 107 152 194
-18.820520401000977 -0.3331032991409302 2.7960591316223145 99 125 142
-26.793834686279297 -2.4393582344055176 3.466135263442993 129 169 194
-26.18053436279297 -3.3449654579162598 3.144413709640503 96 147 176
-16.911865234375 -0.2922359108924866 1.884101152420044 123 171 193
-18.371152877807617 -0.9878614544868469 1.8652009963989258 114 142 143
-26.586105346679688 -2.3909740447998047 1.472765326499939 108 128 100
-31.825756072998047 -0.5293888449668884 1.2061008214950562 125 140 119
-25.153141021728516 -2.250154495239258 0.47210708260536194 141 156 123
-20.679346084594727 -0.3302610516548157 0.027433637529611588 109 119 94
-23.71651840209961 -1.2454075813293457 -0.19564920663833618 148 157 126
-22.77750587463379 -2.025212526321411 -0.4079344570636749 92 134 60
-21.007831573486328 -2.639740467071533 -0.5810612440109253 88 135 57
-16.89045524597168 -0.26385295391082764 -0.5952131748199463 85 125 39
-14.480844497680664 -0.7545926570892334 -0.6488268375396729 117 155 68
-14.726747512817383 -1.3018842935562134 -0.8035293221473694 100 129 75
-12.623456001281738 -1.5799351930618286 -0.8146646022796631 122 158 97
-11.455220222473145 -0.17254751920700073 -0.8224194645881653 75 127 42
-11.422873497009277 -0.5880462527275085 -0.9331398606300354 99 130 86
-10.432374954223633 -0.9185802340507507 -0.9529094696044922 124 155 95
-9.029608726501465 -1.128373384475708 -0.9177495241165161 80 111 51
-8.60127067565918 -0.12595540285110474 -0.9363201856613159 95 124 70
-8.267300605773926 -0.4206794798374176 -0.9816700220108032 83 112 66
-7.853395462036133 -0.68776935338974 -1.010872721672058 90 126 54
-7.126856803894043 -0.8868088126182556 -0.9919607639312744 73 102 56
-7.184122085571289 -0.10006104409694672 -1.0490481853485107 105 113 102
-6.892038345336914 -0.3479258716106415 -1.074716567993164 59 74 43
-6.366814613342285 -0.5550051331520081 -1.05836021900177 84 117 62
-5.887566566467285 -0.732184112071991 -1.0435715913772583 61 99 52
-5.975276470184326 -0.07592267543077469 -1.0991289615631104 98 124 76
-5.6586480140686035 -0.28259214758872986 -1.0974013805389404 73 100 59
-5.378767490386963 -0.4663217067718506 -1.1006847620010376 81 109 48
-4.936191558837891 -0.6133451461791992 -1.0655484199523926 65 105 32
-5.041162014007568 -0.06114973872900009 -1.1225746870040894 58 73 52
-4.8941802978515625 -0.24064704775810242 -1.1401972770690918 78 123 54
-16.392295837402344 -0.2432561069726944 3.053267478942871 68 97 53
-17.877912521362305 -0.9263625741004944 3.1504666805267334 90 140 193
-18.511884689331055 -0.2708321213722229 2.750070571899414 84 126 164
-16.850074768066406 -0.23945994675159454 1.877126693725586 128 165 171
-18.28367805480957 -0.9269109964370728 1.8560223579406738 125 164 181
-27.576154708862305 -3.418266773223877 2.2850124835968018 123 148 152
-29.04103660583496 -1.4631202220916748 1.886497139930725 114 137 119
-32.01907730102539 -0.43434879183769226 1.2133709192276 98 116 92
-25.340253829956055 -1.2664726972579956 0.7166779041290283 92 110 84
-25.07625389099121 -2.1657485961914062 0.4705370366573334 104 122 96
-20.68126106262207 -0.2668290436267853 0.02743496373295784 117 130 102
-23.707244873046875 -1.1719985008239746 -0.195542111992836 127 133 99
-22.549510955810547 -1.9352316856384277 -0.4037429392337799 107 143 55
-20.958282470703125 -2.5682249069213867 -0.5794700980186462 86 127 69
-17.046077728271484 -0.21397684514522552 -0.6006712913513184 84 132 33
-14.857266426086426 -0.7285098433494568 -0.6655895113945007 83 121 8
-14.706794738769531 -1.2546601295471191 -0.8022268414497375 88 124 62
-12.627253532409668 -1.5410786867141724 -0.8146007061004639 108 134 73
-11.456692695617676 -0.13741454482078552 -0.8224909901618958 122 153 13
-11.432587623596191 -0.5533840656280518 -0.9337903261184692 125 141 66
-10.501627922058105 -0.8922183513641357 -0.9589806795120239 115 144 90
-9.074509620666504 -1.105720043182373 -0.9219639301300049 105 124 35
-8.517121315002441 -0.09858842939138412 -0.9271225333213806 94 126 76
-8.298309326171875 -0.3967364430427551 -0.9852029085159302 116 147 80
-7.8851189613342285 -0.6661772727966309 -1.01468825340271 104 140 68
-7.129544258117676 -0.8649397492408752 -0.9919607639312744 104 131 80
-7.190331935882568 -0.07808446884155273 -1.049915075302124 101 105 90
-6.906890869140625 -0.32743480801582336 -1.0768709182739258 80 104 44
-6.376352787017822 -0.5361307263374329 -1.0596673488616943 67 95 36
-5.854587554931641 -0.7098502516746521 -1.0373351573944092 76 116 54
-5.963679790496826 -0.05747668445110321 -1.0969581604003906 74 98 46
-5.660469055175781 -0.26527631282806396 -1.097591519355774 106 134 83
-5.36357307434082 -0.4484298527240753 -1.097288727760315 74 115 45
-5.079774856567383 -0.6153668761253357 -1.0961302518844604 80 119 52
-5.049134254455566 -0.045754142105579376 -1.124313473701477 61 81 46
-4.904625415802002 -0.2260792851448059 -1.1424636840820312 74 105 48
-16.404762268066406 -0.19310297071933746 3.055464744567871 78 99 68
-17.907230377197266 -0.8728041052818298 3.155146360397339 92 123 167
-28.833984375 -3.5232086181640625 4.539514541625977 99 157 195
-15.401968955993652 -0.1780727207660675 2.2879786491394043 100 136 158
-19.899662017822266 -0.9577313661575317 2.7602498531341553 116 163 193
-16.88153839111328 -0.18810679018497467 1.8805586099624634 124 166 190
-18.488170623779297 -0.8804198503494263 1.8764978647232056 103 136 145
-29.002525329589844 -1.3719890117645264 1.8837132453918457 107 120 103
-17.50347328186035 -0.1837323009967804 0.6632740497589111 129 145 118
-25.017507553100586 -1.1734094619750977 0.7074448466300964 94 114 86
-24.433141708374023 -2.034705877304077 0.4583502411842346 131 142 112
-27.225431442260742 -3.2596447467803955 0.24886170029640198 106 117 87
-24.802780151367188 -0.24390089511871338 0.03290126472711563 114 123 104
-21.662996292114258 -1.0043246746063232 -0.1786544919013977 126 133 100
-22.163742065429688 -1.833643913269043 -0.39673328399658203 113 147 86
-20.871768951416016 -2.492652654647827 -0.5768640041351318 68 110 36
-16.984695434570312 -0.16109156608581543 -0.5984880328178406 75 135 45
-15.667769432067871 -0.7200753092765808 -0.7017968893051147 140 146 20
-14.699627876281738 -1.208634376525879 -0.8016298413276672 98 129 70
-13.28100872039795 -1.5795283317565918 -0.8564586639404297 88 121 52
-11.186766624450684 -0.09985262900590897 -0.8030868768692017 82 118 30
-11.411331176757812 -0.517268717288971 -0.9319201707839966 112 148 84
-10.528138160705566 -0.8619458675384521 -0.9611554741859436 115 143 68
-8.907920837402344 -1.05769681930542 -0.904704749584198 80 103 35
-8.641645431518555 -0.0735149011015892 -0.9406484961509705 106 135 91
-8.31436824798584 -0.3719414174556732 -0.9869693517684937 98 134 72
-7.8574676513671875 -0.6395688652992249 -1.010872721672058 89 135 37
-7.142001628875732 -0.8442253470420837 -0.9933289289474487 71 100 42
-7.190537452697754 -0.056024473160505295 -1.049915075302124 103 112 85
-6.9127984046936035 -0.30646201968193054 -1.0776402950286865 61 95 35
-6.39370059967041 -0.5178401470184326 -1.0622813701629639 75 102 31
-5.763820171356201 -0.6809084415435791 -1.020877718925476 80 124 47
-5.947109222412109 -0.039070263504981995 -1.0938830375671387 99 113 64
-5.661256313323975 -0.24790897965431213 -1.097591519355774 75 103 65
-5.385434627532959 -0.4336239993572235 -1.1014838218688965 67 98 31
-5.099118709564209 -0.6018425226211548 -1.0999006032943726 79 117 60
-5.059011459350586 -0.03032190166413784 -1.1264867782592773 69 76 58
-4.8975114822387695 -0.21069613099098206 -1.1406506299972534 78 107 61
-16.336462020874023 -0.14217406511306763 3.0426478385925293 73 103 91
-17.07651138305664 -0.7798077464103699 3.008342981338501 104 133 163
-19.98423194885254 -1.6481386423110962 3.33182692527771 102 151 184
-27.090492248535156 -3.2258498668670654 4.263447284698486 103 144 174
-15.454866409301758 -0.1312645524740219 2.2957658767700195 74 114 106
-19.829282760620117 -0.8933765292167664 2.750094175338745 111 164 198
-16.982412338256836 -0.13712456822395325 1.891739845275879 86 128 150
-18.341697692871094 -0.8170535564422607 1.861368179321289 115 151 175
-27.463977813720703 -3.2333831787109375 2.2740306854248047 114 133 129
-18.401432037353516 -0.1440858542919159 1.3710570335388184 109 123 108
-44.731136322021484 -1.9785233736038208 2.9048781394958496 130 150 141
-31.497528076171875 -0.2339855134487152 1.1935298442840576 143 157 142
-23.701766967773438 -1.9005975723266602 0.4445186257362366 104 121 103
-23.6980037689209 -1.0258196592330933 -0.19541031122207642 140 146 120
-21.92706871032715 -1.7463487386703491 -0.39239904284477234 102 137 53
-20.49803352355957 -2.3842575550079346 -0.5663296580314636 84 118 44
-16.739267349243164 -0.10740507394075394 -0.5898255109786987 85 131 33
-15.680883407592773 -0.67247474193573 -0.7022885680198669 94 139 46
-14.549972534179688 -1.1513999700546265 -0.7932721972465515 87 122 64
-13.30363655090332 -1.5408421754837036 -0.8576090335845947 102 143 73
-10.668363571166992 -0.06249344348907471 -0.7658538818359375 96 120 34
-11.3451509475708 -0.4793955385684967 -0.9263909459114075 85 117 54
-10.521797180175781 -0.8289380073547363 -0.9603399038314819 75 111 47
-8.915077209472656 -1.0308197736740112 -0.9051060676574707 109 150 80
-8.588147163391113 -0.046710383147001266 -0.934805154800415 105 141 93
-8.325392723083496 -0.3468449115753174 -0.9881470203399658 82 105 51
-7.859393119812012 -0.6154595017433167 -1.010872721672058 74 108 34
-7.149478435516357 -0.8228763937950134 -0.9940130710601807 83 119 49
-7.175833225250244 -0.03389384597539902 -1.0477479696273804 101 116 87
-6.903833866119385 -0.28484511375427246 -1.076101541519165 84 124 61
-6.390341281890869 -0.49783894419670105 -1.0614644289016724 98 130 55
-5.829480171203613 -0.6705374717712402 -1.0321379899978638 82 109 64
-5.9452338218688965 -0.020817717537283897 -1.0935211181640625 87 123 61
-5.704170227050781 -0.23225677013397217 -1.1057683229446411 71 98 57
-5.398462772369385 -0.41800740361213684 -1.1038810014724731 46 53 20
-5.1048264503479 -0.586642324924469 -1.1007384061813354 68 94 29
-5.061033248901367 -0.014806642197072506 -1.126921534538269 66 90 56
-4.8922953605651855 -0.1954365223646164 -1.1392908096313477 69 92 50
-16.203123092651367 -0.09130048751831055 3.017747163772583 92 119 140
-17.65247917175293 -0.7518470287322998 3.109389543533325 104 149 182
-19.956743240356445 -1.584243893623352 3.3264176845550537 95 156 210
-16.227706909179688 -0.08804018795490265 2.410517454147339 68 78 80
-19.78640365600586 -0.8306257724761963 2.743781089782715 111 168 195
-26.70705795288086 -2.101348876953125 3.4513134956359863 99 155 206
-26.268932342529297 -3.029125452041626 3.1503286361694336 110 141 159
-16.60409927368164 -0.08312691748142242 1.8495608568191528 91 125 152
-18.311315536499023 -0.7594177722930908 1.8580397367477417 120 156 178
-27.17829704284668 -2.122199535369873 2.506375789642334 124 159 178
-26.78066062927246 -3.0696640014648438 2.2166614532470703 133 163 161
-46.29938507080078 -1.9055854082107544 3.0063276290893555 116 135 105
-32.016719818115234 -0.13961286842823029 1.213181495666504 131 146 107
-24.255762100219727 -1.870145320892334 0.4547988474369049 106 118 108
-27.25485610961914 -3.0936591625213623 0.2489524632692337 132 143 101
-22.189828872680664 -0.08204440027475357 0.029433922842144966 118 122 89
-19.744373321533203 -0.7939974665641785 -0.16278837621212006 138 147 118
-21.68508529663086 -1.6601413488388062 -0.38797563314437866 105 139 63
-20.48538589477539 -2.319110155105591 -0.5657809376716614 81 123 39
-16.690549850463867 -0.05588525906205177 -0.5881000757217407 56 105 0
-15.692854881286621 -0.6247606873512268 -0.7027356028556824 87 140 52
-14.341362953186035 -1.0906281471252441 -0.781712532043457 64 106 56
-13.286483764648438 -1.4975608587265015 -0.8562030792236328 106 151 108
-11.46445369720459 -0.03198361396789551 -0.822992205619812 124 134 21
-11.297767639160156 -0.4426747262477875 -0.9224066734313965 97 132 78
-10.512374877929688 -0.7957516312599182 -0.9592525362968445 91 117 78
-8.926107406616211 -1.0043538808822632 -0.9059088826179504 88 133 42
-8.561409950256348 -0.020298460498452187 -0.9318836331367493 92 121 65
-8.337332725524902 -0.32172253727912903 -0.9894423484802246 108 113 81
-7.8197021484375 -0.588219404220581 -1.005530834197998 79 106 61
-7.1549224853515625 -0.8012689352035522 -0.994423508644104 64 93 39
-7.175903797149658 -0.011878540739417076 -1.0477479696273804 111 126 93
-6.898751258850098 -0.263436883687973 -1.0751782655715942 77 80 61
-6.436110019683838 -0.4815436899662018 -1.0688164234161377 66 96 34
-5.814870834350586 -0.6507875323295593 -1.0291930437088013 173 179 31
-5.922649383544922 -0.0025680919643491507 -1.0893605947494507 88 113 55
-5.687197208404541 -0.21409077942371368 -1.1023454666137695 62 82 54
-5.404604911804199 -0.40180641412734985 -1.1048797369003296 94 124 64
-5.142557621002197 -0.5749984383583069 -1.10848867893219 93 134 78
-5.058126449584961 0.0007200415711849928 -1.1262694597244263 56 76 49
-4.854912757873535 -0.17902648448944092 -1.130452036857605 86 100 67
-16.059795379638672 -0.041221167892217636 2.991015672683716 77 87 97
-17.842666625976562 -0.7051144242286682 3.142493963241577 99 145 179
-26.269376754760742 -2.96471905708313 4.13128137588501 101 151 186
-16.24669647216797 -0.038298171013593674 2.413309097290039 77 109 98
-19.627525329589844 -0.7636410593986511 2.72141170501709 105 156 175
-26.697555541992188 -2.0182065963745117 3.4492690563201904 105 170 212
-26.35211181640625 -2.9568233489990234 3.1592013835906982 99 150 177
-17.533525466918945 -0.0339871384203434 1.9530706405639648 105 140 180
-18.39309310913086 -0.7062899470329285 1.8661088943481445 116 149 166
-26.342248916625977 -2.9375619888305664 2.179617404937744 103 119 90
-29.116634368896484 -1.1089105606079102 1.8903815746307373 113 134 103
-24.635683059692383 -0.9283493757247925 0.6963765025138855 106 121 102
-23.69802474975586 -1.7540234327316284 0.44423821568489075 101 115 92
-27.100221633911133 -2.99192214012146 0.24745497107505798 109 126 107
-22.54297637939453 -0.014188762754201889 0.029902160167694092 40 38 25
-24.040607452392578 -0.8928996324539185 -0.198186457157135 94 104 69
-21.294208526611328 -1.5645195245742798 -0.38089463114738464 96 126 62
-19.69353485107422 -2.1682939529418945 -0.543724775314331 72 117 22
-16.393827438354492 -0.004595903214067221 -0.5776416659355164 75 126 21
-15.763583183288574 -0.5791435241699219 -0.7058199048042297 92 135 45
-14.20621395111084 -1.0365242958068848 -0.7741689682006836 166 180 101
-13.276135444641113 -1.45516037940979 -0.8552444577217102 121 147 86
-11.18222427368164 0.0031104683876037598 -0.8027288913726807 91 133 57
-11.140702247619629 -0.40229278802871704 -0.909477949142456 131 158 103
-10.464110374450684 -0.7598181366920471 -0.9546312093734741 98 106 82
-9.029041290283203 -0.9878939390182495 -0.9160436391830444 85 120 38
-8.552484512329102 0.005961432121694088 -0.9309097528457642 76 123 55
-8.361104965209961 -0.29695311188697815 -0.9921509027481079 95 103 79
-7.826416969299316 -0.5645830035209656 -1.0061668157577515 86 121 53
-7.201662063598633 -0.7841393351554871 -1.0005805492401123 94 135 69
-7.155126571655273 0.010107523761689663 -1.0447139739990234 102 110 86
-6.873852252960205 -0.24136902391910553 -1.0711772441864014 90 117 46
-6.446413516998291 -0.4624309837818146 -1.070286750793457 81 113 38
-5.858941078186035 -0.6375258564949036 -1.0366421937942505 100 131 72
-5.944266319274902 0.015659350901842117 -1.093340277671814 88 111 59
-5.651524066925049 -0.195386603474617 -1.0953096151351929 49 98 32
-5.3940839767456055 -0.38438764214515686 -1.102482557296753 46 78 29
-4.81087064743042 -0.5229729413986206 -1.0366421937942505 71 111 51
-5.043458938598633 0.01619114726781845 -1.1230093240737915 48 71 42
-4.801900386810303 -0.16232119500637054 -1.117987036705017 66 83 49
-19.928375244140625 -1.4698413610458374 4.081107139587402 89 142 194
-15.253708839416504 0.007645719684660435 2.840878963470459 104 120 107
-18.365394592285156 -0.6693461537361145 3.2341811656951904 98 116 128
-16.36840057373047 0.011632636189460754 2.4313812255859375 121 131 141
-31.31656837463379 -1.122210144996643 4.341632843017578 104 151 177
-26.69766616821289 -2.9126858711242676 3.1995415687561035 113 155 141
-18.20439910888672 0.020562883466482162 2.027797222137451 82 102 90
-18.474714279174805 -0.6526674628257751 1.874178171157837 130 158 172
-27.073604583740234 -1.9469681978225708 2.495572566986084 125 161 173
-33.5529670715332 0.0460984967648983 2.4998960494995117 132 163 166
-27.29006576538086 -2.9440643787384033 1.2531458139419556 126 144 120
-25.657045364379883 -1.8198931217193604 0.48085466027259827 113 125 111
-26.983997344970703 -2.8953239917755127 0.24631145596504211 116 131 110
-22.67491340637207 0.05529407039284706 0.0300772525370121 100 103 94
-23.93030548095703 -0.8152924180030823 -0.19725559651851654 134 133 103
-21.286937713623047 -1.4983400106430054 -0.38068056106567383 116 136 73
-19.888944625854492 -2.1280713081359863 -0.5489370226860046 82 134 24
-16.340795516967773 0.04555201530456543 -0.5757753252983093 75 119 21
-15.738327026367188 -0.5298712253570557 -0.7046129703521729 88 132 45
-14.048955917358398 -0.9817287921905518 -0.7654314041137695 74 108 31
-13.156494140625 -1.4012119770050049 -0.8472563028335571 106 133 88
-11.512310981750488 0.03852175921201706 -0.8264291286468506 83 136 56
-11.076138496398926 -0.36593955755233765 -0.9041113257408142 73 112 19
-10.542889595031738 -0.7330299019813538 -0.9616085290908813 105 113 90
-9.096338272094727 -0.9670252203941345 -0.9225659966468811 88 136 50
-8.529561042785645 0.032113973051309586 -0.9284210205078125 81 119 62
-8.370909690856934 -0.271589994430542 -0.9932107329368591 95 105 81
-7.870661735534668 -0.5435075163841248 -1.0116357803344727 72 106 71
-6.464223861694336 -0.6837843060493469 -0.8978270888328552 81 119 58
-7.130324363708496 0.031948257237672806 -1.0411019325256348 99 112 92
-6.8557963371276855 -0.21967795491218567 -1.068253517150879 98 115 79
-6.4438652992248535 -0.44238123297691345 -1.0696333646774292 92 122 72
-5.897108554840088 -0.6233786344528198 -1.043051838874817 74 106 56
-5.947140693664551 0.03391285613179207 -1.0938830375671387 90 132 58
-5.5608391761779785 -0.1751723438501358 -1.0776249170303345 66 97 37
-5.392305374145508 -0.3676370680332184 -1.1018832921981812 110 154 105
-4.817314624786377 -0.5087243914604187 -1.0376895666122437 72 105 60
-5.07071590423584 0.03183577209711075 -1.1290949583053589 51 75 59
-4.849104881286621 -0.14902450144290924 -1.1288655996322632 58 85 34
-20.101871490478516 -1.4206442832946777 4.115725040435791 94 142 190
-25.534379959106445 -2.7466440200805664 4.990152359008789 89 148 208
-17.487192153930664 0.06241551786661148 3.2568674087524414 97 129 108
-18.786680221557617 -0.6269932389259338 3.308016061782837 107 148 144
-26.07781219482422 -2.7811601161956787 4.09839391708374 114 152 173
-16.618541717529297 0.06279575079679489 2.4685544967651367 104 125 92
-31.31887435913086 -1.0260945558547974 4.341495513916016 113 163 174
-26.904953002929688 -2.8518025875091553 3.2233197689056396 118 139 132
-18.053186416625977 0.07577899843454361 2.010969877243042 116 140 118
-20.149181365966797 -0.6499347686767578 2.0438334941864014 124 155 183
-26.03036880493164 -1.7916892766952515 2.3988916873931885 84 99 96
-29.083473205566406 -3.0626983642578125 2.404832363128662 122 154 175
-27.125104904174805 -2.8421084880828857 1.2451646327972412 110 124 101
-31.39586067199707 -0.9902199506759644 0.8872778415679932 123 129 103
-22.851634979248047 0.12583410739898682 0.030312033370137215 99 108 91
-23.715803146362305 -0.7351482510566711 -0.1954679638147354 126 138 100
-21.245546340942383 -1.4299370050430298 -0.3798601031303406 91 114 62
-19.681610107421875 -2.0448334217071533 -0.5430389046669006 85 132 40
-16.351573944091797 0.09574903547763824 -0.5761627554893494 82 123 27
-15.71890926361084 -0.48094263672828674 -0.70367431640625 92 135 56
-14.058876037597656 -0.9390884637832642 -0.7658113241195679 85 123 62
-13.014810562133789 -1.3457533121109009 -0.8378622531890869 103 131 83
-11.34656810760498 0.0727788507938385 -0.8145431876182556 76 108 35
-10.996513366699219 -0.3295384645462036 -0.8975250124931335 102 142 80
-10.568938255310059 -0.7022660374641418 -0.963783323764801 103 113 88
-9.294233322143555 -0.9592359662055969 -0.9423338770866394 100 128 77
-8.389253616333008 0.0573243573307991 -0.9131636619567871 61 98 46
-8.361778259277344 -0.24561558663845062 -0.9920331835746765 127 129 105
-7.885158538818359 -0.5202069282531738 -1.013289213180542 80 115 59
-7.274331569671631 -0.7469174861907959 -1.0100213289260864 78 118 65
-7.128213882446289 0.05380869656801224 -1.0408130884170532 101 128 95
-6.845573425292969 -0.1983288675546646 -1.0665607452392578 74 94 57
-6.4776787757873535 -0.424739807844162 -1.0750248432159424 99 129 67
-5.9567975997924805 -0.611214816570282 -1.0532728433609009 91 131 61
-5.961760520935059 0.052287645637989044 -1.0965964794158936 80 103 57
-5.554481029510498 -0.15791580080986023 -1.0762938261032104 61 90 46
-5.388518810272217 -0.35077372193336487 -1.1008844375610352 82 108 63
-5.122341156005859 -0.5250508785247803 -1.1030426025390625 84 123 66
-5.066690444946289 0.04735587164759636 -1.1282256841659546 56 77 20
-4.841750144958496 -0.133931502699852 -1.1270524263381958 66 93 48
-19.869569778442383 -1.3429765701293945 4.067299842834473 120 147 176
-13.839715003967285 0.09185774624347687 2.5775907039642334 91 105 106
-16.416078567504883 -0.4974609911441803 2.8903110027313232 16 28 42
-25.684276580810547 -2.6595213413238525 4.035244464874268 108 160 208
-17.215702056884766 0.11787085235118866 2.5572996139526367 112 132 107
-17.739656448364258 -0.5267234444618225 2.4588770866394043 86 114 128
-26.79010581970215 -2.7565414905548096 3.2085323333740234 111 120 125
-18.1929988861084 0.13218316435813904 2.0265793800354004 128 153 131
-16.350191116333008 -0.47718486189842224 1.658326268196106 115 168 172
-29.157176971435547 -2.980043649673462 2.4101593494415283 122 155 160
-33.89509582519531 0.2545509934425354 2.5254552364349365 98 125 116
-24.472320556640625 -0.6967049241065979 0.6915481686592102 109 98 70
-23.056655883789062 -1.49331796169281 0.4319393038749695 103 116 90
-27.089799880981445 -2.738650321960449 0.24711918830871582 110 123 97
-20.723220825195312 0.17769509553909302 0.027489347383379936 78 91 73
-23.89887046813965 -0.6674385070800781 -0.1969590187072754 116 127 85
-21.10615348815918 -1.3555221557617188 -0.3772916793823242 93 112 46
-19.568443298339844 -1.9724115133285522 -0.5397469401359558 69 113 26
-16.400171279907227 0.14635148644447327 -0.5778881907463074 84 122 39
-15.694347381591797 -0.4320007562637329 -0.7025120854377747 73 131 21
-13.90523910522461 -0.8859835267066956 -0.7572908401489258 99 148 59
-13.182718276977539 -1.3222516775131226 -0.8484066724777222 116 129 99
-9.957926750183105 0.09442435204982758 -0.7148733139038086 74 120 56
-10.870938301086426 -0.2923967242240906 -0.8871983885765076 73 117 54
-10.609804153442383 -0.6722937822341919 -0.9673172831535339 118 128 103
-9.395142555236816 -0.9405287504196167 -0.9522679448127747 115 145 93
-8.295594215393066 0.08213675022125244 -0.9029921889305115 77 123 51
-8.349586486816406 -0.21962140500545502 -0.9905022382736206 112 127 98
-7.897606372833252 -0.49669796228408813 -1.01468825340271 81 111 47
-7.327846527099609 -0.7297008037567139 -1.0171359777450562 88 117 59
-7.125046730041504 0.07564597576856613 -1.040379524230957 54 63 36
-6.834296703338623 -0.17701900005340576 -1.0647141933441162 79 110 43
-6.481904983520508 -0.4050491452217102 -1.0755149126052856 88 104 59
-5.88906192779541 -0.5860126614570618 -1.0409730672836304 92 130 69
-5.969439506530762 0.0706709623336792 -1.0980435609817505 82 104 57
-5.641305446624756 -0.14306440949440002 -1.0930277109146118 86 105 59
-5.48345422744751 -0.3400627076625824 -1.1200616359710693 67 86 54
-5.18522834777832 -0.515426754951477 -1.1162389516830444 102 129 76
-5.060665130615234 0.06282733380794525 -1.126921534538269 66 90 58
-4.837270259857178 -0.11895687133073807 -1.1259193420410156 89 115 86
-19.85208511352539 -1.2806236743927002 4.062897682189941 89 148 190
-16.875022888183594 0.16377928853034973 3.1429831981658936 91 114 86
-16.37224006652832 -0.4458615481853485 2.882338285446167 48 76 35
-17.19152069091797 0.17045195400714874 2.5537731647491455 128 123 85
-17.754060745239258 -0.47263914346694946 2.4606611728668213 91 117 144
-32.40091323852539 -2.0498123168945312 4.182566165924072 109 158 190
-16.547767639160156 0.17100144922733307 1.8433613777160645 94 120 95
-16.348594665527344 -0.4269430637359619 1.6580238342285156 124 166 190
-18.29281234741211 -1.146378755569458 1.685138463973999 129 155 170
-29.205854415893555 -2.8945083618164062 2.413437604904175 141 173 186
-33.403541564941406 0.3533487021923065 2.4888997077941895 100 116 116
-22.610065460205078 -1.3947492837905884 0.4234907925128937 119 135 99
-27.296117782592773 -2.6749346256256104 0.24892522394657135 147 158 126
-14.529003143310547 0.1691606491804123 0.019273316487669945 105 124 104
-22.645238876342773 -0.5629043579101562 -0.18661227822303772 107 128 89
-21.07628059387207 -1.2886883020401 -0.3766852617263794 109 128 72
-19.678863525390625 -1.9225728511810303 -0.5426273941993713 80 119 36
-16.41463279724121 0.19684556126594543 -0.5784163475036621 95 143 31
-15.383005142211914 -0.37620440125465393 -0.6885208487510681 96 139 50
-13.570012092590332 -0.8228310346603394 -0.7388931512832642 78 113 47
-13.508533477783203 -1.3130836486816406 -0.8691118955612183 109 115 87
-11.57729434967041 0.14530277252197266 -0.8311548829078674 68 136 51
-10.857834815979004 -0.25871139764785767 -0.8860599994659424 109 133 59
-10.640645980834961 -0.6414781808853149 -0.9699451327323914 107 122 79
-9.428683280944824 -0.9146786332130432 -0.9553786516189575 104 132 57
-8.295303344726562 0.10758688300848007 -0.9029921889305115 112 147 93
-8.332351684570312 -0.19358903169631958 -0.9883825182914734 81 105 53
-7.930776596069336 -0.4743611812591553 -1.0187581777572632 78 111 42
-7.341883182525635 -0.7083574533462524 -1.0187779664993286 76 125 60
-7.122802734375 0.09747787564992905 -1.0400906801223755 81 96 55
-6.828880786895752 -0.1559155136346817 -1.0637907981872559 91 112 73
-6.504783630371094 -0.3864482343196869 -1.0791093111038208 92 124 75
-5.871225357055664 -0.5660521984100342 -1.0375083684921265 81 108 67
-5.984929084777832 0.08921917527914047 -1.1009379625320435 89 100 70
-5.689812183380127 -0.12682849168777466 -1.1023454666137695 92 124 57
-5.434586048126221 -0.3202980160713196 -1.1098737716674805 48 104 31
-5.183865070343018 -0.49923503398895264 -1.1156104803085327 54 96 46
-5.043856620788574 0.07809603959321976 -1.1232267618179321 73 92 60
-4.818137168884277 -0.10369662940502167 -1.1213866472244263 59 82 36
-20.518959045410156 -1.2604414224624634 4.1985673904418945 95 142 194
-13.706183433532715 0.17507973313331604 2.552872896194458 76 88 104
-16.41390037536621 -0.396605521440506 2.889444589614868 72 85 29
-17.22751235961914 0.2236691415309906 2.5592095851898193 116 105 111
-17.64946937561035 -0.4156727194786072 2.445976734161377 89 125 141
-19.97943115234375 -1.2024495601654053 2.5786144733428955 111 166 205
-25.544368743896484 -2.4700629711151123 3.0574631690979004 104 142 155
-18.816923141479492 0.25218823552131653 2.0962133407592773 83 106 96
-20.121488571166992 -0.4637027382850647 2.0405049324035645 107 152 155
-18.343955993652344 -1.093095064163208 1.6895331144332886 118 146 158
-27.091442108154297 -2.586733341217041 1.242473840713501 114 134 97
-43.43054962158203 0.6101165413856506 1.6458224058151245 90 103 75
-27.294240951538086 -2.5902340412139893 0.24883447587490082 131 140 109
-26.200143814086914 0.3854423463344574 0.034756965935230255 119 134 103
-22.65085792541504 -0.49351420998573303 -0.18664522469043732 109 108 80
-21.069156646728516 -1.2233835458755493 -0.3764890432357788 109 124 81
-19.341333389282227 -1.8297098875045776 -0.5331630110740662 84 126 18
-16.250072479248047 0.24473589658737183 -0.5726413726806641 93 134 40
-15.229277610778809 -0.3256974518299103 -0.6815922856330872 86 126 30
-13.58443546295166 -0.7818834781646729 -0.7395443916320801 86 133 63
-13.521439552307129 -1.2724753618240356 -0.8696870803833008 121 126 104
-11.342425346374512 0.17716006934642792 -0.8143283724784851 98 130 29
-10.788825035095215 -0.22395089268684387 -0.880368173122406 92 124 74
-10.637592315673828 -0.60854572057724 -0.9694920182228088 117 136 90
-9.376962661743164 -0.8806307911872864 -0.9498596787452698 105 140 76
-8.318790435791016 0.13341861963272095 -0.9055891633033752 92 136 59
-8.315034866333008 -0.16766445338726044 -0.9862627387046814 109 133 83
-7.9500203132629395 -0.45103901624679565 -1.021047592163086 92 127 71
-7.300623893737793 -0.6817768216133118 -1.012757658958435 74 102 44
-7.110597610473633 0.11913095414638519 -1.038356900215149 81 102 71
-6.821423530578613 -0.13480788469314575 -1.0625598430633545 94 106 86
-6.478358268737793 -0.36493638157844543 -1.0745346546173096 106 129 85
-5.861166954040527 -0.5469387769699097 -1.0354294776916504 92 133 31
-5.9934773445129395 0.10773934423923492 -1.1025660037994385 99 105 93
-5.623427391052246 -0.10808884352445602 -1.0894147157669067 95 121 76
-5.425760269165039 -0.30307695269584656 -1.107876181602478 73 94 53
-5.183424949645996 -0.4831473231315613 -1.1151915788650513 74 86 36
-5.0309062004089355 0.0933346301317215 -1.1204012632369995 26 60 23
-4.821353912353516 -0.08896820992231369 -1.1220664978027344 53 83 31
-17.624691009521484 0.2792168855667114 3.2828667163848877 103 119 106
-16.417007446289062 -0.3462880253791809 2.8897910118103027 71 87 12
-17.2020206451416 0.2761244475841522 2.5555365085601807 116 142 113
-19.504560470581055 -0.3994947671890259 2.7028846740722656 91 127 151
-18.845870971679688 0.3104075491428375 2.099534273147583 73 97 73
-32.50983810424805 -0.6494089365005493 3.2965805530548096 116 144 158
-18.239849090576172 -1.0307435989379883 1.679645299911499 113 149 149
-26.511932373046875 -2.463346481323242 2.1895339488983154 132 153 156
-27.060455322265625 -2.5000216960906982 1.2406951189041138 106 126 91
-17.96547508239746 0.3075115382671356 0.6808432340621948 113 132 104
-31.631515502929688 -0.6092200875282288 0.8936591148376465 139 139 113
-24.48699188232422 -1.359764575958252 0.4584810733795166 117 133 106
-27.283140182495117 -2.5047473907470703 0.2486620396375656 142 153 111
-25.6859188079834 0.4567016065120697 0.034076496958732605 126 131 101
-22.75324249267578 -0.42591023445129395 -0.187477245926857 125 136 106
-21.045854568481445 -1.1572563648223877 -0.37600746750831604 86 121 57
-19.269208908081055 -1.763257622718811 -0.5310232043266296 78 120 48
-16.208276748657227 0.2938465178012848 -0.5711976289749146 87 120 51
-14.823678970336914 -0.2715267837047577 -0.6633992195129395 89 135 37
-13.583778381347656 -0.7400403618812561 -0.7393815517425537 83 127 40
-13.516335487365723 -1.2301721572875977 -0.8691118955612183 119 133 100
-10.46324348449707 0.1955382078886032 -0.7512471079826355 98 143 84
-10.44366455078125 -0.1847335398197174 -0.8521528244018555 97 133 33
-10.621509552001953 -0.5749382972717285 -0.967860996723175 117 146 90
-9.472762107849121 -0.8603177070617676 -0.9592920541763306 109 138 80
-8.260693550109863 0.15783818066120148 -0.89931321144104 61 112 45
-8.272815704345703 -0.14142365753650665 -0.9811990261077881 112 147 91
-7.965232849121094 -0.42739060521125793 -1.022828221321106 84 122 73
-7.2079691886901855 -0.6508238911628723 -0.9996227622032166 83 110 43
-7.102283954620361 0.1407885104417801 -1.037201166152954 107 113 77
-6.818841457366943 -0.11382994055747986 -1.0620981454849243 92 101 82
-6.461714744567871 -0.3441149890422821 -1.0715938806533813 98 129 72
-5.848104000091553 -0.5276269316673279 -1.0328309535980225 74 102 53
-6.000001430511475 0.12627142667770386 -1.1038322448730469 97 118 79
-5.751343727111816 -0.09289711713790894 -1.1141352653503418 85 118 71
-5.423728942871094 -0.28627458214759827 -1.1072767972946167 65 86 45
-5.190726280212402 -0.4677690863609314 -1.1164484024047852 52 85 38
-5.024740695953369 0.10864219814538956 -1.1190972328186035 55 70 37
-4.80797004699707 -0.07396633923053741 -1.1188936233520508 52 71 39
-17.001558303833008 -0.939698338508606 3.477595567703247 99 138 179
-15.180213928222656 0.2870769798755646 2.8276963233947754 104 133 147
-16.42094612121582 -0.295973002910614 2.8903110027313232 72 101 70
-17.935884475708008 -0.9816062450408936 2.9846625328063965 101 141 176
-16.331789016723633 0.3122764825820923 2.4263856410980225 139 158 128
-19.393779754638672 -0.33770495653152466 2.6873767375946045 117 136 142
-20.069623947143555 -1.0843300819396973 2.5893476009368896 114 156 198
-18.71863555908203 0.36575859785079956 2.085474967956543 97 116 88
-20.75363540649414 -0.35087674856185913 2.1043527126312256 100 119 113
-28.990201950073242 -1.5490421056747437 2.669158458709717 132 161 169
-19.594844818115234 0.3876693546772003 1.460216999053955 121 144 134
-28.80780792236328 -1.5246739387512207 1.5916486978530884 105 122 90
-27.062028884887695 -2.416456460952759 1.2404215335845947 113 128 107
-17.95245933532715 0.36238542199134827 0.6803889274597168 108 128 91
-31.567272186279297 -0.5111050605773926 0.8917955756187439 142 155 129
-24.88144302368164 -1.3051106929779053 0.46578940749168396 114 134 107
-25.19501304626465 -2.2351183891296387 0.2295670062303543 120 123 102
-13.851978302001953 0.2888046205043793 0.018377963453531265 136 144 121
-22.736446380615234 -0.3558206260204315 -0.18732896447181702 126 135 108
-20.658893585205078 -1.0724165439605713 -0.36903345584869385 121 150 102
-19.047500610351562 -1.684059977531433 -0.5247684717178345 92 134 36
-14.98733139038086 0.31770986318588257 -0.5282019972801208 80 108 31
-14.810458183288574 -0.22583384811878204 -0.6627733707427979 95 142 40
-13.51717758178711 -0.6948255300521851 -0.7356368899345398 83 121 34
-13.524023056030273 -1.189048409461975 -0.8693675994873047 106 134 86
-11.538570404052734 0.25104841589927673 -0.8285055160522461 71 110 17
-10.403321266174316 -0.15209458768367767 -0.8488189578056335 92 137 36
-10.571504592895508 -0.5397088527679443 -0.9631490111351013 100 121 52
-9.514012336730957 -0.834642767906189 -0.9632055163383484 92 123 64
-8.202524185180664 0.18190251290798187 -0.8930370807647705 106 144 57
-8.266260147094727 -0.11594485491514206 -0.9803746938705444 112 142 82
-7.977403163909912 -0.4035027325153351 -1.024227261543274 92 127 71
-7.441842079162598 -0.6489296555519104 -1.031775951385498 84 104 55
-7.080055236816406 0.16207914054393768 -1.0340226888656616 116 150 100
-6.838918685913086 -0.09317871928215027 -1.0651758909225464 89 96 89
-6.442048072814941 -0.32325083017349243 -1.0681629180908203 106 129 83
-6.010605812072754 -0.52370285987854 -1.061241626739502 74 118 59
-6.0123677253723145 0.1449868083000183 -1.1061840057373047 83 105 67
-5.751601696014404 -0.07525180280208588 -1.1141352653503418 88 116 58
-5.472535133361816 -0.2720170319080353 -1.117065191268921 78 83 61
-5.179473400115967 -0.45073992013931274 -1.1137253046035767 91 134 55
-5.031214714050293 0.12422602623701096 -1.1206185817718506 63 90 55
-4.81304407119751 -0.059275317937135696 -1.1200268268585205 59 82 54
-16.387941360473633 -0.8553601503372192 3.3515303134918213 109 143 181
-17.775972366333008 0.39072486758232117 3.311429262161255 127 145 123
-16.241567611694336 -0.24289773404598236 2.858592987060547 48 76 28
-17.87871742248535 -0.9234710335731506 2.974663734436035 95 149 183
-25.004568099975586 -2.2020463943481445 3.922686815261841 103 156 187
-16.568092346191406 0.3676467835903168 2.461648941040039 60 84 52
-17.448516845703125 -0.25028708577156067 2.41770601272583 87 134 164
-19.98370933532715 -1.0182100534439087 2.577847957611084 106 154 194
-17.585716247558594 0.3975978493690491 1.959381103515625 75 82 74
-16.11981773376465 -0.22306719422340393 1.6344212293624878 109 153 188
-18.298540115356445 -0.9214609265327454 1.684497594833374 125 159 184
-18.732175827026367 0.42809784412384033 1.396021842956543 84 107 65
-43.644248962402344 -0.5902383923530579 2.831784963607788 90 103 85
-29.005813598632812 -1.445929765701294 1.6023359298706055 109 127 103
-26.537841796875 -2.2876062393188477 1.2160673141479492 105 119 94
-31.549701690673828 -0.41400644183158875 0.8912591338157654 160 168 145
-24.92926788330078 -1.2309387922286987 0.4666118025779724 118 134 121
-24.759387969970703 -2.1199347972869873 0.22553743422031403 104 119 98
-26.253469467163086 0.6279526352882385 0.03483390063047409 110 117 99
-20.98662757873535 -0.26403728127479553 -0.17290446162223816 123 132 105
-20.641115188598633 -1.0080066919326782 -0.3686589002609253 107 138 78
-19.02767562866211 -1.6234904527664185 -0.524082601070404 88 132 37
-16.349037170410156 0.3967602849006653 -0.5762330889701843 91 136 45
-14.988890647888184 -0.18256060779094696 -0.6707301139831543 89 133 46
-13.519246101379395 -0.6533521413803101 -0.7356368899345398 98 139 47
-13.538545608520508 -1.1484795808792114 -0.8700705170631409 111 142 83
-11.208693504333496 0.278277724981308 -0.8048769235610962 64 115 20
-10.354905128479004 -0.11961282789707184 -0.8448346853256226 104 141 38
-10.514421463012695 -0.5044575929641724 -0.9578027129173279 107 129 83
-9.53437328338623 -0.8069606423377991 -0.9650116562843323 123 153 91
-8.135343551635742 0.20538564026355743 -0.8857872486114502 101 138 68
-8.255653381347656 -0.09046407788991928 -0.9790792465209961 99 134 70
-7.988511562347412 -0.3794972002506256 -1.0254991054534912 85 111 64
-7.455643653869629 -0.627091646194458 -1.033417820930481 76 105 41
-7.054795265197754 0.18315765261650085 -1.030410647392273 102 114 50
-6.845100402832031 -0.07225935906171799 -1.0660991668701172 94 100 96
-6.4311842918396 -0.3029283583164215 -1.0662024021148682 84 122 65
-6.08971643447876 -0.5117758512496948 -1.0749272108078003 64 106 32
-6.001079559326172 0.16313780844211578 -1.1041940450668335 89 110 69
-5.7429704666137695 -0.05751729756593704 -1.1124238967895508 95 119 69
-5.48019552230835 -0.2555457353591919 -1.1184635162353516 55 69 36
-5.184729099273682 -0.43517452478408813 -1.1145631074905396 97 141 52
-5.011295318603516 0.1391192525625229 -1.116271734237671 46 59 50
-4.825864791870117 -0.0446259081363678 -1.122973084449768 89 127 76
-20.248111724853516 -0.9945598840713501 4.140337944030762 91 136 178
-13.94182014465332 0.3492449223995209 2.597364664077759 132 151 105
-16.26882553100586 -0.19338423013687134 2.8632729053497314 69 72 51
-17.146421432495117 -0.8329098224639893 2.8523857593536377 100 144 171
-17.21259307861328 0.4347856342792511 2.557593584060669 69 86 42
-15.487071990966797 -0.17462989687919617 2.145839214324951 104 124 123
-19.963953018188477 -0.9558051824569702 2.574908971786499 114 153 192
-16.36932945251465 0.420346200466156 1.8239877223968506 87 104 94
-16.117441177368164 -0.17357909679412842 1.6341185569763184 80 116 102
-18.41368293762207 -0.8706319332122803 1.6948432922363281 110 133 127
-26.478857040405273 -2.2146639823913574 2.1850264072418213 133 162 176
-17.300220489501953 0.4484805166721344 1.2894012928009033 59 83 70
-45.19776916503906 -2.1141045093536377 2.4964401721954346 91 111 60
-20.159940719604492 -0.20268765091896057 0.5694853067398071 115 127 91
-24.978870391845703 -1.1565784215927124 0.4674716591835022 108 118 94
-24.46381378173828 -2.019042730331421 0.2227875292301178 119 134 91
-18.73716163635254 0.5056934356689453 0.024862978607416153 111 110 90
-22.51321792602539 -0.21416547894477844 -0.1854754537343979 115 119 96
-20.4823055267334 -0.937271773815155 -0.3657694160938263 114 135 70
-18.810401916503906 -1.546837329864502 -0.5179650187492371 73 120 16
-16.479612350463867 0.4505215883255005 -0.5808812975883484 83 118 36
-14.841533660888672 -0.13522739708423615 -0.6641144156455994 88 136 50
-13.643879890441895 -0.6174248456954956 -0.7423121333122253 129 165 77
-13.512166023254395 -1.1044994592666626 -0.8681533932685852 104 141 97
-10.764102935791016 0.3002867102622986 -0.7730141282081604 86 129 49
-10.335290908813477 -0.08767477422952652 -0.8432084918022156 84 136 38
-10.479108810424805 -0.4705445170402527 -0.9544499516487122 98 127 96
-9.559611320495605 -0.779565691947937 -0.9673195481300354 107 144 66
-8.045238494873047 0.2278110682964325 -0.8760485649108887 80 122 38
-8.241990089416504 -0.06502598524093628 -0.9774305820465088 88 127 80
-7.982701778411865 -0.35467880964279175 -1.024608850479126 106 130 98
-7.430873394012451 -0.6020551919937134 -1.0297236442565918 70 103 50
-7.056178092956543 0.20485801994800568 -1.030699610710144 78 96 48
-6.848254203796387 -0.05128073692321777 -1.0665607452392578 91 99 88
-6.468550682067871 -0.2848019599914551 -1.0722473859786987 89 116 65
-6.0804595947265625 -0.4922163188457489 -1.073021650314331 88 119 75
-5.9690937995910645 0.18059635162353516 -1.0984054803848267 91 106 75
-5.724466800689697 -0.03976825997233391 -1.1088109016418457 95 135 65
-5.4780168533325195 -0.2386036217212677 -1.1178642511367798 62 84 37
-5.220152378082275 -0.4220237731933594 -1.1218944787979126 90 128 69
-5.031332969665527 0.1551247239112854 -1.1208359003067017 43 51 38
-4.828900337219238 -0.029838208109140396 -1.1236529350280762 71 100 46
-17.010465621948242 -0.783225417137146 3.4777956008911133 90 142 181
-20.492300033569336 -1.696746826171875 3.995440721511841 85 140 196
-13.952475547790527 0.3923477828502655 2.5995616912841797 101 116 85
-17.1359920501709 -0.151113823056221 3.015795946121216 81 101 74
-17.112436294555664 -0.7786424160003662 2.8463213443756104 101 160 202
-16.351953506469727 0.4632492959499359 2.4299120903015137 88 110 89
-17.607215881347656 -0.14451289176940918 2.4395265579223633 101 152 179
-16.624792098999023 -0.7448238730430603 2.1439261436462402 111 162 193
-16.370943069458008 0.470650315284729 1.8243199586868286 70 83 66
-16.26414680480957 -0.1252569854259491 1.648945927619934 101 121 128
-26.94845962524414 -2.1707069873809814 2.2232179641723633 92 130 151
-16.98476791381836 0.4924508333206177 1.2659969329833984 121 154 143
-29.018131256103516 -1.2681007385253906 1.6025564670562744 114 133 113
-17.59077262878418 0.5170885324478149 0.6668333411216736 122 133 116
-20.15846824645996 -0.14082291722297668 0.5694288611412048 119 133 110
-24.983301162719727 -1.079982042312622 0.4674903154373169 87 95 82
-25.703954696655273 -2.042017698287964 0.2340231090784073 106 115 96
-13.861727714538574 0.4166732132434845 0.018395207822322845 120 122 101
-22.453773498535156 -0.14470823109149933 -0.18498118221759796 125 140 107
-20.41615867614746 -0.8714863657951355 -0.3645387291908264 114 128 66
-19.03827667236328 -1.5067871809005737 -0.5241100788116455 80 124 35
-16.633983612060547 0.5058168172836304 -0.5863745808601379 72 109 4
-14.653071403503418 -0.0885525569319725 -0.6556659936904907 92 139 27
-13.655686378479004 -0.5759838819503784 -0.74285489320755 184 217 40
-13.389140129089355 -1.0531015396118164 -0.8600373864173889 91 128 76
-10.763130187988281 0.3333090841770172 -0.7730141282081604 101 136 34
-9.999631881713867 -0.054147373884916306 -0.8158062696456909 93 142 61
-10.450652122497559 -0.4371441900730133 -0.9517314434051514 102 129 86
-9.571877479553223 -0.751011848449707 -0.9683230519294739 78 90 42
-8.103126525878906 0.2543324828147888 -0.8824328184127808 77 114 37
-8.18256950378418 -0.039452336728572845 -0.9703648686408997 112 142 78
-7.979787349700928 -0.3300226032733917 -1.0240999460220337 89 121 72
-7.329975128173828 -0.5712502002716064 -1.0154941082000732 64 102 19
-7.024857521057129 0.22552084922790527 -1.0262207984924316 78 106 66
-6.839486598968506 -0.030231043696403503 -1.0651758909225464 95 101 87
-6.459536552429199 -0.26455166935920715 -1.0706136226654053 109 138 82
-6.1634392738342285 -0.4799051582813263 -1.087400197982788 79 122 53
-5.965562343597412 0.1988101303577423 -1.097862720489502 87 100 72
-5.700999736785889 -0.022114256396889687 -1.1042470932006836 81 103 57
-5.472848415374756 -0.2215583622455597 -1.1166656017303467 53 81 23
-5.238969802856445 -0.40737104415893555 -1.1256647109985352 84 133 51
-5.032784938812256 0.17062605917453766 -1.1212706565856934 73 89 60
-4.8318915367126465 -0.015032301656901836 -1.1243329048156738 67 107 57
-17.0274715423584 -0.7316652536392212 3.480797052383423 124 143 160
-20.214611053466797 -1.6113272905349731 3.940316677093506 87 152 206
-17.322566986083984 0.5403075218200684 3.2277557849884033 98 138 174
-16.504100799560547 -0.0949048176407814 2.9045236110687256 109 116 75
-16.644617080688477 -0.706192135810852 2.7681353092193604 96 149 193
-16.05682373046875 0.5041940212249756 2.3862743377685547 91 103 63
-18.63772201538086 -0.09578846395015717 2.5822532176971436 98 155 198
-19.794044494628906 -0.8259716629981995 2.552292823791504 116 160 173
-17.116422653198242 0.5446429252624512 1.907570719718933 57 89 52
-17.22452163696289 -0.07980701327323914 1.7462809085845947 96 143 151
-29.318450927734375 -1.2059811353683472 2.697814702987671 120 161 167
-27.073240280151367 -2.097179651260376 2.232970714569092 106 135 143
-16.980186462402344 0.5444611310958862 1.2657740116119385 116 140 126
-32.53529739379883 -0.14052551984786987 2.110825777053833 104 118 105
-28.9969425201416 -1.1780550479888916 1.6011791229248047 115 129 103
-20.11882209777832 -0.07882028818130493 0.568299412727356 92 106 89
-24.93654441833496 -1.0013234615325928 0.46655574440956116 120 137 101
-24.1477108001709 -1.8438501358032227 0.219801664352417 112 118 90
-13.89836311340332 0.4604566991329193 0.018445612862706184 105 100 80
-22.568105697631836 -0.07620526105165482 -0.18592028319835663 28 52 20
-20.221921920776367 -0.8010499477386475 -0.36102494597435 114 132 84
-19.089656829833984 -1.451934576034546 -0.525399386882782 94 134 38
-16.049043655395508 0.53731769323349 -0.565809965133667 101 142 72
-13.53339958190918 -0.040265243500471115 -0.605556845664978 88 132 47
-13.40495491027832 -0.5242144465446472 -0.7291244268417358 112 138 51
-13.366436004638672 -1.0100642442703247 -0.8583759069442749 89 128 63
-10.745110511779785 0.3657515048980713 -0.7717968821525574 86 129 14
-10.274835586547852 -0.02411428466439247 -0.8382483720779419 81 130 39
-10.40915298461914 -0.403421550989151 -0.9478349685668945 84 119 87
-9.642594337463379 -0.7268021702766418 -0.975246787071228 110 150 64
-8.007922172546387 0.2759389579296112 -0.8721530437469482 91 123 50
-8.155839920043945 -0.014301365241408348 -0.9671851992607117 77 112 58
-7.9678778648376465 -0.30504611134529114 -1.022446632385254 108 115 82
-7.418622016906738 -0.5552659034729004 -1.0275344848632812 85 125 63
-6.976665496826172 0.24540211260318756 -1.0192859172821045 101 132 91
-6.826702117919922 -0.009230284951627254 -1.0631753206253052 64 69 49
-6.540172100067139 -0.2477579265832901 -1.083847165107727 80 103 33
-6.048008441925049 -0.45225417613983154 -1.066785216331482 98 135 83
-5.958044528961182 0.21686087548732758 -1.0965964794158936 71 80 51
-5.692205429077148 -0.00461656553670764 -1.102535605430603 105 136 68
-5.4451069831848145 -0.2037045657634735 -1.1108726263046265 52 79 38
-5.2460455894470215 -0.3917330503463745 -1.126921534538269 82 111 65
-5.0566229820251465 0.18696726858615875 -1.1267040967941284 89 104 81
-4.833862781524658 -0.00020828058768529445 -1.124786138534546 76 111 47
-17.014951705932617 -0.6788364052772522 3.4777956008911133 98 132 160
-20.182266235351562 -1.546452283859253 3.9330685138702393 87 148 193
-17.409255981445312 0.596479594707489 3.244234085083008 119 144 138
-15.668166160583496 -0.04202765226364136 2.757373332977295 84 93 74
-18.562929153442383 -0.7305360436439514 3.0867791175842285 105 141 157
-17.058589935302734 0.5880419611930847 2.535407066345215 79 95 46
-16.214086532592773 -0.03358732908964157 2.246434211730957 77 88 80
-19.81333351135254 -0.7658917903900146 2.5544650554656982 95 112 120
-26.797574996948242 -2.0114803314208984 3.201552629470825 106 167 186
-17.325239181518555 0.6044998168945312 1.9310402870178223 139 155 128
-16.62376594543457 -0.02602190524339676 1.6853582859039307 109 138 152
-18.347280502319336 -0.6983174085617065 1.6880683898925781 97 116 130
-27.072589874267578 -2.0135929584503174 2.2323970794677734 126 154 165
-18.062759399414062 0.634651780128479 1.3466123342514038 127 147 138
-32.906795501708984 -0.041172441095113754 2.1349096298217773 126 151 147
-19.96805763244629 0.7096219062805176 0.7571025490760803 126 157 98
-20.088979721069336 -0.01707075908780098 0.5674523711204529 115 133 85
-23.697494506835938 -1.7363628149032593 0.21565411984920502 114 123 104
-13.929863929748535 0.5042879581451416 0.018489385023713112 111 115 88
-22.48723602294922 -0.006941925268620253 -0.18525302410125732 112 128 92
-20.17632293701172 -0.7372536659240723 -0.36016881465911865 112 132 95
-19.115955352783203 -1.394962191581726 -0.5260029435157776 89 133 46
-14.252632141113281 0.5209545493125916 -0.5025313496589661 78 117 8
-13.790203094482422 0.0012786361621692777 -0.6170448660850525 81 129 19
-13.684908866882324 -0.4931182265281677 -0.7442659139633179 105 138 59
-13.346578598022461 -0.9673924446105957 -0.856905996799469 87 127 54
-10.504718780517578 0.38983771204948425 -0.754612386226654 90 125 23
-10.109411239624023 0.007289282511919737 -0.8247506022453308 103 137 42
-10.391432762145996 -0.37081006169319153 -0.9461133480072021 104 139 83
-9.645771026611328 -0.697287380695343 -0.975347101688385 100 130 76
-7.898753643035889 0.2964417040348053 -0.8603584170341492 91 132 54
-8.146907806396484 0.010708718560636044 -0.9661253690719604 99 132 75
-7.953907012939453 -0.2800759971141815 -1.0205388069152832 94 107 77
-7.411398410797119 -0.531865119934082 -1.0263030529022217 71 99 15
-6.973902702331543 0.2667294442653656 -1.0189969539642334 87 104 72
-6.795079231262207 0.011659529991447926 -1.058251142501831 98 106 93
-6.579354286193848 -0.22903035581111908 -1.0902189016342163 90 117 74
-6.048384666442871 -0.43362656235694885 -1.066611886024475 96 136 63
-5.960299015045166 0.23525522649288177 -1.0971391201019287 65 81 54
-5.6853203773498535 0.012831386178731918 -1.101204514503479 92 133 75
-5.437872409820557 -0.18672925233840942 -1.1092745065689087 71 91 56
-5.246247291564941 -0.3755667507648468 -1.1267120838165283 111 138 85
-5.067729473114014 0.20294860005378723 -1.12931227684021 55 82 51
-4.827022552490234 0.014601179398596287 -1.123199701309204 80 94 58
-16.772174835205078 -0.6176183819770813 3.427769899368286 102 129 182
-19.833498001098633 -1.4585366249084473 3.864211320877075 88 147 191
-17.219703674316406 0.642882227897644 3.209263324737549 116 127 113
-16.54081153869629 0.006378280930221081 2.910936117172241 94 121 128
-17.110004425048828 -0.6207888126373291 2.84484601020813 98 124 151
-15.31999683380127 0.5751715302467346 2.2772529125213623 114 137 108
-16.272554397583008 0.016215182840824127 2.254531145095825 61 70 65
-32.357872009277344 -2.329038143157959 3.8649790287017822 0 65 87
-18.797119140625 0.7136009931564331 2.095327615737915 88 106 64
-18.93889808654785 0.02845797687768936 1.9200718402862549 66 81 88
-18.25777816772461 -0.6388218998908997 1.679645299911499 132 163 166
-26.488134384155273 -1.8884268999099731 2.1837151050567627 106 141 119
-18.18828010559082 0.6949381232261658 1.3561227321624756 99 129 127
-32.90676498413086 0.05978437885642052 2.1349096298217773 131 150 148
-19.955801010131836 0.7704941034317017 0.7567238807678223 75 91 81
-20.412809371948242 0.0452798567712307 0.5766007304191589 109 123 97
-24.975194931030273 -0.8494184017181396 0.4671725630760193 104 122 100
-13.935245513916016 0.5472965240478516 0.018498670309782028 163 160 125
-21.928173065185547 0.06050560623407364 -0.1806480586528778 127 133 107
-20.220458984375 -0.6767548322677612 -0.36091792583465576 97 122 56
-19.13909149169922 -1.3376327753067017 -0.5265241861343384 81 129 20
-14.2100248336792 0.563056230545044 -0.5010876059532166 100 123 71
-14.53938102722168 0.04595451429486275 -0.6505701541900635 100 147 31
-13.536659240722656 -0.44619685411453247 -0.7361253499984741 178 221 56
-13.237980842590332 -0.918703019618988 -0.8497486710548401 89 134 67
-10.466598510742188 0.4205821454524994 -0.7519631385803223 72 123 18
-10.218976020812988 0.038719892501831055 -0.8336948752403259 97 140 69
-10.360669136047363 -0.33788907527923584 -0.9432136416435242 86 110 48
-9.636946678161621 -0.6669356822967529 -0.9742433428764343 101 130 76
-7.946478843688965 0.3226495385169983 -0.865660548210144 81 117 55
-8.134920120239258 0.03565080463886261 -0.9647122025489807 109 142 73
-7.934902191162109 -0.2550351917743683 -1.0179951190948486 100 108 85
-7.443631649017334 -0.5112288594245911 -1.030544638633728 77 110 41
-6.926584243774414 0.2862038016319275 -1.0122065544128418 57 82 43
-6.795011520385742 0.03250648453831673 -1.058251142501831 100 104 81
-6.593830585479736 -0.2092822641134262 -1.0925061702728271 86 101 62
-6.082111358642578 -0.417292982339859 -1.0723286867141724 110 139 72
-5.9300713539123535 0.2522859573364258 -1.091712236404419 53 87 52
-5.6813273429870605 0.030252730473876 -1.1004438400268555 95 123 62
-5.436460494995117 -0.16998395323753357 -1.1088749170303345 57 82 50
-5.2395710945129395 -0.3589351177215576 -1.125036358833313 81 118 40
-5.080735683441162 0.21908392012119293 -1.1323550939559937 84 96 74
-4.825981140136719 0.029404273256659508 -1.122973084449768 86 100 65
-16.99431610107422 -0.5735956430435181 3.4727931022644043 101 145 192
-17.099773406982422 0.690945565700531 3.1872918605804443 66 100 99
-16.94844627380371 0.05853288620710373 2.982691526412964 74 101 108
-17.018165588378906 -0.5651825666427612 2.8292746543884277 102 137 179
-12.724777221679688 0.5168358087539673 1.8917111158370972 78 93 54
-15.771220207214355 0.0641014575958252 2.185089111328125 72 101 131
-18.812503814697266 -0.6116257309913635 2.4249019622802734 112 161 193
-32.4173698425293 -2.2333719730377197 3.871248960494995 111 173 210
-17.198070526123047 0.7057411670684814 1.917312741279602 92 103 71
-17.62447166442871 0.08055463433265686 1.786828637123108 119 150 171
-19.659034729003906 -0.6274698376655579 1.8083698749542236 95 123 126
-18.59856605529785 0.7677642107009888 1.3868827819824219 115 141 102
-32.94135284423828 0.16091123223304749 2.1371755599975586 137 151 128
-17.655986785888672 0.7359535098075867 0.6695974469184875 95 121 86
-17.82064437866211 0.09420375525951385 0.503385603427887 121 137 101
-24.661890029907227 -0.7630211710929871 0.46126610040664673 124 126 105
-22.44260025024414 -1.5060293674468994 0.20414628088474274 121 129 108
-13.92350959777832 0.5896235704421997 0.018485406413674355 156 161 121
-21.925886154174805 0.1277683675289154 -0.1806315928697586 98 100 87
-19.844675064086914 -0.6032329201698303 -0.3541758060455322 101 131 57
-19.131135940551758 -1.278109073638916 -0.5261949896812439 87 129 29
-14.254159927368164 0.6086103916168213 -0.5027074217796326 79 110 16
-14.484227180480957 0.09021825343370438 -0.6481116414070129 89 136 34
-13.847369194030762 -0.4139133095741272 -0.7529491782188416 146 192 24
-13.090375900268555 -0.86811363697052 -0.8400989770889282 75 121 49
-10.690467834472656 0.46243301033973694 -0.7681452035903931 65 112 32
-10.026453018188477 0.06875208765268326 -0.8180016279220581 88 133 40
-10.295957565307617 -0.3041605055332184 -0.937233030796051 99 138 71
-9.623063087463379 -0.6363164782524109 -0.9726378321647644 85 108 62
-7.990145206451416 0.34897953271865845 -0.8705298900604248 112 141 57
-8.066254615783691 0.06009772792458534 -0.9565865397453308 183 225 87
-7.9723310470581055 -0.23175643384456635 -1.0227010250091553 104 113 84
-7.453073024749756 -0.48890846967697144 -1.0316392183303833 100 135 77
-6.90194845199585 0.30639970302581787 -1.0087391138076782 74 99 59
-6.80377197265625 0.0534229576587677 -1.0596359968185425 115 135 108
-6.582607746124268 -0.18871241807937622 -1.090545654296875 78 82 59
-6.094173431396484 -0.3993397653102875 -1.0742342472076416 87 124 29
-5.900777816772461 0.26917827129364014 -1.0864661931991577 95 117 71
-5.663536548614502 0.047534339129924774 -1.0970209836959839 91 111 76
-5.438915729522705 -0.1533595770597458 -1.1092745065689087 49 75 30
-5.27967643737793 -0.3454120457172394 -1.1334149837493896 77 108 41
-5.087840557098389 0.23503072559833527 -1.1340938806533813 95 107 85
-4.835607528686523 0.04429925978183746 -1.125239372253418 87 111 61
-16.085233688354492 -0.49351194500923157 3.2866969108581543 88 138 197
-16.438539505004883 0.7147487998008728 3.064436197280884 97 146 189
-16.83296012878418 0.10977824032306671 2.9624128341674805 91 116 112
-18.765085220336914 -0.5655703544616699 3.1193974018096924 102 136 135
-12.684591293334961 0.55418860912323 1.8859808444976807 94 135 139
-17.985736846923828 0.12828359007835388 2.4919512271881104 90 115 93
-16.892017364501953 -0.4973137378692627 2.177147626876831 114 159 180
-17.326885223388672 0.7642818093299866 1.931925892829895 128 144 133
-17.249074935913086 0.1317603588104248 1.7488025426864624 115 146 138
-19.484683990478516 -0.5620714426040649 1.792164921760559 97 141 118
-17.561012268066406 0.7789084911346436 1.309685230255127 99 113 90
-33.15325164794922 0.26366350054740906 2.150965452194214 57 72 41
-17.661632537841797 0.7904753088951111 0.6699004173278809 68 75 57
-28.394683837890625 0.23721833527088165 0.8020908236503601 154 165 125
-22.4600887298584 -1.437999963760376 0.20426426827907562 117 127 103
-17.657779693603516 0.80203777551651 0.023446328938007355 133 136 109
-14.503934860229492 0.12901851534843445 -0.11949018388986588 112 117 95
-20.216236114501953 -0.5524531602859497 -0.36077526211738586 126 140 91
-19.014257431030273 -1.2117170095443726 -0.5228755474090576 84 131 35
-16.296815872192383 0.7459216117858887 -0.5748246312141418 91 118 41
-14.379990577697754 0.13368894159793854 -0.6434627771377563 87 136 57
-12.829444885253906 -0.34409451484680176 -0.6975389719009399 97 144 52
-13.024255752563477 -0.8236031532287598 -0.8356894850730896 80 115 31
-10.465813636779785 0.48488837480545044 -0.7521063685417175 121 163 53
-9.878692626953125 0.09804848581552505 -0.8059674501419067 95 135 49
-10.232132911682129 -0.2708585858345032 -0.9313430786132812 86 127 48
-9.612060546875 -0.6059764623641968 -0.9713333249092102 96 125 77
-8.053585052490234 0.3765089511871338 -0.8775634169578552 83 126 47
-8.04517936706543 0.08462502062320709 -0.9541135430335999 97 142 83
-7.982920169830322 -0.2075543850660324 -1.0239728689193726 97 108 78
-7.461458206176758 -0.4664731025695801 -1.0325969457626343 90 121 51
-6.862428665161133 0.3257433772087097 -1.0031044483184814 85 105 56
-6.804564476013184 0.07430717349052429 -1.059790015220642 106 110 96
-6.573293685913086 -0.16826392710208893 -1.0889118909835815 74 110 38
-6.099302291870117 -0.3808867931365967 -1.0749272108078003 62 93 34
-5.857683181762695 0.28522351384162903 -1.0786876678466797 104 112 91
-5.621151924133301 0.06442579627037048 -1.0888442993164062 84 106 57
-5.439360618591309 -0.1366724967956543 -1.1092745065689087 55 94 47
-5.22410774230957 -0.3256838023662567 -1.1212660074234009 95 107 61
-5.083195686340332 0.25044673681259155 -1.1332244873046875 77 85 62
-4.842266082763672 0.05921785533428192 -1.1268258094787598 66 81 40
-19.108123779296875 -0.5275846123695374 3.90401554107666 69 110 162
-19.150554656982422 -1.2312157154083252 3.728785753250122 78 124 176
-9.144680976867676 0.42572376132011414 1.7049667835235596 98 150 197
-16.686790466308594 0.1600227653980255 2.9367611408233643 86 99 56
-16.00364112854004 -0.4332030415534973 2.6601178646087646 119 162 155
-16.71710968017578 0.7817613482475281 2.4858920574188232 101 115 56
-16.830350875854492 0.17168156802654266 2.331932783126831 79 96 64
-17.115550994873047 -0.4513438940048218 2.2057688236236572 112 146 158
-17.193416595458984 0.8112532496452332 1.917312741279602 110 139 143
-17.508243560791016 0.18745924532413483 1.7751283645629883 77 104 89
-20.780427932739258 -0.5356484055519104 1.9111849069595337 128 164 186
-17.521684646606445 0.8310331702232361 1.3069360256195068 119 139 102
-33.17424011230469 0.36561694741249084 2.1523897647857666 116 118 79
-17.666112899780273 0.8449909090995789 0.6701654195785522 61 67 53
-22.225847244262695 -1.3545483350753784 0.20209519565105438 121 131 107
-19.456117630004883 0.9435427188873291 0.025837916880846024 118 127 108
-14.512470245361328 0.1736230105161667 -0.11956431716680527 101 120 92
-20.13787269592285 -0.4884883463382721 -0.3593483567237854 118 137 82
-18.934072494506836 -1.148293375968933 -0.5205711722373962 93 133 34
-14.74026870727539 0.7200007438659668 -0.519997239112854 84 126 54
-14.399491310119629 0.17805254459381104 -0.6443568468093872 80 118 41
-13.492277145385742 -0.3204518258571625 -0.7335203289985657 150 174 60
-12.997832298278809 -0.7819035649299622 -0.8338361978530884 89 128 65
-10.458298683166504 0.5166994333267212 -0.7516767382621765 87 133 43
-9.834493637084961 0.12778563797473907 -0.8023896217346191 105 145 30
-10.158243179321289 -0.2377181351184845 -0.9245468974113464 97 130 77
-9.524489402770996 -0.5711243748664856 -0.9623023271560669 110 128 86
-7.8031744956970215 0.3887978494167328 -0.8504033088684082 95 144 53
-8.035945892333984 0.10918546468019485 -0.9530537128448486 89 122 51
-8.001367568969727 -0.1834714263677597 -1.0262621641159058 93 115 79
-7.4371442794799805 -0.44205132126808167 -1.0290395021438599 115 146 79
-6.839655876159668 0.3456965982913971 -0.9999260306358337 70 94 44
-6.800352573394775 0.0951276496052742 -1.0591744184494019 90 114 92
-6.560956954956055 -0.14780770242214203 -1.0867879390716553 97 113 64
-6.1063408851623535 -0.36252281069755554 -1.075966715812683 76 113 59
-5.815528869628906 0.3010577857494354 -1.0710899829864502 84 88 71
-5.655285358428955 0.08217015117406845 -1.0954997539520264 61 78 33
-5.44269323348999 -0.12004894763231277 -1.1098737716674805 89 118 70
-5.109902381896973 -0.30282899737358093 -1.096549153327942 73 86 56
-5.086302280426025 0.26624470949172974 -1.1340938806533813 85 103 87
-4.857644081115723 0.07431181520223618 -1.130452036857605 109 143 69
-18.91767692565918 -0.46424803137779236 3.864795446395874 78 110 121
-19.117008209228516 -1.1701778173446655 3.7215375900268555 130 170 172
-17.277284622192383 0.8574596643447876 3.2217135429382324 89 149 186
-15.77824878692627 0.19972313940525055 2.776958703994751 78 101 73
-16.377676010131836 -0.3930489122867584 2.722076416015625 109 134 112
-17.213533401489258 0.8579099178314209 2.560091257095337 101 137 149
-16.769329071044922 0.22251386940479279 2.323561429977417 34 53 49
-31.99482536315918 -0.7454968094825745 4.123023509979248 113 150 168
-16.326290130615234 0.8205462098121643 1.8208880424499512 51 62 46
-16.35759162902832 0.22533132135868073 1.6585280895233154 113 128 109
-17.633586883544922 0.8905695676803589 1.3154805898666382 62 78 52
-32.69401550292969 0.4606442153453827 2.1213138103485107 124 142 128
-17.667428970336914 0.8993890285491943 0.6703168749809265 127 143 116
-20.365739822387695 0.2951212525367737 0.5753301382064819 93 103 79
-24.673866271972656 -0.5361371636390686 0.4613782465457916 119 134 105
-21.892475128173828 -1.2668287754058838 0.1990276426076889 116 126 101
-17.701459884643555 0.9128924012184143 0.02351132407784462 157 181 145
-24.18244743347168 0.363516241312027 -0.19924090802669525 103 111 70
-19.905364990234375 -0.4217478930950165 -0.35517463088035583 102 133 73
-18.561269760131836 -1.0685398578643799 -0.5102288722991943 90 132 46
-16.392732620239258 0.8511366844177246 -0.5783811807632446 84 120 32
-13.551825523376465 0.20915552973747253 -0.6064508557319641 87 126 45
-13.502181053161621 -0.2792423963546753 -0.7340087890625 89 139 26
-12.797914505004883 -0.7304787635803223 -0.8208634257316589 66 110 25
-10.593125343322754 0.5559442639350891 -0.7614861726760864 78 119 13
-9.778247833251953 0.15706045925617218 -0.797836184501648 178 207 31
-10.151955604553223 -0.2064102590084076 -0.9239125847816467 98 138 65
-9.782480239868164 -0.5564797520637512 -0.9881911873817444 94 104 70
-8.022333145141602 0.42439472675323486 -0.8744254112243652 76 110 50
-8.037558555603027 0.13387195765972137 -0.9532892107963562 74 118 55
-7.990984916687012 -0.15870606899261475 -1.0248631238937378 93 99 61
-7.502752304077148 -0.4228556156158447 -1.0379329919815063 107 137 83
-6.828681945800781 0.3661489188671112 -0.9984812140464783 74 105 64
-6.792125225067139 0.11585558205842972 -1.057943344116211 124 141 109
-6.554474830627441 -0.12754391133785248 -1.0856443643569946 73 104 63
-6.114307403564453 -0.3441745638847351 -1.0771793127059937 74 91 46
-5.828326225280762 0.3196521997451782 -1.0736225843429565 89 102 84
-5.719792366027832 0.10066007077693939 -1.1080502271652222 53 75 36
-5.464588165283203 -0.10375966876745224 -1.11426842212677 90 113 59
-5.205506324768066 -0.2924712598323822 -1.1168673038482666 71 103 56
-5.064994812011719 0.28071367740631104 -1.129529595375061 59 81 58
-4.854471206665039 0.08916084468364716 -1.1297720670700073 88 111 65
-16.295780181884766 -0.3498842120170593 3.328918933868408 91 130 163
-17.616214752197266 0.9284679889678955 3.2854299545288086 66 90 76
-15.763775825500488 0.24791237711906433 2.7745323181152344 104 117 107
-18.08799171447754 -0.37857356667518616 3.0061347484588623 87 115 116
-18.660858154296875 0.9874454736709595 2.775782823562622 88 99 85
-16.82105827331543 0.27481797337532043 2.3308348655700684 91 97 83
-17.657428741455078 -0.35722965002059937 2.275278091430664 124 161 177
-18.579519271850586 0.9909459352493286 2.0725221633911133 99 122 94
-16.298131942749023 0.27452605962753296 1.6525770425796509 98 109 105
-17.628782272338867 0.944557785987854 1.315332055091858 110 118 97
-32.43602752685547 0.5565460920333862 2.104675531387329 109 129 118
-28.60036277770996 -1.5834863185882568 1.3077374696731567 99 113 88
-17.748403549194336 0.9581124186515808 0.6734974980354309 78 92 77
-20.285781860351562 0.35621461272239685 0.5730994939804077 117 137 102
-24.433349609375 -1.3386603593826294 0.22208870947360992 125 132 99
-17.694583892822266 0.9669771790504456 0.02350601926445961 121 138 102
-23.700315475463867 0.4290003776550293 -0.19527851045131683 121 132 98
-20.077510833740234 -0.3637743890285492 -0.35822466015815735 102 140 67
-18.910816192626953 -1.0304627418518066 -0.5197481513023376 98 139 60
-16.375076293945312 0.9006016254425049 -0.5778529047966003 80 115 33
-14.402122497558594 0.26647672057151794 -0.6445356011390686 73 106 19
-13.589832305908203 -0.23934675753116608 -0.7387303113937378 93 142 51
-12.684501647949219 -0.6849697232246399 -0.8134504556655884 100 125 68
-10.36430549621582 0.575825572013855 -0.7451609969139099 31 102 10
-9.752808570861816 0.18658235669136047 -0.795803427696228 92 129 49
-10.120677947998047 -0.17471346259117126 -0.9210129380226135 80 124 45
-9.877532005310059 -0.5314900279045105 -0.9976235628128052 101 112 80
-7.745058059692383 0.4335583746433258 -0.8443437218666077 75 108 17
-7.981510639190674 0.15743352472782135 -0.9466944932937622 83 131 55
-7.968624591827393 -0.13380631804466248 -1.0219379663467407 105 117 97
-7.512916564941406 -0.40030986070632935 -1.039164423942566 107 131 81
-6.816658973693848 0.3864811658859253 -0.996891975402832 63 95 30
-6.781858921051025 0.13649414479732513 -1.0564044713974 107 125 99
-6.552862167358398 -0.10740212351083755 -1.0853174924850464 80 89 68
-6.126152992248535 -0.3259901702404022 -1.079084873199463 92 122 52
-5.8322272300720215 0.337816059589386 -1.0745270252227783 122 143 110
-5.729272365570068 0.11841053515672684 -1.1099518537521362 97 119 57
-5.476637363433838 -0.0871812105178833 -1.1166656017303467 79 110 53
-5.259106636047363 -0.27929985523223877 -1.128178358078003 69 95 48
-5.060212135314941 0.29602354764938354 -1.1286603212356567 71 83 71
-4.863912582397461 0.10426247119903564 -1.1320384740829468 100 128 69
-16.1302433013916 -0.29682332277297974 3.2949013710021973 104 127 141
-19.589401245117188 -1.0784879922866821 3.8121390342712402 94 136 184
-18.371057510375977 1.0247796773910522 3.4267783164978027 89 98 79
-17.118860244750977 0.32175907492637634 3.0131959915161133 88 108 115
-16.391616821289062 -0.2927613854408264 2.724043369293213 31 67 41
-20.793920516967773 1.1643012762069702 3.093590497970581 115 128 82
-15.893165588378906 0.30843356251716614 2.202380895614624 56 57 49
-17.110055923461914 -0.2936443090438843 2.2046189308166504 114 155 157
-17.924467086791992 1.0111656188964844 1.9997886419296265 70 83 73
-18.788169860839844 -0.31129196286201477 1.7276195287704468 76 81 84
-29.04833221435547 -1.5341627597808838 2.392047166824341 135 160 165
-17.601905822753906 0.9972838163375854 1.3135488033294678 59 52 34
-20.082664489746094 0.40621820092201233 1.3031779527664185 120 142 140
-19.3316593170166 1.103073000907898 0.7337021827697754 82 94 80
-20.26360511779785 0.41801586747169495 0.5725065469741821 97 113 100
-21.25070571899414 -0.3313170075416565 0.3973228633403778 115 135 110
-24.54519271850586 -1.2692707777023315 0.22306886315345764 136 136 102
-17.704511642456055 1.0220080614089966 0.02352326363325119 101 121 86
-23.116037368774414 0.48937085270881653 -0.19047583639621735 124 137 120
-19.92457389831543 -0.2998586893081665 -0.35547783970832825 82 118 44
-18.561485290527344 -0.9543219208717346 -0.5100642442703247 93 132 17
-16.433095932006836 0.9543699026107788 -0.5800009965896606 83 118 50
-14.404233932495117 0.31072521209716797 -0.6446697115898132 95 126 56
-13.377839088439941 -0.1945597380399704 -0.7271706461906433 91 130 24
-12.629733085632324 -0.6431580185890198 -0.8098078370094299 76 123 31
-10.267895698547363 0.6020734310150146 -0.7383587956428528 115 150 24
-8.39005184173584 0.18626263737678528 -0.6846494674682617 98 143 60
-9.978769302368164 -0.14164161682128906 -0.9080550074577332 70 113 34
-9.858248710632324 -0.5001251101493835 -0.9955163598060608 95 112 67
-7.848886013031006 0.4635302722454071 -0.8558136820793152 71 116 57
-7.9551777839660645 0.1813313513994217 -0.9436326622962952 82 116 55
-7.908498287200928 -0.10852806270122528 -1.0141795873641968 94 125 68
-7.510152339935303 -0.3770599961280823 -1.0386171340942383 106 129 85
-6.820380210876465 0.407687783241272 -0.9976143836975098 68 94 55
-6.766590595245361 0.1569562554359436 -1.0540963411331177 120 133 113
-6.555133819580078 -0.08732400834560394 -1.0856443643569946 75 93 51
-6.142862796783447 -0.3079829514026642 -1.0818567276000977 81 118 67
-5.809566497802734 0.35439008474349976 -1.0705472230911255 90 92 79
-5.723974227905273 0.13587065041065216 -1.1090010404586792 99 132 77
-5.486677169799805 -0.07050461322069168 -1.1186633110046387 72 90 52
-5.15446662902832 -0.2578868865966797 -1.1055561304092407 72 96 62
-5.052460670471191 0.311126708984375 -1.1271388530731201 68 76 52
-4.858701229095459 0.11906494945287704 -1.130905270576477 94 141 61
-16.196714401245117 -0.2483414262533188 3.3083081245422363 109 149 185
-17.253582000732422 -0.8968052268028259 3.357032299041748 99 151 188
-13.838679313659668 0.8145493268966675 2.581801652908325 107 119 99
-14.184579849243164 0.3101433217525482 2.496870994567871 87 114 121
-16.634096145629883 -0.246045783162117 2.7642014026641846 110 150 162
-17.192655563354492 -0.8779934644699097 2.6902658939361572 101 160 204
-17.23749351501465 1.018227458000183 2.5649399757385254 115 150 156
-18.441146850585938 0.4144830107688904 2.555629253387451 97 110 92
-17.46788787841797 -0.24618151783943176 2.250617742538452 105 139 141
-29.180315017700195 -1.4712860584259033 3.4808590412139893 119 171 208
-17.53138542175293 1.0429571866989136 1.956281304359436 69 112 128
-18.832849502563477 -0.25424066185951233 1.7316479682922363 124 162 175
-17.336978912353516 -0.8623086214065552 1.4274260997772217 131 152 153
-19.454303741455078 1.162123680114746 1.4520440101623535 67 82 61
-18.498279571533203 1.1124669313430786 0.70219886302948 88 101 71
-20.186279296875 0.4783819317817688 0.5703606605529785 122 139 105
-31.441041946411133 -0.39371418952941895 0.5878254771232605 111 132 99
-22.04303741455078 -1.0720828771591187 0.2002982348203659 134 146 122
-19.042814254760742 1.1578905582427979 0.025306010618805885 93 103 76
-24.17407989501953 0.5859732627868652 -0.19920796155929565 115 110 78
-20.639236450195312 -0.24728214740753174 -0.3682129979133606 110 142 57
-18.51839828491211 -0.8951514363288879 -0.5088023543357849 84 124 28
-13.194147109985352 0.8068875074386597 -0.4657684862613678 91 119 68
-14.420190811157227 0.35533368587493896 -0.6454296708106995 102 134 58
-12.64450454711914 -0.145095095038414 -0.6872818470001221 76 123 17
-12.539939880371094 -0.6000194549560547 -0.803928554058075 83 124 56
-9.50341796875 0.5865088105201721 -0.6835117340087891 93 139 40
-9.618962287902832 0.24307221174240112 -0.7849888205528259 104 137 46
-9.880570411682129 -0.10992966592311859 -0.8990840911865234 87 133 45
-9.820978164672852 -0.4680309593677521 -0.9916029572486877 116 133 97
-7.648983955383301 0.47527769207954407 -0.8341721892356873 92 131 64
-7.9128899574279785 0.20465825498104095 -0.9386866092681885 59 98 35
-7.874080181121826 -0.0838947594165802 -1.0097280740737915 93 139 74
-7.5350213050842285 -0.3551366627216339 -1.0419007539749146 72 100 52
-6.818109512329102 0.4285484254360199 -0.9974699020385742 70 105 51
-6.764101982116699 0.17766325175762177 -1.0537885427474976 122 138 111
-6.544519424438477 -0.06710146367549896 -1.083847165107727 79 102 60
-6.150665283203125 -0.28945955634117126 -1.0830693244934082 75 99 47
-5.808452129364014 0.37221190333366394 -1.0705472230911255 89 108 80
-5.719604969024658 0.15332567691802979 -1.1082403659820557 65 77 53
-5.464332103729248 -0.05345095694065094 -1.1140687465667725 60 74 41
-5.184535503387451 -0.2434479147195816 -1.1118401288986206 71 84 64
-5.041741371154785 0.32599613070487976 -1.1249654293060303 65 84 62
-4.849550724029541 0.13372904062271118 -1.1288655996322632 109 142 85
-16.212095260620117 -0.19882966578006744 3.311309576034546 84 109 67
-17.21213150024414 -0.8417101502418518 3.3484489917755127 99 146 190
-17.190889358520508 1.0647950172424316 3.2077982425689697 103 132 114
-14.184545516967773 0.35368409752845764 2.497044324874878 127 134 101
-17.700092315673828 -0.20750084519386292 2.94122576713562 61 92 138
-16.93670654296875 -0.8128339648246765 2.649812936782837 102 153 196
-17.187889099121094 1.0682228803634644 2.5580344200134277 83 103 138
-16.783159255981445 0.4287378787994385 2.3260316848754883 68 71 62
-17.435834884643555 -0.19222882390022278 2.246401309967041 94 99 102
-16.164222717285156 1.011399507522583 1.804060935974121 105 118 101
-18.85790252685547 0.4912899136543274 1.9125068187713623 75 86 90
-18.055862426757812 -0.18834878504276276 1.6601444482803345 92 130 133
-17.319631576538086 -0.8081863522529602 1.4257869720458984 123 157 167
-18.714143753051758 1.1755393743515015 1.397062063217163 38 36 21
-17.074159622192383 0.45018717646598816 1.1081123352050781 94 107 100
-32.605804443359375 -0.3236207365989685 1.7990609407424927 121 135 109
-28.84423828125 -1.3308240175247192 1.3182727098464966 123 135 113
-18.397045135498047 1.1630350351333618 0.6984881162643433 93 107 84
-31.959800720214844 0.8555091619491577 0.9030898213386536 101 115 92
-24.86154556274414 -0.23504021763801575 0.4647987484931946 111 124 117
-25.192829132080078 -1.1478136777877808 0.22888632118701935 114 125 91
-13.22203540802002 0.8446828722953796 0.017574135214090347 105 121 82
-13.685434341430664 0.3737455904483795 -0.11278456449508667 107 122 81
-19.846054077148438 -0.17688527703285217 -0.3540509343147278 100 138 55
-18.554012298583984 -0.8398252725601196 -0.5097076892852783 79 128 23
-15.905330657958984 1.0216785669326782 -0.5615843534469604 97 107 57
-14.3900728225708 0.3987700045108795 -0.6441333293914795 88 139 20
-12.832606315612793 -0.10787968337535858 -0.6974846720695496 79 125 27
-12.52277946472168 -0.560696542263031 -0.8027143478393555 126 160 65
-10.260026931762695 0.6648067831993103 -0.738072395324707 113 151 30
-10.244836807250977 0.2903415262699127 -0.8361343145370483 106 143 63
-9.87588119506836 -0.07957585901021957 -0.8986309766769409 74 111 8
-9.811433792114258 -0.43741095066070557 -0.9904990792274475 112 133 94
-7.6445136070251465 0.49854809045791626 -0.8338475823402405 90 130 57
-7.86358642578125 0.22752638161182404 -0.9329162836074829 68 108 45
-7.853471279144287 -0.05957901105284691 -1.0070570707321167 84 113 67
-7.543003082275391 -0.3323230743408203 -1.042858600616455 96 121 79
-6.8128132820129395 0.4492036700248718 -0.996891975402832 103 127 77
-6.753648281097412 0.19812463223934174 -1.0522496700286865 119 150 93
-6.532855987548828 -0.046937789767980576 -1.081886649131775 75 104 74
-6.155460357666016 -0.2707613408565521 -1.083762288093567 80 104 44
-5.807282447814941 0.39003023505210876 -1.0705472230911255 85 113 75
-5.707332134246826 0.1705206334590912 -1.1059584617614746 89 96 63
-5.471329212188721 -0.03673241659998894 -1.1154670715332031 95 116 75
-5.215541362762451 -0.2288697361946106 -1.1183335781097412 87 103 76
-5.027083396911621 0.3405388593673706 -1.1219226121902466 64 97 40
-4.836462020874023 0.1482187807559967 -1.1259193420410156 94 127 70
-16.300804138183594 -0.1499015837907791 3.3293187618255615 109 129 138
-17.265625 -0.791236937046051 3.358367443084717 115 133 153
-12.347168922424316 0.8028107285499573 2.304414987564087 82 93 85
-13.828981399536133 0.387274831533432 2.4346485137939453 84 97 79
-19.69325065612793 -0.17044247686862946 3.272326946258545 93 145 169
-17.194759368896484 -0.7723517417907715 2.689802646636963 107 156 197
-19.618593215942383 1.279723882675171 2.920361280441284 66 81 60
-17.308513641357422 0.4952993392944336 2.3990416526794434 69 77 53
-17.424440383911133 -0.13864082098007202 2.2448678016662598 121 154 185
-19.50214195251465 1.2803317308425903 2.1770284175872803 122 163 181
-18.90006446838379 0.5504171848297119 1.916944980621338 75 88 62
-17.718788146972656 -0.13046769797801971 1.6291075944900513 136 169 188
-17.369821548461914 -0.7571299076080322 1.4297208786010742 117 142 149
-18.64776039123535 1.2288169860839844 1.392381191253662 52 53 47
-17.169452667236328 0.5054159760475159 1.1143922805786133 119 141 120
-28.84718894958496 -1.2422819137573242 1.3182271718978882 100 114 101
-17.84598731994629 1.1831783056259155 0.6777004599571228 103 117 91
-29.080453872680664 0.8677232265472412 0.8217993378639221 111 130 102
-24.711179733276367 -0.15780089795589447 0.46197637915611267 100 113 104
-24.587806701660156 -1.0446674823760986 0.22335930168628693 119 130 98
-13.069717407226562 0.8752211332321167 0.017375167459249496 108 121 93
-23.823200225830078 0.7237548232078552 -0.19634942710399628 151 177 152
-20.95030975341797 -0.12244906276464462 -0.3737422525882721 65 70 29
-18.506563186645508 -0.7807915210723877 -0.5083360075950623 97 135 50
-16.87132453918457 1.1357136964797974 -0.5958117842674255 58 97 18
-14.335859298706055 0.44128718972206116 -0.6417641639709473 85 128 49
-12.633174896240234 -0.06744316965341568 -0.6866306066513062 79 131 21
-12.387839317321777 -0.516578197479248 -0.7939593195915222 78 116 31
-10.532598495483398 0.7149240970611572 -0.7578344941139221 99 136 58
-10.021745681762695 0.31479284167289734 -0.8180016279220581 98 131 18
-9.838235855102539 -0.04908788949251175 -0.8951876163482666 118 170 70
-9.80179500579834 -0.40685394406318665 -0.9893953204154968 116 134 92
-7.646915435791016 0.5222697854042053 -0.8342804312705994 76 126 37
-7.804291725158691 0.24977625906467438 -0.9259682893753052 64 108 47
-7.8595685958862305 -0.03551150858402252 -1.0078202486038208 106 132 95
-7.546956539154053 -0.30930158495903015 -1.0432690382003784 100 133 80
-6.575471878051758 0.4538196921348572 -0.9623619318008423 93 130 37
-6.735232353210449 0.2182675302028656 -1.0494797229766846 78 86 49
-6.523103713989258 -0.026854434981942177 -1.0802528858184814 69 94 55
-6.159214019775391 -0.25199615955352783 -1.0842819213867188 93 108 65
-5.80900239944458 0.40805166959762573 -1.0710899829864502 109 119 92
-5.7234625816345215 0.1885792762041092 -1.1091911792755127 79 94 63
-5.4733757972717285 -0.019953589886426926 -1.1158666610717773 91 120 76
-5.2562761306762695 -0.21450228989124298 -1.126921534538269 87 99 63
-5.025041580200195 0.3558911681175232 -1.1217052936553955 95 117 70
-4.823329925537109 0.16262945532798767 -1.122973084449768 90 117 64
-17.91484832763672 -0.10977894067764282 3.6588892936706543 95 110 89
-17.29543113708496 -0.7394370436668396 3.363708019256592 103 141 180
-16.172801971435547 1.1013901233673096 3.019028902053833 108 131 113
-16.70411491394043 0.519084095954895 2.941094160079956 92 102 77
-19.688749313354492 -0.10999608784914017 3.271507501602173 88 114 101
-17.18914794921875 -0.719264805316925 2.6885671615600586 106 155 187
-14.188888549804688 0.9692684412002563 2.1125454902648926 85 102 118
-17.40690803527832 0.5515672564506531 2.412902593612671 83 85 82
-17.46247100830078 -0.08536698669195175 2.249723196029663 120 163 179
-17.109392166137695 -0.7048596739768982 2.040083408355713 127 146 150
-16.22711753845215 1.1153327226638794 1.8118102550506592 86 104 82
-16.417295455932617 0.5285277366638184 1.6652859449386597 88 88 90
-16.870691299438477 -0.0724625289440155 1.551103949546814 99 131 146
-17.920759201049805 -0.726067066192627 1.4748784303665161 129 154 151
-16.756628036499023 1.1558411121368408 1.251434087753296 69 78 61
-17.16682243347168 0.5580562949180603 1.1143274307250977 63 63 35
-32.55325698852539 -0.12334490567445755 1.796086072921753 101 114 86
-45.20674133300781 -1.807861566543579 2.065544843673706 70 88 72
-21.045207977294922 -0.0698232427239418 0.3934350609779358 121 121 93
-24.797725677490234 -0.9773802161216736 0.22523793578147888 115 134 104
-13.182685852050781 0.9234200119972229 0.017529034987092018 128 134 106
-14.061657905578613 0.47038131952285767 -0.11590670794248581 112 119 85
-20.64163589477539 -0.05731598287820816 -0.36823081970214844 97 126 82
-18.526851654052734 -0.7247138023376465 -0.5088297724723816 102 134 69
-13.410468101501465 0.9440798759460449 -0.47369152307510376 104 104 42
-14.308479309082031 0.4843881130218506 -0.6406019330024719 89 126 49
-12.762131690979004 -0.02897728979587555 -0.6936314702033997 86 120 23
-12.422274589538574 -0.47984156012535095 -0.7960681915283203 85 124 67
-10.245805740356445 0.727042555809021 -0.7373563647270203 165 201 77
-10.02969741821289 0.3458467721939087 -0.8187334537506104 81 128 50
-9.846306800842285 -0.01891968585550785 -0.8959124684333801 76 118 16
-9.771181106567383 -0.37555772066116333 -0.986184298992157 115 132 96
-7.849547863006592 0.5603087544441223 -0.8565711379051208 74 112 37
-7.784632682800293 0.27305689454078674 -0.9237307906150818 63 93 41
-7.855673313140869 -0.011392773129045963 -1.0073115825653076 102 141 74
-7.5518293380737305 -0.2862964868545532 -1.043816328048706 83 107 59
-6.5947747230529785 0.4754851460456848 -0.965395987033844 100 141 49
-6.731568813323975 0.23882481455802917 -1.049018144607544 112 129 74
-6.521182060241699 -0.006839638575911522 -1.0799261331558228 71 84 67
-6.157005786895752 -0.23298704624176025 -1.083762288093567 69 84 51
-5.790067195892334 0.42457684874534607 -1.0678339004516602 80 100 63
-5.74247932434082 0.2068445235490799 -1.1129943132400513 62 91 60
-5.493008136749268 -0.003172733820974827 -1.1198618412017822 85 107 42
-5.279383182525635 -0.1992233246564865 -1.1317392587661743 93 104 70
-5.038527488708496 0.37238526344299316 -1.1249654293060303 107 124 92
-4.818914890289307 0.17728322744369507 -1.1220664978027344 91 125 74
-17.42905616760254 -0.6915873885154724 3.3892674446105957 100 136 172
-16.761638641357422 1.1931642293930054 3.12961745262146 124 156 143
-15.971116065979004 0.5453568696975708 2.8123161792755127 88 137 116
-19.591333389282227 -0.04934534803032875 3.255280017852783 112 137 131
-17.189300537109375 -0.6664493680000305 2.688258647918701 114 163 196
-14.187822341918945 1.012935757637024 2.112839460372925 94 101 94
-12.812799453735352 0.44534778594970703 1.7762597799301147 76 107 91
-18.043848037719727 -0.03285060450434685 2.324599027633667 118 138 126
-16.966604232788086 -0.6468424201011658 2.0228116512298584 114 131 141
-16.070959091186523 1.154147982597351 1.7947614192962646 111 130 126
-16.419572830200195 0.5790330171585083 1.665689468383789 57 72 53
-17.558931350708008 -0.021548062562942505 1.6143676042556763 97 139 163
-17.009626388549805 -0.6368879675865173 1.3997249603271484 130 156 147
-16.762950897216797 1.207961082458496 1.2521770000457764 90 102 90
-17.164031982421875 0.6106852889060974 1.1142627000808716 113 133 134
-32.49357604980469 -0.02342914417386055 1.792780876159668 134 156 120
-44.28767013549805 -1.635033130645752 2.023312568664551 100 117 85
-20.744375228881836 -0.005181950516998768 0.3878089189529419 134 127 101
-24.788616180419922 -0.9008615016937256 0.22512903809547424 109 118 97
-13.052132606506348 0.9545237421989441 0.01735924929380417 115 129 104
-14.086130142211914 0.5144686102867126 -0.11612088978290558 124 123 93
-17.472219467163086 0.0050888159312307835 -0.31168967485427856 90 104 17
-18.30122184753418 -0.6596611142158508 -0.5025750398635864 101 154 100
-16.7603816986084 1.2315958738327026 -0.5921496152877808 63 101 40
-14.319904327392578 0.5287628769874573 -0.641183078289032 86 131 64
-12.627360343933105 0.010069024749100208 -0.6863049864768982 98 137 48
-12.403740882873535 -0.44101908802986145 -0.7947900891304016 82 117 51
-9.965007781982422 0.7378501892089844 -0.7173078060150146 73 111 26
-10.0305814743042 0.3766906261444092 -0.8188960552215576 78 119 49
-9.618260383605957 0.011026985943317413 -0.8751615881919861 141 180 55
-9.753395080566406 -0.34491029381752014 -0.9842777252197266 105 126 83
-7.9766716957092285 0.5939852595329285 -0.8706381320953369 57 108 15
-7.659718036651611 0.29220661520957947 -0.9090104103088379 80 120 50
-7.81797981262207 0.0126471733674407 -1.0024784803390503 77 118 62
-7.557621955871582 -0.2632989287376404 -1.044500470161438 65 104 60
-6.605125427246094 0.49660563468933105 -0.9671297073364258 60 97 27
-6.720930576324463 0.2590952217578888 -1.047479271888733 100 116 89
-6.52314567565918 0.013171082362532616 -1.0802528858184814 74 84 59
-6.154738426208496 -0.2139938473701477 -1.0832425355911255 49 67 15
-5.771085739135742 0.4409896731376648 -1.0645776987075806 93 119 74
-5.73200798034668 0.2240777462720871 -1.1110928058624268 69 80 63
-5.443020343780518 0.01355514395982027 -1.1096739768981934 70 97 54
-5.278992652893066 -0.18299159407615662 -1.1315298080444336 78 99 56
-5.0003790855407715 0.38499411940574646 -1.116706371307373 59 82 53
-4.812509059906006 0.19183385372161865 -1.1207066774368286 76 93 59
-16.208789825439453 -0.5933667421340942 3.1516048908233643 97 148 193
-12.34611988067627 0.9169267416000366 2.305696725845337 81 106 100
-15.973305702209473 0.5944995880126953 2.813009738922119 108 126 112
-15.708627700805664 0.008627702482044697 2.6101248264312744 110 130 137
-17.175466537475586 -0.613146185874939 2.685788154602051 91 119 133
-19.696733474731445 1.4669933319091797 2.9338786602020264 67 78 70
-17.21710777282715 0.6513239145278931 2.3871021270751953 89 102 82
-18.74110221862793 0.023377006873488426 2.4144246578216553 117 149 148
-17.232479095458984 -0.6040393710136414 2.054279327392578 110 167 194
-16.175371170043945 1.2115389108657837 1.806828498840332 96 123 142
-17.02217674255371 0.6525778770446777 1.727015733718872 101 106 83
-18.020965576171875 0.0331726148724556 1.656848430633545 76 123 113
-17.033414840698242 -0.5854533910751343 1.401528000831604 114 141 136
-16.791982650756836 1.2618495225906372 1.2546290159225464 128 149 134
-17.134157180786133 0.6622617244720459 1.1124500036239624 111 126 121
-32.28575897216797 2.4391777515411377 1.2268506288528442 51 56 49
-25.995807647705078 1.015229344367981 0.7348616719245911 113 126 100
-20.77328872680664 0.058542631566524506 0.3883509635925293 105 104 86
-21.260360717773438 -0.707333505153656 0.19306497275829315 123 131 108
-13.073073387145996 0.9963865280151367 0.017391085624694824 101 119 95
-17.763479232788086 0.7033532857894897 -0.14645271003246307 125 130 100
-17.384136199951172 0.05839724466204643 -0.3101201057434082 101 117 42
-18.364103317260742 -0.6055201292037964 -0.5042484402656555 93 139 49
-15.888605117797852 1.2165555953979492 -0.5614786744117737 87 113 50
-14.351155281066895 0.5740107297897339 -0.6426581740379333 104 129 71
-12.763068199157715 0.0493340827524662 -0.69368577003479 99 135 37
-12.26340103149414 -0.39836204051971436 -0.7857155799865723 89 125 55
-10.221261978149414 0.7883619070053101 -0.7359243631362915 92 134 32
-10.03336238861084 0.40762409567832947 -0.8192213773727417 91 133 57
-9.618181228637695 0.0405353419482708 -0.8751615881919861 118 154 44
-9.737503051757812 -0.3144398033618927 -0.9825719594955444 99 121 74
-7.962918281555176 0.6175321936607361 -0.869339644908905 87 125 42
-7.683590888977051 0.3167273998260498 -0.9119545221328735 70 111 33
-7.813936710357666 0.03661374747753143 -1.0019696950912476 88 110 71
-7.558394432067871 -0.24011123180389404 -1.044500470161438 82 120 61
-6.570030212402344 0.5142422914505005 -0.9622175097465515 75 103 45
-6.713193416595459 0.27942585945129395 -1.046402096748352 95 118 92
-6.546751499176025 0.03330419585108757 -1.0841739177703857 61 74 57
-6.219351291656494 -0.19713854789733887 -1.0945029258728027 92 120 45
-5.755980014801025 0.4576018452644348 -1.0620450973510742 73 99 60
-5.695981502532959 0.24017329514026642 -1.1042470932006836 68 88 63
-5.452751159667969 0.030308492481708527 -1.1116715669631958 116 144 93
-5.283438205718994 -0.16691851615905762 -1.1323676109313965 84 110 49
-4.934957504272461 0.3951908051967621 -1.102361798286438 76 107 65
-4.827467441558838 0.20726600289344788 -1.1243329048156738 73 93 58
-16.608083724975586 0.05108899995684624 3.391951084136963 113 135 123
-16.116348266601562 -0.540477454662323 3.133293628692627 109 145 169
-19.37203025817871 1.4985042810440063 3.6186604499816895 101 120 127
-14.087902069091797 0.5676141381263733 2.481271982192993 99 119 94
-16.308300018310547 0.058990560472011566 2.7097830772399902 102 149 169
-17.074567794799805 -0.557098925113678 2.6697304248809814 86 110 74
-12.56596851348877 0.9746756553649902 1.8721696138381958 105 131 130
-17.001251220703125 0.6953981518745422 2.3574588298797607 113 137 115
-18.876815795898438 0.0814601331949234 2.431929588317871 119 159 185
-17.24913787841797 -0.5516440868377686 2.056053876876831 110 168 205
-16.240936279296875 1.266567587852478 1.8145778179168701 124 157 166
-17.386898040771484 0.7199873328208923 1.7642349004745483 74 82 58
-17.20722007751465 0.08446642011404037 1.582049012184143 97 146 151
-17.056049346923828 -0.5338476300239563 1.4032491445541382 137 162 166
-16.828792572021484 1.3165494203567505 1.2576751708984375 91 105 90
-18.655513763427734 0.778391420841217 1.2113746404647827 108 122 97
-42.90911102294922 0.23235014081001282 2.3674755096435547 100 120 92
-32.13566589355469 2.527015447616577 1.2214361429214478 93 109 98
-26.0195369720459 1.0961145162582397 0.7356240749359131 86 102 75
-20.4660701751709 0.12046720087528229 0.3826127350330353 107 128 71
-24.65074920654297 -0.7444281578063965 0.22383123636245728 137 143 117
-13.063973426818848 1.0360150337219238 0.01738312654197216 93 102 73
-17.577411651611328 0.7500039339065552 -0.1449369341135025 77 92 63
-17.439865112304688 0.11209060996770859 -0.3111189305782318 106 132 61
-18.157045364379883 -0.5429326295852661 -0.49851492047309875 105 142 47
-13.032608032226562 1.0381056070327759 -0.4606625437736511 71 106 66
-14.309403419494629 0.6163172721862793 -0.640870213508606 103 132 88
-12.719921112060547 0.08819270133972168 -0.691352128982544 97 134 65
-12.262569427490234 -0.36067789793014526 -0.785587728023529 45 102 21
-9.00979995727539 0.7227351069450378 -0.6488564014434814 97 135 26
-9.317124366760254 0.40716099739074707 -0.7608391046524048 77 136 30
-9.61203670501709 0.0699998065829277 -0.8746179342269897 88 127 62
-9.726487159729004 -0.28421536087989807 -0.981367826461792 93 117 69
-7.953058242797852 0.6413198709487915 -0.8684739470481873 69 111 37
-7.633971214294434 0.33814558386802673 -0.9061841368675232 28 95 18
-7.751301288604736 0.060101889073848724 -0.9939570426940918 73 113 53
-7.567017078399658 -0.2171485871076584 -1.0455950498580933 112 139 96
-6.407662868499756 0.5213173627853394 -0.9386677145957947 83 127 64
-6.710330486297607 0.2999320924282074 -1.0460944175720215 108 139 97
-6.5485920906066895 0.0534052848815918 -1.0845006704330444 77 92 71
-6.199252605438232 -0.17746509611606598 -1.090864896774292 72 78 40
-5.7457275390625 0.47453024983406067 -1.0604170560836792 60 84 52
-5.649122714996338 0.255561888217926 -1.0953096151351929 56 75 55
-5.448713302612305 0.04700334742665291 -1.1108726263046265 90 112 65
-5.277083396911621 -0.15051323175430298 -1.1309014558792114 72 84 38
-4.923995018005371 0.4095201790332794 -1.1001883745193481 51 72 41
-4.825835704803467 0.22203069925308228 -1.1241061687469482 73 82 63
-15.957291603088379 0.0980444997549057 3.259082555770874 107 129 126
-16.110082626342773 -0.49079152941703796 3.131767749786377 68 91 109
-12.381418228149414 0.9959745407104492 2.3133864402770996 90 127 109
-16.010683059692383 0.6942907571792603 2.820289134979248 113 132 102
-16.304096221923828 0.10899705439805984 2.709127187728882 94 112 64
-17.15125274658203 -0.5069307088851929 2.681464910507202 111 132 135
-12.56489086151123 1.0133819580078125 1.872463345527649 79 85 75
-16.809036254882812 0.7391984462738037 2.3311092853546143 116 136 111
-18.869535446166992 0.13932174444198608 2.431035041809082 125 166 188
-17.71328353881836 -0.5120937824249268 2.1111814975738525 118 145 172
-12.042760848999023 0.9763486385345459 1.3458497524261475 102 151 181
-17.378643035888672 0.7730609178543091 1.763629674911499 55 78 50
-16.895204544067383 0.13477084040641785 1.553392767906189 89 118 116
-16.904186248779297 -0.4771869480609894 1.3906277418136597 125 138 129
-16.860458374023438 1.37108314037323 1.2603501081466675 87 101 86
-17.091890335083008 0.7656854391098022 1.1099897623062134 133 148 127
-31.89171600341797 2.6063039302825928 1.212462067604065 85 98 70
-25.6975040435791 1.161537766456604 0.7266168594360352 99 101 80
-19.95871353149414 0.178716778755188 0.3731361925601959 116 128 108
-24.4799861907959 -0.6641058921813965 0.22226116061210632 127 132 110
-22.69408416748047 1.8697935342788696 0.030204592272639275 122 127 97
-17.507099151611328 0.800819993019104 -0.1443767547607422 119 122 101
-17.827360153198242 0.1692783087491989 -0.3180394172668457 107 126 71
-17.600038528442383 -0.4722371995449066 -0.48317980766296387 91 130 41
-15.127883911132812 1.2517216205596924 -0.5348573327064514 61 107 34
-14.479090690612793 0.6681355237960815 -0.6485586762428284 100 136 64
-12.69363021850586 0.12695680558681488 -0.6899411082267761 78 126 16
-12.138916969299316 -0.3197702169418335 -0.7775995135307312 79 126 54
-9.946861267089844 0.8286235928535461 -0.7165202498435974 91 128 61
-10.10932445526123 0.47285887598991394 -0.8256449699401855 80 121 43
-9.517172813415527 0.09850956499576569 -0.8660094738006592 203 215 47
-9.697474479675293 -0.2535932660102844 -0.9783574342727661 127 156 102
-7.846043586730957 0.6569243669509888 -0.8570039868354797 71 115 28
-7.744986057281494 0.36687424778938293 -0.9194913506507874 81 124 35
-7.705456733703613 0.08338852226734161 -0.9881064891815186 87 119 69
-7.563686847686768 -0.19383078813552856 -1.0450477600097656 91 99 75
-6.4435014724731445 0.5441374182701111 -0.9441578388214111 76 114 53
-6.690626621246338 0.31962186098098755 -1.0431705713272095 92 118 70
-6.54642391204834 0.07347368448972702 -1.0841739177703857 72 89 70
-6.237181186676025 -0.15940137207508087 -1.0974478721618652 77 83 55
-5.705048084259033 0.4887973964214325 -1.0531812906265259 57 81 55
-5.651254177093506 0.27303409576416016 -1.095880150794983 60 75 44
-5.448543548583984 0.06371954083442688 -1.1108726263046265 96 127 85
-5.2755656242370605 -0.13427290320396423 -1.13048255443573 54 64 30
-4.895485877990723 0.422276109457016 -1.0941028594970703 102 130 82
-4.828050136566162 0.23697836697101593 -1.124786138534546 62 82 57
-17.60384750366211 0.16217239201068878 3.595456123352051 97 108 66
-16.164501190185547 -0.4428158104419708 3.1420679092407227 90 148 188
-17.721500396728516 1.4802707433700562 3.311978578567505 104 118 103
-16.114727020263672 0.7483417391777039 2.83900785446167 73 103 91
-16.709108352661133 0.16297106444835663 2.7764949798583984 86 110 122
-17.144826889038086 -0.45409974455833435 2.680229902267456 111 145 154
-15.809595108032227 1.3239043951034546 2.3565945625305176 94 112 114
-17.444881439208984 0.8207916021347046 2.4196271896362305 103 99 61
-17.21875 0.17996400594711304 2.218418598175049 111 143 142
-18.91289710998535 -0.4887072443962097 2.253969669342041 112 151 182
-18.732507705688477 1.5765726566314697 2.093999147415161 130 179 176
-28.544254302978516 1.3575034141540527 2.897153854370117 93 114 97
-16.460567474365234 0.18180879950523376 1.5134751796722412 138 186 209
-16.89361572265625 -0.4250226318836212 1.3896443843841553 103 120 112
-16.929706573486328 1.4290106296539307 1.2658482789993286 122 143 148
-17.496139526367188 0.837587833404541 1.136404275894165 117 126 83
-34.47726058959961 0.39825791120529175 1.9023540019989014 78 111 84
-29.711933135986328 2.519951343536377 1.1298794746398926 91 115 89
-17.665374755859375 0.852797269821167 0.49957379698753357 69 78 61
-19.882089614868164 0.23903492093086243 0.37171563506126404 120 137 119
-21.545879364013672 -0.5183625817298889 0.19560615718364716 106 116 91
-24.870281219482422 2.125931739807129 0.03310951590538025 112 121 92
-17.732282638549805 0.8656439781188965 -0.1462550014257431 154 168 132
-17.826757431030273 0.22397108376026154 -0.3180394172668457 79 112 43
-17.657365798950195 -0.41956859827041626 -0.4847160577774048 108 147 82
-15.237483978271484 1.3078703880310059 -0.5388716459274292 127 140 87
-14.456019401550293 0.7115222811698914 -0.6476199626922607 85 127 27
-12.626285552978516 0.16502539813518524 -0.6863049864768982 90 134 23
-12.039074897766113 -0.2801819145679474 -0.7711451053619385 93 124 65
-9.866761207580566 0.8524396419525146 -0.7109352946281433 92 121 37
-9.730549812316895 0.4850645363330841 -0.7948276400566101 70 110 39
-9.3505277633667 0.12547580897808075 -0.8508767485618591 79 119 46
-9.66140365600586 -0.2229911983013153 -0.9746447205543518 119 150 90
-7.700383186340332 0.668524980545044 -0.841313898563385 83 119 58
-7.681341648101807 0.3874818980693817 -0.9120722413063049 53 87 36
-7.674418926239014 0.10660106688737869 -0.9841637015342712 79 119 67
-7.563255310058594 -0.1706024706363678 -1.0449109077453613 96 111 80
-6.3974432945251465 0.5600202083587646 -0.9376563429832458 62 107 50
-6.664943695068359 0.33889248967170715 -1.0393235683441162 80 109 63
-6.54123592376709 0.09348699450492859 -1.0833570957183838 88 92 65
-6.258317947387695 -0.14073018729686737 -1.101085901260376 108 142 82
-5.673152446746826 0.5036020874977112 -1.047573447227478 47 63 36
-5.63862419128418 0.28976598381996155 -1.0935982465744019 70 85 62
-5.440484523773193 0.08031942695379257 -1.1092745065689087 51 99 61
-5.227074146270752 -0.11699304729700089 -1.120009183883667 77 106 60
-4.8980560302734375 0.4376406967639923 -1.0949721336364746 100 126 91
-4.828273296356201 0.2518402338027954 -1.125012755393982 72 84 48
-16.10395622253418 -0.3917178511619568 3.1300508975982666 119 145 144
-17.97544288635254 1.5570298433303833 3.3603153228759766 134 152 136
-16.18022918701172 0.8011381030082703 2.8509671688079834 99 158 198
-16.31002426147461 0.20912358164787292 2.7102746963500977 61 97 113
-17.07897186279297 -0.39992520213127136 2.6697304248809814 97 114 122
-17.993133544921875 1.5623589754104614 2.682776927947998 119 157 168
-17.437335968017578 0.8740599751472473 2.4189412593841553 83 111 114
-19.01556396484375 -0.43298661708831787 2.26603627204895 99 144 163
-18.094913482666016 1.5788335800170898 2.0232582092285156 107 120 103
-18.55797576904297 0.9396498203277588 1.8838610649108887 46 53 46
-16.471881866455078 0.23247690498828888 1.5145739316940308 80 128 140
-16.87192153930664 -0.3726855218410492 1.3877593278884888 118 151 142
-8.51080322265625 0.7446876764297485 0.6365276575088501 109 117 93
-17.51042938232422 0.8921244740486145 1.1375049352645874 109 126 94
-18.40304183959961 0.2690489888191223 1.015466570854187 100 121 112
-17.879215240478516 -0.3855697214603424 0.816457986831665 125 138 120
-29.70406150817871 2.6110944747924805 1.1298794746398926 104 121 79
-17.659679412841797 0.9068360924720764 0.49948909878730774 157 174 138
-19.865266799926758 0.29978978633880615 0.3714165687561035 119 129 94
-21.329423904418945 -0.4476839303970337 0.19362767040729523 120 124 101
-24.857666015625 2.201693296432495 0.033101558685302734 106 120 97
-17.735532760620117 0.9203526377677917 -0.1463044136762619 111 118 85
-14.490924835205078 0.22652696073055267 -0.2585374712944031 109 122 79
-17.694549560546875 -0.3661390542984009 -0.48570361733436584 91 132 40
-15.78388500213623 1.403563380241394 -0.5583447217941284 68 94 29
-14.378945350646973 0.7519565224647522 -0.6442674398422241 95 138 46
-12.627717018127441 0.2037937492132187 -0.6864135265350342 71 129 8
-12.286322593688965 -0.24822424352169037 -0.786929726600647 92 138 66
-9.882975578308105 0.8843955397605896 -0.7122957110404968 91 137 38
-9.724039077758789 0.5146517753601074 -0.7944210767745972 98 134 12
-9.44369888305664 0.1557054966688156 -0.8593945503234863 77 125 23
-9.666021347045898 -0.19342900812625885 -0.9750460386276245 92 136 73
-7.527992248535156 0.6768344044685364 -0.822702169418335 71 105 21
-7.648385047912598 0.4093477725982666 -0.9083038568496704 71 106 52
-7.680997848510742 0.130263090133667 -0.9850540161132812 113 148 90
-7.564733505249023 -0.14741723239421844 -1.0450477600097656 101 109 88
-6.421317100524902 0.5819668173789978 -0.9414128065109253 64 109 44
-6.622433662414551 0.3571041226387024 -1.032860517501831 84 97 53
-6.533026695251465 0.11341778188943863 -1.0820499658584595 101 116 87
-6.278414249420166 -0.1219116821885109 -1.1045506000518799 102 124 86
-5.625550270080566 0.5167762041091919 -1.0390713214874268 60 92 51
-5.641629695892334 0.30727723240852356 -1.0943588018417358 82 88 74
-5.443151473999023 0.0970626249909401 -1.1098737716674805 72 107 65
-5.224475383758545 -0.10089942067861557 -1.1193808317184448 56 91 37
-4.925848960876465 0.45536118745803833 -1.1014924049377441 121 152 110
-4.811917781829834 0.26579251885414124 -1.1213866472244263 75 93 71
-16.07858657836914 -0.34174656867980957 3.124901294708252 98 119 102
-17.749290466308594 1.592318058013916 3.3189361095428467 88 124 112
-17.590993881225586 0.9250990152359009 3.1000301837921143 93 99 73
-15.859530448913574 0.2520139515399933 2.635531187057495 92 111 91
-16.238510131835938 -0.330401748418808 2.538181781768799 103 149 162
-17.984315872192383 1.617199420928955 2.6821892261505127 69 77 64
-18.648244857788086 0.9921226501464844 2.5873310565948486 115 132 139
-16.055086135864258 0.2663329243659973 2.068666934967041 111 149 172
-18.989004135131836 -0.3740980327129364 2.262723922729492 104 143 140
-18.069198608398438 1.632462739944458 2.0209333896636963 78 87 70
-18.575868606567383 0.9977009892463684 1.885979175567627 78 84 82
-16.54277992248535 0.2842426002025604 1.5211658477783203 105 140 144
-16.889925003051758 -0.32124361395835876 1.3891526460647583 124 147 165
-8.577007293701172 0.7770030498504639 0.641654372215271 129 142 125
-17.507610321044922 0.9458415508270264 1.1375049352645874 73 79 65
-18.397138595581055 0.325419157743454 1.0151910781860352 89 101 99
-29.671030044555664 2.699949026107788 1.1289328336715698 76 89 82
-17.66579818725586 0.9614999294281006 0.4997432231903076 114 118 95
-19.831266403198242 0.36013510823249817 0.3707997798919678 106 130 108
-10.86942195892334 0.9963443279266357 0.014478201046586037 119 127 112
-17.719648361206055 0.9740467667579651 -0.1461973339319229 115 117 78
-17.826047897338867 0.3333684802055359 -0.31805726885795593 86 112 65
-17.720577239990234 -0.31229159235954285 -0.48638948798179626 85 126 24
-15.904895782470703 1.4635192155838013 -0.562781572341919 109 127 65
-14.551128387451172 0.8057326078414917 -0.6520899534225464 105 132 27
-11.904232025146484 0.22865088284015656 -0.6471216678619385 85 123 46
-12.016619682312012 -0.20589594542980194 -0.7696113586425781 101 144 26
-9.847440719604492 0.9116775989532471 -0.7099328637123108 90 128 55
-9.270625114440918 0.5191808342933655 -0.7575052380561829 99 155 2
-9.47304916381836 0.1852618157863617 -0.8621130585670471 90 130 68
-9.51734733581543 -0.16124501824378967 -0.9599944353103638 124 157 86
-7.487276077270508 0.6963365077972412 -0.8184820413589478 60 103 14
-7.570750713348389 0.42848995327949524 -0.8992360830307007 59 93 33
-7.674612045288086 0.15370827913284302 -0.9842908978462219 91 128 76
-7.561188220977783 -0.12414320558309555 -1.044500470161438 87 91 68
-6.447086811065674 0.6042497754096985 -0.9454581141471863 81 132 53
-6.6203203201293945 0.37736353278160095 -1.032706618309021 61 73 51
-6.524756908416748 0.1332990825176239 -1.0807429552078247 99 103 89
-6.273835182189941 -0.10256870836019516 -1.1036843061447144 113 150 96
-5.606314182281494 0.5323591828346252 -1.0358151197433472 50 76 39
-5.627918720245361 0.3238508403301239 -1.0918867588043213 77 92 73
-5.44478702545166 0.113802470266819 -1.1102732419967651 61 79 37
-5.23160457611084 -0.08498165011405945 -1.1208471059799194 79 96 62
-4.906938552856445 0.4688003659248352 -1.0975803136825562 109 140 96
-4.827609062194824 0.2815179228782654 -1.125239372253418 76 88 74
-16.979557037353516 0.3127300441265106 3.468390703201294 139 151 127
-15.935280799865723 -0.2897927761077881 3.0968620777130127 105 125 149
-18.003726959228516 1.670838713645935 3.3674557209014893 148 159 143
-9.500076293945312 0.5288341641426086 1.6744599342346191 84 95 63
-16.277860641479492 0.30861642956733704 2.705193519592285 70 86 73
-16.241422653198242 -0.28061527013778687 2.5384905338287354 98 126 111
-17.949722290039062 1.6696184873580933 2.677781343460083 143 161 119
-17.918216705322266 1.0084209442138672 2.486461639404297 105 129 95
-16.06609344482422 0.31582191586494446 2.0702004432678223 51 60 69
-16.956724166870117 -0.2820207476615906 2.0204455852508545 95 105 107
-18.04827308654785 1.6864110231399536 2.0191619396209717 109 124 103
-17.593326568603516 0.9990695714950562 1.786526083946228 68 74 72
-19.660036087036133 0.3981415629386902 1.8079122304916382 88 134 106
-16.93467903137207 -0.2701239585876465 1.3927587270736694 108 142 141
-8.577561378479004 0.8035922646522522 0.6418772339820862 132 140 117
-19.287965774536133 1.1013818979263306 1.2533917427062988 90 104 71
-18.470922470092773 0.3834133744239807 1.0193227529525757 123 150 135
-18.165674209594727 1.7092149257659912 0.6913695931434631 97 115 77
-12.960411071777344 0.7452855110168457 0.36669671535491943 65 74 53
-18.09176254272461 0.3840721845626831 0.33829542994499207 128 122 96
-21.730709075927734 -0.3227252960205078 0.19724883139133453 65 90 61
-10.860340118408203 1.0291204452514648 0.014470241963863373 119 141 94
-17.731550216674805 1.0292744636535645 -0.1463208943605423 130 138 89
-18.383718490600586 0.4002213180065155 -0.32802775502204895 95 124 76
-17.90236473083496 -0.2605572044849396 -0.49135488271713257 98 134 60
-11.365623474121094 1.081004023551941 -0.4022786319255829 59 69 58
-14.283306121826172 0.8348652720451355 -0.6401996612548828 100 132 57
-11.916451454162598 0.2654605507850647 -0.6478272080421448 101 136 44
-12.033162117004395 -0.16925308108329773 -0.7706339359283447 94 127 38
-9.853532791137695 0.9427397847175598 -0.7105772495269775 66 102 4
-9.565485000610352 0.5651375651359558 -0.7817363739013672 84 126 50
-9.098077774047852 0.20585361123085022 -0.8280417323112488 84 116 43
-9.486956596374512 -0.13161759078502655 -0.9568837285041809 83 121 72
-7.447501182556152 0.7156902551651001 -0.8143702149391174 69 113 26
-7.522810459136963 0.4489343464374542 -0.8937012553215027 95 125 55
-7.634439945220947 0.17633678019046783 -0.979203462600708 98 130 67
-7.558562278747559 -0.10090555250644684 -1.0440900325775146 109 125 86
-6.405806541442871 0.6202120184898376 -0.9396790266036987 73 112 59
-6.566856861114502 0.3945320248603821 -1.0245507955551147 61 93 54
-6.517413139343262 0.15315388143062592 -1.079599380493164 89 110 67
-6.262302398681641 -0.08316343277692795 -1.1016055345535278 93 133 70
-5.598781585693359 0.5489807724952698 -1.0347297191619873 59 87 39
-5.609259605407715 0.340046226978302 -1.0884640216827393 79 98 78
-5.449310302734375 0.1306237131357193 -1.1112720966339111 56 73 37
-5.224018573760986 -0.06882786005735397 -1.119171380996704 77 97 70
-4.865650653839111 0.47992414236068726 -1.0886693000793457 91 119 70
-4.859776020050049 0.29835671186447144 -1.132944941520691 62 67 44
-16.618043899536133 0.3570755422115326 3.3947525024414062 109 145 169
-15.913520812988281 -0.24056141078472137 3.092475414276123 105 130 109
-13.46953010559082 1.291733741760254 2.52009916305542 131 136 129
-17.18778419494629 1.0096845626831055 3.03000807762146 113 128 107
-17.060894012451172 0.3758263885974884 2.835503101348877 83 93 84
-16.395334243774414 -0.2329617291688919 2.562422513961792 106 133 144
-17.967161178588867 1.7268562316894531 2.6811606884002686 84 100 53
-17.29901885986328 1.0268231630325317 2.400963068008423 96 130 157
-17.19541358947754 0.39080026745796204 2.215862989425659 81 99 85
-15.974553108215332 -0.21666495501995087 1.903328537940979 102 133 128
-14.090941429138184 1.3602629899978638 1.576892614364624 100 105 101
-17.595144271850586 1.053337812423706 1.7870304584503174 121 141 104
-16.531763076782227 0.38553285598754883 1.5203417539596558 128 180 202
-16.899551391601562 -0.217705637216568 1.389808177947998 111 131 138
-8.614760398864746 0.8337467908859253 0.6448493003845215 127 136 107
-19.17791175842285 1.154137134552002 1.246464490890503 69 75 39
-18.239076614379883 0.43458542227745056 1.0065971612930298 116 134 108
-18.131502151489258 1.7621352672576904 0.6902715563774109 48 60 20
-17.71544075012207 1.0732622146606445 0.5013244152069092 82 90 79
-19.864665985107422 0.48268499970436096 0.37147265672683716 106 113 97
-21.736597061157227 -0.25611379742622375 0.1972942054271698 74 96 83
-10.882013320922852 1.0648695230484009 0.014503403566777706 106 115 86
-15.445646286010742 0.9441381096839905 -0.1274808943271637 89 91 77
-18.532333374023438 0.460344135761261 -0.3307031989097595 92 118 70
-17.59821319580078 -0.20213066041469574 -0.48298779129981995 109 144 64
-15.885671615600586 1.560105562210083 -0.5624294877052307 73 79 43
-12.861783027648926 0.7913781404495239 -0.5765909552574158 125 140 97
-12.961701393127441 0.32853397727012634 -0.7047026753425598 95 138 58
-12.053582191467285 -0.1325545459985733 -0.7719119787216187 84 132 48
-9.85158634185791 0.973063588142395 -0.7106488347053528 81 110 28
-9.661194801330566 0.6005412340164185 -0.7897049784660339 117 162 20
-9.265652656555176 0.2380884438753128 -0.843355655670166 123 145 47
-9.468413352966309 -0.10230714082717896 -0.9549772143363953 94 129 71
-7.449227333068848 0.738927960395813 -0.8148030042648315 73 110 40
-7.506531715393066 0.47107893228530884 -0.891934871673584 61 108 38
-7.605108737945557 0.19900564849376678 -0.9755150675773621 69 120 54
-7.559826850891113 -0.07772592455148697 -1.0442267656326294 105 121 84
-6.381227970123291 0.6375991106033325 -0.9363561272621155 95 143 81
-6.547865390777588 0.41355589032173157 -1.0217809677124023 78 106 66
-6.500146865844727 0.1727028638124466 -1.0768219232559204 83 104 71
-6.249725341796875 -0.06381983309984207 -1.0993534326553345 98 135 81
-5.567715644836426 0.5631856322288513 -1.0293028354644775 99 125 88
-5.589574337005615 0.3560677468776703 -1.0848510265350342 63 80 62
-5.451822757720947 0.14742080867290497 -1.111871361732483 50 68 54
-5.202693939208984 -0.05258306488394737 -1.1145631074905396 55 75 47
-4.8835768699646 0.49682530760765076 -1.0930161476135254 58 60 46
-4.850090026855469 0.31270089745521545 -1.130905270576477 73 69 68
-17.00278663635254 0.4175341725349426 3.4735934734344482 117 124 106
-16.120311737060547 -0.19422176480293274 3.132530689239502 110 142 75
-9.925966262817383 0.9826461672782898 1.8576668500900269 100 116 106
-17.294702529907227 1.0692176818847656 3.0494203567504883 105 119 104
-17.394956588745117 0.43658196926116943 2.89123272895813 87 105 93
-16.057104110717773 -0.1788852959871292 2.509463310241699 69 89 96
-15.952792167663574 1.5826609134674072 2.3812785148620605 81 81 71
-17.292821884155273 1.079705834388733 2.4005513191223145 125 149 125
-16.931392669677734 0.4367753863334656 2.1820030212402344 107 157 164
-15.708045959472656 -0.1648515909910202 1.871505856513977 99 147 159
-14.051100730895996 1.3999398946762085 1.5729073286056519 115 133 135
-17.801340103149414 1.1205015182495117 1.8083131313323975 78 92 69
-16.38516616821289 0.4324142634868622 1.5069749355316162 126 163 172
-16.871238708496094 -0.16557389497756958 1.3874315023422241 106 125 119
-17.91595458984375 1.7894244194030762 1.341485619544983 106 117 87
-18.58968162536621 1.175986886024475 1.2084612846374512 68 71 52
-20.68804359436035 0.5564483404159546 1.1418421268463135 101 119 97
-32.31793975830078 -0.3002442717552185 1.475525975227356 119 140 101
-18.131975173950195 1.8183517456054688 0.6904987096786499 40 38 26
-17.66019058227539 1.1243048906326294 0.499856173992157 74 91 72
-19.926055908203125 0.5453499555587769 0.3726502060890198 115 130 99
-24.176088333129883 -0.21067821979522705 0.21942956745624542 126 141 108
-10.876705169677734 1.0980490446090698 0.014500750228762627 127 131 104
-19.037155151367188 1.2223091125488281 -0.1571536809206009 77 79 68
-17.437435150146484 0.48668140172958374 -0.31119027733802795 92 109 57
-17.271886825561523 -0.14538773894309998 -0.4740171432495117 78 127 36
-15.872856140136719 1.6080288887023926 -0.5621477365493774 116 126 76
-14.095479011535645 0.9107031226158142 -0.6320195198059082 101 127 62
-12.449593544006348 0.35377630591392517 -0.6769161820411682 97 142 41
-12.064908981323242 -0.09566108882427216 -0.7726148962974548 181 212 83
-9.968623161315918 1.0155147314071655 -0.7193126678466797 87 110 32
-9.356954574584961 0.6104529500007629 -0.764985978603363 101 150 69
-9.463973999023438 0.27224114537239075 -0.8614788055419922 218 241 71
-9.24482536315918 -0.07152602821588516 -0.9323997497558594 90 124 47
-7.486483573913574 0.7658250331878662 -0.8191313147544861 66 111 10
-7.285071849822998 0.47962379455566406 -0.8657914996147156 76 107 31
-7.569760799407959 0.22132226824760437 -0.9710635542869568 60 103 32
-7.555076599121094 -0.054496608674526215 -1.043542742729187 104 122 100
-6.346759796142578 0.6538272500038147 -0.931588351726532 81 113 38
-6.53670597076416 0.4329894185066223 -1.0202420949935913 89 111 75
-6.488739490509033 0.1923227161169052 -1.0750248432159424 83 88 66
-6.218376159667969 -0.0444205179810524 -1.0938098430633545 86 108 59
-5.574765682220459 0.5811823606491089 -1.0309308767318726 79 118 51
-5.574741840362549 0.3722987771034241 -1.0821887254714966 69 74 67
-5.473870754241943 0.16482435166835785 -1.1164659261703491 59 72 46
-5.229231357574463 -0.03680700063705444 -1.1202186346054077 62 85 41
-4.881059169769287 0.5117037892341614 -1.0927987098693848 96 129 86
-4.854938507080078 0.3279731869697571 -1.1322650909423828 75 89 63
-16.390771865844727 -0.1471884846687317 3.1849842071533203 80 104 68
-8.98988151550293 0.917835533618927 1.6829955577850342 90 97 116
-16.69085121154785 1.0832980871200562 2.943521022796631 119 129 118
-15.971602439880371 0.44989341497421265 2.6548726558685303 76 126 99
-16.273944854736328 -0.13136853277683258 2.543276786804199 93 122 117
-8.097423553466797 0.8284323215484619 1.2090789079666138 81 96 99
-12.924568176269531 0.8467811346054077 1.7945122718811035 79 104 98
-16.988466262817383 0.4904066026210785 2.1895415782928467 45 67 29
-20.0139102935791 -0.14863355457782745 2.3844544887542725 104 125 126
-12.323521614074707 1.2660127878189087 1.3799470663070679 109 141 138
-19.484481811523438 1.2864726781845093 1.9796831607818604 73 89 76
-17.424917221069336 0.5133545994758606 1.6027401685714722 102 153 182
-16.964351654052734 -0.11443812400102615 1.395053505897522 124 150 139
-17.74769401550293 1.827628254890442 1.3293004035949707 90 107 75
-18.695514678955078 1.2402799129486084 1.2155828475952148 63 63 61
-32.143898010253906 -0.20000508427619934 1.467544674873352 120 139 117
-17.658145904541016 1.8255704641342163 0.6726645231246948 42 38 37
-13.021822929382324 0.8691316843032837 0.36864498257637024 86 100 87
-19.881317138671875 0.6051716208457947 0.3718464970588684 130 139 108
-21.74176025390625 -0.12275832891464233 0.1973305195569992 127 140 112
-18.280288696289062 1.9021445512771606 0.0243788231164217 49 49 47
-13.25856876373291 0.8921388983726501 -0.10947293788194656 80 89 70
-13.978069305419922 0.43305137753486633 -0.2494765967130661 90 107 65
-17.248260498046875 -0.09226930886507034 -0.47335875034332275 76 119 47
-10.898956298828125 1.1379302740097046 -0.3861156404018402 142 173 142
-13.760710716247559 0.9314759969711304 -0.6171342730522156 94 117 47
-12.235868453979492 0.38527584075927734 -0.6653565764427185 99 137 34
-12.091092109680176 -0.05877213925123215 -0.7742764353752136 60 108 24
-9.991251945495605 1.0488005876541138 -0.7211742997169495 67 108 50
-8.198586463928223 0.5601454973220825 -0.6704198718070984 95 131 33
-9.057973861694336 0.28837713599205017 -0.8245983719825745 125 164 47
-9.204208374023438 -0.04297251254320145 -0.9282855987548828 103 143 70
-7.4781670570373535 0.7881644368171692 -0.8184820413589478 78 122 61
-7.456937313079834 0.5139203071594238 -0.8863999843597412 69 117 33
-7.491720199584961 0.24204662442207336 -0.9611430168151855 86 118 71
-7.53737735748291 -0.031243791803717613 -1.0410798788070679 106 125 93
-6.360467910766602 0.6749664545059204 -0.9338999390602112 57 100 31
-6.422974586486816 0.4452518820762634 -1.0026994943618774 54 100 51
-6.487133026123047 0.2121967226266861 -1.0748614072799683 87 110 81
-6.221438407897949 -0.025354640558362007 -1.094329595565796 60 76 37
-5.577846050262451 0.598807692527771 -1.0318354368209839 57 87 37
-5.5716142654418945 0.38926321268081665 -1.0818084478378296 86 105 85
-5.520345687866211 0.18317696452140808 -1.1260544061660767 64 75 61
-5.234208583831787 -0.020783184096217155 -1.1212660074234009 66 93 48
-4.880436420440674 0.5267810225486755 -1.0930161476135254 89 125 55
-4.8636250495910645 0.3435526490211487 -1.1345313787460327 100 104 79
-14.138321876525879 -0.083583302795887 2.747235059738159 103 116 73
-15.395851135253906 1.6196039915084839 2.883173704147339 103 126 116
-17.294692993164062 1.1757835149765015 3.050633668899536 81 97 97
-15.962259292602539 0.4986450970172882 2.6535613536834717 100 119 100
-16.27526092529297 -0.08144511282444 2.543431520462036 97 118 121
-9.345123291015625 0.9850618839263916 1.3958256244659424 84 102 124
-19.602249145507812 1.3446933031082153 2.7222349643707275 71 95 82
-17.555885314941406 0.5606969594955444 2.2628841400146484 133 158 136
-7.916553020477295 0.8378305435180664 0.8867530226707458 108 119 102
-12.02751350402832 0.8311911225318909 1.2222857475280762 118 128 93
-16.79225730895996 0.5462834239006042 1.5446951389312744 89 128 123
-16.933727264404297 -0.06227806210517883 1.3925127983093262 90 120 131
-17.232284545898438 1.8279978036880493 1.2911102771759033 94 100 98
-19.721969604492188 1.3691611289978027 1.2825901508331299 84 88 73
-32.15934371948242 -0.10143531858921051 1.468228816986084 126 144 106
-17.64649772644043 1.8791013956069946 0.672437310218811 64 68 54
-32.499874114990234 2.269352912902832 0.9202571511268616 113 126 100
-19.835399627685547 0.664690375328064 0.3710240423679352 115 116 110
-21.731033325195312 -0.056026607751846313 0.19723066687583923 111 133 97
-18.262434005737305 1.9569400548934937 0.024362904950976372 63 80 70
-13.259758949279785 0.9330921769142151 -0.10950588434934616 88 96 83
-14.080597877502441 0.47947224974632263 -0.2513315677642822 106 119 73
-17.249460220336914 -0.039354242384433746 -0.47338616847991943 70 114 25
-15.853747367858887 1.704431176185608 -0.5618308186531067 84 97 69
-13.416982650756836 0.9495688080787659 -0.6018466949462891 102 123 67
-12.943159103393555 0.447299063205719 -0.7038885951042175 79 109 35
-12.05728530883789 -0.02161608822643757 -0.7721037268638611 85 121 31
-9.99195384979248 1.0798771381378174 -0.7214607000350952 85 120 54
-9.025956153869629 0.644499659538269 -0.738234281539917 93 131 30
-8.103568077087402 0.2828810513019562 -0.7377889752388 137 166 73
-9.072962760925293 -0.014523958787322044 -0.9150401949882507 89 122 31
-7.4707722663879395 0.810567319393158 -0.8179410696029663 69 106 10
-7.45037317276001 0.5364388227462769 -0.8858111500740051 83 129 56
-7.411641597747803 0.26222410798072815 -0.9509682059288025 109 146 103
-7.493852138519287 -0.008072346448898315 -1.0350596904754639 93 126 79
-6.363285541534424 0.6950141191482544 -0.9346223473548889 141 159 41
-6.390042304992676 0.46267178654670715 -0.9977751970291138 72 104 55
-6.479549884796143 0.2318510264158249 -1.0737178325653076 102 120 70
-6.251032829284668 -0.006297181360423565 -1.0995266437530518 63 83 55
-5.559363842010498 0.6140817403793335 -1.0287600755691528 96 145 80
-5.564518928527832 0.40592628717422485 -1.080667495727539 51 62 46
-5.515841484069824 0.1999702900648117 -1.1252553462982178 59 71 47
-5.221536159515381 -0.004713286180049181 -1.118543028831482 66 79 53
-4.894319534301758 0.5434750914573669 -1.0964934825897217 94 111 59
-4.886831760406494 0.3602626621723175 -1.1401972770690918 81 105 57
-16.72306251525879 0.5647141933441162 3.4173643589019775 86 128 178
-15.887788772583008 -0.045181747525930405 3.087134599685669 139 170 162
-12.193798065185547 1.3205926418304443 2.2842748165130615 108 136 157
-9.22461986541748 0.6555753350257874 1.6274898052215576 109 119 95
-16.215999603271484 0.55637526512146 2.696014404296875 78 96 72
-16.665695190429688 -0.03226856887340546 2.604419231414795 78 93 86
-9.353857040405273 1.0150082111358643 1.3975887298583984 118 137 131
-17.619060516357422 1.2629692554473877 2.4473490715026855 93 115 76
-17.176435470581055 0.6013339161872864 2.2142019271850586 107 129 93
-15.756561279296875 -0.02033310942351818 1.877184271812439 101 127 142
-7.912958145141602 0.862006664276123 0.886642336845398 95 109 92
-18.723051071166992 1.3516311645507812 1.9031263589859009 124 157 164
-16.642223358154297 0.5925194621086121 1.5310536623001099 121 137 108
-16.928855895996094 -0.010322784073650837 1.3921029567718506 113 133 132
-17.234525680541992 1.8817229270935059 1.2917046546936035 97 109 97
-19.72962188720703 1.430526852607727 1.2833671569824219 104 112 97
-18.78716468811035 0.6784079670906067 1.037226915359497 90 106 57
-32.21944046020508 -0.0027765308041125536 1.4709652662277222 150 176 137
-17.635684967041016 1.9326870441436768 0.6722480058670044 77 83 69
-13.04914379119873 0.9514144659042358 0.36957675218582153 47 56 51
-26.018049240112305 0.951793372631073 0.48672375082969666 108 122 99
-21.770103454589844 0.010662627406418324 0.1975846290588379 42 33 26
-18.25336265563965 2.0126304626464844 0.024358924478292465 59 62 53
-13.152119636535645 0.9660764932632446 -0.10864091664552689 113 123 89
-14.065072059631348 0.522149384021759 -0.2510818839073181 116 133 97
-17.23850440979004 0.013557896949350834 -0.473084419965744 78 126 17
-16.199085235595703 1.791847825050354 -0.5742611885070801 102 123 80
-12.073003768920898 0.89168381690979 -0.5416799187660217 122 146 68
-12.815003395080566 0.4822373390197754 -0.69699627161026 109 147 70
-12.056296348571777 0.015373971313238144 -0.7720397710800171 73 112 33
-9.984628677368164 1.1100860834121704 -0.7211742997169495 65 108 18
-9.703787803649902 0.7228296399116516 -0.793851912021637 83 126 46
-9.052053451538086 0.3437992334365845 -0.8242359161376953 92 114 50
-9.069979667663574 0.013307188637554646 -0.9147391319274902 106 145 66
-7.426754474639893 0.8288523554801941 -0.8133963346481323 75 120 27
-7.46948766708374 0.5608551502227783 -0.8882842063903809 74 106 33
-7.208608150482178 0.27718666195869446 -0.925022304058075 83 122 67
-7.480963706970215 0.014892869628965855 -1.0332810878753662 85 101 65
-6.37587308883667 0.7161899209022522 -0.9367895126342773 55 98 27
-6.389577865600586 0.48234835267066956 -0.9979290962219238 80 111 51
-6.461062908172607 0.25103944540023804 -1.0707769393920898 104 121 87
-6.24708366394043 0.012872629798948765 -1.0988337993621826 66 95 39
-5.552567481994629 0.6305798292160034 -1.027855634689331 60 99 32
-5.535837650299072 0.4209119975566864 -1.0753430128097534 81 100 80
-5.502473831176758 0.2163911610841751 -1.1226584911346436 69 82 56
-5.24206018447876 0.011350645683705807 -1.1229417324066162 79 111 64
-4.8897199630737305 0.5581560134887695 -1.0958415269851685 94 120 81
-4.847829818725586 0.37234458327293396 -1.1313585042953491 84 97 67
-16.99833869934082 0.6262251734733582 3.4739935398101807 91 114 85
-13.590812683105469 0.003046594327315688 2.6408016681671143 118 137 135
-12.192621231079102 1.358323097229004 2.2848241329193115 103 134 136
-17.876453399658203 1.3255774974822998 3.1546263694763184 110 120 93
-15.774557113647461 0.589687168598175 2.6229100227355957 90 118 78
-16.42464256286621 0.018588382750749588 2.5667457580566406 85 116 118
-9.329072952270508 1.0412867069244385 1.3943564891815186 106 142 154
-17.898595809936523 1.3382136821746826 2.486736297607422 107 133 134
-17.150724411010742 0.653121829032898 2.2111353874206543 90 103 86
-12.124678611755371 1.3584671020507812 1.3590238094329834 70 87 51
-18.811080932617188 1.4160115718841553 1.9125068187713623 61 72 58
-18.944875717163086 0.7327041625976562 1.7430921792984009 66 62 51
-17.00455093383789 0.04180045425891876 1.398331642150879 104 124 122
-16.659832000732422 1.8707146644592285 1.2490564584732056 122 139 131
-19.737079620361328 1.4919523000717163 1.2841439247131348 103 117 91
-30.75359344482422 1.2050025463104248 1.6980817317962646 62 74 34
-31.346210479736328 0.09346796572208405 1.4311046600341797 105 125 98
-17.637615203857422 1.9876786470413208 0.6725509166717529 91 97 71
-13.005297660827637 0.9883385896682739 0.3684190809726715 58 61 54
-25.969051361083984 1.029788851737976 0.48586395382881165 117 124 116
-18.25008201599121 2.0689594745635986 0.024362904950976372 60 52 49
-22.70083236694336 1.7375051975250244 -0.18755963444709778 98 99 83
-18.36324691772461 0.7381360530853271 -0.3278493881225586 100 123 71
-17.212392807006836 0.06634464859962463 -0.4723711907863617 82 131 26
-10.935685157775879 1.2436137199401855 -0.38780587911605835 126 139 121
-13.552343368530273 1.042758822441101 -0.6081941723823547 76 122 49
-12.931191444396973 0.5263428688049316 -0.703400194644928 77 120 28
-12.304681777954102 0.053441327065229416 -0.7879522442817688 89 124 58
-9.912797927856445 1.1328985691070557 -0.7162337899208069 66 101 19
-8.899605751037598 0.6903880834579468 -0.7282328605651855 49 112 23
-9.030059814453125 0.370711088180542 -0.8223329782485962 89 127 40
-9.060941696166992 0.041092824190855026 -0.9138360023498535 81 123 51
-7.416275501251221 0.8507270812988281 -0.8125306367874146 64 111 31
-7.512282848358154 0.5872512459754944 -0.8935835361480713 73 104 45
-7.375207424163818 0.3062558174133301 -0.9465166926383972 77 106 60
-7.495741367340088 0.037919238209724426 -1.0353333950042725 71 98 63
-6.422794818878174 0.7414210438728333 -0.9440133571624756 94 126 59
-6.4274702072143555 0.5050451159477234 -1.0040843486785889 107 134 79
-6.423791408538818 0.2693313956260681 -1.0647319555282593 106 130 94
-6.2548933029174805 0.032078757882118225 -1.1002196073532104 72 85 55
-5.3005266189575195 0.6184340715408325 -0.9815460443496704 65 102 50
-5.537456512451172 0.4381260573863983 -1.0759135484695435 96 110 97
-5.490036487579346 0.23277340829372406 -1.120261311531067 55 70 41
-5.2566680908203125 0.027509765699505806 -1.1260837316513062 72 103 43
-4.897678852081299 0.5742915868759155 -1.0980149507522583 91 100 83
-4.815596103668213 0.3847336173057556 -1.1241061687469482 74 85 68
-17.294448852539062 0.05693573132157326 3.3604655265808105 85 113 137
-8.461260795593262 0.9689196944236755 1.5861390829086304 86 112 127
-13.969088554382324 1.0789401531219482 2.4656732082366943 123 155 176
-14.322754859924316 0.5794239044189453 2.381796360015869 54 76 27
-16.395856857299805 0.0688580572605133 2.5622682571411133 119 162 181
-9.306180000305176 1.06764817237854 1.3914177417755127 58 60 39
-14.260222434997559 1.1101901531219482 1.9817036390304565 72 106 116
-15.846513748168945 0.6521486043930054 2.0432398319244385 112 126 90
-16.811912536621094 0.08146226406097412 2.0029373168945312 103 114 97
-14.372550964355469 1.6549856662750244 1.6115435361862183 122 137 132
-11.77535629272461 0.9227342009544373 1.1974728107452393 102 130 131
-16.258209228515625 0.6787559390068054 1.4960801601409912 99 108 89
-16.936574935913086 0.0935949832201004 1.3927587270736694 125 154 150
-16.829362869262695 1.9420520067214966 1.2622075080871582 115 139 107
-17.497032165527344 1.3766237497329712 1.1386702060699463 41 40 35
-17.414949417114258 0.7358782291412354 0.9616990685462952 73 89 44
-32.24082946777344 0.19505125284194946 1.471968650817871 118 127 108
-17.46665382385254 2.0226986408233643 0.6662653684616089 74 81 65
-13.02612018585205 1.0301249027252197 0.3690967559814453 56 58 55
-26.422273635864258 1.128961205482483 0.49440592527389526 106 119 99
-8.665410041809082 1.009308934211731 0.011571948416531086 36 36 24
-10.911093711853027 0.8688061237335205 -0.09017162770032883 97 100 81
-18.410842895507812 0.796631395816803 -0.3287412226200104 112 125 95
-17.1721248626709 0.11887441575527191 -0.47127383947372437 79 126 30
-16.138154983520508 1.8854115009307861 -0.5725005269050598 53 51 39
-13.21349048614502 1.0574746131896973 -0.5931301116943359 95 114 58
-12.555427551269531 0.5496363043785095 -0.6830487251281738 78 105 36
-12.116848945617676 0.0898008719086647 -0.7759379744529724 95 151 60
-9.747802734375 1.1443490982055664 -0.7045626640319824 80 117 37
-8.835850715637207 0.7127200365066528 -0.723191499710083 87 128 34
-8.72741985321045 0.3851107656955719 -0.7948765754699707 85 136 61
-9.057787895202637 0.06886851042509079 -0.913534939289093 101 131 31
-7.395859241485596 0.8713820576667786 -0.8105829358100891 113 131 69
-7.441161155700684 0.6046658158302307 -0.8853400945663452 87 124 70
-7.258298397064209 0.3237106502056122 -0.9316359758377075 74 113 66
-7.48469352722168 0.060827117413282394 -1.0338282585144043 93 109 64
-6.445055961608887 0.7640345692634583 -0.9476253390312195 71 113 49
-6.418996810913086 0.5241989493370056 -1.003007173538208 76 115 52
-6.414064884185791 0.2886388897895813 -1.06326162815094 115 140 101
-6.261659622192383 0.051324859261512756 -1.1014323234558105 64 89 57
-5.295675277709961 0.6343420147895813 -0.9810034036636353 93 128 95
-5.543913841247559 0.45575615763664246 -1.077434778213501 84 110 81
-5.4863600730896 0.24948197603225708 -1.1196620464324951 46 59 50
-5.254602909088135 0.04362063109874725 -1.1256647109985352 49 67 25
-4.895893573760986 0.5893147587776184 -1.0980149507522583 84 115 83
-4.783332824707031 0.39692842960357666 -1.116853952407837 103 109 97
-18.609315872192383 0.7999417185783386 3.804164171218872 94 122 143
-18.732267379760742 0.11914049088954926 3.6399002075195312 108 111 92
-12.026862144470215 1.4146205186843872 2.2553460597991943 88 121 100
-13.946078300476074 1.120214581489563 2.4622066020965576 109 118 117
-14.062697410583496 0.6121233105659485 2.3388516902923584 86 108 70
-16.377784729003906 0.11903026700019836 2.5594890117645264 122 140 102
-7.991422653198242 0.9416620135307312 1.1952675580978394 122 152 144
-14.242926597595215 1.152815818786621 1.9797823429107666 129 160 162
-17.328706741333008 0.7664076685905457 2.2346458435058594 76 87 71
-17.511611938476562 0.1385798454284668 2.086338758468628 77 88 71
-14.376288414001465 1.7001227140426636 1.6125398874282837 123 139 128
-18.76336669921875 1.5282577276229858 1.9085731506347656 119 140 123
-16.260028839111328 0.7288106083869934 1.4964462518692017 66 90 76
-16.931222915649414 0.1455123871564865 1.3923488855361938 130 161 164
-16.731225967407227 1.9827603101730347 1.2552976608276367 129 144 123
-16.99742317199707 1.3897987604141235 1.1064289808273315 47 40 48
-17.43854522705078 0.7904787063598633 0.9631314873695374 96 102 98
-17.512958526611328 2.0825297832489014 0.6682721972465515 58 59 54
-32.169708251953125 2.6433651447296143 0.9117581844329834 98 118 91
-13.786136627197266 0.6314272284507751 0.2579972445964813 109 121 99
-25.72173309326172 0.24934574961662292 0.2334604263305664 99 104 81
-18.200305938720703 2.1765074729919434 0.024313826113939285 58 82 66
-22.74256134033203 1.8811309337615967 -0.18799623847007751 120 125 85
-18.094697952270508 0.8385772705078125 -0.32314059138298035 115 137 91
-17.21965789794922 0.1720365434885025 -0.4725906252861023 69 117 33
-8.430310249328613 1.0111346244812012 -0.29917359352111816 78 83 61
-10.854671478271484 0.9022219181060791 -0.4873688817024231 98 125 72
-12.485857009887695 0.58497554063797 -0.6793583631515503 86 123 43
-12.233271598815918 0.12819795310497284 -0.7834149599075317 79 118 63
-9.577881813049316 1.1542013883590698 -0.6925336122512817 89 120 63
-9.098810195922852 0.7620344758033752 -0.7449018955230713 84 138 60
-7.845818042755127 0.3703296184539795 -0.7146821022033691 75 125 26
-9.03564739227295 0.09642352163791656 -0.9113274812698364 112 126 49
-7.3803205490112305 0.892516553401947 -0.8091762065887451 87 127 38
-7.316569805145264 0.6171424388885498 -0.8707375526428223 80 117 48
-7.241419315338135 0.3452215790748596 -0.9296010136604309 107 139 54
-7.456737041473389 0.08347905427217484 -1.0299973487854004 102 130 89
-6.185328006744385 0.7524949908256531 -0.9097723364830017 69 113 54
-6.286411762237549 0.5327916145324707 -0.9825408458709717 68 101 54
-6.417090892791748 0.3085050880908966 -1.0639150142669678 108 123 92
-6.263442039489746 0.07055730372667313 -1.1017787456512451 78 110 61
-5.296632289886475 0.6509458422660828 -0.9815460443496704 79 103 53
-5.539554595947266 0.4725121557712555 -1.076864242553711 83 100 68
-5.481653690338135 0.2661226689815521 -1.1188629865646362 51 76 57
-5.25248908996582 0.059719085693359375 -1.1252458095550537 46 68 45
-4.837876319885254 0.5973942875862122 -1.085409164428711 75 111 63
-4.7209577560424805 0.4063396453857422 -1.1025760173797607 95 132 81
-17.22968864440918 0.7936018109321594 3.522618532180786 88 122 123
-15.989233016967773 0.1507517546415329 3.1069717407226562 101 116 113
-17.224586486816406 2.0795810222625732 3.231234312057495 121 133 147
-9.412171363830566 0.7850995659828186 1.6621540784835815 125 127 114
-14.279513359069824 0.6654589176177979 2.375239849090576 90 113 95
-18.744483947753906 0.1937427967786789 2.929431438446045 87 128 132
-7.9256486892700195 0.9585737586021423 1.1858640909194946 116 147 168
-12.58599853515625 1.0575809478759766 1.7499102354049683 86 100 65
-17.461009979248047 0.8259410262107849 2.252023220062256 102 119 129
-16.63932228088379 0.1827302873134613 1.9824713468551636 62 81 98
-14.728158950805664 1.7875685691833496 1.6526153087615967 124 140 114
-16.27263641357422 0.7794067859649658 1.4978195428848267 66 74 61
-16.954614639282227 0.19773490726947784 1.3943158388137817 83 101 103
-32.33248519897461 3.932237148284912 2.426710844039917 116 132 119
-17.023902893066406 1.4445551633834839 1.1084359884262085 77 80 53
-17.451993942260742 0.8447480201721191 0.964012861251831 103 106 87
-17.449947357177734 2.129349708557129 0.6661139130592346 73 83 72
-29.46829605102539 2.5124330520629883 0.8354089260101318 56 59 50
-17.67281150817871 0.8637843132019043 0.330781489610672 102 111 84
-26.35477066040039 0.3363480567932129 0.23921434581279755 129 152 126
-18.198505401611328 2.2329440116882324 0.024320458993315697 63 71 30
-23.699113845825195 2.033475637435913 -0.19595400989055634 104 117 108
-18.381641387939453 0.9083988070487976 -0.3283131420612335 105 124 92
-17.071117401123047 0.22293303906917572 -0.4685305058956146 82 133 32
-15.997335433959961 1.968530297279358 -0.5679227113723755 149 155 129
-13.18585205078125 1.13672935962677 -0.5921913981437683 123 139 76
-12.489986419677734 0.6235775947570801 -0.6796839833259583 113 149 49
-11.882570266723633 0.1609833538532257 -0.7609842419624329 61 113 31
-9.81682014465332 1.2135616540908813 -0.7100760340690613 92 135 43
-8.994155883789062 0.7810640335083008 -0.7365267276763916 80 119 28
-9.338579177856445 0.46950775384902954 -0.8507862091064453 81 128 48
-8.988550186157227 0.12350159138441086 -0.9066112637519836 70 125 44
-7.385440826416016 0.9161339402198792 -0.8100419044494629 93 136 44
-7.153391361236572 0.6254868507385254 -0.8515422344207764 55 87 38
-7.240325927734375 0.36743631958961487 -0.9296010136604309 65 104 47
-7.400977611541748 0.10556443780660629 -1.022335171699524 83 114 72
-6.210483074188232 0.774898111820221 -0.9138176441192627 65 94 48
-6.328056812286377 0.5558800101280212 -0.989311695098877 59 96 29
-6.419070243835449 0.3283421993255615 -1.0644052028656006 52 64 40
-6.25433349609375 0.08964590728282928 -1.1002196073532104 91 108 74
-5.272167682647705 0.6643645167350769 -0.9773854613304138 79 107 66
-5.543946743011475 0.4900237023830414 -1.0780051946640015 107 135 87
-5.448519706726074 0.28127187490463257 -1.1122709512710571 49 56 49
-5.2737908363342285 0.0761437714099884 -1.1298540830612183 55 69 44
-4.765329837799072 0.603284478187561 -1.0695430040359497 83 126 73
-4.712897777557373 0.4202159345149994 -1.100989580154419 109 130 97
-17.23695945739746 0.8469388484954834 3.5246195793151855 101 146 175
-17.51502799987793 0.21887938678264618 3.4035732746124268 99 122 116
-17.206418991088867 2.1309657096862793 3.229037284851074 82 105 111
-17.79408073425293 1.5392472743988037 3.1431870460510254 82 125 159
-14.18183422088623 0.7045170068740845 2.3593404293060303 115 138 110
-16.97542381286621 0.2275451421737671 2.653055429458618 81 130 135
-9.145771980285645 1.1346224546432495 1.368937611579895 100 159 191
-18.032793045043945 1.5709953308105469 2.507870674133301 103 127 151
-15.88243293762207 0.8001141548156738 2.048734188079834 114 124 99
-17.544187545776367 0.24650074541568756 2.090360641479492 104 133 147
-13.502625465393066 1.6808761358261108 1.5156724452972412 96 117 98
-18.117347717285156 1.587601661682129 1.8438175916671753 86 98 96
-16.3089542388916 0.8313038945198059 1.5013900995254517 65 77 57
-17.08247947692871 0.25164371728897095 1.4048881530761719 84 94 106
-17.08003044128418 1.5021098852157593 1.1123852729797363 59 78 74
-17.478239059448242 0.8997747302055359 0.9656105041503906 126 142 103
-17.684057235717773 0.9187259078025818 0.33104318380355835 130 147 128
-25.699722290039062 0.40685006976127625 0.23327890038490295 112 116 102
-18.025876998901367 2.2679190635681152 0.024098942056298256 58 57 53
-23.69475555419922 2.106350898742676 -0.19597049057483673 124 121 78
-17.71678352355957 0.9300379753112793 -0.3164876699447632 106 109 78
-17.19129180908203 0.27725592255592346 -0.4718499183654785 89 126 57
-16.002126693725586 2.0189762115478516 -0.5683100819587708 127 132 109
-13.18429183959961 1.1773552894592285 -0.5922808051109314 123 161 104
-12.83700942993164 0.6803908944129944 -0.6986786723136902 87 129 27
-11.831130981445312 0.19659219682216644 -0.7577250003814697 99 136 56
-7.99530553817749 1.013298511505127 -0.5785433053970337 94 120 55
-9.5128755569458 0.8555234670639038 -0.7792156338691711 98 134 28
-8.846820831298828 0.4719986319541931 -0.8061128854751587 72 115 36
-9.035880088806152 0.15188011527061462 -0.9114277362823486 76 110 50
-7.259322166442871 0.923112154006958 -0.796515941619873 67 102 8
-7.150449752807617 0.6473406553268433 -0.8514244556427002 68 99 29
-7.285715579986572 0.39215317368507385 -0.9355787038803101 70 107 40
-7.380810260772705 0.12792648375034332 -1.0195987224578857 107 130 88
-6.311135292053223 0.8071281313896179 -0.9289877414703369 55 82 37
-6.329273700714111 0.5755600333213806 -0.9897732734680176 86 118 77
-6.425913333892822 0.34846144914627075 -1.0657122135162354 60 84 48
-6.255998134613037 0.10886777937412262 -1.1005661487579346 100 109 62
-5.248645305633545 0.6777651309967041 -0.973405659198761 72 99 64
-5.5287299156188965 0.5057778358459473 -1.0753430128097534 112 121 100
-5.444695949554443 0.29782578349113464 -1.1116715669631958 77 86 57
-5.285264492034912 0.0925285667181015 -1.1323676109313965 63 75 53
-4.757648944854736 0.6171481609344482 -1.0682390928268433 81 123 60
-4.701887607574463 0.43377813696861267 -1.0987231731414795 89 100 66
-17.92603874206543 0.9359344840049744 3.666092872619629 121 150 166
-14.149616241455078 0.22024203836917877 2.7497146129608154 102 128 117
-17.35486602783203 2.2034318447113037 3.2581489086151123 111 134 152
-17.659791946411133 1.5822304487228394 3.1203086376190186 49 62 53
-14.184532165527344 0.748282790184021 2.3601601123809814 98 138 127
-17.070470809936523 0.28120243549346924 2.668032169342041 48 78 54
-9.06865406036377 1.1533167362213135 1.3579180240631104 114 168 196
-18.02295684814453 1.6258668899536133 2.5071845054626465 99 113 77
-12.732446670532227 0.680594265460968 1.642667293548584 117 151 163
-18.845945358276367 0.32262352108955383 2.245570421218872 120 157 166
-13.55754280090332 1.7299673557281494 1.5224254131317139 110 131 124
-11.830522537231445 1.0732789039611816 1.204331636428833 126 147 114
-16.333173751831055 0.882786214351654 1.5038621425628662 65 76 59
-16.63221549987793 0.29605135321617126 1.367926001548767 70 75 78
-17.367517471313477 1.581102728843689 1.13141930103302 85 102 94
-18.562124252319336 1.0126807689666748 1.025658130645752 101 114 94
-18.006473541259766 2.3094775676727295 0.687886118888855 68 77 74
-17.696130752563477 0.9737995862960815 0.3313235640525818 106 123 105
-25.972291946411133 0.4908711910247803 0.23576562106609344 110 131 100
-18.278682708740234 2.3567137718200684 0.02444647066295147 46 56 48
-23.11960220336914 2.12673282623291 -0.19126665592193604 105 110 87
-17.707857131958008 0.9840550422668457 -0.31638064980506897 154 173 141
-17.294301986694336 0.33199208974838257 -0.47470298409461975 86 130 45
-9.069836616516113 1.172614336013794 -0.32223838567733765 98 112 79
-13.182607650756836 1.2179824113845825 -0.5923702120780945 95 124 60
-12.574655532836914 0.7051789164543152 -0.6845141053199768 87 127 31
-11.816503524780273 0.2326136976480484 -0.7568303346633911 66 115 6
-9.890297889709473 1.2843059301376343 -0.7159473896026611 85 105 70
-8.934611320495605 0.8311588168144226 -0.7320545315742493 104 136 9
-8.724024772644043 0.4922928214073181 -0.7950577735900879 89 126 49
-8.895111083984375 0.1768130511045456 -0.8972792029380798 89 113 37
-6.957758903503418 0.9064645171165466 -0.7637290954589844 55 100 35
-7.145463943481445 0.6689971685409546 -0.8510711789131165 110 138 27
-7.273584842681885 0.4138837456703186 -0.9341796636581421 87 112 55
-7.363546848297119 0.1502263993024826 -1.0172728300094604 85 124 61
-6.329233169555664 0.8291858434677124 -0.9320217370986938 63 100 57
-6.303868293762207 0.5927551984786987 -0.9860801696777344 69 94 29
-6.392311096191406 0.366311639547348 -1.0603207349777222 79 92 75
-6.2625274658203125 0.12820149958133698 -1.1017787456512451 110 136 91
-5.264091491699219 0.6961855888366699 -0.9766618609428406 77 109 60
-5.5105366706848145 0.5211659073829651 -1.0721104145050049 75 96 65
-5.457451820373535 0.3153197765350342 -1.1144683361053467 82 97 76
-5.282022953033447 0.10868275165557861 -1.1317392587661743 45 72 39
-4.716061115264893 0.6264715790748596 -1.0593279600143433 78 106 65
-4.704413414001465 0.448571115732193 -1.0996297597885132 89 113 77
-18.46309471130371 1.0207823514938354 3.776549816131592 129 138 111
-15.620098114013672 0.29106631875038147 3.035634756088257 98 128 116
-8.08664608001709 1.0519269704818726 1.5187606811523438 79 94 123
-17.893156051635742 1.6584903001785278 3.1624257564544678 131 138 120
-16.865148544311523 0.9415887594223022 2.806654691696167 118 125 91
-16.01552391052246 0.3129752576351166 2.5032873153686523 68 87 67
-8.11168098449707 1.0569112300872803 1.215103030204773 97 144 152
-17.912355422973633 1.6713064908981323 2.492500066757202 107 117 93
-12.73921012878418 0.7201574444770813 1.6438171863555908 98 114 85
-19.748292922973633 0.3986789286136627 2.3532233238220215 120 168 182
-12.777592658996582 1.6702994108200073 1.435410737991333 126 149 141
-11.829154968261719 1.1097551584243774 1.204533338546753 106 120 97
-17.043216705322266 0.9736126065254211 1.569506287574768 73 84 70
-16.617279052734375 0.3467857539653778 1.3667786121368408 121 147 160
-16.63147735595703 2.1782164573669434 1.2497252225875854 126 147 128
-18.06698226928711 1.700684666633606 1.1773208379745483 99 109 85
-19.52286148071289 1.1251790523529053 1.0789297819137573 116 128 118
-17.880409240722656 2.3490898609161377 0.6833422780036926 97 99 86
-18.169708251953125 1.7177131175994873 0.5155269503593445 57 70 63
-19.634445190429688 1.140893578529358 0.36767831444740295 87 101 84
-26.28057861328125 0.5773592591285706 0.23857906460762024 63 66 47
-8.5477876663208 1.128757357597351 0.011436651460826397 78 82 65
-12.90933609008789 1.2274597883224487 -0.10682858526706696 103 97 71
-17.710744857788086 1.0387285947799683 -0.3164876699447632 89 101 61
-17.327180862426758 0.38580524921417236 -0.47563570737838745 81 132 37
-15.991419792175293 2.1173880100250244 -0.5683805346488953 62 90 39
-12.761128425598145 1.2185368537902832 -0.5735960006713867 75 101 56
-12.14182186126709 0.7182801961898804 -0.6610692143440247 101 137 63
-12.073141098022461 0.2747223675251007 -0.7733179330825806 155 192 50
-9.472033500671387 1.2595539093017578 -0.6859462261199951 83 113 49
-9.070916175842285 0.8719169497489929 -0.7434383034706116 108 149 47
-8.88749885559082 0.5288757681846619 -0.8100998997688293 106 131 13
-8.482725143432617 0.19465245306491852 -0.8557366728782654 132 180 80
-6.873157024383545 0.9168956279754639 -0.7547478079795837 79 106 37
-7.155239105224609 0.6920632123947144 -0.8524843454360962 75 112 17
-7.253468990325928 0.4350684881210327 -0.9317631125450134 68 94 49
-7.343244552612305 0.1723518669605255 -1.0145363807678223 71 95 69
-6.303122043609619 0.8454427123069763 -0.928554356098175 48 78 26
-6.296119213104248 0.6115193367004395 -0.9851568341255188 76 94 68
-6.2956342697143555 0.38015323877334595 -1.0444731712341309 81 107 68
-6.272935390472412 0.1476690173149109 -1.1036843061447144 94 116 70
-5.1595964431762695 0.6984788775444031 -0.9576676487922668 79 112 55
-5.495232105255127 0.5367334485054016 -1.0694481134414673 82 108 63
-5.39973258972168 0.3286093473434448 -1.1028821468353271 88 106 84
-5.224967002868652 0.12354662269353867 -1.1195902824401855 61 77 51
-4.689937591552734 0.6376498341560364 -1.0538944005966187 77 110 67
-4.6991376876831055 0.46262022852897644 -1.0987231731414795 114 142 102
-16.517349243164062 0.9640448093414307 3.3791446685791016 102 125 119
-17.9951229095459 0.39055362343788147 3.4974172115325928 116 149 128
-14.627070426940918 1.9483712911605835 2.7482337951660156 125 148 130
-17.99190330505371 1.7233318090438843 3.180798053741455 102 112 101
-16.381614685058594 0.9650163650512695 2.726665735244751 104 139 99
-14.058731079101562 0.31788647174835205 2.197575330734253 74 100 97
-8.121146202087402 1.0834929943084717 1.2170130014419556 86 110 110
-13.793685913085938 1.3297147750854492 1.9199470281600952 106 108 86
-17.37233543395996 1.0355490446090698 2.2420568466186523 90 108 118
-16.217893600463867 0.3771865665912628 1.9326667785644531 75 110 104
-12.689661979675293 1.6984177827835083 1.4261114597320557 105 144 143
-18.091075897216797 1.753226399421692 1.8427081108093262 116 120 97
-17.955623626708984 1.0810116529464722 1.65382719039917 83 92 71
-16.678909301757812 0.39926788210868835 1.3719419240951538 50 85 105
-16.6276798248291 2.229628086090088 1.2499480247497559 127 155 115
-18.06565284729004 1.7564915418624878 1.1775797605514526 127 136 117
-17.631669998168945 1.070464849472046 0.974590003490448 97 102 82
-17.812705993652344 2.3958094120025635 0.6810325384140015 66 83 67
-18.168333053588867 1.7738374471664429 0.5156399011611938 92 105 85
-20.205678939819336 1.2362967729568481 0.3784445524215698 62 64 42
-13.850089073181152 0.34678831696510315 0.12574227154254913 99 117 103
-18.142976760864258 2.4524827003479004 0.024284644052386284 100 101 83
-10.85245132446289 1.0654906034469604 -0.08983387798070908 99 106 90
-15.405221939086914 0.9509444832801819 -0.275339275598526 65 71 59
-17.253965377807617 0.4371395707130432 -0.47366049885749817 72 115 25
-8.615835189819336 1.167710781097412 -0.30635714530944824 53 58 38
-13.467174530029297 1.3276617527008057 -0.6055121421813965 80 130 31
-12.109663009643555 0.7536666989326477 -0.6594411134719849 83 125 43
-11.870720863342285 0.306556761264801 -0.7604089975357056 94 143 51
-8.87216567993164 1.2074980735778809 -0.6427702307701111 96 125 69
-9.01364803314209 0.8943295478820801 -0.7389661073684692 76 110 13
-8.885834693908691 0.5561397075653076 -0.8100998997688293 86 123 45
-8.243379592895508 0.21446575224399567 -0.8316539525985718 93 133 44
-7.068294525146484 0.9650077223777771 -0.7764975428581238 50 88 29
-7.172844886779785 0.715984582901001 -0.854839563369751 91 135 38
-7.230322360992432 0.4559464454650879 -0.9289650321006775 70 103 58
-7.281285762786865 0.19325032830238342 -1.0060534477233887 79 96 64
-6.2887349128723145 0.8631618022918701 -0.9268206357955933 73 103 53
-6.289297580718994 0.6303399801254272 -0.9843874573707581 75 101 64
-6.322991371154785 0.4012782573699951 -1.0492111444473267 71 95 59
-6.2694993019104 0.16683483123779297 -1.1031646728515625 81 103 67
-5.186655521392822 0.7183528542518616 -0.9630945920944214 125 139 54
-5.462302207946777 0.5504401922225952 -1.0633631944656372 67 97 45
-5.318515300750732 0.34004729986190796 -1.0865015983581543 88 97 80
-5.284188747406006 0.14116892218589783 -1.1323676109313965 54 77 57
-4.696660041809082 0.6532455682754517 -1.0558505058288574 48 78 26
-4.693820476531982 0.4766412377357483 -1.0978167057037354 73 96 42
-16.418790817260742 0.4067414700984955 3.1912789344787598 111 131 106
-9.683384895324707 1.3201048374176025 1.8201327323913574 110 140 166
-9.764593124389648 0.9655304551124573 1.7268030643463135 122 128 114
-17.115047454833984 1.0609220266342163 2.849271774291992 76 87 91
-17.424699783325195 0.4474849998950958 2.7239248752593994 103 118 111
-9.168401718139648 1.2518547773361206 1.374521017074585 90 108 112
-12.964534759521484 1.2899407148361206 1.8050795793533325 73 91 93
-11.968400001525879 0.7502812743186951 1.5449198484420776 107 122 117
-17.036577224731445 0.4485267400741577 2.0303826332092285 101 144 160
-12.625311851501465 1.729249119758606 1.4194691181182861 111 160 175
-12.323044776916504 1.2324131727218628 1.2555712461471558 101 136 130
-19.46977424621582 1.232130765914917 1.7936298847198486 61 61 59
-17.40986442565918 0.4702133536338806 1.4321794509887695 109 144 163
-16.61483383178711 2.279817581176758 1.2495023012161255 111 134 116
-18.049257278442383 1.81081223487854 1.1768676042556763 111 115 92
-17.66019058227539 1.1265872716903687 0.9763529896736145 99 104 81
-20.25721549987793 0.5577304363250732 0.9251853227615356 105 122 88
-17.935945510864258 2.468430757522583 0.6860306859016418 120 134 108
-18.15882682800293 1.8291679620742798 0.5155269503593445 89 97 74
-13.028841972351074 0.8373069763183594 0.24407215416431427 119 133 118
-25.941686630249023 0.7291905879974365 0.23553873598575592 126 129 100
-18.146263122558594 2.5096399784088135 0.02429923415184021 144 151 118
-10.89688491821289 1.1036168336868286 -0.09022928774356842 130 136 108
-18.898340225219727 1.2247816324234009 -0.33783772587776184 113 117 80
-17.280521392822266 0.49086669087409973 -0.47442862391471863 126 143 98
-8.629039764404297 1.1964715719223022 -0.3069557547569275 60 73 63
-13.693617820739746 1.392418384552002 -0.6158826351165771 94 112 72
-12.883491516113281 0.8415141105651855 -0.7017177939414978 93 129 68
-11.929576873779297 0.3447036147117615 -0.7642433643341064 65 120 36
-8.635273933410645 1.20225191116333 -0.6258721947669983 108 128 69
-9.415398597717285 0.9633705019950867 -0.7721415162086487 88 130 32
-7.958909511566162 0.5226441025733948 -0.7257372140884399 52 95 24
-8.754866600036621 0.2546530067920685 -0.8833313584327698 113 150 80
-7.08696174621582 0.9897134304046631 -0.7788780927658081 85 119 45
-7.169626712799072 0.7378855347633362 -0.8547218441963196 42 85 13
-7.2407660484313965 0.4789121448993683 -0.9304913282394409 23 80 27
-7.274717807769775 0.2154121696949005 -1.0052324533462524 111 128 92
-6.315454006195068 0.8865780830383301 -0.9311549067497253 58 86 38
-6.124180316925049 0.6327745318412781 -0.958842933177948 84 125 65
-6.317792892456055 0.42041298747062683 -1.0485576391220093 79 96 62
-6.264035701751709 0.1859225034713745 -1.1022984981536865 64 81 37
-5.225326061248779 0.7400543093681335 -0.9706922173500061 88 115 46
-5.390279769897461 0.5598927736282349 -1.0496717691421509 93 132 79
-5.404458045959473 0.3621939420700073 -1.1042804718017578 75 105 71
-5.290572643280029 0.15758371353149414 -1.133833885192871 67 80 52
-4.645349025726318 0.6606425046920776 -1.0447659492492676 96 139 83
-4.665213108062744 0.4882010519504547 -1.0914709568023682 94 115 74
-17.08407974243164 1.1023451089859009 3.4964053630828857 120 158 167
-13.956464767456055 0.388590008020401 2.7129018306732178 109 139 141
-9.683183670043945 1.3503499031066895 1.8208650350570679 95 125 163
-13.4955415725708 1.3762708902359009 2.38733172416687 95 119 121
-19.7183837890625 1.283036231994629 3.283308744430542 103 138 132
-16.04159164428711 0.4612167775630951 2.5079193115234375 108 120 106
-9.165497779846191 1.2801140546798706 1.374668002128601 100 140 142
-13.063979148864746 1.3403242826461792 1.8194893598556519 135 166 187
-19.49343490600586 1.2820664644241333 2.5167715549468994 94 113 91
-17.13536834716797 0.5037391781806946 2.0423309803009033 52 83 86
-7.959563255310059 1.1150845289230347 0.8952774405479431 122 135 109
-12.219249725341797 1.2599077224731445 1.2453837394714355 102 141 136
-19.49471664428711 1.2937695980072021 1.796284794807434 105 121 82
-17.0168399810791 0.511847972869873 1.3999707698822021 74 95 78
-13.78038215637207 1.9339779615402222 1.0367815494537354 73 86 69
-17.264419555664062 1.7855888605117798 1.1260457038879395 85 95 70
-31.79651641845703 2.12634539604187 1.7582396268844604 58 56 44
-17.671310424804688 0.5407949090003967 0.80715411901474 97 114 98
-17.884750366210938 2.517317771911621 0.6843646764755249 118 119 105
-18.14716339111328 1.8842504024505615 0.5153575539588928 85 99 73
-13.179837226867676 0.8876211643218994 0.24695062637329102 117 124 106
-19.65863800048828 0.6129463911056519 0.1785077303647995 68 67 39
-18.31670570373535 2.5905063152313232 0.02453799545764923 101 111 76
-18.319849014282227 1.9122000932693481 -0.1517414003610611 52 49 44
-13.292283058166504 0.9024187326431274 -0.2376689612865448 90 105 82
-17.169029235839844 0.5404208302497864 -0.47141095995903015 85 128 39
-9.309061050415039 1.3198822736740112 -0.33128824830055237 63 55 44
-13.224294662475586 1.3856998682022095 -0.5949628353118896 97 132 32
-12.629807472229004 0.8638651967048645 -0.688041627407074 87 117 65
-11.891557693481445 0.38012170791625977 -0.7618789076805115 65 113 51
-8.618708610534668 1.2269115447998047 -0.6249414086341858 84 118 32
-9.480792045593262 0.9994619488716125 -0.7777520418167114 91 132 62
-8.321897506713867 0.5721273422241211 -0.7589929699897766 73 121 22
-8.270747184753418 0.26596954464912415 -0.8345639705657959 78 112 36
-7.138020038604736 1.0191797018051147 -0.7848294973373413 49 82 27
-7.165354251861572 0.75966876745224 -0.854486346244812 55 100 7
-6.608943939208984 0.4574916660785675 -0.8494739532470703 59 91 42
-7.277982711791992 0.2378591150045395 -1.00577974319458 70 109 56
-6.333272933959961 0.9089013338088989 -0.9341889023780823 67 97 25
-6.1114020347595215 0.6504100561141968 -0.9571502208709717 86 111 54
-6.300726413726807 0.43869733810424805 -1.0459436178207397 92 125 68
-6.234889507293701 0.2042044699192047 -1.097274661064148 59 84 19
-5.129589080810547 0.7425553202629089 -0.9533262252807617 75 111 65
-5.36706018447876 0.5741298794746399 -1.0454882383346558 111 132 93
-5.393547058105469 0.3780876696109772 -1.1022827625274658 75 90 71
-5.292996406555176 0.17391055822372437 -1.1344623565673828 69 79 52
-4.673244476318359 0.6792434453964233 -1.0515036582946777 90 131 53
-4.646262168884277 0.5006332397460938 -1.0873914957046509 69 91 55
-17.015119552612305 1.1503251791000366 3.4829981327056885 105 132 115
-14.936378479003906 0.46173757314682007 2.903642177581787 97 123 198
-9.65174388885498 1.3761656284332275 1.8157384395599365 128 156 142
-13.484397888183594 1.416947603225708 2.3861184120178223 136 149 123
-19.739944458007812 1.3452693223953247 3.2875707149505615 97 109 85
-16.244516372680664 0.5169344544410706 2.5398800373077393 63 88 23
-9.158589363098145 1.3078078031539917 1.3742271661758423 102 144 160
-13.148460388183594 1.3897682428359985 1.8318407535552979 127 163 195
-17.6895809173584 1.2179454565048218 2.2843501567840576 116 128 108
-17.30047607421875 0.5617209672927856 2.0622055530548096 114 159 182
-11.357150077819824 1.6266075372695923 1.2779871225357056 124 150 123
-12.220273971557617 1.2979152202606201 1.245888113975525 111 136 115
-16.728315353393555 0.5545426607131958 1.376367449760437 96 116 114
-13.779319763183594 1.976954698562622 1.0371530055999756 109 125 124
-8.522759437561035 0.9079100489616394 0.556063175201416 78 93 88
-17.79039764404297 1.2445425987243652 0.9839552640914917 43 52 51
-17.592693328857422 0.5924184918403625 0.8036423921585083 101 123 102
-17.786935806274414 2.559225082397461 0.6809189915657043 134 119 88
-17.943504333496094 1.9187655448913574 0.5097386837005615 43 45 34
-17.5015811920166 1.2326263189315796 0.32799649238586426 110 117 99
-19.651668548583984 0.6730842590332031 0.17846237123012543 110 110 86
-18.30372428894043 2.6459736824035645 0.02453136444091797 74 77 48
-18.316879272460938 1.9687162637710571 -0.1517661213874817 51 57 47
-18.916400909423828 1.3425570726394653 -0.33830147981643677 64 93 47
-17.160297393798828 0.5928505659103394 -0.47121894359588623 87 107 48
-16.259958267211914 2.356323003768921 -0.5789093375205994 80 108 49
-12.846524238586426 1.3859738111495972 -0.5781554579734802 74 114 17
-12.106197357177734 0.8653739094734192 -0.6596581935882568 96 108 60
-11.945189476013184 0.4185246229171753 -0.7653936147689819 78 132 36
-8.494483947753906 1.2358282804489136 -0.6162059307098389 90 113 35
-9.495515823364258 1.0304794311523438 -0.7792156338691711 99 134 40
-8.281364440917969 0.5948731303215027 -0.7554590106010437 75 117 17
-8.0789794921875 0.2846168577671051 -0.8152978420257568 157 196 29
-7.174208164215088 1.0468155145645142 -0.7891578078269958 64 108 33
-7.100797176361084 0.7748615741729736 -0.8470672369003296 117 135 61
-7.074457168579102 0.5115287899971008 -0.9095056653022766 80 122 56
-7.242570400238037 0.2589477300643921 -1.0009909868240356 76 101 61
-6.374511241912842 0.934787929058075 -0.9406903982162476 61 100 35
-6.085804462432861 0.6665745377540588 -0.9534569978713989 77 104 25
-6.259008407592773 0.45509234070777893 -1.0392451286315918 85 120 62
-6.224391460418701 0.22297929227352142 -1.095542311668396 90 102 78
-5.112692832946777 0.7561308145523071 -0.9506126642227173 78 109 52
-5.343804836273193 0.5882298946380615 -1.0413048267364502 97 125 64
-5.357181549072266 0.39205846190452576 -1.095091462135315 88 101 81
-5.296346187591553 0.19028884172439575 -1.1353001594543457 83 99 89
-4.654725074768066 0.6911404132843018 -1.0478087663650513 69 86 31
-4.636960029602051 0.514026939868927 -1.085578441619873 60 72 52
-16.63914680480957 1.1761994361877441 3.406759023666382 104 132 146
-17.095216751098633 0.5809778571128845 3.323652744293213 127 161 162
-13.857851028442383 2.019279718399048 2.6081671714782715 91 114 86
-13.653732299804688 0.9725890159606934 2.2744343280792236 81 83 59
-15.888375282287598 0.5544005036354065 2.484450578689575 95 116 73
-17.772695541381836 2.5935280323028564 2.6679370403289795 110 129 143
-16.079605102539062 1.7494840621948242 2.2409446239471436 110 156 171
-18.355480194091797 1.320386290550232 2.3708531856536865 109 115 87
-17.23317527770996 0.6124677062034607 2.0543975830078125 57 68 54
-12.611811637878418 1.8458080291748047 1.4198012351989746 141 158 116
-12.225135803222656 1.3363735675811768 1.2467960119247437 109 119 94
-17.472219467163086 1.2672719955444336 1.6106138229370117 82 87 90
-16.940462112426758 2.48355770111084 1.2756558656692505 115 124 121
-19.784616470336914 2.1690175533294678 1.2912654876708984 87 99 89
-17.77355194091797 1.2981715202331543 0.9832391738891602 107 122 101
-21.17763328552246 0.7781909704208374 0.9675086736679077 82 101 71
-17.854135513305664 2.624828815460205 0.6837966442108154 89 77 63
-17.944488525390625 1.9745718240737915 0.5099363327026367 39 40 24
-17.491735458374023 1.285874843597412 0.32788434624671936 114 130 94
-19.599546432495117 0.7315067648887634 0.178008571267128 116 120 103
-8.189159393310547 1.209479808807373 0.010980352759361267 86 96 72
-18.32069206237793 2.026001453399658 -0.15184849500656128 85 90 49
-19.960155487060547 1.4781948328018188 -0.3570474684238434 75 86 46
-14.093720436096191 0.5302023887634277 -0.38705408573150635 84 115 48
-13.891865730285645 2.0566835403442383 -0.49481961131095886 59 72 52
-12.985190391540527 1.4412492513656616 -0.584592342376709 101 119 67
-12.3803071975708 0.9231526851654053 -0.6747453808784485 78 119 25
-11.889998435974121 0.4531177580356598 -0.7619427442550659 77 121 26
-8.757034301757812 1.3014729022979736 -0.6355384588241577 80 100 47
-9.65574836730957 1.0778506994247437 -0.7926321625709534 68 112 37
-8.192106246948242 0.6137299537658691 -0.7474848031997681 104 147 75
-8.478740692138672 0.32474783062934875 -0.8557366728782654 107 142 38
-7.2663397789001465 1.0830365419387817 -0.799653947353363 101 121 22
-7.139833927154541 0.8012944459915161 -0.8520132303237915 70 117 39
-7.133187770843506 0.5377790927886963 -0.9172639846801758 79 118 61
-7.195219039916992 0.2793601155281067 -0.9945603609085083 69 97 57
-6.375528335571289 0.954926609992981 -0.9412683248519897 55 91 45
-6.0925679206848145 0.6862377524375916 -0.9548419713973999 70 96 35
-6.149371147155762 0.46609067916870117 -1.0212736129760742 102 134 71
-6.213836193084717 0.24169160425662994 -1.0938098430633545 66 77 60
-5.072422504425049 0.7660847902297974 -0.9435576796531677 66 100 39
-5.297101020812988 0.5995426774024963 -1.032557487487793 65 105 53
-5.344229221343994 0.40759801864624023 -1.0926942825317383 57 58 53
-5.307462692260742 0.2069941908121109 -1.1378138065338135 87 105 79
-4.627490997314453 0.7016133069992065 -1.0421578884124756 67 111 36
-4.664392471313477 0.5315589308738708 -1.0923774242401123 106 130 106
-17.08060073852539 0.632949948310852 3.3211731910705566 106 131 136
-8.923554420471191 1.3282558917999268 1.6802490949630737 104 134 144
-19.360132217407227 2.1545557975769043 3.4281280040740967 103 150 168
-9.433296203613281 0.7010512351989746 1.5717463493347168 70 78 65
-15.979405403137207 0.6066661477088928 2.498964309692383 82 116 30
-17.755849838256836 2.6467292308807373 2.6666147708892822 131 162 130
-12.93985366821289 1.4480570554733276 1.8039816617965698 71 92 119
-12.932479858398438 0.9701778292655945 1.6707775592803955 78 92 75
-17.21236228942871 0.6646074652671814 2.052149772644043 123 142 114
-7.843789100646973 1.1725727319717407 0.8834318518638611 128 148 139
-12.242729187011719 1.3763185739517212 1.249014973640442 125 142 126
-12.241278648376465 0.9256301522254944 1.128674864768982 123 146 120
-18.984222412109375 0.7459647059440613 1.5623254776000977 101 113 113
-17.910127639770508 2.6818697452545166 1.3492871522903442 132 142 131
-19.80265998840332 2.2325005531311035 1.2928839921951294 90 113 121
-18.227460861206055 1.387557029724121 1.0085803270339966 93 118 97
-28.948883056640625 1.1526967287063599 1.322696566581726 60 66 32
-17.703699111938477 2.6582255363464355 0.678344190120697 103 112 93
-17.95622444152832 2.0316381454467773 0.5104445219039917 65 73 60
-13.031542778015137 0.9981968998908997 0.24433383345603943 81 95 62
-19.59421157836914 0.7915127873420715 0.17798134684562683 112 120 99
-18.228803634643555 2.749434232711792 0.02445310540497303 77 89 77
-18.216028213500977 2.0710160732269287 -0.151032954454422 69 74 34
-10.872961044311523 0.83877032995224 -0.19454073905944824 89 97 76
-14.064061164855957 0.5723007917404175 -0.3862859606742859 76 105 23
-8.09097671508789 1.2232433557510376 -0.2883278429508209 100 113 85
-13.137532234191895 1.4989739656448364 -0.5916550159454346 75 123 49
-12.697978019714355 0.9860227704048157 -0.6922205090522766 105 137 70
-10.390892028808594 0.42791709303855896 -0.6659570336341858 69 106 29
-8.637621879577637 1.3108234405517578 -0.6271610856056213 55 93 20
-9.651406288146973 1.1073554754257202 -0.7925509214401245 87 136 45
-8.270606994628906 0.6451332569122314 -0.7548245787620544 99 135 48
-8.464780807495117 0.35022398829460144 -0.8544321656227112 95 129 52
-7.169615745544434 1.091115117073059 -0.7893742918968201 45 83 8
-7.064341068267822 0.8147757053375244 -0.8432988524436951 67 110 21
-7.133481979370117 0.5598160624504089 -0.9175183176994324 86 122 58
-7.113170146942139 0.2980329990386963 -0.9833409190177917 62 100 49
-6.353005886077881 0.9714904427528381 -0.9383787512779236 62 91 37
-5.953018665313721 0.6890213489532471 -0.9332983493804932 71 102 45
-6.144961357116699 0.48472172021865845 -1.0207834243774414 70 100 64
-6.210114002227783 0.26063036918640137 -1.0932902097702026 60 74 61
-5.17308235168457 0.7975277304649353 -0.96273273229599 190 221 92
-5.218197345733643 0.6068320870399475 -1.0175350904464722 64 91 40
-5.305836200714111 0.42104649543762207 -1.0851033926010132 100 109 78
-5.3087568283081055 0.22335851192474365 -1.138232707977295 81 89 66
-4.602166175842285 0.7122241854667664 -1.0369417667388916 73 121 37
-4.667576789855957 0.5464328527450562 -1.093510627746582 90 108 66
-16.986379623413086 0.6816495656967163 3.303243398666382 85 104 82
-13.851030349731445 2.1051580905914307 2.6092655658721924 71 93 106
-12.208541870117188 1.3965998888015747 2.1625335216522217 130 157 138
-9.601251602172852 0.7431588768959045 1.6001029014587402 131 171 183
-15.978455543518066 0.6557279229164124 2.4991185665130615 75 88 42
-17.4973087310791 2.6630895137786865 2.6290011405944824 110 127 111
-7.9993510246276855 0.9200390577316284 1.115600347518921 128 142 116
-12.93636417388916 1.0103901624679565 1.671671986579895 130 138 114
-16.297494888305664 0.6793631315231323 1.9433138370513916 67 83 54
-12.23476791381836 1.867375135421753 1.3786187171936035 128 143 110
-12.225601196289062 1.4123879671096802 1.2477037906646729 97 116 112
-12.25327205657959 0.9643534421920776 1.1300480365753174 87 120 91
-18.05879020690918 0.7650969624519348 1.4863524436950684 90 98 75
-8.531949996948242 1.3043526411056519 0.6430661082267761 117 144 139
-19.72930335998535 2.2855498790740967 1.2885464429855347 69 89 52
-19.98093032836914 1.5827096700668335 1.1058685779571533 126 135 108
-18.817081451416016 0.8070939779281616 0.8598759174346924 93 96 69
-18.340457916259766 2.811398506164551 0.7030697464942932 126 135 92
-17.93402099609375 2.0848705768585205 0.509992778301239 94 97 78
-13.14104175567627 1.0471467971801758 0.24644595384597778 57 70 53
-19.6726131439209 0.8551408052444458 0.1787164807319641 127 137 102
-18.22028350830078 2.8053464889526367 0.02445310540497303 103 112 95
-18.014917373657227 2.104154586791992 -0.14941832423210144 77 81 20
-10.897246360778809 0.8742831349372864 -0.1950223296880722 83 94 78
-17.43773651123047 0.7631775736808777 -0.4790099561214447 77 111 27
-8.4259614944458 1.300342321395874 -0.3004060685634613 84 83 52
-13.15172290802002 1.541481852531433 -0.5925043225288391 74 103 23
-12.809350967407227 1.0342161655426025 -0.6984615921974182 78 120 46
-10.501193046569824 0.4647355377674103 -0.6731144189834595 82 139 8
-8.488664627075195 1.314873218536377 -0.6166355609893799 83 122 59
-9.423270225524902 1.1104815006256104 -0.7740930318832397 101 137 50
-8.419468879699707 0.6827390193939209 -0.7685981392860413 88 128 32
-8.076017379760742 0.35896173119544983 -0.8152978420257568 88 122 36
-7.163287162780762 1.1126482486724854 -0.7890496253967285 64 110 12
-7.111115455627441 0.8422852754592896 -0.8491869568824768 76 111 45
-7.074392318725586 0.5770218372344971 -0.9101415276527405 83 107 73
-7.065711498260498 0.3177627921104431 -0.9769102931022644 78 108 56
-6.356839179992676 0.9920446276664734 -0.9393901228904724 62 103 43
-5.886118412017822 0.6995850205421448 -0.9231420755386353 72 114 50
-6.015621185302734 0.4930942952632904 -0.9995443820953369 86 112 67
-6.181736469268799 0.2784406542778015 -1.088439702987671 56 67 51
-5.053053379058838 0.7949016094207764 -0.9408442974090576 74 123 58
-5.215336322784424 0.6227220892906189 -1.0173449516296387 49 73 21
-5.323073387145996 0.4388522505760193 -1.088898777961731 98 132 99
-5.308046340942383 0.23964449763298035 -1.138232707977295 78 98 73
-4.5951385498046875 0.7255789041519165 -1.0358549356460571 45 71 32
-4.636867523193359 0.5572636723518372 -1.0867115259170532 70 98 60
-16.76158332824707 0.7241419553756714 3.2599456310272217 116 151 183
-8.639338493347168 1.3401857614517212 1.6282507181167603 76 98 96
-12.23354434967041 1.4374967813491821 2.1677334308624268 100 157 200
-9.494697570800781 0.764222264289856 1.5827282667160034 110 131 136
-15.960575103759766 0.7040493488311768 2.496648073196411 84 101 56
-13.991830825805664 2.173497438430786 2.1032888889312744 150 177 160
-8.013214111328125 0.9465517401695251 1.1179335117340088 92 104 92
-16.04120635986328 1.302418828010559 2.073394775390625 105 119 96
-17.318069458007812 0.7751364707946777 2.0652811527252197 123 152 121
-10.935672760009766 1.703444004058838 1.2328191995620728 113 130 85
-7.936376094818115 0.9415487051010132 0.8102508783340454 113 128 95
-12.105352401733398 0.9900898337364197 1.1166812181472778 131 161 161
-17.224029541015625 0.7826752066612244 1.4178372621536255 95 111 74
-8.514113426208496 1.3283699750900269 0.642025887966156 146 158 120
-17.348955154418945 2.0637569427490234 1.1334909200668335 115 121 109
-20.169034957885742 1.65989089012146 1.1165560483932495 121 136 105
-18.794559478759766 0.8639028072357178 0.8589638471603394 72 85 55
-18.40184211730957 2.8786182403564453 0.7057580947875977 58 66 51
-17.565256118774414 2.0966386795043945 0.49968674778938293 59 70 64
-17.703107833862305 0.8239516615867615 0.16084665060043335 115 127 107
-18.23332405090332 2.8646466732025146 0.024482285603880882 86 104 88
-8.18508529663086 0.9814867377281189 -0.06791292876005173 79 92 75
-11.034006118774414 0.9193336963653564 -0.19751940667629242 92 110 84
-16.967002868652344 0.7947365045547485 -0.46614381670951843 86 125 62
-14.447894096374512 2.2750840187072754 -0.5153490304946899 56 71 30
-13.390926361083984 1.6111805438995361 -0.6035006046295166 127 144 92
-12.82900333404541 1.0754282474517822 -0.6997098326683044 88 123 19
-11.816542625427246 0.55927574634552 -0.7575332522392273 72 108 18
-8.849116325378418 1.39851975440979 -0.6431282758712769 82 126 29
-9.08141803741455 1.0984547138214111 -0.7462841868400574 102 146 59
-8.376646995544434 0.7051412463188171 -0.7648828625679016 78 120 36
-8.023199081420898 0.3812810182571411 -0.8100799322128296 116 151 59
-7.2275896072387695 1.1453559398651123 -0.796515941619873 60 99 16
-7.152858257293701 0.8694902658462524 -0.854486346244812 35 79 4
-6.815619468688965 0.576969563961029 -0.8770732879638672 55 104 49
-7.079545021057129 0.34015169739723206 -0.9789626002311707 74 106 56
-6.339107513427734 1.0092089176177979 -0.937222957611084 70 101 34
-5.847654342651367 0.7132139205932617 -0.9174484610557556 58 94 46
-6.075026988983154 0.5167316794395447 -1.0096737146377563 81 111 59
-6.151340484619141 0.2959845960140228 -1.0832425355911255 52 57 53
-4.980672836303711 0.7991816401481628 -0.9278197288513184 96 116 63
-5.237762928009033 0.641704261302948 -1.0220988988876343 58 83 53
-5.295342445373535 0.45292654633522034 -1.0835052728652954 103 136 91
-5.304356098175049 0.2557869255542755 -1.1376043558120728 94 110 65
-4.574581146240234 0.7367243766784668 -1.0317254066467285 67 104 60
-4.541370391845703 0.5599259734153748 -1.064728021621704 94 119 79
-17.25644302368164 0.7985692024230957 3.3566510677337646 88 128 164
-7.439872741699219 1.177503228187561 1.402862548828125 100 109 92
-11.851653099060059 1.4294986724853516 2.1008310317993164 101 140 183
-9.476579666137695 0.7920334339141846 1.5801057815551758 90 112 135
-15.988934516906738 0.7544560432434082 2.501434564590454 88 107 101
-12.074173927307129 1.9135630130767822 1.815895676612854 128 147 125
-8.0161714553833 0.9718467593193054 1.1187567710876465 115 136 117
-17.909963607788086 1.5094703435897827 2.3155272006988525 80 82 61
-17.393966674804688 0.8320119380950928 2.074626922607422 82 109 66
-7.5912065505981445 1.2063443660736084 0.8561981916427612 83 97 74
-7.9255499839782715 0.9649308323860168 0.809444010257721 108 133 114
-12.26994514465332 1.041456937789917 1.1321537494659424 128 152 139
-17.870590209960938 0.8670028448104858 1.4712724685668945 44 49 26
-13.424346923828125 2.136671543121338 1.0127825736999512 98 105 74
-17.276172637939453 2.1088716983795166 1.1291531324386597 101 122 103
-20.132009506225586 1.7190423011779785 1.114793062210083 40 42 28
-17.591514587402344 0.8626960515975952 0.8040984869003296 86 90 75
-18.615942001342773 2.970649003982544 0.7143155932426453 126 131 101
-16.76995277404785 2.053910732269287 0.47723937034606934 112 118 104
-17.7364501953125 0.8800441026687622 0.16117335855960846 115 128 111
-8.253679275512695 1.3226994276046753 0.011087794788181782 42 48 44
-9.021676063537598 1.109890341758728 -0.0748821571469307 90 96 70
-19.78810691833496 1.7098560333251953 -0.3543184995651245 72 109 39
-16.999427795410156 0.8485310077667236 -0.4671039879322052 78 128 31
-14.439860343933105 2.3192403316497803 -0.5153138637542725 51 93 45
-8.77853012084961 1.083554744720459 -0.3957776725292206 159 168 121
-12.825643539428711 1.1147820949554443 -0.6997098326683044 77 111 50
-12.001152038574219 0.6049203276634216 -0.7694835662841797 68 102 7
-8.473543167114258 1.3658227920532227 -0.6161343455314636 74 112 35
-9.558710098266602 1.185952067375183 -0.7858020067214966 79 119 31
-8.302020072937012 0.7245166897773743 -0.7582679986953735 82 124 52
-7.985225677490234 0.4040337800979614 -0.8063672184944153 125 142 30
-7.017949104309082 1.134216547012329 -0.7737923860549927 57 92 38
-6.986578464508057 0.871036946773529 -0.8349376916885376 66 98 33
-6.96301794052124 0.6109684705734253 -0.8962783217430115 82 111 53
-7.056703567504883 0.36075717210769653 -0.9759525656700134 80 113 58
-6.3613762855529785 1.0327751636505127 -0.9409793615341187 56 89 46
-6.065059661865234 0.7586212158203125 -0.9519181847572327 72 93 26
-6.12844705581665 0.5402183532714844 -1.0188227891921997 55 102 32
-6.1513872146606445 0.31490558385849 -1.0834157466888428 95 102 86
-5.015080451965332 0.8204925656318665 -0.9346938133239746 65 107 59
-5.198753833770752 0.6531201601028442 -1.0148729085922241 54 86 49
-5.241223335266113 0.4644993543624878 -1.0727181434631348 76 104 79
-5.284015655517578 0.2710573673248291 -1.1334149837493896 71 89 65
-4.537624359130859 0.7450620532035828 -1.0239012241363525 60 99 52
-4.547361373901367 0.5748332142829895 -1.066541075706482 101 130 86
-18.095102310180664 1.5584062337875366 3.709315061569214 87 94 86
-13.917448997497559 0.6868478059768677 2.7075610160827637 100 141 159
-7.432343482971191 1.1996963024139404 1.402130126953125 80 92 68
-8.575813293457031 1.0610830783843994 1.5207237005233765 67 80 96
-9.85444450378418 0.8540668487548828 1.6435394287109375 88 143 174
-16.320072174072266 0.8202693462371826 2.553621768951416 99 123 127
-14.036819458007812 2.2687785625457764 2.112104654312134 106 125 97
-7.914855003356934 0.9842122197151184 1.105033040046692 115 146 128
-17.920066833496094 1.5657050609588623 2.317443609237671 87 108 103
-18.56053924560547 0.9448949098587036 2.2141027450561523 76 85 66
-7.589432239532471 1.229946255683899 0.8564196825027466 117 145 157
-12.325615882873535 1.5390256643295288 1.2593032121658325 121 146 151
-12.274628639221191 1.0797938108444214 1.132886290550232 108 122 122
-18.292844772338867 0.9437511563301086 1.5062676668167114 40 40 28
-13.264168739318848 2.1529223918914795 1.0011918544769287 103 126 100
-8.46895694732666 1.06017005443573 0.5537324547767639 111 130 124
-17.218442916870117 1.5234819650650024 0.9537110924720764 49 50 36
-17.61771583557129 0.9181697964668274 0.8054211139678955 71 79 66
-16.552255630493164 2.6934356689453125 0.6354436278343201 111 121 96
-17.14938735961914 2.1538052558898926 0.48822304606437683 98 107 86
-25.23493003845215 2.2447633743286133 0.47362110018730164 90 104 71
-17.69472312927246 0.932402491569519 0.1608194261789322 139 144 121
-18.98420524597168 3.102095603942871 0.025515589863061905 104 108 83
-18.331113815307617 2.3122944831848145 -0.15221096575260162 111 109 88
-12.817718505859375 1.1471854448318481 -0.22957126796245575 108 123 80
-17.145479202270508 0.908562183380127 -0.47119152545928955 101 130 102
-7.872189521789551 1.2891689538955688 -0.2810738682746887 110 116 80
-13.449173927307129 1.7019695043563843 -0.6065849661827087 79 105 58
-12.826140403747559 1.154483437538147 -0.6999268531799316 82 128 56
-11.844778060913086 0.633475661277771 -0.759578287601471 109 144 42
-8.676002502441406 1.4257792234420776 -0.6311707496643066 87 112 47
-8.551471710205078 1.0876333713531494 -0.7032699584960938 56 102 4
-8.438616752624512 0.762531042098999 -0.7709541320800781 90 125 35
-8.177684783935547 0.4389288127422333 -0.8259343504905701 74 115 59
-7.108602523803711 1.1712573766708374 -0.7841802835464478 44 88 11
-6.736630439758301 0.8608722686767578 -0.8053792119026184 71 107 20
-7.0332207679748535 0.6388781070709229 -0.9055628776550293 68 106 65
-7.054574489593506 0.38235151767730713 -0.9758157134056091 89 132 76
-6.335724353790283 1.0485706329345703 -0.9376563429832458 72 95 43
-5.906872749328613 0.757247805595398 -0.9274508357048035 101 134 4
-6.105146408081055 0.5570454597473145 -1.015228509902954 39 74 34
-6.145474910736084 0.3335094451904297 -1.0825495719909668 58 67 50
-5.251185417175293 0.8756706118583679 -0.9791944026947021 77 106 39
-5.1850409507751465 0.6675622463226318 -1.0125908851623535 59 79 54
-5.229040145874023 0.47959259152412415 -1.0705207586288452 87 99 63
-5.267537593841553 0.28641781210899353 -1.1300636529922485 69 84 61
-4.517988204956055 0.7560797929763794 -1.019989013671875 88 136 86
-4.519496917724609 0.5854036211967468 -1.0604220628738403 102 136 103
-18.07950210571289 1.612956166267395 3.7071139812469482 116 132 96
-17.334543228149414 0.9088062047958374 3.37286376953125 91 102 94
-7.4276580810546875 1.2223331928253174 1.4019471406936646 124 139 116
-8.535390853881836 1.0826789140701294 1.5141375064849854 114 152 175
-17.918310165405273 1.6083478927612305 2.9892520904541016 107 122 103
-16.68646812438965 0.8900157809257507 2.6113672256469727 69 84 77
-14.023937225341797 2.3108670711517334 2.111222982406616 99 118 86
-7.932432651519775 1.0111202001571655 1.1079150438308716 132 156 134
-9.523088455200195 0.8614949584007263 1.2318726778030396 86 87 89
-18.551603317260742 1.0015121698379517 2.213392734527588 40 69 85
-7.58660364151001 1.2533864974975586 0.8565303683280945 129 166 148
-12.31984806060791 1.5767065286636353 1.2592023611068726 94 126 125
-12.303983688354492 1.120426893234253 1.135907530784607 106 114 99
-16.67374038696289 0.9115182757377625 1.3731712102890015 45 44 40
-13.250614166259766 2.1924667358398438 1.0006717443466187 97 117 90
-8.522083282470703 1.093385934829712 0.5574226975440979 98 111 104
-17.204740524291992 1.5754809379577637 0.9532153606414795 62 63 47
-19.352357864379883 1.0681161880493164 0.8848686218261719 88 107 88
-7.919035911560059 1.3135617971420288 0.3041662573814392 52 52 26
-17.223005294799805 2.216744899749756 0.49051016569137573 103 117 94
-24.742063522338867 2.2774500846862793 0.46449971199035645 115 120 98
-17.68279266357422 0.9861835837364197 0.16073773801326752 133 148 127
-8.113229751586914 1.351302981376648 0.010910050012171268 84 99 92
-8.678504943847656 1.1217697858810425 -0.07208952307701111 72 76 51
-18.963850021362305 1.7559266090393066 -0.3397462069988251 93 115 50
-17.208484649658203 0.9648528695106506 -0.4730021059513092 127 144 99
-9.19895076751709 1.5354361534118652 -0.3286120593547821 91 87 50
-8.813326835632324 1.142793893814087 -0.3976551294326782 76 86 49
-12.650537490844727 1.1778141260147095 -0.6905381083488464 110 140 76
-10.499679565429688 0.5938480496406555 -0.6734338998794556 92 123 19
-8.899812698364258 1.4906153678894043 -0.6477823853492737 79 116 38
-9.248823165893555 1.2051726579666138 -0.7609204649925232 79 117 30
-8.348978996276855 0.7802619934082031 -0.7629799842834473 84 134 37
-8.16438102722168 0.46333909034729004 -0.8247302770614624 73 109 61
-7.191251277923584 1.2075481414794922 -0.7937025427818298 59 103 8
-6.7349419593811035 0.8816648125648499 -0.8054969906806946 47 84 17
-7.050978183746338 0.6623079180717468 -0.9081065654754639 62 96 46
-6.962382793426514 0.39878150820732117 -0.9632281064987183 69 102 55
-6.33930778503418 1.0691553354263306 -0.9386677145957947 72 108 46
-5.843781471252441 0.7673900127410889 -0.917910099029541 46 77 18
-6.123052597045898 0.5776263475418091 -1.0184961557388306 84 104 55
-6.141472816467285 0.352192759513855 -1.082029938697815 97 118 87
-5.249444007873535 0.8919416069984436 -0.9793752431869507 69 114 33
-5.208274841308594 0.6868036985397339 -1.0175350904464722 97 124 71
-5.2226667404174805 0.49517035484313965 -1.0695219039916992 80 88 51
-5.256871700286865 0.30201616883277893 -1.1279689073562622 102 147 82
-4.535853862762451 0.7733824849128723 -1.0245531797409058 48 78 28
-4.56112813949585 0.6050298810005188 -1.0706205368041992 93 139 90
-18.29220199584961 1.0152970552444458 3.5597894191741943 80 104 88
-8.643570899963379 1.4496800899505615 1.632278561592102 108 116 103
-8.113045692443848 1.054407000541687 1.4397825002670288 93 107 90
-9.70266342163086 0.9009268879890442 1.6191166639328003 85 99 84
-14.13667106628418 0.7975171804428101 2.2127065658569336 78 95 77
-7.419559001922607 1.2459893226623535 1.1175421476364136 134 151 132
-8.025548934936523 1.0480214357376099 1.1213643550872803 149 168 140
-9.516449928283691 0.8903377056121826 1.2313615083694458 75 87 75
-17.305273056030273 0.987484335899353 2.065044641494751 89 100 70
-14.167743682861328 2.3853349685668945 1.6003621816635132 123 138 99
-12.415572166442871 1.6276869773864746 1.2694905996322632 142 163 144
-12.266779899597168 1.1549957990646362 1.1327946186065674 130 142 122
-16.527585983276367 0.9543946385383606 1.3613694906234741 89 94 72
-13.24874210357666 2.2339377403259277 1.0010432004928589 118 135 117
-8.485048294067383 1.115105152130127 0.5552214980125427 132 147 128
-17.234617233276367 1.6315504312515259 0.9551434516906738 100 109 88
-19.422788619995117 1.1317836046218872 0.8882436156272888 96 112 76
-8.071632385253906 1.3643314838409424 0.3101867437362671 104 112 88
-17.25972557067871 2.2753219604492188 0.4917525053024292 90 101 69
-10.812276840209961 1.0287073850631714 0.2030445635318756 114 134 106
-17.481035232543945 1.0287388563156128 0.158931702375412 75 83 62
-9.097906112670898 1.5440073013305664 0.012240479700267315 92 98 88
-8.784067153930664 1.1628249883651733 -0.07299568504095078 63 76 66
-12.545690536499023 1.200478434562683 -0.22482681274414062 104 113 70
-17.4110050201416 1.0298014879226685 -0.47865331172943115 124 134 84
-8.73310661315918 1.4852336645126343 -0.3121321499347687 85 94 73
-8.81671142578125 1.1707478761672974 -0.39796802401542664 66 87 28
-11.343811988830566 1.0912669897079468 -0.6193894147872925 87 131 56
-11.94327449798584 0.7122610807418823 -0.7661604881286621 94 131 28
-8.876516342163086 1.5147247314453125 -0.6464219689369202 74 102 27
-9.179879188537598 1.2248420715332031 -0.7555538415908813 53 86 15
-8.623112678527832 0.8325755596160889 -0.7882616519927979 86 134 48
-8.151002883911133 0.487671822309494 -0.82352614402771 74 122 46
-7.006232738494873 1.1985923051834106 -0.7736841440200806 91 124 7
-6.698741436004639 0.8978379368782043 -0.8014930486679077 56 84 26
-7.023244857788086 0.681446373462677 -0.90479975938797 57 100 31
-6.861257553100586 0.4141123294830322 -0.949409008026123 96 127 57
-6.347700595855713 1.0906096696853638 -0.9404014348983765 60 99 34
-6.204712390899658 0.8341584801673889 -0.9750006198883057 52 86 26
-5.937633991241455 0.5785185098648071 -0.9879445433616638 71 102 43
-6.12660026550293 0.3702012300491333 -1.0796046257019043 76 108 61
-5.17884635925293 0.8963020443916321 -0.9667125344276428 47 78 21
-5.171117782592773 0.6980510950088501 -1.010689377784729 79 115 54
-5.207470417022705 0.509854257106781 -1.066725254058838 39 79 44
-5.254944324493408 0.3180835247039795 -1.1277594566345215 85 115 77
-4.538268089294434 0.7881297469139099 -1.0256398916244507 49 74 45
-4.561180591583252 0.6192824244499207 -1.0710737705230713 96 139 93
-18.494792938232422 1.0834678411483765 3.5998449325561523 97 120 91
-14.512496948242188 2.4798030853271484 2.7420084476470947 95 122 139
-17.690765380859375 2.3543832302093506 3.140760660171509 105 125 114
-13.814289093017578 1.325465440750122 2.305905342102051 102 116 93
-14.123309135437012 0.8402386903762817 2.211008071899414 107 121 88
-7.3240532875061035 1.2530663013458252 1.1037307977676392 106 126 125
-11.992698669433594 1.6035099029541016 1.6763510704040527 119 143 127
-17.964130401611328 1.7362955808639526 2.3251101970672607 119 133 98
-17.282337188720703 1.0393792390823364 2.062678575515747 75 82 66
-11.501863479614258 1.9728038311004639 1.299906849861145 148 167 137
-12.671825408935547 1.7008428573608398 1.2962199449539185 100 114 117
-12.218579292297363 1.1882869005203247 1.128674864768982 104 112 71
-16.509658813476562 1.0041885375976562 1.3601402044296265 111 117 91
-7.77722692489624 1.335909128189087 0.5879355072975159 91 102 85
-8.50235652923584 1.1439260244369507 0.5565810203552246 121 135 135
-17.814844131469727 1.7416400909423828 0.9875911474227905 123 135 121
-17.554885864257812 3.0226917266845703 0.6749742031097412 108 111 84
-17.955015182495117 2.423046350479126 0.5117716193199158 107 120 90
-18.173324584960938 1.7853326797485352 0.3413794934749603 121 124 95
-15.256144523620605 0.9447824954986572 0.13872943818569183 92 102 77
-8.643790245056152 1.4942362308502197 0.011635618284344673 97 104 73
-18.178255081176758 2.4631879329681396 -0.15112356841564178 105 124 104
-18.387561798095703 1.8164242506027222 -0.32961520552635193 90 114 80
-15.289660453796387 0.9514120817184448 -0.4204128086566925 61 56 27
-7.976187229156494 1.3816964626312256 -0.28522905707359314 93 91 70
-13.501242637634277 1.8349635601043701 -0.6096692681312561 80 115 57
-12.634129524230957 1.254526138305664 -0.6900496482849121 77 121 36
-11.944021224975586 0.7490866184234619 -0.7663522362709045 92 138 39
-8.461058616638184 1.470557451248169 -0.6164923906326294 59 101 29
-8.870932579040527 1.2113319635391235 -0.7304283380508423 90 115 50
-8.303404808044434 0.8274269700050354 -0.7592648267745972 103 149 17
-8.034280776977539 0.5054301023483276 -0.811886191368103 78 114 27
-7.1807684898376465 1.2511380910873413 -0.7933779358863831 61 93 30
-6.70481014251709 0.9195996522903442 -0.8025529384613037 60 100 40
-6.985591411590576 0.6994327306747437 -0.9002211093902588 60 95 31
-6.994405746459961 0.4436892867088318 -0.9680168628692627 58 89 32
-6.365767955780029 1.1138309240341187 -0.943579912185669 56 81 24
-6.200165748596191 0.8529209494590759 -0.9746927618980408 67 100 43
-5.937794208526611 0.5969295501708984 -0.9882712364196777 97 126 80
-6.113640785217285 0.38824662566185 -1.0775257349014282 87 125 84
-5.209003448486328 0.9179899096488953 -0.9728630185127258 70 98 47
-5.0823974609375 0.7019581198692322 -0.9937652945518494 65 99 48
-5.161036968231201 0.5212985277175903 -1.057536244392395 57 82 53
-5.243209362030029 0.33352115750312805 -1.1254552602767944 80 85 63
-4.531023025512695 0.8011994361877441 -1.0245531797409058 73 115 31
-4.558294773101807 0.6331390142440796 -1.0708471536636353 82 110 61
-16.15460777282715 0.9961152076721191 3.1449289321899414 83 107 117
-17.35752296447754 2.364251136779785 3.082871198654175 100 128 116
-13.444975852966309 1.3316709995269775 2.2449305057525635 106 110 83
-17.17159652709961 1.074468731880188 2.6887218952178955 112 148 136
-7.204212665557861 1.255324125289917 1.0862462520599365 36 34 19
-12.334156036376953 1.687698245048523 1.7247958183288574 105 128 142
-9.459488868713379 0.9435936808586121 1.2247172594070435 77 83 69
-16.291040420532227 1.0299321413040161 1.9447336196899414 66 83 65
-11.391980171203613 1.989953875541687 1.2881720066070557 141 146 142
-12.668519020080566 1.7399822473526 1.2964216470718384 121 150 145
-12.282252311706543 1.232528567314148 1.134900450706482 111 139 125
-16.52838134765625 1.0562329292297363 1.361943244934082 96 123 104
-7.747551441192627 1.355295181274414 0.5860037207603455 121 146 125
-8.498806953430176 1.170005440711975 0.5565810203552246 106 119 99
-17.27991485595703 1.7428805828094482 0.9582284688949585 111 120 91
-20.64564323425293 1.330197811126709 0.9445226788520813 63 77 60
-14.139969825744629 2.479384422302246 0.5439627766609192 132 146 121
-17.960369110107422 2.4798974990844727 0.5121386647224426 82 85 54
-18.16278839111328 1.8405753374099731 0.3412860631942749 124 133 114
-15.792015075683594 1.026612401008606 0.143630251288414 113 122 103
-8.31810188293457 1.4642313718795776 0.01120319589972496 113 114 96
-8.831244468688965 1.2242531776428223 -0.07344876974821091 162 173 139
-10.922709465026855 1.1128530502319336 -0.19586063921451569 93 114 99
-17.504108428955078 1.1431283950805664 -0.4813966453075409 87 98 66
-7.822314739227295 1.3797733783721924 -0.27987661957740784 125 132 91
-8.468978881835938 1.177498459815979 -0.38259103894233704 100 113 85
-10.645544052124023 1.0900585651397705 -0.5816171765327454 98 126 42
-11.630976676940918 0.7652842998504639 -0.7464137673377991 73 125 51
-8.9014310836792 1.5752447843551636 -0.6489280462265015 131 143 71
-8.852368354797363 1.236473798751831 -0.7292086482048035 75 114 25
-8.95169734954834 0.919773519039154 -0.8187989592552185 106 137 43
-8.110130310058594 0.5351867079734802 -0.8197130560874939 97 141 56
-7.180811405181885 1.2738571166992188 -0.7938107848167419 53 89 28
-6.72260856628418 0.9430624842643738 -0.8050259947776794 36 76 24
-6.9508538246154785 0.7175000905990601 -0.8960239887237549 63 95 19
-7.068130970001221 0.4701423645019531 -0.9784153699874878 95 128 49
-6.109035968780518 1.088236689567566 -0.906015932559967 69 114 23
-6.200455665588379 0.8723518252372742 -0.975154459476471 52 85 30
-5.930047035217285 0.6145334839820862 -0.9872909784317017 78 115 71
-6.104559421539307 0.4064777195453644 -1.0761399269104004 98 125 82
-5.1606645584106445 0.9258043766021729 -0.9643608927726746 71 100 52
-5.098690032958984 0.7201561331748962 -0.9973783493041992 48 86 25
-5.160387992858887 0.5372313857078552 -1.0577360391616821 60 93 50
-5.196306228637695 0.346547394990921 -1.1156104803085327 68 83 60
-4.528543472290039 0.8150966167449951 -1.0245531797409058 67 104 34
-4.560187816619873 0.6476684808731079 -1.0717536211013794 105 137 98
-17.08208656311035 1.1059213876724243 3.3261325359344482 110 129 110
-14.540914535522461 2.026061534881592 2.583705186843872 138 160 137
-13.769585609436035 1.406494379043579 2.2998406887054443 119 144 140
-15.265459060668945 1.0022234916687012 2.3907299041748047 118 138 111
-7.179874897003174 1.2737919092178345 1.0831607580184937 83 93 85
-12.066998481750488 1.6888729333877563 1.6881535053253174 109 139 129
-12.926417350769043 1.3294880390167236 1.6740996837615967 105 130 127
-17.25779914855957 1.1442197561264038 2.060549259185791 129 173 184
-7.540317535400391 1.3409967422485352 0.853098452091217 70 90 79
-12.175434112548828 1.7103331089019775 1.2464933395385742 90 119 99
-20.499679565429688 2.1206958293914795 1.8947967290878296 118 158 149
-16.634449005126953 1.1142635345458984 1.3709584474563599 88 98 74
-7.720775604248047 1.375036358833313 0.5842947959899902 85 100 93
-13.146428108215332 1.8509442806243896 0.8613184690475464 101 115 90
-17.78892707824707 1.8493685722351074 0.9867648482322693 65 77 57
-32.11636734008789 2.1682167053222656 1.4695971012115479 53 59 49
-14.158856391906738 2.5274949073791504 0.5449850559234619 132 146 110
-18.074420928955078 2.552178382873535 0.5156117081642151 67 73 61
-18.15407371520996 1.8959777355194092 0.34122997522354126 101 101 75
-13.087158203125 0.8911029696464539 0.11905356496572495 120 126 90
-7.755460739135742 1.3897340297698975 0.010451098904013634 105 128 112
-8.925463676452637 1.2652357816696167 -0.07426431775093079 141 142 100
-18.30049705505371 1.921280026435852 -0.3282596468925476 89 87 72
-13.401640892028809 0.9165108799934387 -0.3686464726924896 112 115 84
-14.013067245483398 2.5161099433898926 -0.5016509890556335 111 123 75
-13.706332206726074 1.9485644102096558 -0.6194586753845215 105 122 78
-10.461420059204102 1.103647232055664 -0.5717399716377258 91 123 50
-11.34781551361084 0.7816256880760193 -0.728392481803894 93 133 47
-8.465619087219238 1.5249212980270386 -0.6174947619438171 158 175 104
-8.555489540100098 1.221778154373169 -0.7050588726997375 85 107 34
-8.643804550170898 0.9149453639984131 -0.7908895015716553 68 113 20
-8.280167579650879 0.5719265341758728 -0.8370725512504578 83 121 36
-7.172956466674805 1.2951749563217163 -0.7933779358863831 66 96 42
-6.716734409332275 0.963259756565094 -0.8046726584434509 49 79 15
-6.961441993713379 0.7401849627494812 -0.8976773619651794 93 124 44
-6.686196327209473 0.46534568071365356 -0.9257388114929199 87 108 43
-6.213742256164551 1.1265678405761719 -0.9220528602600098 76 128 4
-6.1713433265686035 0.8875725865364075 -0.9709996581077576 73 108 40
-5.852597236633301 0.6246615648269653 -0.9747108817100525 77 102 45
-6.110161304473877 0.42568346858024597 -1.077352523803711 92 131 84
-5.161669731140137 0.9423391819000244 -0.965084433555603 67 97 37
-5.089654922485352 0.7348133325576782 -0.9960471987724304 51 77 38
-5.147024631500244 0.5518073439598083 -1.055338978767395 75 94 62
-5.198144912719727 0.3626919984817505 -1.1162389516830444 66 77 60
-4.537543296813965 0.8310964703559875 -1.0271612405776978 57 91 14
-4.529263019561768 0.657458484172821 -1.0649546384811401 76 110 75
-17.10897445678711 1.1603825092315674 3.332045555114746 113 140 125
-7.69193696975708 1.0958248376846313 1.3673341274261475 109 123 136
-16.768220901489258 1.7647874355316162 2.8015735149383545 101 144 160
-15.073060989379883 1.0360443592071533 2.3610849380493164 113 125 101
-7.173986434936523 1.2954620122909546 1.082866907119751 84 94 70
-13.282546997070312 1.9005651473999023 1.8590136766433716 109 155 189
-9.449575424194336 1.0012003183364868 1.2242062091827393 127 165 166
-12.019896507263184 0.8339847326278687 1.4354521036148071 93 116 96
-7.242779731750488 1.3110175132751465 0.8198867440223694 92 103 86
-7.8222479820251465 1.1233056783676147 0.8011730313301086 106 130 108
-12.268516540527344 1.307234764099121 1.134351134300232 107 137 103
-16.791017532348633 1.1765074729919434 1.3841532468795776 70 86 83
-7.679233074188232 1.3919579982757568 0.5814713835716248 120 147 114
-28.916624069213867 4.161813735961914 1.8953666687011719 116 129 101
-30.772069931030273 3.2945778369903564 1.707502007484436 105 122 104
-31.99895477294922 2.25892972946167 1.4645347595214844 46 48 45
-14.564958572387695 2.6461219787597656 0.560926079750061 107 121 104
-18.033857345581055 2.6029052734375 0.5146799087524414 66 69 48
-18.04975700378418 1.941081166267395 0.33937954902648926 112 126 103
-21.37504768371582 1.521320104598999 0.19448983669281006 115 136 117
-7.93414306640625 1.4468899965286255 0.010697818361222744 127 127 89
-8.471257209777832 1.2273727655410767 -0.07051609456539154 72 74 52
-17.300464630126953 1.8699711561203003 -0.3104233145713806 118 122 97
-17.269432067871094 1.2342623472213745 -0.4751419126987457 136 151 110
-8.410444259643555 1.5367830991744995 -0.3012511730194092 86 90 65
-8.088885307312012 1.1752876043319702 -0.36573898792266846 70 94 36
-12.669697761535645 1.3759291172027588 -0.6926546096801758 72 110 25
-11.629048347473145 0.8368511199951172 -0.7466055154800415 77 114 36
-8.102804183959961 1.485247015953064 -0.5913600921630859 90 114 54
-8.506333351135254 1.2413994073867798 -0.7013185024261475 77 100 44
-8.800352096557617 0.9588264226913452 -0.805478572845459 86 126 27
-8.303183555603027 0.5991171598434448 -0.8395812511444092 88 138 41
-7.1552605628967285 1.3146600723266602 -0.7918630242347717 68 100 51
-6.708835601806641 0.9831419587135315 -0.8040838837623596 89 132 53
-6.986745834350586 0.7645599842071533 -0.9012385606765747 100 141 85
-6.823055744171143 0.4959096312522888 -0.9448938965797424 86 124 67
-6.215121746063232 1.1465234756469727 -0.9227752089500427 100 105 83
-6.133398056030273 0.9013299942016602 -0.9654598236083984 59 96 27
-5.737876892089844 0.6302271485328674 -0.9559224843978882 59 90 22
-6.069535255432129 0.44156864285469055 -1.0704231262207031 106 133 88
-5.25255012512207 0.9755918383598328 -0.9826314449310303 67 108 40
-5.039785385131836 0.7434046864509583 -0.9867294430732727 62 99 32
-5.139463901519775 0.5669509768486023 -1.054140329360962 87 115 75
-5.185305118560791 0.377785325050354 -1.1137253046035767 64 81 65
-4.5503249168396 0.8478742837905884 -1.0306386947631836 90 132 58
-4.498321056365967 0.6670648455619812 -1.0581556558609009 79 112 69
-16.333738327026367 1.1581560373306274 3.181741952896118 130 145 124
-8.296391487121582 1.5226446390151978 1.5709424018859863 101 112 98
-7.715826988220215 1.1233912706375122 1.3721871376037598 34 44 43
-13.067316055297852 1.4158295392990112 2.183955192565918 85 112 107
-19.508371353149414 1.4010511636734009 3.0565025806427 89 111 75
-7.167059898376465 1.3169291019439697 1.0824260711669922 108 131 102
-11.089034080505371 1.6214337348937988 1.5527005195617676 115 155 181
-9.428712844848633 1.028251051902771 1.221906304359436 120 154 163
-12.940317153930664 0.9377469420433044 1.5457077026367188 95 107 83
-7.193762302398682 1.324950933456421 0.8147942423820496 73 75 61
-7.823686599731445 1.1480209827423096 0.801677405834198 79 100 93
-12.309982299804688 1.3498610258102417 1.138562560081482 124 139 136
-16.85988998413086 1.2333239316940308 1.3901360034942627 107 118 124
-7.733768463134766 1.4263633489608765 0.5859293937683105 107 131 99
-17.961652755737305 2.6413960456848145 1.177838683128357 126 146 111
-30.76876449584961 3.389735221862793 1.7078876495361328 90 101 84
-17.856948852539062 1.3156604766845703 0.8174614310264587 61 68 61
-7.658665657043457 1.4156911373138428 0.2951166331768036 64 64 56
-18.09995460510254 2.6691577434539795 0.5167976021766663 52 52 40
-16.633569717407227 1.8404220342636108 0.3128564655780792 52 60 39
-13.072468757629395 0.9707209467887878 0.11897187680006027 72 83 69
-7.5255632400512695 1.396249771118164 0.010152647271752357 98 106 91
-8.471407890319824 1.2539420127868652 -0.07054904103279114 55 50 20
-18.2436466217041 2.0285613536834717 -0.3274570107460022 123 126 95
-17.313411712646484 1.290805697441101 -0.47645866870880127 43 78 24
-8.398812294006348 1.5613001585006714 -0.30100467801094055 98 105 87
-13.5310697555542 2.0084269046783447 -0.6120830774307251 97 132 50
-10.271858215332031 1.1474199295043945 -0.5617541670799255 77 124 10
-11.60254192352295 0.8707321882247925 -0.7450717687606812 94 136 50
-8.491401672363281 1.5834190845489502 -0.6200724840164185 90 115 57
-8.795267105102539 1.3111364841461182 -0.7254682779312134 91 130 11
-8.765698432922363 0.9822720885276794 -0.802578866481781 82 124 24
-8.29436206817627 0.624065637588501 -0.8388788104057312 86 129 40
-7.073017120361328 1.3219941854476929 -0.7832064032554626 86 110 36
-6.699894905090332 1.0028377771377563 -0.8033772706985474 84 131 76
-6.865102767944336 0.7725698351860046 -0.8858490586280823 91 119 68
-6.78001594543457 0.5136969089508057 -0.9391473531723022 61 96 32
-6.139607906341553 1.1520812511444092 -0.9120839238166809 82 117 77
-6.1159467697143555 0.9179428815841675 -0.9631516337394714 72 118 46
-5.812382221221924 0.6564639806747437 -0.9686659574508667 53 90 47
-6.032797336578369 0.4575064778327942 -1.0641865730285645 72 98 61
-5.236968994140625 0.9893284440040588 -0.9802797436714172 77 110 31
-5.064663887023926 0.7629579305648804 -0.9920539259910583 75 109 59
-5.13477897644043 0.5823846459388733 -1.0535410642623901 74 107 50
-5.166571140289307 0.39235904812812805 -1.1099549531936646 67 85 63
-4.563046932220459 0.8647384643554688 -1.034116268157959 90 128 41
-4.510698318481445 0.683049738407135 -1.0615551471710205 94 133 80
-16.63260841369629 1.2306437492370605 3.240680694580078 96 107 113
-8.30037784576416 1.5497143268585205 1.5725902318954468 105 131 132
-7.73280143737793 1.1501003503799438 1.3758268356323242 89 112 94
-12.516825675964355 1.3950494527816772 2.0926566123962402 98 141 157
-12.614136695861816 0.9448294043540955 1.976783275604248 130 144 155
-7.405089855194092 1.3841654062271118 1.119011402130127 59 71 61
-17.85843849182129 2.667238712310791 2.501694917678833 102 121 102
-12.65737247467041 1.4196609258651733 1.640878438949585 102 114 112
-12.087824821472168 0.9132574796676636 1.4442062377929688 118 140 154
-7.186733245849609 1.346465826034546 0.8144621849060059 97 102 79
-13.218849182128906 1.9811354875564575 1.3551251888275146 142 157 136
-20.4941349029541 2.3109536170959473 1.896169900894165 117 137 126
-16.865964889526367 1.2858011722564697 1.3909555673599243 115 135 144
-7.84011173248291 1.4708621501922607 0.5943253040313721 67 93 84
-18.04721450805664 2.7105696201324463 1.1839890480041504 122 125 104
-30.65007781982422 3.4718668460845947 1.7018829584121704 145 159 134
-32.00839614868164 2.457063913345337 1.46562922000885 108 120 106
-7.080755710601807 1.3313440084457397 0.2730037271976471 63 70 36
-18.655099868774414 2.809528112411499 0.5328919291496277 91 92 78
-18.070289611816406 2.0555248260498047 0.3399963676929474 50 50 24
-13.081392288208008 1.0117474794387817 0.1190807893872261 98 112 97
-7.4878339767456055 1.4130264520645142 0.010107547976076603 94 95 77
-8.373591423034668 1.2657279968261719 -0.06976644694805145 102 116 99
-18.3148193359375 2.093378782272339 -0.3288482129573822 111 130 98
-10.923003196716309 0.8480725884437561 -0.3006671667098999 97 108 76
-7.752748489379883 1.4658211469650269 -0.2780103087425232 101 106 86
-8.084485054016113 1.2253470420837402 -0.3658730983734131 100 111 55
-12.844538688659668 1.474713683128357 -0.7026947140693665 83 128 43
-11.679409980773926 0.9125430583953857 -0.750184178352356 100 140 43
-8.4541654586792 1.6033297777175903 -0.6177096366882324 90 101 67
-8.327107429504395 1.267473578453064 -0.687170147895813 64 94 8
-8.927864074707031 1.0281881093978882 -0.817711591720581 79 121 35
-8.286456108093262 0.6490432620048523 -0.8382766842842102 71 119 35
-6.855043411254883 1.3030318021774292 -0.7595089673995972 114 141 44
-6.857776641845703 1.0479902029037476 -0.8226903676986694 74 117 27
-6.863685607910156 0.7937420606613159 -0.8859763145446777 72 100 51
-6.5522637367248535 0.5166631937026978 -0.9078150987625122 71 108 41
-5.830845832824707 1.1126723289489746 -0.8667181134223938 71 111 59
-6.053524017333984 0.9275729656219482 -0.953764796257019 53 95 21
-5.815240859985352 0.6748616695404053 -0.9694828987121582 59 100 24
-5.986201286315918 0.4724482297897339 -1.0562177896499634 90 115 73
-5.235841274261475 1.005761742591858 -0.9806416034698486 76 114 63
-4.835237979888916 0.7435744404792786 -0.9475569128990173 77 109 62
-5.164112567901611 0.6017643809318542 -1.0599334239959717 118 148 96
-5.146822452545166 0.4067443609237671 -1.1059750318527222 90 117 66
-4.544078350067139 0.8755939602851868 -1.0304213762283325 71 110 45
-4.485480785369873 0.6933144330978394 -1.056115984916687 82 99 54
-16.57198715209961 1.27729070186615 3.2296178340911865 86 102 91
-7.604043960571289 1.443861961364746 1.4414951801300049 105 134 150
-8.429327964782715 1.2801398038864136 1.5004451274871826 95 109 86
-12.438982009887695 1.4250231981277466 2.0803632736206055 105 132 151
-12.431905746459961 0.9695433378219604 1.948682427406311 99 109 111
-11.852372169494629 2.2531096935272217 1.792093276977539 87 112 116
-9.047978401184082 1.379747748374939 1.2680708169937134 122 132 107
-15.930980682373047 1.8363391160964966 2.065983772277832 109 133 133
-19.522249221801758 1.535191535949707 2.332993984222412 88 100 100
-7.184521198272705 1.368880033493042 0.8146835565567017 96 115 70
-8.4567232131958 1.2939661741256714 0.867340624332428 97 111 112
-17.260238647460938 1.9999396800994873 1.5975216627120972 109 119 131
-17.733253479003906 1.4066543579101562 1.4628310203552246 123 142 114
-7.189047336578369 1.3715629577636719 0.5452873110771179 67 76 71
-17.700489044189453 2.7140488624572754 1.1617828607559204 134 155 96
-30.652175903320312 3.5673842430114746 1.7025991678237915 93 97 83
-32.12119674682617 2.5648739337921143 1.4711476564407349 81 102 71
-7.664557933807373 1.4654722213745117 0.2956846058368683 76 76 48
-18.37666893005371 2.825279951095581 0.5251835584640503 122 126 75
-18.08475112915039 2.113391160964966 0.34038886427879333 69 68 48
-13.069256782531738 1.051154375076294 0.11899910867214203 120 133 105
-18.938465118408203 3.634077548980713 0.025579258799552917 95 110 77
-8.619701385498047 1.3299909830093384 -0.07185062021017075 109 124 101
-18.32122039794922 2.151073694229126 -0.32908010482788086 82 89 71
-17.864137649536133 1.4421392679214478 -0.4918486773967743 71 90 26
-8.809117317199707 1.6935584545135498 -0.3160760700702667 114 122 107
-8.36501693725586 1.294132113456726 -0.37874680757522583 95 104 73
-12.85284423828125 1.5156333446502686 -0.703400194644928 94 142 58
-11.662630081176758 0.9472396373748779 -0.7492895126342773 95 129 42
-8.13286304473877 1.5682588815689087 -0.594582200050354 100 117 83
-8.315300941467285 1.2917909622192383 -0.6865196824073792 77 105 28
-8.185890197753906 0.9681939482688904 -0.7500220537185669 81 126 25
-8.269551277160645 0.6732516884803772 -0.8367716073989868 91 141 54
-6.933002948760986 1.3399022817611694 -0.7685983777046204 82 113 46
-6.742674350738525 1.0515798330307007 -0.8092653751373291 59 107 31
-6.875007629394531 0.816433310508728 -0.887756884098053 65 105 35
-6.7718000411987305 0.554884135723114 -0.9384632706642151 60 94 17
-5.771064281463623 1.119625449180603 -0.858338475227356 94 126 43
-6.06041145324707 0.9476670026779175 -0.9553036093711853 50 90 38
-5.746527671813965 0.6847614645957947 -0.9583731293678284 83 119 47
-5.921902656555176 0.4856593906879425 -1.045130729675293 64 82 56
-5.230800151824951 1.021443247795105 -0.9802797436714172 59 93 42
-4.8145060539245605 0.7555134892463684 -0.9439439177513123 97 126 60
-5.155431747436523 0.6167900562286377 -1.058535099029541 77 130 74
-5.129957675933838 0.4212522804737091 -1.102623701095581 128 150 101
-4.545202732086182 0.8902813792228699 -1.0312907695770264 87 125 74
-4.48140811920166 0.7067689299583435 -1.0556626319885254 93 132 79
-18.168819427490234 1.45645272731781 3.5416691303253174 102 123 128
-7.7298903465271 1.4923421144485474 1.4662128686904907 110 151 153
-7.982535362243652 1.2373533248901367 1.4215837717056274 115 133 135
-11.84182357788086 1.3934322595596313 1.9811969995498657 96 126 136
-12.475156784057617 1.0114319324493408 1.9559392929077148 99 119 143
-7.417823791503906 1.4337058067321777 1.122243881225586 115 141 164
-9.038808822631836 1.4067384004592896 1.267384648323059 133 164 167
-13.382192611694336 1.5841608047485352 1.7360703945159912 126 161 180
-12.83810806274414 1.049203872680664 1.5345875024795532 93 119 118
-7.14711332321167 1.3844891786575317 0.8109195828437805 94 110 84
-11.378087043762207 1.776706576347351 1.1675158739089966 118 140 117
-14.100654602050781 1.6776963472366333 1.3055566549301147 88 84 75
-19.87630271911621 1.6380258798599243 1.6400196552276611 114 135 120
-7.144667148590088 1.385826587677002 0.5422410368919373 100 122 110
-14.036338806152344 2.1963143348693848 0.9217220544815063 116 130 95
-8.633358001708984 1.0316290855407715 0.47972020506858826 80 94 81
-7.70612907409668 1.4979416131973267 0.2974642515182495 116 117 101
-18.529869079589844 2.9070534706115723 0.5298141837120056 61 57 22
-18.13675308227539 2.175891160964966 0.3414916694164276 104 111 70
-29.246967315673828 2.4426519870758057 0.2663685083389282 98 107 80
-7.683175086975098 1.4987685680389404 0.01038345042616129 99 113 88
-7.267235279083252 1.144147276878357 -0.06060594692826271 114 123 106
-8.90314769744873 1.0730094909667969 -0.15997396409511566 85 89 64
-11.084942817687988 0.9291056394577026 -0.30527591705322266 95 109 60
-7.835805892944336 1.5313819646835327 -0.28132036328315735 151 154 107
-13.883041381835938 2.1914455890655518 -0.6288904547691345 91 121 47
-12.837230682373047 1.5537384748458862 -0.7028032541275024 95 132 55
-11.790933609008789 0.9940824508666992 -0.7577250003814697 113 153 65
-7.767812252044678 1.5225982666015625 -0.5682326555252075 96 113 69
-8.414660453796387 1.333678126335144 -0.6950574517250061 62 104 20
-7.859600067138672 0.9540608525276184 -0.7203908562660217 69 112 40
-7.933338642120361 0.6703861951828003 -0.8029555678367615 80 122 24
-6.928859710693359 1.3611661195755005 -0.7685983777046204 61 101 39
-6.918885707855225 1.1008151769638062 -0.8308159708976746 77 103 4
-6.868532180786133 0.8370417356491089 -0.8872480988502502 77 111 60
-6.596347808837891 0.5608859062194824 -0.9143825173377991 82 124 58
-6.095736503601074 1.202031135559082 -0.9071717262268066 64 84 23
-6.08479642868042 0.9706137180328369 -0.9596123099327087 67 103 39
-5.761047840118408 0.7044239640235901 -0.961150586605072 80 109 53
-5.803606033325195 0.49388739466667175 -1.0245157480239868 84 129 70
-5.137925624847412 1.0196812152862549 -0.963456392288208 72 109 57
-4.868391513824463 0.7792807221412659 -0.9549731016159058 97 120 50
-5.1379547119140625 0.6306936740875244 -1.055338978767395 58 84 45
-5.120846748352051 0.4363246262073517 -1.1009478569030762 107 146 93
-4.545321464538574 0.9047933220863342 -1.0319428443908691 55 101 26
-4.484988212585449 0.721442461013794 -1.0570224523544312 101 152 33
-18.108505249023438 1.507544994354248 3.530797004699707 55 73 57
-7.786050796508789 1.5279769897460938 1.4777476787567139 73 90 80
-7.972864627838135 1.2609144449234009 1.4205437898635864 107 122 101
-11.81398868560791 1.4269169569015503 1.97726309299469 104 133 128
-21.10137939453125 1.7759889364242554 3.309255361557007 92 114 91
-7.433772563934326 1.460460901260376 1.1253293752670288 106 132 129
-11.955605506896973 1.898274540901184 1.6771745681762695 91 110 108
-12.46556282043457 1.5144456624984741 1.6177512407302856 116 155 184
-12.931792259216309 1.0968096256256104 1.5461808443069458 102 108 98
-12.404637336730957 2.442448854446411 1.408287763595581 106 122 121
-12.164487838745117 1.9377529621124268 1.248813271522522 106 127 112
-16.20975685119629 1.979090929031372 1.5013900995254517 100 136 148
-15.62903118133545 1.3362913131713867 1.289903998374939 87 98 66
-7.201042652130127 1.4196990728378296 0.5468476414680481 118 121 102
-7.694220066070557 1.228136420249939 0.5055001974105835 111 122 90
-8.585555076599121 1.052643060684204 0.4772411584854126 109 124 101
-29.877410888671875 2.5702948570251465 1.3690789937973022 89 99 74
-7.253484725952148 1.433063268661499 0.280160129070282 65 56 47
-18.627464294433594 2.980947971343994 0.5328636765480042 56 53 38
-18.140907287597656 2.2328670024871826 0.3416972756385803 110 112 101
-24.893781661987305 2.156007766723633 0.22678078711032867 83 88 81
-7.7050251960754395 1.5275839567184448 0.010419264435768127 104 104 76
-14.132454872131348 2.269455909729004 -0.11791674792766571 108 122 99
-8.289557456970215 1.02487051486969 -0.14900460839271545 75 78 59
-15.148177146911621 1.316486120223999 -0.41728541254997253 51 78 37
-7.82813024520874 1.5548306703567505 -0.28121474385261536 63 65 51
-13.453129768371582 2.1659066677093506 -0.6097139716148376 74 103 10
-12.6510648727417 1.5706024169921875 -0.6928716897964478 77 121 46
-11.739113807678223 1.0259943008422852 -0.7545936703681946 97 139 39
-7.949943542480469 1.5836411714553833 -0.581908643245697 66 86 61
-8.445950508117676 1.36521315574646 -0.6979846954345703 68 73 41
-8.71543025970459 1.0850911140441895 -0.7991354465484619 82 120 35
-7.93421745300293 0.6949825882911682 -0.8032565116882324 97 145 23
-6.845685005187988 1.3666526079177856 -0.759833574295044 54 87 30
-6.76942253112793 1.0983396768569946 -0.813269317150116 103 153 102
-6.60314416885376 0.8252667784690857 -0.8532894849777222 61 102 36
-6.576834201812744 0.5795553922653198 -0.9119197726249695 63 98 40
-6.125007629394531 1.2273370027542114 -0.9120839238166809 61 95 0
-6.103246688842773 0.9927672147750854 -0.9629977345466614 66 108 58
-5.724597454071045 0.7177992463111877 -0.9554322957992554 69 125 78
-5.802063465118408 0.5116902589797974 -1.0245157480239868 63 106 50
-5.096209526062012 1.0276628732681274 -0.9562205076217651 52 88 18
-4.836909770965576 0.7894685864448547 -0.9492683410644531 187 231 50
-5.10974645614624 0.6431498527526855 -1.04994535446167 81 118 67
-5.113640308380127 0.45151713490486145 -1.0996911525726318 85 109 73
-4.477467060089111 0.9055760502815247 -1.0171635150909424 94 145 70
-4.409707546234131 0.7232187986373901 -1.0397982597351074 66 114 38
-17.687166213989258 1.527121901512146 3.4495415687561035 82 100 102
-7.759152412414551 1.5474348068237305 1.4735366106033325 97 120 112
-7.4001641273498535 1.1936241388320923 1.319150686264038 91 114 86
-11.833050727844238 1.4660661220550537 1.9811969995498657 105 121 120
-17.996368408203125 1.570274829864502 2.823049783706665 98 115 97
-7.631017684936523 1.5235424041748047 1.1558905839920044 110 146 136
-13.966931343078613 2.2615785598754883 1.9602947235107422 138 167 181
-12.608487129211426 1.5710777044296265 1.6369174718856812 125 163 172
-7.922210693359375 0.6964083909988403 0.947464644908905 131 159 163
-12.545214653015137 2.5101327896118164 1.4251149892807007 88 95 103
-12.389261245727539 2.01255202293396 1.2725164890289307 107 125 101
-12.525957107543945 1.5683430433273315 1.1606271266937256 104 138 147
-18.14345932006836 1.6073616743087769 1.4978262186050415 93 101 77
-7.268033504486084 1.456085205078125 0.5522715449333191 116 132 106
-14.734710693359375 2.398305892944336 0.9685300588607788 124 138 113
-30.608137130737305 3.848102569580078 1.7020481824874878 119 137 123
-29.760927200317383 2.652279853820801 1.3641078472137451 160 173 143
-7.13050651550293 1.4315104484558105 0.27557849884033203 83 87 70
-18.646841049194336 3.042750835418701 0.5336825251579285 76 85 66
-18.156787872314453 2.291391372680664 0.3421271741390228 82 94 70
-24.79542350769043 2.224151849746704 0.225945845246315 105 112 96
-7.706183910369873 1.5524003505706787 0.010427222587168217 104 112 89
-7.238368034362793 1.18516206741333 -0.06042471528053284 102 116 99
-18.24708366394043 2.3128175735473633 -0.3281169533729553 49 59 48
-17.09942626953125 1.5389344692230225 -0.47116410732269287 57 81 29
-7.750830173492432 1.5642098188400269 -0.27860891819000244 66 75 46
-8.388240814208984 1.376892328262329 -0.3803560435771942 86 112 65
-12.53821849822998 1.5956674814224243 -0.6869562864303589 102 142 45
-9.747127532958984 0.8820357322692871 -0.6267191767692566 78 121 16
-8.340980529785156 1.6881577968597412 -0.6109074354171753 71 105 31
-8.242086410522461 1.3582204580307007 -0.6814783215522766 88 120 37
-8.332716941833496 1.063413143157959 -0.76433926820755 76 121 30
-8.203551292419434 0.7439424991607666 -0.8307508826255798 67 114 10
-6.9944233894348145 1.4186738729476929 -0.7768221497535706 61 99 24
-6.844399929046631 1.1320667266845703 -0.8226903676986694 68 107 40
-6.60943603515625 0.8466553092002869 -0.8544341921806335 50 84 24
-6.455658435821533 0.5888422727584839 -0.8953642845153809 44 100 29
-6.048491954803467 1.2313182353973389 -0.9012481570243835 74 106 39
-6.102121353149414 1.011810302734375 -0.9633054733276367 78 141 24
-5.688120365142822 0.7309576272964478 -0.9497141242027283 84 125 46
-5.788696765899658 0.5284139513969421 -1.0224368572235107 63 91 40
-5.213469505310059 1.0679640769958496 -0.9788326025009155 76 103 52
-4.870297431945801 0.8102657198905945 -0.9563041925430298 63 101 52
-5.092200756072998 0.6568177938461304 -1.046749234199524 53 96 51
-5.086913108825684 0.46488967537879944 -1.0942450761795044 71 100 70
-4.555938720703125 0.9360052943229675 -1.035637617111206 73 126 48
-4.397861480712891 0.7351383566856384 -1.037531852722168 48 90 6
-13.42728042602539 1.2008330821990967 2.619438886642456 85 94 75
-8.463515281677246 1.7149235010147095 1.6082934141159058 100 120 119
-7.395495414733887 1.216162085533142 1.3189773559570312 131 143 131
-12.104466438293457 1.5374138355255127 2.0274198055267334 93 118 140
-17.98261260986328 1.6246795654296875 2.821660280227661 84 89 31
-7.474111080169678 1.516074776649475 1.1328227519989014 87 115 126
-7.483279705047607 1.2352932691574097 1.050824522972107 106 128 107
-11.454516410827637 1.4629888534545898 1.487676978111267 134 162 166
-7.924980163574219 0.7211599946022034 0.9480560421943665 80 92 70
-11.044413566589355 2.2451043128967285 1.2554031610488892 82 119 127
-11.953117370605469 1.9793615341186523 1.2283375263214111 80 87 71
-12.777888298034668 1.639718770980835 1.1844309568405151 114 137 121
-18.139434814453125 1.6631083488464355 1.497908115386963 97 104 88
-7.267440319061279 1.479171872138977 0.5525687336921692 107 121 96
-14.16319751739502 2.3499088287353516 0.9314333200454712 108 140 116
-30.596187591552734 3.941988945007324 1.7020481824874878 111 123 113
-18.199748992919922 1.6782482862472534 0.8344272375106812 46 51 28
-7.233785152435303 1.4753462076187134 0.27974361181259155 85 93 78
-8.080718040466309 1.3440581560134888 0.23139137029647827 102 113 83
-18.156612396240234 2.347982406616211 0.3422580063343048 95 107 71
-22.44464874267578 2.0827198028564453 0.20458191633224487 143 155 91
-7.351633548736572 1.5044610500335693 0.009953679516911507 94 99 77
-7.025596618652344 1.172467589378357 -0.0586782842874527 74 77 50
-8.555779457092285 1.1111258268356323 -0.1539096087217331 53 57 32
-17.065757751464844 1.5887004137039185 -0.47036850452423096 75 96 57
-7.277045249938965 1.491843819618225 -0.2617416977882385 111 121 97
-8.202680587768555 1.3722901344299316 -0.3721311688423157 126 147 108
-8.526144027709961 1.1116656064987183 -0.4673234224319458 123 145 96
-10.206405639648438 0.9551748633384705 -0.6564351320266724 69 101 16
-8.43346118927002 1.733825445175171 -0.6180675625801086 78 97 51
-8.455106735229492 1.4199821949005127 -0.69944828748703 78 120 38
-8.540736198425293 1.1166002750396729 -0.7837308645248413 71 116 47
-7.890179634094238 0.7399370074272156 -0.7992427349090576 75 123 39
-6.69696044921875 1.3797444105148315 -0.7442516684532166 71 101 47
-6.994633197784424 1.1789729595184326 -0.8411790728569031 47 88 9
-6.6186089515686035 0.8684773445129395 -0.8559604287147522 52 90 17
-6.465656280517578 0.6097612977027893 -0.8970061540603638 81 133 59
-6.104764461517334 1.262291431427002 -0.9102057218551636 71 118 37
-6.123345375061035 1.0346421003341675 -0.9671525955200195 117 134 80
-5.685851097106934 0.7484050989151001 -0.9497141242027283 70 111 41
-5.793911933898926 0.546818733215332 -1.0236494541168213 54 86 47
-5.123508453369141 1.0659245252609253 -0.9625518918037415 74 109 51
-4.8813395500183105 0.8275009989738464 -0.9589663743972778 51 97 32
-5.07656192779541 0.670640766620636 -1.0439525842666626 69 95 50
-5.066967010498047 0.47874632477760315 -1.0902652740478516 81 114 71
-4.530113220214844 0.9451934695243835 -1.0304213762283325 93 140 68
-4.391745090484619 0.7479732632637024 -1.0366253852844238 44 81 27
-17.997093200683594 1.6651936769485474 3.511913537979126 120 137 121
-9.008999824523926 1.854244589805603 1.713023066520691 110 127 121
-7.399500370025635 1.2401477098464966 1.320363998413086 117 130 112
-12.297294616699219 1.6002566814422607 2.060530185699463 88 127 144
-9.485058784484863 0.8862945437431335 1.4887248277664185 108 130 109
-7.352200031280518 1.5148448944091797 1.115044355392456 92 114 102
-7.461872100830078 1.2552878856658936 1.048354148864746 118 136 122
-7.962761878967285 1.0418542623519897 1.0345890522003174 100 122 120
-12.648292541503906 1.190110445022583 1.5135301351547241 146 162 123
-16.690528869628906 3.446200132369995 1.8983820676803589 113 142 138
-11.97053337097168 2.0199971199035645 1.2307583093643188 108 117 86
-17.139657974243164 2.2529125213623047 1.5893733501434326 113 141 142
-18.107458114624023 1.716212511062622 1.4956952333450317 120 134 109
-7.503108501434326 1.55112624168396 0.5708465576171875 102 117 94
-14.153952598571777 2.393017053604126 0.9313037395477295 87 99 85
-8.491361618041992 1.1205145120620728 0.47255855798721313 147 162 157
-17.538175582885742 1.6715222597122192 0.8043265342712402 67 81 66
-7.228246212005615 1.497329592704773 0.2797057628631592 92 107 84
-7.974059581756592 1.3514715433120728 0.2284548580646515 99 104 98
-8.63805103302002 1.1440134048461914 0.16289544105529785 114 119 96
-24.548385620117188 2.353916883468628 0.22382214665412903 112 122 98
-7.420414447784424 1.5422704219818115 0.010053164325654507 50 61 44
-8.548009872436523 1.4535049200057983 -0.0714304968714714 92 101 70
-8.902194023132324 1.1838974952697754 -0.16020582616329193 89 93 70
-16.025972366333008 1.5415111780166626 -0.4418380856513977 88 94 84
-7.662815093994141 1.5954419374465942 -0.27579185366630554 72 81 64
-8.171842575073242 1.3929167985916138 -0.3709242343902588 71 96 39
-12.860745429992676 1.7169679403305054 -0.7051911354064941 88 115 48
-10.839155197143555 1.0479463338851929 -0.6973345279693604 91 133 61
-7.643094062805176 1.595790147781372 -0.5604996681213379 78 78 50
-8.442852020263672 1.444570779800415 -0.698797881603241 62 104 20
-8.411911010742188 1.1260170936584473 -0.7722227573394775 70 105 13
-7.913620471954346 0.7666346430778503 -0.8018516898155212 105 144 19
-6.7481608390808105 1.4118884801864624 -0.750419557094574 75 115 27
-6.9616217613220215 1.1953849792480469 -0.8376462459564209 104 138 51
-6.619845390319824 0.8893070816993713 -0.8564691543579102 52 97 42
-6.473614692687988 0.6305551528930664 -0.8983743786811829 82 113 45
-6.090210914611816 1.278778076171875 -0.9086165428161621 54 101 33
-5.9312310218811035 1.0209071636199951 -0.9372993111610413 63 71 0
-5.101780891418457 0.6874560713768005 -0.8525044918060303 75 111 47
-5.786325931549072 0.5640183091163635 -1.022610068321228 75 103 62
-5.123101234436035 1.0822480916976929 -0.9630945920944214 79 113 52
-4.864266395568848 0.8399670124053955 -0.9561140537261963 131 170 107
-5.044379234313965 0.6821417212486267 -1.0377599000930786 68 101 46
-5.061581134796143 0.49390941858291626 -1.0894273519515991 94 115 98
-4.494725227355957 0.9522091746330261 -1.0230317115783691 78 119 49
-4.386550426483154 0.7609439492225647 -1.0359454154968262 106 155 48
-4.305125713348389 0.5843928456306458 -1.0555672645568848 49 85 23
-15.349596977233887 1.4677410125732422 2.9961514472961426 137 150 130
-13.307631492614746 2.781578540802002 2.5320003032684326 104 123 117
-7.508275032043457 1.28207266330719 1.340469241142273 103 123 121
-7.842213153839111 1.0449903011322021 1.314569354057312 98 124 123
-9.496063232421875 0.9167192578315735 1.4908864498138428 125 129 96
-7.458858966827393 1.560690999031067 1.1319411993026733 110 160 187
-7.451151371002197 1.2770034074783325 1.047393560409546 93 113 104
-7.955596446990967 1.0657520294189453 1.0340780019760132 101 143 142
-12.786900520324707 1.2427409887313843 1.5305652618408203 125 150 118
-10.398174285888672 2.180259943008423 1.1834443807601929 96 114 102
-11.993695259094238 2.0617692470550537 1.2337843179702759 93 105 81
-17.463279724121094 2.349975347518921 1.6200438737869263 109 154 147
-18.06540870666504 1.7681653499603271 1.492663025856018 100 119 74
-7.692530632019043 1.6149104833602905 0.5856322050094604 63 82 62
-8.377782821655273 1.4428879022598267 0.551531195640564 137 151 118
-8.476999282836914 1.1450902223587036 0.4719525873661041 119 128 109
-17.405712127685547 1.7127985954284668 0.7984888553619385 66 67 62
-7.233397006988525 1.5215554237365723 0.28008440136909485 99 112 86
-8.180671691894531 1.4123213291168213 0.2344972789287567 108 107 86
-18.559967041015625 2.516024112701416 0.35014578700065613 71 73 59
-18.243087768554688 1.8058096170425415 0.16638274490833282 107 117 93
-7.108415603637695 1.5001890659332275 0.009636658243834972 104 114 90
-8.764216423034668 1.5179489850997925 -0.07327577471733093 72 76 59
-18.46675682067871 2.513564109802246 -0.33246901631355286 105 108 91
-16.103731155395508 1.5988682508468628 -0.4441150426864624 94 103 82
-7.562062740325928 1.5986860990524292 -0.27234092354774475 82 84 62
-7.988391876220703 1.3868805170059204 -0.36278873682022095 123 131 84
-8.528067588806152 1.1651767492294312 -0.4678119122982025 105 107 58
-10.400944709777832 1.0377970933914185 -0.6693440079689026 92 119 50
-8.460718154907227 1.7936068773269653 -0.6208600997924805 58 93 35
-8.431507110595703 1.469268560409546 -0.698228657245636 82 115 36
-8.531750679016113 1.168713927268982 -0.7835496664047241 102 122 73
-8.226057052612305 0.8223837018013 -0.8337612152099609 85 126 48
-7.006353378295898 1.4883596897125244 -0.7796355485916138 68 103 19
-7.002918720245361 1.2246060371398926 -0.8430632948875427 54 93 26
-6.614138126373291 0.9092071056365967 -0.8560876250267029 45 78 25
-6.478549003601074 0.6511063575744629 -0.8993321657180786 93 124 67
-6.054322719573975 1.2906484603881836 -0.9038487672805786 60 104 25
-5.472589492797852 0.9592602849006653 -0.8652822375297546 70 84 59
-5.7437005043029785 0.791902482509613 -0.960170328617096 77 113 67
-5.733611106872559 0.5766430497169495 -1.0136017799377441 50 76 41
-5.090907573699951 1.0917736291885376 -0.9576676487922668 92 128 58
-5.043447017669678 0.8868511319160461 -0.9918636679649353 95 145 76
-5.0238213539123535 0.6950629949569702 -1.0339643955230713 64 101 49
-5.030855655670166 0.5064973831176758 -1.0831434726715088 72 102 48
-4.398263454437256 0.945882260799408 -1.0017322301864624 82 129 48
-4.398582458496094 0.7769394516944885 -1.0393450260162354 92 147 66
-12.531572341918945 1.2370885610580444 2.4468188285827637 122 145 161
-13.954898834228516 2.9615836143493652 2.656869888305664 124 159 163
-7.168582439422607 1.24671471118927 1.280500054359436 83 90 108
-8.394148826599121 1.144757866859436 1.4076709747314453 112 161 166
-8.12762451171875 0.8097897171974182 1.2764248847961426 105 113 100
-7.769458293914795 1.6505768299102783 1.179840087890625 109 124 131
-7.204227924346924 1.257448434829712 1.0132215023040771 68 81 71
-11.862107276916504 1.6261391639709473 1.542492151260376 120 160 162
-12.793895721435547 1.2830545902252197 1.5318665504455566 130 156 131
-7.660890102386475 1.630866289138794 0.8724719882011414 123 159 157
-17.826129913330078 3.1207265853881836 1.8347396850585938 111 133 120
-12.389361381530762 1.7059096097946167 1.149823784828186 107 149 127
-15.662224769592285 1.5814781188964844 1.294493556022644 60 84 84
-7.67095947265625 1.6349692344665527 0.5843691229820251 77 80 69
-7.638108730316162 1.3396366834640503 0.5031047463417053 110 117 86
-29.36973762512207 4.059110641479492 1.6358305215835571 114 121 88
-17.42621612548828 1.7688132524490356 0.7996745705604553 100 98 73
-7.652820110321045 1.634315013885498 0.29651761054992676 84 108 72
-14.160111427307129 2.4893805980682373 0.40611371397972107 107 113 87
-18.14809799194336 2.5169148445129395 0.34251970052719116 29 32 15
-18.191701889038086 1.8570986986160278 0.165965273976326 108 118 81
-7.237739086151123 1.5506913661956787 0.009818382561206818 134 146 124
-14.119614601135254 2.4901375770568848 -0.11811444908380508 96 108 86
-8.689772605895996 1.2099554538726807 -0.15651370584964752 83 91 67
-10.942654609680176 1.1203608512878418 -0.30187422037124634 118 121 90
-14.234827995300293 3.055020570755005 -0.5129897594451904 59 86 31
-8.116905212402344 1.4348586797714233 -0.3688233196735382 110 107 90
-9.051544189453125 1.2649987936019897 -0.496738076210022 107 121 88
-10.305388450622559 1.0602037906646729 -0.6634008288383484 91 130 47
-8.61216926574707 1.85334050655365 -0.6323879957199097 114 131 89
-8.440698623657227 1.4975666999816895 -0.6993670463562012 69 103 42
-7.766738414764404 1.0882048606872559 -0.7135947346687317 88 136 34
-7.436676502227783 0.7665175795555115 -0.7539874911308289 92 139 43
-6.596517086029053 1.4224631786346436 -0.734512984752655 58 100 14
-6.698006629943848 1.1924748420715332 -0.8067923784255981 80 112 39
-6.577922344207764 0.9247996211051941 -0.8517633080482483 61 99 42
-6.652893543243408 0.689251720905304 -0.9238232970237732 80 108 47
-6.0590386390686035 1.3111002445220947 -0.9051490426063538 84 129 44
-5.861628532409668 1.0459985733032227 -0.9272969961166382 95 118 46
-5.787158489227295 0.815994143486023 -0.96784907579422 50 89 32
-5.719079971313477 0.5929105281829834 -1.0113497972488403 55 92 12
-4.954916000366211 1.078520655632019 -0.9327039122581482 87 121 47
-4.992383003234863 0.8936704993247986 -0.9823558330535889 80 117 48
-5.016814708709717 0.7097863554954529 -1.0329656600952148 65 88 46
-5.022469520568848 0.5212228298187256 -1.0816770792007446 84 105 0
-4.472585678100586 0.9762317538261414 -1.0193369388580322 101 141 71
-4.377005577087402 0.7869831919670105 -1.0348122119903564 108 144 72
-13.942863464355469 3.0037615299224854 2.656320571899414 88 93 87
-7.128841876983643 1.262347936630249 1.2740870714187622 98 100 87
-9.073531150817871 1.2657759189605713 1.5222450494766235 79 100 93
-8.509389877319336 0.8742004632949829 1.3367952108383179 104 137 144
-7.7701592445373535 1.6756564378738403 1.1807215213775635 119 153 137
-7.17888069152832 1.2757319211959839 1.0102022886276245 115 127 115
-7.561922073364258 1.0602859258651733 0.9837348461151123 110 151 153
-12.619025230407715 1.3046337366104126 1.5114006996154785 95 101 87
-11.09957504272461 2.3985202312469482 1.2649238109588623 95 113 75
-7.5722455978393555 1.3495893478393555 0.7797896265983582 127 152 133
-13.135456085205078 1.8497209548950195 1.2195876836776733 95 116 109
-15.654324531555176 1.6292121410369873 1.2942476272583008 133 155 143
-7.641540050506592 1.653223991394043 0.5825116038322449 94 114 112
-8.201769828796387 1.4644471406936646 0.5405251979827881 104 119 78
-29.587501525878906 4.181754112243652 1.6486663818359375 122 132 121
-17.44852638244629 1.825177788734436 0.8009516000747681 109 119 92
-7.639957427978516 1.6560922861099243 0.2962146997451782 123 129 115
-14.155359268188477 2.5333399772644043 0.4061984121799469 86 86 74
-18.13435173034668 2.5717382431030273 0.3424075245857239 115 119 92
-18.192880630493164 1.9136335849761963 0.16602879762649536 66 71 49
-7.186044216156006 1.5626894235610962 0.00975471269339323 125 130 108
-7.9988484382629395 1.4359954595565796 -0.06694909930229187 109 117 94
-8.685029029846191 1.2364686727523804 -0.1564958691596985 45 50 46
-18.181243896484375 1.9178639650344849 -0.5017246007919312 187 214 183
-7.091211795806885 1.5446594953536987 -0.25572019815444946 87 105 81
-8.183256149291992 1.4724923372268677 -0.3720417320728302 105 94 72
-12.379809379577637 1.7688798904418945 -0.6796839833259583 86 128 30
-10.29117202758789 1.09065842628479 -0.6626978516578674 80 114 64
-7.451705455780029 1.627544641494751 -0.5475397109985352 82 127 58
-8.184972763061523 1.4781111478805542 -0.6785510778427124 83 98 55
-7.781108379364014 1.1145695447921753 -0.7152258157730103 68 109 17
-7.915133953094482 0.8403825759887695 -0.802754819393158 91 148 31
-6.5824103355407715 1.4405689239501953 -0.7334309220314026 137 159 97
-6.615169525146484 1.1986768245697021 -0.7972536087036133 61 94 37
-6.548545837402344 0.9411662220954895 -0.8483293056488037 67 100 19
-6.650747299194336 0.709659218788147 -0.9238232970237732 86 124 51
-5.82689905166626 1.2795943021774292 -0.8710524439811707 52 106 48
-5.854503154754639 1.0632705688476562 -0.9266814589500427 66 109 17
-5.814898490905762 0.8381080031394958 -0.9729138016700745 75 113 28
-5.706461429595947 0.60930335521698 -1.0094441175460815 55 87 37
-4.894923210144043 1.0812016725540161 -0.9220309853553772 90 127 58
-5.001208305358887 0.9110941886901855 -0.9846377372741699 101 146 77
-4.951579570770264 0.7160588502883911 -1.0199812650680542 77 117 65
-5.003345966339111 0.5347586274147034 -1.077906847000122 74 99 69
-4.474334716796875 0.991004228591919 -1.0204236507415771 83 123 24
-4.39564847946167 0.8042645454406738 -1.0397982597351074 85 138 50
-4.34860897064209 0.6311092376708984 -1.0676079988479614 82 109 78
-13.938385009765625 3.0475735664367676 2.657236099243164 66 87 80
-7.121058464050293 1.283514142036438 1.2733937501907349 79 86 68
-9.090112686157227 1.2965322732925415 1.5256872177124023 102 128 145
-8.502737998962402 0.8998868465423584 1.3361777067184448 116 154 190
-7.777543544769287 1.702236533164978 1.1826317310333252 90 143 157
-7.169084548950195 1.2966926097869873 1.0093789100646973 104 117 99
-12.037460327148438 1.7254910469055176 1.5666415691375732 129 162 141
-12.63076114654541 1.3450244665145874 1.5132935047149658 89 116 101
-7.2051496505737305 1.5801221132278442 0.8216580748558044 118 143 111
-7.595479488372803 1.37778639793396 0.7826138138771057 74 100 101
-7.8900532722473145 1.1357660293579102 0.732887864112854 117 121 107
-32.554054260253906 3.489027738571167 2.692333459854126 108 126 114
-7.63448429107666 1.6762323379516602 0.5823630094528198 99 124 103
-8.322912216186523 1.5124403238296509 0.5488120913505554 113 128 109
-13.743208885192871 1.9854233264923096 0.7661310434341431 117 132 109
-31.114452362060547 3.3512158393859863 1.4287331104278564 134 161 142
-7.61922550201416 1.6760884523391724 0.29560887813568115 100 113 93
-6.936081409454346 1.2633018493652344 0.19914622604846954 99 121 108
-18.53305435180664 2.6863086223602295 0.3500897288322449 86 98 52
-18.195871353149414 1.97040855884552 0.16611048579216003 57 53 41
-7.034740447998047 1.5524046421051025 0.00955574493855238 123 135 121
-7.730777263641357 1.4123655557632446 -0.064741350710392 81 86 45
-8.616883277893066 1.2537508010864258 -0.15533651411533356 102 123 114
-11.013089179992676 1.1958999633789062 -0.3040139973163605 131 137 103
-7.012276649475098 1.550014615058899 -0.2530439496040344 115 126 70
-7.867196559906006 1.4405522346496582 -0.3578717112541199 95 101 55
-8.401379585266113 1.2267378568649292 -0.46146222949028015 87 121 47
-10.334403991699219 1.127312421798706 -0.6657014489173889 64 108 13
-8.896671295166016 1.9717590808868408 -0.6541549563407898 61 86 44
-8.238236427307129 1.513843297958374 -0.6833484768867493 63 92 28
-7.842687606811523 1.1479558944702148 -0.7212064266204834 77 128 36
-7.9224090576171875 0.8657428026199341 -0.8037582635879517 72 124 41
-6.579900741577148 1.461187720298767 -0.733647346496582 113 130 75
-6.471809387207031 1.193218469619751 -0.7804135680198669 71 111 40
-6.588806629180908 0.9675934910774231 -0.8539254069328308 71 99 41
-6.604228496551514 0.7251944541931152 -0.9176662564277649 59 118 34
-5.790107727050781 1.2901480197906494 -0.8661402463912964 67 105 32
-5.853156566619873 1.0815860033035278 -0.9269891977310181 86 118 51
-5.960657119750977 0.877791702747345 -0.9977471828460693 185 207 47
-5.695754528045654 0.6258395910263062 -1.0078850984573364 58 98 36
-5.091200351715088 1.1409486532211304 -0.9596575498580933 82 120 37
-4.937574863433838 0.9151616096496582 -0.9726577997207642 79 116 49
-4.902831554412842 0.7243724465370178 -1.0103925466537476 63 113 50
-4.959887504577637 0.5455094575881958 -1.0688997507095337 81 99 57
-4.472225666046143 1.0049406290054321 -1.0206409692764282 170 165 9
-4.396032810211182 0.8182811141014099 -1.0404781103134155 92 128 40
-13.154444694519043 2.918483257293701 2.5094797611236572 86 139 191
-7.765152454376221 1.4242178201675415 1.3893460035324097 66 73 55
-8.570680618286133 1.2492862939834595 1.4391419887542725 115 139 105
-8.485203742980957 0.9243636131286621 1.3338615894317627 108 141 150
-7.7829060554504395 1.728448510169983 1.1842478513717651 109 128 109
-7.074474334716797 1.3020069599151611 0.9966158270835876 101 111 77
-12.005613327026367 1.7585322856903076 1.563191533088684 110 138 149
-12.961191177368164 1.4204399585723877 1.5533971786499023 131 160 140
-7.26720666885376 1.6171150207519531 0.8292967081069946 50 62 52
-7.232152462005615 1.3348114490509033 0.7455962300300598 64 71 63
-7.979140281677246 1.1735881567001343 0.7414938807487488 96 118 105
-14.12341594696045 1.557539939880371 1.168445348739624 103 126 110
-7.631252288818359 1.700080394744873 0.5825116038322449 67 85 59
-8.312345504760742 1.536879062652588 0.548423707485199 78 87 68
-18.150453567504883 2.6789915561676025 1.0122712850570679 106 125 119
-7.223933696746826 1.6123826503753662 0.2804630398750305 90 112 76
-7.441298961639404 1.3789197206497192 0.21377231180667877 87 99 77
-18.702754974365234 2.769516944885254 0.3534541726112366 81 96 55
-18.267257690429688 2.034858226776123 0.16681838035583496 100 114 99
-7.000669002532959 1.567425012588501 0.00951595138758421 110 114 87
-7.731323719024658 1.4369902610778809 -0.0647825375199318 89 99 74
-8.247075080871582 1.2257928848266602 -0.1487370729446411 113 121 100
-18.183042526245117 2.0309393405914307 -0.5021086931228638 79 78 60
-7.144985675811768 1.602356195449829 -0.25800904631614685 135 140 120
-8.320401191711426 1.5499353408813477 -0.3787021040916443 114 112 74
-12.381561279296875 1.8467226028442383 -0.6803895235061646 100 116 71
-10.12560749053955 1.1359813213348389 -0.652472972869873 91 115 41
-7.018264293670654 1.578054666519165 -0.5163928866386414 77 100 54
-7.755450248718262 1.4497382640838623 -0.6436681151390076 93 127 76
-7.780032157897949 1.1631760597229004 -0.7157694697380066 97 121 63
-7.933557987213135 0.8915999531745911 -0.8051630854606628 87 130 38
-6.887669563293457 1.5517218112945557 -0.768490195274353 68 88 27
-6.587193489074707 1.2354001998901367 -0.7947806119918823 78 112 79
-6.567169666290283 0.9850077033042908 -0.8515089154243469 86 117 57
-6.53995943069458 0.7384504079818726 -0.9090465307235718 70 103 32
-6.09111213684082 1.376846194267273 -0.9117949604988098 63 101 26
-5.872145652770996 1.1037362813949585 -0.9305285215377808 81 121 33
-5.407702445983887 0.8133193850517273 -0.9056021571159363 90 142 68
-5.642917633056641 0.6375612020492554 -0.9988768100738525 61 106 47
-5.11165189743042 1.1620131731033325 -0.9641799926757812 78 129 50
-4.9849114418029785 0.9397631883621216 -0.9825459718704224 73 130 77
-4.878302097320557 0.7360484600067139 -1.005798101425171 82 120 73
-4.964020252227783 0.5613828897476196 -1.0701565742492676 95 118 98
-4.397745132446289 1.002387523651123 -1.0043402910232544 76 115 62
-4.379147052764893 0.8290465474128723 -1.037078619003296 96 152 51
-13.303680419921875 2.9944467544555664 2.5396900177001953 75 99 83
-8.057002067565918 1.5033109188079834 1.4423823356628418 72 97 91
-8.133588790893555 1.2110698223114014 1.3663653135299683 112 129 93
-18.628917694091797 2.0872530937194824 2.929431438446045 93 118 115
-7.782391548156738 1.7534050941467285 1.1849825382232666 153 182 151
-6.9292707443237305 1.2972745895385742 0.9767163991928101 119 140 131
-11.621540069580078 1.738710641860962 1.5138707160949707 116 144 145
-12.732784271240234 1.4349546432495117 1.5265430212020874 110 127 91
-7.2350664138793945 1.6332751512527466 0.8261969685554504 130 156 157
-7.161531925201416 1.3445099592208862 0.7387374639511108 120 138 112
-7.869149208068848 1.1820861101150513 0.731606125831604 128 134 120
-20.43662452697754 2.3172478675842285 1.6913241147994995 136 152 151
-7.632809638977051 1.7250237464904785 0.5830317139625549 96 123 82
-8.172252655029297 1.5369212627410889 0.5394893288612366 93 103 53
-7.590576171875 1.144168496131897 0.4235288202762604 117 131 116
-17.536197662353516 1.9976776838302612 0.8057859539985657 120 135 106
-15.995336532592773 3.621713638305664 0.621433675289154 114 131 95
-7.432121753692627 1.4008171558380127 0.21363112330436707 89 106 90
-18.6882381439209 2.82598614692688 0.3533420264720917 104 107 76
-18.264902114868164 2.0913467407226562 0.16685467958450317 94 104 54
-18.910381317138672 4.294934272766113 0.02572251483798027 94 118 86
-7.071508884429932 1.33681058883667 -0.059287890791893005 89 95 85
-8.728638648986816 1.324752926826477 -0.1574947088956833 101 107 105
-8.949825286865234 1.0274529457092285 -0.24722740054130554 94 93 73
-7.210198879241943 1.6402302980422974 -0.26054441928863525 93 91 68
-8.313643455505371 1.575082778930664 -0.3786126971244812 83 103 75
-12.344249725341797 1.8798894882202148 -0.6786528825759888 79 105 14
-11.551656723022461 1.331866979598999 -0.7446244359016418 84 125 29
-7.119388103485107 1.623754620552063 -0.524197518825531 96 103 85
-7.477783203125 1.4215903282165527 -0.6209819912910461 68 102 51
-8.119027137756348 1.2393358945846558 -0.7473036050796509 75 106 30
-8.034565925598145 0.9279212951660156 -0.8156992793083191 78 121 42
-6.860586166381836 1.5677518844604492 -0.7660014033317566 67 94 49
-6.708230972290039 1.2794170379638672 -0.8098542094230652 61 101 39
-6.619022369384766 1.0135585069656372 -0.8586313128471375 55 99 40
-6.580958366394043 0.7635344862937927 -0.915066659450531 87 127 77
-6.1630539894104 1.4129960536956787 -0.9232086539268494 84 131 50
-5.733829975128174 1.0959614515304565 -0.9091388583183289 86 119 38
-5.866421699523926 0.9007244110107422 -0.9828798174858093 79 107 59
-5.675175666809082 0.6588454842567444 -1.0049400329589844 78 120 44
-5.10518741607666 1.1770271062850952 -0.9636372327804565 92 143 66
-5.030214786529541 0.9642941355705261 -0.9920539259910583 117 155 104
-4.833410263061523 0.7444484233856201 -0.9970086216926575 72 102 48
-4.962274551391602 0.5766096711158752 -1.0701565742492676 85 131 84
-4.240584373474121 0.9802610278129578 -0.9691307544708252 65 109 56
-4.376582622528076 0.8424776792526245 -1.037078619003296 70 116 44
-19.653228759765625 2.245022773742676 3.843611240386963 107 132 139
-13.636591911315918 3.1133663654327393 2.6050546169281006 87 112 132
-8.916417121887207 1.691988229751587 1.5971585512161255 104 120 145
-8.105453491210938 1.2323107719421387 1.3622676134109497 105 128 112
-13.58525276184082 1.5643590688705444 2.1370506286621094 95 123 127
-7.781797409057617 1.7783747911453247 1.185717225074768 109 128 109
-6.923312187194824 1.3181567192077637 0.9764419198036194 37 53 69
-7.4512786865234375 1.1381762027740479 0.9710851907730103 85 91 79
-12.723389625549316 1.473440408706665 1.5259515047073364 111 144 137
-14.42129135131836 3.302055835723877 1.647965669631958 97 118 79
-7.2306671142578125 1.3804678916931152 0.7463023066520691 116 137 130
-8.176522254943848 1.2539222240447998 0.7605370879173279 139 167 126
-7.639145374298096 1.7511063814163208 0.5839232802391052 58 64 38
-18.32076072692871 3.503737688064575 1.2101446390151978 102 113 96
-17.676753997802734 2.7200021743774414 0.9867648482322693 43 33 34
-17.293846130371094 2.023833751678467 0.7949314117431641 91 105 80
-15.98122787475586 3.6700985431671143 0.6213200688362122 107 108 77
-7.445460796356201 1.4269988536834717 0.21413937211036682 91 105 92
-18.563867568969727 2.865462064743042 0.3511551022529602 61 70 43
-18.24846839904785 2.146204948425293 0.16676391661167145 74 77 60
-7.014307498931885 1.6157381534576416 0.00954778678715229 100 119 97
-8.633646965026855 1.6595702171325684 -0.07242728024721146 130 138 115
-8.223588943481445 1.2739238739013672 -0.14845168590545654 121 124 105
-18.71624755859375 2.20685076713562 -0.5171968936920166 75 88 58
-7.182735443115234 1.6571757793426514 -0.25973451137542725 74 71 52
-7.922272205352783 1.5261268615722656 -0.3610007166862488 142 138 103
-7.981248378753662 1.240519642829895 -0.43899425864219666 90 107 71
-9.66257095336914 1.144110918045044 -0.6230765581130981 82 128 29
-7.233901023864746 1.67323637008667 -0.5330045223236084 68 71 62
-7.749344348907471 1.4978649616241455 -0.6439120173454285 107 144 100
-7.863277912139893 1.2249948978424072 -0.7241060733795166 65 113 29
-7.875572204589844 0.9340519309043884 -0.7998448014259338 94 130 43
-6.843153953552246 1.5858747959136963 -0.7645947337150574 84 114 50
-6.588263034820557 1.2774964570999146 -0.7958404421806335 58 100 16
-6.592361927032471 1.0301851034164429 -0.8555788397789001 85 140 10
-6.604159832000732 0.7867677211761475 -0.9186240434646606 58 97 32
-5.953400135040283 1.3841674327850342 -0.8924350738525391 73 114 48
-5.445276260375977 1.0581339597702026 -0.8638973236083984 57 106 25
-5.859731674194336 0.9181072115898132 -0.9822262525558472 80 100 65
-5.6281418800354 0.6708911061286926 -0.9969711899757385 96 122 59
-5.026853561401367 1.1752203702926636 -0.9495273232460022 93 131 56
-5.024341583251953 0.9791586399078369 -0.9914833903312683 65 113 51
-4.7526984214782715 0.7469512224197388 -0.9808279871940613 61 88 43
-4.9643659591674805 0.5922943353652954 -1.07099449634552 73 92 72
-4.381058216094971 1.026902437210083 -1.0019495487213135 91 132 26
-4.377800941467285 0.8566490411758423 -1.0379852056503296 84 136 70
-11.898307800292969 1.3961576223373413 2.327796697616577 107 132 129
-8.224592208862305 1.5868635177612305 1.4741002321243286 122 149 156
-8.590988159179688 1.3331077098846436 1.4445511102676392 76 105 103
-13.374343872070312 1.5816634893417358 2.104626417160034 91 127 127
-7.456387042999268 1.72809636592865 1.1369367837905884 96 113 107
-11.847793579101562 2.293436288833618 1.6719595193862915 80 95 76
-11.1373291015625 1.7361998558044434 1.4521557092666626 112 125 108
-12.640913963317871 1.5032051801681519 1.5166058540344238 129 164 160
-14.395604133605957 3.3426873683929443 1.6461944580078125 116 135 115
-7.257651329040527 1.4087111949920654 0.749530017375946 113 125 105
-17.920377731323242 2.804503917694092 1.6676517724990845 99 112 103
-17.254365921020508 2.063729763031006 1.428983211517334 95 116 117
-12.131027221679688 2.819972515106201 0.92793208360672 80 94 77
-6.827529430389404 1.3274502754211426 0.4512469470500946 74 91 75
-17.643667221069336 2.7703487873077393 0.9853876233100891 112 129 113
-16.974138259887695 2.0392279624938965 0.7805196046829224 111 128 118
-7.807330131530762 1.8181917667388916 0.30374976992607117 81 89 76
-7.766789436340332 1.5133029222488403 0.22351360321044922 80 63 19
-18.602397918701172 2.929868459701538 0.3520523011684418 90 109 89
-18.229887008666992 2.200742244720459 0.1666550189256668 75 86 80
-6.82235050201416 1.5935779809951782 0.009293108247220516 112 122 88
-8.361572265625 1.6338883638381958 -0.07018657773733139 130 135 95
-8.299635887145996 1.311790943145752 -0.14989642798900604 108 127 99
-18.26877212524414 2.2109360694885254 -0.505016565322876 37 46 17
-7.168859481811523 1.6771554946899414 -0.2594175934791565 67 69 56
-7.65775203704834 1.4995503425598145 -0.34915512800216675 66 71 51
-8.006991386413574 1.2696914672851562 -0.44062235951423645 85 121 59
-10.051321029663086 1.2214223146438599 -0.6483830809593201 68 123 4
-7.244271278381348 1.699065923690796 -0.5341501832008362 53 56 47
-7.748624801635742 1.522401213645935 -0.6442372798919678 80 96 67
-7.509342193603516 1.1934651136398315 -0.6918470859527588 62 95 26
-7.570444583892822 0.9214246273040771 -0.7691394686698914 107 154 48
-6.778254508972168 1.5927624702453613 -0.7578858137130737 95 105 70
-6.634002208709717 1.307496190071106 -0.8018463850021362 55 87 11
-6.617576599121094 1.0549336671829224 -0.8592672944068909 54 94 34
-6.538784980773926 0.7993324398994446 -0.9098674058914185 99 135 63
-5.90578556060791 1.3922089338302612 -0.8859335780143738 68 105 28
-5.473023891448975 1.0809614658355713 -0.8688215613365173 74 109 27
-5.535401821136475 0.8846986293792725 -0.9283116459846497 68 108 12
-5.599661827087402 0.6849263310432434 -0.9922938346862793 157 156 63
-5.021310329437256 1.190183401107788 -0.9491655230522156 77 120 13
-5.015535354614258 0.9934239983558655 -0.9903424382209778 70 107 37
-4.818108558654785 0.7723855376243591 -0.9948111772537231 60 87 16
-4.953790187835693 0.6064526438713074 -1.0691092014312744 41 73 23
-4.442463397979736 1.0556840896606445 -1.0167288780212402 80 111 41
-4.362733840942383 0.8676062822341919 -1.035038948059082 39 86 8
-7.7180962562561035 1.5137144327163696 1.3841463327407837 97 147 200
-8.813879013061523 1.395399808883667 1.482742428779602 119 124 104
-7.914159774780273 0.9605655074119568 1.2458536624908447 110 134 138
-11.349900245666504 2.6671767234802246 1.731852412223816 66 88 75
-12.017587661743164 2.3645782470703125 1.6969367265701294 94 111 101
-7.547001361846924 1.2002311944961548 0.9845014810562134 137 146 141
-12.92307186126709 1.5769811868667603 1.551031231880188 132 150 160
-10.34347152709961 2.4352426528930664 1.1836658716201782 102 130 116
-7.239630222320557 1.4282747507095337 0.7481179237365723 109 128 109
-12.432473182678223 1.9847530126571655 1.157514214515686 97 106 89
-13.08731460571289 1.606065273284912 1.0842766761779785 130 159 155
-7.940803527832031 1.8716121912002563 0.6078479290008545 68 79 65
-7.242424011230469 1.4311898946762085 0.4789562225341797 103 103 79
-17.616352081298828 2.821465492248535 0.9843409061431885 108 123 120
-17.470470428466797 2.1532485485076904 0.8036423921585083 122 139 87
-7.011040210723877 1.6554421186447144 0.27296584844589233 66 84 46
-7.096310138702393 1.4052761793136597 0.2043415904045105 52 56 42
-18.72658920288086 3.0083348751068115 0.35457563400268555 99 113 98
-18.218088150024414 2.2560460567474365 0.16660964488983154 91 90 69
-7.028588771820068 1.6645078659057617 0.009580947458744049 138 162 138
-7.678779125213623 1.524940013885498 -0.06449421495199203 103 111 90
-8.19587516784668 1.321176528930664 -0.14809496700763702 125 137 91
-18.26190185546875 2.2669734954833984 -0.505016565322876 140 153 125
-7.138398170471191 1.6931445598602295 -0.2585020363330841 64 81 71
-8.138110160827637 1.6195552349090576 -0.37128186225891113 104 130 83
-9.074535369873047 1.467529296875 -0.4996143877506256 86 122 32
-11.427996635437012 1.42430579662323 -0.7374670505523682 82 121 38
-7.254550457000732 1.7249747514724731 -0.5352957844734192 85 84 66
-7.506410121917725 1.4987452030181885 -0.6244783997535706 77 94 62
-7.919512748718262 1.2835766077041626 -0.7299960851669312 81 121 61
-7.765039920806885 0.9692943692207336 -0.7892083525657654 87 126 19
-6.45710563659668 1.5382176637649536 -0.7225019931793213 50 86 16
-6.469298362731934 1.2956657409667969 -0.782415509223938 67 111 26
-6.716127395629883 1.0917829275131226 -0.8724945187568665 64 110 20
-6.004551887512207 0.7527293562889099 -0.8358466029167175 71 104 51
-5.711892127990723 1.365012288093567 -0.8574715852737427 74 125 22
-5.707999229431152 1.1455769538879395 -0.9066766500473022 54 96 10
-5.849119663238525 0.9532511830329895 -0.9814094305038452 80 117 47
-5.579944133758545 0.6998962759971619 -0.98917555809021 68 112 14
-4.761350631713867 1.144005537033081 -0.90068519115448 58 99 31
-4.9335432052612305 0.9929231405258179 -0.9747495651245117 75 121 49
-4.789607048034668 0.7828959226608276 -0.9894176721572876 41 77 41
-4.937353610992432 0.6198208332061768 -1.065967321395874 85 117 78
-4.468620777130127 1.0763943195343018 -1.0234664678573608 88 110 25
-4.350504398345947 0.8790578246116638 -1.0327725410461426 88 133 38
-14.575472831726074 1.801030158996582 2.853668212890625 113 142 120
-13.543282508850098 3.2234909534454346 2.592787265777588 101 125 89
-7.753016471862793 1.5452790260314941 1.3912525177001953 44 78 103
-7.384795665740967 1.1923850774765015 1.2429399490356445 83 97 80
-9.316147804260254 1.1597425937652588 1.467108964920044 100 129 125
-7.264746189117432 1.7307192087173462 1.1093140840530396 130 154 140
-12.01513385772705 2.402407646179199 1.6976228952407837 130 153 145
-12.039883613586426 1.952643632888794 1.5713691711425781 95 115 106
-12.811759948730469 1.6033045053482056 1.538254737854004 96 104 91
-6.896434783935547 1.6460274457931519 0.7897747755050659 114 125 111
-10.630897521972656 2.13122820854187 1.0992300510406494 119 143 147
-13.275518417358398 2.1611263751983643 1.2366167306900024 78 90 80
-13.190109252929688 1.6597719192504883 1.0932098627090454 63 82 52
-7.505343437194824 1.7932990789413452 0.5749329924583435 130 150 113
-7.219409942626953 1.4496698379516602 0.47772613167762756 109 119 108
-17.56523895263672 2.8685784339904785 0.9819720387458801 103 123 112
-8.381546020507812 1.0591466426849365 0.3856991231441498 120 147 114
-6.7600555419921875 1.6180915832519531 0.2633861005306244 105 125 113
-7.154682636260986 1.439660668373108 0.2061486542224884 102 100 87
-18.720232009887695 3.066257953643799 0.3546317219734192 51 75 41
-18.223976135253906 2.3135647773742676 0.16672761738300323 74 82 61
-6.999139308929443 1.6802276372909546 0.00954778678715229 105 109 74
-7.939701080322266 1.6020917892456055 -0.0667266771197319 92 107 88
-8.99389362335205 1.478141188621521 -0.16259588301181793 113 122 101
-8.949434280395508 1.1388441324234009 -0.2475840449333191 78 80 59
-6.005038738250732 1.4437988996505737 -0.21761921048164368 70 83 57
-7.503487586975098 1.5172065496444702 -0.3425394594669342 81 94 85
-9.006935119628906 1.4849669933319092 -0.49614107608795166 84 100 37
-11.476037979125977 1.466062068939209 -0.740854024887085 98 140 32
-7.26958703994751 1.7521312236785889 -0.536799430847168 80 87 69
-7.704949855804443 1.5629820823669434 -0.6413913369178772 70 93 51
-7.973508834838867 1.3174457550048828 -0.7353423833847046 86 112 47
-8.022573471069336 1.0264478921890259 -0.8156992793083191 100 138 51
-6.8437299728393555 1.6525237560272217 -0.7663260102272034 71 104 35
-6.621962070465088 1.347385048866272 -0.8013753294944763 77 108 32
-6.727424621582031 1.1148148775100708 -0.8744023442268372 66 100 39
-6.453190803527832 0.8290877342224121 -0.8986480236053467 33 64 0
-5.945216655731201 1.440067172050476 -0.893157422542572 66 105 50
-5.70058536529541 1.1622939109802246 -0.9060611724853516 63 106 34
-5.849087238311768 0.9716765284538269 -0.9818994998931885 92 120 69
-5.5807013511657715 0.7173887491226196 -0.9896953105926514 58 92 32
-4.9298224449157715 1.2004936933517456 -0.9332466721534729 85 108 66
-4.8987321853637695 1.0015647411346436 -0.9684743285179138 90 125 83
-4.760120391845703 0.7930777072906494 -0.9838243722915649 75 113 54
-4.932519435882568 0.6345912218093872 -1.0653389692306519 95 118 76
-4.45960807800293 1.088709831237793 -1.0221623182296753 75 114 49
-4.1283464431762695 0.8473597764968872 -0.9806466698646545 117 169 84
-14.144303321838379 1.7918260097503662 2.7703146934509277 103 119 116
-8.009521484375 1.93236243724823 1.5345067977905273 116 132 119
-7.72700309753418 1.564757227897644 1.3874393701553345 125 162 131
-7.386943340301514 1.2159970998764038 1.2439234256744385 102 123 106
-8.451070785522461 1.0783909559249878 1.3313912153244019 116 130 115
-7.213249683380127 1.741854190826416 1.1022615432739258 84 96 76
-12.022266387939453 2.442215919494629 1.6996814012527466 108 131 123
-13.812786102294922 2.28368878364563 1.8036630153656006 73 98 58
-12.633437156677246 1.6203696727752686 1.517434000968933 115 151 139
-7.972291469573975 1.9286819696426392 0.9136545062065125 89 112 70
-10.610660552978516 2.1610536575317383 1.0978178977966309 117 166 170
-17.919349670410156 2.9735584259033203 1.670032262802124 119 145 118
-13.149371147155762 1.695642113685608 1.0902594327926636 95 110 89
-6.895983695983887 1.6700818538665771 0.5286441445350647 104 124 99
-7.261861324310303 1.4813860654830933 0.4808337390422821 114 129 110
-17.557340621948242 2.9226183891296387 0.9820271134376526 86 84 69
-13.627917289733887 1.7646063566207886 0.6273710131645203 110 128 102
-6.897812843322754 1.6734564304351807 0.2689521908760071 142 173 157
-7.20115852355957 1.4720141887664795 0.2076169103384018 113 136 116
-8.323333740234375 1.3895444869995117 0.1577553153038025 111 108 93
-8.018125534057617 1.0429202318191528 0.07338520139455795 102 112 77
-7.035732746124268 1.7118583917617798 0.009604823775589466 87 98 64
-7.404786109924316 1.5178126096725464 -0.062269993126392365 111 120 101
-9.069190979003906 1.5191062688827515 -0.16404063999652863 99 102 83
-8.657448768615723 1.1286895275115967 -0.2396010011434555 113 124 81
-6.760848522186279 1.6474765539169312 -0.24519135057926178 81 100 72
-7.3304829597473145 1.5056487321853638 -0.3348509669303894 76 89 71
-8.66260814666748 1.4555108547210693 -0.47741779685020447 73 102 38
-11.58132266998291 1.5156373977661133 -0.7479475140571594 118 138 69
-7.1168975830078125 1.7384496927261353 -0.5259159207344055 103 108 85
-7.936354160308838 1.6352895498275757 -0.6610689163208008 70 117 63
-7.4479546546936035 1.254095435142517 -0.6872256994247437 59 97 10
-7.9088969230651855 1.0365747213363647 -0.8044606447219849 73 102 56
-6.787448883056641 1.6609880924224854 -0.7605910301208496 74 113 24
-6.572090148925781 1.3582483530044556 -0.7958404421806335 81 119 36
-6.7347307205200195 1.1372658014297485 -0.8758013844490051 63 104 36
-6.559633255004883 0.8632281422615051 -0.9138352870941162 39 71 22
-5.934043884277344 1.4566487073898315 -0.8921460509300232 77 127 54
-5.962103843688965 1.234678864479065 -0.9482249617576599 84 127 56
-5.842187881469727 0.9889581203460693 -0.9812460541725159 76 114 53
-5.569686412811279 0.7333496809005737 -0.9881362318992615 72 109 68
-5.022556781768799 1.2394109964370728 -0.9515171647071838 54 93 28
-5.020598411560059 1.0425376892089844 -0.9931948184967041 78 106 57
-4.700669288635254 0.7980020642280579 -0.9720384478569031 65 92 39
-4.930549144744873 0.6497210264205933 -1.0653389692306519 103 136 79
-4.456246852874756 1.1023865938186646 -1.0221623182296753 135 181 83
-4.051355361938477 0.8445183038711548 -0.962969183921814 72 109 58
-7.749176502227783 1.5940120220184326 1.3922923803329468 120 148 123
-7.361774444580078 1.2350634336471558 1.240317463874817 150 180 156
-8.439886093139648 1.1032888889312744 1.3301560878753662 111 124 141
-7.499952793121338 1.8354566097259521 1.1469279527664185 125 163 126
-7.113760471343994 1.4678364992141724 1.006359577178955 83 125 167
-13.394947052001953 2.2568469047546387 1.7499977350234985 99 117 95
-12.433472633361816 1.6335104703903198 1.4940105676651 129 146 153
-7.817686080932617 1.9166861772537231 0.8966057896614075 110 130 103
-7.632449626922607 1.5788896083831787 0.7901787757873535 123 164 166
-13.792213439941406 2.332197904586792 1.2860556840896606 112 137 105
-13.15201187133789 1.7370197772979736 1.0909150838851929 105 120 113
-6.8482136726379395 1.6807717084884644 0.5253749489784241 110 131 114
-7.283665180206299 1.509124517440796 0.48258176445961 109 118 101
-14.063440322875977 2.3853836059570312 0.7870099544525146 136 151 112
-13.620458602905273 1.8061453104019165 0.6272798180580139 112 125 115
-6.89458703994751 1.6950880289077759 0.2690279483795166 125 136 104
-7.218140602111816 1.498570442199707 0.20823810994625092 110 121 104
-8.578261375427246 1.4591689109802246 0.16267114877700806 85 100 67
-18.80217933654785 2.5042896270751953 0.17215482890605927 85 83 68
-6.000298976898193 1.4794410467147827 0.008197460323572159 71 82 65
-7.730010032653809 1.609203577041626 -0.06504615396261215 84 85 77
-8.975784301757812 1.5317851305007935 -0.1624353677034378 114 121 90
-8.912552833557129 1.1897673606872559 -0.24676105380058289 96 102 74
-6.735387802124023 1.663179636001587 -0.2444518655538559 54 75 44
-7.718966007232666 1.6101375818252563 -0.35282057523727417 83 86 67
-8.1138334274292 1.3889133930206299 -0.44740617275238037 111 116 62
-8.975242614746094 1.2026005983352661 -0.5798766016960144 94 120 75
-6.869477272033691 1.700361728668213 -0.5080154538154602 84 89 59
-7.338159561157227 1.535515308380127 -0.6116310358047485 76 91 60
-7.87791633605957 1.3513602018356323 -0.7272775769233704 87 117 47
-7.437274932861328 0.9979804754257202 -0.7567971348762512 64 98 24
-6.578726291656494 1.6313186883926392 -0.7377592325210571 56 87 11
-6.664107322692871 1.3985974788665771 -0.8074989914894104 74 112 35
-6.705794334411621 1.1535502672195435 -0.8724945187568665 74 117 45
-6.51964807510376 0.878322958946228 -0.9086360335350037 51 88 18
-5.765344142913818 1.4340053796768188 -0.8674405217170715 111 146 44
-5.872230529785156 1.2348674535751343 -0.9345294833183289 47 96 15
-5.531905651092529 0.9539010524749756 -0.9296186566352844 85 111 48
-5.566433906555176 0.7503021359443665 -0.9879629015922546 59 102 49
-4.922363758087158 1.2307199239730835 -0.9332466721534729 70 105 41
-4.971266269683838 1.048213243484497 -0.9840672612190247 83 102 70
-4.73875093460083 0.8194320797920227 -0.9804284572601318 55 88 35
-4.871359348297119 0.6571321487426758 -1.0529805421829224 95 139 64
-4.463259220123291 1.1186634302139282 -1.0245531797409058 94 134 61
-4.180241584777832 0.884775698184967 -0.9942447543144226 59 103 14
-8.930037498474121 1.865490436553955 1.605478048324585 107 138 107
-7.203343391418457 1.2312172651290894 1.2142555713653564 122 157 115
-8.567684173583984 1.146740436553955 1.3508456945419312 97 128 122
-11.665780067443848 2.892918109893799 1.785334587097168 74 91 99
-6.596366882324219 1.3821911811828613 0.9337612390518188 135 162 131
-13.327353477478027 2.2875287532806396 1.7420756816864014 64 77 94
-7.946737766265869 1.0688540935516357 0.9552724361419678 116 151 173
-7.457784652709961 1.8527220487594604 0.8559768199920654 63 78 49
-12.919354438781738 2.713925838470459 1.3383816480636597 102 109 75
-12.675088882446289 2.183316946029663 1.1825083494186401 76 83 75
-13.146620750427246 1.7773613929748535 1.0909150838851929 62 72 73
-6.262369632720947 1.5573722124099731 0.4807949662208557 111 141 107
-7.842454433441162 1.6500109434127808 0.5199374556541443 106 131 99
-13.993086814880371 2.4176390171051025 0.7834842801094055 126 141 82
-13.63663101196289 1.8508796691894531 0.6282832026481628 125 142 108
-6.023458003997803 1.500525712966919 0.23521485924720764 87 111 87
-7.221333980560303 1.5223578214645386 0.20846399664878845 108 121 101
-7.8742899894714355 1.3642927408218384 0.1494002789258957 113 119 85
-18.193984985351562 2.4801151752471924 0.1666550189256668 108 122 97
-6.4420166015625 1.6093326807022095 0.008807627484202385 92 108 97
-7.24368953704834 1.531164526939392 -0.060993123799562454 65 81 71
-7.9721808433532715 1.385696530342102 -0.1443493366241455 60 59 55
-8.567164421081543 1.1704233884811401 -0.23729662597179413 112 118 82
-8.924226760864258 2.232743978500366 -0.32413995265960693 60 75 42
-7.383655071258545 1.5638470649719238 -0.33771181106567383 110 133 105
-7.906893730163574 1.378471851348877 -0.43622642755508423 102 129 96
-8.572073936462402 1.1753616333007812 -0.554058849811554 102 119 64
-8.753705024719238 2.195276975631714 -0.6478539705276489 55 92 49
-8.121156692504883 1.7253810167312622 -0.6773313283920288 86 119 64
-8.164118766784668 1.4262524843215942 -0.7540997266769409 73 114 18
-7.463749885559082 1.0248534679412842 -0.7598074674606323 79 114 30
-6.785807132720947 1.7047837972640991 -0.7615648508071899 56 87 46
-6.610251426696777 1.4084818363189697 -0.8014930486679077 144 151 55
-6.614294052124023 1.1587140560150146 -0.8610478639602661 51 87 26
-6.491408824920654 0.8948038220405579 -0.905078649520874 36 66 32
-5.798338890075684 1.461116075515747 -0.8730751276016235 80 121 55
-5.704141139984131 1.2178059816360474 -0.9083694219589233 72 107 49
-5.582396984100342 0.9802528023719788 -0.938604474067688 91 121 49
-5.541666030883789 0.7642814517021179 -0.9839785099029541 71 107 19
-4.907124042510986 1.2429178953170776 -0.9310758709907532 58 89 32
-5.032347202301025 1.0772284269332886 -0.9968078136444092 96 149 67
-4.874208927154541 0.8582649827003479 -1.008994221687317 77 113 52
-4.830574989318848 0.6667264699935913 -1.0446019172668457 59 110 41
-4.473997116088867 1.1359543800354004 -1.0278133153915405 81 122 30
-4.222262859344482 0.9072127342224121 -1.0048965215682983 69 113 52
-15.947097778320312 2.1695163249969482 3.127190113067627 121 153 166
-8.805769920349121 1.867743730545044 1.5841593742370605 94 142 164
-7.140248775482178 1.2429907321929932 1.2042568922042847 36 60 64
-11.790478706359863 1.6149308681488037 1.859748125076294 112 133 124
-11.776766777038574 2.958822727203369 1.8037006855010986 42 53 36
-18.460580825805664 3.927358865737915 2.614915609359741 57 71 46
-7.201388359069824 1.2588146924972534 0.9418248534202576 91 102 94
-7.933584213256836 1.091875433921814 0.9540894627571106 117 144 135
-7.453993320465088 1.8760786056518555 0.8561981916427612 134 164 140
-11.23056697845459 2.3951663970947266 1.1641873121261597 96 102 74
-8.081013679504395 1.417517066001892 0.7543114423751831 81 97 110
-12.999930381774902 1.798158884048462 1.0791953802108765 123 142 122
-6.2556281089782715 1.5760903358459473 0.48064637184143066 76 101 72
-7.661695957183838 1.6365424394607544 0.5082840323448181 106 129 87
-13.828263282775879 2.432875871658325 0.774669885635376 59 65 51
-13.693224906921387 1.9013632535934448 0.6311564445495605 104 119 100
-5.861863613128662 1.4793850183486938 0.22908078134059906 84 94 85
-7.217607021331787 1.5447146892547607 0.2084922194480896 146 167 108
-14.139142036437988 2.4944400787353516 0.26840832829475403 111 115 82
-18.17143440246582 2.53385066986084 0.166518896818161 144 157 114
-6.134584903717041 1.5525413751602173 0.00839377474039793 107 119 95
-7.196916580200195 1.5443592071533203 -0.060638897120952606 88 92 75
-7.967891693115234 1.4101482629776 -0.1443493366241455 105 115 88
-8.979334831237793 1.2548073530197144 -0.2488185465335846 80 96 67
-8.868897438049316 2.247835874557495 -0.32237929105758667 86 103 58
-7.443283557891846 1.6003519296646118 -0.34066203236579895 68 101 48
-11.822480201721191 2.0985007286071777 -0.652603030204773 99 137 54
-8.246247291564941 1.156471610069275 -0.5332257747650146 109 127 79
-8.696659088134766 2.2093517780303955 -0.6441306471824646 62 75 29
-7.326651573181152 1.5800923109054565 -0.6114684343338013 97 106 75
-7.32628059387207 1.303059458732605 -0.6770767569541931 90 129 74
-7.505893230438232 1.054112195968628 -0.7644233107566833 73 118 17
-6.678422451019287 1.6996049880981445 -0.7500948905944824 55 90 32
-6.578722953796387 1.4228771924972534 -0.7981957197189331 63 112 31
-6.5921549797058105 1.175692081451416 -0.8586313128471375 45 80 26
-6.478824138641357 0.9133322238922119 -0.9037104845046997 73 106 35
-5.812045574188232 1.4835481643676758 -0.8758201599121094 51 99 23
-5.832675933837891 1.2639697790145874 -0.9294513463973999 74 112 37
-5.611412048339844 1.0031037330627441 -0.9439959526062012 79 120 60
-5.538320064544678 0.7811418771743774 -0.9838052988052368 64 99 41
-4.762295246124268 1.2217944860458374 -0.9043030738830566 70 99 45
-4.9580254554748535 1.077237606048584 -0.9827361106872559 102 138 76
-4.884091377258301 0.8754622340202332 -1.0115911960601807 79 116 36
-4.820760726928711 0.6804499626159668 -1.0429260730743408 74 112 27
-4.463873386383057 1.1479732990264893 -1.026291847229004 89 137 27
-4.269895553588867 0.9311609268188477 -1.0169081687927246 103 130 49
-17.666349411010742 4.4922614097595215 3.3949201107025146 81 92 78
-6.898467063903809 1.4853270053863525 1.2418493032455444 106 139 128
-7.132516384124756 1.264202356338501 1.203601360321045 87 98 102
-11.7835111618042 1.6508216857910156 1.8594392538070679 85 94 89
-12.916022300720215 3.2872118949890137 1.9797216653823853 86 89 42
-7.524997711181641 1.6250375509262085 1.0666067600250244 105 129 116
-7.201398849487305 1.281597375869751 0.9423359632492065 110 131 116
-12.232069969177246 1.7217179536819458 1.4716519117355347 138 158 107
-16.90435791015625 4.30980920791626 1.9432179927825928 120 135 112
-13.168889999389648 2.8508236408233643 1.3660186529159546 120 136 99
-11.523333549499512 2.0578062534332275 1.0762144327163696 115 140 137
-13.028891563415527 1.842919111251831 1.082063913345337 75 91 78
-7.969747066497803 2.0339815616607666 0.6128259897232056 77 85 70
-11.581995010375977 2.511099338531494 0.7688678503036499 76 101 69
-13.999610900878906 2.5073258876800537 0.7846962213516235 75 87 67
-17.84722900390625 2.533998966217041 0.8229798078536987 117 133 122
-8.52841854095459 2.180208444595337 0.3335491716861725 84 97 87
-7.644587993621826 1.6606409549713135 0.22097238898277283 71 79 55
-14.140279769897461 2.5393972396850586 0.26857656240463257 129 147 107
-18.54173469543457 2.6435022354125977 0.16998577117919922 140 147 116
-6.484328746795654 1.6622390747070312 0.008879255503416061 74 87 70
-7.173580169677734 1.56238853931427 -0.06048237904906273 94 115 98
-7.770663738250732 1.3998433351516724 -0.1408534198999405 109 111 74
-17.675785064697266 2.5253946781158447 -0.49001067876815796 58 74 47
-8.50283432006836 2.182840585708618 -0.3093150854110718 103 103 33
-6.992292404174805 1.525844693183899 -0.32023394107818604 74 101 60
-8.835704803466797 1.5963225364685059 -0.4880005121231079 74 112 53
-8.621996879577637 1.2361514568328857 -0.5577653646469116 96 131 51
-8.685009956359863 2.2347795963287354 -0.6437726616859436 58 90 43
-7.869927883148193 1.7225416898727417 -0.6572472453117371 58 88 24
-7.232092380523682 1.3092092275619507 -0.6687401533126831 68 103 63
-7.55186653137207 1.0842046737670898 -0.7694404721260071 72 108 34
-6.644297122955322 1.7126420736312866 -0.7468487024307251 58 86 25
-6.501580238342285 1.4270861148834229 -0.7893635630607605 81 123 23
-6.600228309631348 1.198036789894104 -0.8601575493812561 63 93 39
-6.444616794586182 0.9286834597587585 -0.8993321657180786 55 97 25
-5.836206912994385 1.5088024139404297 -0.880154550075531 87 137 38
-5.718757152557373 1.2576642036437988 -0.9119086861610413 77 116 35
-5.516097545623779 1.0035388469696045 -0.928475022315979 71 108 38
-5.471560478210449 0.7888538837432861 -0.9723717570304871 88 113 47
-4.787081241607666 1.2438191175460815 -0.9097300171852112 67 115 57
-4.928811550140381 1.0867360830307007 -0.9776018857955933 65 99 49
-4.8900580406188965 0.8920248746871948 -1.0133891105651855 83 125 61
-4.811875820159912 0.6942592263221741 -1.0414599180221558 94 123 77
-4.4480509757995605 1.1584646701812744 -1.0234664678573608 96 151 50
-4.243244647979736 0.9389954209327698 -1.011242389678955 138 158 71
-13.727385520935059 1.9533984661102295 2.694209337234497 72 106 131
-17.963796615600586 4.626619338989258 3.45479154586792 84 95 91
-13.884932518005371 3.0342042446136475 2.501204013824463 116 138 125
-7.125691890716553 1.2855530977249146 1.2031095027923584 90 96 84
-8.773889541625977 1.2566441297531128 1.385122537612915 95 142 158
-12.905877113342285 3.32682204246521 1.9797216653823853 111 147 135
-7.522879600524902 1.6487524509429932 1.0670185089111328 108 129 96
-7.1964569091796875 1.3035081624984741 0.9422082304954529 110 125 96
-7.663329601287842 1.1026345491409302 0.922385036945343 124 137 119
-6.830326080322266 1.7637439966201782 0.785789430141449 67 85 69
-14.664313316345215 3.2216849327087402 1.522158145904541 100 114 99
-12.445770263671875 2.2619552612304688 1.1630074977874756 106 127 112
-13.023176193237305 1.8828825950622559 1.082063913345337 143 164 107
-8.14401912689209 2.1050918102264404 0.6267200708389282 85 95 94
-7.693417549133301 1.6927436590194702 0.5110679268836975 52 58 54
-13.833703994750977 2.5214388370513916 0.7758268117904663 73 70 61
-13.728754043579102 1.9922336339950562 0.6333456039428711 110 130 118
-8.524591445922852 2.2071144580841064 0.3336627781391144 100 114 97
-7.218730926513672 1.591339111328125 0.20880281925201416 101 116 87
-7.949917793273926 1.4528850317001343 0.15108248591423035 100 108 85
-8.132789611816406 1.1849644184112549 0.07459226250648499 82 88 40
-8.651192665100098 2.246016263961792 0.011855809949338436 95 108 98
-7.152153968811035 1.5807207822799683 -0.06034233421087265 104 105 91
-8.106607437133789 1.4860538244247437 -0.14702478051185608 101 112 95
-17.553213119506836 2.5628585815429688 -0.48682838678359985 87 105 81
-15.193158149719238 3.9500980377197266 -0.5531331300735474 64 89 47
-6.959291934967041 1.5410261154174805 -0.31893762946128845 145 160 131
-8.728631019592285 1.6046463251113892 -0.48235636949539185 116 120 85
-8.9736328125 1.3146753311157227 -0.580771267414093 115 142 65
-8.877910614013672 2.313478946685791 -0.6585943102836609 64 81 39
-8.296609878540039 1.8426234722137451 -0.6933498978614807 67 100 19
-7.3308796882629395 1.350333333015442 -0.6782547831535339 101 132 90
-7.205927848815918 1.057112216949463 -0.734520673751831 145 176 21
-6.708268165588379 1.7510968446731567 -0.7546396255493164 82 110 33
-6.33336067199707 1.4105427265167236 -0.7694616317749023 114 160 85
-6.554579734802246 1.2105343341827393 -0.8546885251998901 65 119 59
-6.46525764465332 0.9519138932228088 -0.9026158452033997 55 91 27
-5.589366912841797 1.4632967710494995 -0.8436017632484436 72 110 33
-5.4072370529174805 1.2065582275390625 -0.8628201484680176 48 95 27
-5.515903472900391 1.02099609375 -0.9289652109146118 71 110 57
-5.165112495422363 0.7608551383018494 -0.9183222055435181 72 98 24
-4.781340599060059 1.2579994201660156 -0.9093682765960693 82 125 20
-4.9235382080078125 1.101423740386963 -0.9772216081619263 85 112 69
-4.882481098175049 0.9061291813850403 -1.0123902559280396 65 92 41
-4.809723377227783 0.7090185880661011 -1.0414599180221558 81 118 74
-4.4520263671875 1.174096941947937 -1.025205135345459 84 137 69
-4.23084020614624 0.9498754739761353 -1.0089759826660156 91 135 76
-17.733299255371094 2.5789685249328613 3.4819674491882324 128 147 119
-17.746896743774414 4.6288604736328125 3.415792465209961 109 124 119
-13.929403305053711 3.0887279510498047 2.5109100341796875 105 120 123
-8.775038719177246 1.6109267473220825 1.4824146032333374 62 79 73
-11.998983383178711 1.7561439275741577 1.8951056003570557 72 118 118
-12.685052871704102 3.3114354610443115 1.947397232055664 63 78 59
-18.710826873779297 4.160962104797363 2.655675172805786 107 131 118
-7.197300434112549 1.3264793157577515 0.9428470134735107 98 119 86
-7.654016017913818 1.1252734661102295 0.9216752052307129 92 115 109
-6.815267562866211 1.7821763753890991 0.7846823334693909 110 121 107
-11.32748794555664 2.5250535011291504 1.1765937805175781 96 109 81
-12.145012855529785 2.2458066940307617 1.135541319847107 120 134 119
-13.747918128967285 2.0307440757751465 1.1427931785583496 116 151 147
-7.6860270500183105 2.0118846893310547 0.5919477343559265 63 76 67
-13.118810653686523 2.9286904335021973 0.8720654845237732 120 152 129
-13.78957748413086 2.5571320056915283 0.7737884521484375 80 97 61
-17.62383270263672 2.612696409225464 0.8134023547172546 114 124 87
-6.243343353271484 1.636927843093872 0.2445673942565918 71 88 69
-7.218692302703857 1.6145693063735962 0.20894400775432587 120 132 94
-7.418546199798584 1.3793076276779175 0.14106391370296478 103 109 99
-8.168678283691406 1.215798258781433 0.0749552845954895 112 121 90
-8.52530288696289 2.2412734031677246 0.011692656204104424 113 126 116
-7.141416549682617 1.6013431549072266 -0.06029290705919266 82 84 71
-7.798295497894287 1.454278826713562 -0.14151336252689362 136 139 108
-8.230833053588867 1.2275453805923462 -0.22838085889816284 99 103 86
-6.083791255950928 1.6016788482666016 -0.22166875004768372 68 66 43
-7.073445796966553 1.5890843868255615 -0.32439109683036804 99 111 97
-8.17892837524414 1.5295459032058716 -0.45223623514175415 98 98 70
-8.60931396484375 1.2882932424545288 -0.5574458241462708 96 117 58
-6.1713480949401855 1.6284160614013672 -0.4581805467605591 73 92 62
-7.086221694946289 1.5966322422027588 -0.5926039814949036 81 84 63
-7.360962390899658 1.379237174987793 -0.6814263463020325 76 110 23
-7.687747478485107 1.1518994569778442 -0.7839904427528381 82 105 23
-6.134840965270996 1.6215320825576782 -0.690688967704773 72 102 42
-6.31641149520874 1.4271215200424194 -0.7679306864738464 64 96 11
-6.569356918334961 1.2341172695159912 -0.8571050763130188 64 100 12
-6.506388187408447 0.978373110294342 -0.9087728261947632 53 95 31
-5.737886905670166 1.5210046768188477 -0.8667181134223938 89 136 56
-5.367852687835693 1.215070366859436 -0.8571264743804932 97 152 71
-5.560251712799072 1.0468581914901733 -0.9369706511497498 78 116 57
-5.139379978179932 0.7731814384460449 -0.9141646027565002 140 168 68
-4.74514627456665 1.2640546560287476 -0.9032177329063416 65 116 39
-4.939284324645996 1.1208690404891968 -0.9810247421264648 66 95 65
-4.933597087860107 0.9312820434570312 -1.0235768556594849 82 103 47
-4.801723957061768 0.7228978276252747 -1.0402030944824219 85 123 46
-4.433314800262451 1.1837211847305298 -1.0217276811599731 87 140 48
-4.151933193206787 0.9455491304397583 -0.990845263004303 97 146 67
-14.299673080444336 2.124432325363159 2.809034824371338 71 90 84
-11.190081596374512 2.5173499584198 2.018503427505493 115 146 149
-8.764236450195312 1.6367539167404175 1.481431007385254 113 134 137
-8.761127471923828 1.3097256422042847 1.3843505382537842 112 124 88
-11.17248249053955 2.9532206058502197 1.7165716886520386 97 124 131
-7.756117343902588 1.749814748764038 1.1016021966934204 137 152 129
-7.203920364379883 1.3505643606185913 0.9442525506019592 80 83 66
-11.87987232208252 1.7837995290756226 1.431193232536316 115 146 128
-6.769416332244873 1.7923928499221802 0.7800326943397522 77 93 83
-7.238195419311523 1.6368197202682495 0.7523542642593384 93 107 92
-7.167555332183838 1.3481501340866089 0.6705397367477417 100 114 115
-14.150599479675293 2.13460636138916 1.176804780960083 120 160 172
-7.565108299255371 2.0050528049468994 0.5831060409545898 117 141 107
-13.107816696166992 2.9684839248657227 0.8719359636306763 91 106 83
-7.244059085845947 1.3663363456726074 0.40672650933265686 61 62 57
-17.59795570373535 2.6640617847442627 0.8125814199447632 79 74 52
-6.243121147155762 1.6573565006256104 0.24475672841072083 67 84 68
-7.13279390335083 1.618350625038147 0.20660044252872467 98 101 70
-7.039979934692383 1.3312798738479614 0.13394248485565186 96 109 91
-18.708410263061523 2.843190908432007 0.17174643278121948 64 66 61
-10.449156761169434 2.7813491821289062 0.014342903159558773 86 102 89
-7.087717056274414 1.6121559143066406 -0.05988101661205292 112 119 103
-7.490257263183594 1.4206265211105347 -0.13600194454193115 91 103 81
-8.109428405761719 1.2348836660385132 -0.2251162976026535 93 100 69
-7.981204986572266 2.127415180206299 -0.29103928804397583 67 83 38
-7.198083400726318 1.640298843383789 -0.33033624291419983 90 92 78
-7.758277416229248 1.475528597831726 -0.42922553420066833 98 114 75
-8.145606994628906 1.2444661855697632 -0.5276659727096558 99 126 55
-8.458819389343262 2.2597856521606445 -0.6285215020179749 92 108 69
-7.122098445892334 1.627691388130188 -0.5960190892219543 68 73 53
-7.375283718109131 1.40535569190979 -0.6831480264663696 69 101 34
-7.629100799560547 1.167054533958435 -0.7783711552619934 74 108 22
-6.707000255584717 1.7947949171066284 -0.7557216882705688 50 76 11
-6.595612525939941 1.5114866495132446 -0.8024351596832275 68 113 44
-6.553848743438721 1.2520325183868408 -0.8555788397789001 56 94 9
-6.509230613708496 0.9992316961288452 -0.9095937609672546 59 86 15
-5.692099094390869 1.527572751045227 -0.8605056405067444 73 138 48
-5.698272228240967 1.3082550764083862 -0.9105237722396851 82 121 56
-5.535696983337402 1.0598305463790894 -0.9333763718605042 51 89 28
-5.291764736175537 0.8127167224884033 -0.941709041595459 125 141 52
-4.796321392059326 1.2934592962265015 -0.9137097597122192 92 138 73
-4.925297737121582 1.1335949897766113 -0.9789329767227173 76 108 41
-4.939377784729004 0.9480761289596558 -1.0253747701644897 87 123 59
-4.762758255004883 0.731981635093689 -1.0322434902191162 51 98 44
-4.4258928298950195 1.1962981224060059 -1.0208582878112793 67 99 24
-4.174635410308838 0.9642006754875183 -0.9969643354415894 82 118 48
-10.891369819641113 2.4852805137634277 1.9659868478775024 75 110 114
-7.763857841491699 1.4745936393737793 1.313094139099121 65 90 94
-11.646139144897461 1.7775593996047974 1.841065764427185 64 94 118
-6.6475701332092285 1.7789884805679321 1.022185206413269 42 48 38
-7.755540370941162 1.7747067213058472 1.1022883653640747 117 131 108
-6.913311958312988 1.3180501461029053 0.9066869020462036 89 113 97
-11.866491317749023 1.8190343379974365 1.4302468299865723 115 127 87
-16.740760803222656 4.487591743469238 1.9305975437164307 96 105 88
-7.34950590133667 1.6857086420059204 0.7644581198692322 67 82 61
-7.232828617095947 1.3834158182144165 0.6770401000976562 148 169 154
-8.365823745727539 1.2882399559020996 0.6960514783859253 105 132 117
-7.557958126068115 2.027994394302368 0.5830317139625549 78 100 88
-13.03445816040039 2.9939401149749756 0.8676630854606628 85 88 61
-7.2280659675598145 1.3862974643707275 0.4060654044151306 122 135 107
-17.924373626708984 2.769754409790039 0.8280421495437622 76 70 46
-6.2312517166137695 1.6746867895126343 0.24449166655540466 96 114 98
-9.449175834655762 2.174414873123169 0.2738860547542572 99 119 94
-7.462962627410889 1.4349956512451172 0.14207324385643005 73 85 61
-18.728254318237305 2.9050190448760986 0.17200961709022522 85 88 71
-6.156395435333252 1.6589473485946655 0.008457444608211517 105 118 108
-7.066173553466797 1.6300718784332275 -0.05974097177386284 100 109 92
-6.885031223297119 1.327733039855957 -0.12508611381053925 117 129 107
-8.593558311462402 1.3355944156646729 -0.2386682778596878 80 94 58
-5.948416233062744 1.6051311492919922 -0.21709100902080536 93 111 71
-7.218324184417725 1.6682231426239014 -0.3314984440803528 70 78 55
-7.715479850769043 1.491930365562439 -0.4271090030670166 115 115 91
-8.501657485961914 1.3255667686462402 -0.550991415977478 86 117 39
-6.717763900756836 1.8167589902877808 -0.4995664358139038 81 93 53
-7.268539905548096 1.6846400499343872 -0.6087038516998291 79 83 68
-7.2506794929504395 1.404678463935852 -0.672002375125885 84 104 55
-7.64022970199585 1.1927567720413208 -0.7798762917518616 61 106 13
-6.708179473876953 1.8171827793121338 -0.7564791440963745 73 113 27
-6.562893867492676 1.5251957178115845 -0.7990200519561768 68 99 31
-6.53537130355835 1.2692970037460327 -0.8536710739135742 66 102 28
-6.505155563354492 1.0190436840057373 -0.9094569683074951 37 82 15
-5.560384273529053 1.510527491569519 -0.8412901759147644 99 151 68
-5.688457489013672 1.3243865966796875 -0.9096004366874695 56 98 14
-5.4530110359191895 1.061353087425232 -0.9199793934822083 69 107 46
-5.16762113571167 0.8098862767219543 -0.92005455493927 211 222 42
-4.721171855926514 1.2887437343597412 -0.9001424908638 80 129 48
-4.894071102142334 1.142229437828064 -0.9734184145927429 80 116 72
-4.769108295440674 0.9305737018585205 -0.9906162619590759 80 112 65
-4.556661605834961 0.7146236300468445 -0.9880462884902954 72 112 52
-4.421260356903076 1.20961332321167 -1.0206409692764282 70 112 26
-4.101482391357422 0.9605686068534851 -0.9801934361457825 67 118 41
-13.185552597045898 3.051374673843384 2.3817853927612305 100 142 164
-7.763171195983887 1.499153971672058 1.3137497901916504 122 143 144
-11.641606330871582 1.8134329319000244 1.8412200212478638 91 109 113
-6.697455883026123 1.814375877380371 1.0307071208953857 122 136 103
-7.753918647766113 1.7993875741958618 1.102837324142456 143 159 130
-7.037761211395264 1.364166498184204 0.9235531091690063 82 96 81
-11.68917179107666 1.828574776649475 1.4095444679260254 118 139 106
-8.558647155761719 2.3224310874938965 0.9878273606300354 119 155 151
-7.2919721603393555 1.696077585220337 0.7590113878250122 107 132 103
-7.241257667541504 1.4080702066421509 0.6782302856445312 140 160 135
-7.703164100646973 1.2104030847549438 0.6412230134010315 92 99 66
-8.028072357177734 2.180562973022461 0.619810163974762 110 123 95
-12.972729682922363 3.021690607070923 0.8641670346260071 73 74 60
-6.852348327636719 1.3360462188720703 0.38518646359443665 85 94 75
-18.179258346557617 2.8662726879119873 0.840219259262085 75 78 51
-6.20969295501709 1.6893367767333984 0.24384798109531403 56 68 56
-12.504932403564453 2.9180209636688232 0.362715482711792 94 105 88
-7.638094902038574 1.4929847717285156 0.1454937756061554 115 118 91
-18.440732955932617 2.9183847904205322 0.1694503128528595 48 51 42
-6.70697546005249 1.829399824142456 0.009221479296684265 103 109 95
-7.042639255523682 1.6474153995513916 -0.05958444997668266 132 145 117
-7.531439304351807 1.4763683080673218 -0.13691160082817078 70 65 46
-17.579679489135742 2.787463426589966 -0.48847442865371704 51 57 31
-6.2442522048950195 1.7055292129516602 -0.22807760536670685 75 87 73
-7.217062950134277 1.6912726163864136 -0.33167725801467896 69 71 60
-8.076323509216309 1.5874258279800415 -0.44735187292099 82 112 58
-8.827714920043945 1.4041601419448853 -0.5723996758460999 85 120 56
-6.856464862823486 1.8768621683120728 -0.510306715965271 69 101 62
-7.251694202423096 1.704195499420166 -0.6077280640602112 86 92 78
-7.3958353996276855 1.456355333328247 -0.6858664751052856 110 136 99
-7.349624156951904 1.1704978942871094 -0.7505757808685303 64 104 31
-6.783107280731201 1.8598361015319824 -0.7655685544013977 81 106 49
-6.571715354919434 1.5485118627548218 -0.8006687164306641 112 147 91
-6.528526782989502 1.2887649536132812 -0.8532894849777222 93 122 66
-6.446241855621338 1.0300867557525635 -0.9016580581665039 78 118 58
-5.533779144287109 1.521545648574829 -0.8379671573638916 89 139 40
-5.606473445892334 1.3234448432922363 -0.8971359729766846 35 81 9
-5.44489049911499 1.0771205425262451 -0.9191625714302063 62 108 35
-5.133991241455078 0.8207612037658691 -0.9145110249519348 109 130 63
-4.7854509353637695 1.3220789432525635 -0.9131670594215393 82 124 61
-4.873347282409668 1.1531696319580078 -0.9699955582618713 79 103 51
-4.824860095977783 0.9568275809288025 -1.002801775932312 76 103 58
-4.569896697998047 0.7310713529586792 -0.9913977384567261 63 95 32
-4.411884307861328 1.2216089963912964 -1.0193369388580322 73 117 28
-4.137368679046631 0.9823724031448364 -0.9894854426383972 77 118 52
-4.127758502960205 0.8207556009292603 -1.0225144624710083 79 119 46
-7.101993083953857 1.6665012836456299 1.2837930917739868 99 121 132
-8.579401969909668 1.684096097946167 1.4527466297149658 103 123 124
-11.637940406799316 1.8494505882263184 1.8415290117263794 77 95 109
-6.689949989318848 1.834391713142395 1.030413269996643 143 175 151
-7.407032489776611 1.742854118347168 1.0542553663253784 62 87 68
-6.804865837097168 1.3406975269317627 0.8935261964797974 126 149 143
-17.68166160583496 2.8216001987457275 2.133185386657715 97 117 105
-8.579275131225586 2.356311082839966 0.9910378456115723 111 122 108
-17.053377151489258 4.021722793579102 1.7763386964797974 111 136 107
-7.247649192810059 1.4324032068252563 0.6792373657226562 95 107 93
-12.47021770477295 1.9986748695373535 1.0385452508926392 105 115 54
-8.151155471801758 2.2408695220947266 0.6298406720161438 105 133 118
-12.924551010131836 3.0523018836975098 0.8615773916244507 86 94 83
-7.216485500335693 1.4300397634506226 0.40590015053749084 113 117 103
-18.148681640625 2.9185433387756348 0.8392159342765808 95 106 76
-6.14763879776001 1.6927285194396973 0.24161396920681 89 100 68
-7.041722774505615 1.6659796237945557 0.204398050904274 112 112 76
-7.421655178070068 1.4743318557739258 0.14145642518997192 95 111 85
-14.09499740600586 2.274986982345581 0.1295812427997589 107 114 96
-7.072449207305908 1.9524188041687012 0.009732162579894066 79 98 68
-7.105660438537598 1.6851667165756226 -0.060161102563142776 130 158 143
-7.82987117767334 1.5598291158676147 -0.14242301881313324 103 115 95
-7.7789812088012695 1.2579259872436523 -0.21625539660453796 122 131 88
-6.031890392303467 1.6674286127090454 -0.2205067127943039 97 103 77
-7.214755535125732 1.7140989303588867 -0.3318113386631012 50 61 55
-7.974476337432861 1.592833399772644 -0.4419791102409363 81 105 69
-9.09426212310791 1.4751787185668945 -0.5899736285209656 82 126 49
-6.22491455078125 1.7245302200317383 -0.46369388699531555 94 99 77
-7.260004997253418 1.729669213294983 -0.6088664531707764 86 89 68
-6.913811206817627 1.3834844827651978 -0.641555666923523 92 107 68
-7.371532917022705 1.1971875429153442 -0.7531847357749939 54 97 28
-6.774495601654053 1.8798402547836304 -0.7652439475059509 77 112 58
-6.448132038116455 1.5402876138687134 -0.7861838936805725 64 88 56
-6.3874192237854 1.2812819480895996 -0.8353562951087952 69 103 26
-6.450873374938965 1.051133155822754 -0.902752697467804 74 106 56
-5.494766712188721 1.5289665460586548 -0.8327659964561462 65 101 31
-5.6658101081848145 1.355816125869751 -0.9072922468185425 81 110 52
-5.438658237457275 1.0932368040084839 -0.9186723828315735 53 90 23
-5.156722068786621 0.8406282067298889 -0.9190151691436768 83 113 77
-4.8723015785217285 1.3621758222579956 -0.9305331110954285 79 107 5
-4.796276569366455 1.1504825353622437 -0.9553533792495728 106 128 115
-4.829586029052734 0.9731739163398743 -1.0043997764587402 97 115 75
-4.662208557128906 0.7605157494544983 -1.0119253396987915 103 143 73
-4.390257835388184 1.2301349639892578 -1.0152074098587036 78 129 36
-4.244180679321289 1.0214987993240356 -1.0157750844955444 101 147 59
-4.0823588371276855 0.8247561454772949 -1.0118902921676636 71 123 49
-11.458144187927246 1.8462661504745483 2.255124568939209 89 97 74
-7.124632358551025 1.6948919296264648 1.288819432258606 76 88 78
-7.895069122314453 1.5749351978302002 1.3376808166503906 86 122 134
-14.10650634765625 2.286137342453003 2.2332417964935303 125 151 124
-6.669040203094482 1.8506755828857422 1.028062343597412 95 117 79
-7.281212329864502 1.7368413209915161 1.0371006727218628 96 115 96
-12.193255424499512 2.44120454788208 1.6020350456237793 109 127 113
-16.120464324951172 2.623208999633789 1.9457981586456299 111 142 171
-6.133120536804199 1.704723596572876 0.7090702652931213 104 132 110
-14.315141677856445 3.4223549365997314 1.4922012090682983 83 93 84
-7.649364471435547 1.5361964702606201 0.7173237204551697 136 162 151
-8.104764938354492 1.3245147466659546 0.6753166913986206 117 147 157
-13.439873695373535 3.7392005920410156 1.039381980895996 49 59 58
-6.877779960632324 1.6465716361999512 0.45882168412208557 107 134 103
-7.240450382232666 1.4578884840011597 0.407497763633728 124 134 110
-18.07950782775879 2.9643490314483643 0.8364338874816895 86 99 29
-6.12412691116333 1.7064849138259888 0.24089454114437103 75 86 82
-6.967563629150391 1.6710238456726074 0.2023933231830597 135 142 111
-7.3043904304504395 1.474345088005066 0.1393069177865982 79 82 63
-8.358245849609375 1.3753771781921387 0.07687930762767792 44 57 50
-5.866375923156738 1.638856291770935 0.0080794058740139 78 92 69
-7.013925075531006 1.6861562728881836 -0.059427931904792786 89 103 90
-7.422281742095947 1.5023205280303955 -0.13509228825569153 123 134 104
-7.876675605773926 1.29853355884552 -0.21908101439476013 68 73 33
-6.48582649230957 1.81434965133667 -0.23730354011058807 97 100 83
-7.2648234367370605 1.7495577335357666 -0.3343592882156372 83 100 56
-12.190166473388672 2.4737966060638428 -0.6760478615760803 64 102 27
-8.956774711608887 1.4810930490493774 -0.5813463926315308 75 114 69
-6.3473286628723145 1.7794291973114014 -0.4732169508934021 51 67 40
-7.2595086097717285 1.753104329109192 -0.6092730164527893 90 99 70
-7.285264015197754 1.4810740947723389 -0.6764424443244934 83 109 62
-7.334450721740723 1.214272141456604 -0.7497729659080505 62 115 35
-6.7610392570495605 1.8984650373458862 -0.7643782496452332 48 90 18
-6.606487274169922 1.5995553731918335 -0.8060858249664307 93 122 14
-6.397064685821533 1.303645133972168 -0.8371369242668152 71 106 12
-6.447618007659912 1.0709192752838135 -0.902752697467804 69 118 39
-5.478620529174805 1.542598843574524 -0.8310322761535645 72 120 21
-5.6712260246276855 1.375521183013916 -0.908831000328064 70 114 27
-5.359882831573486 1.094520926475525 -0.905928909778595 61 93 26
-5.232814788818359 0.8695215582847595 -0.9330472350120544 68 100 53
-4.7829270362854 1.3530234098434448 -0.9142524600028992 81 124 53
-4.766013145446777 1.1586980819702148 -0.9500290155410767 59 94 40
-4.849616050720215 0.9927021861076355 -1.009194016456604 72 105 60
-4.653101444244385 0.7736929059028625 -1.010459065437317 97 136 55
-4.350778102874756 1.2334814071655273 -1.006948471069336 92 132 44
-4.295908451080322 1.0479023456573486 -1.0289198160171509 89 120 52
-4.068386554718018 0.8349325060844421 -1.0090571641921997 71 115 30
-11.092705726623535 2.6748483180999756 2.008104085922241 85 121 143
-7.714239597320557 1.5634865760803223 1.3078489303588867 117 145 130
-7.358722686767578 1.2157546281814575 1.1655656099319458 73 88 85
-12.629570007324219 3.546504259109497 1.9485727548599243 65 73 60
-7.271998882293701 1.7582404613494873 1.036551833152771 100 112 92
-12.185708045959473 2.4786012172698975 1.6020350456237793 88 108 107
-14.093400001525879 2.3377597332000732 1.701982021331787 113 131 107
-12.672857284545898 3.564387321472168 1.4664082527160645 91 103 81
-7.017885684967041 1.7005606889724731 0.732080340385437 127 142 111
-7.652420997619629 1.5612497329711914 0.7180561423301697 86 97 81
-7.778209686279297 1.2956604957580566 0.648435115814209 151 196 167
-7.768642902374268 2.1870689392089844 0.6013094782829285 99 101 87
-6.889182090759277 1.6716649532318115 0.45992231369018555 114 128 95
-7.247682094573975 1.4824961423873901 0.4081588387489319 127 159 138
-16.551002502441406 2.765901803970337 0.7661077380180359 61 73 53
-6.135212421417236 1.7298754453659058 0.24153822660446167 122 135 118
-6.550565719604492 1.5922842025756836 0.19042140245437622 124 148 126
-7.101004600524902 1.4559801816940308 0.135512575507164 90 95 73
-10.05713176727295 1.6866408586502075 0.09255284816026688 61 78 34
-6.4117512702941895 1.8124393224716187 0.008838135749101639 145 149 114
-6.983458995819092 1.7015122175216675 -0.05921374633908272 90 97 81
-7.124810695648193 1.464878797531128 -0.12975923717021942 121 144 118
-9.09801197052002 1.5285663604736328 -0.2531803846359253 98 112 77
-7.315861225128174 2.0707662105560303 -0.26790404319763184 95 103 80
-6.425752639770508 1.5683605670928955 -0.2959615886211395 79 99 62
-7.332787036895752 1.5115079879760742 -0.40692034363746643 112 122 70
-9.02501106262207 1.520836591720581 -0.5860754251480103 85 111 40
-6.184469223022461 1.7542551755905151 -0.4614742398262024 70 86 50
-7.230861186981201 1.769681453704834 -0.6073215007781982 36 62 25
-7.336278915405273 1.5148975849151611 -0.6816075444221497 80 111 35
-7.293409824371338 1.2304785251617432 -0.7459599375724792 73 127 65
-6.610784530639648 1.8781739473342896 -0.7480389475822449 46 86 24
-6.595762252807617 1.6183964014053345 -0.8053792119026184 84 111 30
-6.491135597229004 1.3435701131820679 -0.8499826192855835 72 116 21
-6.503881454467773 1.1007789373397827 -0.911098837852478 62 101 34
-5.491943359375 1.564550757408142 -0.8337773680686951 90 123 19
-5.535523891448975 1.360602617263794 -0.8877490758895874 75 115 45
-5.376786231994629 1.1151671409606934 -0.909359872341156 71 118 40
-5.416565895080566 0.9171403050422668 -0.9663084745407104 61 97 36
-4.767406940460205 1.3644434213638306 -0.9120817184448242 115 163 61
-4.798659801483154 1.1822389364242554 -0.9572550058364868 67 102 46
-4.837913513183594 1.0057809352874756 -1.0073962211608887 77 110 57
-4.696017265319824 0.7956418991088867 -1.0203039646148682 64 102 41
-4.342281818389893 1.2454779148101807 -1.0058616399765015 98 142 65
-4.317256450653076 1.0671535730361938 -1.0348122119903564 78 129 62
-4.057244300842285 0.8456258177757263 -1.0069323778152466 74 113 68
-10.94381046295166 2.6744983196258545 1.9826257228851318 93 116 122
-7.735494136810303 1.5925168991088867 1.3122745752334595 18 43 74
-7.367624282836914 1.2404576539993286 1.1675728559494019 138 161 117
-12.615775108337402 3.584423303604126 1.9481319189071655 93 107 82
-7.514786243438721 1.8413631916046143 1.0719590187072754 122 145 127
-7.381811618804932 1.5250763893127441 0.9710851907730103 136 173 179
-10.511505126953125 1.7767616510391235 1.270068645477295 84 88 63
-12.546198844909668 3.5703353881835938 1.4530129432678223 107 121 96
-7.971099376678467 1.9574519395828247 0.8321386575698853 92 105 88
-7.656371116638184 1.5865380764007568 0.7188801169395447 81 101 100
-12.408060073852539 2.106024980545044 1.034939169883728 124 148 132
-7.764773845672607 2.211712121963501 0.6015323996543884 119 134 115
-6.461521625518799 1.5888994932174683 0.4316950738430023 105 122 104
-7.251898288726807 1.5065525770187378 0.4086546301841736 108 112 98
-8.07918643951416 1.3756359815597534 0.3741605281829834 131 151 116
-6.843859672546387 1.9523701667785645 0.26967161893844604 75 86 28
-6.783443927764893 1.6709487438201904 0.19733913242816925 100 130 102
-7.2286458015441895 1.5052757263183594 0.13803590834140778 94 106 94
-8.392032623291016 1.4338781833648682 0.0772695541381836 80 95 74
-6.688827991485596 1.9129419326782227 0.009228112176060677 96 104 89
-6.171460151672363 1.523742437362671 -0.05236808583140373 104 118 92
-7.869012832641602 1.6430670022964478 -0.1434040069580078 116 130 104
-8.659750938415527 1.4822654724121094 -0.24110983312129974 88 92 75
-6.669606685638428 1.9099634885787964 -0.2444518655538559 81 93 73
-6.42188024520874 1.5883069038391113 -0.29600629210472107 96 104 83
-7.56951904296875 1.5845307111740112 -0.4203251898288727 84 103 83
-9.326191902160645 1.6010299921035767 -0.6059499382972717 85 119 33
-6.503111362457275 1.8662151098251343 -0.4856756925582886 74 89 60
-6.916802406311035 1.7153271436691284 -0.5813828706741333 65 81 52
-7.022620677947998 1.4726072549819946 -0.6528825163841248 91 141 82
-7.270969867706299 1.2496464252471924 -0.7440534234046936 87 119 43
-6.313580513000488 1.814687728881836 -0.715035617351532 71 87 42
-6.367187023162842 1.5830371379852295 -0.7780582904815674 73 116 44
-6.529692649841309 1.372455358505249 -0.8555788397789001 158 188 42
-6.4331159591674805 1.109114408493042 -0.9016580581665039 63 96 39
-5.4975762367248535 1.5844066143035889 -0.8353665471076965 61 110 45
-5.581181049346924 1.38999605178833 -0.8957509994506836 75 131 40
-5.335689544677734 1.1237282752990723 -0.9029881954193115 45 71 34
-5.399168491363525 0.931242823600769 -0.9637099504470825 81 107 62
-4.803820610046387 1.3908241987228394 -0.9198602437973022 89 127 66
-4.772149085998535 1.1912487745285034 -0.9526911973953247 84 119 77
-4.789745807647705 1.0111067295074463 -0.9980074167251587 84 117 46
-4.58852481842041 0.7919186353683472 -0.9974722266197205 105 135 81
-4.290631294250488 1.244922161102295 -0.9947772026062012 54 111 8
-4.333803176879883 1.0853627920150757 -1.0395716428756714 77 134 66
-4.026110649108887 0.8520335555076599 -0.9998495578765869 35 78 24
-13.078880310058594 3.23883056640625 2.371212959289551 119 159 133
-7.292191028594971 1.5245885848999023 1.237858772277832 102 126 100
-7.220637321472168 1.2385025024414062 1.1448761224746704 175 215 180
-19.50266456604004 5.605862140655518 3.014248847961426 120 133 113
-13.3569917678833 3.3163626194000244 1.906772255897522 120 148 100
-7.298473834991455 1.5312210321426392 0.9607354998588562 114 131 112
-11.959192276000977 2.059222936630249 1.4457441568374634 85 124 131
-12.756759643554688 3.6725995540618896 1.478696584701538 97 104 88
-7.448534965515137 1.8533746004104614 0.7781757712364197 90 92 87
-10.835031509399414 2.279904842376709 1.0179862976074219 88 100 90
-12.517424583435059 2.1641173362731934 1.0446100234985352 86 95 76
-7.752202033996582 2.2338666915893555 0.6010865569114685 65 68 49
-6.105124473571777 1.5211386680603027 0.408193975687027 68 73 51
-7.250173091888428 1.5294123888015747 0.40881991386413574 118 142 90
-14.12423324584961 2.449533224105835 0.6544616222381592 99 109 84
-6.134084224700928 1.7702586650848389 0.24191689491271973 103 120 101
-6.270083904266357 1.5649131536483765 0.18254363536834717 89 104 81
-7.217146396636963 1.5259979963302612 0.1379050612449646 103 109 75
-8.22996997833252 1.4321879148483276 0.07581745833158493 78 94 84
-6.662755012512207 1.9276177883148193 0.009200256317853928 99 119 91
-6.486880302429199 1.622750997543335 -0.05508657917380333 107 114 96
-7.083410739898682 1.501725196838379 -0.12917062640190125 130 139 118
-14.17973518371582 2.471906900405884 -0.39500972628593445 111 105 89
-9.076936721801758 2.629504442214966 -0.3329785168170929 108 107 76
-6.2289838790893555 1.5608930587768555 -0.2873344123363495 56 71 14
-8.166275978088379 1.7356185913085938 -0.45375579595565796 78 117 38
-8.279208183288574 1.4474565982818604 -0.5382103323936462 91 103 67
-8.727317810058594 2.5335073471069336 -0.6523648500442505 86 106 55
-8.062780380249023 2.025800943374634 -0.6782258152961731 63 90 47
-7.574255466461182 1.6125571727752686 -0.704623818397522 67 105 22
-7.325904846191406 1.2822397947311401 -0.750074028968811 88 119 52
-6.511312484741211 1.8931670188903809 -0.7380838394165039 61 84 30
-6.512523174285889 1.6404025554656982 -0.7964292764663696 61 97 25
-6.481799125671387 1.383166790008545 -0.8498554825782776 77 112 20
-6.450172424316406 1.1324430704116821 -0.9045314192771912 50 95 28
-5.848925590515137 1.7051178216934204 -0.8895455002784729 80 125 22
-5.588387489318848 1.410013198852539 -0.89759761095047 72 121 42
-5.364053726196289 1.1468998193740845 -0.9083796143531799 67 107 37
-5.319653511047363 0.9343430995941162 -0.9500243067741394 71 102 45
-4.573004722595215 1.3392168283462524 -0.8764450550079346 48 82 32
-4.754195213317871 1.2022734880447388 -0.9498388767242432 76 112 16
-4.626619815826416 0.9915076494216919 -0.9646472334861755 66 91 34
-4.639041900634766 0.8153013586997986 -1.0089927911758423 92 139 61
-4.359846115112305 1.2795196771621704 -1.0117299556732178 83 130 58
-4.334228992462158 1.099611520767212 -1.0404781103134155 77 131 73
-19.60996437072754 5.697442054748535 3.8032186031341553 99 111 91
-17.688508987426758 4.437990188598633 3.2093958854675293 105 123 145
-7.774790287017822 1.650397777557373 1.3206340074539185 122 153 138
-7.193444728851318 1.2565689086914062 1.1411705017089844 116 133 123
-8.441920280456543 2.4546170234680176 1.3059051036834717 68 102 112
-11.392867088317871 2.865832805633545 1.6276320219039917 44 45 27
-12.136188507080078 2.585071563720703 1.5985851287841797 95 121 110
-11.69852352142334 2.0513134002685547 1.4149861335754395 118 139 120
-12.751158714294434 3.7133870124816895 1.4793609380722046 119 124 101
-7.201633930206299 1.8154200315475464 0.7529594302177429 80 93 67
-13.480690956115723 2.879821538925171 1.2673786878585815 98 113 90
-7.367449760437012 1.2970376014709473 0.6151610612869263 120 136 110
-19.083721160888672 5.562612056732178 1.4810209274291992 96 107 93
-11.815771102905273 2.982520580291748 0.7906209230422974 70 92 53
-11.349020004272461 2.4304487705230713 0.640361487865448 109 125 96
-14.113701820373535 2.492333173751831 0.6543248295783997 89 104 81
-5.890730857849121 1.7196235656738281 0.23252646625041962 139 147 126
-5.984213352203369 1.5130823850631714 0.17435529828071594 96 116 107
-7.218296051025391 1.549391746520996 0.1380172073841095 112 121 102
-7.900611877441406 1.399858832359314 0.07282251864671707 136 146 111
-8.384355545043945 2.453598737716675 0.011587865650653839 93 92 71
-9.152359962463379 2.319403648376465 -0.07778188586235046 80 76 73
-7.094409465789795 1.5268155336380005 -0.12945601344108582 95 103 90
-8.311914443969727 1.475278615951538 -0.23167283833026886 125 129 102
-6.795865535736084 1.9913185834884644 -0.2495226114988327 111 115 101
-8.596475601196289 2.182203531265259 -0.39685046672821045 86 96 61
-7.872972011566162 1.698542833328247 -0.43774598836898804 77 92 53
-7.825719833374023 1.3929293155670166 -0.509005606174469 87 112 21
-7.255248069763184 2.1303272247314453 -0.5428140163421631 83 91 68
-8.278682708740234 2.107069969177246 -0.6969276070594788 77 123 58
-7.172119617462158 1.5499588251113892 -0.6676528453826904 86 115 59
-7.29744815826416 1.300345778465271 -0.7475654482841492 49 92 13
-6.515964984893799 1.9162198305130005 -0.7392741441726685 77 118 58
-6.488215446472168 1.6554648876190186 -0.7940740585327148 66 113 32
-6.192522048950195 1.3413138389587402 -0.8124628663063049 165 169 30
-6.443742275238037 1.1517037153244019 -0.904120922088623 76 113 69
-5.634862899780273 1.6614865064620972 -0.8577605485916138 85 124 43
-5.5840349197387695 1.4271514415740967 -0.89759761095047 82 131 50
-5.373043537139893 1.1660711765289307 -0.9105035662651062 64 109 18
-5.348755836486816 0.956379771232605 -0.9557411074638367 72 104 57
-4.6744914054870605 1.384522557258606 -0.8967054486274719 101 156 55
-4.7010297775268555 1.2041856050491333 -0.9399506449699402 75 112 68
-4.765259742736816 1.036520004272461 -0.9942119717597961 88 130 80
-4.7510600090026855 0.8500227928161621 -1.0339192152023315 101 137 73
-4.391458511352539 1.3034436702728271 -1.019989013671875 66 109 27
-4.3081955909729 1.1070858240127563 -1.035038948059082 84 126 28
-10.771736145019531 2.737748861312866 1.9559342861175537 97 94 79
-12.860443115234375 2.7712178230285645 2.185922145843506 87 104 86
-7.182746887207031 1.277421236038208 1.1400896310806274 93 107 84
-8.449533462524414 2.4849700927734375 1.308255910873413 143 174 168
-11.556797981262207 2.9447975158691406 1.6523346900939941 135 172 141
-17.9009952545166 3.870454788208008 2.3594815731048584 124 143 157
-7.25323486328125 1.2947899103164673 0.8777859210968018 86 98 84
-16.29953956604004 4.8010406494140625 1.8927360773086548 59 71 59
-6.833578109741211 1.7449535131454468 0.7150340676307678 111 136 107
-11.31618881225586 2.453754186630249 1.064587116241455 115 132 100
-7.437011241912842 1.3328202962875366 0.6213077306747437 75 96 91
-8.024352073669434 2.3657097816467285 0.6233022809028625 84 94 57
-11.84717082977295 3.0291390419006348 0.7933400273323059 121 145 113
-7.667032241821289 1.6665501594543457 0.4328940510749817 76 90 73
-7.159671783447266 1.2869865894317627 0.33211079239845276 84 91 73
-5.909387111663818 1.7447621822357178 0.23347307741641998 103 120 84
-8.669610977172852 2.2203941345214844 0.2527939975261688 80 104 78
-7.198854923248291 1.5683374404907227 0.13773684203624725 101 120 90
-7.922850608825684 1.4288830757141113 0.0730675607919693 129 147 107
-6.622994899749756 1.9602330923080444 0.009161789901554585 135 150 111
-8.812982559204102 2.262194871902466 -0.07495629787445068 78 82 65
-7.124856948852539 1.5562546253204346 -0.1300981193780899 90 110 98
-8.057488441467285 1.455633521080017 -0.2247048020362854 100 105 83
-6.805055141448975 2.0167019367218018 -0.2500860095024109 79 86 78
-8.569421768188477 2.2033426761627197 -0.3959117829799652 80 91 51
-9.619575500488281 2.1062679290771484 -0.5352158546447754 73 110 43
-8.471475601196289 1.534698247909546 -0.5513109564781189 100 128 69
-7.168360233306885 2.1287245750427246 -0.536799430847168 78 101 57
-6.228987216949463 1.6057506799697876 -0.5247895121574402 75 107 68
-7.772389888763428 1.7046582698822021 -0.724015474319458 62 102 16
-7.255244255065918 1.3158035278320312 -0.7436519861221313 94 123 75
-6.213711261749268 1.848063588142395 -0.705621600151062 91 107 80
-6.328310966491699 1.635360598564148 -0.7751142382621765 94 122 71
-6.189346790313721 1.3605188131332397 -0.8125900626182556 102 137 43
-6.174111843109131 1.1230698823928833 -0.866768479347229 53 93 0
-5.588016033172607 1.6663246154785156 -0.851403534412384 78 126 42
-5.445711612701416 1.409611701965332 -0.876054048538208 80 112 39
-5.45615291595459 1.2016472816467285 -0.9252074956893921 59 106 38
-5.419438362121582 0.9861857891082764 -0.9689070582389832 45 78 25
-4.778568267822266 1.4313099384307861 -0.9175085425376892 74 120 32
-4.663102626800537 1.2097272872924805 -0.9331048727035522 54 104 7
-4.5572991371154785 1.0059382915496826 -0.951462984085083 75 108 65
-4.7465057373046875 0.8642444610595703 -1.0335001945495605 115 157 85
-4.389308929443359 1.3174716234207153 -1.0204236507415771 61 118 49
-4.284041404724121 1.1149013042449951 -1.030052900314331 97 141 44
-7.141823768615723 1.8385134935379028 1.2978321313858032 109 132 104
-16.887849807739258 3.6933116912841797 2.8723831176757812 69 88 69
-7.182682991027832 1.300155520439148 1.14070725440979 112 120 97
-8.413427352905273 2.5024213790893555 1.303848147392273 168 208 216
-11.538117408752441 2.9777638912200928 1.6509623527526855 86 116 92
-7.553385257720947 1.6574244499206543 0.9962567687034607 118 153 147
-7.225780963897705 1.3127764463424683 0.8749467134475708 115 124 107
-16.31235694885254 4.859253406524658 1.8959466218948364 100 113 95
-6.8031487464904785 1.7594337463378906 0.7124115824699402 115 134 114
-11.195794105529785 2.4636354446411133 1.0539668798446655 59 69 44
-12.211662292480469 2.22719669342041 1.0207608938217163 131 159 101
-8.106889724731445 2.4171011447906494 0.6302865147590637 97 116 97
-11.975964546203613 3.1012442111968994 0.8025980591773987 102 114 94
-12.819857597351074 2.8278145790100098 0.7243180274963379 102 115 105
-7.909385681152344 1.4468151330947876 0.36709141731262207 73 70 61
-5.936561584472656 1.7726044654846191 0.23476047813892365 90 103 75
-6.133500099182129 1.5909322500228882 0.17898593842983246 74 88 88
-7.275038242340088 1.6083292961120605 0.13928821682929993 98 118 83
-7.756146430969238 1.423401117324829 0.07157008349895477 123 132 103
-7.795296669006348 2.333238363265991 0.010793322697281837 101 106 76
-6.1435866355896 1.5970968008041382 -0.05229394510388374 89 98 77
-7.081002712249756 1.5694518089294434 -0.12938466668128967 120 119 99
-7.811130046844482 1.4358874559402466 -0.21795624494552612 73 79 77
-5.950656890869141 1.7833759784698486 -0.21888688206672668 84 104 76
-12.38520336151123 3.2249858379364014 -0.5726573467254639 91 120 53
-6.964649677276611 1.5473617315292358 -0.3877628743648529 86 95 78
-8.485374450683594 1.5641183853149414 -0.5525251626968384 97 136 89
-5.718355178833008 1.7172377109527588 -0.4286089539527893 102 120 98
-6.356149673461914 1.6593443155288696 -0.535929262638092 76 105 59
-7.596033573150635 1.6904211044311523 -0.7080672383308411 89 119 65
-7.213992595672607 1.3311952352523804 -0.7398388981819153 105 117 95
-6.325108528137207 1.9023361206054688 -0.7189311385154724 68 104 32
-6.792080879211426 1.7774549722671509 -0.832582414150238 58 91 44
-6.486220359802246 1.446651577949524 -0.8521448373794556 85 126 47
-6.234924793243408 1.1539043188095093 -0.875798761844635 79 116 36
-5.638772964477539 1.7003151178359985 -0.8599276542663574 79 133 39
-5.443273067474365 1.4268133640289307 -0.8763617873191833 103 143 55
-5.401411533355713 1.2069779634475708 -0.916548490524292 51 82 25
-5.399923801422119 0.9997596740722656 -0.9659619927406311 76 113 36
-4.745916366577148 1.4374110698699951 -0.9120817184448242 64 98 22
-4.753373146057129 1.2487229108810425 -0.9519305229187012 81 126 61
-4.775064945220947 1.0693799257278442 -0.997607946395874 86 101 68
-4.734217643737793 0.8770213723182678 -1.0314055681228638 85 124 59
-4.374037742614746 1.327529788017273 -1.0178154706954956 54 107 27
-4.266473770141602 1.1243164539337158 -1.0266534090042114 100 167 51
-3.9480338096618652 0.8862643837928772 -0.9830870032310486 84 117 64
-14.222195625305176 4.274423122406006 2.76581072807312 118 159 177
-8.442728042602539 2.2010445594787598 1.5354560613632202 93 110 140
-11.213722229003906 2.488473653793335 1.9085842370986938 96 97 91
-8.974296569824219 1.652910828590393 1.426038384437561 84 91 73
-8.423707008361816 2.533634901046753 1.3066397905349731 51 52 82
-8.404712677001953 2.196617841720581 1.2035694122314453 91 108 128
-17.887557983398438 3.982591390609741 2.360887050628662 133 160 141
-7.188520431518555 1.3288018703460693 0.8709245324134827 96 114 90
-13.000021934509277 3.9160115718841553 1.512351155281067 77 102 80
-6.7486348152160645 1.767442226409912 0.7072674632072449 74 86 64
-13.197041511535645 2.9464874267578125 1.2432085275650024 92 105 77
-12.028388023376465 2.231922149658203 1.0060087442398071 103 117 91
-8.105164527893066 2.44368839263916 0.6307322978973389 101 114 86
-6.332140922546387 1.6604899168014526 0.42470303177833557 100 121 102
-7.548506259918213 1.6893573999404907 0.4267790913581848 104 135 103
-14.12453842163086 2.628523349761963 0.6559211015701294 80 89 70
-5.7837748527526855 1.7463278770446777 0.228929340839386 108 124 98
-6.1836981773376465 1.624216914176941 0.18059538304805756 96 101 69
-9.729523658752441 2.1822845935821533 0.18640922009944916 114 130 103
-7.247476577758789 1.3530473709106445 0.06691430509090424 99 113 88
-5.924585342407227 1.793131947517395 0.008210724219679832 82 86 59
-8.237096786499023 2.1683294773101807 -0.07017010450363159 79 80 84
-7.161021709442139 1.6102521419525146 -0.1309364289045334 104 117 91
-7.807671070098877 1.4600287675857544 -0.2179836928844452 102 115 85
-5.950896263122559 1.8033629655838013 -0.21909816563129425 103 110 77
-8.557672500610352 2.2563915252685547 -0.3960011601448059 118 133 100
-7.019289016723633 1.5821144580841064 -0.3910733759403229 107 118 101
-8.32850170135498 1.5616365671157837 -0.5426198244094849 70 78 57
-6.108182907104492 1.8547526597976685 -0.4582521319389343 91 115 99
-7.640314102172852 2.0196478366851807 -0.6447251439094543 69 102 23
-7.092463493347168 1.6012094020843506 -0.6615815758705139 74 83 56
-7.250945568084717 1.3610303401947021 -0.7440534234046936 66 89 33
-6.39152717590332 1.9437147378921509 -0.7271549105644226 98 129 69
-6.339275360107422 1.6797553300857544 -0.7777049541473389 85 122 79
-6.354051113128662 1.4376511573791504 -0.8353562951087952 53 115 30
-6.439683437347412 1.2122442722320557 -0.905078649520874 81 105 55
-5.613653659820557 1.711546540260315 -0.8568936586380005 48 95 15
-5.421679496765137 1.438943862915039 -0.8735918998718262 95 125 35
-5.4198126792907715 1.228559970855713 -0.9203062057495117 73 104 47
-5.3629560470581055 1.0099424123764038 -0.9598987698554993 73 109 47
-4.730199337005615 1.448508858680725 -0.9099109172821045 61 117 10
-4.702081680297852 1.2506823539733887 -0.9424226880073547 86 132 42
-4.709654331207275 1.0699152946472168 -0.9846234321594238 88 141 37
-4.730543613433838 0.8913605809211731 -1.031196117401123 68 111 39
-4.365278720855713 1.3395112752914429 -1.0167288780212402 70 115 46
-4.181131839752197 1.1155563592910767 -1.0069363117218018 90 140 51
-3.9689834117889404 0.9037662744522095 -0.9889893531799316 120 169 88
-19.04192352294922 5.786728858947754 3.706545114517212 103 143 153
-17.859350204467773 4.714548587799072 3.2506465911865234 93 120 129
-11.260890007019043 2.535214900970459 1.9179270267486572 89 138 178
-13.215852737426758 2.4760773181915283 2.101229667663574 75 89 115
-8.16321849822998 2.482621908187866 1.2674096822738647 110 128 104
-12.7156400680542 3.365011692047119 1.8223713636398315 62 78 68
-7.613696098327637 1.7196913957595825 1.0055842399597168 75 89 56
-7.074135780334473 1.3301153182983398 0.8575566411018372 73 81 70
-8.050796508789062 2.4521164894104004 0.9374562501907349 127 162 156
-12.32948112487793 3.269498348236084 1.293194055557251 116 135 115
-14.446616172790527 3.2720417976379395 1.361862301826477 75 86 82
-12.132149696350098 2.2897002696990967 1.0152697563171387 106 137 119
-5.808277130126953 1.7706395387649536 0.4524123966693878 106 118 96
-8.131567001342773 2.159041404724121 0.5458340048789978 68 80 32
-6.982434272766113 1.5851807594299316 0.39504751563072205 59 67 52
-7.644179344177246 1.4468311071395874 0.3551879823207855 94 95 81
-5.816619396209717 1.7757349014282227 0.23044392466545105 69 70 56
-6.242443561553955 1.6601364612579346 0.18245893716812134 109 121 101
-9.365964889526367 2.130941152572632 0.17956817150115967 94 106 68
-7.495770454406738 1.4232139587402344 0.06924673914909363 79 84 64
-6.564510822296143 2.0088164806365967 0.009106078185141087 113 128 99
-11.755236625671387 3.13303804397583 -0.10022182017564774 114 117 100
-7.134602069854736 1.6273226737976074 -0.1305440217256546 72 80 69
-7.814938545227051 1.4862165451049805 -0.21831288933753967 95 98 71
-6.94291353225708 2.127262830734253 -0.2558610439300537 77 78 46
-7.887617111206055 2.105621099472046 -0.365291953086853 67 92 71
-7.135105133056641 1.6312371492385864 -0.3978029191493988 82 80 57
-7.903125762939453 1.50698983669281 -0.5152044296264648 93 119 80
-5.551335334777832 1.70428466796875 -0.416866272687912 85 100 67
-7.157493591308594 1.915531039237976 -0.6044755578041077 111 134 108
-7.310792446136475 1.674088716506958 -0.6824230551719666 108 107 89
-7.122618198394775 1.3595776557922363 -0.7313096523284912 132 140 39
-5.743179798126221 1.7658144235610962 -0.6540065407752991 96 115 83
-6.4434332847595215 1.7285281419754028 -0.7911299467086792 72 110 35
-6.524592399597168 1.4972939491271973 -0.8583769798278809 78 132 54
-6.429123878479004 1.2306915521621704 -0.904120922088623 78 108 48
-5.702936172485352 1.757908821105957 -0.871341347694397 75 96 31
-5.395291805267334 1.4496735334396362 -0.8700526356697083 63 115 43
-5.481398582458496 1.2602133750915527 -0.931415855884552 69 108 27
-5.3733744621276855 1.0289841890335083 -0.9623240828514099 57 84 29
-4.768950462341309 1.4763935804367065 -0.9182322025299072 61 104 48
-4.678314685821533 1.2597416639328003 -0.9384293556213379 46 109 56
-4.685343265533447 1.0795193910598755 -0.9802286624908447 66 104 47
-4.715301990509033 0.9034773707389832 -1.0284730195999146 77 98 55
-4.355555057525635 1.351162314414978 -1.0154248476028442 93 139 77
-4.161705017089844 1.124061107635498 -1.0030834674835205 91 138 36
-3.892340660095215 0.8988837599754333 -0.970574140548706 76 107 31
-7.10461950302124 1.8988269567489624 1.2941924333572388 44 54 46
-8.827608108520508 2.0158743858337402 1.5045427083969116 119 134 115
-7.75274133682251 1.4771616458892822 1.2333472967147827 78 101 91
-8.136653900146484 2.501840353012085 1.2644710540771484 130 163 118
-6.704250335693359 1.7962102890014648 0.9616203308105469 98 142 151
-7.636420249938965 1.7494646310806274 1.0092897415161133 135 161 134
-7.1129350662231445 1.3600174188613892 0.8627617955207825 133 150 140
-16.959375381469727 5.222407341003418 1.9766511917114258 98 117 89
-27.553119659423828 7.397012233734131 2.8923122882843018 78 83 61
-11.504563331604004 2.642822742462158 1.0852782726287842 127 152 133
-7.017818927764893 1.3467830419540405 0.5876238942146301 99 113 96
-5.7999587059021 1.7875696420669556 0.45218950510025024 74 84 75
-11.963297843933105 3.215740442276001 0.8036986589431763 70 72 58
-6.939589977264404 1.5978574752807617 0.3928990066051483 70 86 60
-7.221816062927246 1.3898528814315796 0.33575934171676636 74 76 75
-6.243685722351074 1.9270728826522827 0.24759657680988312 64 77 70
-6.310678482055664 1.6990301609039307 0.18460483849048615 78 77 75
-9.35743522644043 2.1592159271240234 0.1795307844877243 97 99 86
-7.4923505783081055 1.4463934898376465 0.06925581395626068 101 114 97
-12.759342193603516 3.9473578929901123 0.017716065049171448 132 137 115
-6.176898956298828 1.6665974855422974 -0.05270583555102348 93 105 83
-7.1003522872924805 1.6424437761306763 -0.13000893592834473 119 121 100
-9.10486888885498 1.7604913711547852 -0.2544972002506256 126 130 103
-6.687195301055908 2.071375846862793 -0.24667030572891235 103 107 84
-6.180873870849609 1.6703319549560547 -0.28648510575294495 62 74 52
-7.217612266540527 1.673417329788208 -0.40268728137016296 81 85 71
-7.873972415924072 1.5264809131622314 -0.51360684633255 80 88 67
-6.747318267822266 2.094129800796509 -0.507156252861023 67 82 61
-6.6705780029296875 1.80716872215271 -0.563819408416748 90 121 79
-7.144589900970459 1.659115195274353 -0.6673809885978699 86 100 77
-7.187760829925537 1.394881010055542 -0.7384340763092041 77 116 51
-6.384227275848389 1.984371304512024 -0.7276959419250488 43 74 0
-6.537766933441162 1.7753530740737915 -0.8033772706985474 74 115 39
-6.3306193351745605 1.473239541053772 -0.8334485292434692 110 150 79
-6.266823768615723 1.2195661067962646 -0.8818188905715942 70 97 56
-5.695627212524414 1.7748081684112549 -0.8710524439811707 66 111 20
-5.520488739013672 1.501487374305725 -0.8909806609153748 91 138 58
-5.51497745513916 1.2857601642608643 -0.9377875924110413 61 92 32
-5.364391803741455 1.0443354845046997 -0.9612846374511719 91 134 88
-4.766275882720947 1.4916050434112549 -0.9185939431190491 91 133 57
-4.66211462020874 1.2707322835922241 -0.9359573125839233 46 85 22
-4.740212440490723 1.1074870824813843 -0.9924141764640808 77 104 51
-4.740341663360596 0.92336106300354 -1.0345475673675537 71 106 52
-4.348595142364502 1.3636423349380493 -1.0147727727890015 66 115 34
-4.3047990798950195 1.176892638206482 -1.0384384393692017 93 144 51
-3.8668575286865234 0.9055037498474121 -0.9649080038070679 78 126 24
-15.08542537689209 4.685673713684082 2.9419467449188232 118 148 122
-6.767922401428223 1.8311042785644531 1.2338764667510986 56 67 37
-8.807926177978516 2.0398313999176025 1.5022478103637695 116 150 175
-13.165492057800293 2.5503575801849365 2.0956714153289795 126 153 136
-8.216785430908203 2.5540971755981445 1.2781355381011963 113 155 177
-6.696795463562012 1.816251516342163 0.9613458514213562 85 97 77
-13.717281341552734 3.186882972717285 1.8142682313919067 112 143 127
-7.774472236633301 1.5112439393997192 0.9435607194900513 115 128 108
-15.292122840881348 4.76041316986084 1.7840231657028198 89 101 91
-7.991706848144531 2.17179012298584 0.8396027088165283 68 77 74
-11.351897239685059 2.6444432735443115 1.0716367959976196 60 84 71
-7.1828813552856445 1.4013220071792603 0.6018022298812866 112 119 103
-7.434906005859375 2.316467046737671 0.5802083015441895 106 124 110
-11.958189964294434 3.2537384033203125 0.8040223717689514 89 110 93
-6.885066509246826 1.6075620651245117 0.3900894522666931 84 93 72
-7.111637115478516 1.3912885189056396 0.33083376288414 124 144 133
-6.229158878326416 1.9435404539108276 0.24725578725337982 94 105 97
-6.608266830444336 1.800911784172058 0.19347085058689117 39 45 43
-7.000662326812744 1.638031244277954 0.13440978527069092 102 121 91
-7.621326923370361 1.4955600500106812 0.07049009203910828 111 112 78
-6.288642883300781 1.9666775465011597 0.008739978075027466 93 91 70
-6.719671726226807 1.8351786136627197 -0.05738494172692299 134 146 110
-7.090412616729736 1.6630780696868896 -0.12991975247859955 125 132 114
-7.825289249420166 1.53799569606781 -0.21886155009269714 70 76 48
-5.494381427764893 1.7203900814056396 -0.20286476612091064 102 122 110
-6.169938564300537 1.6877052783966064 -0.2862169146537781 78 81 54
-7.227996349334717 1.6992088556289673 -0.40355557203292847 82 84 71
-8.184531211853027 1.6127562522888184 -0.5341842770576477 92 128 64
-6.177457809448242 1.9380627870559692 -0.4647679030895233 88 111 59
-6.188243865966797 1.696892261505127 -0.5234885215759277 93 111 71
-7.302321910858154 1.7193719148635864 -0.6826043128967285 74 97 77
-6.772490978240967 1.3358653783798218 -0.6961891055107117 84 117 64
-6.362934589385986 1.9991806745529175 -0.7259646058082581 95 106 74
-6.459517002105713 1.7754006385803223 -0.7944273352622986 80 116 29
-6.2218098640441895 1.468054175376892 -0.8197124600410461 78 125 44
-5.947227954864502 1.1763187646865845 -0.8373516798019409 126 152 87
-5.634471416473389 1.7747344970703125 -0.8625282645225525 100 151 92
-5.437738418579102 1.4969124794006348 -0.878362238407135 80 133 29
-5.59549617767334 1.3226450681686401 -0.9521647691726685 59 99 29
-5.272276878356934 1.0432008504867554 -0.9453469514846802 48 71 42
-4.742922782897949 1.5002883672714233 -0.9149760007858276 69 118 39
-4.674282550811768 1.2894678115844727 -0.9391899704933167 64 120 33
-4.724397659301758 1.1190886497497559 -0.9898172616958618 102 149 69
-4.777772903442383 0.9458755850791931 -1.0433450937271118 81 121 58
-4.359278678894043 1.3816959857940674 -1.0182502269744873 88 118 56
-4.315248966217041 1.1939899921417236 -1.0418379306793213 43 94 25
-3.8962066173553467 0.9249944090843201 -0.972935140132904 81 125 38
-6.701479434967041 1.835211157798767 1.2227839231491089 76 111 104
-7.166147232055664 1.6827924251556396 1.2231067419052124 116 159 194
-16.182119369506836 3.1862642765045166 2.577399253845215 100 146 179
-8.221179008483887 2.583148717880249 1.2800456285476685 112 129 95
-6.672087669372559 1.831544280052185 0.9586011171340942 78 82 57
-7.711461067199707 1.8165271282196045 1.0206615924835205 109 127 101
-8.202320098876953 1.620542287826538 0.9960858821868896 112 129 95
-15.22435474395752 4.790600299835205 1.7778234481811523 81 99 73
-6.085641384124756 1.6738725900650024 0.6398894190788269 116 143 150
-7.2142438888549805 1.7039209604263306 0.6815261840820312 96 105 78
-7.19419002532959 1.4264534711837769 0.6031135320663452 105 117 93
-16.086355209350586 5.066163539886475 1.2565608024597168 94 92 77
-5.956277370452881 1.640303611755371 0.400813490152359 101 109 94
-6.837350368499756 1.6185572147369385 0.3876654803752899 118 132 99
-7.059326171875 1.403554916381836 0.3285990357398987 102 112 77
-6.1898112297058105 1.9521225690841675 0.2459305375814438 96 103 61
-6.1353559494018555 1.6922701597213745 0.17977653443813324 108 111 92
-6.99657678604126 1.6597319841384888 0.134428471326828 105 115 88
-6.986145496368408 1.393188238143921 0.06465449184179306 72 86 71
-6.76314115524292 2.1378700733184814 0.009408509358763695 86 100 65
-6.1212568283081055 1.6919457912445068 -0.05231865867972374 75 74 54
-7.067768096923828 1.6806597709655762 -0.1295986920595169 91 104 86
-8.270474433898926 1.6518627405166626 -0.23145335912704468 96 100 75
-6.869684219360352 2.174186944961548 -0.2538890838623047 103 125 102
-5.870118618011475 1.6250665187835693 -0.27253857254981995 98 101 72
-7.209150791168213 1.718135118484497 -0.40279579162597656 91 92 74
-8.0396146774292 1.6098392009735107 -0.5250458717346191 95 108 78
-6.461469650268555 2.048961877822876 -0.48660650849342346 82 94 70
-5.910257339477539 1.6401772499084473 -0.5003958344459534 66 94 54
-7.213706970214844 1.7218822240829468 -0.6748114228248596 92 97 75
-7.132240295410156 1.4295722246170044 -0.7336176037788391 61 88 19
-6.170113563537598 1.9594165086746216 -0.7046477198600769 78 121 39
-6.504745960235596 1.8093138933181763 -0.8006687164306641 83 124 45
-6.244287490844727 1.4935964345932007 -0.8232736587524414 92 132 44
-6.27476167678833 1.261118769645691 -0.8840080499649048 53 103 18
-5.639371871948242 1.7953144311904907 -0.8641175627708435 64 109 8
-5.356021404266357 1.4921095371246338 -0.8658977746963501 70 112 38
-5.516578674316406 1.3218742609024048 -0.9394214153289795 64 104 41
-5.326984882354736 1.0710188150405884 -0.9557411074638367 55 88 43
-4.737360954284668 1.5145329236984253 -0.9147951006889343 64 108 45
-4.670304298400879 1.303802251815796 -0.9391899704933167 58 104 31
-4.712366580963135 1.1315186023712158 -0.9880193471908569 82 136 60
-4.7432146072387695 0.9541654586791992 -1.0364327430725098 65 114 48
-4.28902006149292 1.3739216327667236 -1.0028189420700073 96 141 46
-4.300310134887695 1.2040719985961914 -1.0391182899475098 110 162 90
-14.051126480102539 2.798217296600342 2.7838571071624756 98 105 72
-6.693919658660889 1.855236291885376 1.2224372625350952 111 132 113
-7.167668342590332 1.706369161605835 1.2242541313171387 108 164 179
-18.067251205444336 3.615060806274414 2.8794057369232178 87 106 120
-8.184932708740234 2.599376678466797 1.2756377458572388 80 81 75
-7.925282955169678 2.201725721359253 1.1396169662475586 63 71 56
-7.7203216552734375 1.8436325788497925 1.022578239440918 77 92 61
-12.19568920135498 2.4484169483184814 1.481943964958191 69 89 88
-15.14139461517334 4.8155975341796875 1.7698527574539185 107 128 89
-5.916580677032471 1.6469135284423828 0.6226415038108826 94 111 92
-7.139255523681641 1.7093511819839478 0.6749343276023865 93 114 97
-7.078401565551758 1.4260789155960083 0.5937705636024475 92 106 89
-16.068836212158203 5.114887237548828 1.2564122676849365 97 120 92
-12.555135726928711 3.4990429878234863 0.8455862998962402 127 141 108
-6.83429479598999 1.639992356300354 0.3877756893634796 101 120 92
-7.2596354484558105 1.4665478467941284 0.338130921125412 105 116 99
-6.156182289123535 1.9623024463653564 0.24483244121074677 120 134 108
-6.111842632293701 1.7059792280197144 0.17924007773399353 72 76 59
-6.938957691192627 1.6685664653778076 0.13341914117336273 113 125 101
-7.657088756561279 1.5514296293258667 0.07090757042169571 92 97 77
-6.761313438415527 2.160130739212036 0.009415141306817532 99 113 90
-9.578035354614258 2.6790735721588135 -0.08193376660346985 59 61 47
-7.098543167114258 1.7110041379928589 -0.13025864958763123 75 88 62
-7.070186614990234 1.434699296951294 -0.19798493385314941 120 123 104
-6.8734517097473145 2.198601484298706 -0.25427642464637756 102 112 111
-9.241605758666992 2.5889711380004883 -0.4294371008872986 76 91 52
-7.216463565826416 1.7432925701141357 -0.40350133180618286 83 79 50
-8.329972267150879 1.6945768594741821 -0.5443452596664429 83 119 45
-6.478899002075195 2.076385974884033 -0.4883965253829956 104 114 87
-6.322610855102539 1.7755202054977417 -0.5357666611671448 75 88 62
-6.280117511749268 1.5194182395935059 -0.5879114270210266 98 107 88
-7.179492950439453 1.461969017982483 -0.7389358282089233 70 106 44
-6.331616401672363 2.032109260559082 -0.7238004207611084 50 86 12
-6.468575477600098 1.8206521272659302 -0.7969003319740295 83 127 50
-6.41993522644043 1.5564485788345337 -0.8470574021339417 46 96 33
-6.21748161315918 1.269464135169983 -0.8764827847480774 76 115 34
-5.669631004333496 1.824123501777649 -0.8696076273918152 71 120 28
-5.39040994644165 1.5195261240005493 -0.8722069263458252 65 112 8
-5.452099323272705 1.3241240978240967 -0.9291285872459412 87 137 68
-5.275426387786865 1.0775022506713867 -0.9470793604850769 81 120 37
-4.644720554351807 1.5006375312805176 -0.8977908492088318 71 110 45
-4.666282653808594 1.3181244134902954 -0.9391899704933167 74 106 33
-4.656510353088379 1.1332273483276367 -0.977032482624054 81 121 61
-4.769004821777344 0.9745862483978271 -1.0427166223526 62 98 52
-4.220707893371582 1.3663307428359985 -0.9878222346305847 78 124 25
-4.152283191680908 1.1763745546340942 -1.0042166709899902 88 146 70
-3.898953914642334 0.9509559273719788 -0.9750599265098572 61 97 49
-6.690093040466309 1.876296043395996 1.2227839231491089 74 87 59
-8.189435005187988 1.9761840105056763 1.3998031616210938 110 143 122
-7.029176235198975 1.428904414176941 1.1209440231323242 92 122 96
-15.230242729187012 4.888319969177246 2.3759891986846924 115 135 107
-7.926118850708008 2.2281739711761475 1.1407147645950317 105 117 95
-7.396520137786865 1.7903118133544922 0.9804127216339111 84 116 113
-12.241632461547852 2.4967355728149414 1.488450527191162 110 133 117
-14.953398704528809 4.806373596191406 1.7495936155319214 79 102 84
-8.053736686706543 2.268449068069458 0.84827721118927 99 114 93
-12.258016586303711 2.9747281074523926 1.159711480140686 60 63 32
-11.817327499389648 2.4185760021209717 0.9919123649597168 116 130 105
-6.026308536529541 1.9386218786239624 0.47165611386299133 94 99 79
-7.739246845245361 2.182492971420288 0.5216855406761169 97 113 102
-6.877740859985352 1.6727501153945923 0.39053013920783997 99 125 114
-7.259016036987305 1.4896163940429688 0.33831334114074707 114 125 109
-7.905955791473389 2.5467939376831055 0.3147304952144623 74 84 57
-6.1768035888671875 1.7445557117462158 0.1813012808561325 61 63 24
-6.932834625244141 1.6896103620529175 0.13340044021606445 107 124 88
-7.432900428771973 1.5297609567642212 0.06887463480234146 99 112 86
-6.0095295906066895 1.9402868747711182 0.008376531302928925 63 66 59
-11.401748657226562 3.2269339561462402 -0.09761865437030792 106 118 94
-9.409764289855957 2.2986602783203125 -0.1727982759475708 42 45 28
-9.658256530761719 1.9907474517822266 -0.2706278860569 96 116 104
-5.659942626953125 1.829598069190979 -0.20959053933620453 77 83 69
-6.552053928375244 1.8572098016738892 -0.3047228753566742 91 103 81
-9.4738187789917 2.319389820098877 -0.530114471912384 83 106 62
-7.4363579750061035 1.536561369895935 -0.48625534772872925 83 98 69
-6.4193596839904785 2.07904314994812 -0.4843868613243103 89 117 66
-6.831018447875977 1.9409211874008179 -0.5793500542640686 70 95 65
-7.199136734008789 1.7651636600494385 -0.6744489669799805 72 103 69
-7.244151592254639 1.4982963800430298 -0.7460602521896362 64 98 38
-6.321569919586182 2.0502982139587402 -0.7233676314353943 68 111 39
-6.448633193969727 1.8364092111587524 -0.7951338887214661 57 90 33
-6.283166885375977 1.543715238571167 -0.8296329379081726 74 127 55
-6.215497970581055 1.2889355421066284 -0.876756489276886 76 106 56
-5.635777950286865 1.8323307037353516 -0.8652733564376831 82 127 24
-5.341063499450684 1.5233192443847656 -0.8649744987487793 82 123 53
-5.4585490226745605 1.3434381484985352 -0.930925726890564 67 118 15
-5.26630973815918 1.0924816131591797 -0.9460399746894836 60 96 48
-4.664403438568115 1.5228164196014404 -0.9024941921234131 66 106 46
-4.644281387329102 1.3273082971572876 -0.9355769753456116 76 105 21
-4.642546653747559 1.1449271440505981 -0.9748350977897644 93 143 46
-4.685569763183594 0.9725205302238464 -1.0251215696334839 49 67 27
-4.2183518409729 1.3798803091049194 -0.9882569909095764 61 95 34
-4.321866035461426 1.2387547492980957 -1.0461440086364746 98 153 62
-12.982442855834961 4.207834243774414 2.5417041778564453 98 134 148
-6.827370643615723 1.9374101161956787 1.248955488204956 94 112 96
-7.31517219543457 1.788983702659607 1.251299500465393 95 111 111
-6.957027912139893 1.436477780342102 1.1101361513137817 68 87 85
-8.094498634338379 2.6254405975341797 1.2640303373336792 95 124 132
-12.62010669708252 3.589552164077759 1.8178426027297974 123 144 127
-7.328381538391113 1.7976372241973877 0.9721073508262634 51 70 68
-10.405925750732422 2.155608892440796 1.2660465240478516 118 141 131
-14.83933162689209 4.8199896812438965 1.7379695177078247 71 99 85
-19.106460571289062 5.4449286460876465 2.014179229736328 97 103 75
-7.378116130828857 1.8144793510437012 0.6985552310943604 104 123 103
-12.458744049072266 2.5896999835968018 1.0464130640029907 116 139 110
-12.437088966369629 4.043072700500488 0.9743695259094238 127 145 119
-7.766100883483887 2.215808868408203 0.5239514708518982 117 134 82
-6.176496505737305 1.5222842693328857 0.35097581148147583 83 94 78
-7.258323669433594 1.512695074081421 0.33849579095840454 120 130 119
-7.900955677032471 2.571964979171753 0.3148441016674042 99 114 95
-6.568368911743164 1.8769261837005615 0.19296260178089142 74 68 36
-6.222917079925537 1.5368361473083496 0.11983048915863037 74 87 80
-7.188364505767822 1.5024354457855225 0.0666511207818985 104 116 96
-6.121432781219482 1.9971754550933838 0.008541010320186615 120 138 112
-6.805275917053223 1.9486061334609985 -0.05831582099199295 103 114 110
-6.7220139503479 1.6639543771743774 -0.12353435158729553 67 68 60
-7.908560752868652 1.6554124355316162 -0.22174201905727386 104 105 73
-5.6657023429870605 1.8506776094436646 -0.21001310646533966 104 134 106
-13.016786575317383 3.732849359512329 -0.6059144139289856 102 127 88
-6.804403305053711 1.6880043745040894 -0.381033331155777 92 102 65
-8.021527290344238 1.6831507682800293 -0.5248541235923767 97 123 78
-6.322895050048828 2.0692555904388428 -0.47758468985557556 73 90 46
-6.390145301818848 1.8368604183197021 -0.5424342751502991 76 91 60
-6.944329738616943 1.725290060043335 -0.651070237159729 71 93 54
-7.101253986358643 1.491473913192749 -0.7318113446235657 69 85 49
-6.25856876373291 2.0511066913604736 -0.7168751955032349 49 100 25
-6.391440391540527 1.8413395881652832 -0.7887747287750244 125 138 110
-6.173488616943359 1.5368669033050537 -0.8157697319984436 90 140 41
-6.187280654907227 1.3028953075408936 -0.8733358979225159 88 123 43
-5.654572010040283 1.8576421737670898 -0.8690297603607178 82 124 40
-5.373390197753906 1.550381064414978 -0.870975911617279 76 111 19
-5.273481845855713 1.3150619268417358 -0.9000473618507385 69 110 14
-5.3120832443237305 1.11898672580719 -0.9548748731613159 99 143 68
-4.686795234680176 1.5460543632507324 -0.9077401757240295 73 109 35
-4.63735818862915 1.3407325744628906 -0.9350064992904663 85 130 45
-4.632358074188232 1.1575021743774414 -0.9734367728233337 93 137 58
-4.590712070465088 0.9675324559211731 -1.0050129890441895 73 112 49
-4.235414505004883 1.3998606204986572 -0.9932557940483093 78 108 22
-4.259112358093262 1.2349207401275635 -1.0318660736083984 114 129 70
-3.9156687259674072 0.9805266261100769 -0.9807261228561401 118 171 67
-13.153522491455078 4.30792236328125 2.5777735710144043 103 125 139
-7.973440170288086 2.2890865802764893 1.4598878622055054 108 126 110
-11.020967483520508 2.731126546859741 1.886620044708252 69 93 103
-6.999002933502197 1.467547059059143 1.1175472736358643 102 122 87
-8.092985153198242 2.6524181365966797 1.2650588750839233 94 128 138
-7.915153503417969 2.277587652206421 1.1411265134811401 107 120 103
-11.785062789916992 2.929212808609009 1.564469337463379 75 99 73
-11.749943733215332 2.471644163131714 1.4304835796356201 102 127 123
-12.837679862976074 4.213413715362549 1.5050445795059204 45 56 42
-12.785076141357422 3.6859171390533447 1.3489724397659302 77 94 62
-7.3618855476379395 1.8344579935073853 0.6975481510162354 117 142 112
-12.46439266204834 2.6307921409606934 1.047560453414917 88 108 81
-7.776523590087891 2.244605779647827 0.5251167416572571 97 110 84
-11.365174293518066 2.838120698928833 0.6463111639022827 147 170 114
-7.6523942947387695 1.6193352937698364 0.35710346698760986 115 140 118
-7.875940799713135 2.5905723571777344 0.3141625225543976 111 125 99
-6.110286235809326 1.7663227319717407 0.17966359853744507 137 153 124
-6.1405792236328125 1.5365049839019775 0.11833517998456955 108 123 84
-7.212088108062744 1.5305018424987793 0.06691430509090424 104 115 109
-6.065891265869141 1.9996659755706787 0.008472035638988018 96 106 82
-8.926737785339355 2.5857186317443848 -0.07656268775463104 66 84 68
-6.082624435424805 1.525501012802124 -0.11186940222978592 63 85 64
-9.962661743164062 2.117299795150757 -0.27951619029045105 74 76 54
-6.372717380523682 2.1032800674438477 -0.2364584058523178 125 139 116
-9.562785148620605 2.7741177082061768 -0.4455292522907257 86 92 54
-6.009939670562744 1.5105055570602417 -0.3368028402328491 72 85 31
-8.905510902404785 1.897179365158081 -0.5830718874931335 59 97 38
-6.363866806030273 2.1043012142181396 -0.48116475343704224 79 109 57
-7.062070846557617 2.0534839630126953 -0.6000033617019653 80 112 49
-7.395809650421143 1.861567497253418 -0.6939312219619751 64 103 38
-6.909814357757568 1.473414421081543 -0.7125452756881714 74 118 41
-6.273952484130859 2.0774855613708496 -0.7193639278411865 72 108 20
-6.015848636627197 1.753139615058899 -0.7430827617645264 66 86 49
-6.288964748382568 1.5861201286315918 -0.831667959690094 83 125 51
-6.317904472351074 1.350657343864441 -0.8923541903495789 176 226 51
-5.626307010650635 1.8675000667572021 -0.8655623197555542 71 109 36
-5.366711616516113 1.5663055181503296 -0.8706681728363037 72 111 44
-5.320117473602295 1.3440418243408203 -0.9087063670158386 68 112 49
-5.295141696929932 1.1323951482772827 -0.95244961977005 72 103 25
-4.770669460296631 1.5899677276611328 -0.9249253869056702 52 106 20
-4.61249303817749 1.3488911390304565 -0.9308230876922607 86 124 49
-4.6230854988098145 1.1702659130096436 -0.9722381830215454 67 109 23
-4.594415187835693 0.9830440878868103 -1.006479263305664 82 116 66
-4.217212200164795 1.4082108736038208 -0.9899957180023193 80 131 54
-4.245022296905518 1.2449665069580078 -1.029373049736023 81 133 35
-13.890634536743164 4.596569538116455 2.7249808311462402 87 106 112
-14.05158519744873 4.080759048461914 2.5750389099121094 89 103 86
-8.340250015258789 2.0939927101135254 1.428815484046936 103 130 151
-13.97443962097168 2.9749398231506348 2.232778549194336 68 80 118
-8.113919258117676 2.6868739128112793 1.2696137428283691 136 161 142
-6.700273036956787 1.950283408164978 0.9668353796005249 44 45 47
-11.462480545043945 2.886401653289795 1.5228148698806763 77 84 50
-7.223867416381836 1.5427255630493164 0.8800336122512817 119 123 109
-14.724577903747559 4.882797718048096 1.7280060052871704 47 51 37
-12.76129150390625 3.7215030193328857 1.3476612567901611 101 113 93
-6.851260662078857 1.7295606136322021 0.6496654748916626 102 121 101
-14.320511817932129 3.0684750080108643 1.204342007637024 112 137 98
-5.969405174255371 1.9811255931854248 0.4686097800731659 98 115 96
-7.783011436462402 2.2723686695098877 0.5260231494903564 96 113 79
-12.780322074890137 3.233199119567871 0.7273479700088501 114 141 106
-7.68352746963501 1.650567889213562 0.35879093408584595 111 133 112
-6.046292781829834 2.009337902069092 0.24142464995384216 96 106 82
-5.7911057472229 1.6933246850967407 0.17043054103851318 115 130 107
-6.051518440246582 1.5339635610580444 0.11670903116464615 104 128 112
-7.23277473449707 1.558096170425415 0.06715027242898941 117 123 97
-10.104290008544922 3.3653576374053955 0.014126691967248917 102 116 91
-6.778796672821045 1.9861083030700684 -0.05819224938750267 91 103 63
-8.755415916442871 2.224400758743286 -0.16115115582942963 106 107 75
-7.159533500671387 1.5445414781570435 -0.2010025680065155 63 67 53
-5.613473892211914 1.8718132972717285 -0.20849892497062683 116 123 115
-6.521263122558594 1.913496732711792 -0.30409708619117737 86 90 75
-8.859864234924316 2.255711317062378 -0.49690085649490356 88 98 73
-9.717042922973633 2.1012485027313232 -0.6366245150566101 81 105 79
-6.503071308135986 2.1724863052368164 -0.49219146370887756 90 108 66
-7.309128761291504 2.1496644020080566 -0.6215511560440063 74 83 54
-7.364973068237305 1.8778513669967651 -0.6915752291679382 82 88 62
-7.07932710647583 1.5322821140289307 -0.7305068969726562 76 93 57
-6.245865345001221 2.0894699096679688 -0.7168751955032349 79 121 58
-6.323822975158691 1.8639572858810425 -0.7818267345428467 72 94 11
-6.215837001800537 1.5879755020141602 -0.8226377367973328 74 121 53
-6.218860626220703 1.3494478464126587 -0.8789455890655518 92 130 19
-5.5980353355407715 1.8772022724151611 -0.8620948791503906 88 121 42
-5.561838150024414 1.6417878866195679 -0.9031373858451843 81 119 42
-5.139152526855469 1.3151100873947144 -0.8784815073013306 67 104 37
-5.313779830932617 1.153440237045288 -0.9564340710639954 72 106 45
-4.7191643714904785 1.5889050960540771 -0.9158805012702942 80 127 25
-4.606449604034424 1.3624786138534546 -0.9304426908493042 71 110 27
-4.626117706298828 1.1861473321914673 -0.9736365079879761 55 104 22
-4.6353325843811035 1.0066808462142944 -1.016114592552185 111 135 73
-4.209172248840332 1.4198943376541138 -0.9891262650489807 61 96 14
-4.232779026031494 1.2554913759231567 -1.0273332595825195 67 115 13
-10.751161575317383 3.59431529045105 2.1112513542175293 114 126 122
-15.161589622497559 4.453601837158203 2.780945062637329 111 127 179
-8.377764701843262 2.130755662918091 1.436355471611023 85 89 66
-7.8358354568481445 1.6932728290557861 1.2528016567230225 89 103 88
-18.75806427001953 6.275541305541992 2.9381396770477295 116 149 120
-6.628693103790283 1.9515275955200195 0.9573659896850586 94 102 91
-12.032112121582031 3.0691275596618652 1.5997350215911865 90 91 75
-7.260829448699951 1.573926329612732 0.8851205110549927 69 94 75
-14.694449424743652 4.9228973388671875 1.7262346744537354 62 75 58
-12.774624824523926 3.7679548263549805 1.3502837419509888 104 122 110
-6.8430280685424805 1.7498317956924438 0.6493908762931824 150 184 123
-7.624434471130371 1.6581791639328003 0.6416327953338623 162 204 164
-12.875885009765625 4.317146301269531 1.0118167400360107 92 113 94
-7.866922855377197 2.3230843544006348 0.5321735739707947 54 66 20
-12.790654182434082 3.2775983810424805 0.7285048365592957 76 94 52
-7.6423139572143555 1.6662590503692627 0.35710346698760986 101 125 111
-12.831422805786133 4.307969093322754 0.5128759145736694 121 141 116
-5.809847354888916 1.7181705236434937 0.17113642394542694 114 128 115
-5.984805107116699 1.5366089344024658 0.11551278084516525 71 76 70
-7.2201457023620605 1.578570008277893 0.06707766652107239 134 160 123
-6.417457103729248 2.1593077182769775 0.008981392718851566 152 157 125
-7.7975850105285645 2.310600996017456 -0.06699852645397186 137 140 109
-8.643974304199219 2.2243409156799316 -0.15922482311725616 93 96 67
-7.048323631286621 1.543195366859436 -0.1980123668909073 151 155 120
-6.257406711578369 2.107886791229248 -0.2326553612947464 102 116 91
-5.419731140136719 1.6083561182022095 -0.2529597878456116 95 108 88
-9.3962984085083 2.423006772994995 -0.5274009108543396 81 82 66
-9.51559829711914 2.088266372680664 -0.6238434314727783 75 93 53
-6.566309928894043 2.216028928756714 -0.4974899888038635 88 106 56
-6.602246284484863 1.9637930393218994 -0.5619492530822754 77 106 62
-7.390997409820557 1.9086552858352661 -0.6945655345916748 56 94 17
-6.89384126663208 1.5142903327941895 -0.7118428349494934 76 122 50
-6.181975841522217 2.0892069339752197 -0.7102745175361633 63 102 37
-6.2543134689331055 1.864343285560608 -0.7739366292953491 68 94 33
-6.158121585845947 1.5933725833892822 -0.8156424760818481 64 106 30
-6.256290435791016 1.3776811361312866 -0.8848289847373962 74 121 51
-5.2857866287231445 1.7905539274215698 -0.8148508667945862 81 120 41
-5.538785457611084 1.6534733772277832 -0.9002135992050171 101 138 68
-5.109308242797852 1.3241877555847168 -0.8740703463554382 68 111 39
-5.390047073364258 1.1873224973678589 -0.9708125591278076 63 98 40
-4.482418537139893 1.5245212316513062 -0.8708372116088867 66 102 32
-4.675612926483154 1.3985493183135986 -0.9452750086784363 71 110 55
-4.618663311004639 1.1993494033813477 -0.972837507724762 76 125 43
-4.581612586975098 1.0097432136535645 -1.0050129890441895 65 106 48
-4.209415912628174 1.4343754053115845 -0.9902130365371704 76 113 46
-4.225175857543945 1.2673522233963013 -1.0264267921447754 63 106 37
-11.120099067687988 3.7556262016296387 2.185953378677368 100 133 142
-13.70906925201416 4.072664260864258 2.516803026199341 88 147 205
-8.46194076538086 2.179826259613037 1.4519270658493042 97 110 93
-7.83060359954834 1.7173049449920654 1.2528016567230225 128 148 121
-13.490156173706055 4.559221267700195 2.115190267562866 112 147 151
-6.59134578704834 1.9625270366668701 0.9528371691703796 116 132 121
-12.02455997467041 3.106523275375366 1.5999906063079834 50 68 42
-7.3471269607543945 1.616248607635498 0.8962407112121582 119 154 124
-14.641621589660645 4.955212116241455 1.7218064069747925 52 59 51
-7.850196361541748 2.3416671752929688 0.8305248618125916 76 86 51
-6.761471748352051 1.7510948181152344 0.6421580910682678 118 136 94
-7.613471984863281 1.6802741289138794 0.6411410570144653 127 160 131
-14.259536743164062 4.8297858238220215 1.1217063665390015 106 113 105
-8.141830444335938 2.431445598602295 0.5512722730636597 92 114 91
-6.164115905761719 1.5997204780578613 0.3513614535331726 117 130 120
-6.751527786254883 1.4937529563903809 0.3156922459602356 93 108 77
-6.301663398742676 2.1372292041778564 0.2521403133869171 100 121 112
-5.83615255355835 1.7454386949539185 0.17206820845603943 122 142 114
-7.562167167663574 1.966348648071289 0.14607320725917816 95 113 91
-6.980975151062012 1.548735499382019 0.06489953398704529 113 119 91
-6.303813457489014 2.1426212787628174 0.008831503801047802 107 119 95
-5.874694347381592 1.760428786277771 -0.050522804260253906 89 98 71
-12.833271980285645 3.344379186630249 -0.236580953001976 77 71 47
-7.059169292449951 1.5682806968688965 -0.19845129549503326 108 111 82
-5.296290874481201 1.802234172821045 -0.19712497293949127 62 76 53
-6.586903095245361 1.9767335653305054 -0.30771780014038086 104 95 66
-8.837162017822266 2.3077611923217773 -0.4964124262332916 77 101 49
-9.460442543029785 2.106604814529419 -0.620648205280304 73 88 49
-6.378216743469238 2.174370050430298 -0.48374244570732117 72 106 69
-5.924258708953857 1.7819318771362305 -0.5047053694725037 88 110 74
-7.087390422821045 1.8534640073776245 -0.6665654182434082 55 96 40
-7.367927551269531 1.6421386003494263 -0.7613126039505005 93 113 60
-5.921515941619873 2.021446943283081 -0.6810584664344788 46 99 43
-6.302758693695068 1.8998584747314453 -0.7806490659713745 93 132 69
-6.40842866897583 1.6791316270828247 -0.8494739532470703 87 123 0
-6.262668132781982 1.3992445468902588 -0.8863340020179749 83 130 50
-5.468447685241699 1.8711519241333008 -0.8438907265663147 62 109 3
-5.542200088500977 1.6730282306671143 -0.9015985131263733 109 141 42
-5.275077819824219 1.3844350576400757 -0.9031515121459961 71 116 31
-5.394068717956543 1.2055720090866089 -0.9721985459327698 68 112 27
-4.76792573928833 1.6379624605178833 -0.9272770285606384 93 136 65
-4.59988260269165 1.3912862539291382 -0.9308230876922607 94 140 50
-4.616857051849365 1.2140120267868042 -0.9732370376586914 61 96 12
-4.567042350769043 1.021234154701233 -1.0024993419647217 29 87 11
-4.208687782287598 1.4485536813735962 -0.9910824298858643 72 104 28
-4.21381139755249 1.2780474424362183 -1.0246137380599976 78 115 37
-14.053926467895508 3.113959550857544 2.79701828956604 106 148 172
-11.436039924621582 3.9014577865600586 2.2504024505615234 79 89 116
-12.632556915283203 3.7950711250305176 2.321296215057373 85 126 144
-8.37598705291748 2.1851086616516113 1.4383224248886108 100 117 127
-7.820476055145264 1.7402477264404297 1.2520296573638916 126 144 130
-11.554289817810059 3.9445013999938965 1.8135448694229126 95 110 113
-6.570118427276611 1.9781707525253296 0.950641393661499 99 116 146
-11.920941352844238 3.1187984943389893 1.5874687433242798 97 107 98
-7.638687610626221 1.7049732208251953 0.9324405193328857 135 153 157
-12.438933372497559 4.252326965332031 1.464304804801941 91 112 73
-8.013474464416504 2.4171693325042725 0.8485797047615051 88 105 73
-12.215632438659668 3.2036430835723877 1.161084771156311 87 94 78
-11.553927421569824 2.5871214866638184 0.9736361503601074 102 130 115
-14.23144245147705 4.868991374969482 1.1206661462783813 97 120 92
-8.102807998657227 2.4468929767608643 0.5491358041763306 87 92 85
-6.366803169250488 1.6731873750686646 0.3632057309150696 80 109 81
-7.041274547576904 1.580533742904663 0.3294655680656433 111 130 110
-6.088045597076416 2.0856282711029053 0.24384798109531403 74 91 57
-5.815461158752441 1.758705735206604 0.17161643505096436 86 103 87
-6.1357645988464355 1.6155623197555542 0.11861555278301239 114 117 90
-6.908877372741699 1.5549951791763306 0.06427331268787384 76 84 71
-6.24613618850708 2.144416332244873 0.008759874850511551 110 128 90
-7.883744716644287 2.388850450515747 -0.06786349415779114 115 131 95
-19.38910675048828 5.116420269012451 -0.35772523283958435 56 59 50
-7.159642696380615 1.6136674880981445 -0.2014140784740448 105 109 86
-5.303023338317871 1.822697401046753 -0.19758273661136627 82 97 76
-7.039667129516602 2.1361725330352783 -0.3291740119457245 89 109 98
-9.375462532043457 2.4790844917297363 -0.5270752906799316 73 103 65
-7.087530612945557 1.6010545492172241 -0.46529439091682434 52 68 39
-6.456393718719482 2.223154067993164 -0.4901866018772125 75 103 63
-7.058271884918213 2.1466622352600098 -0.6018735766410828 83 103 66
-6.627273082733154 1.7548763751983643 -0.6237950325012207 26 53 38
-7.164881706237793 1.6199737787246704 -0.740842342376709 71 100 56
-5.925624370574951 2.0431690216064453 -0.6822487711906433 122 144 106
-6.214259147644043 1.893998384475708 -0.7704036831855774 67 107 44
-6.305458068847656 1.6728410720825195 -0.8365009427070618 64 112 38
-6.224532604217529 1.41078782081604 -0.8815452456474304 59 96 42
-5.467357635498047 1.8895362615585327 -0.8446131348609924 92 114 50
-5.594688892364502 1.7076189517974854 -0.9109853506088257 74 103 36
-5.369966983795166 1.4269623756408691 -0.9201428294181824 52 101 35
-5.370173454284668 1.2175418138504028 -0.968560516834259 55 83 25
-4.693191051483154 1.6284030675888062 -0.9137097597122192 69 123 39
-4.561794281005859 1.3950560092926025 -0.9239773154258728 95 164 22
-4.615004539489746 1.2286747694015503 -0.9736365079879761 85 130 45
-4.57533073425293 1.0378364324569702 -1.0050129890441895 88 138 67
-4.2042236328125 1.4614590406417847 -0.9910824298858643 70 110 48
-4.19124698638916 1.285258173942566 -1.0200811624526978 59 112 20
-13.860136032104492 4.775970935821533 2.730290412902832 121 150 132
-6.804687976837158 2.067045211791992 1.2515552043914795 106 137 140
-8.414071083068848 2.2226366996765137 1.4460262060165405 88 117 147
-8.24686336517334 1.8617013692855835 1.3212008476257324 94 113 94
-15.05443000793457 5.1910319328308105 2.365410327911377 106 131 138
-7.9948930740356445 2.433926582336426 1.1578693389892578 98 117 97
-6.775376319885254 1.7948250770568848 0.9029814600944519 96 111 82
-7.640200138092041 1.7299354076385498 0.9332686066627502 135 163 174
-14.42117691040039 4.979435443878174 1.6994439363479614 104 117 91
-13.037262916564941 3.976212978363037 1.38185453414917 79 88 67
-7.800629138946533 2.071373462677002 0.7420432567596436 99 124 103
-11.519695281982422 2.616596221923828 0.9714233875274658 85 77 54
-12.777168273925781 4.415276050567627 1.0072101354599 98 126 101
-5.80278205871582 1.7717735767364502 0.39362719655036926 121 144 115
-6.141640663146973 1.6341749429702759 0.3506452739238739 86 106 69
-16.607210159301758 3.781325101852417 0.7776007652282715 100 106 78
-8.098751068115234 2.8022427558898926 0.32472673058509827 102 125 73
-5.853054046630859 1.7896921634674072 0.17288704216480255 96 114 92
-6.126914978027344 1.633348822593689 0.11854079365730286 105 125 100
-6.78611421585083 1.549254059791565 0.06317517161369324 109 121 107
-5.1303205490112305 1.77894926071167 0.007202622946351767 113 133 108
-6.255784034729004 1.916536808013916 -0.05390032380819321 90 94 71
-6.118398189544678 1.6346244812011719 -0.11297524720430374 106 117 83
-7.159530162811279 1.6367391347885132 -0.20155124366283417 97 100 83
-5.274747848510742 1.8310925960540771 -0.1967376321554184 93 117 91
-7.000607967376709 2.1477973461151123 -0.3276542127132416 71 83 63
-5.929153919219971 1.587280511856079 -0.33360087871551514 109 120 90
-7.120522499084473 1.631483554840088 -0.4677866995334625 110 129 123
-5.493322372436523 1.9104076623916626 -0.4175106883049011 74 103 49
-5.629318714141846 1.7309542894363403 -0.4804743230342865 104 117 73
-7.636683940887451 2.0472567081451416 -0.7193941473960876 71 98 43
-7.140482425689697 1.6374998092651367 -0.7388355135917664 93 114 83
-5.691192150115967 1.9818933010101318 -0.6559543013572693 69 110 31
-5.994892120361328 1.8472586870193481 -0.74390709400177 115 132 96
-6.337655544281006 1.7022122144699097 -0.8414612412452698 61 102 23
-5.997164249420166 1.3786126375198364 -0.8499393463134766 73 114 44
-5.418560028076172 1.891300916671753 -0.8379671573638916 87 108 77
-5.493119716644287 1.6950578689575195 -0.8952893614768982 65 107 23
-5.241713523864746 1.4101126194000244 -0.8989037275314331 65 107 41
-5.365453243255615 1.2337908744812012 -0.9683873057365417 77 122 41
-4.7410783767700195 1.6613327264785767 -0.9240208864212036 82 114 38
-4.602514266967773 1.422964096069336 -0.9331048727035522 65 111 12
-4.59134578704834 1.2374727725982666 -0.9694415330886841 83 129 56
-4.537819862365723 1.0439761877059937 -0.9974722266197205 76 123 51
-4.196036338806152 1.4730571508407593 -0.9902130365371704 67 124 19
-4.204029083251953 1.3033019304275513 -1.0241605043411255 56 114 11
-10.81859016418457 3.7650763988494873 2.1334056854248047 91 107 104
-6.796431541442871 2.0873336791992188 1.2512086629867554 94 142 178
-8.481544494628906 2.268320083618164 1.4588114023208618 104 120 135
-7.8154296875 1.789523720741272 1.2529561519622803 77 90 83
-17.639028549194336 6.142861843109131 2.774460792541504 62 79 69
-7.9873881340026855 2.4584431648254395 1.1578693389892578 94 105 107
-6.7679219245910645 1.8150893449783325 0.9027259349822998 57 81 55
-12.585078239440918 2.890199661254883 1.5383731126785278 98 120 108
-8.13055419921875 2.8353168964385986 0.9591546058654785 108 121 104
-13.025002479553223 4.0161919593811035 1.38185453414917 108 118 84
-7.778851509094238 2.0911593437194824 0.7405784130096436 71 90 71
-11.526182174682617 2.6552817821502686 0.9726527333259583 36 42 38
-14.155162811279297 4.940120697021484 1.117025375366211 108 133 112
-8.140084266662598 2.512753486633301 0.5526965856552124 119 133 97
-6.070074081420898 1.6350901126861572 0.3468441069126129 62 66 52
-6.998350620269775 1.616066336631775 0.3279149532318115 61 73 53
-8.10332202911377 2.831691265106201 0.3252568542957306 75 90 69
-6.318356513977051 1.953184723854065 0.18680723011493683 96 109 91
-6.370920181274414 1.7193491458892822 0.12336316704750061 107 125 101
-6.834909439086914 1.5824716091156006 0.06367432326078415 93 101 86
-5.645816802978516 1.9771231412887573 0.007934823632240295 85 85 59
-6.7675933837890625 2.096068859100342 -0.05836524814367294 124 128 95
-6.176090240478516 1.670354962348938 -0.11413460969924927 106 110 85
-7.133051872253418 1.653729796409607 -0.20094771683216095 74 71 56
-9.933683395385742 3.482595443725586 -0.3709034323692322 71 96 56
-6.186767101287842 1.9188966751098633 -0.28983762860298157 72 90 76
-7.217627048492432 1.9559648036956787 -0.4064319133758545 107 106 86
-7.239907741546631 1.6822319030761719 -0.47596660256385803 59 64 57
-6.308998107910156 2.215794324874878 -0.48001915216445923 53 88 22
-5.9647135734558105 1.8541332483291626 -0.5095841288566589 106 112 68
-6.680776119232178 1.8129825592041016 -0.6298662424087524 75 94 49
-6.941606521606445 1.6143248081207275 -0.7187665700912476 86 107 88
-5.965494632720947 2.097959280014038 -0.6883084177970886 94 117 49
-6.0233283042907715 1.8762741088867188 -0.7481465339660645 55 94 31
-5.963906764984131 1.6214613914489746 -0.7924947142601013 75 119 44
-6.263031005859375 1.4599738121032715 -0.8882495164871216 46 87 21
-5.387535095214844 1.8990342617034912 -0.8340662717819214 82 114 39
-5.468084812164307 1.7057234048843384 -0.8920578360557556 73 104 44
-5.266871929168701 1.4342230558395386 -0.9039684534072876 57 110 20
-5.347255706787109 1.2468912601470947 -0.9657887816429138 78 114 42
-4.761919975280762 1.6850566864013672 -0.9290859699249268 95 134 45
-4.584071159362793 1.4326847791671753 -0.9302525520324707 78 125 55
-4.612105369567871 1.2582582235336304 -0.9746353626251221 66 109 38
-4.454607009887695 1.0392322540283203 -0.979877233505249 87 134 54
-4.1822967529296875 1.4826619625091553 -0.9880395531654358 70 124 26
-4.172128677368164 1.3074558973312378 -1.0173615217208862 77 138 45
-11.19189167022705 3.9335289001464844 2.2093894481658936 85 119 121
-18.68353843688965 5.800912857055664 3.4428601264953613 113 158 177
-6.68060827255249 1.8086540699005127 1.1500022411346436 97 119 96
-11.250494003295898 2.612412691116333 1.8049360513687134 93 116 98
-14.760087966918945 5.191089153289795 2.3241231441497803 88 126 127
-8.31462574005127 2.58711576461792 1.2064512968063354 111 132 99
-6.753706932067871 1.8335057497024536 0.9015759229660034 37 54 44
-17.880687713623047 4.164143085479736 2.187248468399048 106 133 126
-8.169625282287598 2.877084255218506 0.9648005366325378 81 97 86
-16.764434814453125 5.225602626800537 1.7802726030349731 88 108 81
-5.983276844024658 1.6281611919403076 0.570105254650116 96 109 92
-11.487895965576172 2.683603048324585 0.9701120853424072 86 96 88
-14.085389137268066 4.964298725128174 1.1127160787582397 126 135 114
-7.698904991149902 2.402461528778076 0.5232393145561218 82 108 79
-12.391117095947266 3.3785910606384277 0.7086175084114075 119 128 101
-6.986550807952881 1.6359351873397827 0.32759568095207214 76 91 72
-8.10119342803955 2.8588664531707764 0.32552188634872437 75 94 72
-6.19879674911499 1.9370801448822021 0.18344718217849731 116 113 80
-6.493892192840576 1.773927927017212 0.12584911286830902 120 128 104
-6.956576824188232 1.633143424987793 0.06485415250062943 98 100 86
-5.420999050140381 1.917084813117981 0.00762708717957139 89 101 77
-6.559776306152344 2.0537800788879395 -0.0566270612180233 108 118 83
-6.521963596343994 1.7853888273239136 -0.1206270381808281 109 119 111
-7.110428810119629 1.6714882850646973 -0.20045390725135803 99 112 94
-5.46030855178833 1.9331308603286743 -0.20409724116325378 87 85 73
-5.962557315826416 1.8694273233413696 -0.27960124611854553 132 169 136
-6.225522994995117 1.7076258659362793 -0.3508588969707489 72 69 60
-7.2492828369140625 1.7078684568405151 -0.47692516446113586 56 70 57
-5.638487339019775 1.9997564554214478 -0.42946818470954895 88 115 48
-6.3944878578186035 2.009263038635254 -0.5468251705169678 113 138 99
-6.631007671356201 1.8213369846343994 -0.6256979703903198 88 114 53
-6.894011974334717 1.6255667209625244 -0.7143514752388 77 106 42
-5.519667148590088 1.960218906402588 -0.6375589966773987 72 71 27
-6.193722724914551 1.9502180814743042 -0.7700504660606384 80 127 23
-6.319440841674805 1.7389620542526245 -0.8404437303543091 79 120 41
-6.24309778213501 1.4755361080169678 -0.886060357093811 72 116 41
-5.464651107788086 1.9450855255126953 -0.8469247817993164 80 106 59
-5.2159295082092285 1.6446418762207031 -0.8517405986785889 83 131 29
-5.29668664932251 1.4598114490509033 -0.909850001335144 59 109 38
-5.373117446899414 1.270315170288086 -0.9711591005325317 82 127 32
-4.7733988761901855 1.7056149244308472 -0.9323421120643616 92 136 49
-4.587143421173096 1.4491076469421387 -0.9317737817764282 82 135 53
-4.612946033477783 1.273706078529358 -0.9756341576576233 51 101 6
-4.605550289154053 1.0893558263778687 -1.0138105154037476 93 137 48
-4.162106037139893 1.4898936748504639 -0.9843447804450989 68 113 18
-4.16531229019165 1.3193672895431519 -1.0166815519332886 88 115 46
-11.479949951171875 4.074383735656738 2.268711805343628 79 104 124
-7.76075553894043 2.435708999633789 1.4314631223678589 101 135 118
-6.711181163787842 1.8390483856201172 1.1562309265136719 110 118 94
-11.10682487487793 2.614990472793579 1.783165693283081 94 130 154
-7.932243347167969 2.817127227783203 1.250365972518921 107 140 121
-8.360508918762207 2.6295526027679443 1.2142738103866577 68 82 65
-12.769268989562988 3.5087170600891113 1.7060432434082031 80 98 86
-7.750553607940674 1.830073356628418 0.9487659335136414 129 159 147
-8.152332305908203 2.8991377353668213 0.9638041853904724 139 153 118
-15.32115650177002 4.827342987060547 1.6285710334777832 68 90 77
-5.908169746398926 1.6272077560424805 0.5634218454360962 114 127 117
-11.46990966796875 2.7165379524230957 0.9692925214767456 71 80 59
-14.074790954589844 5.009160995483398 1.11308753490448 139 166 135
-12.759206771850586 4.024538516998291 0.867986798286438 95 123 100
-12.464430809020996 3.4396989345550537 0.7134103178977966 97 107 80
-6.978582859039307 1.6566696166992188 0.32745885848999023 86 93 62
-8.097090721130371 2.8853843212127686 0.3257112205028534 99 119 94
-12.75262451171875 4.0280914306640625 0.37776508927345276 114 123 96
-7.98789644241333 2.2084007263183594 0.1549329161643982 86 95 74
-7.058539867401123 1.6799460649490356 0.06585247069597244 96 109 83
-5.555413246154785 1.983815312385559 0.007824728265404701 92 111 92
-6.798459529876709 2.151432991027832 -0.058744192123413086 106 120 97
-6.158979892730713 1.7063506841659546 -0.11400975286960602 76 84 69
-7.044006824493408 1.6786956787109375 -0.198725625872612 66 69 60
-5.220029830932617 1.8661059141159058 -0.19532909989356995 69 74 78
-5.4301581382751465 1.7208201885223389 -0.254881888628006 84 108 86
-6.17214822769165 1.7133631706237793 -0.34814539551734924 87 101 86
-7.231390476226807 1.727087140083313 -0.47609439492225647 96 111 92
-5.658618450164795 2.0264618396759033 -0.431473046541214 77 108 64
-6.356945514678955 2.018915891647339 -0.5441418290138245 74 102 62
-6.934349536895752 1.9275544881820679 -0.6548760533332825 76 90 67
-6.865767478942871 1.641158103942871 -0.7119432091712952 88 101 58
-5.679260730743408 2.036538600921631 -0.656711757183075 76 92 43
-6.080780506134033 1.9351810216903687 -0.7567431926727295 72 123 30
-6.001620769500732 1.6713292598724365 -0.7988539934158325 75 117 45
-5.9967451095581055 1.436751127243042 -0.851718008518219 66 116 45
-5.236102104187012 1.8818551301956177 -0.8123947381973267 108 120 82
-5.412326812744141 1.724841594696045 -0.8846714496612549 86 125 44
-5.3007354736328125 1.4784400463104248 -0.9113203883171082 78 126 40
-5.373025417327881 1.2877117395401 -0.9718520045280457 90 132 56
-4.740389347076416 1.7102383375167847 -0.926915168762207 192 225 60
-4.5705180168151855 1.4592920541763306 -0.9293017387390137 93 146 78
-4.611847400665283 1.2886433601379395 -0.9762334227561951 75 118 46
-4.570807933807373 1.095956563949585 -1.0068981647491455 64 124 60
-4.123549938201904 1.4903796911239624 -0.9763030409812927 104 161 64
-4.155679225921631 1.3303582668304443 -1.0153217315673828 79 130 55
-13.416211128234863 3.1893186569213867 2.6795220375061035 65 68 47
-10.879727363586426 3.8989813327789307 2.152447462081909 124 153 123
-7.775775909423828 2.466654062271118 1.4356228113174438 123 142 112
-6.698853492736816 1.8577840328216553 1.1550835371017456 105 121 95
-7.244123458862305 1.7290297746658325 1.1638673543930054 93 109 108
-10.554819107055664 3.7850382328033447 1.665587306022644 98 117 111
-8.31558609008789 2.643486261367798 1.2089215517044067 103 129 116
-12.447892189025879 3.461517572402954 1.6645166873931885 92 118 119
-7.738142967224121 1.8522250652313232 0.9479378461837769 72 93 74
-8.137787818908691 2.9221200942993164 0.9631400108337402 97 122 118
-15.301534652709961 4.8728156089782715 1.6280667781829834 87 111 87
-8.097886085510254 2.2570431232452393 0.7728968858718872 97 111 86
-7.481436252593994 1.7961641550064087 0.6326996088027954 94 112 96
-14.146635055541992 5.083682060241699 1.1199973821640015 93 105 81
-6.0838942527771 1.9395381212234497 0.41427963972091675 94 105 88
-12.5422945022583 3.5026309490203857 0.7184785604476929 85 98 78
-6.899653911590576 1.6603095531463623 0.3239927291870117 97 105 94
-4.888462543487549 1.7589157819747925 0.1968580186367035 87 90 79
-12.720209121704102 4.0608134269714355 0.3771721422672272 106 133 80
-8.000340461730957 2.2382843494415283 0.15530674159526825 108 121 95
-7.0980682373046875 1.7123808860778809 0.06626994162797928 81 80 60
-12.861510276794434 4.637331485748291 0.018135223537683487 70 73 62
-6.880403518676758 2.2006101608276367 -0.059510309249162674 100 107 89
-11.320643424987793 3.1738228797912598 -0.20973728597164154 94 103 72
-7.046596527099609 1.7021762132644653 -0.198945090174675 59 81 69
-9.407699584960938 3.3957409858703613 -0.35241633653640747 86 95 68
-6.185969352722168 1.9812417030334473 -0.29064226150512695 96 105 88
-9.033515930175781 2.5375428199768066 -0.5099800825119019 87 101 68
-7.270675182342529 1.7600654363632202 -0.47903403639793396 102 117 74
-5.689894676208496 2.0573792457580566 -0.43433713912963867 92 94 73
-6.374446868896484 2.0460243225097656 -0.5461746454238892 95 128 83
-6.354152202606201 1.7872945070266724 -0.6005975604057312 88 96 81
-7.1411237716674805 1.730155348777771 -0.7410430312156677 69 95 50
-5.856196880340576 2.120285749435425 -0.6779204607009888 52 75 59
-6.153278827667236 1.9790637493133545 -0.7665175199508667 66 103 7
-6.300059795379639 1.7752835750579834 -0.8392990827560425 72 128 41
-6.109748363494873 1.4836604595184326 -0.8684102892875671 84 122 65
-5.188446521759033 1.8827217817306519 -0.8058932423591614 79 117 60
-5.3750319480896 1.7311393022537231 -0.8794394135475159 87 141 55
-5.277184963226318 1.4893362522125244 -0.9080528020858765 55 125 55
-5.112560749053955 1.2418863773345947 -0.9254249334335327 61 111 38
-4.676901340484619 1.7035675048828125 -0.9155187606811523 75 125 4
-4.563216686248779 1.4724030494689941 -0.9287313222885132 80 123 41
-4.605986595153809 1.3022531270980835 -0.9758339524269104 80 118 43
-4.515165328979492 1.0972745418548584 -0.9953776001930237 74 106 56
-4.08778190612793 1.4916472434997559 -0.9689134359359741 73 101 40
-4.157138347625732 1.3449002504348755 -1.0166815519332886 99 134 50
-13.050116539001465 4.183905124664307 2.4117701053619385 103 111 88
-6.755807876586914 1.895918846130371 1.1659016609191895 89 105 76
-7.242625713348389 1.7521755695343018 1.1644848585128784 78 94 81
-13.599333763122559 4.923964023590088 2.1483960151672363 62 66 65
-8.245194435119629 2.648988723754883 1.1998639106750488 110 114 99
-12.416210174560547 3.4937808513641357 1.661705732345581 64 81 63
-7.7005791664123535 1.868230938911438 0.9440339207649231 80 99 67
-15.5969877243042 5.654653072357178 1.8480110168457031 121 135 120
-5.714566707611084 1.8391484022140503 0.6086212396621704 81 95 78
-8.104341506958008 2.2856605052948 0.7741786241531372 102 121 102
-7.5020365715026855 1.8254705667495728 0.634912371635437 42 48 34
-14.190031051635742 5.148487567901611 1.124678373336792 111 145 110
-12.747570037841797 4.107036113739014 0.8688931465148926 88 99 69
-13.066686630249023 3.6923274993896484 0.7491634488105774 73 99 88
-6.952758312225342 1.6956712007522583 0.3267291486263275 103 118 85
-5.4043145179748535 1.9632717370986938 0.21787285804748535 110 126 100
-6.284399509429932 2.0275044441223145 0.1865248680114746 49 63 38
-6.571568489074707 1.8603097200393677 0.12768088281154633 94 99 77
-7.117064476013184 1.740086555480957 0.0664968341588974 82 85 64
-6.404817581176758 2.331542730331421 0.009041083045303822 108 116 95
-6.351247310638428 2.052866220474243 -0.054987724870443344 107 129 106
-10.28836441040039 2.9184908866882324 -0.1907772719860077 105 109 84
-9.001692771911621 2.2036993503570557 -0.25433260202407837 68 69 55
-5.390641689300537 1.9644840955734253 -0.20216049253940582 72 64 51
-6.308173179626465 2.041740655899048 -0.29667678475379944 83 103 75
-6.4842424392700195 1.8429256677627563 -0.3663802742958069 72 93 54
-6.916323184967041 1.6967641115188599 -0.45602813363075256 72 88 43
-5.589860439300537 2.040621757507324 -0.42717692255973816 84 100 64
-6.607051372528076 2.143064498901367 -0.5666653513908386 118 127 98
-6.80361795425415 1.9362643957138062 -0.6436397433280945 72 105 48
-7.231441020965576 1.7755430936813354 -0.7509771585464478 49 73 37
-5.578889846801758 2.0392653942108154 -0.6465402841567993 68 95 40
-6.2246198654174805 2.023102283477783 -0.7761740684509277 71 115 40
-6.2192277908325195 1.773119330406189 -0.8292514085769653 84 124 36
-6.067653656005859 1.493166208267212 -0.8630742430686951 74 116 30
-5.150126934051514 1.8867175579071045 -0.8008365631103516 82 119 42
-5.3960041999816895 1.7561838626861572 -0.8837481737136841 64 95 19
-5.217569828033447 1.4898087978363037 -0.8985769748687744 68 112 59
-5.1335906982421875 1.2636862993240356 -0.9299289584159851 89 138 33
-4.7196526527404785 1.7355588674545288 -0.9249253869056702 55 102 0
-4.5474772453308105 1.482743740081787 -0.9264494180679321 85 141 50
-4.586896896362305 1.3120664358139038 -0.9726377725601196 71 125 47
-4.507030487060547 1.1099525690078735 -0.9943302869796753 86 134 60
-4.0740275382995605 1.500807285308838 -0.966740071773529 88 119 59
-4.158547401428223 1.3594638109207153 -1.0180413722991943 88 132 71
-17.685752868652344 4.319099426269531 3.53747296333313 59 74 69
-11.689436912536621 4.270274639129639 2.3177807331085205 89 122 163
-11.802360534667969 3.823841094970703 2.1833322048187256 79 102 76
-6.771785259246826 1.9228339195251465 1.169671654701233 57 68 60
-8.38392448425293 2.0555319786071777 1.348992943763733 103 138 140
-13.590666770935059 4.9680399894714355 2.1494245529174805 85 95 86
-8.211591720581055 2.666013717651367 1.196158528327942 119 138 136
-12.553287506103516 3.573951244354248 1.6815106868743896 87 109 107
-7.532814979553223 1.8520187139511108 0.9241595268249512 96 120 104
-15.83902359008789 5.797444820404053 1.8787871599197388 119 145 144
-5.690921306610107 1.8508254289627075 0.6067047715187073 90 112 89
-13.485589981079102 3.8480327129364014 1.2893517017364502 117 131 105
-6.904197692871094 1.702451229095459 0.5847553610801697 131 154 128
-4.381379127502441 1.6048990488052368 0.347649484872818 87 113 86
-6.085163116455078 1.981156587600708 0.4151860177516937 113 127 104
-12.7010498046875 3.631121873855591 0.7288353443145752 111 124 106
-6.120298862457275 1.512555718421936 0.2878262996673584 78 98 70
-4.631775856018066 1.6987284421920776 0.18693749606609344 96 110 95
-12.991568565368652 4.235455513000488 0.3859817087650299 98 119 88
-6.016034126281738 1.7230000495910645 0.11698940396308899 73 79 67
-6.018780708312988 1.4911456108093262 0.056277718394994736 108 129 98
-11.199614524841309 4.115947246551514 0.015827199444174767 113 127 110
-6.122490882873535 1.999693512916565 -0.05306006595492363 120 139 111
-6.6043171882629395 1.8953520059585571 -0.1225711852312088 90 99 68
-6.733312129974365 1.670290470123291 -0.19038596749305725 70 71 53
-5.379899501800537 1.9792877435684204 -0.20198442041873932 108 126 100
-6.370244026184082 2.0834434032440186 -0.2998952269554138 121 136 105
-10.51482105255127 3.023376226425171 -0.5946421027183533 87 104 70
-6.684460639953613 1.6616402864456177 -0.44107431173324585 91 98 64
-5.737997531890869 2.1146726608276367 -0.4389912486076355 64 72 31
-6.6298065185546875 2.172947883605957 -0.5691860318183899 64 82 22
-7.552727222442627 2.1745259761810303 -0.7151351571083069 83 106 54
-6.953682899475098 1.729981780052185 -0.7226800322532654 53 84 27
-5.662141799926758 2.0894112586975098 -0.6569281816482544 79 121 58
-6.170267581939697 2.0263874530792236 -0.7701681852340698 38 93 12
-6.048884391784668 1.7446377277374268 -0.8072482347488403 44 85 25
-6.112063884735107 1.523997187614441 -0.87005215883255 73 110 15
-5.281669616699219 1.953306794166565 -0.82221919298172 86 110 62
-5.415934085845947 1.7810646295547485 -0.8879030346870422 71 117 18
-5.269843101501465 1.5222361087799072 -0.9083796143531799 72 105 50
-5.1143999099731445 1.2756165266036987 -0.9271572232246399 77 115 38
-4.705085277557373 1.7466076612472534 -0.9231163859367371 63 103 40
-4.661327838897705 1.5357028245925903 -0.9505994319915771 86 125 32
-4.55084753036499 1.316872239112854 -0.9658458232879639 56 89 18
-4.5187835693359375 1.127562403678894 -0.9976816773414612 62 106 29
-4.055680274963379 1.5081957578659058 -0.9634798765182495 88 135 29
-4.173778533935547 1.3786306381225586 -1.0228006839752197 72 127 34
-11.808180809020996 4.354760646820068 2.343963384628296 93 116 132
-10.715129852294922 3.5079505443573 1.984185814857483 129 169 119
-8.245884895324707 2.368762969970703 1.425537347793579 73 81 58
-11.522645950317383 2.8625736236572266 1.8554248809814453 120 162 160
-13.592063903808594 5.015876293182373 2.152069330215454 90 130 165
-8.14596176147461 2.6723592281341553 1.1877871751785278 115 150 118
-12.665207862854004 3.647857904434204 1.697993516921997 79 91 81
-7.379677772521973 1.8383957147598267 0.9060596227645874 59 78 58
-15.761499404907227 5.823965072631836 1.8717020750045776 91 116 123
-12.843011856079102 4.2204718589782715 1.3705576658248901 73 90 71
-19.092634201049805 5.511369705200195 1.8270468711853027 121 127 91
-6.882504940032959 1.7195184230804443 0.5833621621131897 112 126 113
-13.567041397094727 5.0168681144714355 1.0777207612991333 93 105 91
-19.0609188079834 6.270436763763428 1.3018183708190918 110 134 102
-12.653401374816895 3.659529685974121 0.7267419695854187 115 129 103
-6.92090368270874 1.7329623699188232 0.325725793838501 116 147 87
-6.410811901092529 2.3735382556915283 0.2590316832065582 100 119 89
-12.997501373291016 4.281548023223877 0.38654640316963196 73 89 76
-6.112514972686768 1.7709413766860962 0.11897068470716476 85 101 75
-6.021936416625977 1.5115514993667603 0.05635032430291176 93 112 93
-11.538517951965332 4.280723571777344 0.016324618831276894 101 111 87
-10.084675788879395 3.3280742168426514 -0.08748608827590942 88 100 88
-8.19623851776123 2.379453182220459 -0.15225082635879517 80 100 88
-8.787320137023926 2.2084553241729736 -0.24865393340587616 67 88 45
-9.6571044921875 3.5865654945373535 -0.3629803955554962 106 104 83
-6.513692855834961 2.152503490447998 -0.3069579005241394 113 130 114
-6.746068000793457 1.9621565341949463 -0.3818473815917969 115 117 70
-9.125774383544922 2.2982585430145264 -0.6026268601417542 65 95 41
-5.719329833984375 2.1277453899383545 -0.4380604326725006 73 86 42
-6.4509077072143555 2.1362521648406982 -0.5543872117996216 80 120 21
-6.563086986541748 1.9114198684692383 -0.621982753276825 79 95 68
-6.278785705566406 1.5825475454330444 -0.6530410647392273 96 132 68
-5.704147815704346 2.1248176097869873 -0.6625549793243408 68 105 51
-6.1941819190979 2.0553157329559326 -0.7739366292953491 69 103 19
-6.253935813903809 1.8245807886123657 -0.8353562951087952 142 157 102
-6.120805740356445 1.546138048171997 -0.8719676733016968 58 109 14
-5.272871017456055 1.9684633016586304 -0.8217857480049133 73 118 17
-5.364497661590576 1.7824058532714844 -0.8803627490997314 57 94 1
-5.100375652313232 1.4902523756027222 -0.8799518942832947 87 139 65
-5.105688095092773 1.2900948524475098 -0.9262910485267639 48 86 13
-4.577416896820068 1.5236411094665527 -0.934436023235321 79 124 31
-4.5392632484436035 1.3286259174346924 -0.9642477631568909 102 153 76
-4.514354705810547 1.1411808729171753 -0.9974722266197205 59 91 8
-4.169528961181641 1.3914291858673096 -1.0228006839752197 53 103 16
-12.865190505981445 4.255588054656982 2.3847320079803467 111 132 115
-8.24710464477539 2.3965272903442383 1.42701256275177 73 83 74
-8.619308471679688 2.1693942546844482 1.3889824151992798 81 88 70
-11.288043975830078 4.205016613006592 1.7893015146255493 86 108 106
-16.57256317138672 5.493157863616943 2.4189412593841553 126 133 117
-15.097334861755371 4.398569107055664 2.025862455368042 84 87 104
-7.66957950592041 1.9356242418289185 0.9423777461051941 72 99 64
-25.731454849243164 9.597744941711426 3.0591318607330322 65 82 74
-12.830002784729004 4.259853839874268 1.3705576658248901 98 116 116
-19.01732635498047 5.552893161773682 1.8214620351791382 64 72 48
-6.870434284210205 1.7389137744903564 0.5827884674072266 110 133 113
-14.511080741882324 5.416623115539551 1.1540268659591675 92 112 100
-6.029331684112549 2.003978967666626 0.4122079312801361 89 109 81
-12.970817565917969 3.7944915294647217 0.7456377148628235 115 136 105
-8.548097610473633 2.16829514503479 0.40261930227279663 82 97 74
-6.304278373718262 2.3561129570007324 0.255018025636673 96 112 85
-6.089060306549072 2.026545524597168 0.18127302825450897 120 139 109
-7.498291015625 2.1973912715911865 0.14607320725917816 128 144 99
-7.834372520446777 1.9920562505722046 0.07336705178022385 105 109 95
-11.544997215270996 4.323468208312988 0.016352474689483643 53 54 58
-5.167170524597168 1.7228305339813232 -0.044871628284454346 99 115 79
-8.989946365356445 2.6398069858551025 -0.16714414954185486 75 86 43
-8.63132095336914 2.1974239349365234 -0.24442924559116364 93 113 85
-5.660553932189941 2.122065305709839 -0.21300624310970306 120 131 99
-6.490950107574463 2.1670987606048584 -0.30619800090789795 115 115 89
-6.880833148956299 2.02427077293396 -0.38982516527175903 88 96 72
-8.998774528503418 2.295656204223633 -0.5947026610374451 72 104 67
-6.698580265045166 2.241098165512085 -0.5762602090835571 68 107 54
-6.740610122680664 1.9855753183364868 -0.6393808722496033 60 93 38
-7.329512596130371 1.8713135719299316 -0.7629181146621704 68 104 30
-6.169957637786865 2.068312644958496 -0.7716991305351257 70 81 64
-6.064702987670898 1.7895803451538086 -0.8108094930648804 79 115 41
-5.978799343109131 1.5297951698303223 -0.8524021506309509 81 119 20
-5.128569602966309 1.7215056419372559 -0.8425076007843018 97 147 48
-5.107132911682129 1.5092482566833496 -0.8819124102592468 65 113 37
-4.8021111488342285 1.229073166847229 -0.8718950748443604 96 132 70
-4.602498531341553 1.5476906299591064 -0.9405210614204407 94 145 52
-4.537984371185303 1.343380331993103 -0.9648470878601074 95 151 62
-4.543986797332764 1.1635147333145142 -1.0048035383224487 66 110 23
-4.162471771240234 1.4032810926437378 -1.0221208333969116 89 134 67
-11.675127029418945 3.9017136096954346 2.166346788406372 75 86 70
-8.24444580078125 2.423208713531494 1.4278321266174316 101 158 203
-8.61644172668457 2.1968038082122803 1.3896000385284424 71 93 72
-11.5315523147583 4.336062431335449 1.8300009965896606 96 151 181
-8.079628944396973 2.7056212425231934 1.1805135011672974 102 135 144
-16.67063331604004 4.912481307983398 2.238990306854248 116 136 99
-12.057238578796387 3.082345485687256 1.4826538562774658 68 87 55
-14.797697067260742 4.96362829208374 1.5823748111724854 131 168 151
-12.784905433654785 3.7756869792938232 1.225630283355713 111 126 85
-7.461693286895752 1.9129396677017212 0.6334372162818909 102 124 101
-13.861688613891602 5.222729206085205 1.103651523590088 113 146 119
-5.977747917175293 2.0072202682495117 0.40910035371780396 115 150 126
-7.806107997894287 2.3096256256103516 0.44914552569389343 73 93 65
-12.119353294372559 3.113778591156006 0.5712743401527405 100 108 87
-7.947453022003174 2.6721622943878174 0.2368408441543579 116 129 119
-6.1168718338012695 1.8129596710205078 0.11926975846290588 105 119 83
-19.099937438964844 4.919001579284668 0.179006889462471 109 125 96
-5.421517372131348 1.8261356353759766 -0.04712880402803421 125 134 117
-7.802889347076416 2.3172664642333984 -0.14520548284053802 87 93 81
-8.171531677246094 2.107083559036255 -0.23159052431583405 89 105 78
-5.778100490570068 1.948826789855957 -0.27285146713256836 71 83 59
-7.219132900238037 2.1478817462921143 -0.4093625247478485 110 121 89
-6.025378227233887 1.5568243265151978 -0.3985133767127991 81 82 66
-6.653904438018799 2.248873710632324 -0.5730077028274536 51 69 27
-6.715397834777832 2.0005593299865723 -0.6375685334205627 81 107 62
-6.933612823486328 1.7929121255874634 -0.7222786545753479 76 115 48
-5.896460056304932 1.9967737197875977 -0.7382545471191406 48 79 11
-6.18464469909668 1.8456181287765503 -0.827597975730896 62 93 36
-6.008598804473877 1.5570764541625977 -0.8573276996612549 179 197 77
-5.1504011154174805 1.7464334964752197 -0.8469702005386353 60 110 37
-5.320832252502441 1.5901659727096558 -0.9196526408195496 77 118 52
-4.921302318572998 1.275679588317871 -0.8942424654960632 67 109 37
-4.485248565673828 1.5235954523086548 -0.9175119996070862 77 114 45
-4.531025409698486 1.3564532995224 -0.9642477631568909 52 89 20
-4.565004825592041 1.1838319301605225 -1.0102496147155762 70 125 44
-4.167366981506348 1.4191845655441284 -1.0243871212005615 91 143 81
-13.936188697814941 4.704917907714844 2.5885579586029053 88 109 110
-14.289648056030273 4.24768590927124 2.4770288467407227 118 131 105
-8.607748031616211 2.2227344512939453 1.3892912864685059 87 112 91
-15.874226570129395 5.3700127601623535 2.32177734375 94 116 93
-15.393229484558105 4.587430953979492 2.069305896759033 118 158 160
-12.052531242370605 3.1205666065216064 1.4832453727722168 103 116 99
-29.846538543701172 10.113473892211914 3.1949081420898438 107 119 99
-12.790436744689941 3.8200221061706543 1.227278232574463 112 136 102
-7.478940963745117 1.9418338537216187 0.635404109954834 118 131 78
-12.805923461914062 4.343761920928955 0.8773095011711121 120 139 133
-7.785592555999756 2.3295562267303467 0.4483742117881775 105 119 96
-6.537288665771484 1.7009973526000977 0.3083950877189636 104 131 98
-7.709218502044678 2.6184136867523193 0.22997957468032837 103 120 76
-7.847646713256836 2.3521535396575928 0.15315723419189453 122 130 93
-10.50416374206543 2.739635467529297 0.09852458536624908 76 77 61
-5.870290279388428 1.9973701238632202 -0.051082976162433624 88 88 80
-8.56660270690918 2.5726966857910156 -0.15956370532512665 122 143 112
-8.165996551513672 2.1323962211608887 -0.2316179722547531 73 84 54
-5.223631858825684 1.7796841859817505 -0.2469252198934555 95 99 84
-5.41487979888916 1.6291688680648804 -0.30733394622802734 102 114 78
-8.695847511291504 2.275296688079834 -0.5755949020385742 84 111 66
-6.5696282386779785 2.2428712844848633 -0.5663400888442993 81 103 67
-6.124698162078857 1.8450628519058228 -0.5820214748382568 90 104 17
-6.525754451751709 1.7088234424591064 -0.6803346872329712 66 83 41
-5.873393535614014 2.0090692043304443 -0.7361347675323486 61 94 47
-6.148566722869873 1.8554140329360962 -0.8235280513763428 65 103 26
-6.149433135986328 1.6137216091156006 -0.8781246542930603 78 121 52
-5.095475673675537 1.7452573776245117 -0.8388144373893738 82 133 41
-5.015614986419678 1.5157274007797241 -0.867698609828949 197 240 47
-4.986906051635742 1.309025764465332 -0.9068886637687683 78 119 59
-4.535341262817383 1.5561474561691284 -0.9287313222885132 90 135 34
-4.5024590492248535 1.3629666566848755 -0.9590539336204529 53 91 18
-4.560405254364014 1.1975830793380737 -1.010040044784546 58 112 16
-4.170361518859863 1.4344977140426636 -1.0262001752853394 61 107 19
-12.6901273727417 3.306166172027588 2.5481019020080566 98 124 99
-13.9319429397583 4.751148223876953 2.5904648303985596 117 120 93
-10.580820083618164 3.1805763244628906 1.8358075618743896 77 137 200
-8.587506294250488 2.2456326484680176 1.3871296644210815 86 113 140
-14.02426815032959 4.792198657989502 2.0533413887023926 103 121 125
-8.208507537841797 2.4737131595611572 1.10448157787323 113 148 150
-6.803307056427002 1.7837592363357544 0.8379188179969788 90 103 86
-12.48809814453125 4.274338245391846 1.3381798267364502 59 71 51
-12.97026538848877 3.917111873626709 1.245680570602417 110 113 84
-7.889343738555908 2.0742475986480713 0.6708090901374817 85 107 95
-12.791592597961426 4.3827056884765625 0.877244770526886 110 125 96
-7.7583394050598145 2.3473589420318604 0.44721734523773193 101 113 109
-6.114731311798096 1.6110941171646118 0.288692831993103 87 100 74
-7.956435203552246 2.7296345233917236 0.23760320246219635 125 146 115
-5.8999104499816895 1.7881089448928833 0.1152511015534401 121 132 100
-19.089698791503906 5.041465759277344 0.1791974902153015 127 126 106
-5.611639499664307 1.928593635559082 -0.04888347163796425 109 118 91
-5.434076309204102 1.6501375436782837 -0.10131029784679413 91 114 96
-8.79434871673584 2.325322151184082 -0.2496415227651596 56 60 43
-5.1822509765625 1.7833489179611206 -0.24522659182548523 96 104 83
-8.655006408691406 2.6330056190490723 -0.49169090390205383 115 131 94
-9.07469654083252 2.4041945934295654 -0.6011570692062378 86 115 59
-6.5532941818237305 2.2597670555114746 -0.5655269622802734 102 114 92
-6.59248685836792 2.0080654621124268 -0.6270572543144226 96 110 77
-7.10328483581543 1.8833603858947754 -0.7411434054374695 75 108 53
-5.8550004959106445 2.0228633880615234 -0.7346038818359375 100 126 101
-6.165613651275635 1.8812158107757568 -0.8265804648399353 73 113 25
-5.715548038482666 1.5186201333999634 -0.8168283700942993 81 129 45
-5.020996570587158 1.7369771003723145 -0.827427089214325 59 99 28
-4.7410993576049805 1.4486569166183472 -0.8209725618362427 81 108 37
-5.1970295906066895 1.3812384605407715 -0.9458666443824768 75 124 35
-4.480453968048096 1.5526950359344482 -0.9184628129005432 81 130 51
-4.513247966766357 1.381361961364746 -0.9622501730918884 66 102 6
-4.543480396270752 1.2080509662628174 -1.0071076154708862 93 140 60
-4.126379013061523 1.4335412979125977 -1.0164549350738525 70 111 51
-13.890296936035156 4.784566879272461 2.5854382514953613 82 109 58
-18.893796920776367 5.74270486831665 3.2811782360076904 93 132 161
-8.583441734313965 2.2727270126342773 1.3875929117202759 80 104 104
-11.830638885498047 4.083195686340332 1.7339906692504883 119 133 110
-6.439075946807861 1.9620466232299805 0.8672046065330505 45 42 53
-6.792044162750244 1.8030943870544434 0.8372089862823486 91 111 84
-14.392192840576172 4.975437641143799 1.543844223022461 126 149 129
-12.961043357849121 3.9577577114105225 1.2459551095962524 113 128 107
-8.292259216308594 2.207401990890503 0.7056403756141663 98 115 109
-12.738478660583496 4.4082231521606445 0.8745256662368774 107 129 106
-7.64511775970459 2.338728666305542 0.44110238552093506 111 138 133
-6.098176956176758 1.6267564296722412 0.2881455421447754 93 103 102
-7.952746391296387 2.7556681632995605 0.23774437606334686 112 126 100
-10.304201126098633 3.1574833393096924 0.20147447288036346 116 123 107
-6.171926498413086 1.650238275527954 0.05798393115401268 90 90 82
-6.434175491333008 2.233375310897827 -0.05610807240009308 90 94 61
-6.832113742828369 2.0975871086120605 -0.12749400734901428 103 108 86
-8.90497875213623 2.3838279247283936 -0.25298836827278137 60 73 63
-9.258899688720703 3.218034505844116 -0.43860068917274475 109 138 82
-6.86597204208374 2.111785650253296 -0.39042210578918457 107 119 55
-6.11971378326416 1.641428828239441 -0.40573468804359436 90 112 74
-5.4234299659729 1.8887939453125 -0.4685214161872864 101 124 33
-5.930520534515381 1.8263325691223145 -0.5646233558654785 85 111 63
-7.1512861251831055 1.9195888042449951 -0.7467626929283142 82 116 56
-5.4690375328063965 1.9083173274993896 -0.6869099140167236 62 98 24
-6.017642498016357 1.8562672138214111 -0.8075026273727417 103 121 63
-6.028450965881348 1.6215754747390747 -0.8622533679008484 94 137 66
-5.435401916503906 1.8990287780761719 -0.8966742753982544 87 123 36
-4.960975170135498 1.5324974060058594 -0.8598564863204956 60 102 54
-5.071032524108887 1.3644219636917114 -0.923692524433136 62 103 33
-4.502541542053223 1.5758386850357056 -0.9239773154258728 95 138 30
-4.473418235778809 1.3841955661773682 -0.9546592235565186 64 116 16
-4.536920070648193 1.2212220430374146 -1.006479263305664 70 115 30
-4.076009273529053 1.4300715923309326 -1.005123257637024 47 83 9
-10.606886863708496 3.6900246143341064 1.976386308670044 89 116 127
-8.321585655212402 2.55723237991333 1.446518063545227 102 131 161
-8.570703506469727 2.2975151538848877 1.3866665363311768 84 94 83
-13.44461727142334 4.686450481414795 1.9726459980010986 89 136 146
-16.347490310668945 5.036094665527344 2.2037246227264404 105 130 108
-6.759629726409912 1.8167073726654053 0.8338966369628906 86 100 74
-14.431339263916016 5.038589954376221 1.5496944189071655 77 111 95
-8.00489330291748 2.471231698989868 0.7702417969703674 101 118 99
-12.407962799072266 3.343801975250244 1.0567394495010376 84 106 83
-14.780397415161133 5.165670394897461 1.0157911777496338 110 122 98
-7.536793231964111 2.3309013843536377 0.43526291847229004 80 93 73
-6.325581073760986 1.7082237005233765 0.2991368770599365 85 101 88
-7.622521877288818 2.6674652099609375 0.2281160205602646 86 101 70
-6.230734825134277 1.9301944971084595 0.12194261699914932 107 117 92
-6.471846580505371 1.7517226934432983 0.0608518160879612 102 104 67
-5.276967525482178 1.849854826927185 -0.04606612026691437 119 131 107
-6.367292881011963 1.9762746095657349 -0.1189325824379921 98 111 93
-6.171026229858398 1.6722654104232788 -0.17546233534812927 98 94 69
-5.515267372131348 1.935878038406372 -0.26154226064682007 113 119 93
-6.482829570770264 2.015732526779175 -0.36898526549339294 131 136 80
-6.753177165985107 1.8335635662078857 -0.4481039047241211 82 93 63
-6.429297924041748 2.261244297027588 -0.5560134649276733 43 95 47
-6.53820276260376 2.0354533195495605 -0.6230701208114624 80 106 61
-6.271636009216309 1.7041126489639282 -0.6554493308067322 66 101 59
-5.816253662109375 2.0495100021362305 -0.7313064932823181 52 75 5
-5.76477575302124 1.7976527214050293 -0.774307131767273 83 123 37
-5.848536491394043 1.5924381017684937 -0.8372148871421814 135 173 88
-5.3820295333862305 1.8989286422729492 -0.888826310634613 101 135 74
-5.259481906890869 1.6424018144607544 -0.9124640226364136 63 108 7
-4.980348587036133 1.3564214706420898 -0.9079280495643616 63 108 53
-4.648565292358398 1.6429710388183594 -0.9549731016159058 68 118 21
-4.4944000244140625 1.405811071395874 -0.9600527882575989 86 119 50
-4.512396335601807 1.2294801473617554 -1.0018709897994995 56 107 40
-4.090881824493408 1.449400544166565 -1.0098825693130493 92 132 43
-10.761839866638184 3.7809839248657227 2.007410764694214 102 147 168
-7.902960777282715 2.4551491737365723 1.375052571296692 106 121 118
-6.676586627960205 1.8117401599884033 1.081108808517456 101 127 140
-8.065206527709961 2.8391051292419434 1.1846305131912231 118 159 163
-8.20811939239502 2.5562350749969482 1.1075482368469238 98 124 95
-15.546041488647461 4.229311466217041 1.9194172620773315 85 90 67
-14.36514663696289 5.064976215362549 1.5442476272583008 111 138 123
-15.965079307556152 4.982361316680908 1.5376453399658203 50 54 53
-6.01613712310791 1.6410932540893555 0.5127981305122375 96 116 104
-19.249343872070312 6.793884754180908 1.3243483304977417 92 110 88
-7.403811454772949 2.3146848678588867 0.4279910922050476 72 89 79
-16.845809936523438 4.604709625244141 0.7973030209541321 114 134 107
-7.868771553039551 2.7807657718658447 0.23573964834213257 141 163 142
-6.535832405090332 2.046706438064575 0.1280360072851181 134 155 124
-6.956367492675781 1.9057915210723877 0.06546221673488617 122 137 98
-5.482419490814209 1.9407838582992554 -0.047911401838064194 117 123 97
-6.604467391967773 2.0721240043640137 -0.12348084151744843 91 94 85
-6.753918170928955 1.8524824380874634 -0.1921965479850769 109 114 74
-5.4725799560546875 1.9397730827331543 -0.25979894399642944 100 112 74
-5.494501113891602 1.7269320487976074 -0.3130323588848114 107 112 89
-6.405910015106201 1.7603962421417236 -0.42541754245758057 79 85 57
-5.676596164703369 2.0161030292510986 -0.4914514720439911 89 113 65
-6.407482624053955 2.0163416862487793 -0.6111995577812195 73 101 50
-6.88035249710083 1.8921977281570435 -0.7196696996688843 67 102 46
-5.4862284660339355 1.9521589279174805 -0.6905605792999268 62 93 61
-6.032627105712891 1.9015048742294312 -0.811063826084137 77 114 44
-5.677453994750977 1.5645809173583984 -0.8134077787399292 86 131 46
-5.095082759857178 1.8152825832366943 -0.8423537611961365 97 132 52
-5.233720779418945 1.6519968509674072 -0.908869743347168 77 126 70
-4.977112770080566 1.3719563484191895 -0.9081012606620789 104 143 64
-4.635180950164795 1.6542549133300781 -0.9532616138458252 52 87 7
-4.505013942718506 1.4243191480636597 -0.9632489085197449 85 138 32
-4.500119686126709 1.240978717803955 -0.9999858140945435 180 201 136
-4.055235862731934 1.4507895708084106 -1.0021770000457764 95 140 57
-11.335871696472168 4.021772861480713 2.116776704788208 9 15 51
-8.328325271606445 2.615337371826172 1.4504517316818237 102 126 110
-6.710058689117432 1.8429436683654785 1.0874392986297607 120 132 110
-8.112458229064941 2.883741617202759 1.1928648948669434 100 141 135
-8.197400093078613 2.5805118083953857 1.1071648597717285 51 61 52
-15.751269340515137 4.337088108062744 1.9463897943496704 104 125 120
-12.392529487609863 4.412248134613037 1.3336410522460938 88 107 77
-15.471084594726562 4.880333423614502 1.491502285003662 110 123 105
-7.807575225830078 2.155522584915161 0.6660556793212891 133 152 133
-6.3427276611328125 2.004335403442383 0.36700689792633057 71 91 82
-12.584710121154785 3.4814906120300293 0.5961301922798157 68 69 51
-6.382120132446289 2.2774434089660645 0.1914096474647522 97 105 107
-6.2206807136535645 1.968992829322815 0.12198000401258469 83 102 82
-7.990218639373779 2.215404987335205 0.07525477558374405 107 124 105
-4.618627071380615 1.6509630680084229 -0.04040670767426491 99 107 84
-6.919262409210205 2.1942298412323 -0.1294916868209839 121 130 109
-6.237705230712891 1.7314882278442383 -0.17765697836875916 106 115 72
-5.416752815246582 1.9387117624282837 -0.257429838180542 73 85 63
-6.181985855102539 1.9638696908950806 -0.3525412976741791 91 108 92
-6.0899248123168945 1.6936726570129395 -0.40477609634399414 77 87 24
-5.660064220428467 2.029808282852173 -0.49055707454681396 65 87 41
-6.505660533905029 2.0691938400268555 -0.6211672425270081 67 108 32
-6.928192138671875 1.928236722946167 -0.725288987159729 63 102 37
-5.601705074310303 2.012631893157959 -0.705869734287262 68 105 51
-6.0352702140808105 1.9227133989334106 -0.8122084736824036 92 107 68
-5.992279052734375 1.671136736869812 -0.8592432141304016 78 122 59
-5.372135639190674 1.93258535861969 -0.8891340494155884 77 112 28
-5.031250476837158 1.605078101158142 -0.8745604157447815 63 125 42
-4.945369243621826 1.3795450925827026 -0.9030774831771851 150 186 64
-4.49708366394043 1.6205404996871948 -0.9258789420127869 85 124 41
-4.497823238372803 1.4372389316558838 -0.9626497030258179 73 115 41
-4.513244152069092 1.2595101594924927 -1.0037561655044556 72 120 34
-4.016871929168701 1.45098078250885 -0.9937915205955505 85 133 24
-10.909036636352539 3.9080615043640137 2.039302110671997 100 132 181
-12.686779022216797 4.026821613311768 2.211656332015991 101 119 79
-6.710084438323975 1.8651087284088135 1.0883656740188599 96 113 103
-8.189444541931152 2.605648994445801 1.1071648597717285 119 149 121
-12.685582160949707 3.5348610877990723 1.5688945055007935 83 98 79
-8.132160186767578 2.923524856567383 0.8761160373687744 148 169 154
-12.92193603515625 4.119839191436768 1.246962308883667 119 146 95
-7.821083068847656 2.1850974559783936 0.6677767634391785 125 144 114
-13.487171173095703 4.853445053100586 0.9299442172050476 125 141 112
-7.931623935699463 2.5332252979278564 0.45939216017723083 102 127 97
-12.602828025817871 3.528162717819214 0.5974984169006348 91 107 81
-5.715868949890137 2.0594842433929443 0.17161643505096436 114 137 117
-15.761265754699707 5.042065143585205 0.30936115980148315 119 139 112
-5.813274383544922 1.631037712097168 0.05479839816689491 85 89 74
-12.928258895874023 4.666084289550781 -0.11322940140962601 109 113 98
-6.909641742706299 2.2145321369171143 -0.12943817675113678 92 104 80
-9.25134563446045 2.598623037338257 -0.2637147307395935 98 109 75
-5.304612159729004 1.916954755783081 -0.2523786723613739 97 113 86
-6.1417059898376465 1.9718379974365234 -0.3505875766277313 88 99 67
-8.719738960266113 2.453897476196289 -0.5800683498382568 87 104 72
-5.673490047454834 2.0542893409729004 -0.49226462841033936 80 96 60
-6.587455749511719 2.117486000061035 -0.6295944452285767 112 136 102
-6.825516223907471 1.9222420454025269 -0.715154230594635 53 93 40
-5.518955707550049 2.002039670944214 -0.6962131857872009 90 105 64
-6.027454853057861 1.9406124353408813 -0.811954140663147 55 102 6
-5.989984035491943 1.6903201341629028 -0.8596537113189697 89 150 47
-4.924107551574707 1.7884914875030518 -0.8158859014511108 65 107 31
-5.178415298461914 1.6695482730865479 -0.9010276198387146 65 100 20
-5.130682468414307 1.448219656944275 -0.9377245903015137 75 104 22
-4.358315467834473 1.5856590270996094 -0.8983060717582703 83 129 41
-4.465419292449951 1.44199800491333 -0.956656813621521 70 115 24
-4.522532939910889 1.2770707607269287 -1.0066887140274048 79 125 53
-4.0005059242248535 1.4589593410491943 -0.990845263004303 103 137 50
-10.883103370666504 3.9364864826202393 2.0367021560668945 109 152 195
-13.522579193115234 4.337818145751953 2.359668254852295 106 133 150
-6.60731840133667 1.8584001064300537 1.0726169347763062 95 144 159
-8.102992057800293 2.9365017414093018 1.1940999031066895 73 70 65
-8.221068382263184 2.6435132026672363 1.1125314235687256 121 147 118
-16.304479598999023 4.597225189208984 2.018198013305664 85 115 103
-8.128764152526855 2.9504969120025635 0.8767211437225342 105 122 106
-12.915870666503906 4.161601543426514 1.247603178024292 89 99 90
-7.903533458709717 2.2342958450317383 0.675398588180542 97 113 84
-13.54162311553955 4.920017242431641 0.9347350597381592 125 149 127
-8.040691375732422 2.595270872116089 0.46616819500923157 95 116 97
-12.736116409301758 3.607649087905884 0.6043394804000854 98 113 90
-8.057023048400879 2.9309840202331543 0.24217739701271057 85 76 71
-6.7336249351501465 2.1768972873687744 0.13229764997959137 81 92 78
-6.1372294425964355 1.7422587871551514 0.057902250438928604 95 113 87
-5.527273654937744 2.0140984058380127 -0.04846333712339401 106 112 86
-6.222711086273193 2.01544451713562 -0.11668520420789719 106 118 94
-6.713505268096924 1.9080066680908203 -0.19153815507888794 72 83 66
-5.332491397857666 1.9455465078353882 -0.2539878785610199 88 101 83
-8.935600280761719 2.8991072177886963 -0.5105770230293274 84 100 61
-6.228188514709473 1.7733676433563232 -0.41468143463134766 105 115 46
-5.551084518432617 2.029252767562866 -0.4821818768978119 115 116 82
-6.572403430938721 2.1349167823791504 -0.628778874874115 74 101 46
-6.308620452880859 1.7975785732269287 -0.6615703105926514 74 91 47
-5.510922431945801 2.0182793140411377 -0.6959776878356934 67 97 35
-6.016756534576416 1.9575607776641846 -0.8113181591033936 56 96 10
-5.904757022857666 1.6858450174331665 -0.8481606245040894 82 131 22
-4.890766620635986 1.7933849096298218 -0.8112694621086121 95 119 85
-5.178897380828857 1.6872612237930298 -0.9020078778266907 76 125 7
-5.207658767700195 1.4872123003005981 -0.9526228308677673 85 112 17
-4.625288486480713 1.6988768577575684 -0.9544025659561157 80 132 47
-4.4823994636535645 1.4626822471618652 -0.9612513780593872 81 135 47
-4.499789714813232 1.2855675220489502 -1.0024993419647217 69 119 20
-4.009721279144287 1.476273536682129 -0.9942447543144226 65 99 38
-10.581415176391602 3.8641157150268555 1.9824525117874146 107 128 113
-12.75942611694336 4.136227130889893 2.228703260421753 75 98 78
-14.786335945129395 4.207857131958008 2.4024641513824463 48 56 45
-13.264172554016113 4.852989196777344 1.9568637609481812 76 130 164
-8.226125717163086 2.673013687133789 1.1143202781677246 113 136 108
-12.677021980285645 3.616445302963257 1.5705506801605225 98 114 77
-8.12341022491455 2.9767909049987793 0.8771246075630188 107 127 125
-14.943553924560547 4.865594387054443 1.444901466369629 111 125 108
-7.951260089874268 2.2741544246673584 0.6800701022148132 138 150 114
-4.41919469833374 1.6209710836410522 0.3053847551345825 86 107 90
-12.785666465759277 4.170148849487305 0.7420017719268799 104 118 92
-12.703862190246582 3.6406517028808594 0.6033361554145813 105 130 109
-6.3683953285217285 2.33884334564209 0.19163551926612854 93 98 91
-6.148122310638428 2.0084657669067383 0.12091459333896637 87 98 81
-6.6941022872924805 1.9225575923919678 0.06321147084236145 112 130 106
-5.098752975463867 1.8756884336471558 -0.04475630074739456 94 101 85
-6.119574069976807 2.002804756164551 -0.11486590653657913 94 111 105
-8.917234420776367 2.5639092922210693 -0.2546343505382538 94 99 76
-9.648066520690918 3.5536513328552246 -0.46005693078041077 95 105 71
-6.305026054382324 2.067032814025879 -0.3606276214122772 101 114 86
-6.779876708984375 1.9529576301574707 -0.45181038975715637 52 69 33
-5.931007385253906 2.1887881755828857 -0.5157638788223267 137 152 97
-6.5412211418151855 2.146995782852173 -0.6264228820800781 77 117 55
-6.727550983428955 1.939283847808838 -0.7061232328414917 67 93 46
-5.679812431335449 2.099916934967041 -0.7181171178817749 54 93 14
-5.998473167419434 1.971983790397644 -0.809664785861969 71 81 56
-6.017567157745361 1.7380372285842896 -0.8651266098022461 59 108 16
-5.08632230758667 1.8828155994415283 -0.8446619510650635 70 118 18
-5.224299430847168 1.7198001146316528 -0.9108302593231201 76 117 11
-4.922054767608643 1.4219956398010254 -0.901171863079071 92 125 70
-4.63938570022583 1.720226764678955 -0.9583959579467773 116 144 85
-4.472307205200195 1.4745862483978271 -0.9600527882575989 95 144 79
-4.489249229431152 1.2974661588668823 -1.0010331869125366 64 118 20
-3.981436014175415 1.4797459840774536 -0.9883522391319275 102 130 46
-10.806072235107422 3.983771800994873 2.026822805404663 39 39 91
-12.877920150756836 4.218344211578369 2.25165057182312 91 102 124
-8.516517639160156 2.4518775939941406 1.3849680423736572 127 131 96
-13.27059268951416 4.901553630828857 1.9600201845169067 121 144 126
-8.204693794250488 2.6939070224761963 1.1125314235687256 118 131 113
-12.682085990905762 3.660001277923584 1.5725617408752441 83 96 76
-8.1021089553833 2.9972119331359863 0.875813364982605 92 113 108
-14.927610397338867 4.911106586456299 1.444809913635254 105 126 111
-13.241366386413574 3.8311734199523926 1.133532166481018 85 109 77
-14.695911407470703 5.441705226898193 1.0166975259780884 103 129 92
-6.171613693237305 2.033891439437866 0.35852310061454773 98 106 82
-6.618321895599365 1.9186594486236572 0.3145976662635803 107 120 90
-4.5541510581970215 1.6884220838546753 0.13719715178012848 101 116 95
-6.133386611938477 2.024498224258423 0.12074637413024902 93 103 79
-7.857762813568115 2.282881736755371 0.07426553964614868 87 96 77
-5.09766149520874 1.893062949180603 -0.04479748755693436 139 167 129
-6.110552787780762 2.020627975463867 -0.11481238901615143 78 84 74
-7.855410575866699 2.284726142883301 -0.22451277077198029 94 95 81
-5.742756366729736 2.1352484226226807 -0.27414777874946594 109 120 104
-5.8559956550598145 1.9397401809692383 -0.3352832794189453 79 107 67
-6.835172176361084 1.991615891456604 -0.4559003412723541 94 108 83
-5.862621307373047 2.1840100288391113 -0.5103972554206848 60 84 34
-6.496792793273926 2.154514789581299 -0.6227982640266418 105 132 77
-6.332813262939453 1.846558690071106 -0.6652830243110657 137 154 112
-5.666830062866211 2.1149020195007324 -0.7172927260398865 42 71 27
-5.869082927703857 1.949419379234314 -0.7930034399032593 64 93 29
-5.986534118652344 1.7489901781082153 -0.8614324331283569 68 111 19
-4.907437801361084 1.8337359428405762 -0.8158859014511108 84 115 39
-4.884795665740967 1.6246652603149414 -0.8525044918060303 71 111 41
-4.907270431518555 1.4340507984161377 -0.8992663025856018 113 128 85
-4.407336711883545 1.468171238899231 -0.9470682740211487 100 149 42
-4.482431411743164 1.3104097843170166 -1.000404715538025 76 125 46
-11.826659202575684 4.4012837409973145 2.2207696437835693 92 116 102
-11.338397026062012 3.7526087760925293 1.9844751358032227 114 146 161
-14.626485824584961 4.2595534324646 2.3806936740875244 110 146 136
-13.262917518615723 4.94501256942749 1.9611181020736694 72 112 147
-8.172856330871582 2.71125864982605 1.1093369722366333 99 120 113
-8.449104309082031 2.466484785079956 1.048611044883728 97 108 102
-15.532393455505371 5.800131320953369 1.680920124053955 107 129 108
-12.847726821899414 4.270562648773193 1.2447649240493774 104 114 106
-19.131244659423828 5.598977565765381 1.6392000913619995 98 115 79
-14.687559127807617 5.48991060256958 1.0172802209854126 88 108 80
-6.024189472198486 2.00581693649292 0.350314736366272 94 112 98
-7.545119285583496 2.2124552726745605 0.35897335410118103 125 138 120
-5.596546649932861 2.094435930252075 0.16879285871982574 73 90 72
-6.148961544036865 2.0505805015563965 0.12117627263069153 69 94 75
-7.804670810699463 2.2934458255767822 0.07382990419864655 107 123 87
-5.092765808105469 1.9090443849563599 -0.044805727899074554 143 162 130
-5.412052154541016 1.8080873489379883 -0.1017918810248375 90 101 69
-8.583909034729004 2.5251965522766113 -0.24555398523807526 40 57 41
-6.39259672164917 2.139270305633545 -0.3663802742958069 103 119 72
-8.343401908874512 2.4588754177093506 -0.5569984912872314 92 97 65
-6.480709552764893 2.1712729930877686 -0.6218921542167664 83 108 50
-6.6429972648620605 1.9591370820999146 -0.6984970569610596 70 111 35
-5.889404773712158 1.9762516021728516 -0.7965646386146545 77 118 42
-5.96973991394043 1.7639799118041992 -0.8597905039787292 94 136 62
-5.207102298736572 1.7496237754821777 -0.9096866250038147 76 125 46
-4.862234592437744 1.4370956420898438 -0.8918171525001526 81 119 58
-4.454817295074463 1.4991873502731323 -0.9582549929618835 73 102 35
-4.445571422576904 1.3144516944885254 -0.9930734634399414 55 84 18
-14.628530502319336 4.294454097747803 2.962390422821045 86 128 153
-11.05893611907959 4.154247760772705 2.0789926052093506 100 128 152
-11.357704162597656 3.7976999282836914 1.9898841381072998 89 111 108
-8.266270637512207 2.4348554611206055 1.3466768264770508 77 90 72
-13.472959518432617 5.070460319519043 1.994466781616211 98 136 145
-8.160737991333008 2.7350592613220215 1.108825922012329 84 105 98
-8.052945137023926 2.3776724338531494 1.0003447532653809 130 170 170
-15.835707664489746 5.968817234039307 1.7157186269760132 92 107 86
-14.582844734191895 4.8970465660095215 1.4143224954605103 80 101 84
-19.297462463378906 5.711955547332764 1.654935598373413 72 84 72
-5.9754204750061035 2.0099644660949707 0.3478357195854187 98 118 109
-7.547873497009277 2.2384331226348877 0.35942941904067993 118 130 90
-6.129376411437988 2.0649666786193848 0.12091459333896637 88 95 79
-6.427865982055664 1.9103069305419922 0.06086089462041855 115 117 103
-6.267613410949707 2.1153147220611572 -0.11800508946180344 87 93 81
-8.658519744873047 2.5760343074798584 -0.24791324138641357 93 111 63
-6.468299865722656 2.1866936683654785 -0.37110182642936707 100 114 101
-7.139385223388672 2.127868413925171 -0.4770529866218567 92 97 75
-6.5060906410217285 2.202000379562378 -0.6249730587005615 63 93 21
-6.4004998207092285 1.9089841842651367 -0.6736116409301758 69 102 33
-5.797830581665039 1.9653338193893433 -0.7849907279014587 71 94 12
-5.957656383514404 1.7803010940551758 -0.8588327765464783 92 136 51
-4.899958610534668 1.6631687879562378 -0.8569156527519226 111 159 60
-4.9181952476501465 1.4700573682785034 -0.9029042720794678 57 95 34
-4.402884006500244 1.4967633485794067 -0.9480671286582947 73 112 49
-4.4302754402160645 1.3247227668762207 -0.9905598759651184 73 114 12
-11.343196868896484 3.83158016204834 1.9893925189971924 87 105 93
-8.29379653930664 2.4706413745880127 1.3523896932601929 126 139 122
-8.123186111450195 2.750223398208618 1.1048649549484253 84 104 79
-15.31102180480957 4.571771144866943 1.9036834239959717 146 175 144
-14.88460636138916 5.049247741699219 1.445084571838379 73 74 68
-12.74343204498291 3.8145551681518555 1.0938655138015747 105 113 100
-12.821451187133789 4.356609344482422 0.7471250891685486 112 129 110
-7.58594274520874 2.275066614151001 0.3615729510784149 89 100 84
-12.876404762268066 4.382051944732666 0.25427764654159546 94 104 80
-6.00827169418335 1.8056867122650146 0.056940238922834396 68 70 65
-6.404940128326416 2.1835737228393555 -0.12071620672941208 75 87 75
-6.012423038482666 1.8088793754577637 -0.17230752110481262 123 125 88
-6.146892547607422 2.0990734100341797 -0.353029727935791 80 101 70
-5.93175745010376 1.787772297859192 -0.39672404527664185 95 115 87
-6.544536590576172 2.2374141216278076 -0.6293225884437561 97 133 69
-6.471771240234375 1.9518826007843018 -0.6817395091056824 60 96 52
-5.7936506271362305 1.9837546348571777 -0.7852451205253601 44 82 7
-5.728379249572754 1.7309486865997314 -0.8265427350997925 92 151 67
-4.897632598876953 1.679153561592102 -0.8574057817459106 73 118 27
-4.916490077972412 1.4859939813613892 -0.9034239053726196 90 129 76
-4.378809928894043 1.5035816431045532 -0.9438721537590027 52 93 17
-4.433678150177002 1.3405723571777344 -0.992235541343689 89 140 63
-11.432219505310059 3.9007670879364014 2.0070948600769043 109 129 117
-8.286178588867188 2.496074676513672 1.3523896932601929 104 153 158
-8.14004898071289 2.7837975025177 1.108314871788025 126 138 136
-14.740827560424805 4.450816631317139 1.8344780206680298 87 108 75
-12.559181213378906 4.303412914276123 1.2205947637557983 61 77 67
-12.753608703613281 3.860274076461792 1.0957504510879517 66 73 55
-12.808969497680664 4.396248817443848 0.7471802234649658 59 50 53
-13.063324928283691 3.961487054824829 0.6232208013534546 100 103 86
-6.461706638336182 2.221168041229248 0.12773694097995758 109 113 96
-5.8257036209106445 1.7703242301940918 0.05526125431060791 91 107 81
-6.0314106941223145 2.076906204223633 -0.11379572004079819 54 52 39
-6.808268070220947 2.0711143016815186 -0.1952964961528778 104 119 98
-5.208740711212158 1.7965707778930664 -0.29946473240852356 99 120 87
-5.39261531829834 1.6433442831039429 -0.36100098490715027 124 136 88
-6.1272149085998535 2.1157596111297607 -0.5898143649101257 91 123 73
-6.351550579071045 1.9369025230407715 -0.6696982383728027 101 106 74
-5.805347919464111 2.0076794624328613 -0.787661612033844 89 112 84
-5.7183051109313965 1.7470676898956299 -0.8258585929870605 68 102 26
-5.218745708465576 1.807159185409546 -0.9145879149436951 81 113 38
-4.507841110229492 1.3775885105133057 -0.8291058540344238 71 117 44
-4.393617153167725 1.5237507820129395 -0.9480671286582947 55 90 36
-4.423934459686279 1.352453351020813 -0.9909788370132446 89 142 72
-15.347552299499512 5.289333820343018 2.6973259449005127 99 132 115
-8.295493125915527 2.5266661643981934 1.3551689386367798 117 152 172
-12.037837982177734 4.158088207244873 1.6407506465911865 72 84 64
-14.931290626525879 4.558355808258057 1.8599125146865845 111 135 119
-15.883781433105469 5.497099876403809 1.5453360080718994 98 119 100
-5.827638626098633 1.7834502458572388 0.5011603832244873 79 82 63
-6.538750171661377 2.2666537761688232 0.3818259835243225 115 127 117
-5.873715400695801 1.8009153604507446 0.28048354387283325 92 102 75
-12.868165016174316 4.467535495758057 0.2546514868736267 83 96 76
-6.078327655792236 1.8674812316894531 0.05771166458725929 104 124 87
-5.432897090911865 1.88947331905365 -0.10261234641075134 115 129 112
-6.570661544799805 2.0208778381347656 -0.18865767121315002 98 104 92
-6.314000606536865 2.1994898319244385 -0.3633953928947449 72 86 50
-8.64544677734375 2.663625478744507 -0.5793014764785767 60 74 38
-6.539148330688477 2.280480146408081 -0.6301381587982178 74 112 35
-6.3313164710998535 1.9519827365875244 -0.6681930422782898 61 92 12
-5.474228382110596 1.9119908809661865 -0.7435281276702881 88 122 71
-5.717650413513184 1.7660647630691528 -0.8265427350997925 125 140 97
-5.214108943939209 1.823487401008606 -0.9147513508796692 61 101 31
-4.785891532897949 1.4786295890808105 -0.8810765743255615 73 119 31
-4.389846324920654 1.5375468730926514 -0.948266863822937 50 90 27
-4.424435138702393 1.3674629926681519 -0.9920260906219482 48 100 26
-10.818333625793457 3.7655694484710693 1.9033390283584595 122 144 142
-7.958158493041992 2.45062518119812 1.3012832403182983 86 134 157
-15.399072647094727 5.372056484222412 2.101121664047241 112 129 111
-19.008516311645508 5.866899490356445 2.3700218200683594 108 118 81
-12.499638557434082 4.368894100189209 1.2173904180526733 112 125 99
-8.124336242675781 2.5136008262634277 0.6993297338485718 88 98 73
-14.669378280639648 5.135598182678223 0.8575246930122375 106 118 94
-6.357653617858887 1.9706522226333618 0.303879976272583 101 107 81
-5.070429801940918 1.7777879238128662 0.10044752061367035 131 164 135
-6.310353755950928 1.9599754810333252 0.059971485286951065 102 125 97
-5.395944595336914 1.8951985836029053 -0.10202375054359436 92 106 89
-6.797340393066406 2.113443613052368 -0.19535134732723236 99 113 90
-5.5762786865234375 1.9617077112197876 -0.32128146290779114 92 107 74
-6.435286998748779 2.0043225288391113 -0.43161630630493164 135 153 115
-5.427465438842773 1.9114853143692017 -0.5235746502876282 71 106 42
-6.588416576385498 2.053403615951538 -0.6959884166717529 90 111 55
-5.541297912597656 1.954511284828186 -0.7534486651420593 41 66 45
-5.621430397033691 1.7552540302276611 -0.8134077787399292 70 102 29
-4.8382487297058105 1.708717942237854 -0.8497270345687866 79 119 31
-5.084043979644775 1.5878483057022095 -0.9368584752082825 87 117 21
-4.387879371643066 1.551987648010254 -0.9488661289215088 63 107 10
-4.387552738189697 1.3708244562149048 -0.9846948981285095 88 141 49
-11.286946296691895 3.967545747756958 1.987917184829712 97 113 103
-8.309078216552734 2.586622476577759 1.3599553108215332 49 77 78
-8.084148406982422 2.848052501678467 1.104225993156433 60 58 82
-18.721220016479492 5.841194152832031 2.3364245891571045 133 155 119
-12.658016204833984 4.467875957489014 1.234144687652588 100 129 109
-5.705295562744141 1.784367561340332 0.4915715157985687 120 142 130
-14.623429298400879 5.169929027557373 0.8557617664337158 97 109 95
-7.7176008224487305 2.418165922164917 0.36923494935035706 73 93 84
-6.4758620262146 2.292893171310425 0.12842853367328644 95 103 88
-6.497981548309326 2.0401318073272705 0.0618138313293457 101 117 91
-5.314718723297119 1.8850064277648926 -0.1005968451499939 78 101 93
-6.526668071746826 2.0512659549713135 -0.1877523809671402 86 99 82
-9.405415534973145 3.3412413597106934 -0.5424880981445312 79 97 57
-6.065483093261719 1.909577488899231 -0.4072045087814331 107 127 90
-5.90762186050415 2.100985050201416 -0.5705133080482483 59 96 45
-6.43025016784668 2.025773048400879 -0.6799333691596985 80 97 52
-5.536209583282471 1.9718352556228638 -0.75357586145401 91 101 66
-5.774722099304199 1.8225810527801514 -0.8363939523696899 77 117 20
-4.979803562164307 1.7759127616882324 -0.8755406737327576 68 116 32
-4.937330722808838 1.5586678981781006 -0.9106999039649963 59 111 3
-4.391402721405029 1.5684083700180054 -0.9506640434265137 118 150 87
-4.394515514373779 1.3878124952316284 -0.9872084856033325 52 108 9
-11.32213306427002 4.018984794616699 1.99627685546875 103 146 162
-14.703168869018555 4.626635551452637 2.408794641494751 109 132 114
-13.435281753540039 4.779646873474121 1.8371398448944092 113 126 134
-14.893439292907715 4.697080135345459 1.8605040311813354 98 95 80
-14.166625022888184 5.049297332763672 1.3827364444732666 100 117 107
-14.618195533752441 4.621216297149658 1.2607276439666748 116 118 115
-7.869844436645508 2.809476137161255 0.4610448479652405 73 84 52
-6.237827777862549 1.9755431413650513 0.2987263798713684 127 138 98
-5.50285530090332 1.967402696609497 0.10925116389989853 90 98 85
-6.871033191680908 2.180436849594116 0.06542591005563736 105 113 92
-5.316441059112549 1.9039998054504395 -0.10073953121900558 76 94 82
-5.64861536026001 1.7943626642227173 -0.16265106201171875 133 149 123
-5.593273162841797 2.0063376426696777 -0.3229638636112213 74 111 57
-6.46566104888916 2.0573880672454834 -0.4344920516014099 88 107 79
-5.641520023345947 2.025866985321045 -0.5454128980636597 74 109 43
-6.43348503112793 2.0485098361968994 -0.6809367537498474 69 107 50
-5.200659275054932 1.870321273803711 -0.70867919921875 95 109 73
-5.907833576202393 1.88454270362854 -0.8565067648887634 90 130 41
-4.918638706207275 1.7711280584335327 -0.865738034248352 72 109 39
-4.947537899017334 1.5785980224609375 -0.9134715795516968 59 100 6
-4.1754913330078125 1.505754828453064 -0.9049186706542969 65 108 29
-4.374401092529297 1.3962335586547852 -0.9836475253105164 74 116 14
-10.710784912109375 3.839017391204834 1.8905538320541382 112 141 121
-13.611787796020508 4.329151630401611 2.232161045074463 93 102 109
-13.30481243133545 4.779266834259033 1.8212958574295044 86 105 138
-14.872336387634277 4.7406392097473145 1.8596758842468262 94 104 96
-14.158563613891602 5.095433712005615 1.3834689855575562 111 136 106
-14.614392280578613 4.669379234313965 1.2616292238235474 99 126 109
-25.222681045532227 9.091650009155273 1.479265809059143 113 123 99
-6.174653053283691 1.9763994216918945 0.2959899604320526 119 146 127
-7.959771156311035 2.8733811378479004 0.15820391476154327 109 133 107
-6.754810333251953 2.1663875579833984 0.06438221782445908 127 140 130
-8.309056282043457 3.0045511722564697 -0.15761956572532654 83 87 70
-6.730964183807373 2.160942554473877 -0.19400712847709656 114 124 89
-5.17399787902832 1.8738771677017212 -0.2990848422050476 81 95 72
-8.577906608581543 2.758519172668457 -0.5770008563995361 74 101 66
-5.870276927947998 2.1283681392669678 -0.5681573152542114 81 95 62
-6.483997344970703 2.086524486541748 -0.6869574189186096 55 105 18
-5.526803493499756 2.0067834854125977 -0.7539574503898621 107 136 82
-5.932194232940674 1.9123848676681519 -0.8608850836753845 81 111 61
-4.832516193389893 1.7568835020065308 -0.8515242338180542 67 102 22
-4.867682933807373 1.5695892572402954 -0.8996127843856812 77 111 50
-4.348550319671631 1.5832558870315552 -0.9434725642204285 93 125 62
-4.298441410064697 1.3865336179733276 -0.9675188064575195 84 134 35
-10.584861755371094 3.8305695056915283 1.8703927993774414 132 153 174
-13.106501579284668 4.212769031524658 2.151409864425659 95 118 110
-13.31992244720459 4.830883979797363 1.825384497642517 121 149 153
-14.851104736328125 4.78411340713501 1.858847737312317 111 135 99
-14.245816230773926 5.176255702972412 1.3935397863388062 149 168 140
-12.025033950805664 3.882763385772705 1.039119005203247 111 126 103
-13.465243339538574 4.900348663330078 0.7905908226966858 83 109 84
-7.896517753601074 2.5542731285095215 0.37890365719795227 65 66 61
-7.97628116607666 2.907031536102295 0.1587085723876953 100 119 97
-12.763805389404297 4.136808395385742 0.12177623808383942 89 100 42
-4.501633644104004 1.6434228420257568 -0.08548948168754578 87 99 75
-6.212753772735596 2.0156195163726807 -0.17924810945987701 111 121 96
-5.354846954345703 1.9579797983169556 -0.3098846673965454 55 79 47
-6.498472213745117 2.1118264198303223 -0.4375595152378082 66 96 36
-5.556972980499268 2.034085750579834 -0.5384355187416077 64 95 51
-6.454857349395752 2.0990231037139893 -0.6845492124557495 81 117 27
-5.51317024230957 2.02099871635437 -0.7529398798942566 30 70 7
-5.87355375289917 1.9133930206298828 -0.8532230257987976 72 120 68
-4.79005765914917 1.7581042051315308 -0.8449891209602356 83 111 70
-4.857226371765137 1.5826849937438965 -0.8985733389854431 72 127 36
-4.401612758636475 1.6178865432739258 -0.9560575485229492 64 117 11
-4.34622859954834 1.4166843891143799 -0.9792487621307373 38 89 32
-11.112322807312012 4.060052871704102 1.9657893180847168 70 95 115
-12.893362998962402 4.1879472732543945 2.1185226440429688 105 150 169
-19.20597267150879 7.03239107131958 2.634963035583496 88 115 122
-12.57969856262207 4.0950469970703125 1.57611083984375 91 109 93
-15.218976974487305 5.582770824432373 1.4904037714004517 83 91 67
-14.595888137817383 4.762363910675049 1.26253080368042 133 149 122
-4.511810779571533 1.6576571464538574 0.2652013301849365 123 143 106
-8.070003509521484 2.6377663612365723 0.3876146078109741 82 107 88
-7.953250885009766 2.9263103008270264 0.15842822194099426 35 39 12
-6.524723052978516 2.1368353366851807 0.06231298670172691 133 149 120
-5.41689920425415 1.9964160919189453 -0.1029869094491005 93 108 87
-6.487706184387207 2.1268441677093506 -0.18736831843852997 84 92 79
-5.620471477508545 2.0746750831604004 -0.32562312483787537 89 114 72
-6.43886661529541 2.114318609237671 -0.4339808225631714 87 103 74
-5.859909534454346 2.1653828620910645 -0.568429172039032 94 118 42
-6.421920299530029 2.1101198196411133 -0.6817395091056824 40 88 30
-5.57112979888916 2.0616559982299805 -0.7617157101631165 67 100 21
-5.858246803283691 1.9283066987991333 -0.8518548607826233 80 123 31
-4.785566329956055 1.7731343507766724 -0.8451524972915649 75 111 39
-4.817734718322754 1.5861834287643433 -0.8921635746955872 73 109 9
-4.4554219245910645 1.6531983613967896 -0.9688423275947571 82 129 37
-4.300997257232666 1.4165527820587158 -0.970032274723053 70 121 55
-11.833754539489746 4.364837169647217 2.095770835876465 80 105 102
-12.86731243133545 4.223170280456543 2.116360902786255 117 137 135
-19.178726196289062 7.089217662811279 2.6341962814331055 123 146 126
-12.439735412597656 4.091736316680908 1.5601402521133423 89 100 70
-8.141107559204102 3.014768600463867 0.7981656789779663 72 75 80
-12.634207725524902 4.16523551940918 1.093947410583496 95 113 87
-4.4140238761901855 1.6371171474456787 0.2597474455833435 73 95 74
-8.129220962524414 2.6847548484802246 0.3908527195453644 105 127 104
-7.935799598693848 2.947563409805298 0.15825997292995453 124 147 127
-6.148845195770264 2.034644842147827 0.058782581239938736 123 134 104
-12.846545219421387 4.779453754425049 -0.24451811611652374 137 154 112
-6.434653282165527 2.1313369274139404 -0.18602408468723297 135 132 99
-5.615015506744385 2.092257261276245 -0.32567739486694336 83 97 62
-8.915874481201172 2.9580225944519043 -0.6015404462814331 91 115 57
-5.974539279937744 2.22859787940979 -0.5802091360092163 77 111 51
-6.36536979675293 2.1131975650787354 -0.6764212846755981 59 83 31
-5.591724395751953 2.088804006576538 -0.7654041051864624 56 58 47
-5.79402494430542 1.9268890619277954 -0.8433718681335449 79 103 51
-4.82219123840332 1.6040652990341187 -0.8938959836959839 57 102 47
-4.258591651916504 1.4170833826065063 -0.9614442586898804 53 102 10
-10.540837287902832 3.924729824066162 1.8689175844192505 94 108 83
-13.527628898620605 4.485911846160889 2.227220296859741 104 131 96
-13.296268463134766 4.961247444152832 1.828323483467102 66 80 83
-14.713155746459961 4.889594078063965 1.8471360206604004 108 123 126
-8.124357223510742 3.0369415283203125 0.7974332571029663 91 106 101
-12.88896369934082 4.2931084632873535 1.1171410083770752 88 106 82
-4.411786079406738 1.651701807975769 0.25991272926330566 80 106 95
-8.11999797821045 2.7093660831451416 0.3908070921897888 95 103 82
-5.457986831665039 2.0463156700134277 0.10897079855203629 101 124 98
-12.807699203491211 4.281691074371338 0.12256582081317902 122 141 109
-6.245128631591797 2.0898447036743164 -0.18072949349880219 91 111 86
-6.247882843017578 2.0941619873046875 -0.4219666123390198 92 110 72
-6.244716167449951 2.0944342613220215 -0.6642796397209167 61 106 41
-5.766488552093506 1.9373996257781982 -0.8402249217033386 86 110 34
-4.825649261474609 1.6216754913330078 -0.8954550623893738 82 129 33
-4.260711669921875 1.4323229789733887 -0.9629104733467102 53 91 14
-10.88056755065918 4.08927583694458 1.9313678741455078 108 120 98
-8.023966789245605 2.6881885528564453 1.3224360942840576 104 126 114
-8.046185493469238 3.0304341316223145 1.1076760292053223 88 106 108
-8.188718795776367 2.7492666244506836 1.0290915966033936 73 83 59
-12.762381553649902 4.294488906860352 1.1073062419891357 120 130 103
-8.132473945617676 2.7412850856781006 0.39181044697761536 116 124 113
-6.496253490447998 2.1939172744750977 0.06223130598664284 90 98 87
-6.254786491394043 2.1144368648529053 -0.18119585514068604 98 107 104
-6.317993640899658 2.13924503326416 -0.4271429777145386 119 135 109
-6.3145904541015625 2.13944411277771 -0.6724075078964233 68 88 39
-5.635757923126221 1.9127392768859863 -0.8220276236534119 41 84 41
-4.829977512359619 1.6396387815475464 -0.8971874713897705 69 102 13
-4.2627787590026855 1.4475888013839722 -0.9643767476081848 54 90 46
-7.92771053314209 2.68302059173584 1.3079224824905396 93 132 101
-8.214098930358887 2.785857915878296 1.0333504676818848 105 114 95
-19.075122833251953 6.48391580581665 1.6567386388778687 114 133 111
-6.55803918838501 2.2330057621002197 0.3162851333618164 137 157 130
-6.330495834350586 2.1595969200134277 0.06070660427212715 119 135 122
-6.182050704956055 2.111004114151001 -0.1792755424976349 127 133 97
-6.345393657684326 2.1702444553375244 -0.4294435381889343 76 93 61
-6.203506946563721 2.123046875 -0.6612693071365356 86 116 30
-5.614870071411133 1.9248805046081543 -0.8198384046554565 93 142 61
-4.8659162521362305 1.668505072593689 -0.9048097729682922 78 119 43
-4.241669178009033 1.4549494981765747 -0.9606064558029175 69 105 17
-18.852962493896484 6.445048809051514 3.113630533218384 99 118 132
-8.177331924438477 2.8013908863067627 1.0298014879226685 83 96 112
-12.68488883972168 4.3552398681640625 1.102880597114563 78 84 72
-12.847259521484375 4.418509483337402 0.6202563047409058 97 131 107
-12.760185241699219 4.396782875061035 0.1224932074546814 117 127 93
-10.089715957641602 3.4799673557281494 -0.2929035723209381 141 145 86
-5.212453842163086 1.8006386756896973 -0.353140652179718 79 104 46
-6.029580593109131 2.0842103958129883 -0.6434080004692078 83 128 69
-5.461039066314697 1.8908874988555908 -0.7982205152511597 116 146 108
-4.834716320037842 1.6744009256362915 -0.8999592065811157 86 119 64
-4.2076191902160645 1.4577127695083618 -0.9539035558700562 62 105 26
-14.802372932434082 5.111093521118164 2.447240114212036 65 70 108
-8.181836128234863 2.8310110569000244 1.0314576625823975 90 110 101
-14.29859733581543 4.958382606506348 1.2445003986358643 92 120 98
-8.096519470214844 2.812412738800049 0.3913087844848633 118 143 121
-12.858076095581055 4.474691390991211 0.12356413155794144 122 139 123
-10.105424880981445 3.520113229751587 -0.29367172718048096 115 146 104
-8.77145767211914 3.0602478981018066 -0.594894289970398 75 111 47
-6.092670440673828 2.1269659996032715 -0.6508334875106812 75 110 26
-5.38975715637207 1.8847439289093018 -0.7886430025100708 82 137 79
-4.268974781036377 1.4931520223617554 -0.7954980731010437 74 114 41
-4.1892828941345215 1.4657707214355469 -0.9507614970207214 64 101 31
-13.915285110473633 4.85262393951416 2.303030490875244 116 143 164
-8.181549072265625 2.8590474128723145 1.0325223207473755 99 117 103
-14.394311904907227 5.041098117828369 1.2541712522506714 98 121 103
-7.85407829284668 2.75523042678833 0.37999823689460754 94 115 96
-5.24054479598999 1.8417868614196777 0.05041489005088806 95 101 91
-5.429666042327881 1.910063624382019 -0.15795999765396118 65 63 42
-8.765792846679688 3.088470697402954 -0.5951499938964844 69 97 38
-5.414260387420654 1.9087865352630615 -0.5789869427680969 49 89 19
-5.556751728057861 1.9622933864593506 -0.8139551281929016 82 96 60
-4.805778503417969 1.697474479675293 -0.8964945077896118 85 137 37
-4.193064212799072 1.4815483093261719 -0.9526467323303223 46 92 4
-11.534219741821289 4.062016487121582 1.9110089540481567 71 90 104
-15.851068496704102 5.5937933921813965 2.002582311630249 127 148 133
-14.63810920715332 5.1769514083862305 1.2767910957336426 128 147 117
-9.907737731933594 3.509833812713623 0.4798777103424072 118 127 110
-5.345127105712891 1.8969863653182983 0.05147673562169075 100 119 99
-5.412477016448975 1.9226973056793213 -0.1576308012008667 117 122 92
-8.832433700561523 3.1424448490142822 -0.6003262400627136 83 108 68
-5.80111837387085 2.06520414352417 -0.6210311651229858 78 90 52
-5.366894721984863 1.913786768913269 -0.7870011329650879 130 155 133
-4.748600006103516 1.6936821937561035 -0.8867933750152588 73 103 49
-4.172842502593994 1.4888193607330322 -0.9490858316421509 91 135 12
-13.76423168182373 4.89487886428833 2.282958507537842 60 56 81
-7.8692121505737305 2.804199457168579 0.9952577948570251 120 161 155
-14.968494415283203 5.345519065856934 1.307032823562622 93 116 90
-4.542125225067139 1.624756932258606 0.22023659944534302 102 123 104
-5.802421569824219 2.079345941543579 0.05594192445278168 55 69 46
-8.302718162536621 2.97812819480896 -0.24206998944282532 98 122 74
-8.780488014221191 3.1543445587158203 -0.5974504947662354 84 96 48
-5.683335781097412 2.042940855026245 -0.6090902090072632 85 104 74
-5.230515003204346 1.883262276649475 -0.7678460478782654 54 96 14
-4.773960113525391 1.719254970550537 -0.8925101161003113 52 89 19
-4.120418071746826 1.4843811988830566 -0.9381936192512512 51 100 19
-17.595117568969727 6.318105220794678 2.9215569496154785 63 82 80
-7.861506462097168 2.828665018081665 0.9953761100769043 113 142 160
-15.075779914855957 5.43604040145874 1.317850947380066 133 136 107
-4.549333572387695 1.6430957317352295 0.22082948684692383 82 93 85
-9.623038291931152 3.481847047805786 0.09287956357002258 112 132 97
-8.302001953125 3.00665020942688 -0.24231687188148499 107 111 84
-5.44877815246582 1.9763401746749878 -0.37116190791130066 90 101 67
-5.807042598724365 2.107548952102661 -0.6230380535125732 85 103 45
-4.864419460296631 1.7683258056640625 -0.7148958444595337 76 104 19
-4.78162145614624 1.7386049032211304 -0.8949354290962219 67 113 23
-4.11216926574707 1.4956786632537842 -0.9373558163642883 58 94 22
-11.438755989074707 4.14712381362915 1.9014360904693604 94 106 130
-15.458258628845215 5.615692615509033 1.9594027996063232 119 143 130
-15.80730152130127 5.754676342010498 1.3833338022232056 95 117 94
-4.710387706756592 1.717618703842163 0.2289019376039505 92 115 99
-5.102020263671875 1.863755464553833 0.049298591911792755 101 127 100
-5.1851911544799805 1.8958816528320312 -0.1515132039785385 108 117 88
-5.400519847869873 1.9776057004928589 -0.3682861924171448 93 111 63
-5.666022300720215 2.0760631561279297 -0.608588457107544 77 109 34
-5.073789119720459 1.862079381942749 -0.7465017437934875 74 119 28
-4.768868446350098 1.750551462173462 -0.8935495615005493 97 128 60
-4.084614276885986 1.4998613595962524 -0.9321191906929016 89 163 68
-13.66756820678711 5.002676486968994 2.2744665145874023 51 65 110
-25.629581451416016 9.399848937988281 3.2523033618927 115 147 142
-13.86907958984375 5.097306251525879 1.215078353881836 54 75 60
-6.475014686584473 2.383612632751465 0.31500813364982605 98 119 104
-11.25178050994873 4.149418354034424 0.10884352773427963 95 103 90
-5.25249719619751 1.9387803077697754 -0.15365299582481384 97 100 81
-5.70051383972168 2.107316255569458 -0.3891831934452057 115 126 84
-5.715616226196289 2.1141467094421387 -0.6146091818809509 68 101 56
-5.471192836761475 2.026994228363037 -0.8058825731277466 102 122 63
-4.753316879272461 1.7614094018936157 -0.8916439414024353 109 152 99
-3.982807159423828 1.4763604402542114 -0.9099159240722656 65 107 35
-10.657782554626465 3.938138723373413 1.7756001949310303 80 103 119
-15.959881782531738 5.909024238586426 2.027543544769287 118 147 145
-13.88514518737793 5.151618480682373 1.217864751815796 112 123 107
-6.577229022979736 2.4441795349121094 0.32034415006637573 93 102 85
-4.992089748382568 1.8583952188491821 0.0483456552028656 121 138 119
-5.499436378479004 2.0491220951080322 -0.1610599309206009 97 127 103
-5.634183406829834 2.102465867996216 -0.3850933015346527 78 94 55
-5.820023059844971 2.1730873584747314 -0.6265501379966736 84 110 62
-5.518763065338135 2.0638954639434814 -0.8138182759284973 52 94 18
-10.646575927734375 3.971162796020508 1.775754451751709 70 99 103
-13.353097915649414 4.990518093109131 1.6983146667480469 79 109 97
-14.089540481567383 5.2766852378845215 1.2372063398361206 123 140 121
-4.495156288146973 1.686168909072876 0.2191876471042633 92 105 88
-10.988481521606445 4.137140274047852 1.8348897695541382 112 130 106
