ply
format ascii 1.0
element vertex 6779
property float x
property float y
property float z
property uchar red
property uchar green
property uchar blue
end_header
-17.33917236328125 -5.16820764541626 0.685576319694519 232 229 250
-16.650510787963867 -4.950920104980469 0.02304176054894924 43 62 34
-10.739507675170898 -3.189242362976074 -0.3947429656982422 55 61 51
-9.893147468566895 -2.9318923950195312 -0.7407216429710388 76 99 79
-6.446839332580566 -1.9026052951812744 -0.9814329147338867 64 82 70
-19.351398468017578 -5.730205059051514 3.7587268352508545 245 255 254
-18.51468849182129 -5.478227138519287 2.8680543899536133 255 255 255
-15.434074401855469 -4.548852920532227 0.6096956729888916 246 255 254
-15.670731544494629 -4.607308864593506 0.021666234359145164 43 54 46
-10.972664833068848 -3.2218823432922363 -0.40294769406318665 36 45 44
-10.736763000488281 -3.1461024284362793 -0.8031585216522217 72 95 89
-6.001491069793701 -1.7558363676071167 -0.6806256771087646 66 93 62
-5.948250770568848 -1.735640287399292 -0.9047155976295471 85 96 38
-5.281457424163818 -1.5340772867202759 -1.0115749835968018 61 91 27
-4.754115581512451 -1.3779343366622925 -1.102144479751587 71 91 54
-15.446038246154785 -4.500921249389648 0.6096199154853821 214 244 220
-15.456252098083496 -4.492778301239014 0.021350538358092308 30 50 38
-10.220450401306152 -2.966982126235962 -0.3749881684780121 53 64 60
-9.9301118850708 -2.8766849040985107 -0.7421537041664124 99 118 114
-7.28652811050415 -2.107548952102661 -0.8256238102912903 54 79 47
-6.307223796844482 -1.8194060325622559 -0.9584611058235168 74 104 76
-5.425098419189453 -1.5577677488327026 -1.0381667613983154 77 89 85
-4.763950824737549 -1.3649555444717407 -1.103448510169983 86 109 81
-15.454011917114258 -4.451852321624756 0.6093927025794983 236 255 247
-10.87491512298584 -3.1249380111694336 0.015008781105279922 44 49 45
-9.802035331726074 -2.812939167022705 -0.35931819677352905 35 45 46
-10.370390892028809 -2.9697751998901367 -0.7743745446205139 59 70 53
-7.194509506225586 -2.0570356845855713 -0.8144783973693848 72 85 59
-5.95974063873291 -1.6993813514709473 -0.9048600792884827 80 105 48
-5.471482276916504 -1.5529319047927856 -1.0461262464523315 94 98 75
-4.757785797119141 -1.3474079370498657 -1.101057767868042 75 94 48
-15.467597007751465 -4.404419422149658 0.6093927025794983 189 205 205
-10.85078239440918 -3.0819966793060303 0.014962354674935341 71 89 77
-10.591315269470215 -3.0043039321899414 -0.38791152834892273 52 51 47
-10.808451652526855 -3.0593748092651367 -0.806380569934845 76 92 65
-6.189595699310303 -1.7491894960403442 -0.7001029849052429 87 94 78
-5.965878486633301 -1.681357502937317 -0.9050045609474182 65 83 33
-5.471485614776611 -1.534810185432434 -1.0452218055725098 74 90 61
-4.756257057189941 -1.3312263488769531 -1.099753737449646 70 108 87
-19.228221893310547 -5.437991619110107 3.7215585708618164 242 252 251
-18.39681053161621 -5.198696613311768 2.8396973609924316 213 247 248
-15.478153228759766 -4.356132984161377 0.609279215335846 254 255 251
-10.836116790771484 -3.0419352054595947 0.014929193072021008 59 74 53
-10.294477462768555 -2.8860089778900146 -0.37671366333961487 57 63 59
-10.598779678344727 -2.964935064315796 -0.7900553345680237 75 85 60
-7.12273645401001 -1.9893194437026978 -0.8049561381340027 75 76 60
-5.986259937286377 -1.6672943830490112 -0.9073161482810974 68 84 48
-5.456265926361084 -1.512499451637268 -1.041422963142395 105 125 88
-4.77066707611084 -1.3194903135299683 -1.102144479751587 80 94 68
-22.592180252075195 -6.2992706298828125 2.6125447750091553 250 255 255
-15.477002143859863 -4.304609298706055 0.6087111830711365 240 255 255
-15.622963905334473 -4.334044456481934 0.021505732089281082 75 101 66
-9.844844818115234 -2.7274069786071777 -0.35995203256607056 54 62 64
-9.994468688964844 -2.7628493309020996 -0.7443733811378479 78 92 67
-7.453670501708984 -2.0571162700653076 -0.8416385054588318 82 92 83
-5.965588092803955 -1.641831636428833 -0.903415322303772 87 101 86
-5.457086086273193 -1.4947134256362915 -1.0406993627548218 92 104 80
-4.779400825500488 -1.3061344623565674 -1.1032311916351318 60 82 36
-15.922773361206055 -4.376007080078125 0.6257123947143555 255 254 255
-15.618827819824219 -4.281335353851318 0.02148185670375824 61 73 59
-9.995826721191406 -2.7362422943115234 -0.365163654088974 57 68 51
-10.308873176574707 -2.8157472610473633 -0.7671427726745605 56 90 63
-7.438846588134766 -2.028485059738159 -0.8392579555511475 82 99 63
-5.962003707885742 -1.6211849451065063 -0.9021150469779968 57 71 48
-5.464493751525879 -1.4787349700927734 -1.041242003440857 69 99 27
-4.789981842041016 -1.2932462692260742 -1.104752540588379 60 79 47
-15.920693397521973 -4.322946071624756 0.6251065731048584 255 255 253
-10.418684959411621 -2.8215675354003906 0.014317700639367104 71 88 52
-9.993561744689941 -2.7026925086975098 -0.36477628350257874 53 62 59
-10.23560905456543 -2.762018918991089 -0.7610566020011902 85 98 70
-7.658133506774902 -2.063061237335205 -0.8632799983024597 71 78 70
-5.941147327423096 -1.5959551334381104 -0.8982141613960266 85 93 80
-5.46805477142334 -1.4617092609405518 -1.0410610437393188 33 65 28
-4.78638219833374 -1.276532530784607 -1.1030138731002808 61 79 37
-18.49456024169922 -4.982067584991455 2.8451335430145264 255 255 255
-16.010129928588867 -4.294534206390381 0.6280978918075562 255 254 255
-15.540471076965332 -4.157507419586182 0.021338598802685738 47 63 50
-10.122496604919434 -2.7042627334594727 -0.3691779375076294 61 73 73
-10.24981689453125 -2.732144832611084 -0.7614861726760864 86 108 72
-6.209934711456299 -1.6525062322616577 -0.6994537711143494 109 141 126
-5.925930976867676 -1.5723910331726074 -0.8951801061630249 59 78 56
-5.514354228973389 -1.4559738636016846 -1.049020528793335 51 63 51
-4.783668518066406 -1.2601016759872437 -1.1014924049377441 80 92 54
-18.498287200927734 -4.922251224517822 2.8433704376220703 255 254 255
-15.979762077331543 -4.233879089355469 0.6263939738273621 246 255 254
-17.043014526367188 -4.503495693206787 0.023382658138871193 47 59 57
-9.92009162902832 -2.6176095008850098 -0.36150142550468445 70 84 67
-9.461420059204102 -2.490928888320923 -0.7023429870605469 59 70 66
-6.215936660766602 -1.6336994171142578 -0.6995619535446167 71 87 61
-5.943170547485352 -1.5574640035629272 -0.8970583081245422 87 93 65
-5.500712871551514 -1.4343342781066895 -1.0455834865570068 65 92 41
-4.739334583282471 -1.232886791229248 -1.0904079675674438 63 100 49
-23.013957977294922 -6.03798770904541 2.6502954959869385 240 255 252
-15.985908508300781 -4.18306303024292 0.6261289119720459 207 248 242
-9.43114185333252 -2.4611825942993164 0.012928907759487629 58 75 57
-15.44012451171875 -4.63722562789917 -0.1328108012676239 48 56 58
-10.206595420837402 -2.6597423553466797 -0.37164291739463806 57 66 73
-10.048221588134766 -2.6124796867370605 -0.7453041672706604 80 94 68
-6.20263671875 -1.609876275062561 -0.6975060105323792 68 83 52
-5.869369029998779 -1.5188953876495361 -0.885211169719696 97 133 119
-5.4488935470581055 -1.4029827117919922 -1.0349105596542358 53 78 21
-4.796982765197754 -1.2321829795837402 -1.1027965545654297 96 128 65
-18.54250144958496 -4.812382698059082 2.845574140548706 255 255 255
-18.476043701171875 -5.52274227142334 2.67173171043396 232 253 254
-22.769725799560547 -5.89930534362793 2.620072841644287 255 254 255
-15.90578556060791 -4.109999179840088 0.6224939227104187 178 220 219
-15.467233657836914 -4.602789878845215 0.4558367431163788 208 250 176
-16.25496482849121 -4.188727378845215 0.022265788167715073 50 72 59
-15.379508018493652 -4.567627906799316 -0.132168248295784 38 48 50
-10.164379119873047 -2.6154661178588867 -0.3698118031024933 47 58 64
-10.431090354919434 -3.093419313430786 -0.48683246970176697 53 54 58
-9.989527702331543 -2.564526319503784 -0.740363597869873 76 97 64
-8.949484825134277 -2.647921323776245 -0.761408269405365 48 75 44
-6.231621742248535 -1.5970090627670288 -0.7002111673355103 112 127 96
-6.711584568023682 -1.9814538955688477 -0.8298739194869995 71 70 13
-5.86824893951416 -1.4994114637374878 -0.8843443393707275 41 59 17
-5.415044784545898 -1.376566767692566 -1.0276747941970825 70 110 37
-4.813986778259277 -1.220819354057312 -1.1058392524719238 78 104 43
-18.628084182739258 -4.773642539978027 2.8564469814300537 255 255 255
-18.55939483642578 -5.485686302185059 2.681338310241699 245 255 252
-23.610950469970703 -6.040015697479248 2.714726209640503 255 255 255
-23.494726181030273 -6.0041680335998535 1.8067519664764404 149 184 226
-24.370328903198242 -6.21751070022583 0.9530138969421387 220 255 255
-16.91011619567871 -4.97574520111084 0.4979079067707062 64 59 63
-17.874547958374023 -4.547642230987549 0.024465041235089302 79 92 85
-10.048341751098633 -2.95078444480896 -0.0862751230597496 39 51 51
-10.118112564086914 -2.5704896450042725 -0.36783984303474426 73 81 68
-9.939163208007812 -2.9143900871276855 -0.46345412731170654 48 52 55
-9.911298751831055 -2.512057065963745 -0.7339910864830017 47 64 54
-9.6702299118042 -2.828935384750366 -0.8219859004020691 59 84 44
-6.2287821769714355 -1.5759326219558716 -0.6993455290794373 134 139 119
-6.061788082122803 -1.7694151401519775 -0.7488531470298767 55 72 64
-5.8440375328063965 -1.4741402864456177 -0.8800100088119507 38 75 44
-5.928863048553467 -1.7280322313308716 -0.9617667198181152 92 112 85
-5.40684175491333 -1.356835126876831 -1.0253230333328247 40 71 12
-5.23189640045166 -1.5218229293823242 -1.055376410484314 84 124 51
-4.828125 -1.2086520195007324 -1.1082301139831543 84 112 63
-23.458812713623047 -5.924476146697998 2.695131301879883 255 255 255
-23.353490829467773 -5.8918070793151855 1.7944923639297485 91 142 123
-24.029781341552734 -6.052168369293213 0.9389661550521851 233 255 255
-15.459671020507812 -4.497466564178467 0.4547920227050781 171 184 216
-10.146857261657715 -2.548443555831909 0.013877319172024727 60 58 69
-15.382277488708496 -4.465926170349121 -0.13195407390594482 62 86 64
-9.98636245727539 -2.5044291019439697 -0.36276909708976746 66 70 71
-9.779186248779297 -2.834928512573242 -0.45558685064315796 58 70 66
-9.948954582214355 -2.489142656326294 -0.7362107038497925 66 75 80
-9.675033569335938 -2.7981467247009277 -0.8216606974601746 74 101 56
-6.188255786895752 -1.5454940795898438 -0.6942598223686218 78 92 56
-6.06432580947876 -1.749983549118042 -0.748499870300293 66 69 60
-5.771717548370361 -1.4370781183242798 -0.8684518337249756 49 77 55
-5.937933921813965 -1.7109287977218628 -0.9623821973800659 60 94 43
-5.389022350311279 -1.3348023891448975 -1.021162509918213 52 79 34
-5.0355706214904785 -1.447975754737854 -1.0148729085922241 75 133 33
-4.853605270385742 -1.19921875 -1.1132289171218872 88 119 39
-23.647567749023438 -5.895028114318848 2.714726209640503 252 255 255
-23.895984649658203 -5.940567493438721 0.9330214262008667 223 253 245
-9.447158813476562 -2.716921806335449 0.27766963839530945 197 237 249
-16.702428817749023 -4.140481948852539 0.02282554842531681 50 65 62
-9.802899360656738 -2.813488006591797 -0.08401794731616974 53 68 63
-10.307343482971191 -2.5513405799865723 -0.3741430640220642 53 70 60
-9.86850643157959 -2.828030586242676 -0.4593416750431061 84 101 91
-9.90231704711914 -2.4452173709869385 -0.7322010397911072 62 106 81
-9.673990249633789 -2.7657113075256348 -0.8208475708961487 58 93 51
-6.192968368530273 -1.5265015363693237 -0.6942598223686218 88 102 53
-6.0286030769348145 -1.7196569442749023 -0.7434360384941101 70 79 48
-5.756880760192871 -1.4146414995193481 -0.8655623197555542 69 92 48
-5.952658176422119 -1.695410132408142 -0.963921070098877 93 103 78
-5.4121994972229 -1.322933316230774 -1.0247803926467896 56 83 42
-5.268521785736084 -1.4974759817123413 -1.060891032218933 88 109 90
-4.822173595428467 -1.175767183303833 -1.105187177658081 90 120 66
-23.69642448425293 -5.830048561096191 2.718268871307373 254 255 255
-22.924362182617188 -5.634157657623291 1.7588284015655518 198 244 233
-24.043174743652344 -5.898896217346191 0.9380574822425842 200 255 250
-15.804272651672363 -4.492722034454346 0.46410977840423584 219 252 245
-16.377023696899414 -4.006523132324219 0.022363945841789246 47 59 55
-15.757636070251465 -4.470251083374023 -0.1349361687898636 67 84 66
-10.296676635742188 -2.515200138092041 -0.37347403168678284 71 77 65
-9.957876205444336 -2.820611000061035 -0.4630965292453766 56 67 59
-9.887482643127441 -2.4093945026397705 -0.7305541634559631 72 90 66
-6.391650676727295 -1.8061248064041138 -0.5418651103973389 69 85 74
-6.224669456481934 -1.514073371887207 -0.6972895860671997 72 79 61
-6.198245048522949 -1.7475019693374634 -0.763691246509552 45 66 35
-5.745807647705078 -1.3932421207427979 -0.8632506728172302 64 92 67
-5.9911208152771 -1.6865105628967285 -0.9693069458007812 57 78 39
-5.438222408294678 -1.3116263151168823 -1.028941035270691 43 72 18
-5.291049003601074 -1.4863500595092773 -1.0645040273666382 61 97 49
-4.809625148773193 -1.1570862531661987 -1.1014924049377441 96 112 67
-18.863636016845703 -5.324794292449951 2.7156474590301514 184 237 241
-23.481441497802734 -5.700812816619873 2.691588878631592 245 255 246
-22.91828155517578 -5.558159351348877 1.7570451498031616 229 250 241
-16.40595245361328 -3.9718120098114014 0.6396086812019348 237 255 255
-15.673630714416504 -4.40365743637085 0.4598744511604309 84 136 114
-17.579063415527344 -4.243476867675781 0.02398752048611641 60 68 57
-15.654772758483887 -4.389221668243408 -0.13393938541412354 68 78 90
-10.277139663696289 -2.477041721343994 -0.37248802185058594 53 68 61
-10.190632820129395 -2.8527965545654297 -0.4735117256641388 67 77 66
-9.899677276611328 -2.3802146911621094 -0.7309121489524841 55 66 50
-6.402921676635742 -1.7881155014038086 -0.5423529744148254 91 102 86
-6.2582855224609375 -1.5019291639328003 -0.7005358338356018 68 74 62
-6.840675354003906 -1.9059900045394897 -0.8421212434768677 62 91 37
-5.707711219787598 -1.3654776811599731 -0.8568936586380005 57 83 44
-5.869658946990967 -1.6329007148742676 -0.9488405585289001 54 87 32
-5.424041748046875 -1.2906103134155273 -1.0255039930343628 48 79 19
-5.304098129272461 -1.4724739789962769 -1.0662155151367188 134 162 114
-4.823599338531494 -1.1448044776916504 -1.1038832664489746 82 104 57
-22.78974723815918 -5.453011512756348 1.745900273323059 215 244 214
-24.00018882751465 -5.732454776763916 0.9349903464317322 157 197 209
-15.820947647094727 -4.3927226066589355 0.46379920840263367 91 109 121
-16.219385147094727 -3.862637996673584 0.02211589924991131 60 73 64
-10.46535873413086 -2.8996331691741943 -0.08946317434310913 99 127 79
-10.413030624389648 -2.4760169982910156 -0.3771362006664276 53 55 54
-10.373610496520996 -2.8697290420532227 -0.4816024899482727 47 52 58
-9.934107780456543 -2.3562769889831543 -0.7329170107841492 78 93 90
-9.910406112670898 -2.73488712310791 -0.8387362957000732 65 81 71
-6.292852878570557 -1.4898216724395752 -0.7038902640342712 75 89 30
-7.360623836517334 -2.0265464782714844 -0.9053597450256348 76 91 52
-5.70994758605957 -1.3475056886672974 -0.8566047549247742 66 91 52
-5.811759948730469 -1.5975996255874634 -0.9386842846870422 69 86 44
-5.412656307220459 -1.270367980003357 -1.0226097106933594 52 69 37
-5.29060173034668 -1.451259732246399 -1.0626025199890137 81 105 79
-4.789072513580322 -1.1211010217666626 -1.0951894521713257 97 128 52
-23.49180030822754 -5.550912857055664 2.688821315765381 251 255 255
-23.113067626953125 -5.455459117889404 1.7693790197372437 185 208 222
-16.68193244934082 -3.9304263591766357 0.6494156122207642 189 227 228
-17.369007110595703 -4.765198707580566 0.5087504386901855 201 248 254
-15.8115816116333 -3.714296340942383 0.021544199436903 68 78 77
-10.428874969482422 -2.855102300643921 -0.08907599747180939 69 88 94
-10.451713562011719 -2.4513611793518066 -0.37826302647590637 58 71 51
-10.509567260742188 -2.8726589679718018 -0.48750296235084534 64 80 80
-10.01315975189209 -2.3426027297973633 -0.7382155656814575 60 70 43
-9.89855670928955 -2.6989636421203613 -0.8370287418365479 64 77 70
-6.283840656280518 -1.4673436880111694 -0.7023753523826599 89 100 84
-6.602145671844482 -1.7959481477737427 -0.8113851547241211 82 98 69
-5.7130913734436035 -1.3297572135925293 -0.8564602732658386 42 72 22
-5.745117664337158 -1.5603384971618652 -0.9271430373191833 91 108 74
-5.41461181640625 -1.2533127069473267 -1.0222479104995728 44 43 48
-5.265654563903809 -1.427060604095459 -1.056707501411438 62 105 25
-4.79629373550415 -1.1072813272476196 -1.0960588455200195 71 98 53
-23.51742935180664 -5.480844497680664 2.689817428588867 243 255 255
-22.92344093322754 -6.231114864349365 2.408360719680786 232 242 251
-23.117069244384766 -5.381584167480469 1.7684130668640137 109 118 125
-16.68028450012207 -3.8760619163513184 0.6488855481147766 167 215 215
-15.874616622924805 -4.302886962890625 0.46458980441093445 193 247 247
-10.591466903686523 -2.4537770748138428 0.014421164058148861 59 73 47
-10.433724403381348 -2.822049379348755 -0.0890430435538292 56 71 64
-10.442632675170898 -2.4154555797576904 -0.3776644170284271 57 68 62
-10.101688385009766 -2.727890729904175 -0.4681923985481262 57 62 68
-10.031962394714355 -2.3145625591278076 -0.7390748262405396 79 89 91
-9.750884056091309 -2.626586437225342 -0.8238561749458313 51 90 27
-7.132115364074707 -1.6423671245574951 -0.7966241836547852 84 99 68
-6.38417387008667 -1.715636134147644 -0.7839464545249939 93 103 78
-5.687246322631836 -1.3053611516952515 -0.8519814610481262 85 126 24
-5.723156452178955 -1.5355360507965088 -0.9228343367576599 55 73 59
-5.415555000305176 -1.2360384464263916 -1.021705150604248 57 81 49
-5.326909065246582 -1.4261327981948853 -1.0681170225143433 65 102 24
-4.780633449554443 -1.0882283449172974 -1.0917119979858398 91 117 72
-23.252269744873047 -5.3438897132873535 2.657602071762085 151 214 171
-22.92131233215332 -6.155081272125244 2.406141757965088 217 255 251
-22.976015090942383 -5.2744903564453125 1.7563766241073608 64 98 99
-23.282442092895508 -5.334997177124023 0.9050773978233337 89 145 162
-15.938918113708496 -4.267866611480713 0.4660862684249878 35 96 37
-16.050498962402344 -3.666649341583252 0.02183867059648037 74 90 80
-10.520585060119629 -2.8109333515167236 -0.0897103101015091 53 67 54
-10.485071182250977 -2.391407012939453 -0.37893208861351013 45 57 47
-9.894759178161621 -2.639467477798462 -0.45822417736053467 78 90 78
-10.04582405090332 -2.285322904586792 -0.7395760416984558 58 77 71
-9.666431427001953 -2.5720553398132324 -0.816050112247467 66 95 73
-7.354278087615967 -1.6697838306427002 -0.8208626508712769 88 116 67
-6.279989719390869 -1.6669971942901611 -0.7705214619636536 71 89 41
-5.658411026000977 -1.280481219291687 -0.847069263458252 63 74 44
-5.717333793640137 -1.515186071395874 -0.9211416244506836 55 75 64
-5.4365925788879395 -1.2233041524887085 -1.0249613523483276 56 70 53
-5.281904697418213 -1.396732211112976 -1.058228850364685 62 90 49
-4.769663333892822 -1.0703505277633667 -1.088451862335205 69 94 54
-23.367422103881836 -5.294930934906006 2.6688942909240723 210 230 255
-23.07670783996582 -5.223128318786621 1.7628406286239624 212 250 253
-23.526784896850586 -5.315070152282715 0.9139376878738403 55 114 118
-15.921979904174805 -4.211023807525635 0.4652109742164612 209 255 246
-16.06167221069336 -3.6173899173736572 0.02183867059648037 47 51 52
-9.824315071105957 -2.592635154724121 -0.08370490372180939 48 71 45
-15.19885540008545 -3.4174931049346924 -0.548907458782196 58 66 53
-9.926960945129395 -2.6154613494873047 -0.4593416750431061 69 80 66
-7.013301372528076 -1.5728404521942139 -0.5159632563591003 78 87 92
-9.456422805786133 -2.485135316848755 -0.7976735830307007 63 79 66
-7.985096454620361 -1.7872676849365234 -0.8906564712524414 58 79 48
-6.16308069229126 -1.6157402992248535 -0.7555656433105469 78 117 38
-5.679696559906006 -1.2669932842254639 -0.8496698141098022 45 60 37
-5.719088077545166 -1.4968878030776978 -0.9206799864768982 95 135 111
-5.453762531280518 -1.209600567817688 -1.0274938344955444 64 80 51
-5.346958160400391 -1.396397590637207 -1.0703989267349243 92 128 100
-4.757675647735596 -1.0523394346237183 -1.0849744081497192 51 84 53
-23.481077194213867 -5.255325794219971 3.574195146560669 254 255 255
-23.15949821472168 -5.1731672286987305 2.6433210372924805 71 78 96
-23.412839889526367 -5.223750591278076 1.7872852087020874 113 164 168
-23.348876953125 -5.19964075088501 0.9064026474952698 142 165 179
-16.07796287536621 -4.1995439529418945 0.4693898558616638 203 255 252
-15.465036392211914 -4.643714427947998 0.30186593532562256 57 75 51
-16.06488609313965 -3.5663626194000244 0.02182806096971035 49 79 43
-9.502256393432617 -2.4764862060546875 -0.08089579641819 42 65 49
-10.518085479736328 -2.3311352729797363 -0.3796011507511139 64 77 49
-9.732874870300293 -2.5324182510375977 -0.44999930262565613 69 81 81
-7.2158002853393555 -1.5950186252593994 -0.5304984450340271 90 113 97
-9.68685531616211 -2.513946771621704 -0.81645667552948 56 90 55
-7.809976100921631 -1.7229273319244385 -0.8705298900604248 64 84 59
-6.105521202087402 -1.5806472301483154 -0.7479110360145569 73 89 63
-5.677758693695068 -1.2482874393463135 -0.8488029837608337 42 70 29
-5.719826698303223 -1.4783458709716797 -0.9200644493103027 107 122 99
-5.443996429443359 -1.18992280960083 -1.0249613523483276 39 58 38
-5.338858604431152 -1.3767997026443481 -1.0679268836975098 34 90 29
-4.758020877838135 -1.0371146202087402 -1.084322452545166 54 83 53
-23.531864166259766 -5.1909332275390625 3.579484701156616 254 255 255
-23.21117401123047 -5.109996795654297 2.6474173069000244 220 230 231
-23.84771728515625 -6.16910457611084 2.497323751449585 189 249 255
-23.137540817260742 -5.087859153747559 1.765069603919983 203 235 255
-23.400833129882812 -5.135909080505371 0.9078035950660706 78 67 101
-17.268735885620117 -4.4540228843688965 0.5037527084350586 202 239 248
-15.473458290100098 -4.594538688659668 0.30175378918647766 15 21 43
-16.530006408691406 -3.6164417266845703 0.02244485914707184 55 82 39
-9.853595733642578 -2.535794496536255 -0.08382023870944977 61 76 69
-10.32640266418457 -3.060143232345581 -0.192132830619812 39 51 39
-8.602730751037598 -1.878962516784668 -0.31026583909988403 56 63 55
-13.382558822631836 -3.4382355213165283 -0.6182517409324646 73 86 68
-9.946684837341309 -2.942141056060791 -0.5637621879577637 52 59 65
-7.198244094848633 -1.5679905414581299 -0.5288516283035278 84 101 95
-9.68969440460205 -2.4829790592193604 -0.816050112247467 79 101 63
-7.995003700256348 -2.361816644668579 -0.7585398554801941 74 98 64
-7.444136142730713 -1.618287205696106 -0.8291946649551392 51 64 44
-6.090137481689453 -1.556743860244751 -0.7454380393028259 77 78 64
-6.725255012512207 -1.9832727909088135 -0.8990764021873474 75 118 2
-5.694133758544922 -1.233586072921753 -0.8506811857223511 79 91 15
-5.71859073638916 -1.4593247175216675 -0.9191411137580872 64 71 53
-5.470696449279785 -1.1781847476959229 -1.0293028354644775 55 102 24
-5.316418647766113 -1.3536312580108643 -1.0626025199890137 42 76 16
-4.754499912261963 -1.0210776329040527 -1.0828009843826294 69 116 62
-18.61301040649414 -5.496456623077393 2.500288724899292 167 225 237
-23.072311401367188 -5.005259990692139 2.629814863204956 220 244 254
-23.1939754486084 -5.02571964263916 1.7681901454925537 21 62 46
-23.10881805419922 -4.997556686401367 0.8958762884140015 40 77 104
-17.576799392700195 -4.476012706756592 0.5123363137245178 161 205 214
-15.481725692749023 -4.545355319976807 0.3016416132450104 53 57 58
-16.718936920166016 -3.6040635108947754 0.022686272859573364 55 82 27
-15.71416187286377 -3.992631196975708 -0.1335686892271042 60 66 56
-10.306958198547363 -3.0200138092041016 -0.19159774482250214 37 50 41
-15.021562576293945 -3.232677459716797 -0.54140704870224 77 96 50
-10.135564804077148 -2.5708987712860107 -0.4678795039653778 49 69 57
-10.23934555053711 -2.9945759773254395 -0.5798262357711792 60 74 74
-7.065514087677002 -1.5163878202438354 -0.5187557339668274 59 75 65
-9.672143936157227 -2.4468841552734375 -0.8139359951019287 64 88 36
-8.85300350189209 -2.585775136947632 -0.8391873836517334 78 104 43
-7.275062561035156 -1.5581732988357544 -0.8098254799842834 77 99 61
-6.115104675292969 -1.5431547164916992 -0.7479110360145569 96 117 84
-6.9760308265686035 -2.0339839458465576 -0.9317631125450134 51 86 4
-5.653376579284668 -1.206610083580017 -0.844035267829895 56 80 28
-5.703877925872803 -1.4369457960128784 -0.9160634875297546 71 74 57
-5.627535820007324 -1.6383558511734009 -0.9706265330314636 66 87 80
-5.486792087554932 -1.1640487909317017 -1.0316544771194458 31 47 36
-5.316737651824951 -1.3363569974899292 -1.0618418455123901 53 103 76
-4.897462368011475 -1.4233049154281616 -1.0397576093673706 121 162 104
-4.756655216217041 -1.006284236907959 -1.0825836658477783 88 124 62
-23.35531997680664 -5.00191068649292 3.5478949546813965 254 255 255
-18.598369598388672 -5.430154323577881 2.496072292327881 161 223 222
-23.09630584716797 -4.936321258544922 2.6308114528656006 224 242 226
-23.4567928314209 -5.9146575927734375 2.4525396823883057 185 250 246
-23.203433990478516 -4.953289031982422 1.7677444219589233 82 103 146
-23.03510284423828 -4.907687664031982 0.8924305438995361 39 62 56
-17.726171493530273 -4.456186294555664 0.5162893533706665 118 126 162
-15.534965515136719 -4.50926399230957 0.30240797996520996 37 65 27
-16.216367721557617 -3.443696975708008 0.021989887580275536 54 73 54
-9.752578735351562 -2.4460935592651367 -0.08283169567584991 58 82 56
-10.620609283447266 -3.076566457748413 -0.19725187122821808 58 78 67
-15.429313659667969 -3.270930290222168 -0.5557388663291931 62 85 75
-9.910823822021484 -2.481555461883545 -0.4571513533592224 86 113 96
-9.917547225952148 -2.867464065551758 -0.5611029267311096 52 61 58
-7.116974353790283 -1.5046067237854004 -0.522192656993866 88 100 80
-9.676705360412598 -2.4164748191833496 -0.8136921525001526 76 100 48
-6.345475673675537 -1.8322699069976807 -0.6009600162506104 76 96 69
-6.7963690757751465 -1.4338535070419312 -0.7560463547706604 68 94 33
-6.154499530792236 -1.5330274105072021 -0.7521504759788513 81 95 62
-6.959364414215088 -2.005979061126709 -0.9287106990814209 55 85 51
-5.796492576599121 -1.2185741662979126 -0.8648399114608765 52 79 34
-5.693876266479492 -1.415863275527954 -0.9137552976608276 49 73 21
-5.547208786010742 -1.5965253114700317 -0.9559224843978882 64 79 46
-5.448941230773926 -1.1385602951049805 -1.0238759517669678 53 76 48
-5.328435897827148 -1.3219304084777832 -1.0633631944656372 60 107 29
-4.892388343811035 -1.4055672883987427 -1.0377599000930786 64 97 44
-4.756853103637695 -0.9910889267921448 -1.0819315910339355 70 104 30
-23.611549377441406 -4.98107385635376 3.5844805240631104 254 255 255
-23.095779418945312 -4.862163543701172 2.629040002822876 237 251 254
-23.231536865234375 -5.7821125984191895 2.427121639251709 114 173 187
-23.118003845214844 -4.86094331741333 1.7600915431976318 116 150 177
-23.367895126342773 -4.903692722320557 0.9047365784645081 87 96 111
-15.954626083374023 -3.9588353633880615 0.46433570981025696 141 189 193
-15.737090110778809 -4.515631675720215 0.3060714602470398 89 117 102
-16.125059127807617 -3.37263822555542 0.021851936355233192 59 87 36
-15.765542984008789 -3.9028639793395996 -0.13379934430122375 44 42 55
-10.721311569213867 -3.0701167583465576 -0.19894631206989288 68 79 75
-13.829020500183105 -2.8873720169067383 -0.49777752161026 53 62 43
-10.384875297546387 -2.566420793533325 -0.4786522686481476 71 76 69
-10.161518096923828 -2.904252052307129 -0.5743991732597351 50 64 67
-7.068826675415039 -1.4717862606048584 -0.5183261632919312 86 103 95
-9.584396362304688 -2.362208843231201 -0.8053169250488281 62 81 26
-6.271583080291748 -1.7901062965393066 -0.593438982963562 69 95 58
-6.7569355964660645 -1.4038952589035034 -0.7511769533157349 69 94 65
-6.178461074829102 -1.5188798904418945 -0.7545057535171509 86 92 54
-6.188045501708984 -1.7631088495254517 -0.8250542879104614 90 105 98
-5.744973182678223 -1.189350962638855 -0.8566047549247742 59 82 30
-5.66748571395874 -1.3908520936965942 -0.908831000328064 44 75 31
-5.8993821144104 -1.67830228805542 -1.015718698501587 49 87 66
-5.45626163482666 -1.1226305961608887 -1.0245994329452515 51 77 52
-5.337234020233154 -1.30674409866333 -1.0643138885498047 63 91 40
-4.984336853027344 -1.4154444932937622 -1.0563377141952515 59 83 31
-4.771345615386963 -0.978844404220581 -1.084539771080017 87 103 64
-23.612192153930664 -4.905592918395996 3.5822763442993164 249 255 255
-23.17092514038086 -4.803792476654053 2.635903835296631 180 233 207
-23.039060592651367 -4.770583629608154 1.7529586553573608 40 65 72
-15.437520980834961 -3.19010853767395 0.5973139405250549 179 170 187
-16.408462524414062 -4.018046855926514 0.47718292474746704 65 131 147
-15.667186737060547 -4.443594932556152 0.3044453263282776 154 177 185
-16.079504013061523 -3.3116533756256104 0.02177632972598076 46 61 38
-16.213598251342773 -3.9610321521759033 -0.137498140335083 64 79 40
-10.412242889404297 -2.9470794200897217 -0.19304250180721283 57 73 73
-15.405041694641113 -3.167139768600464 -0.5541542768478394 51 64 46
-10.292734146118164 -2.5101685523986816 -0.4740481376647949 80 90 66
-10.12521743774414 -2.860305070877075 -0.571848452091217 60 75 70
-6.6648759841918945 -1.366360068321228 -0.4883965253829956 71 81 56
-9.676822662353516 -2.3535208702087402 -0.812472403049469 65 89 67
-6.3728928565979 -1.7978969812393188 -0.6025004982948303 46 85 56
-6.751471042633057 -1.3811662197113037 -0.7500948905944824 84 94 69
-5.875239849090576 -1.4252375364303589 -0.7169394493103027 100 120 57
-6.186742305755615 -1.7422338724136353 -0.8241639733314514 46 67 48
-5.8300395011901855 -1.1883206367492676 -0.8687408566474915 122 159 118
-5.650599002838135 -1.3683418035507202 -0.9054456353187561 42 59 43
-5.8389716148376465 -1.6417694091796875 -1.0044456720352173 79 91 81
-5.4722113609313965 -1.1084239482879639 -1.0269510746002197 45 63 51
-5.363166809082031 -1.2956660985946655 -1.0686875581741333 24 60 32
-5.016014575958252 -1.4078246355056763 -1.0621308088302612 85 122 29
-4.834603309631348 -0.9763748049736023 -1.098232388496399 115 148 79
-23.362573623657227 -4.779011249542236 3.5421648025512695 239 255 253
-23.179710388183594 -4.731490135192871 2.635239601135254 209 250 218
-23.583721160888672 -5.716328144073486 2.460205316543579 145 222 186
-23.011571884155273 -4.691312789916992 1.7497638463974 150 166 153
-15.574535369873047 -3.168630599975586 0.6022363305091858 104 148 125
-23.864444732666016 -5.766294002532959 0.6934964060783386 85 124 121
-15.6778564453125 -4.394698143005371 0.30438923835754395 129 165 139
-16.054304122924805 -3.255152702331543 0.021728575229644775 69 82 65
-16.39093589782715 -3.9511077404022217 -0.138898566365242 48 57 52
-10.398126602172852 -2.9086568355560303 -0.19261442124843597 64 82 82
-15.3892183303833 -3.114708423614502 -0.5532387495040894 57 67 66
-13.437609672546387 -3.2334883213043213 -0.6184305548667908 83 111 70
-10.004108428955078 -2.7929797172546387 -0.5645219683647156 81 84 67
-6.913466930389404 -1.395235538482666 -0.5062969923019409 60 78 62
-9.242053985595703 -2.217770576477051 -0.7753939628601074 65 76 62
-9.343572616577148 -2.605053663253784 -0.8825920820236206 95 111 66
-6.852158546447754 -1.3798757791519165 -0.7608073949813843 58 79 40
-6.068874835968018 -1.452510118484497 -0.7400209307670593 97 133 89
-6.212125301361084 -1.7288296222686768 -0.8268348574638367 60 82 44
-5.86179256439209 -1.1760735511779785 -0.872930645942688 56 85 41
-5.641315937042236 -1.3477851152420044 -0.9032912850379944 52 68 31
-5.741321563720703 -1.5953224897384644 -0.9868009090423584 94 117 109
-5.478479862213135 -1.0922070741653442 -1.0274938344955444 63 84 65
-5.367116928100586 -1.2792060375213623 -1.0686875581741333 46 76 50
-5.016532897949219 -1.3913816213607788 -1.0613317489624023 82 116 32
-4.798323631286621 -0.953735888004303 -1.089321255683899 75 100 68
-23.248682022094727 -4.671317100524902 2.6414389610290527 199 223 225
-22.94219970703125 -5.486367702484131 2.3915162086486816 154 188 233
-23.57921600341797 -6.556410789489746 2.2501168251037598 167 204 246
-23.182294845581055 -4.652085304260254 1.761651873588562 52 105 99
-22.30072593688965 -5.325560569763184 1.4874964952468872 77 122 164
-15.601819038391113 -3.1243655681610107 0.6029179096221924 200 221 146
-16.74493408203125 -3.9916958808898926 0.4862465560436249 90 111 78
-15.845434188842773 -4.389283657073975 0.30737990140914917 225 247 235
-15.515045166015625 -3.096287488937378 0.020985763520002365 82 96 79
-16.257055282592773 -3.8660998344421387 -0.13766290247440338 49 59 51
-9.743011474609375 -2.693199634552002 -0.1803251951932907 60 76 73
-15.423205375671387 -3.072361469268799 -0.5541191101074219 52 58 44
-13.439690589904785 -3.190401077270508 -0.6180729269981384 72 75 64
-9.91348648071289 -2.7349226474761963 -0.5589321255683899 91 109 123
-6.755313396453857 -1.3417620658874512 -0.4944111108779907 85 95 84
-9.673624038696289 -2.2899680137634277 -0.8110088109970093 56 71 66
-6.413568019866943 -1.7669597864151 -0.6053095459938049 93 127 92
-6.554059982299805 -1.298935055732727 -0.7272630929946899 62 74 60
-6.314920425415039 -1.490929365158081 -0.7694616317749023 73 98 58
-6.122718811035156 -1.6837259531021118 -0.814243495464325 64 80 33
-5.8042144775390625 -1.146008849143982 -0.8638285398483276 113 130 28
-5.636768341064453 -1.328431487083435 -0.9019063115119934 55 78 36
-5.721453666687012 -1.5709093809127808 -0.9825530648231506 45 62 30
-5.479875087738037 -1.075015664100647 -1.0271320343017578 59 78 56
-5.363370418548584 -1.2609364986419678 -1.0671663284301758 93 118 60
-4.971638202667236 -1.3625173568725586 -1.050944209098816 72 117 62
-4.869241714477539 -0.9523124098777771 -1.104752540588379 78 108 48
-23.661195755004883 -4.68902587890625 3.5830111503601074 255 255 255
-23.339927673339844 -4.615199565887451 2.6501848697662354 215 239 217
-23.331727981567383 -5.503900051116943 2.430349349975586 203 254 255
-23.0996036529541 -4.561813831329346 1.7542961835861206 122 134 150
-23.268850326538086 -5.481350421905518 1.5509428977966309 111 145 118
-23.357681274414062 -4.603038787841797 0.902086079120636 92 138 161
-16.543027877807617 -3.8899667263031006 0.480034738779068 145 179 207
-15.94368839263916 -4.363877296447754 0.30902472138404846 160 213 187
-15.896368026733398 -3.1217057704925537 0.021488487720489502 56 81 59
-16.207508087158203 -3.80181884765625 -0.13714390993118286 46 58 36
-9.762802124023438 -2.666456937789917 -0.18053923547267914 55 69 69
-15.428635597229004 -3.0242602825164795 -0.5539782047271729 61 68 61
-13.406617164611816 -3.139132499694824 -0.6161061525344849 81 87 59
-9.973852157592773 -2.7186758518218994 -0.5618627071380615 47 60 51
-6.7535247802734375 -1.319882869720459 -0.4939814805984497 75 91 55
-8.572196960449219 -2.0014822483062744 -0.7181501984596252 106 136 108
-9.063416481018066 -2.4671103954315186 -0.8546825647354126 55 90 34
-6.71901273727417 -1.3102163076400757 -0.7451173067092896 53 73 46
-6.539011478424072 -1.5226719379425049 -0.7961937189102173 91 104 97
-6.516469478607178 -1.7705199718475342 -0.8658808469772339 58 79 46
-5.837815284729004 -1.1340458393096924 -0.86830735206604 58 73 50
-5.632155418395996 -1.3091185092926025 -0.9005213379859924 44 64 39
-5.766236782073975 -1.5641969442367554 -0.9894148707389832 57 72 51
-5.491838455200195 -1.0598758459091187 -1.0287600755691528 50 62 48
-5.36243200302124 -1.2433671951293945 -1.0662155151367188 79 122 42
-5.016463756561279 -1.3582698106765747 -1.059533953666687 65 114 69
-4.863513946533203 -0.9357095956802368 -1.1027965545654297 102 121 89
-23.72371482849121 -4.615505218505859 2.6921422481536865 91 73 133
-23.094621658325195 -5.373224258422852 2.4039225578308105 184 239 255
-23.112510681152344 -4.4907331466674805 1.754221796989441 86 114 91
-23.222375869750977 -5.395257949829102 1.5467346906661987 196 247 251
-23.289289474487305 -4.515379905700684 0.8989054560661316 86 102 75
-16.630836486816406 -3.856809139251709 0.4822371006011963 50 80 88
-16.071855545043945 -4.3460001945495605 0.3112489879131317 166 193 214
-15.897032737731934 -3.071214437484741 0.02147655002772808 75 85 77
-13.66464614868164 -3.1611385345458984 -0.11554424464702606 90 83 73
-10.064393043518066 -2.7156758308410645 -0.18596147000789642 57 67 66
-14.828453063964844 -2.8594021797180176 -0.5321106910705566 58 66 51
-13.241948127746582 -3.057753324508667 -0.6081047654151917 80 95 88
-10.443023681640625 -2.8121719360351562 -0.5878040194511414 75 77 89
-10.39734935760498 -1.9989206790924072 -0.7600541710853577 89 102 93
-8.416093826293945 -1.9378260374069214 -0.7045709490776062 70 96 51
-8.980541229248047 -2.414982318878174 -0.8461647629737854 84 103 48
-6.734716892242432 -1.2918437719345093 -0.7464158535003662 77 89 67
-6.555266380310059 -1.5052703619003296 -0.797606885433197 19 51 1
-6.267050266265869 -1.6821236610412598 -0.8320494890213013 78 99 43
-5.801417827606201 -1.1085162162780762 -0.8623838424682617 60 65 59
-5.63614559173584 -1.2918331623077393 -0.9005213379859924 52 81 23
-5.741466999053955 -1.5385825634002686 -0.9843501448631287 46 60 35
-5.500861644744873 -1.044122576713562 -1.0298454761505127 40 57 39
-5.364307403564453 -1.226472020149231 -1.0658352375030518 34 52 38
-5.031966209411621 -1.3459112644195557 -1.0619311332702637 87 110 19
-4.861566066741943 -0.919876754283905 -1.1017098426818848 84 112 64
-23.359020233154297 -4.47022008895874 2.64918851852417 255 254 250
-23.112937927246094 -5.302791118621826 2.4041242599487305 126 187 205
-22.77159881591797 -4.35203742980957 1.727325201034546 160 184 184
-23.054004669189453 -5.281646728515625 1.5344338417053223 187 229 241
-23.156774520874023 -4.416016578674316 0.8932636380195618 61 69 56
-17.133712768554688 -3.9180760383605957 0.49646785855293274 65 91 62
-15.887091636657715 -4.243776321411133 0.30741727352142334 114 201 208
-15.701054573059082 -2.9834139347076416 0.021199321374297142 73 87 61
-16.063817977905273 -3.664271831512451 -0.13573524355888367 54 70 60
-10.470714569091797 -2.790879487991333 -0.19331003725528717 57 67 68
-6.841724872589111 -1.29754638671875 -0.24536742269992828 62 75 55
-13.44023609161377 -3.060138463973999 -0.6167766451835632 87 96 75
-10.219043731689453 -2.718259811401367 -0.5747247934341431 57 77 68
-6.657608985900879 -1.2587769031524658 -0.48639169335365295 86 95 78
-8.400616645812988 -1.9071424007415771 -0.702782154083252 59 78 56
-9.169821739196777 -2.4357402324676514 -0.8632910251617432 67 93 45
-6.672219276428223 -1.2586448192596436 -0.739057719707489 73 81 60
-7.191335201263428 -1.6281194686889648 -0.8743881583213806 59 70 64
-6.490777969360352 -1.7208433151245117 -0.8610478639602661 47 58 24
-5.939967632293701 -1.1161118745803833 -0.8824661374092102 88 107 28
-5.616950988769531 -1.2693085670471191 -0.8968281745910645 43 72 18
-5.697521209716797 -1.5080863237380981 -0.976017951965332 45 57 43
-5.495337963104248 -1.0256173610687256 -1.0282174348831177 72 101 55
-5.3536787033081055 -1.2067705392837524 -1.0629827976226807 40 67 34
-5.070176124572754 -1.3394769430160522 -1.0691224336624146 43 66 22
-4.882598400115967 -0.9083493947982788 -1.1058392524719238 105 135 37
-23.53801155090332 -5.336878299713135 3.343919038772583 255 254 255
-23.15579605102539 -4.357729434967041 2.6246116161346436 243 254 255
-22.99518394470215 -5.201564788818359 2.390204906463623 157 208 237
-22.99947738647461 -6.092159748077393 2.1874940395355225 170 225 245
-23.173933029174805 -4.355279922485352 1.7568222284317017 123 176 132
-23.14407730102539 -5.227602481842041 1.5393542051315308 202 245 254
-22.792081832885742 -4.274043083190918 0.8786857724189758 109 113 138
-17.277294158935547 -3.8951709270477295 0.5002796649932861 67 88 55
-15.728922843933105 -4.149868965148926 0.3041088879108429 76 140 116
-10.402975082397461 -1.943657636642456 0.014037818647921085 60 71 67
-16.074007034301758 -3.6147518157958984 -0.13572698831558228 62 69 53
-10.514036178588867 -2.767906427383423 -0.19395214319229126 73 81 58
-6.843708515167236 -1.276183843612671 -0.24529699981212616 51 64 47
-13.462233543395996 -3.0217344760894775 -0.6173577308654785 73 86 60
-10.456219673156738 -2.7470271587371826 -0.5875869393348694 59 66 72
-6.697722911834717 -1.2450907230377197 -0.48904097080230713 63 69 69
-7.0126519203186035 -1.5694330930709839 -0.5862616300582886 75 86 80
-9.308258056640625 -2.441965103149414 -0.8756147027015686 56 91 37
-6.981016635894775 -1.2947293519973755 -0.7728184461593628 46 59 50
-5.6659321784973145 -1.2645068168640137 -0.6884408593177795 64 86 50
-6.160190582275391 -1.6129863262176514 -0.8165327906608582 76 94 56
-5.974501132965088 -1.1036349534988403 -0.8870894312858582 52 55 38
-5.611174583435059 -1.2499216794967651 -0.8952893614768982 47 64 46
-5.673486232757568 -1.4831140041351318 -0.9711166024208069 53 62 57
-5.487817764282227 -1.0068007707595825 -1.026227593421936 70 94 60
-5.369814872741699 -1.1931082010269165 -1.0654548406600952 69 87 49
-5.082794189453125 -1.3261418342590332 -1.0709202289581299 78 92 39
-4.876720905303955 -0.8917853236198425 -1.1038832664489746 118 142 106
-23.479839324951172 -5.248002529144287 3.3333518505096436 249 255 255
-23.260921478271484 -4.303664207458496 2.6350183486938477 255 255 255
-22.998411178588867 -5.128177642822266 2.3888938426971436 120 110 160
-23.03154754638672 -6.025097846984863 2.1887757778167725 175 219 248
-22.860633850097656 -4.223827362060547 1.732080340385437 164 221 230
-23.10740852355957 -5.144862174987793 1.535858154296875 130 163 178
-22.809017181396484 -4.204822540283203 0.8788371682167053 87 110 118
-17.21305274963379 -3.82523250579834 0.4980773329734802 57 55 56
-15.588712692260742 -4.061763286590576 0.3011556565761566 57 79 58
-15.6027250289917 -4.672481536865234 0.14782316982746124 53 66 59
-16.38296127319336 -3.008951187133789 0.02209467627108097 58 70 60
-16.374975204467773 -3.6296916007995605 -0.1381736397743225 64 80 67
-10.34249210357666 -2.6888437271118164 -0.1906345933675766 70 85 80
-6.858404636383057 -1.257163643836975 -0.24568434059619904 46 49 32
-8.769946098327637 -1.940260887145996 -0.40190163254737854 79 93 70
-10.497459411621094 -2.7234604358673096 -0.5894321203231812 49 57 42
-9.90371036529541 -2.957347869873047 -0.661867082118988 47 61 64
-8.11638355255127 -1.483069658279419 -0.5922908782958984 78 91 71
-7.080697536468506 -1.561866044998169 -0.5915469527244568 84 96 72
-9.143139839172363 -2.368689775466919 -0.8593945503234863 76 119 40
-6.536048889160156 -1.1914732456207275 -0.7231512069702148 60 75 44
-6.959695339202881 -1.530844807624817 -0.8450652360916138 71 90 71
-6.186237335205078 -1.5995421409606934 -0.8193309307098389 65 76 59
-5.879526615142822 -1.067447543144226 -0.8724972605705261 60 77 58
-5.617877960205078 -1.2333365678787231 -0.8957509994506836 57 67 59
-5.657949447631836 -1.4605227708816528 -0.9676856994628906 33 49 49
-5.477330207824707 -0.9875166416168213 -1.0236949920654297 46 84 25
-5.3513922691345215 -1.1717983484268188 -1.0610812902450562 55 71 45
-5.085890293121338 -1.3102973699569702 -1.0707205533981323 99 123 49
-4.860219478607178 -0.8733667731285095 -1.0995362997055054 93 121 83
-19.722742080688477 -5.892491340637207 3.2167699337005615 241 255 255
-23.719284057617188 -5.225168228149414 3.365053653717041 219 254 255
-23.807903289794922 -4.3293657302856445 2.6954634189605713 246 251 245
-23.1112060546875 -5.078949451446533 2.398980140686035 175 238 243
-23.027748107910156 -5.948680877685547 2.1866700649261475 192 250 255
-23.429819107055664 -4.254698753356934 1.7742085456848145 118 168 191
-23.11723518371582 -5.072661876678467 1.535469651222229 154 216 227
-15.468470573425293 -4.590303897857666 0.7366455793380737 245 248 255
-15.898571014404297 -2.8804824352264404 0.6122326254844666 78 119 79
-16.29804801940918 -3.5694568157196045 0.47128164768218994 77 75 96
-29.423450469970703 -7.570192337036133 0.5679752230644226 193 240 172
-15.499053955078125 -4.589668273925781 0.14670687913894653 48 67 63
-15.747530937194824 -2.8423314094543457 0.02122585102915764 67 76 73
-16.258054733276367 -3.551480770111084 -0.13709448277950287 58 66 51
-9.493622779846191 -2.437084197998047 -0.17484945058822632 61 76 57
-10.218314170837402 -3.0226078033447266 -0.29243722558021545 48 58 68
-15.200767517089844 -2.7381653785705566 -0.5442240834236145 63 67 53
-13.495162010192871 -2.9422669410705566 -0.6180282235145569 101 109 85
-9.757081985473633 -2.499453067779541 -0.5474267601966858 91 114 86
-9.936665534973145 -2.9340152740478516 -0.6634647250175476 83 97 98
-6.530488014221191 -1.172593593597412 -0.4762958288192749 64 80 67
-7.1828508377075195 -1.5613056421279907 -0.5996781587600708 73 94 77
-9.247810363769531 -2.3655545711517334 -0.8685466647148132 92 122 34
-7.116057395935059 -2.099684476852417 -0.7482678294181824 66 89 79
-6.547502040863037 -1.1728177070617676 -0.7240169048309326 59 79 54
-6.963388442993164 -1.509275197982788 -0.8449475169181824 54 59 53
-6.131529808044434 -1.5653436183929443 -0.8114453554153442 68 77 60
-6.301084518432617 -1.8556303977966309 -0.9072678089141846 59 80 39
-5.845756530761719 -1.0428011417388916 -0.8670070767402649 62 75 66
-5.639019012451172 -1.219855785369873 -0.8985208868980408 82 110 23
-5.650931358337402 -1.4402337074279785 -0.9657251238822937 43 48 41
-5.475491523742676 -0.9698500633239746 -1.022790551185608 90 123 78
-5.298341751098633 -1.1431585550308228 -1.0498619079589844 53 76 32
-5.0908355712890625 -1.2949295043945312 -1.0709202289581299 88 132 79
-4.870565891265869 -0.8598092794418335 -1.101275086402893 93 116 74
-4.543086528778076 -0.9765557646751404 -1.0812723636627197 66 86 74
-23.86394691467285 -5.18032169342041 3.3833062648773193 247 255 254
-23.101398468017578 -5.002547264099121 2.396357774734497 151 216 236
-23.451597213745117 -4.184373378753662 1.7748771905899048 204 229 251
-23.106353759765625 -4.996021270751953 1.533721685409546 66 101 33
-15.493024826049805 -4.545919418334961 0.7371472716331482 252 254 249
-15.802064895629883 -2.8129537105560303 0.6081810593605042 48 136 160
-15.846749305725098 -3.4197022914886475 0.4579261839389801 114 137 153
-15.874984741210938 -4.032497406005859 0.30620232224464417 198 249 242
-15.843188285827637 -4.638754367828369 0.14982888102531433 111 142 137
-15.740423202514648 -2.7912116050720215 0.0212046280503273 61 81 54
-16.13103675842285 -3.4719178676605225 -0.13593295216560364 72 79 48
-10.242491722106934 -2.5958566665649414 -0.1884942352771759 71 76 69
-9.9541015625 -2.9112720489501953 -0.2846187949180603 43 62 69
-13.891401290893555 -2.4583277702331543 -0.49707329273223877 44 62 50
-10.651127815246582 -2.287992000579834 -0.4874582886695862 70 83 65
-9.951537132263184 -2.5167572498321533 -0.5579009652137756 80 87 69
-10.625776290893555 -3.1020805835723877 -0.7088375091552734 55 64 69
-10.564305305480957 -1.8634552955627441 -0.7700784206390381 83 84 66
-7.184682846069336 -1.5386353731155396 -0.5994341969490051 83 92 75
-9.196125030517578 -2.3222975730895996 -0.8630191683769226 96 110 77
-7.542726516723633 -2.2004458904266357 -0.7924193739891052 124 141 133
-6.651915073394775 -1.1704695224761963 -0.7351622581481934 71 85 52
-6.976726531982422 -1.4897712469100952 -0.8460074067115784 54 83 55
-6.11322021484375 -1.5407074689865112 -0.8083929419517517 57 63 51
-6.07087516784668 -1.7676128149032593 -0.8733358979225159 60 66 54
-6.112086296081543 -1.0709728002548218 -0.906015932559967 53 74 18
-5.612776756286621 -1.1961653232574463 -0.8937504887580872 85 112 19
-5.649582862854004 -1.4214457273483276 -0.9647448658943176 44 61 45
-5.551807880401611 -1.616059422492981 -1.017066478729248 80 92 72
-5.459062576293945 -0.9496757388114929 -1.0191725492477417 89 114 84
-5.349838733673096 -1.1371036767959595 -1.0593698024749756 61 84 30
-5.109040260314941 -1.2828844785690308 -1.0739167928695679 84 128 31
-4.79203462600708 -1.3943549394607544 -1.0691092014312744 58 100 36
-4.853946208953857 -0.8415277600288391 -1.0969282388687134 77 95 55
-4.568929195404053 -0.9674553871154785 -1.0867115259170532 74 93 61
-23.02225685119629 -4.9115142822265625 2.3865737915039062 116 131 154
-23.454906463623047 -5.905747413635254 2.2237493991851807 193 254 255
-22.255857467651367 -4.740703105926514 1.4762961864471436 85 90 119
-15.491548538208008 -4.493913173675537 0.7364175915718079 252 255 255
-15.973039627075195 -2.7928590774536133 0.6144287586212158 137 193 192
-16.693143844604492 -3.5487890243530273 0.48206767439842224 42 56 59
-16.119064331054688 -4.041894912719727 0.31066957116127014 165 198 215
-16.365463256835938 -4.737207889556885 0.15462985634803772 44 43 51
-15.780438423156738 -2.7483983039855957 0.021247075870633125 58 71 51
-16.03987693786621 -3.4008419513702393 -0.13507620990276337 51 55 58
-16.19715690612793 -4.052163600921631 -0.2978487014770508 70 78 80
-9.81029987335205 -2.83657169342041 -0.28025689721107483 58 67 64
-13.793523788452148 -2.3973867893218994 -0.49330541491508484 57 58 62
-10.658097267150879 -2.2553038597106934 -0.4874582886695862 63 70 62
-9.92239761352539 -2.4770243167877197 -0.5558386445045471 70 81 73
-10.735919952392578 -3.098522901535034 -0.715547502040863 86 102 76
-10.543437004089355 -1.8264390230178833 -0.7681452035903931 83 96 89
-6.785625457763672 -1.4314167499542236 -0.5657709240913391 89 102 92
-8.62148380279541 -2.1490678787231445 -0.8084688782691956 72 90 66
-7.851534366607666 -2.2644197940826416 -0.8241281509399414 86 108 87
-8.1003999710083 -1.3997372388839722 -0.8947683572769165 53 69 66
-6.9628005027771 -1.464476466178894 -0.843769907951355 60 74 61
-6.151607036590576 -1.5303257703781128 -0.8128443956375122 75 78 69
-6.094356536865234 -1.754185438156128 -0.8759355545043945 94 114 87
-5.919332027435303 -1.0184900760650635 -0.876975953578949 56 69 49
-5.602881908416748 -1.176098108291626 -0.8915961384773254 41 49 38
-5.640512466430664 -1.4007774591445923 -0.9624575972557068 50 62 42
-5.641922473907471 -1.623531460762024 -1.0326577425003052 48 59 45
-5.48424768447876 -0.9367315769195557 -1.023333191871643 81 113 40
-5.3408098220825195 -1.118070125579834 -1.056897759437561 55 70 47
-5.126266956329346 -1.270504117012024 -1.0767134428024292 82 116 32
-4.82354211807251 -1.3874856233596802 -1.0751837491989136 58 84 23
-4.850731372833252 -0.8256493806838989 -1.0956242084503174 79 97 59
-4.597619533538818 -0.9588022232055664 -1.0928306579589844 74 80 46
-19.707796096801758 -5.690982818603516 3.205652952194214 236 255 251
-23.681076049804688 -4.988672256469727 3.3529767990112305 124 166 206
-22.43268585205078 -6.462153434753418 2.7812325954437256 176 231 208
-22.754859924316406 -4.781527996063232 2.3573226928710938 77 83 99
-23.072826385498047 -5.734325885772705 2.1858460903167725 210 255 246
-22.957918167114258 -3.9510929584503174 1.7356468439102173 115 137 160
-22.269319534301758 -4.672195911407471 1.4762314558029175 93 135 133
-15.415958404541016 -4.420755386352539 0.7321761250495911 255 254 255
-16.015018463134766 -2.7495903968811035 0.6157161593437195 126 142 141
-16.35760498046875 -3.4250383377075195 0.4720722436904907 82 124 88
-16.523488998413086 -4.089465618133545 0.31822091341018677 127 164 172
-15.558904647827148 -4.452050685882568 0.14687931537628174 96 117 108
-15.82427978515625 -2.7060396671295166 0.02129482664167881 48 62 49
-15.940603256225586 -3.3287227153778076 -0.1341535598039627 46 61 38
-16.1153564453125 -3.979203224182129 -0.2961185872554779 72 81 64
-9.923720359802246 -2.836404323577881 -0.28324711322784424 62 73 65
-13.928881645202637 -2.3769121170043945 -0.4978831708431244 67 79 55
-10.663009643554688 -2.222187042236328 -0.4873688817024231 60 60 50
-9.84366226196289 -2.425311326980591 -0.5510085821151733 80 89 72
-11.266473770141602 -3.214236259460449 -0.7502481341362 51 90 63
-10.43591022491455 -1.7748517990112305 -0.7599110007286072 68 82 56
-6.722651481628418 -1.3966037034988403 -0.5601603984832764 87 103 93
-8.516824722290039 -2.095247983932495 -0.7980480790138245 61 79 57
-8.236392974853516 -2.3480682373046875 -0.863764226436615 71 108 65
-8.084074020385742 -1.371387243270874 -0.8924960494041443 79 114 46
-6.863214015960693 -1.421557068824768 -0.8311693072319031 63 87 53
-6.137007713317871 -1.5067157745361328 -0.8103007078170776 74 87 61
-6.317896366119385 -1.7975581884384155 -0.9072678089141846 76 85 80
-6.229770660400391 -1.052236557006836 -0.9224862456321716 39 70 36
-5.686777591705322 -1.1755046844482422 -0.9043684601783752 79 99 50
-5.638076305389404 -1.381822109222412 -0.9613139629364014 58 65 58
-5.7709736824035645 -1.6415131092071533 -1.0553516149520874 57 88 47
-5.483216285705566 -0.9192513227462769 -1.0226097106933594 91 112 56
-5.345177173614502 -1.1018778085708618 -1.0570878982543945 52 67 44
-5.143465518951416 -1.2580300569534302 -1.0795100927352905 69 98 50
-4.815548896789551 -1.3692041635513306 -1.0724607706069946 70 103 46
-4.836874485015869 -0.8080294728279114 -1.091929316520691 80 100 72
-4.618666648864746 -0.9484148025512695 -1.0971367359161377 71 93 57
-23.605100631713867 -4.897082328796387 3.340076446533203 168 168 196
-23.175691604614258 -4.795763969421387 2.399383783340454 67 75 137
-23.093830108642578 -3.9015722274780273 1.7450087070465088 203 236 241
-22.618749618530273 -4.673105716705322 1.4984376430511475 116 97 179
-16.034217834472656 -2.702270746231079 0.6161326766014099 165 205 197
-15.450705528259277 -3.1856985092163086 0.44561541080474854 83 104 97
-16.51847267150879 -4.034482479095459 0.3178844451904297 79 91 89
-10.824921607971191 -3.0615627765655518 0.10210036486387253 127 155 140
-15.83645248413086 -2.6581408977508545 0.02130013145506382 50 59 54
-15.893932342529297 -3.2681210041046143 -0.13367578387260437 66 84 60
-11.031427383422852 -2.6879992485046387 -0.20254924893379211 72 76 77
-9.76595401763916 -2.7589304447174072 -0.2785011827945709 59 71 71
-12.679404258728027 -2.1236813068389893 -0.4529860019683838 74 76 71
-11.629793167114258 -2.386460542678833 -0.531220018863678 56 70 45
-10.747576713562012 -2.613072156906128 -0.6011545658111572 73 92 70
-10.345556259155273 -2.917212724685669 -0.6883239150047302 83 84 78
-10.409823417663574 -1.7375714778900146 -0.7576196789741516 82 91 72
-6.716163158416748 -1.3737752437591553 -0.5592659115791321 76 88 64
-8.564827919006348 -2.0792112350463867 -0.8019445538520813 57 95 38
-6.1472344398498535 -1.7321069240570068 -0.644110381603241 70 89 61
-6.9850335121154785 -1.1629103422164917 -0.7707625031471252 100 122 110
-6.8441901206970215 -1.395732045173645 -0.8283429741859436 55 69 46
-6.036526203155518 -1.4624247550964355 -0.7964374423027039 75 93 67
-5.995339870452881 -1.6859197616577148 -0.8602009415626526 71 97 50
-6.4487080574035645 -1.0688775777816772 -0.9544157385826111 60 77 58
-5.710690021514893 -1.1621904373168945 -0.9075999855995178 20 59 32
-5.638453006744385 -1.3635905981063843 -0.9606603980064392 53 65 63
-5.670740604400635 -1.594213604927063 -1.036122441291809 72 95 51
-5.511242389678955 -0.9065752625465393 -1.027312994003296 78 92 75
-5.33987283706665 -1.0837163925170898 -1.055376410484314 66 83 51
-5.153968334197998 -1.2438533306121826 -1.0809084177017212 77 90 64
-4.854556560516357 -1.3642115592956543 -1.0802109241485596 74 102 43
-4.83547830581665 -0.7925548553466797 -1.0910600423812866 116 133 115
-4.645421504974365 -0.9390650987625122 -1.1028026342391968 86 115 61
-20.057086944580078 -5.658750057220459 3.2567594051361084 247 255 253
-23.68794822692871 -4.8385162353515625 3.3496830463409424 214 228 203
-23.984025955200195 -5.819838047027588 3.179537296295166 188 232 241
-23.07330894470215 -4.700805187225342 2.387279748916626 139 172 187
-23.148225784301758 -5.602484226226807 2.1896913051605225 187 234 255
-22.571481704711914 -3.742136240005493 1.7046637535095215 194 223 219
-22.678939819335938 -4.613039016723633 1.5014805793762207 113 130 140
-22.024822235107422 -3.6424217224121094 0.845894992351532 117 143 176
-15.56424617767334 -3.1593596935272217 0.4486083984375 75 93 97
-16.53757667541504 -3.9854254722595215 0.31801527738571167 149 151 192
-10.845819473266602 -3.0315678119659424 0.10220927000045776 78 100 113
-15.924455642700195 -2.6227056980133057 0.02140757441520691 54 65 69
-15.623579025268555 -3.1626031398773193 -0.13131974637508392 46 63 29
-10.436894416809082 -2.509235143661499 -0.19149072468280792 59 65 65
-10.047808647155762 -2.805298089981079 -0.2862921953201294 68 83 86
-13.61777400970459 -2.2379207611083984 -0.4862627387046814 76 84 71
-6.81048059463501 -1.3757659196853638 -0.3108915388584137 57 62 55
-10.375890731811523 -2.489013910293579 -0.5799347758293152 67 77 87
-10.26216983795166 -2.859741449356079 -0.6821889281272888 63 86 68
-10.421011924743652 -1.706593632698059 -0.7580493092536926 101 111 87
-6.833687782287598 -1.3759855031967163 -0.5686981678009033 68 68 66
-8.152776718139648 -1.952714443206787 -0.7627987861633301 86 113 60
-8.288025856018066 -2.3078954219818115 -0.867677628993988 77 102 70
-5.8396687507629395 -0.9538199305534363 -0.6440514326095581 92 104 102
-6.847466468811035 -1.3745323419570923 -0.8282252550125122 77 94 75
-6.048702239990234 -1.4457428455352783 -0.7974549531936646 52 66 40
-6.065385341644287 -1.6855542659759521 -0.8695049285888672 80 81 75
-6.47832727432251 -1.0533760786056519 -0.9583166241645813 60 64 63
-5.705509662628174 -1.1429181098937988 -0.9062150716781616 75 68 75
-5.622457981109619 -1.3414775133132935 -0.957229495048523 49 55 55
-5.6661152839660645 -1.574172019958496 -1.0343900918960571 53 72 50
-5.5547776222229 -0.8962423801422119 -1.0349105596542358 74 105 71
-5.388421058654785 -1.0763673782348633 -1.0643138885498047 72 104 55
-5.1625261306762695 -1.2291702032089233 -1.0819071531295776 88 124 54
-4.839876174926758 -1.3440786600112915 -1.0760215520858765 81 101 48
-4.836922645568848 -0.7775611281394958 -1.090842604637146 66 92 57
-4.6568779945373535 -0.9265191555023193 -1.1048423051834106 70 90 53
-23.787166595458984 -4.782807350158691 3.3616225719451904 227 245 255
-23.453907012939453 -5.615066051483154 3.106961488723755 212 243 248
-22.929594039916992 -4.598304271697998 2.3709394931793213 49 106 133
-22.645183563232422 -5.407244682312012 2.1405270099639893 149 180 208
-22.982654571533203 -6.375247001647949 1.9612869024276733 155 197 213
-22.568092346191406 -3.670469045639038 1.7035492658615112 185 235 242
-23.047197341918945 -4.614356994628906 1.5249168872833252 58 51 67
-23.56460952758789 -5.614181041717529 1.3365287780761719 155 197 219
-22.032936096191406 -3.5743534564971924 0.8457814455032349 126 152 143
-15.436634063720703 -3.0841760635375977 0.4446554183959961 113 161 119
-16.569181442260742 -3.939295530319214 0.3183891177177429 132 178 194
-15.839224815368652 -4.374953269958496 0.1491391360759735 74 105 99
-15.828770637512207 -2.5570926666259766 0.021268296986818314 55 60 56
-15.502775192260742 -3.0886693000793457 -0.1302241086959839 33 51 35
-16.225234985351562 -3.8482489585876465 -0.2974741458892822 53 67 41
-10.220183372497559 -2.8196539878845215 -0.2909558415412903 43 59 59
-13.923528671264648 -2.244319200515747 -0.49693241715431213 66 75 56
-12.811186790466309 -2.5470685958862305 -0.5844582319259644 53 65 45
-10.162903785705566 -2.4049723148345947 -0.5676153898239136 89 97 82
-10.105405807495117 -2.7826743125915527 -0.671197235584259 77 88 82
-10.43309211730957 -1.6757216453552246 -0.7585505247116089 82 101 71
-6.817346096038818 -1.3509451150894165 -0.5669906139373779 71 92 75
-8.409751892089844 -1.9870028495788574 -0.7862680554389954 90 100 76
-8.44088077545166 -2.3225791454315186 -0.8829299807548523 81 99 57
-6.863446235656738 -1.0994304418563843 -0.7565873265266418 48 63 40
-6.653885841369629 -1.3144502639770508 -0.8043193817138672 79 109 39
-6.020285129547119 -1.419439673423767 -0.7931305766105652 67 79 69
-6.048557281494141 -1.660904884338379 -0.8663579821586609 72 76 59
-6.552861213684082 -1.0448700189590454 -0.9688634276390076 56 73 39
-5.747766494750977 -1.1330525875091553 -0.9123703241348267 69 94 55
-5.598697662353516 -1.3176673650741577 -0.9524915814399719 61 70 51
-5.65667200088501 -1.5528703927993774 -1.0317915678024292 62 76 53
-5.57012939453125 -0.8811941742897034 -1.0372623205184937 111 147 103
-5.394587993621826 -1.060399055480957 -1.0648844242095947 78 105 64
-5.1853508949279785 -1.2178064584732056 -1.085902452468872 82 112 42
-4.886410236358643 -1.3408677577972412 -1.0854475498199463 79 94 65
-4.846035003662109 -0.763781726360321 -1.092363953590393 72 79 71
-4.669257164001465 -0.9140989780426025 -1.1071085929870605 48 70 21
-23.72107696533203 -4.69384765625 3.350231885910034 247 255 255
-23.683378219604492 -5.593235492706299 3.1350717544555664 225 232 250
-22.895767211914062 -4.518496990203857 2.365997314453125 100 149 156
-23.76179313659668 -5.596869468688965 2.2444405555725098 195 234 241
-22.557580947875977 -3.5977582931518555 1.7019145488739014 207 234 215
-23.067119598388672 -4.544785022735596 1.5253053903579712 56 136 127
-23.530208587646484 -5.529752731323242 1.3336089849472046 230 255 252
-16.027816772460938 -2.5497145652770996 0.6149588823318481 178 228 225
-15.857970237731934 -3.1177945137023926 0.4565144181251526 31 24 58
-16.575347900390625 -3.887073516845703 0.31827694177627563 18 60 50
-15.834244728088379 -4.32133674621582 0.1489666998386383 39 74 67
-15.847405433654785 -2.510239362716675 0.02128288708627224 74 91 73
-15.793807983398438 -3.0963051319122314 -0.13258838653564453 50 51 45
-16.2447509765625 -3.80027437210083 -0.2976168394088745 62 81 62
-10.405277252197266 -2.836395740509033 -0.29597610235214233 55 61 49
-13.927387237548828 -2.2011239528656006 -0.49682676792144775 87 96 75
-12.783644676208496 -2.500847578048706 -0.5828490257263184 58 92 57
-12.927934646606445 -3.017442226409912 -0.721526563167572 64 82 68
-10.043600082397461 -2.7325332164764404 -0.6665321588516235 43 64 55
-10.411581039428711 -1.6395162343978882 -0.7566172480583191 99 109 101
-7.017111778259277 -1.368171215057373 -0.5832530856132507 67 79 59
-6.887248992919922 -1.6049821376800537 -0.6434585452079773 124 123 92
-8.522854804992676 -2.317031145095825 -0.8907568454742432 83 92 73
-8.350728034973145 -1.3114084005355835 -0.9200890064239502 54 52 55
-6.635466575622559 -1.289672613143921 -0.8016108274459839 77 92 69
-5.948289394378662 -1.383215069770813 -0.783082902431488 93 122 74
-6.1348876953125 -1.6643869876861572 -0.8779878616333008 83 87 70
-6.5091094970703125 -1.0174262523651123 -0.9619285464286804 61 85 63
-5.754125118255615 -1.1159777641296387 -0.9128319621086121 73 80 72
-5.628661155700684 -1.3065073490142822 -0.9569027423858643 36 47 41
-5.653805255889893 -1.5334463119506836 -1.0304057598114014 69 94 54
-5.582525730133057 -0.8656080961227417 -1.0390713214874268 97 128 84
-5.389140605926514 -1.042165994644165 -1.0631729364395142 86 108 61
-5.205289840698242 -1.2056509256362915 -1.0892982482910156 73 101 63
-4.898050785064697 -1.3279169797897339 -1.087123155593872 62 86 62
-4.838708877563477 -0.7474206686019897 -1.0901906490325928 86 104 66
-4.668213844299316 -0.8990328311920166 -1.1062021255493164 81 106 41
-23.668277740478516 -4.607989311218262 3.3407626152038574 219 234 241
-23.94481086730957 -5.577474117279053 3.1673989295959473 194 244 241
-22.54546356201172 -6.1217169761657715 2.7832438945770264 220 255 248
-22.914405822753906 -4.449180603027344 2.366501569747925 98 148 136
-23.124122619628906 -5.3718461990356445 2.1826417446136475 144 209 213
-22.563587188720703 -3.5277655124664307 1.7015432119369507 223 255 254
-23.122100830078125 -4.48197078704834 1.528024435043335 82 96 83
-23.571378707885742 -5.463172912597656 1.3349862098693848 128 176 178
-15.988170623779297 -2.4931395053863525 0.6131413578987122 151 199 187
-15.851757049560547 -3.0660908222198486 0.4560626149177551 42 40 54
-17.19504165649414 -3.9767825603485107 0.3299403786659241 68 85 43
-15.862874031066895 -4.276902198791504 0.14911191165447235 70 89 87
-15.988434791564941 -2.4823200702667236 0.021461958065629005 60 67 60
-15.856253623962402 -3.058061361312866 -0.13303321599960327 47 85 44
-13.963924407958984 -3.221547842025757 -0.2556479871273041 63 71 60
-9.958338737487793 -2.6817691326141357 -0.28302764892578125 56 75 56
-10.127857208251953 -1.5688027143478394 -0.3611140549182892 61 81 72
-12.697081565856934 -2.4434926509857178 -0.5785577893257141 89 109 97
-12.648124694824219 -2.9112443923950195 -0.7054082155227661 62 68 66
-9.955561637878418 -2.6758038997650146 -0.66014164686203 72 86 73
-8.877785682678223 -1.370090126991272 -0.6448467373847961 73 78 71
-7.141674518585205 -1.3697282075881958 -0.5932545065879822 71 87 60
-8.364521026611328 -1.9222044944763184 -0.7809217572212219 71 93 54
-8.238770484924316 -2.2126777172088623 -0.8603525161743164 83 111 97
-6.852377414703369 -1.0545746088027954 -0.7546396255493164 45 55 54
-6.789600372314453 -1.2980258464813232 -0.8197463154792786 65 74 43
-5.977641582489014 -1.3707234859466553 -0.7863897681236267 67 78 61
-6.158144950866699 -1.6504299640655518 -0.8805875182151794 79 93 70
-6.598273277282715 -1.010635256767273 -0.9746425151824951 74 108 83
-5.693463325500488 -1.0860990285873413 -0.9026756882667542 44 62 36
-5.627834796905518 -1.2881320714950562 -0.9560858607292175 163 172 57
-5.602355003356934 -1.5010548830032349 -1.0201847553253174 86 95 76
-5.602656841278076 -0.8511359095573425 -1.0423274040222168 101 140 85
-5.412566661834717 -1.029479742050171 -1.0671663284301758 77 114 47
-5.224248886108398 -1.1931663751602173 -1.0924944877624512 110 139 108
-4.8983235359191895 -1.3118720054626465 -1.0862853527069092 48 87 32
-4.835188865661621 -0.7316959500312805 -1.0888866186141968 76 101 69
-4.669992923736572 -0.8845254778862 -1.1059755086898804 72 100 51
-23.51329231262207 -5.4009623527526855 3.1081113815307617 229 255 254
-22.859539031982422 -4.365794658660889 2.359441041946411 176 190 239
-23.130786895751953 -5.298653602600098 2.1817262172698975 98 182 208
-23.176109313964844 -6.199764728546143 1.9728425741195679 219 250 255
-22.565431594848633 -3.457165479660034 1.7008744478225708 209 254 249
-23.201417922973633 -4.4235334396362305 1.5323621034622192 161 191 191
-23.298933029174805 -5.324760913848877 1.3186246156692505 231 255 255
-16.052581787109375 -4.285168170928955 0.7585369944572449 255 255 255
-21.570003509521484 -3.2957980632781982 0.8268112540245056 66 117 102
-15.761908531188965 -2.998575448989868 0.45321083068847656 48 52 64
-17.26077651977539 -3.93623685836792 0.3309684097766876 73 94 61
-9.394139289855957 -2.501929998397827 0.0882328599691391 75 92 118
-15.963351249694824 -2.4282939434051514 0.021418187767267227 68 83 54
-15.518756866455078 -2.9436182975769043 -0.1301252543926239 51 75 41
-16.30968475341797 -3.7100629806518555 -0.29838377237319946 43 49 49
-9.914353370666504 -2.6373281478881836 -0.2815462648868561 53 68 65
-10.10495662689209 -1.533524990081787 -0.36012810468673706 66 84 58
-10.537201881408691 -1.9943287372589111 -0.47985920310020447 66 82 72
-10.41831111907959 -2.3643710613250732 -0.5806402564048767 96 109 89
-9.859552383422852 -2.6175918579101562 -0.6532398462295532 60 70 62
-8.830662727355957 -1.3350934982299805 -0.6411234140396118 78 90 86
-6.711960315704346 -1.2659746408462524 -0.5572330951690674 81 86 80
-8.42088508605957 -1.9079769849777222 -0.7856338024139404 65 103 56
-8.384964942932129 -2.224383592605591 -0.8749024868011475 72 88 77
-8.140386581420898 -1.2272441387176514 -0.8960669040679932 46 64 40
-6.677413463592529 -1.2553555965423584 -0.8057325482368469 55 60 53
-6.726765155792236 -1.5207964181900024 -0.8843228816986084 61 87 60
-6.253194332122803 -1.6553581953048706 -0.8934487700462341 71 84 64
-6.514251232147217 -0.9773211479187012 -0.9617840647697449 65 98 53
-5.721047401428223 -1.0731810331344604 -0.906522810459137 63 65 51
-5.599039554595947 -1.2634764909744263 -0.9505310654640198 63 99 12
-5.630736827850342 -1.490159273147583 -1.0245157480239868 76 88 68
-5.603296279907227 -0.8336537480354309 -1.0419656038284302 76 108 41
-5.391573905944824 -1.008357286453247 -1.0624123811721802 56 78 40
-5.224061012268066 -1.1762720346450806 -1.0916954278945923 84 114 28
-4.892872333526611 -1.294337272644043 -1.0841907262802124 55 73 21
-4.823893070220947 -0.7148551344871521 -1.085843801498413 77 100 58
-4.666939735412598 -0.8691240549087524 -1.1046156883239746 93 128 86
-23.507505416870117 -5.323760986328125 3.105172872543335 224 250 239
-23.160301208496094 -4.349631309509277 2.3890953063964844 86 83 126
-23.112937927246094 -5.2199859619140625 2.1785218715667725 109 127 87
-23.19502067565918 -6.128632545471191 1.9728425741195679 222 255 255
-22.331356048583984 -3.3512167930603027 1.6824480295181274 227 255 254
-23.392406463623047 -4.385614395141602 1.5440802574157715 108 158 146
-23.268404006958008 -5.242721080780029 1.315980315208435 150 227 243
-15.8801908493042 -4.187000274658203 0.7497804164886475 255 255 255
-15.99031925201416 -2.393068313598633 0.6126490831375122 126 166 191
-15.722888946533203 -2.9411983489990234 0.4518272876739502 54 48 60
-17.244482040405273 -3.8769030570983887 0.3304263651371002 61 79 55
-15.699275016784668 -4.129630088806152 0.14733310043811798 50 76 63
-12.114290237426758 -1.8047784566879272 0.016246357932686806 54 63 68
-15.877668380737305 -2.961261749267578 -0.13305793702602386 53 62 35
-16.675138473510742 -3.739426374435425 -0.30485838651657104 48 53 56
-9.87985897064209 -2.5957226753234863 -0.28033921122550964 61 80 76
-10.115545272827148 -1.5033977031707764 -0.3603394031524658 57 70 53
-6.810157775878906 -1.2672985792160034 -0.30995285511016846 52 67 48
-8.700760841369629 -1.9465346336364746 -0.48458150029182434 68 90 69
-10.374332427978516 -2.7202157974243164 -0.6867901682853699 75 85 74
-8.96693229675293 -1.3275697231292725 -0.6507180333137512 78 80 58
-6.718752861022949 -1.2459219694137573 -0.5574770569801331 56 74 58
-7.459621429443359 -1.6661328077316284 -0.6954716444015503 90 118 77
-8.382124900817871 -2.196126699447632 -0.873898983001709 87 105 79
-8.17066764831543 -1.2061840295791626 -0.8989885449409485 48 64 53
-6.665608882904053 -1.2319759130477905 -0.8038483262062073 68 81 53
-6.736239433288574 -1.5012305974960327 -0.8849587440490723 81 97 60
-6.1566548347473145 -1.609606385231018 -0.8789455890655518 84 85 71
-6.353725433349609 -0.933315098285675 -0.9376563429832458 58 82 50
-5.71653938293457 -1.0541905164718628 -0.905291736125946 68 81 53
-5.604815483093262 -1.2467212677001953 -0.9508577585220337 30 43 33
-5.646716117858887 -1.4758659601211548 -1.0265945196151733 60 79 60
-5.604854583740234 -0.8163174390792847 -1.0417847633361816 65 115 52
-5.387883186340332 -0.9905688166618347 -1.0610812902450562 81 114 57
-5.222862243652344 -1.1591777801513672 -1.0906965732574463 90 110 51
-4.893982410430908 -1.2785786390304565 -1.0835623741149902 73 109 39
-4.825097560882568 -0.6999121904373169 -1.085626482963562 68 90 44
-4.669583797454834 -0.8548020124435425 -1.1046156883239746 98 125 84
-23.516950607299805 -5.250102996826172 3.104278326034546 195 221 248
-22.927968978881836 -4.233216762542725 2.3637783527374268 83 129 163
-23.15605926513672 -5.155110836029053 2.1810853481292725 64 62 84
-23.12885093688965 -6.0352983474731445 1.9656305313110352 211 255 250
-23.22517967224121 -4.280546188354492 1.532167911529541 113 125 165
-22.937376022338867 -5.094243049621582 1.2963684797286987 39 99 65
-19.01616668701172 -2.786288261413574 0.728249728679657 77 79 91
-15.647290229797363 -2.8773996829986572 0.4493989944458008 57 63 61
-17.214319229125977 -3.8146779537200928 0.32962262630462646 97 124 71
-15.679931640625 -4.07314920425415 0.14703360199928284 52 57 61
-11.511208534240723 -1.6788485050201416 0.015430591069161892 59 76 84
-10.385552406311035 -1.904003620147705 -0.0869835838675499 38 53 34
-16.074405670166016 -3.552950859069824 -0.2936750054359436 43 61 37
-10.33189868927002 -2.6806275844573975 -0.2929310202598572 62 70 73
-10.117142677307129 -1.471924901008606 -0.36023375391960144 70 81 73
-12.677760124206543 -2.318978786468506 -0.5766803622245789 72 99 64
-12.258990287780762 -2.7031164169311523 -0.6822889447212219 106 125 97
-9.898614883422852 -2.563049077987671 -0.6547735929489136 54 63 46
-8.8613920211792 -1.2841745615005493 -0.6427702307701111 96 104 83
-6.619587421417236 -1.2065376043319702 -0.5489392876625061 59 70 62
-7.07663106918335 -1.557812213897705 -0.6593162417411804 56 70 70
-8.278051376342773 -2.1417407989501953 -0.8623594045639038 89 103 86
-8.175312995910645 -1.18125319480896 -0.899096667766571 83 107 73
-6.562858581542969 -1.1921744346618652 -0.7910122275352478 73 83 48
-6.790221691131592 -1.4914090633392334 -0.8914452195167542 75 96 81
-6.145258903503418 -1.5865010023117065 -0.8766196966171265 44 94 69
-6.575953006744385 -0.9453578591346741 -0.9700192213058472 82 97 40
-5.7430806159973145 -1.0408763885498047 -0.908984899520874 57 90 19
-5.609577655792236 -1.2297313213348389 -0.951021134853363 40 53 33
-5.627377033233643 -1.4523820877075195 -1.0222636461257935 58 75 57
-5.623885154724121 -0.8014770746231079 -1.0448600053787231 78 115 46
-5.390896797180176 -0.9740343689918518 -1.0610812902450562 67 102 38
-5.214907646179199 -1.1406364440917969 -1.0882995128631592 105 130 75
-4.908296585083008 -1.2662447690963745 -1.0858664512634277 83 108 40
-4.774069309234619 -0.6775619387626648 -1.0736725330352783 78 102 66
-4.662598609924316 -0.8387475609779358 -1.1023494005203247 62 85 43
-22.85959815979004 -4.148110866546631 2.3554065227508545 191 240 245
-23.128969192504883 -5.074655055999756 2.1770570278167725 51 60 67
-23.113479614257812 -5.955607891082764 1.9627619981765747 203 241 242
-23.428695678710938 -4.243777751922607 1.5447276830673218 129 137 150
-22.950944900512695 -5.023420810699463 1.2962582111358643 81 85 94
-24.197965621948242 -6.221535682678223 1.1406787633895874 255 255 255
-12.445683479309082 -1.7845821380615234 0.4764123260974884 62 101 72
-15.625551223754883 -2.8238701820373535 0.44852373003959656 56 67 73
-16.49626922607422 -3.60249924659729 0.31566017866134644 47 67 55
-16.069141387939453 -4.121668815612793 0.15056400001049042 71 88 80
-12.093457221984863 -1.7258917093276978 0.01620391197502613 65 75 85
-15.870936393737793 -2.8593499660491943 -0.1328519880771637 66 75 58
-16.10672378540039 -3.508300304412842 -0.2940674126148224 44 58 45
-9.559581756591797 -2.4489707946777344 -0.27081990242004395 67 78 74
-12.194414138793945 -1.7359564304351807 -0.4340059459209442 65 78 71
-12.704479217529297 -2.2836074829101562 -0.5775743722915649 62 80 58
-12.010601997375488 -2.6097328662872314 -0.6680158376693726 95 118 98
-10.303810119628906 -2.6342620849609375 -0.6810386776924133 48 67 61
-10.626102447509766 -1.5066423416137695 -0.7704364061355591 56 75 56
-6.90777063369751 -1.2371795177459717 -0.572519838809967 68 82 65
-7.136851787567139 -1.5481277704238892 -0.6644812822341919 63 78 59
-8.271087646484375 -2.112886428833008 -0.8609545826911926 98 115 71
-7.794021129608154 -1.1017600297927856 -0.8567875623703003 65 70 63
-6.542045593261719 -1.167672038078308 -0.7880681157112122 37 59 36
-6.756957054138184 -1.4623873233795166 -0.8864849805831909 61 107 60
-5.9561967849731445 -1.518215537071228 -0.8489815592765808 100 146 110
-6.612137794494629 -0.9298638105392456 -0.9749314188957214 36 65 21
-5.747220039367676 -1.0234253406524658 -0.9091388583183289 44 65 34
-5.60560941696167 -1.2108492851257324 -0.9497141242027283 38 49 33
-5.618444442749023 -1.4317058324813843 -1.0198382139205933 53 59 49
-5.624369144439697 -0.7839478850364685 -1.044498085975647 121 156 62
-5.402559280395508 -0.9590350985527039 -1.0627926588058472 69 82 56
-5.200183391571045 -1.120709776878357 -1.0845041275024414 108 139 79
-4.9187912940979 -1.252869963645935 -1.0873327255249023 86 113 78
-4.776125431060791 -0.662912130355835 -1.0736725330352783 91 123 86
-4.64309024810791 -0.8205404281616211 -1.0971367359161377 107 153 107
-24.139984130859375 -5.233901023864746 3.182220458984375 129 143 156
-23.54216194152832 -4.19740629196167 2.424398183822632 144 194 227
-23.108415603637695 -4.995886325836182 2.1736693382263184 99 145 161
-22.888242721557617 -5.822747707366943 1.9421091079711914 63 119 134
-23.29227066040039 -4.1453022956848145 1.5348869562149048 15 44 88
-22.86962127685547 -4.932145595550537 1.290804386138916 65 78 68
-21.683042526245117 -3.0412631034851074 0.8296511173248291 91 91 103
-15.923498153686523 -2.8272950649261475 0.45682498812675476 99 129 105
-17.01747703552246 -3.6616594791412354 0.32541710138320923 62 80 56
-16.130178451538086 -4.08462381362915 0.15101778507232666 71 82 78
-12.108599662780762 -1.6901638507843018 0.016217177733778954 67 76 85
-15.92296028137207 -2.8183135986328125 -0.13321445882320404 42 52 51
-15.592449188232422 -3.346209764480591 -0.28448930382728577 53 58 51
-10.310357093811035 -2.6076231002807617 -0.2918611466884613 45 64 70
-10.08243179321289 -1.4037559032440186 -0.35868436098098755 70 88 88
-12.68289566040039 -2.239582061767578 -0.576278030872345 76 87 71
-10.734580993652344 -2.298006296157837 -0.5966500639915466 89 95 57
-10.602128028869629 -2.675903797149658 -0.7002102732658386 81 95 96
-10.474574089050293 -1.4523900747299194 -0.7591233253479004 81 102 71
-8.399658203125 -1.4777940511703491 -0.6957892775535583 74 75 70
-8.376466751098633 -1.790135145187378 -0.7793813943862915 70 90 41
-8.298754692077637 -2.092853546142578 -0.863162100315094 78 110 73
-7.275439739227295 -1.0056965351104736 -0.7994375824928284 75 100 79
-6.591568946838379 -1.1556557416915894 -0.7936029434204102 37 73 47
-5.739924907684326 -1.2238515615463257 -0.7525583505630493 76 95 50
-5.950259208679199 -1.497275948524475 -0.8474765419960022 96 112 83
-6.566926002502441 -0.9029689431190491 -0.9678521156311035 48 74 26
-5.778558731079102 -1.0107252597808838 -0.9136013984680176 66 87 56
-5.599648475646973 -1.1915924549102783 -0.9480804204940796 31 50 31
-5.616124629974365 -1.4127800464630127 -1.0186256170272827 72 114 50
-5.5945892333984375 -0.7623070478439331 -1.038528561592102 88 114 40
-5.4025750160217285 -0.9419499039649963 -1.0622222423553467 46 69 43
-5.1988043785095215 -1.1037331819534302 -1.0835052728652954 123 144 87
-4.9301981925964355 -1.2396810054779053 -1.0890084505081177 87 110 66
-4.855515956878662 -0.6587541699409485 -1.0910600423812866 88 125 94
-4.600482940673828 -0.7984637022018433 -1.0864849090576172 81 97 84
-24.013349533081055 -5.129360675811768 3.163437843322754 124 159 139
-23.014551162719727 -4.901734352111816 2.1634154319763184 82 100 104
-22.752307891845703 -5.713902950286865 1.929078221321106 219 255 249
-23.590930938720703 -4.123826503753662 1.5537266731262207 147 193 206
-22.999895095825195 -4.886444568634033 1.2973049879074097 63 58 65
-24.04963493347168 -6.026322841644287 1.1319221258163452 240 255 255
-21.67742156982422 -2.972689628601074 0.8290831446647644 101 138 156
-15.725301742553711 -2.742365598678589 0.4508954882621765 67 95 70
-16.627609252929688 -3.5244319438934326 0.3177535831928253 81 100 55
-19.869796752929688 -4.9667840003967285 0.1858861893415451 53 48 55
-11.25468921661377 -1.5357850790023804 0.01506714429706335 84 93 72
-15.989657402038574 -2.7795538902282715 -0.13370048999786377 57 67 58
-15.567425727844238 -3.290912389755249 -0.2838471829891205 51 56 49
-10.291152000427246 -2.569199323654175 -0.29109299182891846 77 90 81
-11.327473640441895 -1.5416896343231201 -0.40280681848526 82 87 80
-12.483001708984375 -2.164813995361328 -0.5668909549713135 89 121 108
-11.863222122192383 -2.5015814304351807 -0.6589526534080505 88 104 91
-9.851095199584961 -2.4542250633239746 -0.6501085162162781 45 74 44
-10.665787696838379 -1.445566177368164 -0.7726560831069946 76 91 72
-6.506662368774414 -1.124180793762207 -0.5386939644813538 83 84 66
-6.8207244873046875 -1.4357903003692627 -0.6342158317565918 93 104 72
-8.319619178771973 -2.070988655090332 -0.8646672964096069 73 97 45
-7.797679424285889 -1.0535167455673218 -0.8564629554748535 64 85 54
-6.815278053283691 -1.1733369827270508 -0.8200995922088623 64 80 53
-6.554189682006836 -1.3764585256576538 -0.8587585091590881 51 58 40
-6.077882766723633 -1.5095778703689575 -0.8649897575378418 44 82 33
-6.561819553375244 -0.8817633390426636 -0.9666963219642639 96 128 55
-5.842009544372559 -1.0033619403839111 -0.9231420755386353 64 86 40
-5.590725421905518 -1.1717764139175415 -0.9459564685821533 37 53 43
-5.6213884353637695 -1.3957806825637817 -1.018798828125 79 96 52
-5.535483360290527 -0.736962616443634 -1.0271320343017578 101 127 64
-5.400600910186768 -0.9245423078536987 -1.0612714290618896 71 87 51
-5.204084396362305 -1.088179349899292 -1.08390474319458 106 121 102
-5.008951187133789 -1.243156909942627 -1.1055561304092407 75 88 70
-4.865255355834961 -0.6448805928230286 -1.0927987098693848 80 93 99
-4.598110198974609 -0.7835277915000916 -1.0853517055511475 75 96 63
-23.867860794067383 -5.021766662597656 3.1422271728515625 255 255 253
-23.454204559326172 -5.830686092376709 2.879303455352783 247 255 253
-22.999269485473633 -4.824765682220459 2.1605772972106934 147 175 178
-22.5346622467041 -5.5858049392700195 1.9091628789901733 173 196 214
-23.49626922607422 -4.0330305099487305 1.5466699600219727 206 255 255
-23.463363647460938 -4.909726142883301 1.3225910663604736 111 181 181
-24.48402976989746 -6.05540132522583 1.1514875888824463 230 255 252
-18.99445343017578 -2.5454208850860596 0.7261672019958496 114 145 140
-16.014440536499023 -2.742190361022949 0.4589426815509796 74 86 72
-16.1205997467041 -3.365318536758423 0.30786585807800293 66 74 63
-16.443279266357422 -4.056710720062256 0.15371322631835938 69 98 67
-11.527970314025879 -1.5370652675628662 0.01542661152780056 73 78 81
-10.156779289245605 -1.7335131168365479 -0.08488292247056961 51 61 52
-15.752662658691406 -3.2796154022216797 -0.2870398759841919 51 60 57
-10.359162330627441 -2.5524415969848633 -0.2927938401699066 55 59 68
-11.427254676818848 -1.519576907157898 -0.4061873257160187 68 76 78
-12.343831062316895 -2.1016900539398193 -0.5602752566337585 94 97 88
-12.220847129821777 -2.537858247756958 -0.6783815026283264 90 92 104
-10.252999305725098 -2.5209696292877197 -0.676118016242981 105 133 59
-10.658307075500488 -1.4112660884857178 -0.7717968821525574 71 98 57
-10.25006103515625 -1.7385735511779785 -0.8481684923171997 69 88 66
-6.801693916320801 -1.4100061655044556 -0.6320410370826721 51 63 51
-6.318124294281006 -1.5521907806396484 -0.6561517715454102 105 123 107
-7.505200386047363 -0.9905646443367004 -0.8240006566047668 85 95 84
-6.946136474609375 -1.1739352941513062 -0.8354087471961975 86 109 83
-6.655514240264893 -1.3764320611953735 -0.8714770674705505 88 100 60
-5.919888019561768 -1.451068639755249 -0.8418667912483215 57 73 62
-6.60962438583374 -0.8675514459609985 -0.97334223985672 77 101 51
-5.958083629608154 -1.0044890642166138 -0.940992534160614 52 71 49
-5.595260143280029 -1.1548181772232056 -0.9461198449134827 56 77 58
-5.6199049949646 -1.3771216869354248 -1.0177595615386963 45 83 24
-5.548446178436279 -0.7213712930679321 -1.0291218757629395 103 133 73
-5.389857292175293 -0.9056915044784546 -1.058609127998352 84 112 63
-5.199720859527588 -1.0706274509429932 -1.0823067426681519 79 107 66
-5.023188591003418 -1.2303425073623657 -1.1078602075576782 72 95 69
-4.817841529846191 -0.623561441898346 -1.0817142724990845 59 74 43
-4.612020015716553 -0.771345317363739 -1.088071346282959 87 113 42
-23.562667846679688 -4.882113456726074 3.1000616550445557 233 254 249
-23.191452026367188 -4.7908477783203125 2.1772401332855225 180 209 215
-22.815013885498047 -5.581057548522949 1.9314548969268799 208 248 255
-22.697689056396484 -3.824308156967163 1.4933232069015503 173 226 210
-23.196670532226562 -4.779685020446777 1.306725263595581 97 147 148
-24.139535903930664 -5.8916707038879395 1.1344305276870728 222 253 248
-15.57686710357666 -2.0388071537017822 0.5952692627906799 155 194 201
-15.87885570526123 -2.668855905532837 0.45482027530670166 55 74 54
-15.372832298278809 -3.1600282192230225 0.29339873790740967 61 98 91
-16.274934768676758 -3.9622485637664795 0.15202517807483673 59 71 47
-11.751781463623047 -1.5302268266677856 0.015719758346676826 75 87 85
-10.248836517333984 -1.7168829441070557 -0.0856078490614891 59 73 60
-15.603976249694824 -3.1987438201904297 -0.2841504216194153 47 58 41
-10.363059997558594 -2.5197036266326904 -0.2926841080188751 36 36 46
-11.40510368347168 -1.48103666305542 -0.40523654222488403 55 100 45
-12.303909301757812 -2.0560710430145264 -0.5581743717193604 159 197 172
-11.746280670166016 -2.4017393589019775 -0.6516261696815491 81 95 60
-10.163702964782715 -2.4659714698791504 -0.6697274446487427 87 110 66
-8.255863189697266 -1.0673962831497192 -0.5975894927978516 69 96 79
-8.413887023925781 -1.4005868434906006 -0.695870578289032 58 71 64
-6.843066692352295 -1.3967002630233765 -0.6354844570159912 79 82 65
-8.240309715270996 -1.9976325035095215 -0.8551346063613892 84 100 87
-7.729062557220459 -0.9959949851036072 -0.8482391238212585 84 112 64
-5.887753963470459 -0.9764930605888367 -0.7077539563179016 77 101 85
-6.554736614227295 -1.334633708000183 -0.8577409982681274 57 83 44
-5.944531440734863 -1.4377902746200562 -0.844740092754364 61 69 56
-6.66721773147583 -0.8543120622634888 -0.9814329147338867 77 100 46
-5.912395477294922 -0.9781413674354553 -0.9332983493804932 42 71 41
-5.644216537475586 -1.1468799114227295 -0.9537985920906067 59 72 52
-5.533160209655762 -1.3378840684890747 -1.0013021230697632 30 64 31
-5.547706127166748 -0.7039740681648254 -1.0285792350769043 82 119 68
-5.397453784942627 -0.8899499177932739 -1.059559941291809 103 126 70
-5.197218894958496 -1.0535019636154175 -1.0811080932617188 89 118 60
-5.035493850708008 -1.2169932126998901 -1.1097455024719238 78 100 64
-4.852657318115234 -0.6129363775253296 -1.0891039371490479 105 126 51
-4.621092796325684 -0.7582961916923523 -1.0896577835083008 67 91 55
-23.717472076416016 -4.838348865509033 3.1184613704681396 217 239 236
-23.028440475463867 -4.683554172515869 2.1605772972106934 123 151 172
-22.871749877929688 -5.520623207092285 1.9348150491714478 213 243 251
-22.59412384033203 -3.735609292984009 1.4857484102249146 83 131 145
-23.221988677978516 -4.71068000793457 1.3073312044143677 118 178 150
-24.28860855102539 -5.84915828704834 1.140587568283081 212 248 255
-11.954174041748047 -1.5273557901382446 0.45664697885513306 131 175 148
-15.9915132522583 -2.637369394302368 0.45781323313713074 66 78 64
-15.62548542022705 -3.1620309352874756 0.2980341911315918 86 89 106
-16.287986755371094 -3.9125325679779053 0.15203425288200378 67 90 72
-11.24949836730957 -1.4297391176223755 0.015041941776871681 56 74 76
-16.055017471313477 -2.638920545578003 -0.13403823971748352 56 56 58
-15.721525192260742 -3.172612428665161 -0.28611239790916443 50 64 28
-10.356160163879395 -2.484400510787964 -0.2922726273536682 42 53 49
-11.023920059204102 -1.397159457206726 -0.39153850078582764 56 77 60
-12.282556533813477 -2.0137877464294434 -0.5569227337837219 88 90 76
-10.624926567077637 -2.138519763946533 -0.5890522003173828 93 111 87
-10.383768081665039 -2.4856574535369873 -0.6837226748466492 51 69 71
-8.293734550476074 -1.046432614326477 -0.6000955104827881 74 88 63
-8.458474159240723 -1.3813530206680298 -0.6992043256759644 52 60 49
-7.016232490539551 -1.4096359014511108 -0.6511608362197876 56 64 40
-6.342044353485107 -1.516865849494934 -0.6576569080352783 97 109 97
-7.099824905395508 -0.8927741050720215 -0.7788780927658081 57 58 50
-6.831669330596924 -1.1115179061889648 -0.8208061456680298 50 66 40
-6.486833095550537 -1.3000938892364502 -0.8483293056488037 64 80 43
-5.928679943084717 -1.4147175550460815 -0.8418667912483215 64 86 48
-6.703190803527832 -0.8380268812179565 -0.986345112323761 79 119 7
-5.891961097717285 -0.9561989903450012 -0.9296051859855652 49 63 40
-5.628360748291016 -1.1256885528564453 -0.9505310654640198 48 64 35
-5.524785041809082 -1.3179312944412231 -0.9990500211715698 51 56 52
-5.553743839263916 -0.6874338984489441 -1.0293028354644775 75 112 68
-5.376899242401123 -0.8696247339248657 -1.054996132850647 96 138 38
-5.214839935302734 -1.040427803993225 -1.0841045379638672 87 112 28
-5.028741359710693 -1.199044108390808 -1.1074413061141968 99 115 131
-4.848702430725098 -0.5973296761512756 -1.0877997875213623 80 112 63
-4.608011722564697 -0.7416390776634216 -1.0860316753387451 80 94 77
-23.400617599487305 -4.698976993560791 3.07489013671875 232 255 255
-23.124412536621094 -5.523221969604492 2.832456588745117 226 254 255
-23.038795471191406 -4.612100124359131 2.1602110862731934 134 153 157
-22.803260803222656 -5.430110931396484 1.9276028871536255 206 255 249
-23.263748168945312 -4.644887447357178 1.3088737726211548 140 197 180
-24.0352783203125 -5.710192680358887 1.1278631687164307 195 242 255
-11.992518424987793 -1.4948763847351074 0.4579344093799591 163 191 213
-16.084392547607422 -2.6020243167877197 0.46024152636528015 57 74 64
-16.28816795349121 -3.244148015975952 0.3104826509952545 37 54 44
-16.333969116210938 -3.8706133365631104 0.15235190093517303 68 82 82
-10.765570640563965 -1.3346861600875854 0.01438932865858078 61 69 56
-16.025524139404297 -2.583604335784912 -0.13372521102428436 61 63 76
-15.582120895385742 -3.094758987426758 -0.2834012806415558 52 53 45
-14.08841323852539 -3.334075927734375 -0.3973141014575958 69 81 69
-11.03013801574707 -1.363577127456665 -0.39160892367362976 71 97 36
-12.2166748046875 -1.964517593383789 -0.5536596179008484 62 87 47
-12.123208999633789 -2.4014081954956055 -0.6717062592506409 75 85 77
-10.180584907531738 -2.4040205478668213 -0.6698552370071411 86 101 82
-10.466912269592285 -1.2880147695541382 -0.7570469379425049 49 59 50
-8.456767082214355 -1.3544505834579468 -0.6987165212631226 53 58 61
-7.712220668792725 -1.5248665809631348 -0.7153164148330688 66 78 68
-8.33375358581543 -1.9662247896194458 -0.8635634779930115 120 140 139
-7.288036823272705 -0.893736720085144 -0.7992210984230042 56 64 67
-6.438869953155518 -1.0273420810699463 -0.7732300162315369 60 76 47
-6.1608991622924805 -1.2151215076446533 -0.8052132725715637 72 97 57
-5.764249801635742 -1.3568029403686523 -0.8179228901863098 101 119 97
-6.700819492340088 -0.8168591856956482 -0.9856228232383728 97 136 53
-6.049044609069824 -0.9626543521881104 -0.9539186954498291 40 71 29
-5.6375956535339355 -1.1095588207244873 -0.9515113234519958 51 67 31
-5.5144219398498535 -1.2975915670394897 -0.9964514970779419 71 85 70
-5.567543983459473 -0.6718058586120605 -1.0314735174179077 77 93 54
-5.364027500152588 -0.8506641387939453 -1.0519535541534424 78 93 60
-5.206470012664795 -1.0221588611602783 -1.08170747756958 74 113 34
-5.036203861236572 -1.1845060586929321 -1.1082792282104492 90 102 62
-4.848574161529541 -0.5822185277938843 -1.0873651504516602 91 116 77
-4.633355617523193 -0.731141984462738 -1.0914709568023682 86 108 72
-23.7506046295166 -4.6934990882873535 3.1189723014831543 170 196 247
-23.48436164855957 -5.533091068267822 2.874453067779541 192 205 239
-23.033296585083008 -4.537546634674072 2.1583800315856934 114 147 192
-22.9294490814209 -5.385878562927246 1.9368640184402466 46 120 121
-22.595924377441406 -3.5936126708984375 1.484388828277588 189 228 243
-23.407217025756836 -4.598902702331543 1.3161455392837524 21 49 34
-23.952503204345703 -5.612951278686523 1.1231656074523926 146 171 175
-11.738140106201172 -1.426609992980957 0.44805172085762024 184 219 215
-16.101184844970703 -2.554075002670288 0.46049562096595764 48 60 56
-16.207778930664062 -3.1764707565307617 0.3087630569934845 42 65 55
-16.033205032348633 -3.7474281787872314 0.14943863451480865 56 80 48
-11.24515438079834 -1.3591266870498657 0.015024698339402676 81 89 102
-16.264497756958008 -2.570960283279419 -0.13565286993980408 64 81 73
-15.500283241271973 -3.0291049480438232 -0.28174251317977905 61 62 64
-10.555192947387695 -2.463754177093506 -0.2974574863910675 48 53 56
-11.299187660217285 -1.361655831336975 -0.4010109305381775 76 91 62
-12.324285507202148 -1.943052887916565 -0.5582637786865234 82 91 88
-10.810343742370605 -2.106905221939087 -0.5986038446426392 77 89 79
-6.7919416427612305 -1.5818504095077515 -0.44657015800476074 68 88 61
-10.520330429077148 -1.2618358135223389 -0.7606269717216492 64 70 56
-8.769070625305176 -1.376889705657959 -0.7241672277450562 76 84 71
-7.985692024230957 -1.5534952878952026 -0.7402356266975403 71 72 76
-7.91239070892334 -1.841202735900879 -0.8193116188049316 69 86 54
-7.355893135070801 -0.8791595697402954 -0.8063628077507019 83 90 74
-6.481235980987549 -1.013721227645874 -0.777940571308136 70 86 60
-6.764407157897949 -1.3126049041748047 -0.8835597634315491 74 88 52
-5.806017875671387 -1.3478482961654663 -0.8232589960098267 77 97 62
-6.689537048339844 -0.7946633100509644 -0.9836000800132751 82 107 68
-6.084187030792236 -0.9491174221038818 -0.9589967727661133 83 117 67
-5.6477532386779785 -1.0935704708099365 -0.9526549577713013 49 58 39
-5.453138828277588 -1.2655274868011475 -0.9846715331077576 61 87 52
-5.590090751647949 -0.6571329832077026 -1.0352723598480225 89 117 68
-5.3064656257629395 -0.8248541951179504 -1.0401638746261597 75 87 49
-5.20092248916626 -1.0045084953308105 -1.0799095630645752 114 148 62
-5.032193660736084 -1.167281985282898 -1.1066035032272339 64 83 27
-4.84064245223999 -0.5662065744400024 -1.0851917266845703 100 119 89
-4.631726264953613 -0.7163281440734863 -1.0905643701553345 94 115 76
-23.47124481201172 -5.454049110412598 2.87078595161438 225 255 255
-22.97965431213379 -4.453786373138428 2.1520626544952393 92 103 99
-23.011886596679688 -5.330800533294678 1.942436933517456 159 226 242
-23.35455322265625 -4.51418399810791 1.3123995065689087 41 60 66
-23.721418380737305 -5.482081413269043 1.111535906791687 144 177 184
-11.726584434509277 -1.3887109756469727 0.44744589924812317 170 204 190
-16.0072078704834 -2.488847255706787 0.4575873613357544 100 86 119
-10.46540355682373 -2.0177342891693115 0.1992502063512802 88 93 87
-15.831231117248535 -3.6490347385406494 0.14745108783245087 49 45 44
-11.475706100463867 -1.3512837886810303 0.01532712858170271 64 72 75
-9.664369583129883 -1.4972894191741943 -0.08056628704071045 58 66 53
-15.23458194732666 -2.9286859035491943 -0.27674832940101624 60 70 43
-17.10314178466797 -3.936861038208008 -0.48164355754852295 57 56 62
-11.35690975189209 -1.3332762718200684 -0.4029124677181244 53 57 60
-12.298596382141113 -1.9003517627716064 -0.5568333864212036 78 85 69
-11.72191333770752 -2.2472610473632812 -0.6486955285072327 103 109 105
-10.121223449707031 -2.324531078338623 -0.6649984121322632 76 78 64
-10.562789916992188 -1.2340680360794067 -0.7634194493293762 50 70 58
-8.91116714477539 -1.371201515197754 -0.7355509996414185 65 76 70
-8.35233211517334 -1.5982409715652466 -0.7737632393836975 74 73 68
-8.368935585021973 -1.920393466949463 -0.8659717440605164 74 78 61
-6.975420951843262 -0.8119882345199585 -0.7643782496452332 81 82 84
-6.829831123352051 -1.0467885732650757 -0.81939297914505 89 126 56
-6.55600643157959 -1.2513070106506348 -0.8558331727981567 49 66 32
-5.925034046173096 -1.3563337326049805 -0.8395408391952515 52 59 65
-6.701773166656494 -0.7752734422683716 -0.9850448966026306 85 109 61
-6.072419166564941 -0.9282073974609375 -0.9566885828971863 76 101 33
-5.652050971984863 -1.0764228105545044 -0.9528183341026306 44 49 42
-5.513639450073242 -1.2617539167404175 -0.994892418384552 75 85 51
-5.621394634246826 -0.6433345079421997 -1.0406993627548218 87 118 61
-5.298295021057129 -0.8069443106651306 -1.038072109222412 90 113 59
-5.2087931632995605 -0.9894618391990662 -1.0809084177017212 93 139 92
-5.034797668457031 -1.1516199111938477 -1.1063939332962036 76 87 55
-4.824900150299072 -0.5493654012680054 -1.0812796354293823 70 77 70
-4.616568565368652 -0.6994884610176086 -1.0864849090576172 72 80 65
-23.22653579711914 -5.322133541107178 2.8388450145721436 237 255 250
-22.983427047729492 -4.381400108337402 2.1511471271514893 86 105 112
-23.045623779296875 -5.264171123504639 1.9439122676849365 108 157 153
-23.522294998168945 -4.471789360046387 1.321048617362976 83 91 80
-23.264766693115234 -5.301413536071777 1.089370846748352 203 238 208
-11.610671997070312 -1.338876485824585 0.4428642690181732 198 236 239
-16.00389862060547 -2.438070058822632 0.4572767913341522 64 71 87
-15.947002410888672 -3.0238754749298096 0.3034360110759735 80 91 83
-15.85405158996582 -3.60310697555542 0.1475599855184555 43 50 32
-11.716248512268066 -1.3431777954101562 0.01564282365143299 63 77 60
-12.504343032836914 -1.8980178833007812 -0.10419247299432755 86 92 82
-15.63941764831543 -2.9567859172821045 -0.28393638134002686 63 77 60
-15.930716514587402 -3.6155600547790527 -0.44831231236457825 53 67 52
-11.352010726928711 -1.2974061965942383 -0.40259554982185364 82 97 76
-11.968534469604492 -1.8117733001708984 -0.5416352152824402 62 63 65
-6.79508113861084 -1.281115174293518 -0.37582334876060486 42 53 49
-10.349249839782715 -2.343499183654785 -0.679504930973053 66 79 70
-10.507062911987305 -1.194893717765808 -0.7591233253479004 76 81 77
-8.878866195678711 -1.3383593559265137 -0.7325424551963806 79 106 91
-6.790282726287842 -1.2777560949325562 -0.6286882758140564 65 71 61
-8.203022003173828 -1.855848789215088 -0.8482108116149902 48 60 46
-8.203749656677246 -0.9294735789299011 -0.8986638784408569 69 85 40
-7.6500654220581055 -1.1484931707382202 -0.9173715710639954 89 116 61
-6.591010093688965 -1.2370425462722778 -0.8599031567573547 39 62 52
-5.900178909301758 -1.3316072225570679 -0.8354361653327942 64 83 55
-6.726736545562744 -0.7572550177574158 -0.9883678555488586 87 114 63
-6.097713470458984 -0.9129380583763123 -0.9602278470993042 58 95 41
-5.659205436706543 -1.0598039627075195 -0.953471839427948 47 62 33
-5.516523361206055 -1.2446155548095703 -0.9947190880775452 64 84 56
-5.643868446350098 -0.6283706426620483 -1.044498085975647 85 99 50
-5.304629802703857 -0.7912649512290955 -1.0388327836990356 81 90 43
-5.250331878662109 -0.9806731343269348 -1.088898777961731 120 141 85
-5.039261341094971 -1.136383056640625 -1.1066035032272339 70 89 59
-4.811039924621582 -0.5328410267829895 -1.077802062034607 97 109 95
-4.602314472198486 -0.6828915476799011 -1.0826321840286255 76 89 61
-23.551727294921875 -5.320651531219482 2.876582622528076 167 238 230
-22.780458450317383 -4.270320415496826 2.1309139728546143 79 79 81
-23.4252986907959 -5.275333404541016 1.9745635986328125 87 178 196
-23.282682418823242 -4.352267742156982 1.3068355321884155 90 113 145
-23.49924659729004 -5.279059410095215 1.0995867252349854 75 97 74
-11.620683670043945 -1.3039177656173706 0.443091481924057 218 248 246
-15.78391170501709 -2.3550314903259277 0.45078256726264954 84 94 95
-15.522750854492188 -2.8941218852996826 0.2951931059360504 44 58 67
-16.529529571533203 -3.703326940536499 0.15374045073986053 66 93 62
-11.816716194152832 -1.3179787397384644 0.015771489590406418 72 89 73
-12.28459358215332 -1.8261232376098633 -0.10231424123048782 59 69 68
-14.713580131530762 -2.7350199222564697 -0.2669740319252014 67 72 65
-6.954388618469238 -1.5559158325195312 -0.19557081162929535 54 70 59
-11.236746788024902 -1.2493207454681396 -0.3983699381351471 64 77 57
-12.374258041381836 -1.8343751430511475 -0.5597388744354248 110 137 120
-6.793088912963867 -1.2591701745986938 -0.3754977285861969 54 68 55
-8.58763313293457 -1.9169178009033203 -0.563452959060669 69 65 66
-10.227143287658691 -1.1312891244888306 -0.7386451959609985 77 92 89
-8.808979988098145 -1.300197958946228 -0.7264439463615417 65 83 69
-6.727580547332764 -1.244598627090454 -0.6225264668464661 68 76 65
-7.326922416687012 -1.6340272426605225 -0.7570981979370117 75 94 72
-8.105772018432617 -0.8931940197944641 -0.8876267075538635 62 70 55
-7.697764873504639 -1.1315165758132935 -0.9226709008216858 89 102 76
-6.616233825683594 -1.2207753658294678 -0.8627012968063354 52 68 65
-5.844285011291504 -1.3001621961593628 -0.8269531726837158 69 96 41
-6.736896991729736 -0.737475574016571 -0.9895236492156982 64 87 58
-6.148390293121338 -0.9012482762336731 -0.967768132686615 52 69 35
-5.6866865158081055 -1.0469022989273071 -0.9575562477111816 48 65 49
-5.532814025878906 -1.2304648160934448 -0.9969711899757385 53 79 42
-5.663370132446289 -0.6129574775695801 -1.0477542877197266 79 106 53
-5.345890522003174 -0.7806612849235535 -1.0464390516281128 85 109 73
-5.249460697174072 -0.9638528823852539 -1.088099718093872 67 89 51
-5.053223609924316 -1.1232513189315796 -1.1089075803756714 84 110 49
-4.799065113067627 -0.5166158080101013 -1.0747592449188232 76 102 65
-4.6188459396362305 -0.6708685755729675 -1.0860316753387451 64 81 37
-23.522789001464844 -5.2542619705200195 3.7665882110595703 254 255 255
-23.59217071533203 -5.253767013549805 2.879540205001831 62 92 90
-22.592693328857422 -4.163414478302002 2.11214542388916 1 31 59
-23.126136779785156 -5.13346529006958 1.948009967803955 134 178 179
-16.06615447998047 -2.952287435531616 0.9012657999992371 70 111 117
-23.33489418029785 -5.166986465454102 1.0911494493484497 114 145 140
-15.920040130615234 -1.736893892288208 0.6068179607391357 145 170 192
-21.975936889648438 -3.2100188732147217 0.6273401975631714 56 74 76
-15.673173904418945 -2.87243914604187 0.29788467288017273 61 76 37
-16.39727783203125 -3.620901584625244 0.15240634977817535 91 111 109
-12.861602783203125 -1.3945839405059814 0.017160281538963318 66 76 65
-12.140716552734375 -1.7666826248168945 -0.10107032209634781 67 66 72
-16.050687789916992 -2.9326517581939697 -0.2910709083080292 78 90 76
-15.765176773071289 -3.4764134883880615 -0.44304513931274414 46 73 38
-11.440239906311035 -1.2364253997802734 -0.4054478406906128 66 82 72
-10.350136756896973 -1.5018800497055054 -0.4679689109325409 48 60 50
-12.267660140991211 -2.2350316047668457 -0.6777302622795105 68 94 55
-10.27279281616211 -2.260012149810791 -0.6735617518424988 70 83 74
-9.018686294555664 -0.9696159362792969 -0.651147723197937 77 78 62
-8.866195678710938 -1.2808618545532227 -0.7308349013328552 98 111 91
-6.537363052368164 -1.188677430152893 -0.6045846343040466 68 82 57
-7.627314567565918 -1.6764724254608154 -0.7876028418540955 78 93 62
-8.220171928405762 -0.8802831768989563 -0.8998541235923767 79 91 69
-7.519359111785889 -1.0817352533340454 -0.9008848071098328 89 103 67
-6.529183387756348 -1.1840119361877441 -0.8508729934692383 51 69 27
-5.737938404083252 -1.2580411434173584 -0.811355471611023 52 67 26
-6.727320194244385 -0.7155476808547974 -0.9877899289131165 85 115 51
-6.436724662780762 -0.9233502149581909 -1.0127018690109253 70 92 54
-5.694725513458252 -1.0303291082382202 -0.9583731293678284 45 60 39
-5.56542444229126 -1.2198102474212646 -1.0021682977676392 49 58 55
-5.652508735656738 -0.5942428708076477 -1.0454026460647583 61 74 48
-5.379360675811768 -0.7687008380889893 -1.0525240898132324 103 123 70
-5.257214546203613 -0.9486132264137268 -1.089098572731018 63 67 68
-5.062376976013184 -1.1089985370635986 -1.1101644039154053 92 121 77
-4.831693649291992 -0.5051379203796387 -1.0817142724990845 47 61 61
-4.554346084594727 -0.6472392082214355 -1.0703938007354736 54 82 31
-23.146509170532227 -5.080038070678711 2.8232293128967285 235 255 255
-22.59752082824707 -4.0926618576049805 2.111412763595581 76 103 110
-23.221614837646484 -5.079956531524658 1.9547303915023804 101 70 137
-23.56049156188965 -4.254751205444336 1.3209383487701416 118 151 122
-23.41505241394043 -5.1094279289245605 1.094159483909607 116 145 151
-11.995145797729492 -1.271457314491272 0.4570634961128235 220 249 247
-19.071475982666016 -2.7260324954986572 0.5441861748695374 61 76 71
-15.899374961853027 -2.863506555557251 0.3020154535770416 83 114 132
-16.443485260009766 -3.578232765197754 0.15273307263851166 76 83 67
-13.143285751342773 -1.384343147277832 0.01753036119043827 66 83 73
-11.43824291229248 -1.6286413669586182 -0.09518025070428848 85 85 83
-15.702380180358887 -2.8192567825317383 -0.28459632396698 52 69 35
-10.460847854614258 -2.2731130123138428 -0.29378145933151245 51 56 62
-11.392294883728027 -1.1958959102630615 -0.403616726398468 58 75 65
-9.89872932434082 -1.405382752418518 -0.4473619759082794 82 85 74
-12.14078426361084 -2.1734538078308105 -0.6703494191169739 93 107 72
-10.281628608703613 -2.228907823562622 -0.673689603805542 82 94 82
-9.07320499420166 -0.947328507900238 -0.6548709869384766 84 102 76
-8.851333618164062 -1.2510045766830444 -0.7292899489402771 90 112 91
-6.685091972351074 -1.194362759590149 -0.6179050803184509 64 76 54
-6.84866189956665 -1.4833139181137085 -0.7067252993583679 51 71 36
-7.827315330505371 -0.8139315247535706 -0.8565711379051208 52 43 44
-6.958198070526123 -0.97922682762146 -0.8332889676094055 40 94 68
-6.530831813812256 -1.163627028465271 -0.8506186008453369 40 68 20
-5.71950101852417 -1.2356202602386475 -0.8082085251808167 59 80 61
-6.64483642578125 -0.6861642003059387 -0.9753649234771729 78 111 58
-6.311343193054199 -0.8856114149093628 -0.9925432205200195 61 89 41
-5.718257904052734 -1.0164790153503418 -0.9618040323257446 61 78 60
-5.571065902709961 -1.2031458616256714 -1.0025147199630737 32 56 20
-5.705183029174805 -0.5820894241333008 -1.054809331893921 78 93 70
-5.384610176086426 -0.7526012063026428 -1.053094506263733 106 131 66
-5.2465925216674805 -0.9300853610038757 -1.0863019227981567 82 115 62
-5.056197643280029 -1.091399073600769 -1.1080697774887085 76 99 31
-4.844873905181885 -0.4914942979812622 -1.084322452545166 86 109 80
-4.568851470947266 -0.6350066661834717 -1.0733400583267212 68 89 56
-23.552656173706055 -5.109411239624023 3.766279458999634 255 255 255
-23.040668487548828 -4.9827656745910645 2.8084418773651123 103 162 194
-22.72859764099121 -4.044423580169678 2.122490882873535 65 81 114
-23.469938278198242 -5.058879375457764 1.9743179082870483 75 122 44
-15.976807594299316 -2.834639072418213 0.8952611088752747 122 183 211
-22.98331642150879 -4.941397666931152 1.0732715129852295 81 126 157
-12.287261009216309 -1.264312744140625 0.468044251203537 135 167 178
-19.111427307128906 -2.671938180923462 0.5450897216796875 76 89 80
-15.796832084655762 -2.795029640197754 0.2999033033847809 60 63 70
-16.361499786376953 -3.5078537464141846 0.15187089145183563 85 124 103
-13.151450157165527 -1.344420313835144 0.01753566786646843 77 94 84
-11.35008716583252 -1.5805771350860596 -0.094405896961689 60 79 85
-10.401762962341309 -1.834643840789795 -0.18842287361621857 49 66 50
-15.593647956848145 -3.3383896350860596 -0.43764081597328186 50 62 52
-11.247769355773926 -1.1458475589752197 -0.3983699381351471 71 84 64
-12.049237251281738 -1.6730080842971802 -0.5443172454833984 58 71 64
-10.4716215133667 -1.8415007591247559 -0.5778725147247314 89 102 92
-10.43285846710205 -2.2282025814056396 -0.6831475496292114 75 92 60
-8.431037902832031 -0.8541404008865356 -0.608329713344574 65 87 51
-8.669515609741211 -1.1981899738311768 -0.7140032052993774 71 96 64
-8.286602973937988 -1.454269528388977 -0.7655171751976013 60 74 61
-6.799663066864014 -1.450876235961914 -0.7012063264846802 71 91 66
-8.289710998535156 -0.8363147974014282 -0.9068877100944519 77 98 79
-7.041839122772217 -0.9689751267433167 -0.8429455757141113 58 78 51
-6.528509140014648 -1.142559289932251 -0.8498554825782776 75 88 58
-5.8821635246276855 -1.2518852949142456 -0.830647349357605 61 84 56
-6.757183074951172 -0.6768202185630798 -0.9915463328361511 85 120 36
-6.461847305297852 -0.8865238428115845 -1.0157794952392578 60 97 46
-5.734955787658691 -1.0013065338134766 -0.964091420173645 49 68 49
-5.57473087310791 -1.1860483884811401 -1.0025147199630737 21 55 18
-5.715750217437744 -0.5654547810554504 -1.056437373161316 114 137 95
-5.389812469482422 -0.736476719379425 -1.053665041923523 51 104 24
-5.223357677459717 -0.9094467163085938 -1.0809084177017212 74 111 60
-5.068130016326904 -1.077712059020996 -1.1099549531936646 75 100 61
-4.832759380340576 -0.4752906262874603 -1.0812796354293823 61 78 62
-4.565952777862549 -0.6203311085700989 -1.072206974029541 74 85 69
-23.12868309020996 -4.927572727203369 2.8173141479492188 162 198 220
-22.784061431884766 -3.982217788696289 2.126519203186035 143 176 193
-23.209449768066406 -4.928267002105713 1.9511243104934692 212 243 255
-15.99526596069336 -2.7873237133026123 0.8958119750022888 210 247 213
-23.04918670654297 -4.881625652313232 1.0756430625915527 59 53 99
-12.180709838867188 -1.2155952453613281 0.4638412892818451 210 238 252
-15.999797821044922 -2.1868813037872314 0.45614734292030334 77 101 103
-16.097896575927734 -2.7973926067352295 0.30545467138290405 58 74 38
-16.12759017944336 -3.405984878540039 0.1496019959449768 72 80 57
-11.45783519744873 -1.1357803344726562 0.015272744931280613 59 67 52
-11.25381851196289 -1.5319900512695312 -0.09356562793254852 67 69 68
-16.305559158325195 -2.8243913650512695 -0.2952089309692383 61 79 65
-15.658591270446777 -3.302083969116211 -0.4391770660877228 42 48 38
-11.000608444213867 -1.0865793228149414 -0.3894961476325989 66 83 75
-11.49797534942627 -1.5605264902114868 -0.5191956162452698 68 71 60
-7.324609279632568 -1.2649246454238892 -0.4039897322654724 76 87 71
-10.285346031188965 -2.163724660873413 -0.6730505228042603 78 92 57
-9.98315715789795 -0.9804513454437256 -0.7201002836227417 86 95 76
-8.419307708740234 -1.1372970342636108 -0.693105936050415 68 86 74
-8.371502876281738 -1.4427088499069214 -0.7729477286338806 101 118 76
-6.807976722717285 -1.4308269023895264 -0.7016077041625977 59 82 40
-8.161635398864746 -0.7981071472167969 -0.8926042914390564 75 98 78
-7.1943745613098145 -0.9674838185310364 -0.8608455061912537 104 126 114
-6.583793640136719 -1.1314283609390259 -0.8565962910652161 107 132 110
-5.758969306945801 -1.207209587097168 -0.8127236366271973 67 90 46
-6.743469715118408 -0.6545566916465759 -0.9892346858978271 102 137 79
-6.473350524902344 -0.8678766489028931 -1.0171643495559692 81 106 48
-5.752586364746094 -0.9862077236175537 -0.9665420651435852 90 148 90
-5.561956405639648 -1.1655060052871704 -0.9995697736740112 29 39 38
-5.720395565032959 -0.5481979846954346 -1.056980013847351 88 116 39
-5.396912097930908 -0.7205871939659119 -1.05461585521698 76 101 69
-5.174934387207031 -0.8846665024757385 -1.070320963859558 76 102 55
-5.060884475708008 -1.0599533319473267 -1.1076507568359375 92 108 95
-4.83322286605835 -0.46036913990974426 -1.0810623168945312 70 77 59
-4.599696636199951 -0.61054927110672 -1.079685926437378 56 70 47
-23.52362060546875 -4.952179431915283 3.756706714630127 248 252 253
-23.175764083862305 -4.863321304321289 2.821218252182007 179 210 255
-23.125938415527344 -3.9688937664031982 2.1572813987731934 117 146 180
-23.146419525146484 -4.84071683883667 1.9445677995681763 84 114 114
-23.329973220825195 -3.9917550086975098 1.305898904800415 169 212 219
-15.343439102172852 -3.2004597187042236 0.7155751585960388 46 53 59
-11.960587501525879 -1.156578779220581 0.455321729183197 205 229 241
-15.540753364562988 -2.075589418411255 0.44287654757499695 88 113 81
-15.834381103515625 -2.701580762863159 0.3002958297729492 42 70 56
-16.096845626831055 -3.347938060760498 0.14922082424163818 68 86 36
-12.606993675231934 -1.2106468677520752 0.01679948903620243 75 84 83
-11.279281616210938 -1.500225305557251 -0.0937386229634285 74 80 76
-15.892273902893066 -2.7026100158691406 -0.28757500648498535 61 80 35
-15.674520492553711 -3.2552483081817627 -0.43934166431427 53 67 44
-10.985981941223145 -1.0511114597320557 -0.388862282037735 64 69 63
-11.335342407226562 -1.5030511617660522 -0.5116412043571472 74 111 104
-7.227054595947266 -1.2252558469772339 -0.39839988946914673 89 121 108
-10.2821626663208 -2.1301348209381104 -0.6724114418029785 71 89 65
-10.137046813964844 -0.9641742706298828 -0.7309837937355042 89 101 91
-8.6658353805542 -1.143537998199463 -0.7131087779998779 73 79 75
-8.689125061035156 -1.4700113534927368 -0.8018538951873779 61 67 65
-6.937045574188232 -1.4357447624206543 -0.714451789855957 74 83 66
-7.774103164672852 -0.736139714717865 -0.8499705195426941 71 80 63
-7.333181381225586 -0.9632548689842224 -0.8770967721939087 85 86 78
-6.089401721954346 -1.0272431373596191 -0.7918587923049927 74 87 57
-6.6571173667907715 -1.3741741180419922 -0.9388737678527832 78 96 56
-6.742490768432617 -0.6335872411727905 -0.9888013005256653 72 107 51
-6.490678787231445 -0.8499370217323303 -1.0194727182388306 88 110 37
-5.775042533874512 -0.9718286991119385 -0.9698095917701721 66 89 47
-5.573222637176514 -1.150028944015503 -1.000955581665039 51 71 59
-5.721071243286133 -0.5305546522140503 -1.0567991733551025 89 114 95
-5.412726402282715 -0.7058035135269165 -1.057278037071228 101 128 87
-5.168927192687988 -0.867326557636261 -1.0685231685638428 71 91 56
-5.068901062011719 -1.0454093217849731 -1.1086981296539307 76 103 58
-4.8297529220581055 -0.44509097933769226 -1.0799756050109863 70 89 70
-4.614104747772217 -0.59806227684021 -1.0826321840286255 61 69 58
-23.191547393798828 -4.7923970222473145 2.821336507797241 187 245 246
-23.163114547729492 -4.770084381103516 1.9447318315505981 95 99 128
-15.350250244140625 -3.152768611907959 0.7154383063316345 58 60 72
-12.4386625289917 -1.1643015146255493 0.4733831584453583 162 202 194
-15.510374069213867 -2.0231175422668457 0.4418318569660187 76 90 101
-16.11278533935547 -2.698234796524048 0.3054172694683075 88 94 90
-16.73889923095703 -3.4279353618621826 0.1550745666027069 57 70 60
-12.085909843444824 -1.1231971979141235 0.016100449487566948 113 119 119
-11.33242130279541 -1.471925139427185 -0.09414228051900864 80 90 81
-15.847234725952148 -2.6449520587921143 -0.2866118252277374 54 59 53
-15.842109680175781 -3.2393858432769775 -0.44375839829444885 61 75 52
-11.95143985748291 -1.106492519378662 -0.42291370034217834 69 79 71
-11.111041069030762 -1.4386355876922607 -0.5013154149055481 80 98 86
-12.008944511413574 -1.9980823993682861 -0.6616661548614502 76 92 63
-10.496926307678223 -2.141061782836914 -0.6860232949256897 75 76 78
-10.134990692138672 -0.9326127171516418 -0.7306257486343384 89 102 84
-8.381644248962402 -1.0798845291137695 -0.6894468665122986 75 106 64
-8.520685195922852 -1.4146395921707153 -0.785905659198761 77 96 64
-6.847825527191162 -1.3953840732574463 -0.7048187255859375 27 61 45
-8.295077323913574 -0.7598015666007996 -0.9066712856292725 51 75 59
-7.408990383148193 -0.9500993490219116 -0.8858111500740051 88 87 82
-6.612140655517578 -1.0945734977722168 -0.8593944311141968 51 64 46
-6.804973125457764 -1.3829413652420044 -0.9591233730316162 64 78 55
-6.688231945037842 -0.6077940464019775 -0.9805660843849182 65 105 55
-6.452090740203857 -0.8247578740119934 -1.0130095481872559 80 115 33
-5.7964911460876465 -0.957160472869873 -0.9729138016700745 51 78 37
-5.572863578796387 -1.1321407556533813 -1.0002626180648804 38 59 42
-5.675652027130127 -0.5087851285934448 -1.0481160879135132 76 90 65
-5.430448532104492 -0.6911774277687073 -1.0603206157684326 86 111 53
-5.170596599578857 -0.8513051867485046 -1.0683233737945557 129 151 112
-5.064418792724609 -1.028296709060669 -1.1070224046707153 111 134 90
-4.817483901977539 -0.42905914783477783 -1.0769327878952026 96 110 97
-4.620748996734619 -0.5845147371292114 -1.0837652683258057 60 78 64
-23.179866790771484 -4.715878963470459 2.8181421756744385 142 210 233
-23.089731216430664 -4.681175708770752 1.9373557567596436 191 228 220
-23.428987503051758 -4.737185955047607 1.091286301612854 157 195 198
-14.874481201171875 -1.3462812900543213 0.5659242272377014 168 203 196
-11.663162231445312 -1.484924554824829 0.3321079909801483 74 87 70
-16.13479995727539 -2.6510581970214844 0.30567896366119385 54 64 56
-15.548545837402344 -3.1344926357269287 0.1439569741487503 63 76 69
-11.773571014404297 -1.057747483253479 0.015679962933063507 85 89 88
-11.195024490356445 -1.4191675186157227 -0.09296426922082901 75 79 82
-15.868102073669434 -2.598421335220337 -0.2868436872959137 75 79 65
-15.517805099487305 -3.123504400253296 -0.4344036877155304 56 66 57
-10.988243103027344 -0.9833266139030457 -0.38872143626213074 96 111 106
-11.044042587280273 -1.3955236673355103 -0.4980969727039337 60 75 56
-12.16973876953125 -1.9864856004714966 -0.6701866388320923 60 74 59
-10.633577346801758 -2.134974956512451 -0.6945227384567261 84 98 75
-8.087194442749023 -0.7191619873046875 -0.5828394293785095 78 77 82
-8.367117881774902 -1.051927089691162 -0.6879832744598389 55 70 37
-8.112153053283691 -1.321252465248108 -0.7478472590446472 63 73 65
-6.854025363922119 -1.3747600317001343 -0.705019474029541 62 81 59
-8.39144229888916 -0.7426749467849731 -0.9169509410858154 90 103 57
-7.247315406799316 -0.9067754745483398 -0.8661448359489441 76 79 62
-6.5880537033081055 -1.0698308944702148 -0.8558331727981567 59 83 51
-6.544004917144775 -1.3090131282806396 -0.9217709898948669 67 93 56
-6.657536506652832 -0.5844165682792664 -0.9757983088493347 73 104 47
-6.461454391479492 -0.8058152198791504 -1.0140867233276367 74 100 61
-5.808165073394775 -0.9407922625541687 -0.9743841290473938 76 104 53
-5.58113956451416 -1.1160036325454712 -1.001128911972046 26 37 41
-5.669347763061523 -0.4906916320323944 -1.0466688871383667 55 86 55
-5.42962121963501 -0.6741508841514587 -1.0597500801086426 84 110 63
-5.178987979888916 -0.8363752961158752 -1.0695219039916992 89 116 47
-5.054125785827637 -1.0100716352462769 -1.1040899753570557 70 87 42
-4.822667598724365 -0.41461169719696045 -1.077802062034607 87 102 71
-4.6321868896484375 -0.571528434753418 -1.0860316753387451 48 53 47
-23.230253219604492 -4.651956081390381 2.822519540786743 75 131 190
-22.783405303955078 -4.546345233917236 1.910474181175232 42 66 92
-23.36111068725586 -4.648906707763672 1.0874552726745605 108 121 140
-12.828835487365723 -1.121461033821106 0.4879610240459442 104 152 172
-11.7460298538208 -1.4588687419891357 0.33433863520622253 126 143 133
-16.171483993530273 -2.6061582565307617 0.30622103810310364 68 78 70
-10.338057518005371 -2.0511043071746826 0.09565670043230057 51 61 60
-12.293818473815918 -1.0664759874343872 0.01636839099228382 72 89 73
-11.400784492492676 -1.4097257852554321 -0.09463655203580856 69 77 79
-15.878961563110352 -2.5502021312713623 -0.286897212266922 77 77 77
-15.515547752380371 -3.0735507011413574 -0.4340744912624359 34 47 37
-11.15350341796875 -0.963632345199585 -0.3944612443447113 87 100 90
-11.170226097106934 -1.3766645193099976 -0.5035951137542725 57 64 23
-11.946043968200684 -1.9123636484146118 -0.6575415730476379 71 85 85
-10.618537902832031 -2.098085880279541 -0.6931167840957642 86 97 67
-10.139528274536133 -0.8703227043151855 -0.7305541634559631 66 65 60
-8.362390518188477 -1.0252817869186401 -0.6873327493667603 71 91 63
-8.169273376464844 -1.3048406839370728 -0.7527404427528381 152 174 151
-6.843568801879883 -1.3508355617523193 -0.7035142779350281 66 80 55
-8.392691612243652 -0.7168422937393188 -0.9168427586555481 73 99 51
-7.164304256439209 -0.8740738034248352 -0.855899453163147 103 115 101
-6.476699352264404 -1.0313639640808105 -0.8409525156021118 79 97 75
-6.313751220703125 -1.2428218126296997 -0.8887968063354492 86 107 74
-6.671130180358887 -0.5649908185005188 -0.9775320291519165 81 99 49
-6.481551647186279 -0.7881348133087158 -1.0168566703796387 82 105 53
-5.821742057800293 -0.9246709942817688 -0.9761813282966614 87 132 63
-5.587436199188232 -1.099446177482605 -1.0016485452651978 40 46 46
-5.649264812469482 -0.4714964032173157 -1.0426892042160034 94 120 59
-5.4189934730529785 -0.6559562087059021 -1.057278037071228 43 73 47
-5.1883039474487305 -0.8215551972389221 -1.0709202289581299 96 120 84
-5.02937650680542 -0.9890890717506409 -1.0980154275894165 85 124 43
-4.801543712615967 -0.3979596793651581 -1.072803258895874 60 68 57
-4.637786388397217 -0.5577795505523682 -1.0869381427764893 47 51 54
-23.502172470092773 -4.647228240966797 3.743891477584839 181 213 224
-23.237594604492188 -4.579320907592773 2.8216912746429443 163 202 243
-22.795291900634766 -4.476041793823242 1.9103102684020996 175 223 175
-21.931472778320312 -3.4760196208953857 1.22513747215271 173 216 232
-23.395851135253906 -4.581245422363281 1.088413119316101 98 107 106
-13.026386260986328 -1.0984712839126587 0.4953446090221405 131 160 168
-11.849685668945312 -1.4348417520523071 0.33716219663619995 102 114 138
-16.226806640625 -2.5640227794647217 0.3071182370185852 80 97 53
-16.67945098876953 -3.256103038787842 0.15423962473869324 65 70 50
-12.202363967895508 -1.02083420753479 0.01624237932264805 66 74 76
-11.398106575012207 -1.3739043474197388 -0.09457889199256897 79 87 74
-15.85707950592041 -2.4968087673187256 -0.2863621115684509 68 80 76
-15.48762035369873 -3.0186681747436523 -0.4330320358276367 59 60 52
-10.847668647766113 -0.9036891460418701 -0.38354504108428955 96 115 93
-11.209113121032715 -1.346558690071106 -0.5051596760749817 56 75 55
-11.950868606567383 -1.8755499124526978 -0.6574873328208923 114 149 145
-10.596515655517578 -2.0599758625030518 -0.6912634968757629 79 90 74
-10.168990135192871 -0.8414317965507507 -0.7324874401092529 78 86 71
-8.78411865234375 -1.0496439933776855 -0.7217279076576233 76 88 78
-8.449713706970215 -1.3230623006820679 -0.7782033681869507 74 91 73
-8.159396171569824 -1.584571123123169 -0.8382766842842102 48 67 37
-8.37602710723877 -0.6895408034324646 -0.9147868156433105 88 106 66
-7.433198928833008 -0.8837444186210632 -0.8876954317092896 60 81 64
-6.609194755554199 -1.0316818952560425 -0.8577409982681274 84 102 86
-6.496479511260986 -1.258099913597107 -0.9139720797538757 72 86 61
-6.696501731872559 -0.5464529395103455 -0.9809995293617249 80 125 40
-6.498657703399658 -0.7699898481369019 -1.0191649198532104 82 116 65
-5.829425811767578 -0.907564640045166 -0.9769982695579529 64 99 33
-5.594650745391846 -1.0830477476119995 -1.0023415088653564 65 86 71
-5.528141975402832 -0.4443133771419525 -1.020077109336853 67 87 36
-5.4200053215026855 -0.6392129063606262 -1.0570878982543945 78 104 56
-5.185959339141846 -0.8048824667930603 -1.0699214935302734 90 121 64
-5.024707317352295 -0.9721686244010925 -1.0963397026062012 86 120 44
-4.806633472442627 -0.3835374116897583 -1.0736725330352783 70 104 67
-4.640443801879883 -0.5436617732048035 -1.0871648788452148 51 61 63
-22.56330108642578 -4.358638763427734 1.8897392749786377 107 165 203
-12.321874618530273 -1.45868980884552 0.8049935102462769 206 255 251
-23.209686279296875 -4.4708991050720215 1.0791091918945312 200 225 229
-16.10733985900879 -1.308522343635559 0.6123461723327637 122 162 170
-11.85998821258545 -1.3991832733154297 0.337331622838974 119 137 97
-15.992525100708008 -2.476738214492798 0.30253881216049194 67 99 75
-10.395621299743652 -1.996307134628296 0.0960741713643074 71 83 83
-12.632054328918457 -1.0177656412124634 0.01681009866297245 66 76 68
-11.439013481140137 -1.343243956565857 -0.09488368779420853 70 79 84
-14.565255165100098 -2.2476303577423096 -0.26290735602378845 80 96 70
-15.431031227111816 -2.9585275650024414 -0.431194007396698 69 77 62
-10.890236854553223 -0.8736012578010559 -0.3849535882472992 66 71 67
-11.253872871398926 -1.3169238567352295 -0.5069923996925354 60 77 35
-6.929183006286621 -1.065683126449585 -0.381033331155777 44 73 43
-10.63121223449707 -2.0328922271728516 -0.6931167840957642 81 90 85
-10.203340530395508 -0.8127642273902893 -0.734778642654419 81 97 70
-8.995199203491211 -1.0468858480453491 -0.7388034462928772 84 105 86
-8.677184104919434 -1.3314188718795776 -0.7987730503082275 69 81 59
-6.830228328704834 -1.3047118186950684 -0.7013067007064819 71 88 52
-8.389994621276855 -0.6647825837135315 -0.9160853028297424 93 118 61
-6.8834614753723145 -0.7969763278961182 -0.8217482566833496 63 82 60
-6.760380744934082 -1.0340458154678345 -0.8769460916519165 91 114 58
-6.518797397613525 -1.2416847944259644 -0.9165717363357544 70 87 68
-6.707024574279785 -0.5266028642654419 -0.9822998046875 81 113 46
-6.4941182136535645 -0.749255895614624 -1.0180877447128296 86 115 57
-5.833158016204834 -0.8898246884346008 -0.9771615862846375 76 120 25
-5.59697961807251 -1.0656943321228027 -1.0021682977676392 36 49 31
-5.578507900238037 -0.4311404228210449 -1.0291218757629395 38 78 52
-5.421940803527832 -0.6225815415382385 -1.0570878982543945 32 72 19
-5.178716659545898 -0.7874953150749207 -1.067923903465271 104 127 73
-5.032469272613525 -0.9576624631881714 -1.0973870754241943 78 97 52
-4.798055648803711 -0.368042528629303 -1.071499228477478 95 109 73
-4.6537017822265625 -0.5307468771934509 -1.0898844003677368 96 124 112
-23.137603759765625 -4.395988464355469 1.9366999864578247 86 151 171
-12.52554988861084 -1.4438488483428955 0.8180064558982849 201 255 250
-21.7125186920166 -3.3048746585845947 1.2117507457733154 189 243 245
-23.42842674255371 -4.438534259796143 1.0886410474777222 129 170 138
-13.030888557434082 -1.0183664560317993 0.49526888132095337 142 178 164
-11.376626968383789 -1.3067824840545654 0.323467880487442 163 200 159
-15.997082710266113 -2.4272122383117676 0.3024827241897583 85 111 100
-15.725369453430176 -2.9698026180267334 0.1452457159757614 57 60 77
-12.754758834838867 -0.9882763624191284 0.01696927286684513 66 85 79
-11.442087173461914 -1.3080296516418457 -0.09487544745206833 90 94 103
-9.685393333435059 -1.464189052581787 -0.1747424304485321 80 98 84
-15.016657829284668 -2.831345319747925 -0.4193703234195709 64 68 67
-12.436321258544922 -0.9592358469963074 -0.43949925899505615 68 69 63
-12.10651683807373 -1.3790624141693115 -0.5452112555503845 61 70 51
-11.422053337097168 -1.720815658569336 -0.6278013586997986 74 85 87
-10.67760944366455 -2.0078277587890625 -0.6957368850708008 86 89 106
-10.112300872802734 -0.7742988467216492 -0.7280480861663818 68 79 63
-8.999359130859375 -1.0193963050842285 -0.7388848066329956 91 110 64
-6.814985275268555 -1.0242946147918701 -0.6270572543144226 74 91 57
-6.70316743850708 -1.259137511253357 -0.6878605484962463 46 56 45
-8.661617279052734 -0.6595706939697266 -0.9455178380012512 82 115 62
-7.33486795425415 -0.8264440298080444 -0.8753303289413452 79 85 75
-6.657580375671387 -0.9974285364151001 -0.8632099628448486 96 125 71
-6.478761196136475 -1.2134730815887451 -0.9104146957397461 100 117 85
-6.765837669372559 -0.5103402137756348 -0.9906795024871826 82 125 45
-6.493440628051758 -0.7289980053901672 -1.0176260471343994 79 112 65
-5.910016059875488 -0.8830040693283081 -0.9895782470703125 92 116 82
-5.580862045288086 -1.0448930263519287 -0.9987035393714905 103 127 69
-5.524879455566406 -0.40994831919670105 -1.0189917087554932 89 109 58
-5.437485218048096 -0.6074703335762024 -1.0597500801086426 79 100 67
-5.184016227722168 -0.7720365524291992 -1.0685231685638428 111 152 82
-5.038267135620117 -0.9427580833435059 -1.0980154275894165 89 127 52
-4.775798797607422 -0.3516005575656891 -1.066282868385315 93 115 68
-4.640787601470947 -0.5148561000823975 -1.0864849090576172 85 87 73
-22.62978744506836 -4.227614879608154 1.8930994272232056 189 226 234
-12.801016807556152 -0.9660661220550537 0.9564632177352905 199 253 253
-12.510087013244629 -1.4031896591186523 0.8167116641998291 203 255 251
-21.742307662963867 -3.2411904335021973 1.2128525972366333 199 255 255
-23.241592407226562 -4.329317569732666 1.079337239265442 115 173 210
-13.12662410736084 -0.9853398203849792 0.49879026412963867 156 181 188
-11.566350936889648 -1.2926346063613892 0.32874795794487 94 113 107
-14.778135299682617 -2.195902109146118 0.27930542826652527 45 87 73
-16.097190856933594 -2.988905191421509 0.14859460294246674 58 66 53
-12.664987564086914 -0.942240834236145 0.016845913603901863 68 75 67
-11.444058418273926 -1.2726986408233643 -0.09485897421836853 66 73 65
-11.937976837158203 -1.7672783136367798 -0.21528437733650208 82 99 83
-14.272388458251953 -2.645697832107544 -0.398356556892395 50 59 54
-12.560796737670898 -0.9300805926322937 -0.4437952935695648 63 66 71
-11.545717239379883 -1.279312252998352 -0.5197767019271851 62 74 60
-8.666279792785645 -1.2784594297409058 -0.47611528635025024 62 57 61
-6.745650291442871 -1.247043490409851 -0.4392849802970886 79 91 67
-10.113635063171387 -0.743198037147522 -0.7279765009880066 74 85 68
-8.96281623840332 -0.98741614818573 -0.7356323599815369 103 126 70
-8.668439865112305 -1.2756866216659546 -0.7972325682640076 70 75 69
-6.6766676902771 -1.2329654693603516 -0.6847499012947083 57 63 49
-8.627906799316406 -0.630386233329773 -0.9416223168373108 85 103 55
-7.371918201446533 -0.8077225685119629 -0.8794519901275635 56 70 53
-6.6164469718933105 -0.9705208539962769 -0.8574866056442261 93 104 74
-6.455175876617432 -1.188568115234375 -0.9065837264060974 48 65 47
-6.775267124176025 -0.49015170335769653 -0.9918352961540222 120 156 84
-6.489753246307373 -0.7084296345710754 -1.0167027711868286 84 113 47
-6.069861888885498 -0.88785719871521 -1.015882134437561 76 111 45
-5.577260971069336 -1.0265183448791504 -0.9974909424781799 67 99 24
-5.425065517425537 -0.38581031560897827 -1.000359296798706 77 112 70
-5.446155071258545 -0.5915275812149048 -1.0610812902450562 81 107 60
-5.171815872192383 -0.7540081739425659 -1.0655267238616943 87 98 66
-5.029595375061035 -0.9251736402511597 -1.0955017805099487 121 147 102
-4.743750095367432 -0.33461180329322815 -1.0588933229446411 90 106 59
-4.639440536499023 -0.5003026723861694 -1.085805058479309 81 98 62
-23.294971466064453 -4.294355392456055 2.8220462799072266 254 255 255
-22.705387115478516 -4.169689178466797 1.8983447551727295 83 94 78
-12.506397247314453 -1.3639371395111084 0.816193699836731 204 255 252
-21.69879722595215 -3.166684627532959 1.2098777294158936 197 247 248
-23.245922088623047 -4.256373882293701 1.0789268016815186 118 133 140
-15.92833137512207 -1.1465160846710205 0.6051140427589417 83 153 161
-12.076082229614258 -1.3121023178100586 0.34311991930007935 158 206 192
-18.81171417236328 -2.736295700073242 0.3553793728351593 75 73 74
-16.6315860748291 -3.03537654876709 0.15344096720218658 54 74 63
-12.700735092163086 -0.9057281613349915 0.01688968762755394 66 75 72
-11.688499450683594 -1.2635918855667114 -0.09685254096984863 70 96 57
-9.824810028076172 -1.4236596822738647 -0.17709682881832123 93 105 95
-15.708382606506348 -2.862070083618164 -0.43818944692611694 55 62 55
-11.830889701843262 -0.8395461440086365 -0.41791340708732605 65 63 66
-11.537668228149414 -1.2426007986068726 -0.5192402601242065 96 104 65
-10.129847526550293 -1.462626576423645 -0.5562728643417358 87 90 81
-6.764172077178955 -1.2290183305740356 -0.44024354219436646 94 97 90
-10.166610717773438 -0.7157387137413025 -0.7316281795501709 55 67 53
-8.97373104095459 -0.9607627391815186 -0.7362827658653259 75 84 63
-8.697941780090332 -1.2527775764465332 -0.7995885610580444 58 82 48
-6.602102279663086 -1.1982617378234863 -0.6767223477363586 61 71 46
-8.502861976623535 -0.5950300693511963 -0.9277717471122742 78 93 70
-7.3368377685546875 -0.7811071276664734 -0.8749769926071167 79 93 60
-6.902155876159668 -0.9908080697059631 -0.8941161036491394 83 108 104
-6.143942832946777 -1.1117844581604004 -0.8623901605606079 50 89 34
-6.77673864364624 -0.46936318278312683 -0.9918352961540222 90 122 47
-6.484035491943359 -0.6876823306083679 -1.0154716968536377 86 125 32
-6.073533535003662 -0.869370698928833 -1.0160454511642456 80 120 67
-5.568754196166992 -1.0072990655899048 -0.9954120516777039 58 77 57
-5.601864337921143 -0.38111406564712524 -1.0327398777008057 86 124 85
-5.462589263916016 -0.5763614177703857 -1.0639336109161377 90 117 62
-5.162464618682861 -0.7364770770072937 -1.0631295442581177 75 106 39
-5.006430149078369 -0.9050421714782715 -1.0898462533950806 89 119 69
-4.6064629554748535 -0.31072819232940674 -1.0280306339263916 71 95 71
-4.64676570892334 -0.4866754412651062 -1.0871648788452148 81 105 69
-22.754362106323242 -4.1065592765808105 1.9013769626617432 86 101 96
-12.535331726074219 -1.3281903266906738 0.8178122639656067 203 255 250
-21.86260986328125 -3.122119426727295 1.2184717655181885 182 229 235
-16.163328170776367 -2.9083144664764404 0.7497804164886475 70 142 139
-15.83507251739502 -1.090980887413025 0.6014412045478821 140 175 197
-11.895153045654297 -1.2555311918258667 0.3378680944442749 113 147 130
-18.81606101989746 -2.6780059337615967 0.3553045988082886 110 133 141
-15.929201126098633 -2.8567168712615967 0.14687931537628174 55 66 58
-12.70345401763916 -0.8667585849761963 0.01688968762755394 72 87 68
-11.816633224487305 -1.2407792806625366 -0.09788227081298828 58 72 55
-9.864768028259277 -1.3985633850097656 -0.17773891985416412 74 85 81
-15.725945472717285 -2.8154494762420654 -0.438436359167099 47 58 44
-12.100628852844238 -0.8213841915130615 -0.42735061049461365 87 105 89
-11.894147872924805 -1.2440913915634155 -0.5351089239120483 77 89 77
-10.10462474822998 -1.427351713180542 -0.5546447038650513 56 67 61
-10.747705459594727 -1.9187644720077515 -0.6991238594055176 74 89 68
-10.213541984558105 -0.6875593662261963 -0.734850287437439 63 80 62
-9.335504531860352 -0.9705356955528259 -0.7657178640365601 73 85 73
-8.83092975616455 -1.2442891597747803 -0.8114591836929321 63 85 36
-6.5812602043151855 -1.1736342906951904 -0.674213707447052 112 163 154
-8.500679969787598 -0.5686754584312439 -0.9273388981819153 78 117 52
-7.8518571853637695 -0.8115836381912231 -0.9360958337783813 85 99 74
-6.812832832336426 -0.9566627144813538 -0.8821606636047363 92 106 71
-6.465272903442383 -1.1494576930999756 -0.9069941639900208 71 88 54
-6.778146743774414 -0.44857022166252136 -0.9918352961540222 76 110 33
-6.446799278259277 -0.6637386083602905 -1.0093164443969727 98 113 56
-6.090827465057373 -0.8527851700782776 -1.0184961557388306 86 118 19
-5.598969459533691 -0.9950348138809204 -1.0002626180648804 44 49 42
-5.61674690246582 -0.36481842398643494 -1.0352723598480225 102 105 94
-5.459448337554932 -0.5590996146202087 -1.0629827976226807 76 103 62
-5.1714935302734375 -0.7215833067893982 -1.064527988433838 88 105 89
-5.002444267272949 -0.8884814381599426 -1.088379979133606 63 87 65
-4.80708122253418 -0.30944883823394775 -1.072585940361023 66 66 68
-4.663740634918213 -0.4739927649497986 -1.0907909870147705 98 113 80
-22.5882511138916 -4.005063533782959 1.8864611387252808 175 186 204
-21.702985763549805 -3.031411647796631 1.2090513706207275 172 218 234
-16.044292449951172 -2.836107015609741 0.7438515424728394 89 115 90
-13.264762878417969 -0.8730151653289795 0.5037126541137695 149 183 184
-11.917841911315918 -1.220967173576355 0.3384045660495758 85 123 108
-10.55536937713623 -1.4692734479904175 0.19923150539398193 54 65 61
-15.969405174255371 -2.813385248184204 0.14716973900794983 41 56 61
-12.690088272094727 -0.8267406821250916 0.016868464648723602 48 69 54
-11.335909843444824 -1.155151605606079 -0.09387043118476868 55 68 61
-11.301084518432617 -1.5668420791625977 -0.2035302370786667 60 65 68
-15.774874687194824 -2.7742886543273926 -0.439561128616333 66 68 63
-11.917595863342285 -0.7722364068031311 -0.4208008944988251 53 61 63
-11.895920753479004 -1.2073930501937866 -0.53501957654953 65 79 64
-11.351309776306152 -1.5679501295089722 -0.6228085160255432 72 73 75
-10.704394340515137 -1.8771631717681885 -0.6959285736083984 88 91 82
-10.22456169128418 -0.6567968726158142 -0.7354946732521057 86 110 94
-8.394379615783691 -0.846670925617218 -0.6883085370063782 91 105 70
-8.833718299865723 -1.2170543670654297 -0.8113685250282288 77 90 60
-7.446277141571045 -1.3043339252471924 -0.762416422367096 51 75 43
-8.514289855957031 -0.5433528423309326 -0.9286374449729919 97 123 58
-8.101332664489746 -0.8122576475143433 -0.9655365347862244 57 70 50
-6.961169242858887 -0.9557238817214966 -0.9009841680526733 50 92 46
-6.472672462463379 -1.1302987337112427 -0.9075414538383484 45 62 43
-6.779491424560547 -0.42777305841445923 -0.9918352961540222 93 124 57
-6.300342082977295 -0.6291319131851196 -0.9860801696777344 97 128 68
-6.0054450035095215 -0.8220529556274414 -1.0037920475006104 93 122 66
-5.652446746826172 -0.9866591691970825 -1.0092709064483643 38 68 32
-5.606060981750488 -0.3468559980392456 -1.0331016778945923 83 90 72
-5.442575931549072 -0.5405042171478271 -1.0593698024749756 93 114 73
-5.138731956481934 -0.7009465098381042 -1.0573365688323975 87 114 71
-5.004183292388916 -0.8729619383811951 -1.0881705284118652 59 80 41
-4.815802097320557 -0.2951771914958954 -1.074324607849121 97 101 100
-4.679711818695068 -0.4611150026321411 -1.0941904783248901 85 107 58
-22.971576690673828 -4.000377178192139 1.917440414428711 3 32 38
-21.667665481567383 -2.9587345123291016 1.2065722942352295 129 173 210
-16.03618621826172 -2.783965826034546 0.7430762052536011 104 138 121
-13.704206466674805 -0.8597192764282227 0.5202974081039429 146 184 185
-12.463645935058594 -1.2382566928863525 0.35379302501678467 71 92 61
-11.392012596130371 -1.5501190423965454 0.21493227779865265 58 68 67
-15.873517036437988 -2.7463085651397705 0.14620772004127502 58 80 59
-12.690567970275879 -0.7876802086830139 0.016865810379385948 70 81 67
-12.562403678894043 -1.2412046194076538 -0.10399475693702698 67 81 66
-11.279088020324707 -1.5285382270812988 -0.2030486762523651 73 82 81
-16.03154182434082 -2.768749952316284 -0.4464742839336395 47 56 53
-11.645601272583008 -0.7187404036521912 -0.41111719608306885 64 80 69
-11.631134986877441 -1.1444779634475708 -0.5229504108428955 64 82 82
-11.326379776000977 -1.5291094779968262 -0.6211803555488586 71 82 68
-10.651094436645508 -1.8341522216796875 -0.6920943260192871 78 86 73
-10.244449615478516 -0.6265212893486023 -0.7367835640907288 67 88 69
-8.24913501739502 -0.8064637184143066 -0.6761929988861084 75 88 71
-8.823593139648438 -1.1880866289138794 -0.8100998997688293 73 101 63
-8.383729934692383 -1.4420477151870728 -0.8579441905021667 73 90 58
-8.267842292785645 -0.5021615624427795 -0.9015855193138123 84 116 69
-7.708431243896484 -0.7489848732948303 -0.9184314608573914 74 81 73
-6.741894721984863 -0.9045539498329163 -0.8722401857376099 109 135 28
-6.049445629119873 -1.037277102470398 -0.8477501273155212 63 87 61
-6.783735275268555 -0.4071497321128845 -0.9922687411308289 107 143 56
-6.40255880355835 -0.619506299495697 -1.001776099205017 85 115 53
-6.085189342498779 -0.8139578104019165 -1.016698956489563 78 106 47
-5.665154457092285 -0.9709768891334534 -1.0110032558441162 82 110 49
-5.5746989250183105 -0.3277503550052643 -1.0271320343017578 89 108 76
-5.426618576049805 -0.522111713886261 -1.055946946144104 76 103 60
-5.161254405975342 -0.6878962516784668 -1.0615315437316895 95 100 80
-5.009729385375977 -0.8581005334854126 -1.088798999786377 78 105 54
-4.814736366271973 -0.2802876830101013 -1.073889970779419 86 88 83
-4.701466083526611 -0.4486989378929138 -1.098949909210205 94 111 79
-22.67527198791504 -3.877139091491699 1.8917062282562256 174 209 247
-11.984832763671875 -1.1584218740463257 0.7811686992645264 205 255 254
-21.698415756225586 -2.895150661468506 1.2077844142913818 204 255 255
-22.287029266357422 -3.798745632171631 1.032179594039917 207 233 230
-15.802547454833984 -0.9426933526992798 0.5998508930206299 184 241 235
-12.09823989868164 -1.16448175907135 0.34331756830215454 64 85 88
-11.499789237976074 -1.528865098953247 0.21687617897987366 90 109 116
-16.10466766357422 -2.7354395389556885 0.14825880527496338 65 73 58
-12.692924499511719 -0.748742401599884 0.016865810379385948 67 82 59
-12.777180671691895 -1.222854495048523 -0.10574118793010712 63 78 73
-11.384825706481934 -1.5073127746582031 -0.20486797392368317 57 75 61
-15.990682601928711 -2.711197853088379 -0.44510260224342346 54 67 58
-12.175517082214355 -0.7139562964439392 -0.4297451078891754 61 60 65
-11.60077953338623 -1.105566382408142 -0.5214306116104126 55 62 46
-11.195394515991211 -1.476467251777649 -0.6137453317642212 73 81 60
-10.724566459655762 -1.812943935394287 -0.696503758430481 68 69 63
-10.282169342041016 -0.5971707105636597 -0.7393611669540405 47 102 70
-8.348812103271484 -0.7903574705123901 -0.6841616034507751 70 75 71
-8.822259902954102 -1.1603612899780273 -0.8096468448638916 106 120 94
-7.586584091186523 -1.2809828519821167 -0.7759628891944885 66 76 77
-8.270336151123047 -0.4768509864807129 -0.9016937017440796 73 107 56
-8.07848072052002 -0.7599294185638428 -0.9622392058372498 62 80 58
-7.0780348777771 -0.9275565147399902 -0.9153562188148499 88 88 76
-6.478508949279785 -1.090397596359253 -0.9074046611785889 66 74 63
-6.045997142791748 -0.34425944089889526 -0.884199857711792 67 83 46
-6.387705326080322 -0.598294198513031 -0.9991601705551147 83 110 57
-6.087657928466797 -0.7952848672866821 -1.016698956489563 84 107 61
-5.683646202087402 -0.956206202507019 -1.0137749910354614 56 82 53
-5.543272972106934 -0.30884042382240295 -1.021162509918213 74 91 59
-5.404734134674072 -0.503275990486145 -1.051383137702942 85 98 68
-5.13030481338501 -0.667758584022522 -1.0547395944595337 94 92 71
-5.038373947143555 -0.8471042513847351 -1.0944545269012451 58 92 31
-4.812649250030518 -0.2653537392616272 -1.0732378959655762 69 81 67
-4.685363292694092 -0.432660847902298 -1.0948704481124878 77 90 64
-22.730308532714844 -3.814812421798706 1.8953123092651367 108 109 165
-21.751750946044922 -2.8343729972839355 1.2102633714675903 129 159 211
-22.038467407226562 -3.686837911605835 1.0201393365859985 191 247 246
-12.961956024169922 -0.7333380579948425 0.4919368028640747 187 237 238
-12.581486701965332 -1.172049641609192 0.35692718625068665 80 113 106
-11.578788757324219 -1.5032312870025635 0.21827803552150726 97 109 99
-16.059720993041992 -2.6771395206451416 0.14776873588562012 65 83 43
-12.73110580444336 -0.7118071913719177 0.016913563013076782 60 73 56
-12.792820930480957 -1.184755563735962 -0.1058400422334671 65 74 71
-11.026474952697754 -1.4254603385925293 -0.19833987951278687 63 72 71
-13.647157669067383 -2.270806074142456 -0.37967461347579956 55 68 48
-12.398172378540039 -0.6888513565063477 -0.43752726912498474 66 74 77
-11.44395637512207 -1.0552027225494385 -0.5142338275909424 53 50 59
-11.285041809082031 -1.4530799388885498 -0.6184125542640686 88 96 85
-10.725154876708984 -1.7792162895202637 -0.6961842179298401 77 88 82
-10.376575469970703 -0.5707168579101562 -0.7460201978683472 73 90 82
-9.465815544128418 -0.866808295249939 -0.7754753232002258 81 83 72
-8.819851875305176 -1.13252854347229 -0.8091031908988953 84 85 90
-8.47781753540039 -1.4047287702560425 -0.8666741847991943 72 84 48
-8.285656929016113 -0.4522342085838318 -0.9032085537910461 102 138 77
-7.717826843261719 -0.7021225690841675 -0.9190202951431274 65 71 59
-7.037557125091553 -0.900299072265625 -0.9097599983215332 84 95 65
-6.609857559204102 -1.0916622877120972 -0.9253283739089966 74 91 81
-6.888864994049072 -0.37105274200439453 -1.0072942972183228 107 141 90
-6.374749660491943 -0.5773572325706482 -0.996851921081543 97 118 61
-6.0773468017578125 -0.7749820947647095 -1.0145751237869263 84 107 78
-5.721535682678223 -0.9445396065711975 -1.0200115442276 64 89 70
-5.457765579223633 -0.2872830629348755 -1.0052435398101807 83 112 46
-5.394518852233887 -0.4856358468532562 -1.0491012334823608 97 107 82
-5.192595481872559 -0.6596721410751343 -1.067124843597412 83 107 71
-5.0428786277771 -0.8319610357284546 -1.0948734283447266 91 107 80
-4.808567047119141 -0.2503337562084198 -1.0721511840820312 78 98 63
-4.679877758026123 -0.41767823696136475 -1.093284010887146 76 86 62
-22.770423889160156 -3.7497551441192627 1.8976889848709106 84 110 147
-11.972831726074219 -1.0831542015075684 0.7799386382102966 206 255 251
-22.03390121459961 -3.6166183948516846 1.0194095373153687 126 168 190
-12.880325317382812 -0.6890836358070374 0.4887561798095703 143 192 189
-12.053387641906738 -1.0855638980865479 0.34184932708740234 112 96 141
-11.453408241271973 -1.4512368440628052 0.21582947671413422 70 80 53
-16.15766143798828 -2.6425435543060303 0.14859460294246674 44 48 49
-13.061771392822266 -0.6901034712791443 0.0173499658703804 58 78 53
-12.659945487976074 -1.1332874298095703 -0.10471145063638687 54 74 63
-11.10321044921875 -1.400760531425476 -0.19964192807674408 72 82 74
-12.18309211730957 -1.9888015985488892 -0.338771790266037 59 69 45
-13.385260581970215 -0.702509343624115 -0.4722829759120941 66 81 78
-10.942646026611328 -0.9751312732696533 -0.49157071113586426 51 61 52
-11.134891510009766 -1.3990321159362793 -0.6099463701248169 55 61 51
-10.73647403717041 -1.7472654581069946 -0.6965676546096802 95 110 79
-10.390230178833008 -0.5394999384880066 -0.7468793988227844 65 71 83
-9.754359245300293 -0.8630624413490295 -0.7988932728767395 62 70 47
-8.826249122619629 -1.1058356761932373 -0.809374988079071 83 111 53
-8.525298118591309 -1.385736346244812 -0.8710893988609314 53 68 45
-8.067593574523926 -0.4155115485191345 -0.879294753074646 86 115 49
-8.216537475585938 -0.7220827341079712 -0.978137195110321 94 116 95
-6.98516845703125 -0.8718246221542358 -0.9026375412940979 64 86 47
-6.475298881530762 -1.0490413904190063 -0.906036376953125 64 77 68
-6.8860182762146 -0.34971553087234497 -1.0067164897918701 102 129 98
-6.472955226898193 -0.5662354826927185 -1.011932373046875 86 117 73
-6.1511640548706055 -0.765224277973175 -1.0265016555786133 100 133 54
-5.730239391326904 -0.9279263019561768 -1.0210509300231934 93 117 55
-5.459603309631348 -0.27058619260787964 -1.0054243803024292 82 116 56
-5.366641998291016 -0.4665326774120331 -1.0433965921401978 93 113 64
-5.1955671310424805 -0.6438589096069336 -1.0673246383666992 75 82 66
-5.053129196166992 -0.8177354335784912 -1.096549153327942 80 112 36
-4.806387424468994 -0.2354368269443512 -1.071499228477478 69 73 58
-4.633587837219238 -0.39922186732292175 -1.0821788311004639 96 114 72
-22.027141571044922 -3.546144485473633 1.018588662147522 194 252 240
-12.926290512084961 -0.6517782807350159 0.49042221903800964 126 151 171
-12.036745071411133 -1.0468473434448242 0.3412846028804779 104 136 135
-11.440937995910645 -1.4140065908432007 0.21551170945167542 81 80 88
-16.917057037353516 -2.7134780883789062 0.155501127243042 58 69 61
-12.959956169128418 -0.6448588371276855 0.01721201464533806 67 85 63
-12.528868675231934 -1.0828181505203247 -0.10359933972358704 65 75 51
-11.317834854125977 -1.3925755023956299 -0.20342323184013367 68 77 74
-10.351240158081055 -1.6571778059005737 -0.28769129514694214 55 71 45
-13.0958890914917 -0.647040069103241 -0.46200066804885864 61 71 47
-10.893829345703125 -0.9371029138565063 -0.48924630880355835 58 62 65
-11.17778491973877 -1.3696004152297974 -0.612062931060791 58 67 72
-10.830477714538574 -1.7284730672836304 -0.7023191452026367 104 123 104
-10.404787063598633 -0.508253276348114 -0.7478102445602417 75 110 88
-9.761926651000977 -0.8335564136505127 -0.7992998361587524 62 85 56
-8.791047096252441 -1.0740418434143066 -0.8058410286903381 71 83 71
-8.482346534729004 -1.3520569801330566 -0.8662728071212769 77 104 89
-8.221747398376465 -0.3981640338897705 -0.8959587216377258 87 114 59
-8.144501686096191 -0.690578818321228 -0.9693049192428589 98 115 96
-6.83125638961792 -0.8313383460044861 -0.8824150562286377 88 101 75
-6.608604431152344 -1.0498409271240234 -0.9242337346076965 80 91 77
-6.887059211730957 -0.3285878598690033 -1.0067164897918701 111 126 69
-6.512076377868652 -0.5495313405990601 -1.0177799463272095 73 91 69
-6.19657564163208 -0.7515758275985718 -1.0336902141571045 69 97 39
-5.770021915435791 -0.9162110090255737 -1.0276339054107666 58 93 29
-5.3690409660339355 -0.2495877742767334 -0.98860102891922 63 107 44
-5.341632843017578 -0.44785118103027344 -1.0382622480392456 64 83 63
-5.200436115264893 -0.6282685995101929 -1.067923903465271 85 110 55
-5.053682804107666 -0.8019223213195801 -1.0961302518844604 90 111 55
-4.796361446380615 -0.22019751369953156 -1.0691083669662476 87 92 69
-4.638673782348633 -0.3853268623352051 -1.0830854177474976 74 103 23
-12.387733459472656 -1.498374342918396 0.6884546875953674 226 255 253
-22.020156860351562 -3.475745916366577 1.0177676677703857 221 255 255
-12.896288871765137 -0.6106055974960327 0.4892105460166931 120 147 132
-12.096677780151367 -1.014676809310913 0.342894047498703 57 77 75
-12.21253776550293 -1.4713444709777832 0.22996015846729279 58 83 77
-16.517333984375 -2.597409725189209 0.15175290405750275 31 22 43
-12.796053886413574 -0.5973543524742126 0.01699182391166687 56 68 64
-12.538111686706543 -1.0448733568191528 -0.10364877432584763 66 81 78
-11.226752281188965 -1.3464168310165405 -0.20171095430850983 86 97 83
-13.84424877166748 -2.172848701477051 -0.3845851421356201 48 64 37
-13.77666187286377 -0.6383123993873596 -0.48594579100608826 69 74 78
-11.149530410766602 -0.9246482849121094 -0.5006002187728882 70 93 77
-11.363374710083008 -1.3569679260253906 -0.6219944357872009 57 63 51
-10.868266105651855 -1.7003278732299805 -0.7044280171394348 80 86 72
-10.500954627990723 -0.48066219687461853 -0.754612386226654 67 86 64
-9.758478164672852 -0.8031127452850342 -0.7988119125366211 76 90 55
-8.369072914123535 -0.9964377284049988 -0.7668764591217041 58 86 46
-8.229886054992676 -1.2859376668930054 -0.8400829434394836 53 63 54
-8.322240829467773 -0.37744224071502686 -0.906779408454895 97 117 68
-8.248526573181152 -0.6739175915718079 -0.9814345240592957 78 108 72
-7.14404296875 -0.8471692204475403 -0.9224785566329956 80 96 69
-6.555024147033691 -1.0207210779190063 -0.9162980914115906 57 72 43
-6.769412040710449 -0.302162230014801 -0.9893792271614075 149 148 104
-6.512746810913086 -0.5294699668884277 -1.0176260471343994 98 123 58
-6.132229804992676 -0.7246882319450378 -1.022580623626709 92 117 59
-5.791295528411865 -0.9013823866844177 -1.0309253931045532 72 87 48
-5.414979934692383 -0.23507678508758545 -0.9969222545623779 80 105 50
-5.345917701721191 -0.4316982626914978 -1.0388327836990356 69 105 61
-5.212070465087891 -0.6134563088417053 -1.0699214935302734 101 119 97
-5.044525146484375 -0.7846106886863708 -1.0936166048049927 66 100 39
-4.79213809967041 -0.2052725851535797 -1.0680216550827026 79 97 47
-4.618474960327148 -0.3693855106830597 -1.0780994892120361 64 88 62
-12.820765495300293 -1.0409938097000122 0.8345155119895935 208 254 251
-12.27426815032959 -1.4464561939239502 0.6818990111351013 235 255 253
-21.95469856262207 -3.3964128494262695 1.0142558813095093 209 250 252
-13.706727981567383 -0.606837809085846 0.5198808312416077 96 153 182
-12.46340274810791 -1.006941556930542 0.3532000780105591 70 78 80
-11.677790641784668 -1.370585322380066 0.21981072425842285 62 77 84
-15.892718315124512 -2.449246883392334 0.1459445357322693 62 67 60
-13.207436561584473 -0.5759562849998474 0.01753566786646843 79 94 75
-12.377788543701172 -0.9932841062545776 -0.10229776054620743 69 75 73
-11.199050903320312 -1.3082548379898071 -0.20114018023014069 73 83 74
-9.93143081665039 -1.5275287628173828 -0.2757578492164612 72 86 69
-14.375626564025879 -0.6218717694282532 -0.5070034861564636 74 89 66
-11.559610366821289 -0.9229574203491211 -0.518882691860199 94 107 98
-11.903078079223633 -1.3843916654586792 -0.6513004899024963 75 89 76
-10.863567352294922 -1.665464162826538 -0.7037889361381531 80 86 76
-10.553202629089355 -0.45061352849006653 -0.7582640647888184 77 113 67
-9.813555717468262 -0.7773416638374329 -0.8031215071678162 72 94 56
-8.39880084991455 -0.9738541841506958 -0.7693231105804443 59 85 58
-8.556377410888672 -1.310073971748352 -0.872995913028717 52 64 52
-7.957846641540527 -0.33645448088645935 -0.8669590353965759 83 109 84
-7.99711799621582 -0.6286846399307251 -0.9512872099876404 90 123 96
-7.121974945068359 -0.8224031329154968 -0.9192988872528076 73 96 78
-6.611004829406738 -1.0086740255355835 -0.9236865043640137 113 132 128
-6.793045997619629 -0.28233763575553894 -0.9927021265029907 73 100 69
-6.512370586395264 -0.509332537651062 -1.0173183679580688 85 123 36
-6.155005931854248 -0.708239734172821 -1.0260114669799805 106 147 68
-5.811559200286865 -0.8862833976745605 -1.0340436697006226 70 90 39
-5.388160228729248 -0.21735279262065887 -0.9918571710586548 96 121 66
-5.343301296234131 -0.4149910807609558 -1.038072109222412 70 96 61
-5.193484783172607 -0.5951204299926758 -1.0657265186309814 80 87 69
-5.034341812133789 -0.7672155499458313 -1.0908936262130737 74 97 68
-4.785918235778809 -0.19029808044433594 -1.066500186920166 71 89 67
-4.63609504699707 -0.3564838767051697 -1.0819522142410278 59 68 63
-12.285592079162598 -1.409589171409607 0.6822846531867981 203 244 250
-21.858346939086914 -3.3128738403320312 1.00933039188385 121 145 145
-13.037575721740723 -0.5371406078338623 0.4944358468055725 130 183 214
-12.919885635375977 -1.0039348602294922 0.36604729294776917 75 82 74
-11.84385871887207 -1.3532522916793823 0.22285741567611694 54 69 72
-12.160688400268555 -1.835922360420227 0.11162065714597702 57 76 44
-13.204145431518555 -0.5352311730384827 0.017529034987092018 67 79 79
-10.27510929107666 -0.792830765247345 -0.08489940315485 61 78 60
-11.219901084899902 -1.275810956954956 -0.2014434039592743 77 91 76
-10.073468208312988 -1.5177538394927979 -0.2795710861682892 73 83 75
-14.518265724182129 -0.5834231376647949 -0.5119685530662537 76 96 69
-11.532505989074707 -0.8851950764656067 -0.5175417065620422 57 67 58
-11.466736793518066 -1.2980000972747803 -0.6272043585777283 87 103 76
-10.84691333770752 -1.6288670301437378 -0.7023830413818359 75 86 72
-10.593405723571777 -0.4197749197483063 -0.7610566020011902 70 85 56
-9.826826095581055 -0.7480626106262207 -0.8040159344673157 60 79 49
-8.39778995513916 -0.9476357102394104 -0.7689605951309204 89 101 61
-8.569211959838867 -1.2851452827453613 -0.873898983001709 52 64 60
-8.26877212524414 -0.32418984174728394 -0.9007198214530945 74 117 27
-8.07327651977539 -0.6097561120986938 -0.9601194858551025 105 149 122
-7.150092124938965 -0.8034290075302124 -0.9226057529449463 82 123 57
-6.6973443031311035 -1.0008314847946167 -0.9353163838386536 88 114 67
-6.764216899871826 -0.26035380363464355 -0.9883678555488586 74 100 75
-6.5168585777282715 -0.48957252502441406 -1.0177799463272095 83 104 63
-6.142443656921387 -0.6877065300941467 -1.023560881614685 90 117 72
-5.825940132141113 -0.8701955080032349 -1.036122441291809 62 86 50
-5.430079936981201 -0.2023594230413437 -0.9994547963142395 76 106 56
-5.316157817840576 -0.39647865295410156 -1.032557487487793 59 83 67
-5.2137885093688965 -0.5812469720840454 -1.0695219039916992 94 102 61
-5.026033401489258 -0.7501789331436157 -1.0885894298553467 99 120 51
-4.793307781219482 -0.17586471140384674 -1.0680216550827026 85 97 59
-4.629395961761475 -0.34168532490730286 -1.08013916015625 83 101 77
-12.834872245788574 -0.9629047513008118 0.8350334763526917 194 232 253
-12.377182960510254 -1.3816386461257935 0.6871325373649597 207 233 232
-18.98700714111328 -2.8181285858154297 0.8763400912284851 112 166 108
-13.722175598144531 -0.523180365562439 0.5203352570533752 192 228 240
-13.023584365844727 -0.9718050956726074 0.3688991069793701 71 77 75
-12.460077285766602 -1.384947419166565 0.23437131941318512 70 75 81
-11.896210670471191 -1.7586817741394043 0.10914302617311478 70 82 94
-12.991875648498535 -0.4867075979709625 0.017245175316929817 86 106 78
-12.63894271850586 -0.9362274408340454 -0.10440665483474731 64 77 67
-11.534815788269043 -1.2757861614227295 -0.2070261687040329 70 77 69
-12.15579605102539 -1.7933725118637085 -0.337208092212677 68 79 63
-14.512996673583984 -0.5386195182800293 -0.5117220878601074 76 89 80
-11.546126365661621 -0.8506170511245728 -0.5180333852767944 63 70 62
-11.339652061462402 -1.248391032218933 -0.6200406551361084 70 102 97
-9.039103507995605 -1.329046368598938 -0.5850529670715332 69 71 70
-10.645478248596191 -0.3891310393810272 -0.7647082805633545 74 93 71
-9.938419342041016 -0.7258972525596619 -0.8129602670669556 66 94 43
-8.833263397216797 -0.9693402051925659 -0.8085594773292542 78 108 54
-8.60756778717041 -1.2639082670211792 -0.8774110078811646 47 53 49
-8.523064613342285 -0.307974249124527 -0.9283127784729004 79 115 43
-8.095908164978027 -0.5864915251731873 -0.9625925421714783 81 112 68
-7.145621299743652 -0.7807349562644958 -0.9217154383659363 76 104 55
-6.670978546142578 -0.9759775996208191 -0.9312116503715515 69 76 60
-6.873761177062988 -0.24345289170742035 -1.0042603015899658 68 94 47
-6.508473873138428 -0.4688667953014374 -1.0162410736083984 97 119 70
-6.120985984802246 -0.6662963032722473 -1.0196397304534912 100 134 58
-5.843199729919434 -0.8544552326202393 -1.038720965385437 56 79 51
-5.438539028167725 -0.18596811592578888 -1.0009020566940308 115 122 104
-5.333996295928955 -0.38135722279548645 -1.035790205001831 78 96 54
-5.20190954208374 -0.5637704730033875 -1.066725254058838 88 122 87
-5.018636226654053 -0.7333419919013977 -1.08649480342865 98 115 79
-4.799677848815918 -0.16135498881340027 -1.0693256855010986 103 130 79
-4.611963272094727 -0.32617542147636414 -1.0758330821990967 124 133 128
-12.400224685668945 -1.3457063436508179 0.6881792545318604 189 222 213
-21.811038970947266 -3.168924570083618 1.0062291622161865 138 167 175
-14.135168075561523 -0.4955020844936371 0.5359354615211487 203 245 243
-13.228906631469727 -0.9463234543800354 0.3746309280395508 101 108 118
-11.731660842895508 -1.2675586938858032 0.22059577703475952 65 83 97
-12.207352638244629 -1.766426682472229 0.11194738000631332 69 77 80
-13.167204856872559 -0.45282721519470215 0.017475977540016174 77 90 81
-12.644747734069824 -0.8976597785949707 -0.10443136841058731 65 69 72
-11.718609809875488 -1.2597345113754272 -0.21025453507900238 62 73 77
-12.070219993591309 -1.7429271936416626 -0.33468425273895264 80 84 85
-14.531560897827148 -0.49466973543167114 -0.5123206973075867 71 83 69
-11.535726547241211 -0.8142755627632141 -0.5174522399902344 82 104 83
-11.440729141235352 -1.2240055799484253 -0.6253592371940613 55 63 48
-10.674952507019043 -1.5361268520355225 -0.6906244158744812 55 67 57
-10.676527976989746 -0.35747063159942627 -0.76685631275177 77 113 49
-9.924691200256348 -0.6942903399467468 -0.8116592764854431 89 101 81
-8.807477951049805 -0.9391732811927795 -0.805931568145752 75 92 60
-8.047094345092773 -1.1564009189605713 -0.8199137449264526 58 82 58
-8.538873672485352 -0.2823171615600586 -0.9299359321594238 84 125 49
-8.073893547058105 -0.560001790523529 -0.9597662091255188 84 94 67
-7.110502243041992 -0.7548299431800842 -0.9168823957443237 81 104 60
-6.703359127044678 -0.9597184658050537 -0.9353163838386536 95 110 43
-6.86953067779541 -0.22220338881015778 -1.003537893295288 104 133 75
-6.474395275115967 -0.4464498460292816 -1.0107014179229736 93 131 56
-6.065116882324219 -0.6413928866386414 -1.010000467300415 97 125 48
-5.83799409866333 -0.8354084491729736 -1.0373351573944092 93 123 63
-5.4518632888793945 -0.16967977583408356 -1.003253698348999 76 115 60
-5.3155517578125 -0.3636508285999298 -1.031986951828003 120 157 114
-5.197767734527588 -0.5471931099891663 -1.0655267238616943 84 101 65
-5.016022682189941 -0.7172494530677795 -1.0854475498199463 71 77 51
-4.785515785217285 -0.14618200063705444 -1.0660655498504639 89 104 75
-4.5896196365356445 -0.31044700741767883 -1.0703938007354736 98 108 97
-12.439048767089844 -1.311320424079895 0.6901074051856995 228 252 254
-21.695053100585938 -3.0841381549835205 1.0004370212554932 197 208 226
-13.4135103225708 -0.42900630831718445 0.5085214972496033 213 244 247
-13.27762222290039 -0.9088734984397888 0.3759298026561737 120 151 146
-12.437515258789062 -1.3052328824996948 0.23379188776016235 86 88 87
-12.480036735534668 -1.7668118476867676 0.11439778655767441 62 80 80
-13.277478218078613 -0.4158408045768738 0.01762055978178978 82 88 84
-12.696328163146973 -0.8621817231178284 -0.10483502596616745 62 72 61
-11.30376148223877 -1.180070161819458 -0.2027454525232315 72 80 69
-11.487571716308594 -1.622830867767334 -0.318388968706131 54 63 70
-14.542999267578125 -0.45039457082748413 -0.5126728415489197 79 89 81
-11.578039169311523 -0.7815719842910767 -0.5192402601242065 100 110 99
-11.469259262084961 -1.1914794445037842 -0.6267159581184387 54 70 60
-10.110404968261719 -1.4232416152954102 -0.6538150310516357 81 88 80
-10.74437141418457 -0.3267451822757721 -0.7716536521911621 79 118 74
-9.896941184997559 -0.661843478679657 -0.8092199563980103 83 127 48
-8.501254081726074 -0.8801499605178833 -0.7776597142219543 81 110 64
-8.24765682220459 -1.1594078540802002 -0.8399825692176819 62 78 52
-8.536718368530273 -0.25602951645851135 -0.9296112656593323 90 121 45
-8.026029586791992 -0.5319451689720154 -0.9538780450820923 79 98 76
-7.244009971618652 -0.7465351819992065 -0.9337981343269348 56 74 48
-6.820070266723633 -0.9550847411155701 -0.9511876702308655 69 87 49
-6.368714332580566 -0.18644633889198303 -0.9302880167961121 87 112 72
-6.496439456939697 -0.4279485046863556 -1.0139329433441162 100 125 57
-6.067055702209473 -0.6227823495864868 -1.010000467300415 91 129 54
-5.894175052642822 -0.8250024914741516 -1.046863079071045 82 109 54
-5.473986625671387 -0.1535596400499344 -1.0072333812713623 68 90 51
-5.3127241134643555 -0.34708523750305176 -1.031226396560669 104 132 107
-5.1994218826293945 -0.5312439799308777 -1.0655267238616943 82 108 69
-4.965906620025635 -0.6945433616638184 -1.0741363763809204 70 64 68
-4.782038688659668 -0.13139231503009796 -1.06519615650177 96 117 60
-4.643036365509033 -0.2997532784938812 -1.0826321840286255 79 100 69
-12.92782974243164 -0.8503018617630005 0.8405364751815796 204 255 254
-12.440032958984375 -1.2728468179702759 0.6899421215057373 255 254 255
-21.645048141479492 -3.009310722351074 0.997700572013855 200 240 232
-13.501665115356445 -0.39036473631858826 0.5118156671524048 225 255 249
-12.777621269226074 -0.835270881652832 0.3616989850997925 97 130 135
-12.896029472351074 -1.3133633136749268 0.24233384430408478 113 139 112
-11.567194938659668 -1.6013964414596558 0.10598471760749817 70 82 80
-19.322277069091797 -0.54582679271698 0.025640277191996574 67 81 81
-12.642034530639648 -0.8195385932922363 -0.10436546802520752 55 76 45
-11.422719955444336 -1.1570738554000854 -0.20481446385383606 48 61 52
-11.331090927124023 -1.565283179283142 -0.3139173686504364 74 75 80
-14.565291404724121 -0.4063604474067688 -0.5134122967720032 83 89 87
-11.541502952575684 -0.7435426115989685 -0.5174969434738159 90 99 94
-11.38841438293457 -1.1477757692337036 -0.6221029758453369 99 102 91
-10.673301696777344 -1.469100832939148 -0.689921498298645 78 97 91
-10.74731731414795 -0.2938348948955536 -0.7717968821525574 77 102 44
-9.922797203063965 -0.632999837398529 -0.8111714124679565 34 80 33
-8.16106128692627 -0.819631040096283 -0.7463067770004272 77 103 55
-8.0845947265625 -1.1112029552459717 -0.8230243921279907 52 62 61
-8.537464141845703 -0.2298380434513092 -0.9296112656593323 90 129 74
-8.026632308959961 -0.5072565078735352 -0.9537602066993713 86 102 73
-7.322261810302734 -0.7319035530090332 -0.9435914158821106 109 125 96
-6.726787567138672 -0.9209880232810974 -0.9377791285514832 88 128 16
-6.850981712341309 -0.17953014373779297 -1.0006483793258667 108 155 121
-6.327118396759033 -0.39730289578437805 -0.9873111844062805 106 133 64
-6.061084270477295 -0.6033841371536255 -1.0086934566497803 98 137 70
-5.895702838897705 -0.8067820072174072 -1.0466898679733276 95 142 50
-5.475414752960205 -0.13678951561450958 -1.0074143409729004 84 101 65
-5.3167033195495605 -0.33096736669540405 -1.0317968130111694 66 98 57
-5.203952789306641 -0.5155797600746155 -1.0661261081695557 94 117 88
-5.01161003112793 -0.6852660179138184 -1.0835623741149902 63 71 50
-4.773637294769287 -0.11650626361370087 -1.0632401704788208 85 105 68
-4.608936786651611 -0.28335562348365784 -1.074473261833191 69 102 59
-12.253108024597168 -1.2157471179962158 0.6793649196624756 254 255 255
-21.707630157470703 -2.9501545429229736 1.0001633167266846 172 210 219
-13.179140090942383 -0.3405763506889343 0.4995475709438324 203 234 237
-12.773139953613281 -0.7956307530403137 0.3615013360977173 134 200 186
-13.051236152648926 -1.288726568222046 0.24517494440078735 116 148 145
-11.991215705871582 -1.6226212978363037 0.10982368886470795 64 67 76
-18.818021774291992 -0.47380805015563965 0.02496909350156784 86 115 87
-12.695390701293945 -0.7838925123214722 -0.10478559136390686 51 68 50
-11.11177921295166 -1.0911470651626587 -0.19917818903923035 49 61 47
-11.333858489990234 -1.530245065689087 -0.31386250257492065 58 71 64
-14.532500267028809 -0.3608294427394867 -0.5122150182723999 95 96 90
-11.515810012817383 -0.7064176201820374 -0.5162453651428223 73 83 74
-11.341198921203613 -1.1078801155090332 -0.6193351745605469 60 69 66
-10.955681800842285 -1.4737341403961182 -0.7078788876533508 78 96 72
-10.662415504455566 -0.25877994298934937 -0.7656391263008118 78 108 70
-10.060988426208496 -0.6108289957046509 -0.8223112225532532 92 116 68
-8.739426612854004 -0.8506428599357605 -0.7989542484283447 80 112 49
-8.73780345916748 -1.1736822128295898 -0.8891512751579285 45 45 53
-8.51328182220459 -0.20305176079273224 -0.9269060492515564 87 122 58
-7.883429050445557 -0.47392845153808594 -0.936566948890686 78 102 68
-7.648293495178223 -0.7408004403114319 -0.9853083491325378 103 129 82
-6.759037017822266 -0.9042870402336121 -0.9418838024139404 54 54 28
-6.84061861038208 -0.15825903415679932 -0.9990591406822205 101 130 74
-6.211920261383057 -0.3709397315979004 -0.9691530466079712 77 105 54
-6.064870834350586 -0.58497554063797 -1.009020209312439 84 118 41
-5.799554824829102 -0.7755064964294434 -1.0291930437088013 91 93 80
-5.481708526611328 -0.12011981755495071 -1.0084997415542603 110 141 74
-5.322593688964844 -0.3149443566799164 -1.0327476263046265 94 110 74
-5.1967315673828125 -0.49876925349235535 -1.0643281936645508 78 104 67
-5.0262885093688965 -0.671570897102356 -1.0862853527069092 75 94 64
-4.772996425628662 -0.1018395870923996 -1.0630228519439697 92 111 79
-4.615618705749512 -0.2695549726486206 -1.0758330821990967 75 85 74
-12.25976276397705 -1.178436040878296 0.6795302033424377 241 255 255
-21.556156158447266 -2.862241744995117 0.992775022983551 185 221 237
-20.7886905670166 -0.47340628504753113 0.7879243493080139 222 253 245
-12.783504486083984 -0.7569122314453125 0.361727237701416 133 158 154
-12.755549430847168 -1.2200260162353516 0.23954884707927704 90 103 109
-11.692789077758789 -1.5457241535186768 0.10704656690359116 76 91 60
-18.560447692871094 -0.41034814715385437 0.024625541642308235 102 116 125
-12.709714889526367 -0.7456426620483398 -0.10488444566726685 56 77 46
-10.67015266418457 -1.0147390365600586 -0.19120535254478455 60 67 59
-11.34444522857666 -1.4962502717971802 -0.3140271008014679 64 69 63
-14.52254867553711 -0.3160035014152527 -0.5118277072906494 84 77 69
-11.305496215820312 -0.658707320690155 -0.5067241787910461 77 89 87
-11.23221206665039 -1.0624550580978394 -0.6132026314735413 65 73 62
-11.152105331420898 -1.4653375148773193 -0.7202765345573425 66 78 66
-10.672133445739746 -0.22625717520713806 -0.7662835121154785 78 107 59
-10.084704399108887 -0.5812210440635681 -0.8241000175476074 85 114 58
-8.903608322143555 -0.8390567898750305 -0.8137245178222656 99 113 80
-8.767998695373535 -1.1503641605377197 -0.8918606042861938 79 90 56
-8.520822525024414 -0.1770770102739334 -0.9276634454727173 104 130 95
-7.848162651062012 -0.4476478695869446 -0.9322096705436707 98 117 87
-7.642630100250244 -0.7165915966033936 -0.9842908978462219 85 102 70
-6.736240863800049 -0.8802093267440796 -0.9383264183998108 71 87 61
-6.7906174659729 -0.13625915348529816 -0.9916908144950867 92 116 68
-5.937793254852295 -0.3362918496131897 -0.9262197613716125 112 136 84
-6.070566177368164 -0.5667328834533691 -1.0096737146377563 75 107 42
-5.871244430541992 -0.766765296459198 -1.0414927005767822 88 114 67
-5.486968040466309 -0.10339425504207611 -1.009404182434082 74 102 54
-5.32549524307251 -0.29872334003448486 -1.0331279039382935 87 123 51
-5.158236026763916 -0.47910815477371216 -1.0561379194259644 91 119 78
-5.033173084259033 -0.6567798852920532 -1.0873327255249023 85 107 60
-4.772310733795166 -0.08717793226242065 -1.0628055334091187 87 102 73
-4.663103103637695 -0.25797560811042786 -1.0867115259170532 87 96 67
-12.588419914245605 -1.1710610389709473 0.6975444555282593 239 255 252
-12.004900932312012 -1.5565544366836548 0.5526666641235352 169 209 219
-20.79703712463379 -0.40976306796073914 0.7881894111633301 233 255 254
-12.923494338989258 -0.725420355796814 0.36562374234199524 82 110 98
-12.266425132751465 -1.1352766752243042 0.23029661178588867 91 100 105
-11.39400577545166 -1.470673680305481 0.10426943004131317 68 73 76
-18.813575744628906 -0.35820066928863525 0.024959808215498924 64 81 63
-12.693971633911133 -0.7056472897529602 -0.10473617166280746 51 75 41
-12.61171817779541 -1.1603524684906006 -0.22593267261981964 77 90 72
-11.190352439880371 -1.4410117864608765 -0.30963778495788574 59 70 56
-14.430522918701172 -0.2697106599807739 -0.5085528492927551 88 97 68
-11.72640609741211 -0.6471394300460815 -0.5254983305931091 119 125 111
-11.242379188537598 -1.0286270380020142 -0.6135824918746948 70 68 69
-10.978375434875488 -1.4082612991333008 -0.7087735533714294 69 75 61
-10.725632667541504 -0.1944728046655655 -0.7700784206390381 68 94 57
-10.143167495727539 -0.5533736944198608 -0.8287348747253418 84 101 46
-8.536208152770996 -0.7780200242996216 -0.7799250483512878 78 93 62
-8.288896560668945 -1.0616483688354492 -0.8427922129631042 63 81 55
-8.513374328613281 -0.15079382061958313 -0.9267978668212891 80 116 54
-7.834625244140625 -0.42276531457901 -0.930443286895752 92 119 84
-7.50155782699585 -0.6801540851593018 -0.9658489227294922 80 108 59
-6.737926959991455 -0.8594133853912354 -0.9381896257400513 98 122 86
-6.78110933303833 -0.11525702476501465 -0.9902459979057312 95 118 62
-6.4420013427734375 -0.3450242877006531 -1.004699945449829 99 125 62
-6.094875335693359 -0.5501458048820496 -1.013431429862976 111 141 71
-5.8462138175964355 -0.7452617883682251 -1.0366421937942505 84 111 60
-5.48234224319458 -0.08648242056369781 -1.0084997415542603 78 105 50
-5.31462287902832 -0.2817598581314087 -1.030846118927002 83 109 62
-5.149922847747803 -0.46240440011024475 -1.054140329360962 66 96 44
-5.036134719848633 -0.6414588093757629 -1.087542176246643 78 98 71
-4.770603179931641 -0.0725066065788269 -1.062370777130127 84 93 64
-4.64247465133667 -0.24255023896694183 -1.0817255973815918 110 130 93
-20.94548225402832 -1.8836946487426758 1.1602970361709595 206 247 251
-12.264321327209473 -1.551946997642517 0.5643876791000366 122 141 156
-20.72625732421875 -0.34476009011268616 0.7854631543159485 233 255 253
-13.005514144897461 -0.6900049448013306 0.3678826093673706 83 119 75
-13.027690887451172 -1.1654335260391235 0.24452075362205505 88 113 58
-11.591928482055664 -1.460078477859497 0.10603917390108109 77 93 92
-18.55961799621582 -0.2964077591896057 0.024621563032269478 73 88 69
-12.75 -0.6695310473442078 -0.1051810160279274 50 66 56
-10.617419242858887 -0.9440247416496277 -0.19015300273895264 76 104 66
-10.8644437789917 -1.3651723861694336 -0.30050256848335266 43 56 47
-14.398307800292969 -0.2249220311641693 -0.5073907971382141 78 80 69
-11.742303848266602 -0.6118881106376648 -0.5261241793632507 78 84 56
-11.252445220947266 -0.9947465658187866 -0.6139624118804932 85 91 77
-10.759841918945312 -1.3466877937316895 -0.6943948268890381 31 67 53
-10.744131088256836 -0.16183653473854065 -0.7713672518730164 104 133 40
-10.17667007446289 -0.5238920450210571 -0.8313369154930115 52 58 46
-8.850058555603027 -0.7792558073997498 -0.8083782196044922 91 106 65
-8.393804550170898 -1.0489208698272705 -0.8531277179718018 76 86 85
-8.497892379760742 -0.12444155663251877 -0.9250665903091431 79 109 55
-7.800181865692139 -0.39691027998924255 -0.9262037873268127 74 108 58
-7.482859134674072 -0.6553192138671875 -0.9631780385971069 92 130 81
-6.862425804138184 -0.8539051413536072 -0.955155611038208 72 95 53
-6.7527384757995605 -0.09405269473791122 -0.9860562086105347 81 113 48
-6.452898025512695 -0.32575705647468567 -1.0062388181686401 104 158 80
-6.110294818878174 -0.5326439142227173 -1.015718698501587 69 96 55
-5.819152355194092 -0.7236760258674622 -1.0314451456069946 97 130 77
-5.503233432769775 -0.06992483139038086 -1.0122984647750854 89 115 68
-5.297812461853027 -0.2645720839500427 -1.0274232625961304 70 105 39
-5.149364471435547 -0.4464332163333893 -1.0537407398223877 69 98 54
-5.037108421325684 -0.6258845925331116 -1.0873327255249023 89 82 74
-4.784468173980713 -0.058036018162965775 -1.0654135942459106 77 92 63
-4.646115303039551 -0.22844967246055603 -1.0824054479599 78 97 67
-12.945331573486328 -0.65220046043396 0.8409249186515808 194 240 255
-14.761906623840332 -1.2819429636001587 0.8175296187400818 244 252 255
-12.387996673583984 -1.528997540473938 0.5698605179786682 156 197 225
-13.190320014953613 -0.17893081903457642 0.49985048174858093 229 255 249
-12.955655097961426 -0.6475067138671875 0.366414338350296 67 87 85
-11.657559394836426 -1.0068227052688599 0.21874533593654633 83 87 86
-11.599329948425293 -1.42487370967865 0.10606639087200165 59 72 80
-13.896831512451172 -0.17929652333259583 0.018435001373291016 72 77 83
-12.958734512329102 -0.6406319737434387 -0.10688624531030655 52 62 54
-12.498063087463379 -1.0726017951965332 -0.22377446293830872 62 83 66
-11.14441204071045 -1.365634799003601 -0.3081289827823639 69 83 84
-14.458888053894043 -0.18150024116039276 -0.5095036029815674 80 82 77
-11.61341381072998 -0.5694510340690613 -0.520268440246582 90 97 89
-11.202713012695312 -0.9557213187217712 -0.6110860109329224 72 74 63
-10.669816017150879 -1.3021855354309082 -0.6883239150047302 56 67 53
-10.559067726135254 -0.1266482025384903 -0.7580493092536926 56 94 47
-10.282758712768555 -0.497727632522583 -0.8398746252059937 73 90 58
-9.246355056762695 -0.7855703234672546 -0.8443524837493896 94 124 90
-8.279452323913574 -1.008843183517456 -0.8411867022514343 101 105 68
-8.449524879455566 -0.09780596941709518 -0.9197643399238586 85 113 72
-7.822192668914795 -0.37397363781929016 -0.9286767840385437 111 134 90
-7.667680740356445 -0.6478068828582764 -0.9867073893547058 94 110 63
-6.9220499992370605 -0.8397670388221741 -0.963091254234314 64 87 58
-6.687691688537598 -0.07262597233057022 -0.9765207171440125 93 128 64
-6.430179595947266 -0.30483534932136536 -1.0025455951690674 94 124 52
-6.136476993560791 -0.515961766242981 -1.0198031663894653 85 102 66
-5.8682756423950195 -0.7115098834037781 -1.0397604703903198 104 134 74
-5.49752140045166 -0.05298394709825516 -1.0112130641937256 102 130 79
-5.283889293670654 -0.24762798845767975 -1.0245709419250488 66 79 59
-5.153639316558838 -0.43087801337242126 -1.054340124130249 94 125 68
-5.036092758178711 -0.6100751757621765 -1.0867042541503906 104 127 83
-4.793407917022705 -0.04343680292367935 -1.0673696994781494 75 100 71
-4.642902374267578 -0.2140151411294937 -1.0814989805221558 84 111 66
-12.892448425292969 -0.6098881959915161 0.837364137172699 207 255 255
-20.948686599731445 -1.7544734477996826 1.1598563194274902 219 255 255
-12.141702651977539 -1.4607948064804077 0.5583218932151794 202 250 250
-13.066903114318848 -0.13716202974319458 0.4951552748680115 205 239 240
-12.856732368469238 -0.6030261516571045 0.36356255412101746 126 155 161
-12.892114639282227 -1.0736098289489746 0.24184788763523102 49 63 38
-11.560954093933105 -1.3841692209243774 0.10567615181207657 71 83 81
-13.898317337036133 -0.13667064905166626 0.018436327576637268 65 73 75
-12.894712448120117 -0.5978156328201294 -0.10634254664182663 50 66 55
-12.557095527648926 -1.0388697385787964 -0.22477330267429352 56 69 60
-11.22497844696045 -1.3405653238296509 -0.31024134159088135 55 66 62
-14.482361793518066 -0.1373581439256668 -0.5103135108947754 81 83 80
-11.83864688873291 -0.54409259557724 -0.5302813053131104 64 81 88
-10.808520317077637 -0.8886992335319519 -0.5894321203231812 56 57 59
-10.637094497680664 -1.265084147453308 -0.6859593391418457 64 72 57
-10.592320442199707 -0.09454663097858429 -0.7604122161865234 75 124 19
-10.3160982131958 -0.4676224887371063 -0.8424766063690186 51 76 55
-9.260632514953613 -0.7581743597984314 -0.8454399108886719 64 88 62
-8.250892639160156 -0.9796834588050842 -0.8379757404327393 82 100 74
-7.9527387619018555 -0.06765434145927429 -0.865660548210144 97 120 52
-7.820327281951904 -0.34984061121940613 -0.92832350730896 69 108 64
-7.657768249511719 -0.6233140826225281 -0.9851811528205872 87 113 68
-6.935414791107178 -0.8198056221008301 -0.9645962715148926 72 103 35
-6.647314548492432 -0.051791995763778687 -0.9705971479415894 85 107 60
-6.419239044189453 -0.2845812737941742 -1.0006989240646362 98 126 78
-6.180315017700195 -0.500557541847229 -1.026828408241272 104 144 109
-5.882167816162109 -0.694889485836029 -1.0418392419815063 111 145 84
-5.498641490936279 -0.03612400218844414 -1.0113940238952637 81 99 59
-5.279719829559326 -0.23120132088661194 -1.0236201286315918 64 99 35
-5.164703845977783 -0.4158512055873871 -1.0563377141952515 69 99 47
-5.03891134262085 -0.5947363972663879 -1.0869137048721313 88 102 85
-4.79449462890625 -0.028736481443047523 -1.0675870180130005 124 157 130
-4.65424108505249 -0.20023038983345032 -1.0839918851852417 65 75 67
-12.96005630493164 -0.5732421875 0.8416370749473572 208 248 250
-20.955963134765625 -1.6903561353683472 1.1599665880203247 221 252 247
-12.263202667236328 -1.4372591972351074 0.5637035369873047 192 234 248
-12.801599502563477 -0.561084508895874 0.36195310950279236 73 124 145
-12.917272567749023 -1.0358104705810547 0.24225908517837524 66 75 82
-11.68830680847168 -1.3630567789077759 0.10680151730775833 65 77 75
-14.208662986755371 -0.09612779319286346 0.018847526982426643 76 88 74
-13.054332733154297 -0.5650851726531982 -0.10764413326978683 68 77 76
-12.509392738342285 -0.9962918758392334 -0.2238636463880539 60 69 66
-11.688763618469238 -1.3595949411392212 -0.322942852973938 69 74 70
-14.471721649169922 -0.09285569936037064 -0.5099261999130249 84 85 77
-12.019914627075195 -0.5154740810394287 -0.5383273363113403 93 101 90
-10.791287422180176 -0.8539596199989319 -0.5883467197418213 85 88 71
-10.62407398223877 -1.2304922342300415 -0.6848730444908142 69 72 65
-10.562637329101562 -0.06187411770224571 -0.7582640647888184 58 79 64
-10.38818645477295 -0.43895846605300903 -0.8482497930526733 49 68 48
-9.456512451171875 -0.7450117468833923 -0.863109827041626 95 112 76
-8.558276176452637 -0.9895641207695007 -0.8688817620277405 75 91 65
-8.314766883850098 -0.045223481953144073 -0.905048131942749 111 136 79
-7.8600592613220215 -0.32745862007141113 -0.9329162836074829 75 80 48
-7.503406047821045 -0.5875825881958008 -0.9650858044624329 101 124 78
-6.914278984069824 -0.7958058714866638 -0.9613125920295715 98 108 71
-6.681084632873535 -0.031556982547044754 -0.9755094051361084 88 117 50
-6.4260053634643555 -0.2651303708553314 -1.0016223192214966 90 120 60
-6.20444393157959 -0.48335662484169006 -1.0305860042572021 92 121 63
-5.8803582191467285 -0.676389753818512 -1.0411462783813477 97 132 50
-5.512495994567871 -0.019302451983094215 -1.01392662525177 71 104 75
-5.294137477874756 -0.21556144952774048 -1.0262823104858398 91 106 85
-5.161070823669434 -0.3996259868144989 -1.055338978767395 77 93 67
-5.046541213989258 -0.5799442529678345 -1.0881705284118652 123 135 121
-4.79358434677124 -0.014024188742041588 -1.0673696994781494 60 62 57
-4.6665120124816895 -0.18641696870326996 -1.0867115259170532 63 64 59
-12.876670837402344 -0.9989094138145447 0.7125839591026306 247 255 255
-12.468043327331543 -1.4225035905838013 0.5729161500930786 144 187 221
-13.123457908630371 -0.05722646042704582 0.4972756803035736 221 255 250
-13.726126670837402 -0.5594192743301392 0.3880428969860077 216 248 247
-12.914409637451172 -0.9957148432731628 0.24214693903923035 76 87 91
-13.188761711120605 -1.4970372915267944 0.1204693466424942 59 64 60
-19.626850128173828 -0.07256807386875153 0.02603423222899437 83 94 98
-13.063998222351074 -0.5253537893295288 -0.10771004110574722 60 73 66
-12.505412101745605 -0.9573746919631958 -0.22373880445957184 58 64 54
-11.27371597290039 -1.2762752771377563 -0.31136608123779297 104 119 114
-14.482932090759277 -0.04849345609545708 -0.5103135108947754 89 97 84
-12.01944351196289 -0.4785155951976776 -0.538237988948822 74 78 81
-10.579792022705078 -0.8045692443847656 -0.5766785144805908 72 78 64
-10.575240135192871 -1.1919680833816528 -0.6814860105514526 66 74 76
-10.649554252624512 -0.029710199683904648 -0.764493465423584 70 108 51
-10.37155818939209 -0.4063835144042969 -0.8467862010002136 69 104 62
-9.017841339111328 -0.6826205253601074 -0.8228766322135925 87 116 49
-8.38330364227295 -0.9432782530784607 -0.8508197665214539 104 112 71
-8.370536804199219 -0.01984591595828533 -0.9111077189445496 89 115 67
-7.914610862731934 -0.3054104745388031 -0.9392754435539246 84 114 60
-7.411210536956787 -0.5574916005134583 -0.9530031681060791 78 116 69
-6.965909957885742 -0.7801016569137573 -0.9681536555290222 70 94 58
-6.677191734313965 -0.011053004302084446 -0.9749314188957214 85 112 79
-6.298430442810059 -0.2405129224061966 -0.9816175103187561 93 111 59
-6.182286262512207 -0.4625528156757355 -1.0266649723052979 84 109 52
-5.850106239318848 -0.654731035232544 -1.0354294776916504 63 85 46
-5.529248237609863 -0.0023975111544132233 -1.0170018672943115 99 122 93
-5.321262359619141 -0.20031540095806122 -1.0314165353775024 64 77 47
-5.1583638191223145 -0.3834995627403259 -1.0545399188995361 69 97 56
-5.058986186981201 -0.5656541585922241 -1.0904747247695923 71 94 66
-4.775058746337891 0.0006797459209337831 -1.0632401704788208 69 84 65
-4.669981956481934 -0.17220711708068848 -1.0873914957046509 60 78 38
-12.873700141906738 -0.9589546322822571 0.7122533917427063 251 255 255
-12.104989051818848 -1.34347403049469 0.5560415387153625 194 238 249
-13.114578247070312 -0.01695236563682556 0.4969349205493927 212 255 248
-13.565957069396973 -0.5112075805664062 0.3834686875343323 134 176 200
-12.408883094787598 -0.9184508919715881 0.23261433839797974 74 79 85
-11.696450233459473 -1.2913130521774292 0.10680151730775833 63 75 65
-14.0499849319458 -0.0088431928306818 0.018636619672179222 64 73 80
-13.068546295166016 -0.48538291454315186 -0.10773475468158722 66 82 56
-12.691766738891602 -0.9324843883514404 -0.22702068090438843 58 70 70
-11.23386001586914 -1.2368683815002441 -0.31015902757644653 62 83 66
-14.05128002166748 -0.003939185291528702 -0.49510130286216736 99 108 105
-11.975930213928223 -0.4399876892566681 -0.5362264513969421 79 91 81
-10.597148895263672 -0.7731970548629761 -0.5774925947189331 77 83 81
-10.550078392028809 -1.1563647985458374 -0.6796327233314514 68 72 73
-10.5328950881958 0.0029298497829586267 -0.7561160326004028 76 96 69
-10.401640892028809 -0.37560516595840454 -0.8491442799568176 89 123 62
-9.341713905334473 -0.6783189177513123 -0.8522360324859619 65 87 64
-6.864998817443848 -0.7511197328567505 -0.6964901685714722 60 80 55
-8.215474128723145 0.005726522300392389 -0.8942273259162903 87 117 67
-7.933374404907227 -0.2817617952823639 -0.9413951635360718 79 108 50
-7.53160285949707 -0.5433157086372375 -0.9682654738426208 95 118 76
-6.979103088378906 -0.7599064111709595 -0.9696587324142456 76 104 56
-6.647509574890137 0.009390450082719326 -0.9705971479415894 88 124 52
-6.313951015472412 -0.22170861065387726 -0.9839258193969727 97 128 58
-6.200404644012451 -0.44478365778923035 -1.0294424295425415 78 103 64
-5.855025291442871 -0.6370996832847595 -1.0359492301940918 72 93 52
-5.531196594238281 0.01457117684185505 -1.0173635482788086 77 93 67
-5.329700946807861 -0.18426041305065155 -1.03293776512146 77 83 73
-5.156583786010742 -0.3674631714820862 -1.0539405345916748 102 127 97
-5.037367343902588 -0.5475946068763733 -1.0854475498199463 81 101 50
-4.7682013511657715 0.015307481400668621 -1.0617187023162842 66 76 67
-4.668540954589844 -0.1578131765127182 -1.0869381427764893 84 96 74
-20.50253677368164 -1.4639866352081299 1.1340744495391846 242 254 252
-12.278891563415527 -1.3246521949768066 0.563840389251709 136 180 189
-13.487541198730469 -0.46681925654411316 0.3812098503112793 182 227 232
-12.627062797546387 -0.8956567645072937 0.23665165901184082 75 88 78
-13.150969505310059 -1.4110703468322754 0.12004280090332031 73 82 77
-13.940947532653809 0.033995795994997025 0.018492039293050766 78 89 85
-14.948820114135742 -0.5092981457710266 -0.12322193384170532 71 86 67
-12.70753288269043 -0.894454836845398 -0.2272525429725647 52 62 53
-10.835052490234375 -1.1593257188796997 -0.29904863238334656 82 84 81
-14.093199729919434 0.03928656131029129 -0.4965802729129791 86 88 83
-11.994196891784668 -0.40381544828414917 -0.5369863510131836 83 89 79
-10.588513374328613 -0.7399160861968994 -0.5768955945968628 67 72 66
-10.5426607131958 -1.1228296756744385 -0.6789298057556152 57 64 57
-10.538822174072266 0.035264331847429276 -0.7565457224845886 67 85 61
-10.406728744506836 -0.34382325410842896 -0.8494694828987122 76 109 66
-9.375541687011719 -0.6518661379814148 -0.8551356792449951 91 116 59
-8.256357192993164 -0.8777273893356323 -0.8373736143112183 67 68 62
-8.205477714538574 0.03089378960430622 -0.8931453227996826 102 132 78
-7.795248985290527 -0.2529129683971405 -0.9249083995819092 91 115 65
-7.463967800140381 -0.5154232978820801 -0.9593624472618103 89 122 79
-6.9351019859313965 -0.7335937023162842 -0.9632281064987183 91 120 72
-6.609848499298096 0.029616201296448708 -0.9651070237159729 82 115 70
-6.320526599884033 -0.20252647995948792 -0.9848490357398987 108 132 72
-6.198787689208984 -0.4255563020706177 -1.0289522409439087 108 125 83
-5.8559722900390625 -0.6190301775932312 -1.035775899887085 79 101 63
-5.531126022338867 0.031540580093860626 -1.0173635482788086 80 95 62
-5.3439788818359375 -0.1683410108089447 -1.0356000661849976 68 69 61
-5.1537766456604 -0.35137468576431274 -1.0531415939331055 75 102 61
-4.965120792388916 -0.5243332386016846 -1.0695282220840454 78 100 62
-4.773988723754883 0.02997281588613987 -1.0630228519439697 76 89 69
-4.587227821350098 -0.14097639918327332 -1.0679008960723877 106 145 114
-20.58164405822754 -1.4061833620071411 1.138206124305725 190 226 240
-12.371320724487305 -1.2962396144866943 0.5678994059562683 160 207 215
-13.402987480163574 -0.42272788286209106 0.37878158688545227 183 218 198
-11.745938301086426 -0.7969475984573364 0.2200911045074463 73 79 79
-13.17612361907959 -1.3728934526443481 0.12023339420557022 66 75 80
-13.94477653503418 0.07678788155317307 0.018497344106435776 74 78 77
-17.819835662841797 -0.5523836016654968 -0.14687281847000122 73 86 68
-12.70722484588623 -0.8552630543708801 -0.22719904780387878 56 64 49
-10.845518112182617 -1.12680184841156 -0.2992406487464905 86 101 82
-14.192949295043945 0.08310889452695847 -0.500101625919342 88 90 87
-12.009358406066895 -0.36744359135627747 -0.5376121401786804 66 79 72
-10.80892562866211 -0.7220020294189453 -0.5887808799743652 59 64 60
-10.501385688781738 -1.0858609676361084 -0.676054060459137 81 93 81
-10.654363632202148 0.06833893060684204 -0.764851450920105 89 117 59
-10.414708137512207 -0.3121032118797302 -0.8500387072563171 69 106 36
-9.376504898071289 -0.6230332851409912 -0.8550450801849365 65 92 37
-8.21843433380127 -0.8482052683830261 -0.8332595825195312 66 75 48
-8.435976028442383 0.05764361843466759 -0.9182494282722473 89 112 66
-7.820803165435791 -0.2297251969575882 -0.9278524518013 115 133 85
-7.45363712310791 -0.4917382001876831 -0.9578362107276917 86 110 58
-6.921553134918213 -0.7106947302818298 -0.9610388875007629 79 113 53
-6.653263568878174 0.05022343993186951 -0.9714640378952026 97 125 77
-6.421861171722412 -0.18605314195156097 -1.0005451440811157 82 110 70
-6.221721649169922 -0.4079567790031433 -1.0325465202331543 90 117 62
-5.867641448974609 -0.602066695690155 -1.0375083684921265 105 133 49
-5.520185470581055 0.04841480776667595 -1.0153738260269165 85 97 75
-5.353302955627441 -0.1521962285041809 -1.0373115539550781 54 60 58
-5.143097400665283 -0.3347976505756378 -1.0507444143295288 72 99 46
-5.014369010925293 -0.5139835476875305 -1.0797920227050781 77 97 69
-4.770946025848389 0.044591695070266724 -1.062370777130127 73 95 83
-4.552588939666748 -0.12593276798725128 -1.0597420930862427 73 83 75
-12.15858268737793 -1.2362499237060547 0.5579570531845093 223 253 253
-20.943315505981445 0.16569127142429352 0.7936040163040161 195 229 239
-13.71996784210205 -0.39059510827064514 0.387704074382782 152 192 168
-12.655269622802734 -0.819648027420044 0.2370815873146057 78 100 79
-11.426286697387695 -1.1551433801651 0.10423313081264496 66 71 74
-13.929475784301758 0.11944087594747543 0.01847744733095169 74 89 82
-14.939668655395508 -0.4172293543815613 -0.12312307953834534 76 85 80
-12.650919914245605 -0.8124930262565613 -0.22614669799804688 59 72 62
-10.832015991210938 -1.0918188095092773 -0.29877427220344543 81 76 82
-14.055718421936035 0.12543010711669922 -0.49527737498283386 75 85 76
-12.169210433959961 -0.3349682688713074 -0.5447195768356323 87 90 83
-10.868886947631836 -0.6925199031829834 -0.5919285416603088 70 75 71
-10.568218231201172 -1.0600123405456543 -0.6801440119743347 66 72 60
-10.68203067779541 0.10129054635763168 -0.76685631275177 89 118 54
-10.394694328308105 -0.27958711981773376 -0.8483311533927917 87 130 77
-9.557271957397461 -0.6055997014045715 -0.8713557720184326 127 157 133
-8.49621868133545 -0.8505393266677856 -0.8611552715301514 75 90 69
-8.447688102722168 0.08364266902208328 -0.9195479154586792 90 125 57
-7.817500591278076 -0.20562580227851868 -0.9273814558982849 96 121 92
-7.583800792694092 -0.47696202993392944 -0.9743703603744507 79 117 60
-7.14450216293335 -0.7114435434341431 -0.9916870594024658 91 123 48
-6.717392921447754 0.07131794840097427 -0.9808550477027893 90 124 73
-6.4263529777526855 -0.16645261645317078 -1.0011606216430664 92 119 64
-6.1894659996032715 -0.38677486777305603 -1.0269917249679565 94 126 76
-5.874361515045166 -0.5845498442649841 -1.0383745431900024 73 99 52
-5.508209705352783 0.06521055847406387 -1.0132030248641968 88 109 53
-5.356688499450684 -0.13584648072719574 -1.0378819704055786 88 91 96
-5.115739345550537 -0.31725844740867615 -1.044951319694519 77 107 57
-4.981866836547852 -0.49521201848983765 -1.0724607706069946 71 94 42
-4.773715019226074 0.0592648945748806 -1.0630228519439697 72 83 79
-4.58411169052124 -0.11273126304149628 -1.066994309425354 76 105 77
-12.181206703186035 -1.2008041143417358 0.5588235855102539 166 201 223
-20.20342445373535 -0.5131449103355408 0.5708688497543335 140 177 206
-12.774481773376465 -0.7880207300186157 0.2392684668302536 76 90 73
-12.79517936706543 -1.2538877725601196 0.11668483167886734 89 98 93
-13.84105110168457 0.16115084290504456 0.018360719084739685 74 84 75
-14.855907440185547 -0.36928096413612366 -0.12242285907268524 68 83 76
-12.675308227539062 -0.775019109249115 -0.22653909027576447 57 72 65
-10.953705787658691 -1.07014799118042 -0.3020388185977936 83 86 75
-14.108230590820312 0.16918699443340302 -0.4971437156200409 67 82 63
-12.33696460723877 -0.30171090364456177 -0.552184522151947 87 100 83
-10.843052864074707 -0.6574791669845581 -0.590408980846405 82 83 75
-10.579367637634277 -1.028356909751892 -0.680655300617218 73 84 76
-10.678677558898926 0.13402453064918518 -0.7666415572166443 91 120 66
-10.370593070983887 -0.2471017986536026 -0.846298336982727 80 127 55
-9.749948501586914 -0.5877819657325745 -0.8887538909912109 66 63 46
-8.795878410339355 -0.8532900810241699 -0.8912585377693176 65 64 60
-8.450374603271484 0.10959810018539429 -0.9198725819587708 108 130 57
-7.894537925720215 -0.18341711163520813 -0.9364491105079651 87 106 78
-7.508990287780762 -0.4491330087184906 -0.9645771384239197 159 170 153
-7.208770275115967 -0.6955145597457886 -1.0003068447113037 90 101 84
-6.683501720428467 0.09146590530872345 -0.9759427905082703 91 119 60
-6.4051008224487305 -0.14623986184597015 -0.9977751970291138 82 109 56
-6.140397548675537 -0.3648000955581665 -1.0186594724655151 79 106 65
-5.894753456115723 -0.5683205723762512 -1.041666030883789 97 126 62
-5.498149394989014 0.08196260035037994 -1.0113940238952637 69 88 66
-5.361988067626953 -0.11952114850282669 -1.0388327836990356 59 68 39
-5.105928897857666 -0.30092793703079224 -1.0427539348602295 74 96 60
-4.942483425140381 -0.47598862648010254 -1.063663125038147 85 107 58
-4.776438236236572 0.07395549863576889 -1.063674807548523 57 54 63
-4.605858325958252 -0.09912793338298798 -1.0719802379608154 85 94 63
-12.99155330657959 -0.7675527334213257 0.7180377840995789 232 250 252
-12.202733993530273 -1.1651362180709839 0.5596445202827454 130 155 186
-20.72008514404297 0.29107779264450073 0.7851980924606323 223 253 253
-12.941611289978027 -0.2889758050441742 0.3656519949436188 210 252 251
-12.821754455566406 -0.7514578700065613 0.24010957777500153 67 76 71
-12.781047821044922 -1.2129263877868652 0.11652147769927979 69 79 81
-13.835491180419922 0.20354028046131134 0.018354088068008423 65 71 69
-18.521976470947266 -0.40355464816093445 -0.15262284874916077 69 84 79
-12.683615684509277 -0.736475944519043 -0.22664612531661987 57 67 66
-11.575940132141113 -1.0950957536697388 -0.3191022276878357 49 53 64
-14.094654083251953 0.2122739851474762 -0.4966859221458435 86 109 81
-12.349817276000977 -0.2641165256500244 -0.5527209043502808 82 93 63
-10.77623462677002 -0.6202509999275208 -0.5866643190383911 76 88 84
-9.105039596557617 -0.8568568229675293 -0.585628092288971 73 86 60
-10.607407569885254 0.16567963361740112 -0.7615578174591064 91 115 63
-10.357351303100586 -0.21499450504779816 -0.8451598882675171 82 110 59
-9.853120803833008 -0.5636683702468872 -0.8979966640472412 58 90 41
-8.75486946105957 -0.8222073316574097 -0.8868433833122253 77 89 77
-8.452980995178223 0.13557079434394836 -0.9201972484588623 87 116 58
-7.897049427032471 -0.15923619270324707 -0.9366846680641174 90 119 71
-7.5034003257751465 -0.4257003366947174 -0.9636867642402649 79 91 79
-7.117171764373779 -0.6646449565887451 -0.9873088002204895 116 147 77
-6.751456260681152 0.11311390995979309 -0.9859117269515991 83 105 59
-6.277092933654785 -0.1240505799651146 -0.9777704477310181 90 120 68
-6.054807662963867 -0.3410770893096924 -1.0042822360992432 93 122 68
-5.92392635345459 -0.5527952313423157 -1.0465166568756104 78 110 60
-5.489022254943848 0.09867121279239655 -1.0097659826278687 69 90 73
-5.368218898773193 -0.10318344086408615 -1.0399737358093262 81 86 63
-5.106828212738037 -0.28526175022125244 -1.0427539348602295 76 89 71
-4.945867538452148 -0.4610045850276947 -1.064082145690918 82 109 54
-4.78399658203125 0.08875390887260437 -1.0654135942459106 65 64 82
-4.5993242263793945 -0.08487110584974289 -1.0703938007354736 68 89 72
-12.593198776245117 -1.1634418964385986 0.577385663986206 152 189 198
-31.013198852539062 0.530846893787384 1.1753169298171997 220 254 255
-19.068857192993164 -0.36726444959640503 0.5387367010116577 203 239 237
-12.819007873535156 -0.7118405699729919 0.2400161176919937 69 88 82
-12.737907409667969 -1.16941237449646 0.1160949245095253 74 78 89
-13.99677562713623 0.24886594712734222 0.018568972125649452 62 79 69
-18.437145233154297 -0.3451186418533325 -0.15191438794136047 59 64 70
-12.976329803466797 -0.7135342955589294 -0.2318364828824997 64 77 59
-11.770373344421387 -1.0770655870437622 -0.3243693709373474 72 86 69
-14.630516052246094 0.26524266600608826 -0.515595555305481 95 107 83
-12.344575881958008 -0.22611679136753082 -0.5524526834487915 59 76 57
-10.773100852966309 -0.5869154930114746 -0.5863929390907288 103 117 104
-9.00525951385498 -0.8196021914482117 -0.579045832157135 61 66 62
-10.59687614440918 0.19803555309772491 -0.7608417868614197 75 103 52
-10.356966018676758 -0.18319997191429138 -0.8450786471366882 84 133 24
-9.8746919631958 -0.5345133543014526 -0.899808943271637 69 85 58
-8.827702522277832 -0.8017333149909973 -0.893967866897583 66 86 77
-8.455506324768066 0.16156050562858582 -0.9205217957496643 90 118 70
-7.9104084968566895 -0.13522830605506897 -0.9382156133651733 118 145 94
-7.519528388977051 -0.40347543358802795 -0.9655945897102356 90 113 61
-7.024465084075928 -0.6342548727989197 -0.9741738438606262 96 128 61
-6.764927864074707 0.13410110771656036 -0.987934410572052 59 82 53
-6.332769393920898 -0.10571572184562683 -0.9863879084587097 93 131 70
-5.914946556091309 -0.3149971663951874 -0.9809192419052124 77 102 70
-5.952078819274902 -0.537007749080658 -1.0511939525604248 90 117 46
-5.491642951965332 0.11557290703058243 -1.0103086233139038 77 83 69
-5.353785991668701 -0.0864756628870964 -1.037121295928955 99 126 83
-5.120399475097656 -0.27026429772377014 -1.0453509092330933 80 93 75
-4.977448463439941 -0.4485493004322052 -1.070575475692749 96 102 92
-4.788580894470215 0.10353607684373856 -1.066500186920166 83 88 91
-4.590798377990723 -0.07062534242868423 -1.0683541297912598 65 85 60
-13.028922080993652 -0.6895650625228882 0.719855785369873 255 254 255
-12.876303672790527 -1.1497670412063599 0.5902012586593628 138 178 169
-31.016420364379883 0.6260924339294434 1.175506353378296 215 255 255
-19.96042251586914 -0.32317879796028137 0.5638946890830994 123 168 148
-12.865063667297363 -0.6748133897781372 0.24083854258060455 67 73 73
-12.579079627990723 -1.1159244775772095 0.11461560428142548 66 89 61
-13.989948272705078 0.2916812300682068 0.01856101304292679 72 82 83
-16.390438079833984 -0.25650691986083984 -0.13504326343536377 95 117 94
-13.186144828796387 -0.6845013499259949 -0.23554643988609314 62 66 67
-12.248590469360352 -1.0829432010650635 -0.33745500445365906 74 88 62
-14.44678783416748 0.3062511384487152 -0.5091514587402344 92 107 86
-12.392158508300781 -0.18895897269248962 -0.5545536279678345 67 85 71
-10.771859169006348 -0.553707480430603 -0.5862301588058472 71 110 89
-10.120152473449707 -0.8897759914398193 -0.6505558490753174 73 75 72
-10.611177444458008 0.2308708280324936 -0.7619158029556274 75 98 69
-10.358474731445312 -0.15143893659114838 -0.8451598882675171 82 118 31
-9.89219856262207 -0.5050281286239624 -0.9012587666511536 83 120 68
-8.600174903869629 -0.754473865032196 -0.8706879019737244 64 80 67
-8.466897964477539 0.18776535987854004 -0.9218202829360962 78 110 61
-7.916743755340576 -0.11104243993759155 -0.9389221668243408 107 141 91
-7.520730972290039 -0.38040393590927124 -0.9655945897102356 100 130 80
-7.25137996673584 -0.6323213577270508 -1.0053693056106567 80 111 52
-6.767452716827393 0.15492293238639832 -0.9883678555488586 82 108 60
-6.341955661773682 -0.08640771359205246 -0.9877728223800659 92 118 79
-6.102111339569092 -0.30619338154792786 -1.0117976665496826 96 128 61
-5.940943241119385 -0.5176331400871277 -1.0489418506622314 76 109 64
-5.487329959869385 0.1323256492614746 -1.0095850229263306 61 88 57
-5.366787433624268 -0.07021703571081161 -1.0395934581756592 74 81 63
-5.111417770385742 -0.25406739115715027 -1.0433531999588013 79 96 62
-4.991465091705322 -0.43437862396240234 -1.0732985734939575 80 91 75
-4.8136115074157715 0.11885318160057068 -1.0721511840820312 116 134 136
-4.588071823120117 -0.05650465935468674 -1.0676742792129517 91 96 89
-13.05889892578125 -0.650981605052948 0.7213982343673706 235 253 255
-12.905648231506348 -1.1124883890151978 0.5913870930671692 208 232 232
-13.10064697265625 -0.171911358833313 0.3700850009918213 140 165 170
-12.945963859558105 -0.6392361521720886 0.2423151582479477 86 97 91
-11.978677749633789 -1.0256317853927612 0.10911579430103302 73 94 75
-19.084524154663086 0.4564797580242157 0.025321926921606064 64 79 76
-14.391373634338379 -0.18106096982955933 -0.11856753379106522 76 98 86
-13.064351081848145 -0.637996256351471 -0.2333347350358963 62 73 59
-12.316595077514648 -1.0508837699890137 -0.33923813700675964 63 77 54
-15.052225112915039 0.3652890920639038 -0.5305260419845581 76 87 70
-12.60345458984375 -0.15350663661956787 -0.5639854073524475 67 83 56
-10.865264892578125 -0.5250917077064514 -0.5912230014801025 91 109 83
-10.407228469848633 -0.8828489184379578 -0.6688327789306641 75 88 68
-10.593467712402344 0.26300352811813354 -0.7606985569000244 96 120 72
-10.357894897460938 -0.11964736878871918 -0.8450786471366882 93 129 41
-9.968308448791504 -0.47825634479522705 -0.9080550074577332 61 101 41
-8.950433731079102 -0.7575377821922302 -0.9059088826179504 71 88 56
-8.484170913696289 0.21419218182563782 -0.9237681031227112 88 119 62
-7.958752155303955 -0.08721068501472473 -0.9438682198524475 86 110 78
-7.526816368103027 -0.35756421089172363 -0.9662305116653442 77 97 70
-7.014405250549316 -0.5899792313575745 -0.9722583293914795 88 119 51
-6.74914026260376 0.17522218823432922 -0.9857672452926636 82 101 55
-6.3530592918396 -0.06706519424915314 -0.9894655346870422 78 95 43
-6.0951385498046875 -0.28709959983825684 -1.0104906558990479 114 139 48
-5.943484783172607 -0.49948662519454956 -1.0491150617599487 103 132 76
-5.485915184020996 0.14913319051265717 -1.009404182434082 76 91 72
-5.357160568237305 -0.05365331470966339 -1.0376918315887451 79 87 63
-5.089661598205566 -0.23733486235141754 -1.0387587547302246 63 83 56
-4.993748664855957 -0.41914480924606323 -1.0735080242156982 108 127 97
-4.8132243156433105 0.13362057507038116 -1.0721511840820312 47 70 78
-4.603806495666504 -0.04257248714566231 -1.0713003873825073 75 80 58
-13.020938873291016 -0.6090483069419861 0.7191946506500244 254 254 252
-12.955789566040039 -1.0767779350280762 0.5935305953025818 143 177 187
-13.122102737426758 -0.13192936778068542 0.3706779479980469 124 157 164
-12.854979515075684 -0.5952147245407104 0.2405768632888794 61 77 77
-12.49599838256836 -1.0313172340393066 0.11379879713058472 75 86 80
-13.845947265625 0.37368541955947876 0.018372658640146255 60 69 68
-13.963895797729492 -0.13283681869506836 -0.11504173278808594 69 75 65
-13.002323150634766 -0.5949872732162476 -0.2321932166814804 62 71 70
-12.506062507629395 -1.028412103652954 -0.3443681299686432 62 61 75
-15.027057647705078 0.41081148386001587 -0.5296809077262878 112 138 73
-12.832627296447754 -0.11692341417074203 -0.5742218494415283 77 85 74
-11.133158683776855 -0.5038074851036072 -0.6057132482528687 73 73 81
-10.394968032836914 -0.8496962189674377 -0.6678741574287415 85 96 92
-10.702285766601562 0.2985621988773346 -0.7685747742652893 66 100 40
-10.3402738571167 -0.08771704882383347 -0.8436150550842285 90 119 71
-9.965747833251953 -0.4474930167198181 -0.9076924920082092 96 128 78
-8.94180679321289 -0.7291850447654724 -0.9048050045967102 98 122 62
-8.500367164611816 0.24069860577583313 -0.9256076216697693 97 127 77
-7.933164119720459 -0.06258946657180786 -0.9408063888549805 78 104 59
-7.623003959655762 -0.3386971056461334 -0.9784403443336487 74 89 50
-7.043828010559082 -0.5706964731216431 -0.976089358329773 100 123 69
-6.765385150909424 0.19641558825969696 -0.9882233142852783 77 95 69
-6.3650922775268555 -0.047662749886512756 -0.9913121461868286 84 102 60
-6.049666881561279 -0.2663590610027313 -1.0028119087219238 91 119 68
-5.907685279846191 -0.47823017835617065 -1.042532205581665 87 124 73
-5.537533760070801 0.16753940284252167 -1.0189917087554932 95 107 97
-5.344537258148193 -0.037128861993551254 -1.035219669342041 72 76 59
-5.086450099945068 -0.22154831886291504 -1.0379596948623657 77 120 41
-4.997934818267822 -0.4040586054325104 -1.0741363763809204 73 97 73
-4.8293776512146 0.14889807999134064 -1.0758460760116577 94 96 83
-4.592227935791016 -0.028375787660479546 -1.0685807466506958 70 76 64
-12.92897891998291 -0.565000057220459 0.7140162587165833 238 255 255
-13.019774436950684 -1.0418858528137207 0.5963126420974731 216 249 240
-31.01333999633789 0.9116508960723877 1.1756577491760254 175 215 204
-13.089459419250488 -0.09144026786088943 0.3697461485862732 181 204 218
-13.830665588378906 -0.5978741645812988 0.2588009536266327 99 114 121
-12.844001770019531 -1.0203752517700195 0.11693894863128662 68 72 71
-16.752418518066406 0.50356525182724 0.022231299430131912 70 76 88
-13.984235763549805 -0.0901244506239891 -0.11520648747682571 96 107 103
-13.527527809143066 -0.5774375200271606 -0.24153944849967957 66 74 76
-10.996460914611816 -0.8703165054321289 -0.3027246594429016 64 75 69
-15.096650123596191 0.4590685963630676 -0.5321810841560364 92 106 81
-12.992762565612793 -0.07851885259151459 -0.5813738703727722 67 89 53
-11.300260543823242 -0.47663426399230957 -0.6147221922874451 71 82 76
-10.220437049865723 -0.803872287273407 -0.6564990282058716 77 87 76
-10.762133598327637 0.33327820897102356 -0.7729424834251404 98 114 75
-10.326539993286133 -0.055917561054229736 -0.8424766063690186 81 112 42
-9.955134391784668 -0.4164169728755951 -0.906605064868927 78 93 70
-8.770418167114258 -0.6881291270256042 -0.8872447609901428 87 107 70
-8.55920696258545 0.2686474621295929 -0.9320999979972839 115 155 82
-7.931333065032959 -0.03824099525809288 -0.9405708312988281 103 113 86
-7.537787914276123 -0.3117426633834839 -0.9673751592636108 97 116 86
-7.082087516784668 -0.5519314408302307 -0.981151819229126 80 109 55
-6.776618957519531 0.217551589012146 -0.9899570941925049 84 109 54
-6.3681721687316895 -0.028147799894213676 -0.991773784160614 87 127 65
-6.069184303283691 -0.2485647201538086 -1.0059159994125366 95 123 85
-5.901269912719727 -0.4594917893409729 -1.0411462783813477 73 95 48
-5.56058406829834 0.18531371653079987 -1.023333191871643 88 98 87
-5.323028087615967 -0.02064809761941433 -1.0310362577438354 82 94 72
-5.107666015625 -0.20677460730075836 -1.0421546697616577 97 121 59
-4.983553409576416 -0.38751038908958435 -1.0707850456237793 72 91 71
-4.853286266326904 0.16454054415225983 -1.0812796354293823 85 93 78
-4.597163200378418 -0.014302047900855541 -1.0697139501571655 90 99 94
-12.93863296508789 -0.5256561636924744 0.7144569754600525 255 252 255
-13.994025230407715 -1.0766509771347046 0.6407794952392578 119 159 171
-31.282058715820312 1.0156140327453613 1.1859568357467651 216 255 255
-20.619617462158203 -0.08078227192163467 0.582445502281189 103 106 139
-12.850398063659668 -0.5160059332847595 0.24042733013629913 78 92 103
-12.887951850891113 -0.9840871095657349 0.11731105297803879 66 89 63
-17.09860610961914 0.5664815902709961 0.022692905738949776 78 94 81
-19.964208602905273 -0.06741273403167725 -0.1644688993692398 80 85 88
-17.688310623168945 -0.7006861567497253 -0.3157920241355896 57 73 70
-12.542038917541504 -0.9539313316345215 -0.3451911211013794 73 85 65
-15.099164962768555 0.5055160522460938 -0.5323219299316406 76 95 63
-12.80013656616211 -0.038083601742982864 -0.5727466940879822 80 103 85
-11.347565650939941 -0.44375813007354736 -0.6172186136245728 49 73 57
-10.3661527633667 -0.7833412289619446 -0.6657014489173889 78 86 75
-10.861742973327637 0.36972153186798096 -0.7801743149757385 70 93 67
-9.981809616088867 -0.02342657744884491 -0.8143425583839417 77 102 70
-9.860831260681152 -0.38217058777809143 -0.8979060649871826 74 100 55
-7.147366046905518 -0.5387264490127563 -0.7228807210922241 78 108 54
-8.563309669494629 0.2950766384601593 -0.9326410889625549 86 117 60
-7.931412696838379 -0.013907830230891705 -0.9405708312988281 76 101 59
-7.399947643280029 -0.2833032011985779 -0.9495691657066345 95 117 96
-7.096589088439941 -0.5311625003814697 -0.9829304814338684 88 120 53
-6.754164218902588 0.2375756800174713 -0.9867786169052124 93 129 81
-6.370205402374268 -0.008613063022494316 -0.9920815825462341 101 144 65
-6.034427642822266 -0.22859908640384674 -1.0000344514846802 101 113 49
-5.886937618255615 -0.4402097165584564 -1.0383745431900024 74 105 63
-5.577681064605713 0.20301640033721924 -1.0265893936157227 125 156 148
-5.3161940574646 -0.004311608150601387 -1.0297051668167114 88 103 84
-5.146462917327881 -0.19253212213516235 -1.04994535446167 86 95 64
-4.972042560577393 -0.3712726831436157 -1.0680619478225708 90 108 92
-4.855684757232666 0.17953762412071228 -1.0819315910339355 101 125 101
-4.591341495513916 -0.00019783088646363467 -1.0683541297912598 69 74 67
-12.976104736328125 -0.48730745911598206 0.7164402604103088 240 255 255
-12.839624404907227 -0.9482200741767883 0.5877841114997864 132 162 186
-20.638151168823242 0.7334356307983398 0.7825096249580383 181 229 229
-20.66175079345703 -0.017557475715875626 0.5836313962936401 73 69 106
-13.528337478637695 -0.5016621947288513 0.25308141112327576 142 179 171
-12.044215202331543 -0.8825037479400635 0.10960587859153748 63 71 74
-16.667068481445312 0.6033800840377808 0.02212253212928772 66 75 70
-14.04852294921875 -0.004336851183325052 -0.11573371291160583 96 126 128
-14.810758590698242 -0.5411930680274963 -0.2643877863883972 66 88 52
-12.547898292541504 -0.9156666398048401 -0.3452734351158142 64 72 59
-15.256339073181152 0.5576414465904236 -0.5379208922386169 42 85 55
-12.97701644897461 0.0012032369850203395 -0.5806586742401123 54 80 55
-11.505541801452637 -0.41458752751350403 -0.6257390975952148 38 53 60
-10.41628360748291 -0.7549975514411926 -0.6687688231468201 77 87 89
-11.302116394042969 0.4194297194480896 -0.8118939399719238 68 81 71
-10.28881549835205 0.007418639957904816 -0.8393868207931519 66 90 42
-9.81020450592041 -0.35006940364837646 -0.8931940197944641 68 104 43
-8.45394229888916 -0.6111307740211487 -0.8548335433006287 67 92 60
-8.536535263061523 0.32037776708602905 -0.9298276901245117 98 141 88
-7.915529251098633 0.010404582135379314 -0.9386866092681885 89 108 76
-7.4721527099609375 -0.26311227679252625 -0.9587265849113464 101 122 91
-7.089292526245117 -0.508749783039093 -0.9816990494728088 83 116 25
-6.745492935180664 0.25799351930618286 -0.9856228232383728 88 111 83
-6.36822509765625 0.010927100665867329 -0.991773784160614 100 127 56
-5.768889904022217 -0.20081771910190582 -0.9559224843978882 107 128 71
-5.872542381286621 -0.42101991176605225 -1.0356026887893677 89 114 74
-5.56130838394165 0.21950691938400269 -1.0236949920654297 32 43 65
-5.311273097991943 0.011987186968326569 -1.0287543535232544 93 108 87
-5.179345607757568 -0.17785178124904633 -1.056537389755249 91 119 68
-4.905860900878906 -0.35119926929473877 -1.0536088943481445 99 118 63
-4.820000171661377 0.19302771985530853 -1.07410728931427 80 95 62
-4.604956150054932 0.013929453678429127 -1.0715270042419434 63 73 75
-15.847818374633789 -1.1215037107467651 0.7253350615501404 177 211 221
-20.61972427368164 0.045738838613033295 0.582445502281189 64 39 96
-13.181075096130371 -0.4482947289943695 0.24655811488628387 99 109 108
-12.053848266601562 -0.8460385203361511 0.10966940224170685 68 75 68
-16.676130294799805 0.6549427509307861 0.022137122228741646 77 88 92
-13.9854736328125 0.03858960419893265 -0.11521472781896591 75 79 82
-14.618488311767578 -0.48926347494125366 -0.2609275281429291 64 78 61
-12.568598747253418 -0.8784204721450806 -0.3457672595977783 61 69 72
-15.293500900268555 0.6059877872467041 -0.5392941832542419 63 88 58
-13.024903297424316 0.041167717427015305 -0.5828043222427368 79 108 80
-11.57861328125 -0.3816555440425873 -0.6296465396881104 73 73 65
-10.423528671264648 -0.7233827114105225 -0.6690883636474609 77 90 98
-11.317719459533691 0.45478299260139465 -0.8131111860275269 64 79 60
-10.408346176147461 0.039437420666217804 -0.8491442799568176 73 101 42
-9.762459754943848 -0.31837987899780273 -0.8887538909912109 78 108 72
-8.725759506225586 -0.6038759350776672 -0.8821272253990173 84 126 52
-8.491806983947754 0.3447914123535156 -0.9250665903091431 99 138 93
-7.938300132751465 0.034789130091667175 -0.9413951635360718 102 123 80
-7.617664337158203 -0.2448388636112213 -0.9772956967353821 93 120 75
-7.153080940246582 -0.49127382040023804 -0.9903188943862915 77 120 64
-6.734783172607422 0.278278648853302 -0.9841780066490173 97 124 71
-6.363221645355225 0.030440855771303177 -0.9910044074058533 97 126 42
-5.964719772338867 -0.1893148422241211 -0.9882712364196777 107 148 106
-5.845312118530273 -0.4010462164878845 -1.0305789709091187 73 109 61
-5.549799919128418 0.23610788583755493 -1.021705150604248 66 68 91
-5.315138339996338 0.028302796185016632 -1.0295149087905884 77 85 72
-5.158320903778076 -0.16128724813461304 -1.0521427392959595 76 98 77
-4.986908912658691 -0.3416265845298767 -1.0707850456237793 92 108 81
-4.82036018371582 0.20785640180110931 -1.074324607849121 66 84 60
-4.605865478515625 0.028063127771019936 -1.0717536211013794 70 70 82
-16.122282028198242 -1.0912270545959473 0.737740159034729 180 226 239
-20.658226013183594 0.8610956072807312 0.7834563255310059 209 250 254
-20.748435974121094 0.10968069732189178 0.5860879421234131 70 45 100
-12.883583068847656 -0.3986088037490845 0.24096937477588654 72 86 97
-12.085321426391602 -0.8109955191612244 0.10993260145187378 77 102 73
-16.772953033447266 0.7102898955345154 0.022268440574407578 68 80 68
-13.943290710449219 0.08125150948762894 -0.11486873775720596 74 84 76
-14.899746894836426 -0.4529183506965637 -0.2659216821193695 96 112 85
-12.55926513671875 -0.8390567898750305 -0.34543803334236145 72 78 66
-15.637041091918945 0.667655348777771 -0.5514780879020691 62 81 61
-12.968772888183594 0.08077891170978546 -0.58030104637146 77 120 90
-11.612667083740234 -0.34711557626724243 -0.6314374804496765 65 82 74
-10.432668685913086 -0.6918626427650452 -0.6695356965065002 72 76 75
-11.343175888061523 0.490666925907135 -0.8150444030761719 63 75 65
-10.434089660644531 0.07154727727174759 -0.851258397102356 86 113 72
-9.753436088562012 -0.28813350200653076 -0.8878477215766907 66 100 39
-8.952933311462402 -0.5920047163963318 -0.904905378818512 81 102 59
-8.464886665344238 0.3697144389152527 -0.9222531914710999 73 93 65
-7.9570231437683105 0.059283897280693054 -0.9436326622962952 98 132 45
-7.551951885223389 -0.21953599154949188 -0.9687742590904236 84 115 58
-7.15653133392334 -0.46945586800575256 -0.9905924797058105 65 100 46
-6.706218719482422 0.2977106273174286 -0.9801326394081116 98 121 67
-6.364086151123047 0.049970559775829315 -0.9911583065986633 77 91 55
-5.973161697387695 -0.17124062776565552 -0.9895782470703125 89 112 60
-5.857325553894043 -0.383819580078125 -1.032484531402588 80 109 61
-5.580488681793213 0.2545675039291382 -1.0274938344955444 78 89 95
-5.322880268096924 0.04467519745230675 -1.0310362577438354 92 116 82
-5.152914524078369 -0.14529527723789215 -1.050944209098816 52 65 58
-4.990860462188721 -0.3265168368816376 -1.0714133977890015 99 113 88
-4.804099082946777 0.22192339599132538 -1.0708470344543457 107 127 126
-4.60867977142334 0.04222036153078079 -1.072433590888977 74 102 90
-20.57063102722168 0.9206722974777222 0.7802377939224243 210 252 250
-20.608060836791992 0.1721663773059845 0.5821349024772644 38 21 66
-19.854822158813477 -0.5533273816108704 0.3713231384754181 79 88 103
-12.63061809539795 -0.8086712956428528 0.11486971378326416 63 75 65
-16.6967716217041 0.758387565612793 0.022170282900333405 73 79 77
-19.799545288085938 0.1761251538991928 -0.1631178855895996 71 75 78
-14.586234092712402 -0.3986009657382965 -0.260303258895874 84 98 85
-12.867045402526855 -0.8199751377105713 -0.35383257269859314 80 90 82
-15.601974487304688 0.7141180038452148 -0.5503160357475281 64 78 61
-13.073354721069336 0.12154132127761841 -0.5849946141242981 63 91 76
-11.884180068969727 -0.3187418580055237 -0.6461448073387146 69 74 77
-10.449682235717773 -0.6607971787452698 -0.6704943180084229 79 88 85
-11.36851978302002 0.5267114043235779 -0.8169776797294617 94 113 93
-10.465712547302246 0.1038748100399971 -0.8538603782653809 84 110 62
-9.442671775817871 -0.24996046721935272 -0.8594852089881897 73 96 44
-9.112590789794922 -0.5744882225990295 -0.9208601117134094 66 101 35
-8.459739685058594 0.3954968750476837 -0.9218202829360962 68 100 61
-8.006453514099121 0.08421767503023148 -0.9495208263397217 111 122 64
-7.5347418785095215 -0.19590184092521667 -0.9664849042892456 87 119 54
-7.149040222167969 -0.44694143533706665 -0.9893611073493958 80 108 57
-6.67364501953125 0.31678226590156555 -0.9755094051361084 93 126 79
-6.388603687286377 0.06976480036973953 -0.9950053095817566 98 127 96
-5.9904255867004395 -0.15334360301494598 -0.9923557043075562 84 111 78
-5.86338996887207 -0.36615464091300964 -1.0333507061004639 81 89 74
-5.591469764709473 0.27226099371910095 -1.0296646356582642 72 89 97
-5.3099565505981445 0.060859084129333496 -1.028564214706421 108 148 113
-5.073993682861328 -0.12749208509922028 -1.0347635746002197 74 86 66
-5.025020122528076 -0.3132721781730652 -1.0785351991653442 75 93 71
-4.791697025299072 0.2360847294330597 -1.0682390928268433 107 116 133
-4.610476493835449 0.05638321489095688 -1.0728868246078491 109 128 106
-13.466485023498535 -0.8284966349601746 0.6159692406654358 189 213 223
-20.373071670532227 0.9744680523872375 0.772854208946228 210 251 255
-20.632423400878906 0.2356756329536438 0.5828408002853394 47 28 74
-13.780355453491211 -0.3417331576347351 0.2576981782913208 100 115 118
-12.682945251464844 -0.7729587554931641 0.1153234988451004 52 77 55
-16.845190048217773 0.8169233202934265 0.022370578721165657 71 82 74
-13.804544448852539 0.1651535928249359 -0.11373191326856613 63 73 74
-16.335596084594727 -0.396255761384964 -0.29149895906448364 65 83 69
-12.677925109863281 -0.7688772678375244 -0.34856539964675903 59 66 50
-15.784375190734863 0.7710009217262268 -0.5568305253982544 64 82 66
-13.04794692993164 0.16134043037891388 -0.5838770866394043 78 112 79
-11.63853645324707 -0.2764240801334381 -0.6327399611473083 69 74 70
-10.502464294433594 -0.6317910552024841 -0.6737534403800964 116 111 92
-11.370835304260254 0.5617839097976685 -0.8172640800476074 63 79 66
-10.511189460754395 0.13657836616039276 -0.857600748538971 70 96 59
-9.95513916015625 -0.23296518623828888 -0.9060614109039307 70 86 49
-9.11033821105957 -0.5462902784347534 -0.9204587340354919 89 121 71
-8.432670593261719 0.4201628565788269 -0.919006884098053 81 103 54
-8.041902542114258 0.10926640778779984 -0.9537602066993713 77 94 58
-7.450028419494629 -0.17082920670509338 -0.9555469155311584 81 97 68
-7.178065299987793 -0.42665210366249084 -0.9931921362876892 111 135 75
-6.662759304046631 0.3367557227611542 -0.9740645885467529 123 151 110
-6.390335559844971 0.08939207345247269 -0.9953131079673767 54 83 63
-6.000730514526367 -0.13518670201301575 -0.9939894676208496 91 127 65
-5.867435455322266 -0.34833940863609314 -1.0338704586029053 66 101 59
-5.593554496765137 0.28956663608551025 -1.0302072763442993 73 66 82
-5.3058180809021 0.07709246128797531 -1.0278035402297974 145 178 135
-5.134117126464844 -0.11324271559715271 -1.0469489097595215 79 93 76
-5.021076679229736 -0.29756489396095276 -1.077487826347351 89 88 67
-4.785101413726807 0.25047820806503296 -1.0669349431991577 81 96 91
-4.64436674118042 0.07104912400245667 -1.080819010734558 91 117 106
-13.40912914276123 -0.7836811542510986 0.6132328510284424 198 218 227
-20.5406436920166 1.0456546545028687 0.7793290615081787 211 250 255
-20.50067138671875 0.297076553106308 0.5791419744491577 59 46 76
-18.582366943359375 -0.40377530455589294 0.3474729061126709 81 95 104
-12.833003997802734 -0.7425938844680786 0.11666668206453323 70 94 80
-19.304330825805664 0.9955549240112305 0.025640277191996574 61 66 69
-13.929954528808594 0.20939834415912628 -0.11476988345384598 67 73 63
-16.45069122314453 -0.3485514521598816 -0.2935323119163513 66 73 65
-13.527501106262207 -0.7787545919418335 -0.37185612320899963 57 74 58
-15.873754501342773 0.8241904973983765 -0.5600701570510864 68 83 76
-13.132294654846191 0.20268060266971588 -0.5876766443252563 70 105 63
-11.759126663208008 -0.24319380521774292 -0.6392524242401123 63 81 59
-10.530257225036621 -0.601045548915863 -0.6754149794578552 31 115 79
-11.362085342407227 0.5963005423545837 -0.8167628645896912 88 101 55
-10.496768951416016 0.16860149800777435 -0.8564624190330505 67 86 64
-9.600348472595215 -0.19519494473934174 -0.8737117648124695 67 82 59
-9.108990669250488 -0.5181680917739868 -0.9201576709747314 76 110 59
-8.408509254455566 0.44482406973838806 -0.9165181517601013 82 111 67
-8.068338394165039 0.1343846321105957 -0.9569398760795593 54 72 48
-7.420766830444336 -0.14738117158412933 -0.9517313241958618 89 112 70
-7.205055236816406 -0.40607738494873047 -0.9967495203018188 95 136 80
-6.639956951141357 0.3560296297073364 -0.9708861112594604 90 115 85
-6.393982887268066 0.10906433314085007 -0.9959285855293274 119 136 118
-5.996185302734375 -0.11668012291193008 -0.9931726455688477 88 110 71
-5.8566765785217285 -0.32967251539230347 -1.0317915678024292 81 111 59
-5.598531723022461 0.3070492148399353 -1.0312926769256592 60 53 69
-5.303593158721924 0.09333556890487671 -1.0274232625961304 93 105 81
-5.154033660888672 -0.09786296635866165 -1.050944209098816 139 162 152
-4.994630336761475 -0.280623197555542 -1.0716228485107422 65 94 63
-4.7833356857299805 0.2651034891605377 -1.0667176246643066 70 85 80
-4.625624656677246 0.08495767414569855 -1.0765129327774048 97 121 97
-12.979581832885742 -0.7186269164085388 0.5934849977493286 208 236 248
-20.452524185180664 1.1040890216827393 0.7761105895042419 209 250 254
-20.487668991088867 0.35975971817970276 0.5788031220436096 57 45 81
-13.103429794311523 -0.24450652301311493 0.24500672519207 97 106 113
-13.016942024230957 -0.7131754159927368 0.11831843852996826 59 69 60
-16.764970779418945 0.9161755442619324 0.02227109484374523 68 74 72
-14.018228530883789 0.25374454259872437 -0.11550305783748627 66 82 69
-14.454328536987305 -0.2618907392024994 -0.2578953504562378 61 72 64
-13.288276672363281 -0.7240869402885437 -0.36521732807159424 62 67 63
-15.984909057617188 0.8791431188583374 -0.5640844702720642 48 65 49
-13.494186401367188 0.24967755377292633 -0.6039028763771057 91 114 98
-11.894598007202148 -0.20948995649814606 -0.6465789675712585 56 95 68
-10.574901580810547 -0.571050226688385 -0.6781629323959351 51 69 45
-11.359206199645996 0.6311007738113403 -0.8166912198066711 101 124 95
-10.503177642822266 0.20093777775764465 -0.8570315837860107 77 102 72
-9.953393936157227 -0.17182564735412598 -0.9057895541191101 71 117 42
-8.551188468933105 -0.4601221978664398 -0.8636638522148132 87 121 61
-8.40412712097168 0.470452219247818 -0.9161934852600098 76 97 64
-8.060938835144043 0.1590002179145813 -0.9561155438423157 106 110 59
-7.450936317443848 -0.12511348724365234 -0.9555469155311584 94 120 81
-7.139991283416748 -0.38043931126594543 -0.9875824451446533 84 105 64
-6.636857509613037 0.376287043094635 -0.9705971479415894 159 178 133
-6.427206993103027 0.1293562948703766 -1.0011606216430664 93 110 76
-6.004406452178955 -0.0984128788113594 -0.9944795966148376 82 106 58
-5.8389739990234375 -0.31070858240127563 -1.0285000801086426 76 97 66
-5.583817481994629 0.32342761754989624 -1.0287600755691528 58 44 67
-5.3052449226379395 0.10964689403772354 -1.0278035402297974 86 107 74
-5.169985294342041 -0.08229968696832657 -1.054140329360962 101 127 102
-4.963245391845703 -0.2635872960090637 -1.0647104978561401 80 80 80
-4.764960289001465 0.2787512242794037 -1.0628055334091187 97 118 77
-4.613657474517822 0.0988980159163475 -1.0737934112548828 49 52 71
-13.046568870544434 -0.6821933388710022 0.5964494347572327 225 255 255
-20.456024169921875 1.1672297716140747 0.7763756513595581 209 247 255
-20.471479415893555 0.42230406403541565 0.5783795714378357 56 51 83
-13.499000549316406 -0.21046118438243866 0.2523898184299469 67 89 102
-12.95315933227539 -0.6698283553123474 0.11771944910287857 66 70 73
-16.8459415435791 0.9724463224411011 0.02238251455128193 76 86 88
-14.053375244140625 0.29751259088516235 -0.11579962074756622 63 80 62
-18.627927780151367 -0.28034457564353943 -0.3323441445827484 71 89 63
-12.948017120361328 -0.6657105088233948 -0.35580775141716003 67 73 61
-15.938237190246582 0.9256304502487183 -0.5625351071357727 66 82 72
-13.372507095336914 0.28846898674964905 -0.5984941720962524 99 114 91
-11.996025085449219 -0.1744634211063385 -0.6520602703094482 90 109 87
-10.593547821044922 -0.5394670367240906 -0.6792493462562561 78 91 63
-11.34427261352539 0.6651883721351624 -0.8157604336738586 62 100 51
-10.518454551696777 0.23351407051086426 -0.8583325743675232 78 95 59
-9.898110389709473 -0.14049671590328217 -0.9007151126861572 72 108 60
-9.106037139892578 -0.4619641602039337 -0.9195556640625 73 118 63
-8.3877592086792 0.49535441398620605 -0.9145704507827759 81 110 54
-8.047506332397461 0.18343588709831238 -0.954584538936615 74 112 73
-7.478063106536865 -0.10262122005224228 -0.958980917930603 86 114 53
-7.097593307495117 -0.3563467562198639 -0.9815622568130493 98 127 71
-6.638635158538818 0.3968239724636078 -0.971030592918396 103 118 97
-6.405047416687012 0.1485699862241745 -0.9977751970291138 101 118 74
-6.032301425933838 -0.08035910874605179 -0.9990541934967041 116 154 107
-5.817276477813721 -0.2916591167449951 -1.0245157480239868 100 117 73
-5.5680742263793945 0.3396587669849396 -1.0260467529296875 65 67 88
-5.311753749847412 0.12608572840690613 -1.0291346311569214 62 74 70
-5.176092147827148 -0.0665135532617569 -1.055338978767395 76 92 53
-4.99235200881958 -0.24977602064609528 -1.0707850456237793 86 104 88
-4.776747703552246 0.2941485345363617 -1.0656309127807617 75 84 81
-4.606516361236572 0.11288502812385559 -1.072206974029541 75 95 94
-12.999710083007812 -0.6397577524185181 0.594214677810669 187 235 221
-20.458330154418945 1.2303422689437866 0.7766027450561523 117 161 146
-20.547033309936523 0.4869312345981598 0.5805537104606628 56 47 74
-18.798242568969727 -0.23539724946022034 0.3514541983604431 87 105 105
-12.843289375305176 -0.6246448755264282 0.11670298129320145 61 78 72
-20.39631462097168 1.240189552307129 0.027104679495096207 46 47 67
-19.599578857421875 0.47508856654167175 -0.16151151061058044 77 82 78
-18.46573829650879 -0.22124110162258148 -0.3294368386268616 63 76 67
-13.244543075561523 -0.6402212381362915 -0.3639005422592163 68 74 62
-16.008140563964844 0.9789771437644958 -0.565105676651001 65 92 75
-13.509378433227539 0.33288997411727905 -0.6046628355979919 66 95 64
-11.999499320983887 -0.13769368827342987 -0.6522231101989746 73 102 80
-10.6190767288208 -0.5081086754798889 -0.6807830929756165 60 86 41
-11.231673240661621 0.693169116973877 -0.8078126311302185 82 120 63
-10.54458999633789 0.26646295189857483 -0.8605279326438904 67 76 73
-9.946294784545898 -0.11066090315580368 -0.9050647020339966 66 104 43
-9.120330810546875 -0.4346407353878021 -0.9208601117134094 101 141 79
-8.317736625671387 0.5168313384056091 -0.9071040749549866 85 112 57
-7.9297661781311035 0.20509473979473114 -0.9406886100769043 100 131 72
-7.4723920822143555 -0.07961495220661163 -0.9582177996635437 88 110 89
-7.098653316497803 -0.3345699608325958 -0.9815622568130493 85 108 66
-6.643311500549316 0.4175615906715393 -0.9718974232673645 90 113 84
-6.413451194763184 0.168453186750412 -0.9991601705551147 84 100 74
-5.997992038726807 -0.06149787828326225 -0.9933359622955322 100 117 73
-5.815192222595215 -0.2736716866493225 -1.0239959955215454 76 108 87
-5.550320148468018 0.3556705415248871 -1.0229713916778564 41 40 58
-5.323119163513184 0.1426970660686493 -1.0314165353775024 84 96 96
-5.170392990112305 -0.050575707107782364 -1.054140329360962 114 127 118
-5.018489837646484 -0.23565097153186798 -1.0762310028076172 83 91 70
-4.743679046630859 0.30672359466552734 -1.058458685874939 85 97 83
-4.610042572021484 0.12712447345256805 -1.0731134414672852 60 54 66
-12.907809257507324 -0.5955443382263184 0.589927613735199 192 222 230
-20.47440528869629 1.2943627834320068 0.7773600816726685 46 44 58
-21.14598846435547 0.566041886806488 0.5975233316421509 50 49 63
-19.27477264404297 -0.18222305178642273 0.3603512942790985 81 91 100
-13.025951385498047 -0.5934770107269287 0.11834567040205002 67 75 77
-17.56018829345703 1.1218235492706299 0.023340212181210518 53 61 74
-19.717981338500977 0.5384928584098816 -0.1625000536441803 67 72 75
-14.210174560546875 -0.12665343284606934 -0.2535076141357422 69 78 75
-13.56300163269043 -0.6139131188392639 -0.3725968301296234 70 81 73
-16.0728816986084 1.0324411392211914 -0.5675002336502075 68 89 33
-13.701026916503906 0.3796755075454712 -0.613290011882782 87 92 88
-11.940954208374023 -0.10038384795188904 -0.6490211486816406 97 120 102
-10.663454055786133 -0.4774468243122101 -0.6835309267044067 61 79 53
-11.164796829223633 0.7234320640563965 -0.8031585216522217 76 114 37
-10.554682731628418 0.2991226315498352 -0.8614224195480347 69 82 65
-9.956544876098633 -0.08022581785917282 -0.9059707522392273 58 95 51
-9.324390411376953 -0.41569772362709045 -0.9413303732872009 76 114 65
-8.30519962310791 0.5416357517242432 -0.9059138298034668 65 93 44
-8.051192283630371 0.23295460641384125 -0.9551733732223511 84 112 71
-7.530128479003906 -0.05712602660059929 -0.9655945897102356 79 103 79
-7.099646091461182 -0.31279003620147705 -0.9815622568130493 87 109 73
-6.695316791534424 0.44145652651786804 -0.9796991944313049 100 123 71
-6.433645248413086 0.18873704969882965 -1.0023916959762573 80 102 53
-6.076088905334473 -0.04365597292780876 -1.0062428712844849 94 113 81
-5.811084747314453 -0.2556132376194 -1.0231297016143799 82 96 47
-5.545278072357178 0.3724334239959717 -1.0222479104995728 61 64 71
-5.313824653625488 0.15876363217830658 -1.0297051668167114 61 72 76
-5.15484619140625 -0.034607674926519394 -1.050944209098816 85 99 82
-4.9840216636657715 -0.21871013939380646 -1.068690299987793 100 129 98
-4.7378458976745605 0.320945680141449 -1.0573718547821045 81 96 101
-4.598922252655029 0.1409391164779663 -1.0706205368041992 92 116 92
-12.937520980834961 -0.5571443438529968 0.5912045836448669 149 186 194
-20.46834373474121 1.3570390939712524 0.7772843837738037 52 48 63
-17.24144744873047 0.5144625306129456 0.48723480105400085 149 157 180
-19.577180862426758 -0.12501616775989532 0.3659960925579071 87 102 109
-12.9597749710083 -0.5506247878074646 0.11772853136062622 77 91 78
-17.869962692260742 1.1966723203659058 0.023756718263030052 52 58 74
-19.058561325073242 0.5790038704872131 -0.1570795327425003 68 75 83
-16.801040649414062 -0.09819767624139786 -0.29972150921821594 92 113 106
-14.27891731262207 -0.6024272441864014 -0.39221152663230896 71 85 72
-16.14641571044922 1.0869156122207642 -0.57021164894104 67 80 60
-13.787668228149414 0.42441272735595703 -0.6172236204147339 89 112 92
-12.054038047790527 -0.0643514022231102 -0.6551536917686462 70 104 67
-10.684810638427734 -0.44556117057800293 -0.6848090887069702 85 111 84
-11.223228454589844 0.7618021368980408 -0.8075262308120728 95 126 48
-10.55471134185791 0.331533819437027 -0.8615037202835083 75 91 62
-9.603209495544434 -0.047915227711200714 -0.8738024234771729 71 98 47
-9.187442779541016 -0.38135337829589844 -0.9273825287818909 98 143 74
-8.309449195861816 0.5675196051597595 -0.9065630435943604 82 114 47
-8.0831937789917 0.25870251655578613 -0.9590595364570618 120 141 100
-7.5411787033081055 -0.03407294303178787 -0.9669935703277588 85 93 70
-7.0976033210754395 -0.29088547825813293 -0.981151819229126 91 109 59
-6.654444694519043 0.4592701494693756 -0.9739201068878174 70 102 55
-6.44093656539917 0.2087303251028061 -1.0036227703094482 97 113 100
-6.040678024291992 -0.024868374690413475 -1.0003612041473389 86 112 51
-5.803969383239746 -0.23746179044246674 -1.021743893623352 63 95 56
-5.541165828704834 0.38923758268356323 -1.021705150604248 53 50 61
-5.3515801429748535 0.17632631957530975 -1.037121295928955 61 66 69
-5.137290954589844 -0.01872836798429489 -1.0473483800888062 85 96 100
-4.911394119262695 -0.2004280835390091 -1.0529805421829224 85 103 87
-4.728076457977295 0.33485907316207886 -1.0554158687591553 62 67 70
-4.588734149932861 0.1547195315361023 -1.0683541297912598 82 94 80
-15.976574897766113 -0.6389188170433044 0.7299869656562805 208 249 243
-20.45511245727539 1.419206142425537 0.776943564414978 63 63 75
-20.64458656311035 0.679407000541687 0.5834619998931885 54 46 67
-19.458494186401367 -0.06455888599157333 0.36377182602882385 80 89 96
-12.918437957763672 -0.5091686844825745 0.11733827739953995 89 101 101
-17.43426513671875 1.2212344408035278 0.02318236604332924 61 65 66
-16.67610740661621 0.5578381419181824 -0.1374569535255432 57 66 65
-13.994720458984375 -0.038859374821186066 -0.24965496361255646 76 88 86
-14.75915241241455 -0.5773329734802246 -0.40535199642181396 56 76 48
-16.18288230895996 1.1392543315887451 -0.5716202259063721 65 83 69
-14.35041332244873 0.48580771684646606 -0.642479419708252 73 97 71
-12.082137107849121 -0.02743331529200077 -0.65667325258255 79 102 84
-10.732995986938477 -0.41458895802497864 -0.6878126263618469 75 102 49
-11.240736961364746 0.7976429462432861 -0.8089582324028015 85 119 59
-10.552648544311523 0.36387932300567627 -0.8614224195480347 75 104 56
-9.945895195007324 -0.019111046567559242 -0.9049740433692932 71 102 42
-9.175643920898438 -0.3526681065559387 -0.9260780215263367 99 124 82
-8.260071754455566 0.5896123647689819 -0.901369035243988 65 94 40
-8.125036239624023 0.28499704599380493 -0.9641233682632446 94 123 77
-7.637459754943848 -0.0110763069242239 -0.9793305993080139 66 82 56
-7.093513011932373 -0.2689213156700134 -0.980467677116394 97 113 64
-6.647082805633545 0.47925660014152527 -0.9730532169342041 79 102 76
-6.417553901672363 0.22768408060073853 -1.0000834465026855 87 103 54
-5.985478401184082 -0.006277774460613728 -0.9912120699882507 75 92 60
-5.705268859863281 -0.21589289605617523 -1.0042470693588257 84 117 46
-5.528175354003906 0.405372679233551 -1.0195343494415283 74 78 89
-5.339240550994873 0.1923198252916336 -1.034839391708374 72 91 95
-5.126546382904053 -0.002961067482829094 -1.0451511144638062 82 99 81
-4.90514612197876 -0.18510107696056366 -1.0515142679214478 82 91 72
-4.728973388671875 0.3495069146156311 -1.0558505058288574 89 107 91
-4.576557636260986 0.1683671474456787 -1.0656346082687378 119 141 94
-13.701384544372559 -0.5058342218399048 0.625957190990448 228 255 253
-17.25594711303711 0.6208913326263428 0.4877430498600006 57 84 111
-13.843581199645996 -0.0034581301733851433 0.2588009536266327 105 119 120
-12.948918342590332 -0.47058627009391785 0.11760146170854568 85 104 100
-21.4676513671875 1.5699642896652222 0.02855183556675911 79 92 82
-16.670320510864258 0.6088511347770691 -0.13742400705814362 58 72 49
-13.994773864746094 0.004076003562659025 -0.24965496361255646 73 79 75
-14.605013847351074 -0.5264325737953186 -0.4010724425315857 79 94 61
-16.644765853881836 1.223100185394287 -0.5880648493766785 68 86 64
-14.70425796508789 0.5429551005363464 -0.6583927869796753 89 102 84
-12.109125137329102 0.009655785746872425 -0.658138632774353 92 127 73
-11.002498626708984 -0.39119744300842285 -0.7050031423568726 95 124 58
-11.052226066589355 0.818352222442627 -0.7955686450004578 79 103 69
-10.578373908996582 0.3972625434398651 -0.8636178374290466 112 148 74
-10.093297958374023 0.011571599170565605 -0.9183850884437561 79 102 60
-9.16375732421875 -0.3240588903427124 -0.9247735738754272 68 93 54
-8.228483200073242 0.6127364635467529 -0.8981228470802307 67 79 43
-8.12015438079834 0.3097715675830841 -0.9636523723602295 86 112 65
-7.550172805786133 0.012213940732181072 -0.9681382775306702 79 96 88
-7.109154224395752 -0.247674822807312 -0.9825199842453003 90 110 61
-6.626833438873291 0.4982377886772156 -0.970308244228363 73 86 69
-6.279582500457764 0.24208101630210876 -0.9786937236785889 107 114 81
-6.02986478805542 0.012175084091722965 -0.9985640645027161 65 93 52
-5.642910003662109 -0.19619810581207275 -0.9931600093841553 77 110 57
-5.482776641845703 0.4189589321613312 -1.0113940238952637 56 43 71
-5.320967197418213 0.20800918340682983 -1.0314165353775024 66 69 78
-5.107914447784424 0.012720606289803982 -1.0413556098937988 67 78 70
-4.8978729248046875 -0.1697804182767868 -1.0498384237289429 78 98 61
-4.729825496673584 0.3641633987426758 -1.0562851428985596 90 112 91
-4.576019763946533 0.18240703642368317 -1.0656346082687378 90 98 87
-13.343452453613281 -0.45163142681121826 0.6095386743545532 231 251 252
-18.536470413208008 0.7239155769348145 0.5239976644515991 50 44 72
-20.426349639892578 0.05756490305066109 0.3818650543689728 74 84 94
-13.783805847167969 -0.4585880935192108 0.1251705139875412 94 106 104
-19.289039611816406 1.4701470136642456 0.02566017396748066 75 90 85
-16.70833969116211 0.6615745425224304 -0.13775351643562317 61 67 63
-13.949702262878418 0.04686020314693451 -0.24885234236717224 61 69 72
-14.60955810546875 -0.4817214012145996 -0.4011547565460205 62 78 65
-16.790403366088867 1.2856043577194214 -0.5933468341827393 69 95 58
-14.436002731323242 0.5774044394493103 -0.6464577317237854 83 96 79
-12.130006790161133 0.04688706621527672 -0.6592782735824585 69 100 59
-11.081446647644043 -0.3599676489830017 -0.7099877595901489 67 97 73
-11.344029426574707 0.8749604821205139 -0.8167628645896912 94 120 91
-10.533287048339844 0.4279344975948334 -0.8600401282310486 91 124 53
-9.93686294555664 0.041878409683704376 -0.9041585326194763 78 111 68
-9.145813941955566 -0.29533320665359497 -0.9228670597076416 82 118 54
-8.214670181274414 0.6370558142662048 -0.8968243598937988 73 88 65
-8.122142791748047 0.33480510115623474 -0.9640056490898132 102 122 73
-7.329905033111572 0.03434571996331215 -0.9399030208587646 63 93 33
-7.140573978424072 -0.2268381118774414 -0.9867615103721619 94 107 63
-6.611462593078613 0.5174852609634399 -0.9682855010032654 95 114 108
-6.306453227996826 0.2624959647655487 -0.9830024838447571 87 119 69
-6.153118133544922 0.03130173310637474 -1.0189862251281738 97 113 74
-5.674001216888428 -0.17985226213932037 -0.9985303282737732 72 102 48
-5.469700813293457 0.434842586517334 -1.0092233419418335 46 40 66
-5.3320746421813965 0.22482901811599731 -1.0336984395980835 75 88 104
-5.119609355926514 0.028456762433052063 -1.0437527894973755 80 99 53
-4.904234886169434 -0.15493842959403992 -1.0510952472686768 98 116 100
-4.731605052947998 0.37890633940696716 -1.0569372177124023 106 124 102
-4.578358173370361 0.19657054543495178 -1.066314458847046 74 81 63
-13.318815231323242 -0.4098932147026062 0.6083528995513916 245 255 255
-18.534162521362305 0.7807812094688416 0.5239976644515991 71 73 88
-20.557052612304688 0.12100273370742798 0.3843136429786682 79 90 94
-13.85611343383789 -0.41844087839126587 0.12581488490104675 80 93 101
-19.105003356933594 1.5150880813598633 0.02542141266167164 86 94 70
-16.798145294189453 0.7167537808418274 -0.13851140439510345 49 61 49
-17.006942749023438 0.10930810123682022 -0.3033957779407501 88 96 81
-14.598977088928223 -0.4365391135215759 -0.40082553029060364 73 84 68
-16.88998794555664 1.3453632593154907 -0.5970090627670288 85 113 72
-14.75654125213623 0.6355758309364319 -0.6608960032463074 87 118 74
-12.180729866027832 0.0844542533159256 -0.6620460748672485 80 113 58
-11.1214017868042 -0.3271127939224243 -0.7124800682067871 81 105 89
-11.402935028076172 0.9147042036056519 -0.8212022185325623 73 101 63
-10.590673446655273 0.4628154933452606 -0.8648375272750854 73 109 63
-9.54133129119873 0.0694848820567131 -0.8681842684745789 100 125 44
-9.146677017211914 -0.26727285981178284 -0.9228670597076416 106 140 53
-8.218623161315918 0.6627345681190491 -0.8974736332893372 73 98 69
-8.11214828491211 0.35932639241218567 -0.9629456996917725 88 115 72
-7.585661888122559 0.058817557990550995 -0.9727169275283813 88 102 77
-7.150147914886475 -0.20518581569194794 -0.9879928827285767 104 122 80
-6.587160587310791 0.5359209775924683 -0.9649625420570374 60 71 63
-6.303643703460693 0.28175440430641174 -0.982694685459137 72 100 60
-6.160885334014893 0.05024344474077225 -1.0202932357788086 82 84 63
-5.697169303894043 -0.1630920171737671 -1.0025147199630737 75 103 45
-5.458539009094238 0.45081183314323425 -1.0074143409729004 110 129 135
-5.317629337310791 0.24056537449359894 -1.0310362577438354 70 67 86
-5.106760501861572 0.04405348747968674 -1.0411559343338013 78 91 82
-4.925212860107422 -0.14047715067863464 -1.055493950843811 84 96 60
-4.726529121398926 0.39309731125831604 -1.0560678243637085 74 101 66
-4.57870626449585 0.21066059172153473 -1.066541075706482 68 65 72
-13.345973014831543 -0.3697490394115448 0.6095386743545532 165 200 196
-19.924701690673828 0.9006047248840332 0.5633864402770996 57 46 62
-20.565584182739258 0.18415088951587677 0.38448187708854675 72 85 94
-14.162206649780273 -0.38419973850250244 0.1285829246044159 67 80 86
-19.010568618774414 1.566304087638855 0.025302032008767128 65 77 75
-16.787878036499023 0.7679208517074585 -0.13844549655914307 80 88 75
-16.85755729675293 0.16006962954998016 -0.3007381856441498 62 76 76
-14.730152130126953 -0.3952335715293884 -0.4043918550014496 68 78 67
-16.92960548400879 1.4008008241653442 -0.5985584855079651 81 103 67
-14.401251792907715 0.6645436882972717 -0.6450720429420471 93 123 71
-12.42204475402832 0.12424051761627197 -0.6751795411109924 70 95 66
-11.191187858581543 -0.2948046028614044 -0.7168895602226257 102 139 105
-11.440828323364258 0.9530785083770752 -0.824137806892395 61 93 54
-10.596173286437988 0.49563100934028625 -0.8654066920280457 105 150 67
-9.848785400390625 0.10194199532270432 -0.8961843252182007 78 108 72
-9.12955093383789 -0.23874182999134064 -0.9210608601570129 83 119 55
-8.244290351867676 0.6902682781219482 -0.9005034565925598 79 97 73
-8.036613464355469 0.3806883990764618 -0.9541135430335999 77 104 71
-7.650906085968018 0.08279817551374435 -0.9811112284660339 72 104 54
-7.157675266265869 -0.1834261417388916 -0.9889506101608276 85 118 65
-6.588442802429199 0.5563774108886719 -0.965395987033844 65 66 71
-6.266232013702393 0.2993478775024414 -0.9770010709762573 101 119 93
-6.126174449920654 0.06875701993703842 -1.0145751237869263 85 106 65
-5.690750598907471 -0.14543645083904266 -1.0013021230697632 81 107 46
-5.449291229248047 0.4668846130371094 -1.005967140197754 107 127 126
-5.316866397857666 0.25687849521636963 -1.0310362577438354 54 58 70
-5.111500263214111 0.059777893126010895 -1.0421546697616577 77 85 74
-4.921710968017578 -0.1252666413784027 -1.0546561479568481 84 101 65
-4.6883463859558105 0.40440860390663147 -1.0478087663650513 75 87 75
-4.597494602203369 0.22566185891628265 -1.0710737705230713 90 90 90
-19.57738494873047 0.9450997710227966 0.553645133972168 55 52 73
-20.548925399780273 0.24705202877521515 0.38418281078338623 65 78 84
-13.101670265197754 -0.31520718336105347 0.11894465982913971 65 68 75
-19.010656356811523 1.6250462532043457 0.02530866488814354 80 94 79
-16.728511810302734 0.8166424632072449 -0.13797593116760254 81 94 85
-16.84299087524414 0.2116112858057022 -0.3004884719848633 74 95 76
-14.696317672729492 -0.34920910000801086 -0.4034316837787628 73 92 73
-16.92821502685547 1.452989935874939 -0.5986641049385071 75 101 72
-14.743383407592773 0.725666344165802 -0.6604936718940735 78 107 51
-12.29680061340332 0.16071902215480804 -0.6683957576751709 68 89 58
-11.146146774291992 -0.2594010531902313 -0.7139499187469482 60 104 55
-11.447787284851074 0.9890325665473938 -0.8248538970947266 77 109 62
-10.295966148376465 0.5132504105567932 -0.8410130143165588 106 141 77
-9.564623832702637 0.12834879755973816 -0.8703590035438538 81 118 40
-9.12128734588623 -0.21052499115467072 -0.9201576709747314 102 135 44
-8.229257583618164 0.7144402861595154 -0.899096667766571 59 69 58
-8.039374351501465 0.4055427014827728 -0.954584538936615 113 145 69
-7.615903854370117 0.10578826814889908 -0.9766597151756287 86 118 71
-7.174050331115723 -0.16182327270507812 -0.991139829158783 88 112 36
-6.590648174285889 0.576932966709137 -0.9659739136695862 67 73 69
-6.246534824371338 0.31761765480041504 -0.9740772843360901 75 96 81
-6.102259635925293 0.0872131735086441 -1.0106539726257324 92 121 75
-5.6665544509887695 -0.1274232566356659 -0.9969711899757385 58 89 45
-5.439015865325928 0.4828179180622101 -1.0043389797210693 101 113 103
-5.322916030883789 0.2735418975353241 -1.0323673486709595 48 34 70
-5.120110034942627 0.07558964937925339 -1.0439525842666626 74 76 99
-4.93966817855835 -0.11056029796600342 -1.0584266185760498 73 85 73
-4.6734724044799805 0.4175741970539093 -1.0447659492492676 83 95 95
-4.583163261413574 0.23905543982982635 -1.0679008960723877 58 57 62
-20.27818489074707 1.0412980318069458 0.5735512971878052 59 56 67
-20.074207305908203 0.3029429614543915 0.375323086977005 85 99 100
-18.810083389282227 -0.394805371761322 0.17075718939304352 77 92 99
-18.57028579711914 1.6448074579238892 0.024729005992412567 80 94 79
-16.836774826049805 0.8737131953239441 -0.138890340924263 58 74 71
-13.965072631835938 0.21830666065216064 -0.24915555119514465 64 68 71
-14.642353057861328 -0.3029824197292328 -0.40192288160324097 69 112 59
-16.94159507751465 1.5065114498138428 -0.5992979407310486 85 104 59
-14.724127769470215 0.7700080275535583 -0.659733772277832 100 138 89
-12.221368789672852 0.1972358524799347 -0.6643254160881042 92 110 68
-11.18081283569336 -0.22588929533958435 -0.7161226868629456 74 88 62
-11.502321243286133 1.0293055772781372 -0.8290068507194519 105 134 70
-10.623786926269531 0.5622715950012207 -0.8679274320602417 92 122 58
-9.83005142211914 0.16207556426525116 -0.8945533037185669 100 136 108
-9.106969833374023 -0.18224170804023743 -0.9186525940895081 86 118 69
-8.2597017288208 0.742621660232544 -0.9026675224304199 82 104 66
-8.031150817871094 0.4298337399959564 -0.9537602066993713 89 119 65
-7.558022499084473 0.12817752361297607 -0.9692829251289368 86 118 68
-7.171541690826416 -0.13975492119789124 -0.9907293319702148 68 89 56
-6.589832782745361 0.5972394347190857 -0.966118335723877 66 81 76
-6.244544506072998 0.3367270529270172 -0.9739234447479248 141 175 151
-6.12958288192749 0.10641372203826904 -1.015228509902954 110 126 99
-5.696459770202637 -0.11061152815818787 -1.0021682977676392 69 92 48
-5.414983749389648 0.497433066368103 -1.0001784563064575 103 125 113
-5.333815574645996 0.290511816740036 -1.0346492528915405 60 61 79
-5.123772621154785 0.0913674458861351 -1.044751524925232 86 98 96
-4.914565563201904 -0.09491418302059174 -1.0529805421829224 63 69 57
-4.654674053192139 0.43029293417930603 -1.0408538579940796 75 98 90
-4.5678205490112305 0.25230950117111206 -1.064501404762268 76 110 96
-20.556365966796875 1.1188254356384277 0.5815137624740601 62 67 71
-14.044230461120605 0.2550427317619324 0.2625953257083893 94 107 113
-19.18613052368164 -0.34381359815597534 0.17416052520275116 65 76 82
-18.98638343811035 1.740384817123413 0.025290092453360558 96 113 77
-20.352582931518555 1.1187788248062134 -0.1679205596446991 60 71 67
-17.11428451538086 0.3200576901435852 -0.30535778403282166 71 78 86
-14.567253112792969 -0.2567202150821686 -0.3998379409313202 62 75 68
-16.913009643554688 1.556282639503479 -0.5984528064727783 78 105 64
-14.867326736450195 0.8232413530349731 -0.6662600040435791 86 122 58
-12.299575805664062 0.23624445497989655 -0.6686127781867981 148 174 23
-11.213383674621582 -0.1921330988407135 -0.7181676626205444 72 91 71
-11.51003360748291 1.0656007528305054 -0.8297944068908691 88 118 66
-10.635943412780762 0.5956424474716187 -0.8690657615661621 107 134 79
-9.851411819458008 0.1926613599061966 -0.8965467810630798 72 103 59
-8.977165222167969 -0.15209314227104187 -0.9055074453353882 66 101 21
-8.27025318145752 0.7691553831100464 -0.9040743112564087 75 88 81
-8.012940406799316 0.45351701974868774 -0.9517583250999451 100 135 77
-7.530818462371826 0.15082836151123047 -0.9658489227294922 87 115 57
-7.166984558105469 -0.11767098307609558 -0.9900452494621277 86 130 67
-6.588954448699951 0.6175462603569031 -0.9662628173828125 86 94 71
-6.2612385749816895 0.3568955957889557 -0.9766932725906372 97 123 88
-6.151914119720459 0.12568199634552002 -1.0189862251281738 74 90 77
-5.726314544677734 -0.09361749142408371 -1.007365345954895 76 113 69
-5.4388885498046875 0.5164609551429749 -1.004881739616394 73 90 80
-5.333879470825195 0.3069307506084442 -1.034839391708374 64 53 67
-5.132285118103027 0.10727081447839737 -1.0465494394302368 47 45 58
-4.9167890548706055 -0.07986782491207123 -1.0533994436264038 85 111 82
-4.6008620262146 0.43955835700035095 -1.0291173458099365 69 82 65
-4.557301998138428 0.26575517654418945 -1.0622351169586182 128 148 147
-20.399152755737305 1.1730486154556274 0.5771654844284058 60 69 74
-19.551177978515625 0.4150542914867401 0.3655848503112793 80 88 101
-19.173095703125 -0.2847418785095215 0.17403347790241241 76 80 91
-21.791364669799805 2.064939022064209 0.02903466299176216 85 103 81
-20.350051879882812 1.1812723875045776 -0.1679287999868393 83 94 78
-14.015449523925781 0.3051222264766693 -0.2500830590724945 83 92 91
-14.889816284179688 -0.21671155095100403 -0.40867140889167786 63 86 66
-16.732059478759766 1.5914149284362793 -0.5922200679779053 76 107 66
-15.052223205566406 0.879808783531189 -0.6746637225151062 95 134 89
-12.265850067138672 0.2732440233230591 -0.6668218970298767 79 101 55
-11.202943801879883 -0.1575756072998047 -0.7174646854400635 75 108 61
-11.487845420837402 1.0991030931472778 -0.8284339904785156 83 107 55
-10.638045310974121 0.6285054087638855 -0.8693910241127014 94 131 61
-9.803979873657227 0.22182539105415344 -0.8922878503799438 87 114 59
-8.913919448852539 -0.12366753071546555 -0.8990854024887085 87 117 63
-8.290614128112793 0.7967117428779602 -0.9065630435943604 53 70 62
-8.01547622680664 0.47833484411239624 -0.952229380607605 82 108 73
-7.2526679039001465 0.16751877963542938 -0.9302368760108948 72 104 55
-7.155425548553467 -0.09552375227212906 -0.9884033799171448 102 128 57
-6.58505916595459 0.6375672817230225 -0.9659739136695862 76 89 79
-6.270963668823242 0.3767549395561218 -0.9783859848976135 73 87 74
-6.140650272369385 0.14430025219917297 -1.0171891450881958 118 128 101
-5.755134105682373 -0.07642823457717896 -1.0123891830444336 100 137 85
-5.451960563659668 0.5345844030380249 -1.007595181465149 111 127 126
-5.334872245788574 0.3234122395515442 -1.035219669342041 80 99 97
-5.132911682128906 0.12303941696882248 -1.046749234199524 53 62 77
-4.919943809509277 -0.06482159346342087 -1.054027795791626 66 87 68
-4.6198906898498535 0.4556835889816284 -1.0336815118789673 90 102 88
-4.561326026916504 0.28003397583961487 -1.063368320465088 96 112 101
-20.406431198120117 1.2362916469573975 0.5774760246276855 53 52 58
-19.606786727905273 0.4764189124107361 0.3666502833366394 70 80 92
-18.868913650512695 -0.22232501208782196 0.1712654083967209 66 83 73
-21.682416915893555 2.121752977371216 0.02889803797006607 88 96 83
-20.361305236816406 1.244615077972412 -0.16805237531661987 43 47 58
-16.677202224731445 0.4142625629901886 -0.29759901762008667 83 91 78
-14.846431732177734 -0.17052406072616577 -0.4074643552303314 66 84 68
-16.703227996826172 1.6403964757919312 -0.591374933719635 95 124 94
-15.08834171295166 0.9283769130706787 -0.6764070391654968 67 99 58
-12.069305419921875 0.30591484904289246 -0.6561848521232605 71 110 43
-11.068658828735352 -0.1217232495546341 -0.7088375091552734 67 103 59
-11.458611488342285 1.1317930221557617 -0.8265722990036011 92 123 64
-10.637062072753906 0.6612013578414917 -0.869472324848175 93 130 79
-9.702702522277832 0.24931879341602325 -0.8831357359886169 84 108 76
-9.00180721282959 -0.09726542234420776 -0.9079157114028931 92 131 50
-8.31583023071289 0.8248909115791321 -0.9095928072929382 62 68 64
-8.008024215698242 0.5025505423545837 -0.951522707939148 82 106 56
-7.4801740646362305 0.19573643803596497 -0.959489643573761 92 127 61
-7.181439399719238 -0.07383555173873901 -0.9919607639312744 83 116 59
-6.5811028480529785 0.6575701832771301 -0.9656849503517151 74 86 72
-6.264847278594971 0.39568081498146057 -0.977616548538208 77 97 86
-6.154971599578857 0.16353186964988708 -1.0196397304534912 105 123 83
-5.7858710289001465 -0.059083130210638046 -1.0177595615386963 85 120 80
-5.394520282745361 0.5456665754318237 -0.9972841143608093 100 99 105
-5.33189582824707 0.33965304493904114 -1.034839391708374 64 56 79
-5.151120185852051 0.13928961753845215 -1.0505446195602417 57 61 72
-4.943586349487305 -0.049964290112257004 -1.059054970741272 97 125 84
-4.618471145629883 0.46985507011413574 -1.0336815118789673 118 146 123
-4.563361167907715 0.2942145764827728 -1.064048171043396 67 65 68
-20.38059425354004 1.297494649887085 0.5768548250198364 46 41 61
-19.79113006591797 0.5416572093963623 0.370126873254776 67 74 80
-13.990893363952637 -0.12192115187644958 0.12698562443256378 79 86 92
-21.740476608276367 2.1947925090789795 0.028984257951378822 89 102 76
-17.424528121948242 1.1187679767608643 -0.14384129643440247 53 58 64
-17.212556838989258 0.4804050624370575 -0.3071770966053009 65 68 57
-14.850882530212402 -0.1250087022781372 -0.4075740873813629 80 97 87
-16.80052947998047 1.702008605003357 -0.5950019359588623 100 128 79
-15.08841323852539 0.9748561978340149 -0.6765411496162415 70 92 53
-12.123207092285156 0.3445014953613281 -0.6591697335243225 76 99 71
-11.220664978027344 -0.08896718919277191 -0.7185510993003845 52 78 39
-11.452108383178711 1.166638970375061 -0.8263574838638306 90 128 87
-10.643935203552246 0.6944162249565125 -0.8702041506767273 77 109 59
-9.693928718566895 0.2788560092449188 -0.8824108839035034 79 110 53
-8.897597312927246 -0.06883956491947174 -0.8973795771598816 79 108 60
-8.340950965881348 0.8532322645187378 -0.9126226305961609 82 102 77
-7.998517990112305 0.5265945792198181 -0.9505807161331177 83 116 69
-7.513248443603516 0.21966996788978577 -0.9638139605522156 89 114 59
-7.17568826675415 -0.0517599880695343 -0.991139829158783 78 109 68
-6.576101303100586 0.6774533987045288 -0.9652515053749084 66 76 68
-6.275435447692871 0.41568291187286377 -0.9794631600379944 101 125 101
-6.092315196990967 0.18057291209697723 -1.0093469619750977 90 112 76
-5.762388706207275 -0.04116320237517357 -1.0136017799377441 65 95 31
-5.422166347503662 0.5652735233306885 -1.0027109384536743 100 111 95
-5.306339263916016 0.3543739914894104 -1.0300854444503784 62 67 71
-5.139894962310791 0.1547679752111435 -1.0483472347259521 69 67 70
-4.957405090332031 -0.034893698990345 -1.0619874000549316 83 97 80
-4.618949890136719 0.48422569036483765 -1.034116268157959 76 106 54
-4.566324234008789 0.3084760010242462 -1.0649546384811401 60 63 68
-13.119080543518066 -0.08162926882505417 0.5989578366279602 233 254 255
-20.43337059020996 1.3638098239898682 0.5784642696380615 39 38 56
-19.73341178894043 0.6006694436073303 0.36908015608787537 71 81 90
-19.61488151550293 -0.11074954271316528 0.1780267357826233 76 84 86
-21.715736389160156 2.259618043899536 0.02896037884056568 90 105 82
-17.59661293029785 1.1840360164642334 -0.14529116451740265 54 57 64
-17.15104103088379 0.5313525199890137 -0.30610692501068115 84 96 86
-14.598296165466309 -0.07809336483478546 -0.4006335139274597 72 93 74
-17.17989730834961 1.7937060594558716 -0.6086295247077942 80 96 67
-15.006609916687012 1.0158121585845947 -0.6730098128318787 65 92 59
-12.449447631835938 0.39200088381767273 -0.6769704818725586 63 92 61
-11.289743423461914 -0.054876960813999176 -0.7229605317115784 81 110 64
-11.408795356750488 1.1976028680801392 -0.8234934210777283 98 130 91
-10.669596672058105 0.7289703488349915 -0.8724808692932129 94 112 74
-9.87219524383545 0.31429940462112427 -0.8987215757369995 88 108 49
-8.91169548034668 -0.041606832295656204 -0.8987843990325928 92 129 49
-8.353124618530273 0.8803809285163879 -0.9142457842826843 93 113 104
-7.99587345123291 0.5510628819465637 -0.9504628777503967 82 106 70
-7.531374931335449 0.24332782626152039 -0.9662305116653442 94 111 69
-7.162935733795166 -0.02969166450202465 -0.9893611073493958 92 127 71
-6.568088054656982 0.6969988942146301 -0.9643846154212952 81 85 88
-6.336231231689453 0.43923866748809814 -0.9891577959060669 69 71 68
-6.002002716064453 0.19632792472839355 -0.9944795966148376 92 114 75
-5.772336006164551 -0.023524384945631027 -1.015334129333496 98 127 81
-5.435074806213379 0.5834804773330688 -1.0054243803024292 98 105 89
-5.312082290649414 0.37113091349601746 -1.0314165353775024 77 84 77
-5.142333984375 0.1706337183713913 -1.0489466190338135 80 80 82
-4.857752799987793 -0.019288411363959312 -1.0406221151351929 75 88 68
-4.614530563354492 0.4980798661708832 -1.0334641933441162 52 64 54
-4.565356731414795 0.3224838376045227 -1.0649546384811401 106 129 123
-17.17735481262207 0.57561856508255 0.32130497694015503 66 73 79
-14.028375625610352 -0.03616773709654808 0.12732142210006714 66 71 74
-21.71466827392578 2.3268697261810303 0.028968339785933495 97 120 78
-17.59389305114746 1.238086223602295 -0.14529938995838165 56 60 63
-16.753623962402344 0.5704940557479858 -0.299043744802475 71 86 55
-14.716422080993652 -0.03357516974210739 -0.4038706123828888 71 87 74
-17.158414840698242 1.8446956872940063 -0.6080661416053772 82 102 77
-15.08314323425293 1.0674891471862793 -0.676585853099823 84 116 66
-11.64984130859375 0.4026036560535431 -0.6335540413856506 96 120 94
-11.240959167480469 -0.020152593031525612 -0.7198292016983032 61 92 58
-11.251360893249512 1.2159870862960815 -0.8123951554298401 86 110 58
-10.666315078735352 0.7616297602653503 -0.8723995089530945 84 113 67
-9.690043449401855 0.33826208114624023 -0.8822295665740967 70 110 76
-8.88790225982666 -0.014227714389562607 -0.8963761329650879 71 108 41
-8.399801254272461 0.9113654494285583 -0.9196561574935913 81 95 70
-8.001078605651855 0.5760905146598816 -0.9512872099876404 72 104 55
-7.5365400314331055 0.2666430175304413 -0.9669935703277588 89 132 76
-7.154077529907227 -0.00770634226500988 -0.9881296753883362 102 127 88
-6.5718207359313965 0.7177908420562744 -0.9652515053749084 62 73 69
-6.350621700286865 0.4598175585269928 -0.991619884967804 76 77 71
-5.975738048553467 0.21382364630699158 -0.9902318120002747 101 129 80
-5.8167009353637695 -0.005859643220901489 -1.0231297016143799 97 130 83
-5.396112442016602 0.5960491299629211 -0.9985504150390625 72 86 69
-5.304064750671387 0.38692641258239746 -1.0300854444503784 76 85 82
-5.135910987854004 0.18619637191295624 -1.0477479696273804 52 55 62
-4.927213668823242 -0.004447611980140209 -1.055493950843811 116 136 109
-4.606190204620361 0.5114806294441223 -1.0319428443908691 56 73 54
-4.564345836639404 0.33648863434791565 -1.0649546384811401 122 127 121
-16.936710357666016 0.6195794939994812 0.31683772802352905 80 94 103
-13.956424713134766 0.006835620384663343 0.12666797637939453 69 78 83
-17.531173706054688 1.2877357006072998 -0.14481335878372192 65 69 72
-16.697839736938477 0.6198877692222595 -0.29808056354522705 71 75 61
-13.924753189086914 0.010951667092740536 -0.3821435570716858 92 101 70
-17.16161346435547 1.8983169794082642 -0.6083829998970032 92 121 65
-15.086771011352539 1.1142735481262207 -0.676898717880249 91 117 69
-11.66451644897461 0.4389437437057495 -0.6344223618507385 93 114 83
-11.17609977722168 0.014251559972763062 -0.7156753540039062 78 93 70
-11.078060150146484 1.2316532135009766 -0.8001511693000793 96 130 46
-10.671880722045898 0.794942319393158 -0.8730500340461731 82 88 52
-9.840226173400879 0.3737342357635498 -0.8960031270980835 74 98 50
-8.846116065979004 0.012978742830455303 -0.8921616673469543 72 110 53
-8.429569244384766 0.9407700896263123 -0.9232270121574402 77 90 80
-7.990361213684082 0.5999655723571777 -0.9502273797988892 79 113 63
-7.531722068786621 0.2896111011505127 -0.9664849042892456 98 119 78
-7.154067516326904 0.014242094941437244 -0.9881296753883362 84 126 63
-6.567621231079102 0.7377286553382874 -0.9649625420570374 90 99 96
-6.347210884094238 0.47915008664131165 -0.9913121461868286 66 72 72
-5.924777030944824 0.23020248115062714 -0.9818994998931885 81 96 65
-5.834419250488281 0.01202230155467987 -1.0262479782104492 105 129 81
-5.361032485961914 0.608828067779541 -0.9923998117446899 84 98 72
-5.289147853851318 0.40215519070625305 -1.0274232625961304 68 78 70
-5.128462314605713 0.20168273150920868 -1.0463496446609497 101 107 103
-4.946760177612305 0.01071123220026493 -1.0596833229064941 85 113 72
-4.581324577331543 0.5229530334472656 -1.0267266035079956 78 98 61
-4.555522441864014 0.3498935103416443 -1.0631415843963623 95 77 101
-31.459091186523438 0.09380455315113068 1.4362581968307495 222 255 255
-16.647005081176758 0.660128116607666 0.3114545941352844 89 102 118
-13.9703369140625 0.049703098833560944 0.12679503858089447 72 79 87
-19.207170486450195 1.4701027870178223 -0.15869416296482086 78 82 81
-16.697856903076172 0.6711934208869934 -0.2981162369251251 76 90 64
-14.631383895874023 0.05639622360467911 -0.40153881907463074 70 84 67
-17.333454132080078 1.9711723327636719 -0.6146862506866455 85 113 62
-15.124120712280273 1.1636961698532104 -0.6787314414978027 87 117 63
-12.396424293518066 0.5045760273933411 -0.6743111610412598 77 101 67
-10.982401847839355 0.04769843816757202 -0.7032777070999146 67 108 64
-11.062337875366211 1.264275312423706 -0.7992919683456421 81 109 58
-10.640573501586914 0.8254439234733582 -0.8706919550895691 89 118 62
-9.874855041503906 0.40539246797561646 -0.8992652893066406 82 111 45
-8.89677619934082 0.04034830629825592 -0.8972792029380798 86 117 58
-8.470099449157715 0.9716121554374695 -0.9279881119728088 66 88 65
-7.98848295211792 0.6244768500328064 -0.9502273797988892 61 99 58
-7.525843143463135 0.31251096725463867 -0.9658489227294922 88 118 64
-7.13120698928833 0.03607514128088951 -0.9849827885627747 147 180 153
-6.574173927307129 0.7588955760002136 -0.9662628173828125 61 65 77
-6.340785503387451 0.49823376536369324 -0.9905427098274231 75 92 76
-5.898414611816406 0.24730384349822998 -0.9776517152786255 76 106 44
-5.836324691772461 0.029932092875242233 -1.0265945196151733 107 123 87
-5.219446182250977 0.6089740991592407 -0.9665316343307495 100 120 93
-5.1880621910095215 0.4104818105697632 -1.0080270767211914 80 77 84
-5.115092754364014 0.2168760746717453 -1.0437527894973755 48 44 69
-4.932037353515625 0.02581087313592434 -1.0565413236618042 74 85 71
-4.561278820037842 0.5348460078239441 -1.022597074508667 60 59 67
-4.554427623748779 0.36386802792549133 -1.0631415843963623 109 136 129
-4.420223712921143 0.18965549767017365 -1.0749268531799316 65 63 68
-18.983139038085938 1.501214861869812 0.5378895998001099 207 250 255
-16.919605255126953 0.7229347229003906 0.3165947496891022 73 79 93
-20.086732864379883 0.13309073448181152 0.18231041729450226 80 88 90
-17.1750545501709 1.3675799369812012 -0.14193835854530334 57 69 67
-16.73267936706543 0.724017858505249 -0.29877620935440063 66 88 65
-16.842256546020508 0.11659090220928192 -0.4622209072113037 80 97 91
-17.310449600219727 2.022369861602783 -0.6140876412391663 92 131 68
-14.967123031616211 1.1978178024291992 -0.6718475818634033 86 112 73
-12.90158462524414 0.5647899508476257 -0.7018806338310242 80 117 74
-11.19476318359375 0.08296707272529602 -0.7168895602226257 103 122 92
-11.032649993896484 1.2951844930648804 -0.7974303364753723 79 104 62
-10.710514068603516 0.8639346957206726 -0.8766278028488159 91 123 50
-9.704428672790527 0.42822280526161194 -0.88386070728302 91 112 81
-8.887657165527344 0.06757496297359467 -0.8963761329650879 84 114 64
-8.5026216506958 1.0017811059951782 -0.9318836331367493 76 89 72
-7.990488529205322 0.6493039131164551 -0.9506983757019043 86 109 67
-7.533766746520996 0.33599618077278137 -0.9669935703277588 88 112 64
-7.14294958114624 0.05804980918765068 -0.9866246581077576 85 115 63
-6.576727867126465 0.779643714427948 -0.9669852256774902 62 67 73
-6.326424598693848 0.5166391730308533 -0.9885422587394714 73 75 72
-5.939022541046143 0.2672615349292755 -0.9845136404037476 99 108 77
-5.830296039581299 0.047789108008146286 -1.0255550146102905 98 126 86
-5.3142290115356445 0.6365644931793213 -0.9844404458999634 68 79 62
-5.154489517211914 0.4237422049045563 -1.0017518997192383 68 69 74
-5.107551574707031 0.23225636780261993 -1.0423544645309448 65 71 71
-4.929001808166504 0.04091767966747284 -1.055912971496582 67 88 73
-4.539264678955078 0.5463876128196716 -1.0180327892303467 133 161 123
-4.5406718254089355 0.3767920434474945 -1.0601954460144043 62 67 73
-4.390499591827393 0.20187664031982422 -1.067844033241272 50 46 60
-19.051170349121094 1.5654230117797852 0.5399508476257324 206 250 251
-17.164005279541016 0.7861390709877014 0.3212115168571472 70 80 92
-13.941771507263184 0.13515113294124603 0.1265409290790558 75 85 87
-17.90225601196289 1.4807692766189575 -0.14798493683338165 78 87 70
-16.87220573425293 0.7819222807884216 -0.3013089597225189 48 52 51
-13.900074005126953 0.13887155055999756 -0.3814851939678192 73 81 68
-17.368661880493164 2.0832040309906006 -0.616376519203186 89 124 68
-15.080854415893555 1.2534950971603394 -0.6771222352981567 84 115 55
-13.05339527130127 0.611565351486206 -0.7102382779121399 95 126 84
-10.94797420501709 0.11472874879837036 -0.7011049389839172 93 107 72
-11.012781143188477 1.3271167278289795 -0.7962846755981445 79 115 41
-10.765419960021973 0.9016146659851074 -0.8813439607620239 93 121 80
-9.7229642868042 0.4589326083660126 -0.8856729865074158 76 102 57
-8.747127532958984 0.09334459900856018 -0.8822275996208191 90 120 56
-8.528129577636719 1.0313233137130737 -0.935021698474884 53 63 64
-7.961741924285889 0.6715618371963501 -0.9475188851356506 80 105 66
-7.562423229217529 0.36052486300468445 -0.9708091616630554 81 104 58
-7.1546244621276855 0.08009687066078186 -0.9882665872573853 87 109 70
-6.569393634796143 0.7992196679115295 -0.9662628173828125 73 71 74
-6.314964294433594 0.5352115035057068 -0.9870034456253052 86 92 92
-5.952955722808838 0.28619155287742615 -0.986964225769043 71 85 68
-5.8163347244262695 0.06552066653966904 -1.0231297016143799 79 111 70
-5.335678577423096 0.6557445526123047 -0.9887819290161133 84 92 81
-5.2001190185546875 0.44355905055999756 -1.0108795166015625 80 92 88
-5.105836391448975 0.24787750840187073 -1.0421546697616577 80 88 91
-4.943519115447998 0.056206200271844864 -1.059054970741272 66 92 67
-4.5656609535217285 0.5637804269790649 -1.0243358612060547 69 84 65
-4.525908470153809 0.3895514905452728 -1.0570224523544312 103 102 107
-4.390830039978027 0.21539317071437836 -1.068080186843872 60 53 69
-18.948671340942383 1.6155420541763306 0.5371837615966797 206 249 255
-19.28061294555664 0.9423678517341614 0.36087465286254883 80 89 96
-20.111534118652344 0.25666987895965576 0.18254637718200684 75 86 90
-17.797996520996094 1.5271369218826294 -0.14716115593910217 79 88 83
-16.877716064453125 0.8340765833854675 -0.3014516532421112 71 84 74
-16.761260986328125 0.218886598944664 -0.46002623438835144 82 92 84
-17.420711517333984 2.143681764602661 -0.618454098701477 78 107 51
-15.396431922912598 1.3272995948791504 -0.6914710998535156 80 117 63
-13.052454948425293 0.6516594886779785 -0.7102925181388855 78 119 59
-11.011434555053711 0.1491813361644745 -0.705194890499115 61 85 53
-11.017566680908203 1.3619985580444336 -0.796929121017456 91 114 70
-10.734800338745117 0.9322238564491272 -0.8790671825408936 97 120 78
-9.710570335388184 0.4882100522518158 -0.8846762180328369 86 118 68
-8.737845420837402 0.12005693465471268 -0.8813244104385376 92 120 59
-8.538737297058105 1.0591957569122314 -0.9365365505218506 62 63 65
-7.952719211578369 0.6953794360160828 -0.9466944932937622 80 103 59
-7.574159622192383 0.3843778967857361 -0.9724625945091248 95 118 90
-7.136516094207764 0.10179226100444794 -0.9858037233352661 80 106 61
-6.544327259063721 0.8165527582168579 -0.9629399180412292 80 89 84
-6.261125087738037 0.5500004291534424 -0.9788476824760437 90 102 102
-5.988504409790039 0.3063183128833771 -0.9930091500282288 66 77 71
-5.794441223144531 0.0830540880560875 -1.0193185806274414 140 184 133
-5.323884010314941 0.6708815097808838 -0.986972987651825 95 109 73
-5.201667308807373 0.45976999402046204 -1.011449933052063 74 86 82
-5.110922813415527 0.2638438940048218 -1.0433531999588013 67 61 75
-4.940390586853027 0.07133009284734726 -1.0584266185760498 68 79 65
-4.568751811981201 0.5783979892730713 -1.0254225730895996 75 97 74
-4.516931533813477 0.4027429521083832 -1.0552093982696533 87 109 96
-4.389178276062012 0.22881244122982025 -1.067844033241272 50 60 62
-18.92072296142578 1.671644687652588 0.536534309387207 209 253 254
-19.058963775634766 0.9901552796363831 0.3567812442779541 90 103 111
-19.888689041137695 0.3148561120033264 0.1805315911769867 68 79 81
-21.727581024169922 1.9314783811569214 -0.17970070242881775 72 82 73
-16.546581268310547 0.8686084747314453 -0.29558348655700684 68 78 77
-16.775501251220703 0.2705501914024353 -0.46043771505355835 81 84 65
-17.79875946044922 2.2456560134887695 -0.6321168541908264 97 133 63
-15.418158531188965 1.376839280128479 -0.6926332712173462 68 92 58
-11.850851058959961 0.6281222701072693 -0.6450051069259644 74 112 55
-10.940079689025879 0.18178603053092957 -0.7006576061248779 116 139 111
-11.006409645080566 1.3949156999588013 -0.7964279055595398 89 117 59
-10.657438278198242 0.9584576487541199 -0.8729687333106995 96 122 75
-9.733888626098633 0.5193257927894592 -0.8869415521621704 98 141 85
-9.029911041259766 0.15177978575229645 -0.9108257293701172 86 118 53
-8.543336868286133 1.0863903760910034 -0.9374021887779236 55 51 66
-7.978240489959717 0.7222817540168762 -0.9499918818473816 84 109 80
-7.576906681060791 0.4078265130519867 -0.9729713797569275 88 116 58
-7.1569695472717285 0.12404680997133255 -0.9886770248413086 91 110 65
-6.549643516540527 0.8376308083534241 -0.9640957117080688 82 89 81
-6.192493915557861 0.5631217956542969 -0.9683836102485657 74 84 83
-5.999358177185059 0.3253304064273834 -0.9949697256088257 58 62 65
-5.779388427734375 0.10057374835014343 -1.0167200565338135 80 96 57
-5.30131721496582 0.6845667362213135 -0.9831741452217102 73 97 71
-5.198276996612549 0.4755474627017975 -1.011069655418396 95 114 95
-5.119873046875 0.2800579369068146 -1.0453509092330933 61 65 74
-4.943081378936768 0.08653800189495087 -1.059054970741272 65 68 61
-4.58341121673584 0.5945465564727783 -1.0291173458099365 73 79 75
-4.492398262023926 0.4144514203071594 -1.0497702360153198 42 45 50
-4.373901844024658 0.2414737045764923 -1.064302682876587 60 63 68
-19.79558753967285 1.0893304347991943 0.37063154578208923 76 88 104
-14.082905769348145 0.2661641240119934 0.12783873081207275 72 81 88
-21.70561981201172 1.996662974357605 -0.17956890165805817 77 87 79
-16.55681610107422 0.9200897812843323 -0.2958153784275055 76 86 77
-16.80657386779785 0.3226293623447418 -0.4613155722618103 76 82 70
-18.062366485595703 2.335233688354492 -0.6417301893234253 90 122 59
-15.548155784606934 1.4365428686141968 -0.6986678838729858 84 113 57
-12.98639965057373 0.7282692790031433 -0.7069278359413147 100 135 67
-10.776835441589355 0.2121473103761673 -0.6902410387992859 64 110 82
-10.976360321044922 1.4253368377685547 -0.79456627368927 94 128 78
-10.534366607666016 0.9799790382385254 -0.8631299734115601 93 123 69
-9.71733570098877 0.5483449101448059 -0.8855823874473572 63 103 41
-9.091078758239746 0.1807084083557129 -0.9170470833778381 102 134 67
-8.54292106628418 1.1129812002182007 -0.9377267956733704 68 69 74
-7.979941368103027 0.747125506401062 -0.9504628777503967 87 122 54
-7.573638916015625 0.43095749616622925 -0.9727169275283813 99 113 87
-7.06742000579834 0.14418502151966095 -0.9763630032539368 70 96 67
-6.504854202270508 0.8521938323974609 -0.9578831195831299 77 86 69
-6.254680633544922 0.5881301164627075 -0.9783859848976135 82 106 80
-6.006211757659912 0.3441862165927887 -0.9962767958641052 62 68 68
-5.7603440284729 0.11792119592428207 -1.0134285688400269 81 114 43
-5.263116836547852 0.6960566639900208 -0.9764809608459473 89 104 81
-5.157698154449463 0.48779577016830444 -1.0034633874893188 81 87 85
-5.1101861000061035 0.29525551199913025 -1.0435529947280884 71 74 79
-4.9515910148620605 0.10188379138708115 -1.060940146446228 71 80 77
-4.5757598876953125 0.6078342795372009 -1.0278133153915405 81 108 119
-4.468804836273193 0.4261055886745453 -1.0445575714111328 56 42 75
-4.3760504722595215 0.2550611197948456 -1.065010905265808 66 73 65
-20.40301513671875 1.1855525970458984 0.3820706903934479 69 88 95
-19.753419876098633 0.4339638352394104 0.17932453751564026 85 100 81
-21.972152709960938 2.0891804695129395 -0.18182606995105743 69 79 81
-16.548925399780273 0.9705883264541626 -0.2957261800765991 92 95 86
-14.000258445739746 0.3117283284664154 -0.384310781955719 63 73 65
-18.06205177307129 2.3915555477142334 -0.6419766545295715 84 119 51
-15.550636291503906 1.4849019050598145 -0.6989807486534119 84 116 66
-12.879441261291504 0.7619159817695618 -0.7012293934822083 81 126 69
-11.393708229064941 0.25926199555397034 -0.7297983765602112 82 119 65
-11.01642894744873 1.4649215936660767 -0.7977883219718933 83 120 68
-10.022355079650879 0.9633713960647583 -0.8214167356491089 87 114 63
-9.722565650939941 0.5785687565803528 -0.8862167000770569 76 112 48
-9.115347862243652 0.2091692090034485 -0.9195556640625 93 117 67
-8.542423248291016 1.1395796537399292 -0.9380514621734619 79 83 82
-7.977612018585205 0.771604061126709 -0.9504628777503967 86 111 69
-7.580201625823975 0.4546661674976349 -0.973734438419342 87 105 63
-7.112499237060547 0.16693608462810516 -0.9826567769050598 71 103 54
-6.477691173553467 0.8688578009605408 -0.9542712569236755 86 120 83
-6.2439961433410645 0.6064567565917969 -0.9770010709762573 99 117 103
-6.028761863708496 0.36403849720954895 -1.0001977682113647 60 61 65
-5.755032062530518 0.1354772299528122 -1.0125623941421509 109 126 84
-5.2970170974731445 0.717082142829895 -0.9831741452217102 95 96 88
-5.132726669311523 0.5013266205787659 -0.9988995790481567 67 81 81
-5.111212253570557 0.31105098128318787 -1.0439525842666626 71 71 79
-4.945389747619629 0.11693589389324188 -1.0596833229064941 74 76 91
-4.557431697845459 0.6196341514587402 -1.0241185426712036 92 118 81
-4.461660861968994 0.43924111127853394 -1.043197751045227 72 85 65
-4.378157138824463 0.26866403222084045 -1.0657192468643188 95 97 84
-20.34439468383789 1.2447842359542847 0.3810426592826843 63 62 76
-19.095230102539062 0.4781198501586914 0.1733618825674057 74 81 74
-39.327293395996094 5.316079139709473 0.0526401624083519 91 103 89
-34.78556442260742 3.415236711502075 -0.2879461944103241 76 88 86
-16.89514923095703 1.04291570186615 -0.30196890234947205 50 56 52
-16.778297424316406 0.4250882565975189 -0.460602343082428 99 121 108
-17.671375274658203 2.395015001296997 -0.6283490657806396 91 128 51
-15.55495548248291 1.5334856510162354 -0.6993830800056458 74 106 65
-13.015570640563965 0.810047447681427 -0.7087729573249817 82 119 50
-11.395852088928223 0.29429346323013306 -0.7299901247024536 100 117 85
-11.204606056213379 1.5249422788619995 -0.8117507696151733 97 125 76
-10.197879791259766 1.0118284225463867 -0.8360529541969299 112 137 82
-9.718757629394531 0.6082700490951538 -0.8860355019569397 99 131 90
-9.126599311828613 0.23744423687458038 -0.9207597970962524 99 129 69
-8.536916732788086 1.1655131578445435 -0.9378350973129272 71 71 83
-8.003863334655762 0.7989358305931091 -0.9538780450820923 87 109 73
-7.576791286468506 0.47779491543769836 -0.9734801054000854 97 121 85
-7.143641471862793 0.18959715962409973 -0.9870350956916809 86 104 62
-6.467152118682861 0.8876505494117737 -0.9531154036521912 86 98 84
-6.208678722381592 0.6222599744796753 -0.9717690944671631 67 87 75
-6.04140043258667 0.3834075629711151 -1.0024850368499756 70 67 76
-5.744743824005127 0.1528708040714264 -1.010830044746399 106 123 78
-5.318172931671143 0.7365679740905762 -0.9875156283378601 107 121 86
-5.125303745269775 0.5164806246757507 -0.9977586269378662 82 103 72
-5.122945785522461 0.3275432586669922 -1.0465494394302368 86 98 94
-4.942075252532959 0.13202925026416779 -1.059054970741272 60 56 57
-4.567110538482666 0.635226845741272 -1.0267266035079956 75 111 50
-4.470951080322266 0.45400962233543396 -1.0456907749176025 89 83 83
-4.342402458190918 0.2798449695110321 -1.0572199821472168 89 90 84
-20.37639808654785 1.3095024824142456 0.3817155361175537 51 49 62
-20.47307014465332 0.575474202632904 0.1858861893415451 72 87 84
-21.92708396911621 2.2207353115081787 -0.18156246840953827 76 87 81
-17.446617126464844 1.1306970119476318 -0.31188586354255676 64 68 69
-16.523113250732422 0.4693519175052643 -0.4536343216896057 90 110 85
-17.547134399414062 2.4330224990844727 -0.6241939067840576 92 123 63
-15.565085411071777 1.5827163457870483 -0.7000535726547241 110 145 91
-12.334473609924316 0.8056538105010986 -0.6718147397041321 100 133 86
-11.382925033569336 0.32890817523002625 -0.7292232513427734 75 90 69
-11.219632148742676 1.562061071395874 -0.8131827712059021 118 156 81
-10.322632789611816 1.0561974048614502 -0.846542239189148 90 120 68
-9.66815185546875 0.6348862648010254 -0.881595253944397 95 130 74
-9.140745162963867 0.26587703824043274 -0.9222649335861206 93 121 63
-8.55299186706543 1.194448471069336 -0.9399991631507874 81 86 89
-8.027057647705078 0.8261308670043945 -0.9569398760795593 77 91 74
-7.568361759185791 0.5005797147750854 -0.9725897908210754 90 111 78
-7.115301609039307 0.21069170534610748 -0.9832041263580322 91 113 75
-6.456559658050537 0.9063868522644043 -0.9519596099853516 71 82 78
-6.170374393463135 0.6375475525856018 -0.9660754203796387 74 89 82
-6.040195941925049 0.4019404947757721 -1.0024850368499756 57 65 67
-5.72160530090332 0.16982266306877136 -1.0068455934524536 67 102 46
-5.3197832107543945 0.7534321546554565 -0.9882392287254333 81 104 75
-5.086587905883789 0.5283480286598206 -0.9905325770378113 110 138 123
-5.124849796295166 0.3434552550315857 -1.0471487045288086 89 104 97
-4.942624568939209 0.14721980690956116 -1.0592644214630127 56 54 67
-4.567072868347168 0.649510383605957 -1.0271612405776978 101 105 104
-4.490848541259766 0.46995431184768677 -1.050676703453064 66 58 69
-4.3473405838012695 0.2935587763786316 -1.0586365461349487 107 118 101
-20.4081974029541 1.3744287490844727 0.3823884129524231 51 51 63
-17.11397933959961 0.5336052775382996 0.1554012894630432 72 80 83
-21.962932586669922 2.2924599647521973 -0.18191668391227722 70 81 73
-17.53284454345703 1.1903122663497925 -0.3134911358356476 64 79 60
-16.521595001220703 0.5200418829917908 -0.4536343216896057 88 106 80
-17.569271087646484 2.491053581237793 -0.6252502799034119 80 105 63
-15.771784782409668 1.6526371240615845 -0.7095747590065002 82 114 41
-12.324970245361328 0.843014657497406 -0.6714348793029785 79 118 65
-11.277131080627441 0.3604811429977417 -0.7225131988525391 81 124 55
-11.246387481689453 1.6009734869003296 -0.8154740333557129 82 112 60
-10.349080085754395 1.0909966230392456 -0.8489816784858704 94 131 64
-9.476391792297363 0.6514983773231506 -0.864287793636322 80 114 63
-9.135909080505371 0.2937912940979004 -0.9218635559082031 93 123 63
-8.471539497375488 1.2095822095870972 -0.9314508438110352 94 101 93
-8.048185348510742 0.8532663583755493 -0.9597662091255188 78 100 77
-7.51731538772583 0.5203719139099121 -0.9662305116653442 93 122 64
-7.131453037261963 0.2330702245235443 -0.9855301380157471 93 106 76
-6.462563991546631 0.9274561405181885 -0.9532599449157715 71 73 85
-6.205726146697998 0.6604485511779785 -0.9719229340553284 62 67 70
-6.040903091430664 0.42060673236846924 -1.0028119087219238 61 59 72
-5.718104839324951 0.18727877736091614 -1.0063259601593018 76 108 71
-5.316473484039307 0.7696085572242737 -0.9880583882331848 103 124 107
-5.0966572761535645 0.5452041029930115 -0.9928144812583923 78 96 80
-5.121817111968994 0.35903942584991455 -1.046749234199524 97 115 101
-4.990036964416504 0.16395629942417145 -1.0695282220840454 72 88 77
-4.548637390136719 0.6611321568489075 -1.0234664678573608 79 97 75
-4.487448692321777 0.48352116346359253 -1.050223469734192 56 54 67
-4.381314754486084 0.30935874581336975 -1.0671356916427612 62 55 71
-17.823530197143555 2.564490556716919 0.6823199391365051 211 249 252
-21.455097198486328 1.5110700130462646 0.4020891487598419 62 65 82
-17.117258071899414 0.5862787961959839 0.15544666349887848 68 75 81
-35.433712005615234 3.8084499835968018 -0.29358911514282227 71 82 76
-17.58296775817871 1.2479190826416016 -0.3144543170928955 79 84 80
-16.510929107666016 0.5704163312911987 -0.45338740944862366 76 103 68
-17.56352424621582 2.5452303886413574 -0.6253207325935364 84 112 61
-15.794450759887695 1.704016923904419 -0.7108263373374939 84 109 51
-12.272526741027832 0.8772634267807007 -0.6687213182449341 81 114 69
-11.523313522338867 0.40374329686164856 -0.7383617162704468 86 101 80
-11.243396759033203 1.635756492614746 -0.8156172633171082 77 105 57
-10.344693183898926 1.1226344108581543 -0.848900318145752 106 131 74
-9.56772232055664 0.687275767326355 -0.872805655002594 99 124 69
-9.139936447143555 0.3219936192035675 -0.9223653078079224 107 138 68
-8.4569673538208 1.233987808227539 -0.9302604794502258 80 93 76
-8.048491477966309 0.8782770037651062 -0.9601194858551025 76 89 72
-7.494907855987549 0.541930079460144 -0.9635595679283142 108 148 85
-7.103975296020508 0.2539924383163452 -0.9818358421325684 72 102 68
-6.501786231994629 0.9534521102905273 -0.9594724178314209 78 79 83
-6.2331366539001465 0.6827117204666138 -0.9765393733978271 58 69 63
-6.0415520668029785 0.43928107619285583 -1.0031386613845825 86 87 71
-5.722424030303955 0.20499707758426666 -1.0071920156478882 59 82 76
-5.323816299438477 0.7873544692993164 -0.9898672699928284 78 95 87
-5.090081214904785 0.5603007674217224 -0.9918636679649353 86 97 89
-5.087465763092041 0.37231963872909546 -1.0399572849273682 89 98 97
-4.985601425170898 0.17912431061267853 -1.068690299987793 45 50 56
-4.59196662902832 0.6818220019340515 -1.0336815118789673 81 85 84
-4.472391605377197 0.49578380584716797 -1.0470505952835083 59 61 73
-4.397789001464844 0.32408446073532104 -1.071385383605957 109 111 124
-17.81557846069336 2.6191601753234863 0.6823199391365051 205 246 252
-19.03031349182129 1.398980736732483 0.35672515630722046 85 100 119
-16.980478286743164 0.6337562203407288 0.15422146022319794 75 84 83
-39.98224639892578 5.905089855194092 0.05360979586839676 94 103 76
-17.470901489257812 1.9320271015167236 -0.14480513334274292 93 107 82
-17.681758880615234 1.3094629049301147 -0.316291481256485 83 97 97
-16.365259170532227 0.6156570911407471 -0.44943705201148987 73 84 70
-17.53882598876953 2.596614360809326 -0.6247220635414124 98 126 78
-15.800070762634277 1.7536778450012207 -0.7113180756568909 86 117 58
-12.263803482055664 0.9144654273986816 -0.6683957576751709 93 121 72
-11.54395866394043 0.4399304986000061 -0.7397676110267639 98 121 77
-11.245231628417969 1.671269416809082 -0.8161184787750244 87 110 82
-10.322380065917969 1.1522653102874756 -0.8473553657531738 85 123 66
-8.863444328308105 0.6640246510505676 -0.8087406754493713 90 120 66
-9.147852897644043 0.350375771522522 -0.9232683777809143 88 120 53
-8.466907501220703 1.261979341506958 -0.9317753911018372 71 73 70
-8.046746253967285 0.9030759930610657 -0.9602372050285339 91 102 96
-7.478374004364014 0.5638030767440796 -0.9616518020629883 88 110 74
-7.0893049240112305 0.2752479016780853 -0.9799203872680664 93 119 84
-6.5232954025268555 0.9770591855049133 -0.96308434009552 75 73 86
-6.233958721160889 0.7021633386611938 -0.9770010709762573 63 74 70
-6.033289432525635 0.4572922885417938 -1.0019949674606323 90 94 103
-5.73160982131958 0.22293506562709808 -1.0089244842529297 94 107 90
-5.32623815536499 0.8044183850288391 -0.9907717704772949 84 111 66
-5.122481822967529 0.5797787308692932 -0.9985193014144897 86 97 83
-5.060897350311279 0.38598862290382385 -1.0347635746002197 65 62 71
-4.992845058441162 0.1947239190340042 -1.0703660249710083 67 71 72
-4.624595642089844 0.7011743783950806 -1.0415059328079224 79 82 87
-4.466011047363281 0.5089511871337891 -1.0459173917770386 71 76 70
-4.397742748260498 0.33764955401420593 -1.0716215372085571 71 121 109
-17.808446884155273 2.6739535331726074 0.6823577880859375 53 81 85
-21.468351364135742 1.6444439888000488 0.4025190770626068 73 88 95
-16.89652442932129 0.6825390458106995 0.1534772664308548 77 83 83
-40.62842559814453 6.127949237823486 0.05450117215514183 87 112 72
-34.45486068725586 3.917240858078003 -0.28567254543304443 81 89 78
-18.243885040283203 1.407383918762207 -0.32642248272895813 78 90 80
-16.397253036499023 0.667244017124176 -0.45036980509757996 78 95 59
-17.513978958129883 2.6478707790374756 -0.6241234540939331 88 120 71
-15.79461669921875 1.8021435737609863 -0.7113180756568909 70 99 51
-12.287818908691406 0.9541731476783752 -0.6698610186576843 78 108 56
-11.540560722351074 0.47526267170906067 -0.7396398186683655 86 106 81
-11.241036415100098 1.7059110403060913 -0.8161900043487549 79 97 73
-10.291070938110352 1.1807475090026855 -0.8450786471366882 89 131 59
-9.433258056640625 0.7358236908912659 -0.8609350323677063 88 116 78
-9.166617393493652 0.37926194071769714 -0.9252753257751465 95 122 71
-8.43252944946289 1.2833130359649658 -0.9284210205078125 97 109 105
-8.03999137878418 0.9273037314414978 -0.9597662091255188 66 77 69
-7.467709541320801 0.5860453844070435 -0.9605071544647217 90 121 51
-7.076550483703613 0.29649868607521057 -0.9782785177230835 102 130 90
-6.503638744354248 0.9945250153541565 -0.9606282114982605 82 83 85
-6.234719753265381 0.721626341342926 -0.9774627089500427 79 79 81
-5.961045742034912 0.47021421790122986 -0.9902318120002747 70 68 69
-5.739754676818848 0.2408900260925293 -1.0104835033416748 79 104 74
-5.320829391479492 0.8203057646751404 -0.9902291297912598 74 99 67
-5.1401824951171875 0.5977596640586853 -1.0023224353790283 76 79 70
-5.0372233390808105 0.3997306227684021 -1.0301690101623535 81 85 71
-4.992224216461182 0.2100408375263214 -1.0703660249710083 53 46 62
-4.612776756286621 0.7138662934303284 -1.039332389831543 104 107 114
-4.466362953186035 0.5228767991065979 -1.0463706254959106 47 42 65
-4.404435634613037 0.3517589569091797 -1.0735102891921997 90 80 114
-17.802135467529297 2.728879451751709 0.682433545589447 53 56 63
-19.14296531677246 1.5254113674163818 0.35900551080703735 76 92 107
-16.686555862426758 0.7253410816192627 0.1515895426273346 67 70 63
-17.962322235107422 2.7656288146972656 0.02410690113902092 46 61 56
-18.73780059814453 1.5033286809921265 -0.3353406488895416 65 75 67
-16.443063735961914 0.7196448445320129 -0.4516865611076355 68 79 71
-17.287492752075195 2.6679041385650635 -0.616341233253479 56 84 25
-15.615376472473145 1.8302407264709473 -0.7034955024719238 83 101 75
-12.246018409729004 0.988733172416687 -0.667744517326355 82 117 59
-11.59089183807373 0.5129607319831848 -0.7429628968238831 90 105 86
-11.207165718078613 1.7359623908996582 -0.8141136169433594 81 94 74
-10.289379119873047 1.212547779083252 -0.8452412486076355 81 112 55
-9.143094062805176 0.741418182849884 -0.8346566557884216 85 120 78
-9.151494979858398 0.4067644476890564 -0.9238705039024353 81 108 55
-8.392205238342285 1.3035318851470947 -0.92441725730896 89 93 94
-8.022315979003906 0.950213611125946 -0.9579997062683105 75 83 72
-7.469830513000488 0.6092756986618042 -0.9610158801078796 101 136 56
-7.070659637451172 0.31798532605171204 -0.9775944352149963 90 120 68
-6.435052871704102 1.0042506456375122 -0.9509482383728027 100 99 97
-6.222664833068848 0.7395846843719482 -0.9759238958358765 121 138 130
-5.9399094581604 0.4868882894515991 -0.986964225769043 69 81 79
-5.7724409103393555 0.2600049674510956 -1.0163735151290894 73 84 88
-5.3250885009765625 0.837695837020874 -0.9914954304695129 62 72 63
-5.150022506713867 0.6149234771728516 -1.0046043395996094 75 87 83
-4.968592643737793 0.40962764620780945 -1.0163854360580444 71 99 77
-4.9935102462768555 0.2254439890384674 -1.0707850456237793 87 95 97
-4.6018877029418945 0.7266445755958557 -1.0373764038085938 96 120 107
-4.451199531555176 0.5349498987197876 -1.043197751045227 62 72 71
-4.402367115020752 0.3651895523071289 -1.0732741355895996 61 117 82
-17.79368019104004 2.783482789993286 0.682433545589447 41 43 55
-19.005672454833984 1.5731645822525024 0.35651955008506775 80 97 107
-17.03785514831543 0.7929889559745789 0.15480230748653412 74 74 86
-17.94387435913086 2.819171190261841 0.024093637242913246 40 28 52
-18.61552619934082 1.551012396812439 -0.3332359492778778 67 77 69
-16.565593719482422 0.7759344577789307 -0.4551157057285309 67 86 67
-17.079809188842773 2.6895270347595215 -0.6092281341552734 56 55 71
-15.824918746948242 1.9040358066558838 -0.7131955027580261 78 108 58
-12.20710563659668 1.0232958793640137 -0.6657907366752625 80 120 50
-11.625149726867676 0.5502171516418457 -0.7452635169029236 90 128 67
-11.199817657470703 1.7700259685516357 -0.8139704465866089 73 81 94
-10.273736953735352 1.2426731586456299 -0.8442655205726624 97 135 74
-9.249938011169434 0.7786543965339661 -0.8446242809295654 99 132 75
-9.15318489074707 0.434980571269989 -0.9241714477539062 92 121 73
-8.357728004455566 1.324449062347412 -0.9210628271102905 84 106 94
-8.002604484558105 0.9727841019630432 -0.9559977054595947 81 79 67
-7.4768218994140625 0.6329429745674133 -0.962160587310791 105 134 78
-7.067671298980713 0.3395811915397644 -0.9773207306861877 88 117 63
-6.390899181365967 1.0174542665481567 -0.9448802471160889 81 92 76
-6.203692436218262 0.7566383481025696 -0.9733078479766846 79 88 71
-5.975742816925049 0.508286714553833 -0.9931726455688477 75 90 87
-5.784404754638672 0.27832868695259094 -1.0186256170272827 60 64 73
-5.328320026397705 0.8549638986587524 -0.9925808310508728 93 104 87
-5.138367176055908 0.6295267343521118 -1.0027027130126953 92 107 66
-4.96145486831665 0.42436811327934265 -1.0151869058609009 84 100 87
-4.959587574005127 0.23916146159172058 -1.063663125038147 76 84 86
-4.617946624755859 0.7437083125114441 -1.0415059328079224 143 168 162
-4.4553375244140625 0.5493185520172119 -1.0445575714111328 56 53 70
-4.403162479400635 0.378860741853714 -1.0737464427947998 84 99 68
-17.78209686279297 2.837587594985962 0.6823199391365051 44 47 54
-18.975852966308594 1.6293275356292725 0.3560522794723511 77 89 101
-19.532167434692383 0.9691436886787415 0.17749127745628357 70 77 85
-17.92032814025879 2.871835231781006 0.024073738604784012 36 32 49
-21.56719207763672 1.8635838031768799 -0.38617417216300964 67 82 79
-16.549158096313477 0.826055645942688 -0.45473164319992065 69 83 70
-17.144495010375977 2.7536420822143555 -0.611833930015564 45 43 54
-16.05794906616211 1.9820706844329834 -0.7239683270454407 96 124 65
-13.728899955749512 1.1932915449142456 -0.7489874362945557 95 127 77
-11.626397132873535 0.5860307216644287 -0.7454552054405212 94 128 52
-11.17956256866455 1.8019973039627075 -0.8128963708877563 74 92 76
-10.263941764831543 1.273450493812561 -0.8437776565551758 84 123 68
-9.2197265625 0.8046048879623413 -0.8420870900154114 100 128 79
-9.034553527832031 0.45712730288505554 -0.9123308062553406 86 114 66
-8.33596134185791 1.3472291231155396 -0.9191151261329651 82 93 77
-7.9857869148254395 0.9956112504005432 -0.9543490409851074 74 76 71
-7.479784965515137 0.6563120484352112 -0.9627964496612549 95 119 71
-7.0725321769714355 0.36156636476516724 -0.9781416654586792 85 110 55
-6.353562355041504 1.0315065383911133 -0.9398235082626343 84 98 73
-6.163104057312012 0.7708846926689148 -0.9673064351081848 69 81 71
-5.978085994720459 0.5269641280174255 -0.9938260912895203 69 78 77
-5.793359756469727 0.29657721519470215 -1.0203579664230347 65 73 76
-5.32373046875 0.8709893226623535 -0.9922189712524414 85 104 74
-5.130566596984863 0.6445538401603699 -1.0015617609024048 75 100 78
-4.966961860656738 0.44019314646720886 -1.0165852308273315 78 100 61
-4.936370372772217 0.2532239854335785 -1.0588455200195312 60 67 60
-4.644538879394531 0.7626170516014099 -1.0480260848999023 131 147 144
-4.45652961730957 0.5633512139320374 -1.045237421989441 50 56 72
-4.385525226593018 0.39090102910995483 -1.0697327852249146 117 134 142
-17.788103103637695 2.8945364952087402 0.6828879714012146 53 56 61
-18.98470687866211 1.688777208328247 0.35631394386291504 50 61 79
-19.264480590820312 1.0151190757751465 0.17508624494075775 66 80 81
-17.718000411987305 2.8951926231384277 0.023813756182789803 34 24 49
-35.585792541503906 4.488807201385498 -0.29548385739326477 72 82 74
-21.639049530029297 1.9366942644119263 -0.38756537437438965 75 96 81
-16.702268600463867 0.8850758671760559 -0.4590111970901489 72 87 56
-17.2000732421875 2.816725969314575 -0.6141228079795837 75 87 77
-15.904118537902832 2.012638568878174 -0.7173079252243042 88 112 60
-12.18567943572998 1.0968352556228638 -0.6649766564369202 84 119 53
-11.723200798034668 0.626973569393158 -0.7517818212509155 69 94 55
-11.177918434143066 1.836934208869934 -0.8131827712059021 70 79 74
-10.266907691955566 1.3058140277862549 -0.844346821308136 106 131 92
-9.015870094299316 0.8146929144859314 -0.8236921429634094 90 125 92
-9.01919937133789 0.4840961992740631 -0.9109259843826294 87 122 58
-8.28764820098877 1.365524172782898 -0.9142457842826843 73 77 63
-7.962009429931641 1.017463207244873 -0.9518760442733765 68 71 76
-7.477735996246338 0.6792566180229187 -0.9627964496612549 82 97 68
-7.07930326461792 0.38369178771972656 -0.9792363047599792 80 109 53
-6.324985504150391 1.0467933416366577 -0.9360671043395996 73 78 71
-6.120527744293213 0.7846378684043884 -0.9609972834587097 81 81 81
-5.966616153717041 0.5444057583808899 -0.9921923279762268 61 62 66
-5.784554958343506 0.313922643661499 -1.0189721584320068 55 52 69
-5.319093227386475 0.8869946599006653 -0.9918571710586548 65 65 77
-5.123696327209473 0.6596643328666687 -1.0006109476089478 84 106 104
-4.964612007141113 0.4553399980068207 -1.0163854360580444 83 94 77
-4.918971538543701 0.26746484637260437 -1.0552845001220703 64 68 80
-4.639289379119873 0.776379406452179 -1.0473741292953491 127 123 137
-4.462508201599121 0.5780219435691833 -1.0470505952835083 53 51 65
-4.3823699951171875 0.4041753113269806 -1.069260597229004 90 111 92
-17.802797317504883 2.9530203342437744 0.6837966442108154 42 40 54
-21.662622451782227 1.9939945936203003 0.4066872298717499 56 61 81
-21.731334686279297 1.211974024772644 0.19753924012184143 85 96 90
-17.717912673950195 2.9510159492492676 0.023825693875551224 37 28 55
-35.570858001708984 4.597833156585693 -0.2954756021499634 83 95 83
-21.567296981811523 1.9969886541366577 -0.3863881826400757 72 85 75
-16.763351440429688 0.93989497423172 -0.4607669413089752 69 89 54
-17.30569839477539 2.8885679244995117 -0.6182076334953308 74 87 77
-15.845361709594727 2.0546138286590576 -0.7149388194084167 70 92 69
-14.123980522155762 1.3149973154067993 -0.7709670066833496 81 118 49
-11.704283714294434 0.6619789004325867 -0.7506954669952393 79 115 54
-11.15649127960205 1.8685827255249023 -0.8120371103286743 68 76 65
-10.245062828063965 1.3349881172180176 -0.8428831696510315 86 122 52
-9.103561401367188 0.8507821559906006 -0.8319382071495056 101 131 81
-9.097139358520508 0.5162743330001831 -0.918953537940979 87 125 76
-8.251066207885742 1.3855111598968506 -0.9106749296188354 88 105 69
-7.943096160888672 1.0398231744766235 -0.9499918818473816 82 92 81
-7.4845051765441895 0.7030296921730042 -0.9639411568641663 102 124 88
-7.083037376403809 0.4056921899318695 -0.9799203872680664 77 104 69
-6.311987400054932 1.0645476579666138 -0.9346223473548889 97 117 89
-6.097518444061279 0.8007100820541382 -0.9577657580375671 91 112 103
-5.957059860229492 0.5619671940803528 -0.9908852577209473 68 72 71
-5.815029144287109 0.3334723114967346 -1.0245157480239868 67 59 72
-5.3105292320251465 0.9023207426071167 -0.9907717704772949 65 66 71
-5.120675086975098 0.6752521395683289 -1.0004208087921143 85 107 69
-4.946608543395996 0.4689967930316925 -1.0129895210266113 69 74 80
-4.924961566925049 0.2829473614692688 -1.056750774383545 85 99 99
-4.633999347686768 0.7901167273521423 -1.046722173690796 91 107 123
-4.479058742523193 0.5941434502601624 -1.0513566732406616 127 137 139
-4.376272678375244 0.41715729236602783 -1.068080186843872 114 112 100
-20.48188591003418 1.193498134613037 0.9366782307624817 204 248 251
-17.787742614746094 3.0066256523132324 0.6835694909095764 54 57 64
-21.58673095703125 2.053816318511963 0.4053788483142853 61 66 85
-20.419830322265625 1.201683521270752 0.18565022945404053 73 82 89
-17.717647552490234 3.0068655014038086 0.023837631568312645 38 36 57
-35.73106002807617 4.730038166046143 -0.29692548513412476 84 95 87
-21.604862213134766 2.0673372745513916 -0.38717299699783325 80 107 76
-16.792320251464844 0.9932084679603577 -0.4616447985172272 67 80 70
-17.27901840209961 2.938631296157837 -0.6175737380981445 38 35 44
-15.544861793518066 2.0641613006591797 -0.7016627788543701 95 126 67
-14.137771606445312 1.360044002532959 -0.7719438672065735 84 115 47
-11.771930694580078 0.7020426392555237 -0.7551687955856323 93 128 74
-11.119242668151855 1.8974326848983765 -0.8097459077835083 74 81 73
-10.247834205627441 1.3673360347747803 -0.8434523344039917 84 109 70
-9.191113471984863 0.8874170184135437 -0.8401841521263123 68 99 58
-9.02599048614502 0.540022075176239 -0.9119294881820679 82 115 70
-8.238937377929688 1.4094774723052979 -0.9098092317581177 63 69 59
-7.941837310791016 1.0644510984420776 -0.9502273797988892 79 94 73
-7.494159698486328 0.7271379828453064 -0.9654673933982849 87 97 73
-7.094613552093506 0.4281965494155884 -0.9816990494728088 90 110 75
-6.288212299346924 1.0803889036178589 -0.931588351726532 81 101 74
-6.085239887237549 0.8180966377258301 -0.9562268853187561 80 96 70
-5.945488929748535 0.5792838931083679 -0.9892515540122986 69 78 73
-5.82184362411499 0.35178622603416443 -1.0259015560150146 60 58 80
-5.2970757484436035 0.9167640209197998 -0.9887819290161133 79 85 71
-5.134146690368652 0.6930603981018066 -1.0034633874893188 77 94 78
-4.961724758148193 0.48579373955726624 -1.0163854360580444 83 98 77
-4.8879570960998535 0.2958696782588959 -1.04900062084198 63 73 65
-4.629629611968994 0.8039958477020264 -1.0462874174118042 132 142 141
-4.48590087890625 0.6090614795684814 -1.0533963441848755 75 109 84
-4.374972343444824 0.43058153986930847 -1.068080186843872 25 83 68
-20.48809814453125 1.256941795349121 0.937134325504303 203 247 250
-17.790250778198242 3.063218116760254 0.6840238571166992 45 47 59
-43.75971984863281 5.9054155349731445 1.2472827434539795 75 88 94
-20.3751277923584 1.2617908716201782 0.18527813255786896 38 30 53
-17.669910430908203 3.054565191268921 0.023785900324583054 43 40 59
-35.92546081542969 4.8679680824279785 -0.2986636459827423 80 93 76
-21.631254196166992 2.1368539333343506 -0.38776159286499023 88 115 74
-17.311986923217773 1.0772531032562256 -0.4760197699069977 52 81 61
-17.28469467163086 2.994187593460083 -0.618101954460144 52 52 60
-15.52261734008789 2.109689950942993 -0.7009475827217102 93 124 67
-14.09676742553711 1.3997610807418823 -0.7699358463287354 89 109 72
-12.015732765197754 0.753584086894989 -0.770953357219696 96 133 64
-10.832316398620605 1.8826892375946045 -0.7892677187919617 86 94 81
-10.316668510437012 1.4087481498718262 -0.8494694828987122 72 104 67
-9.096187591552734 0.9064270853996277 -0.8317570090293884 67 92 52
-8.653905868530273 0.544410228729248 -0.8745010495185852 91 126 44
-8.212048530578613 1.4308228492736816 -0.907320499420166 70 89 67
-7.926727771759033 1.0871920585632324 -0.9488142132759094 92 104 90
-7.498802185058594 0.7508180141448975 -0.9663577079772949 75 92 76
-7.093266487121582 0.44996050000190735 -0.9816990494728088 90 116 71
-6.271222114562988 1.0972881317138672 -0.9295656681060791 65 82 66
-6.068018436431885 0.8347422480583191 -0.9539186954498291 84 99 66
-5.949573516845703 0.5981137752532959 -0.9902318120002747 73 78 72
-5.816804885864258 0.36939606070518494 -1.025208592414856 59 57 60
-5.303924083709717 0.9347178936004639 -0.9905909299850464 95 105 104
-5.133941173553467 0.7090771198272705 -1.0038436651229858 81 101 74
-4.964110374450684 0.5014076232910156 -1.0171844959259033 111 131 106
-4.888978004455566 0.3109884560108185 -1.0494195222854614 55 68 59
-4.627140998840332 0.8181955814361572 -1.0462874174118042 192 234 233
-4.491728782653809 0.623893141746521 -1.0552093982696533 96 100 86
-4.390065670013428 0.4456701874732971 -1.0720937252044678 84 100 97
-20.482152938842773 1.3196641206741333 0.9370431303977966 209 250 252
-17.7945499420166 3.120199680328369 0.6845539808273315 48 48 60
-21.542884826660156 2.1831064224243164 0.4047994017601013 66 83 101
-20.303306579589844 1.3198838233947754 0.18466098606586456 42 48 60
-35.49732208251953 4.920904636383057 -0.2952284812927246 71 82 74
-21.606691360473633 2.201383352279663 -0.3874405324459076 76 93 74
-17.3435115814209 1.1326403617858887 -0.47697991132736206 64 84 72
-17.166181564331055 3.027932643890381 -0.6141932606697083 80 105 66
-15.691210746765137 2.1816534996032715 -0.7088595628738403 82 116 81
-14.405306816101074 1.4750423431396484 -0.7870311141014099 89 126 72
-12.010377883911133 0.7902477979660034 -0.7707617282867432 100 135 69
-10.82845401763916 1.916261076927185 -0.7894109487533569 88 115 74
-10.355730056762695 1.446459174156189 -0.8530471920967102 88 110 71
-9.097326278686523 0.9347366690635681 -0.8321194052696228 89 116 75
-8.607519149780273 0.5680093169212341 -0.8699855208396912 87 114 59
-8.186086654663086 1.4521902799606323 -0.9049400091171265 69 79 68
-7.908604621887207 1.1094366312026978 -0.9470478296279907 86 97 89
-7.501396656036377 0.7743297219276428 -0.9669935703277588 76 82 72
-7.0453972816467285 0.46863022446632385 -0.9752684235572815 92 109 75
-6.256135940551758 1.1144404411315918 -0.9278319478034973 79 98 66
-6.0615153312683105 0.8528040647506714 -0.9533030986785889 85 101 90
-5.96929931640625 0.6186012029647827 -0.9938260912895203 77 89 85
-5.813679218292236 0.3871091604232788 -1.0248621702194214 92 108 108
-5.322328567504883 0.9548062682151794 -0.9945706129074097 96 121 118
-5.124937057495117 0.7238633632659912 -1.0025125741958618 68 95 54
-4.98106575012207 0.5185627341270447 -1.0209800004959106 49 89 52
-4.871414661407471 0.32488003373146057 -1.04585862159729 88 102 79
-4.618845462799072 0.8313501477241516 -1.0449833869934082 86 101 96
-4.485936641693115 0.6371228694915771 -1.0543029308319092 101 108 90
-4.374180793762207 0.45761996507644653 -1.0685522556304932 95 120 98
-20.4849853515625 1.3829673528671265 0.9373624324798584 219 255 253
-17.788827896118164 3.1754801273345947 0.684705376625061 50 48 62
-20.93665885925293 1.4255744218826294 0.19046027958393097 60 58 69
-41.26566696166992 7.3945698738098145 0.055608756840229034 98 108 97
-35.944419860839844 5.095328330993652 -0.29907554388046265 75 84 79
-21.993610382080078 2.309001922607422 -0.39450374245643616 80 105 75
-17.498525619506836 1.1966885328292847 -0.48134180903434753 68 90 78
-17.11648178100586 3.0733420848846436 -0.6127495169639587 84 115 56
-15.681476593017578 2.2293612957000732 -0.7087254524230957 89 127 70
-14.411636352539062 1.5203826427459717 -0.7876280546188354 85 120 64
-12.024822235107422 0.8282572031021118 -0.7718481421470642 81 117 69
-10.76068115234375 1.938333511352539 -0.7849000692367554 70 90 53
-10.368017196655273 1.4806187152862549 -0.8544295430183411 117 138 119
-9.316254615783691 0.9861240983009338 -0.8524172306060791 82 110 49
-8.446922302246094 0.5834445953369141 -0.8539304137229919 90 108 66
-8.158113479614258 1.4730583429336548 -0.9023429751396179 71 79 66
-7.890418529510498 1.1315799951553345 -0.9452813863754272 64 82 68
-7.495040416717529 0.7969205379486084 -0.9664849042892456 73 74 76
-7.099266052246094 0.49409452080726624 -0.9829304814338684 83 98 65
-6.228346824645996 1.1292155981063843 -0.9242200255393982 92 114 75
-6.07451868057251 0.8736470937728882 -0.9557652473449707 72 102 66
-5.989936351776123 0.6393200755119324 -0.99758380651474 86 87 91
-5.792814254760742 0.40357446670532227 -1.0213974714279175 89 87 98
-5.313569068908691 0.9700706601142883 -0.9934852123260498 112 119 138
-5.132408618927002 0.7409858107566833 -1.0044140815734863 72 85 67
-4.9794511795043945 0.5338419675827026 -1.0209800004959106 78 89 83
-4.854788303375244 0.33873483538627625 -1.0425071716308594 82 94 84
-4.607632160186768 0.8439339399337769 -1.0430272817611694 92 117 88
-4.482996463775635 0.6507425308227539 -1.0540761947631836 124 139 134
-4.374688625335693 0.47124579548835754 -1.0690245628356934 116 135 115
-17.76720428466797 3.2278974056243896 0.684251070022583 201 246 251
-17.748924255371094 2.561779737472534 0.5065479874610901 163 194 214
-21.509702682495117 1.5309038162231445 0.1957150548696518 78 88 90
-35.94742202758789 5.208304405212402 -0.2992320656776428 77 83 71
-24.421846389770508 2.6397063732147217 -0.43820270895957947 79 108 64
-17.675243377685547 1.2632660865783691 -0.48630720376968384 62 81 61
-16.974252700805664 3.1015894412994385 -0.6079956889152527 87 113 50
-15.642927169799805 2.27286434173584 -0.7072950601577759 84 117 64
-14.352306365966797 1.5586605072021484 -0.7846431732177734 74 114 41
-12.080951690673828 0.8693710565567017 -0.7756185531616211 78 106 68
-10.719364166259766 1.9648635387420654 -0.782322347164154 74 104 68
-10.359481811523438 1.5118446350097656 -0.8541043400764465 61 74 57
-9.319125175476074 1.0153484344482422 -0.8529608845710754 81 104 76
-8.356771469116211 0.602983832359314 -0.8449997901916504 64 94 66
-8.129110336303711 1.493588924407959 -0.899637758731842 65 67 56
-7.880032062530518 1.1547741889953613 -0.9444569945335388 74 90 77
-7.469882488250732 0.8174296021461487 -0.9635595679283142 76 76 76
-7.1145124435424805 0.5170931816101074 -0.9852564334869385 77 92 59
-6.230691432952881 1.1493957042694092 -0.9250868558883667 83 108 76
-6.118734359741211 0.8991751074790955 -0.9631516337394714 74 85 77
-5.99186897277832 0.6581247448921204 -0.9982372522354126 65 75 67
-5.782707691192627 0.4207015037536621 -1.0198382139205933 42 42 32
-5.324105262756348 0.9888822436332703 -0.9960177540779114 106 131 101
-5.161190986633301 0.7613128423690796 -1.010499119758606 65 66 61
-4.978764533996582 0.5492236614227295 -1.0211797952651978 82 104 66
-4.843973636627197 0.35291698575019836 -1.0404125452041626 60 59 64
-4.579112529754639 0.8532384037971497 -1.0371590852737427 86 96 97
-4.478088855743408 0.6640645265579224 -1.0533963441848755 117 136 130
-4.329760551452637 0.4798482358455658 -1.0584003925323486 83 87 99
-17.771636962890625 2.620741367340088 0.5074233412742615 45 59 72
-21.836977005004883 1.6215461492538452 0.1987372189760208 68 78 79
-41.355201721191406 7.672806262969971 0.05579180642962456 90 110 82
-24.739572525024414 2.750861406326294 -0.4440530240535736 88 121 66
-17.686237335205078 1.3186017274856567 -0.48671868443489075 76 89 72
-16.906686782836914 3.1428747177124023 -0.6059181094169617 95 124 70
-15.469867706298828 2.296204090118408 -0.6997853517532349 81 110 56
-14.377227783203125 1.606010913848877 -0.7862712740898132 96 132 34
-12.077232360839844 0.9063560962677002 -0.7755545973777771 85 119 69
-10.663278579711914 1.9884159564971924 -0.7786706686019897 90 114 66
-10.33409309387207 1.5405339002609253 -0.8523967862129211 77 74 81
-9.3258638381958 1.0450434684753418 -0.8538670539855957 79 115 67
-8.329086303710938 0.6266783475875854 -0.8423908352851868 74 89 70
-8.109832763671875 1.5157819986343384 -0.8980146646499634 58 75 59
-7.878416061401367 1.1792383193969727 -0.9446925520896912 89 92 81
-7.44565486907959 0.8379027843475342 -0.9607614874839783 71 85 72
-7.096100807189941 0.5376455187797546 -0.9829304814338684 67 84 66
-6.256311893463135 1.173980474472046 -0.9294211268424988 74 99 60
-6.148192405700684 0.9227826595306396 -0.9682297706604004 86 86 94
-5.988841533660889 0.6763937473297119 -0.998073935508728 78 95 79
-5.7813897132873535 0.43844062089920044 -1.0198382139205933 54 67 73
-5.3181471824646 1.0046640634536743 -0.9954751133918762 122 138 137
-5.166597366333008 0.7783135175704956 -1.012020468711853 54 52 57
-4.974134922027588 0.564164400100708 -1.0205804109573364 74 84 75
-4.818493366241455 0.3659253716468811 -1.0351759195327759 51 60 57
-4.552497386932373 0.8627392649650574 -1.0317254066467285 57 51 65
-4.4721784591674805 0.677216649055481 -1.0524897575378418 104 131 126
-4.363990783691406 0.4971994459629059 -1.0671356916427612 95 120 98
-17.80997085571289 2.682248592376709 0.5087504386901855 42 39 50
-21.550750732421875 1.6667886972427368 0.1961779147386551 86 99 90
-34.70556640625 5.245993137359619 -0.2891571819782257 81 87 75
-24.722076416015625 2.825726270675659 -0.4438924789428711 96 124 65
-17.71001434326172 1.3750227689743042 -0.4874868094921112 92 115 63
-16.79974937438965 3.1763482093811035 -0.6024320125579834 83 109 61
-15.216808319091797 2.3063771724700928 -0.6886549592018127 90 124 50
-14.1460542678833 1.6241439580917358 -0.7738975882530212 87 120 51
-12.124141693115234 0.9472910761833191 -0.7787498831748962 76 109 54
-10.69240665435791 2.0278115272521973 -0.7812483310699463 86 113 72
-10.300743103027344 1.5678818225860596 -0.8500387072563171 77 80 85
-9.396814346313477 1.0821952819824219 -0.8606631755828857 83 109 70
-8.44714641571045 0.6616294980049133 -0.8545325398445129 52 72 45
-8.120770454406738 1.543625831604004 -0.8997460007667542 75 98 52
-7.866907596588135 1.2022032737731934 -0.9437503814697266 81 100 81
-7.433196067810059 0.8596022725105286 -0.959489643573761 68 72 73
-7.042078971862793 0.5552864074707031 -0.9756789207458496 93 112 92
-6.278923988342285 1.1981769800186157 -0.9333220720291138 88 98 74
-6.162912845611572 0.9443345069885254 -0.9709996581077576 89 98 93
-5.910299301147461 0.6858932971954346 -0.9853304624557495 82 102 93
-5.787872791290283 0.4567955434322357 -1.0212242603302002 76 78 99
-5.308279037475586 1.0196764469146729 -0.9942088723182678 147 171 175
-5.155452251434326 0.7928177714347839 -1.0103089809417725 72 71 76
-4.970434188842773 0.5791953802108765 -1.0201809406280518 75 85 76
-4.8270955085754395 0.38147690892219543 -1.0372705459594727 48 41 59
-4.521075248718262 0.8711614608764648 -1.025205135345459 81 96 73
-4.489330768585205 0.6939095258712769 -1.0570224523544312 64 64 72
-4.374991416931152 0.5120541453361511 -1.0702049732208252 143 147 148
-17.798694610595703 2.7364203929901123 0.5086656808853149 42 34 57
-19.029762268066406 1.5305551290512085 0.17327111959457397 80 90 91
-41.345645904541016 7.933762550354004 0.0558435432612896 82 96 73
-18.092281341552734 2.7915782928466797 -0.15081052482128143 90 99 78
-25.09957504272461 2.9469125270843506 -0.4508308172225952 96 125 77
-18.06939125061035 1.4587090015411377 -0.49749988317489624 59 87 62
-16.70846939086914 3.2122139930725098 -0.5995092391967773 97 131 70
-15.142526626586914 2.3426647186279297 -0.6856153011322021 85 111 63
-14.246121406555176 1.6799312829971313 -0.7796503305435181 96 125 71
-12.15400218963623 0.9871490001678467 -0.7808587551116943 87 114 59
-10.684176445007324 2.060228109359741 -0.781105101108551 95 120 90
-10.279141426086426 1.5968756675720215 -0.8486563563346863 77 89 87
-9.437954902648926 1.1162830591201782 -0.8647408485412598 93 125 88
-8.47482681274414 0.6899638772010803 -0.857542872428894 70 93 73
-8.10721206665039 1.5668350458145142 -0.898772120475769 61 76 55
-7.8219733238220215 1.2199060916900635 -0.9388044476509094 81 100 70
-7.425599098205566 0.8818181753158569 -0.9588537216186523 72 90 78
-7.036392688751221 0.5765649676322937 -0.975131630897522 87 110 68
-6.277161121368408 1.2178117036819458 -0.9336110353469849 76 101 61
-6.1619391441345215 0.9635428786277771 -0.9713073968887329 68 62 66
-5.836654186248779 0.6955010294914246 -0.9734038710594177 68 78 79
-5.8001861572265625 0.47567734122276306 -1.0236494541168213 82 80 93
-5.2993340492248535 1.0348262786865234 -0.993123471736908 102 128 115
-5.1520256996154785 0.808478593826294 -1.010118842124939 50 49 55
-4.968633651733398 0.5944417119026184 -1.0201809406280518 84 102 80
-4.8210296630859375 0.39588427543640137 -1.0362231731414795 88 95 101
-4.515507698059082 0.8844649791717529 -1.0245531797409058 70 72 71
-4.497763633728027 0.7093484401702881 -1.0595154762268066 115 143 129
-4.3762946128845215 0.5258218050003052 -1.070913314819336 87 86 100
-17.781328201293945 2.789618730545044 0.5084115862846375 41 40 54
-19.01302146911621 1.5879318714141846 0.17316222190856934 83 96 89
-18.094497680664062 2.8487820625305176 -0.15090113878250122 42 41 46
-21.317323684692383 2.569169044494629 -0.38303494453430176 86 118 68
-18.068815231323242 1.514472246170044 -0.49760961532592773 69 89 64
-16.69657325744629 3.2630763053894043 -0.5994387865066528 97 129 88
-15.075074195861816 2.379608631134033 -0.6828885674476624 94 121 80
-13.993077278137207 1.6936348676681519 -0.7660827040672302 89 123 73
-12.152905464172363 1.0245999097824097 -0.7809865474700928 86 124 41
-10.712063789367676 2.0997121334075928 -0.7836111783981323 104 142 101
-10.260412216186523 1.6262197494506836 -0.8475179672241211 66 70 73
-9.458212852478027 1.1481132507324219 -0.8669156432151794 81 110 66
-8.436979293823242 0.7129450440406799 -0.8539304137229919 67 87 76
-8.105292320251465 1.5922749042510986 -0.899096667766571 77 99 60
-7.888804912567139 1.2551321983337402 -0.9472833275794983 82 100 74
-7.385444164276123 0.9000358581542969 -0.9540206789970398 89 98 93
-7.0523576736450195 0.599660336971283 -0.9775944352149963 74 87 67
-6.265629291534424 1.235532522201538 -0.9324552416801453 120 131 97
-6.161881446838379 0.9829099178314209 -0.9717690944671631 72 84 60
-5.883456230163574 0.7193912863731384 -0.9815728068351746 90 107 91
-5.795755386352539 0.493219256401062 -1.0231297016143799 89 95 81
-5.284558296203613 1.0487821102142334 -0.9909526705741882 92 103 99
-5.1504902839660645 0.8244361281394958 -1.0103089809417725 69 65 79
-4.970676422119141 0.6101599931716919 -1.0209800004959106 64 68 67
-4.794460773468018 0.40851473808288574 -1.030777096748352 67 74 84
-4.568297386169434 0.9093669056892395 -1.0371590852737427 58 62 61
-4.487873554229736 0.7219066023826599 -1.0577024221420288 138 154 154
-4.373696327209473 0.5391267538070679 -1.0706771612167358 115 119 144
-17.766761779785156 2.843209981918335 0.508242130279541 40 37 54
-19.003076553344727 1.6458239555358887 0.17311683297157288 74 89 86
-41.781734466552734 8.2835693359375 0.056500133126974106 98 102 85
-18.046180725097656 2.897940158843994 -0.15057162940502167 40 36 51
-26.44839096069336 3.269918441772461 -0.47540926933288574 87 119 52
-18.08201026916504 1.5714573860168457 -0.49810343980789185 64 89 67
-16.70608901977539 3.318179130554199 -0.6001430749893188 84 118 57
-15.073620796203613 2.426800012588501 -0.6831567883491516 104 130 82
-14.029433250427246 1.741723895072937 -0.7683620452880859 92 111 79
-12.17257022857666 1.0638781785964966 -0.7824563384056091 73 112 55
-10.699702262878418 2.131397247314453 -0.7831816077232361 85 119 84
-10.257342338562012 1.6580086946487427 -0.8476806282997131 94 98 97
-9.493188858032227 1.1819238662719727 -0.8704496622085571 89 102 72
-8.49124813079834 0.7437746524810791 -0.8596500754356384 67 107 83
-8.121817588806152 1.6214159727096558 -0.9014772772789001 77 101 65
-7.809439659118652 1.2670825719833374 -0.9382156133651733 79 94 75
-7.288162708282471 0.910880982875824 -0.9418107867240906 84 99 78
-7.014960765838623 0.6181634068489075 -0.9726687669754028 79 82 75
-6.22688102722168 1.2477505207061768 -0.9272540211677551 93 120 85
-6.165663719177246 1.002920150756836 -0.972846269607544 84 97 79
-5.878284931182861 0.737069845199585 -0.9810826182365417 94 116 95
-5.79911994934082 0.5114306807518005 -1.0239959955215454 73 91 79
-5.2832441329956055 1.0653789043426514 -0.9913145303726196 67 81 81
-5.150844097137451 0.8407081961631775 -1.0108795166015625 118 140 137
-4.98628044128418 0.6276094913482666 -1.0245757102966309 72 86 73
-4.7551984786987305 0.41986793279647827 -1.0226080417633057 76 90 75
-4.509995937347412 0.9121549725532532 -1.0245531797409058 75 85 76
-4.454881191253662 0.7306275367736816 -1.050450086593628 143 173 173
-4.345992088317871 0.5492528676986694 -1.064302682876587 161 176 171
-17.761903762817383 2.898348569869995 0.5083551406860352 42 38 52
-19.00490951538086 1.704742193222046 0.17318037152290344 85 97 93
-17.688854217529297 2.896254777908325 -0.1476636677980423 36 31 53
-26.346981048583984 3.3394792079925537 -0.47376835346221924 89 123 63
-17.96061897277832 1.616441249847412 -0.49489375948905945 60 85 53
-16.863346099853516 3.403223991394043 -0.6061645746231079 90 125 67
-15.212990760803223 2.4971444606781006 -0.6898171901702881 111 134 108
-13.70804214477539 1.744544267654419 -0.7510496973991394 91 116 74
-12.148377418518066 1.0993293523788452 -0.7811143398284912 96 127 68
-10.726350784301758 2.170940637588501 -0.7856159806251526 97 134 67
-10.266959190368652 1.6919008493423462 -0.848900318145752 66 82 79
-9.504335403442383 1.2129340171813965 -0.8718088269233704 81 104 84
-8.51865291595459 0.7725176811218262 -0.8626604080200195 60 86 61
-8.203516006469727 1.663913369178772 -0.9111077189445496 81 119 36
-7.745751857757568 1.2811506986618042 -0.9310320615768433 82 116 81
-7.281398773193359 0.9327324032783508 -0.9413021206855774 66 87 70
-6.986395835876465 0.6372526288032532 -0.9689745903015137 65 67 66
-6.223023414611816 1.2668484449386597 -0.9272540211677551 84 105 66
-6.172305583953857 1.0234476327896118 -0.9743850231170654 75 86 70
-5.860339641571045 0.7530888319015503 -0.9784685969352722 81 87 83
-5.748483657836914 0.5247431397438049 -1.015334129333496 69 84 81
-5.268388748168945 1.079214096069336 -0.9891437292098999 89 105 94
-5.149209022521973 0.8566679358482361 -1.011069655418396 136 149 157
-4.989190578460693 0.6435310244560242 -1.0255744457244873 99 111 99
-4.790890216827393 0.43783634901046753 -1.0305676460266113 82 107 67
-4.512912750244141 0.9271657466888428 -1.0258572101593018 86 90 91
-4.446854591369629 0.7433279752731323 -1.0490902662277222 80 80 92
-4.364523887634277 0.5652043223381042 -1.069260597229004 98 109 131
-17.784481048583984 2.958076000213623 0.5092586278915405 46 46 56
-41.75657272338867 8.545194625854492 0.05653594806790352 80 86 82
-17.64536476135254 2.944748640060425 -0.14737534523010254 42 39 60
-17.394140243530273 2.2589499950408936 -0.312902569770813 92 130 57
-17.934673309326172 1.6695902347564697 -0.4943176507949829 65 86 67
-17.20429229736328 3.5269970893859863 -0.6188061833381653 88 113 58
-15.326449394226074 2.5640807151794434 -0.6953153014183044 81 92 84
-13.574897766113281 1.7699381113052368 -0.7440488338470459 93 121 73
-12.362548828125 1.1569592952728271 -0.7951096296310425 94 136 70
-10.756766319274902 2.2114710807800293 -0.7883368730545044 88 117 86
-10.250907897949219 1.7215757369995117 -0.8480058908462524 68 81 71
-9.525257110595703 1.2453147172927856 -0.8740742802619934 96 107 90
-8.498412132263184 0.7969767451286316 -0.8608542084693909 60 103 75
-8.23926830291748 1.6974990367889404 -0.9156525135040283 88 110 63
-7.722200393676758 1.3016072511672974 -0.9286767840385437 93 122 76
-7.290304660797119 0.9566155672073364 -0.942828357219696 111 128 109
-6.972573280334473 0.6575674414634705 -0.9673327207565308 70 82 82
-6.224921703338623 1.2871365547180176 -0.9281209111213684 71 93 72
-6.144779682159424 1.0382636785507202 -0.9705379605293274 68 82 59
-5.869739055633545 0.772609531879425 -0.9804291725158691 72 80 82
-5.742924690246582 0.5420066714286804 -1.014641284942627 50 55 61
-5.201502799987793 1.082150936126709 -0.9772045612335205 71 91 63
-5.146556377410889 0.8724614381790161 -1.011069655418396 112 130 132
-4.994964122772217 0.6598612070083618 -1.027172565460205 85 101 98
-4.780763626098633 0.451704740524292 -1.0286824703216553 79 91 89
-4.596044063568115 0.9589498043060303 -1.0454181432724 71 89 73
-4.444553375244141 0.7569672465324402 -1.0490902662277222 133 144 136
-4.327127456665039 0.5738649368286133 -1.0605251789093018 97 103 119
-17.804887771606445 3.017634868621826 0.5101056694984436 43 41 52
-21.68165397644043 2.0790293216705322 0.19768446683883667 81 94 85
-41.888771057128906 8.70622730255127 0.0567508302628994 79 86 70
-17.626388549804688 2.9971938133239746 -0.14729295670986176 37 33 56
-26.277427673339844 3.494619607925415 -0.4728943407535553 86 121 65
-18.0140438079834 1.7327405214309692 -0.49664944410324097 68 91 49
-17.2442684173584 3.590355396270752 -0.6206372976303101 90 116 81
-15.328359603881836 2.6127681732177734 -0.6957623362541199 79 88 71
-13.523874282836914 1.805498719215393 -0.7415523529052734 85 112 61
-12.415560722351074 1.2003556489944458 -0.7987521886825562 118 158 105
-10.846592903137207 2.264643907546997 -0.7954254746437073 89 126 75
-10.195474624633789 1.7444442510604858 -0.8438589572906494 78 84 70
-9.721769332885742 1.3013545274734497 -0.8924691677093506 71 90 68
-8.579113006591797 0.8311044573783875 -0.869283139705658 83 104 87
-8.25056266784668 1.7262295484542847 -0.9174919724464417 92 117 77
-7.6565117835998535 1.3147050142288208 -0.9212577939033508 84 100 71
-7.275538444519043 0.9773926138877869 -0.9413021206855774 85 103 79
-6.9586920738220215 0.6778035759925842 -0.9656909108161926 85 86 81
-6.2006072998046875 1.3019583225250244 -0.9250868558883667 88 109 78
-6.106509685516357 1.051076889038086 -0.9649982452392578 86 97 81
-5.889828681945801 0.79364413022995 -0.9841868281364441 90 110 75
-5.692223072052002 0.5548457503318787 -1.0059794187545776 61 58 65
-5.164478302001953 1.0909889936447144 -0.9708731174468994 51 63 61
-5.14192008972168 0.8879125714302063 -1.010689377784729 79 93 106
-4.989031791687012 0.6746571660041809 -1.0263735055923462 118 126 115
-4.785194396972656 0.4669395685195923 -1.0299392938613892 65 76 70
-4.606449127197266 0.9758778810501099 -1.048460841178894 88 108 83
-4.442209720611572 0.770599365234375 -1.0490902662277222 135 156 161
-4.337863922119141 0.5888369083404541 -1.0635943412780762 108 122 131
-17.812292098999023 3.075136184692383 0.5105857253074646 41 41 51
-41.69552993774414 8.79959487915039 0.0565253347158432 91 109 83
-35.75248718261719 6.192276477813721 -0.29891905188560486 62 72 73
-26.675745010375977 3.630913257598877 -0.4802607297897339 78 110 47
-17.791791915893555 1.7664685249328613 -0.4906690716743469 98 124 59
-17.309438705444336 3.6593666076660156 -0.6233839392662048 97 127 65
-15.362595558166504 2.667130470275879 -0.6976844072341919 78 89 73
-13.406476974487305 1.8317065238952637 -0.7354198098182678 97 130 77
-12.42175006866455 1.2394312620162964 -0.7993912696838379 87 116 68
-10.839593887329102 2.29790997505188 -0.7954254746437073 94 120 81
-10.150798797607422 1.7688711881637573 -0.8406064510345459 73 80 73
-9.716743469238281 1.3310390710830688 -0.8923785090446472 79 88 93
-8.611173629760742 0.8608850240707397 -0.8727951645851135 79 95 66
-8.24328327178955 1.751120686531067 -0.917275607585907 87 103 66
-7.6729841232299805 1.3417809009552002 -0.9237307906150818 79 102 76
-7.259731292724609 0.9979530572891235 -0.9396486878395081 94 113 81
-6.944752216339111 0.697960615158081 -0.9640490412712097 60 64 76
-6.184970855712891 1.3184996843338013 -0.9233531355857849 81 118 74
-6.08476448059082 1.0665650367736816 -0.9620744585990906 69 80 66
-5.889321327209473 0.8119796514511108 -0.9845136404037476 73 88 69
-5.664035797119141 0.5696456432342529 -1.0013021230697632 71 82 86
-5.157260894775391 1.1060034036636353 -0.970149576663971 70 95 65
-5.122734546661377 0.900793194770813 -1.007456660270691 128 148 147
-4.9985857009887695 0.6915715932846069 -1.0287706851959229 120 110 121
-4.7749834060668945 0.4807366132736206 -1.028054118156433 74 93 74
-4.592936038970947 0.9877481460571289 -1.0460700988769531 75 86 70
-4.438865661621094 0.7840548753738403 -1.0488636493682861 89 71 97
-4.321599960327148 0.6001375913619995 -1.0600529909133911 135 130 153
-17.864797592163086 3.1406729221343994 0.5123645663261414 44 38 52
-21.620738983154297 2.2071518898010254 0.19724883139133453 87 97 88
-41.71624755859375 8.937739372253418 0.056590333580970764 87 107 80
-33.36692428588867 5.88459587097168 -0.279123455286026 95 118 72
-26.91997528076172 3.7483112812042236 -0.4848625361919403 86 121 67
-17.670934677124023 1.8092341423034668 -0.4874868094921112 85 116 56
-17.339170455932617 3.721261501312256 -0.6248629093170166 84 120 59
-15.019865989685059 2.655123233795166 -0.6824862957000732 65 82 66
-13.422551155090332 1.8758689165115356 -0.7366137504577637 108 137 93
-12.448663711547852 1.280700922012329 -0.8013723492622375 88 130 46
-10.840293884277344 2.3328335285186768 -0.7959983348846436 98 130 67
-10.128641128540039 1.797045111656189 -0.839224100112915 86 118 79
-9.710641860961914 1.3605670928955078 -0.89219731092453 54 63 80
-8.692617416381836 0.8959707021713257 -0.8813244104385376 67 79 57
-8.223295211791992 1.7732592821121216 -0.9156525135040283 94 120 95
-7.668831825256348 1.3653149604797363 -0.9237307906150818 75 97 58
-7.2468132972717285 1.018839955329895 -0.938376784324646 85 97 75
-6.941593170166016 0.7191614508628845 -0.9639121890068054 73 83 72
-6.180896282196045 1.3374687433242798 -0.9233531355857849 81 101 64
-6.075627326965332 1.084186315536499 -0.961151123046875 84 99 80
-5.89070987701416 0.8305949568748474 -0.9851670861244202 86 110 94
-5.655404090881348 0.5863090753555298 -1.000089406967163 74 76 73
-5.171141147613525 1.1255855560302734 -0.973405659198761 82 88 62
-5.0667948722839355 0.9069907665252686 -0.9969979524612427 136 169 142
-4.989649295806885 0.7059429287910461 -1.0273723602294922 80 85 78
-4.777376174926758 0.49578750133514404 -1.028891921043396 89 112 70
-4.5793938636779785 0.9995447397232056 -1.0436792373657227 65 82 63
-4.435481071472168 0.7974970936775208 -1.04863703250885 142 169 162
-4.338979721069336 0.6161255240440369 -1.0647748708724976 67 71 82
-17.852127075195312 3.1949386596679688 0.5122798681259155 39 36 53
-21.652650833129883 2.277552366256714 0.197602778673172 84 94 86
-33.53472900390625 6.020331382751465 -0.28068041801452637 87 103 77
-27.408226013183594 3.9020495414733887 -0.4938698709011078 87 121 60
-17.64740753173828 1.8615517616271973 -0.4869930148124695 72 97 68
-17.286659240722656 3.7655062675476074 -0.6233839392662048 94 125 81
-15.1758451461792 2.730736494064331 -0.6899512410163879 56 68 54
-13.44441032409668 1.9209946393966675 -0.7381333708763123 90 133 106
-12.461545944213867 1.3206746578216553 -0.8024587035179138 92 123 66
-10.847702980041504 2.3692727088928223 -0.7970723509788513 99 117 77
-10.1005220413208 1.824036955833435 -0.8373539447784424 88 106 56
-9.683748245239258 1.3871047496795654 -0.8901131749153137 71 69 82
-8.719510078430176 0.925786554813385 -0.8843348026275635 72 102 66
-8.244036674499512 1.804218053817749 -0.9185740947723389 96 120 84
-7.668515682220459 1.3895443677902222 -0.9242018461227417 92 113 82
-7.233835697174072 1.0396571159362793 -0.9371049404144287 86 98 88
-6.925563335418701 0.7389830946922302 -0.9619966745376587 78 94 84
-6.207691669464111 1.3632168769836426 -0.9279764294624329 103 126 82
-6.058661937713623 1.1003491878509521 -0.9589967727661133 71 82 78
-5.892039775848389 0.8492264747619629 -0.9858205914497375 88 104 91
-5.650640964508057 0.6033431887626648 -0.9995697736740112 61 61 69
-5.1830291748046875 1.1448391675949097 -0.976300060749054 54 63 60
-5.076544761657715 0.9248186349868774 -0.9994699954986572 113 147 123
-4.994248390197754 0.7222293019294739 -1.0287706851959229 80 83 88
-4.784582614898682 0.511377215385437 -1.030777096748352 78 106 91
-4.569634914398193 1.0121119022369385 -1.0421578884124756 95 131 87
-4.433013439178467 0.8111011981964111 -1.04863703250885 129 165 165
-4.332260608673096 0.6287366151809692 -1.0635943412780762 125 149 123
-17.818639755249023 3.245394229888916 0.5116022229194641 45 45 53
-33.46495056152344 6.1138410568237305 -0.28025203943252563 92 104 82
-27.384254455566406 3.9843909740448 -0.49365583062171936 86 122 52
-17.769811630249023 1.9296053647994995 -0.49053189158439636 82 109 64
-17.469213485717773 3.861447334289551 -0.6303914189338684 100 127 72
-15.161500930786133 2.776202917098999 -0.6896830797195435 59 62 69
-13.439440727233887 1.962376594543457 -0.7381876111030579 94 119 80
-12.375094413757324 1.3499178886413574 -0.7971546053886414 100 132 57
-10.865702629089355 2.4081532955169678 -0.7989340424537659 88 116 65
-10.079194068908691 1.852134346961975 -0.8360529541969299 82 112 62
-9.675505638122559 1.4162304401397705 -0.8897506594657898 55 51 65
-8.774983406066895 0.9589101672172546 -0.8902551531791687 75 99 65
-8.24040412902832 1.8299329280853271 -0.9187904596328735 98 128 68
-7.666169166564941 1.4134246110916138 -0.9244373440742493 88 110 74
-7.227667808532715 1.0614129304885864 -0.9367233514785767 88 113 74
-6.914402008056641 0.7592538595199585 -0.9607653021812439 73 89 86
-6.2971649169921875 1.4031301736831665 -0.9419907331466675 90 107 91
-6.056229114532471 1.119111180305481 -0.9591506719589233 79 84 80
-5.890382766723633 0.8674427270889282 -0.9859839677810669 79 83 86
-5.6458258628845215 0.6203535199165344 -0.9990500211715698 59 67 78
-5.189089298248291 1.1628857851028442 -0.9781090021133423 71 62 81
-5.030244827270508 0.9323377013206482 -0.9909129738807678 79 85 85
-4.982316017150879 0.7361159324645996 -1.0267730951309204 114 144 132
-4.712038516998291 0.5182499885559082 -1.015486240386963 96 107 93
-4.538890361785889 1.0199205875396729 -1.0358549356460571 89 120 79
-4.434333801269531 0.8254105448722839 -1.0495434999465942 148 163 170
-4.340885162353516 0.6435924768447876 -1.0661914348602295 134 144 135
-17.86899185180664 2.6460530757904053 0.3376973271369934 31 33 45
-41.78249740600586 9.35495376586914 0.056794606149196625 84 97 90
-33.43522262573242 6.214471340179443 -0.28016144037246704 79 91 71
-26.926860809326172 4.002237796783447 -0.48562946915626526 94 131 62
-18.044954299926758 2.0155155658721924 -0.49829548597335815 88 115 60
-17.51287078857422 3.927489757537842 -0.6323986053466797 92 113 72
-15.138179779052734 2.819960355758667 -0.6890125274658203 57 71 58
-13.37706470489502 1.995202898979187 -0.7350941896438599 107 137 87
-12.253870010375977 1.374748945236206 -0.7896137833595276 91 114 62
-10.940006256103516 2.459857225418091 -0.8049485683441162 96 110 74
-10.052889823913574 1.879202127456665 -0.8343454003334045 115 136 93
-9.668160438537598 1.445466160774231 -0.889478862285614 60 69 76
-8.916354179382324 1.0020499229431152 -0.904905378818512 93 122 94
-8.214385032653809 1.8506171703338623 -0.9165181517601013 95 119 69
-7.694005966186523 1.442978024482727 -0.92832350730896 86 122 61
-7.230262756347656 1.0844647884368896 -0.937486469745636 107 115 102
-6.903181076049805 0.7794630527496338 -0.9595338702201843 83 93 68
-6.339158058166504 1.4329149723052979 -0.9489256143569946 139 142 111
-6.036258697509766 1.1345832347869873 -0.9565346240997314 75 84 57
-5.889644622802734 0.8858035206794739 -0.9863107204437256 99 114 107
-5.634109973907471 0.6365660429000854 -0.9973176717758179 79 85 83
-5.2133097648620605 1.1851226091384888 -0.9833550453186035 103 125 112
-4.997453212738037 0.9421276450157166 -0.9850180745124817 76 87 81
-4.979065418243408 0.7512518167495728 -1.0265733003616333 110 119 114
-4.696824073791504 0.5311655402183533 -1.0125536918640137 73 87 70
-4.530981063842773 1.0327563285827637 -1.0347682237625122 93 131 74
-4.425081729888916 0.837742805480957 -1.0479570627212524 103 106 123
-17.869686126708984 2.702207088470459 0.33786553144454956 34 30 44
-41.71849822998047 9.475123405456543 0.05674685165286064 79 91 79
-34.10870361328125 6.447970390319824 -0.2859691083431244 91 113 64
-26.387575149536133 4.00486421585083 -0.47612273693084717 85 124 61
-17.86389923095703 2.0508015155792236 -0.49346724152565 97 128 86
-17.575773239135742 3.998269557952881 -0.635110080242157 89 107 85
-15.0322847366333 2.847980260848999 -0.6845871806144714 59 73 58
-13.360021591186523 2.0345799922943115 -0.7344971895217896 82 120 73
-12.229766845703125 1.410050630569458 -0.7883356213569641 93 128 60
-10.955747604370117 2.498732328414917 -0.8066670298576355 87 102 69
-9.940349578857422 1.8897453546524048 -0.8254823684692383 85 123 76
-9.647928237915039 1.4727163314819336 -0.8880289793014526 82 96 99
-9.04963493347168 1.0451527833938599 -0.918752908706665 67 97 59
-8.153427124023438 1.8631863594055176 -0.9103502631187439 88 110 74
-7.742217063903809 1.476622462272644 -0.9346827268600464 99 123 87
-7.226901531219482 1.1066418886184692 -0.937486469745636 77 89 67
-6.9155168533325195 0.8023505210876465 -0.9615862369537354 86 93 77
-6.328945159912109 1.451029658317566 -0.9480587244033813 80 96 69
-6.017221450805664 1.1501288414001465 -0.9540725350379944 98 121 95
-5.884949207305908 0.9035691022872925 -0.9859839677810669 59 68 65
-5.609629154205322 0.6512359976768494 -0.9933332204818726 66 81 78
-5.269067287445068 1.2148104906082153 -0.9945706129074097 102 121 115
-5.1034932136535645 0.9783416986465454 -1.0065058469772339 70 84 67
-4.973831653594971 0.7660763263702393 -1.0259740352630615 157 168 174
-4.753448963165283 0.5523443818092346 -1.0251215696334839 69 93 61
-4.507820129394531 1.042035698890686 -1.0302040576934814 77 86 65
-4.376582622528076 0.8424776792526245 -1.037078619003296 68 77 82
-17.906694412231445 2.7553839683532715 0.9996007084846497 206 250 253
-17.79016876220703 2.7460362911224365 0.3365197777748108 41 35 47
-31.182388305664062 7.1828293800354 0.042445071041584015 78 96 72
-34.61216354370117 6.653192520141602 -0.29035988450050354 90 117 64
-26.28129768371582 4.071260452270508 -0.47442826628685 97 132 68
-17.607349395751953 2.076099395751953 -0.4865540564060211 88 123 59
-17.554658889770508 4.050149917602539 -0.6347931027412415 89 107 85
-15.024457931518555 2.8942744731903076 -0.6846319437026978 71 101 37
-13.383316993713379 2.0801591873168945 -0.7361253499984741 90 126 80
-12.192679405212402 1.4436920881271362 -0.786226749420166 95 120 55
-10.949973106384277 2.5327818393707275 -0.806810200214386 90 94 69
-9.91982650756836 1.9173957109451294 -0.8242626786231995 90 122 72
-9.602035522460938 1.4958703517913818 -0.8842231631278992 73 81 84
-9.074049949645996 1.076192855834961 -0.9215624928474426 60 77 61
-8.132177352905273 1.8846009969711304 -0.9086189866065979 91 111 62
-7.775671005249023 1.5077406167984009 -0.9392754435539246 92 120 72
-7.20485258102417 1.1258987188339233 -0.9350699782371521 91 119 96
-6.916957378387451 0.8240320086479187 -0.962133526802063 86 109 83
-6.320608139038086 1.46954345703125 -0.9474807977676392 81 107 80
-6.003964900970459 1.1666990518569946 -0.9525336623191833 94 99 79
-5.878250598907471 0.9210087656974792 -0.9853304624557495 83 94 80
-5.601737022399902 0.6677435636520386 -0.9922938346862793 79 99 74
-5.288300037384033 1.236343502998352 -0.9989121556282043 111 122 118
-4.984832763671875 0.971459150314331 -0.9836869239807129 67 85 73
-4.968554496765137 0.7808759212493896 -1.0253747701644897 144 166 163
-4.728430271148682 0.564145028591156 -1.0200945138931274 95 108 82
-4.49509859085083 1.0536329746246338 -1.0280306339263916 90 116 81
-4.28795051574707 0.8390671014785767 -1.0166815519332886 71 73 68
-17.869552612304688 2.805816650390625 0.9980031847953796 205 244 249
-17.778697967529297 2.800136089324951 0.33646368980407715 42 38 52
-34.62691879272461 6.766253471374512 -0.2906564474105835 85 110 68
-18.178415298461914 2.873171806335449 -0.3283131420612335 41 40 54
-21.123857498168945 2.5564663410186768 -0.5839416980743408 79 110 69
-17.63848876953125 4.126526355743408 -0.6382792592048645 87 107 70
-15.011585235595703 2.939587116241455 -0.6844530701637268 92 105 96
-13.381802558898926 2.12199068069458 -0.7363966703414917 84 103 73
-12.074265480041504 1.467247724533081 -0.7788776755332947 100 129 81
-10.93535327911377 2.564769744873047 -0.8063089847564697 96 118 82
-9.95008373260498 1.9549299478530884 -0.8272712826728821 85 119 68
-9.592483520507812 1.5245404243469238 -0.8837700486183167 94 93 98
-9.074657440185547 1.1045074462890625 -0.9219639301300049 82 81 79
-8.110873222351074 1.9059027433395386 -0.9068877100944519 103 122 77
-7.53425407409668 1.4849269390106201 -0.9106590747833252 82 104 58
-7.184713363647461 1.1453431844711304 -0.9329078197479248 80 105 75
-6.872115612030029 0.8400804400444031 -0.9562501311302185 103 122 90
-6.31992244720459 1.4898359775543213 -0.9480587244033813 99 128 84
-5.982909202575684 1.1816673278808594 -0.949763834476471 84 101 65
-5.876371383666992 0.9391943216323853 -0.9854937791824341 92 102 104
-5.605527400970459 0.6856437921524048 -0.9933332204818726 76 95 73
-5.28161096572876 1.2518813610076904 -0.9983694553375244 139 153 140
-5.0694661140441895 1.004106044769287 -1.0009913444519043 80 105 75
-4.9690375328063965 0.7965807914733887 -1.0259740352630615 122 130 133
-4.7130889892578125 0.5769855380058289 -1.0171619653701782 77 110 65
-4.47095251083374 1.062454104423523 -1.0232491493225098 57 69 67
-4.411452293395996 0.8772948384284973 -1.0465972423553467 97 116 122
-17.826353073120117 2.855099678039551 0.9960750341415405 87 63 87
-17.765085220336914 2.8538742065429688 0.33637022972106934 41 34 52
-30.001163482666016 7.104865074157715 0.04089577496051788 64 68 71
-34.61090087890625 6.873429775238037 -0.2906976640224457 78 105 60
-25.93402862548828 4.180569648742676 -0.4686136245727539 37 29 52
-21.10103416442871 2.6194143295288086 -0.5835302472114563 87 120 77
-18.15764808654785 4.306782245635986 -0.6575409770011902 75 97 61
-14.994658470153809 2.9840683937072754 -0.6840955018997192 74 98 66
-12.005080223083496 1.941455602645874 -0.6609606742858887 90 111 92
-12.089512825012207 1.5067524909973145 -0.7801557779312134 81 109 68
-10.908025741577148 2.5936920642852783 -0.8048769235610962 86 121 53
-9.97824764251709 1.9922773838043213 -0.8301171660423279 82 109 64
-9.582845687866211 1.5531657934188843 -0.8833169937133789 87 92 95
-9.071226119995117 1.1323429346084595 -0.9219639301300049 47 46 54
-8.02375316619873 1.9114259481430054 -0.8977981805801392 104 130 85
-7.763352394104004 1.554837942123413 -0.9389221668243408 93 115 77
-7.099905967712402 1.1541705131530762 -0.9223514199256897 73 104 62
-6.837070465087891 0.8570936918258667 -0.9517350196838379 74 85 77
-6.344194412231445 1.5161181688308716 -0.9523930549621582 64 68 54
-5.952129364013672 1.1945730447769165 -0.9454550743103027 83 99 73
-5.86956787109375 0.9565836191177368 -0.9848403334617615 77 72 92
-5.6121931076049805 0.703941285610199 -0.994892418384552 67 81 66
-5.285396099090576 1.2699174880981445 -0.9998166561126709 113 134 137
-5.024013519287109 1.0111312866210938 -0.9926243424415588 81 107 72
-4.978174686431885 0.8137186169624329 -1.0283710956573486 127 156 151
-4.678309440612793 0.5873012542724609 -1.010040044784546 97 113 100
-4.4857025146484375 1.080508828163147 -1.0273785591125488 123 141 119
-4.428789138793945 0.8948758840560913 -1.0513566732406616 92 96 108
-17.782032012939453 2.9039831161499023 0.9940917491912842 52 44 67
-17.765127182006836 2.909817934036255 0.3365384638309479 37 30 48
-34.716094970703125 7.005096435546875 -0.29176032543182373 83 116 47
-25.953638076782227 4.26546573638916 -0.4692022502422333 57 62 68
-20.861848831176758 2.6547369956970215 -0.5771382451057434 72 101 57
-18.1803035736084 4.371112823486328 -0.6588439345359802 85 105 68
-14.818971633911133 2.99639892578125 -0.6764964461326599 55 73 47
-13.425674438476562 2.2134811878204346 -0.7395443916320801 77 89 77
-12.082853317260742 1.543582558631897 -0.7800279259681702 101 139 62
-10.933956146240234 2.6353251934051514 -0.8073830604553223 84 109 69
-9.967204093933105 2.0218899250030518 -0.8297106027603149 118 142 94
-9.55052375793457 1.5780125856399536 -0.8807797431945801 73 85 81
-9.059813499450684 1.1591575145721436 -0.9211611747741699 66 67 71
-7.992726802825928 1.9299668073654175 -0.8949849009513855 82 104 65
-7.74686861038208 1.5762722492218018 -0.9375090003013611 112 128 83
-7.105138301849365 1.177406668663025 -0.9234960675239563 76 99 55
-6.712575912475586 0.8624127507209778 -0.9347690343856812 76 92 66
-6.37221097946167 1.5434948205947876 -0.9573052525520325 70 60 71
-5.9474687576293945 1.2126308679580688 -0.9453011751174927 83 103 78
-5.869524955749512 0.9750717282295227 -0.9853304624557495 53 39 72
-5.61879825592041 0.7222860455513 -0.9964514970779419 75 88 68
-5.284341335296631 1.2868249416351318 -1.000359296798706 126 156 156
-4.992032051086426 1.020640254020691 -0.9869195818901062 63 91 51
-4.962123394012451 0.8267331719398499 -1.0255744457244873 95 97 112
-4.727886199951172 0.6082642674446106 -1.021141767501831 72 82 83
-4.495641708374023 1.0975066423416138 -1.0304213762283325 67 75 77
-4.365914821624756 0.896121621131897 -1.037078619003296 115 139 91
-17.76992416381836 2.966611623764038 0.33680012822151184 47 45 59
-27.786334991455078 6.760671138763428 0.037932489067316055 73 86 76
-34.95501708984375 7.16498327255249 -0.2939516007900238 94 114 65
-17.476707458496094 2.9273808002471924 -0.31611311435699463 44 42 56
-20.822879791259766 2.714721918106079 -0.5762878656387329 82 119 52
-18.176517486572266 4.429234981536865 -0.6591960787773132 77 102 60
-14.941816329956055 3.0689830780029297 -0.6825309991836548 56 72 62
-13.451315879821777 2.260120153427124 -0.7413353323936462 90 98 83
-12.083008766174316 1.5812925100326538 -0.780347466468811 67 118 61
-11.016900062561035 2.691106081008911 -0.8141136169433594 97 128 61
-9.963883399963379 2.053062915802002 -0.8299545645713806 91 98 65
-9.536799430847168 1.6058175563812256 -0.8799642324447632 82 89 82
-9.04733657836914 1.1857835054397583 -0.920258104801178 63 62 78
-7.957798480987549 1.9473897218704224 -0.8917385935783386 81 95 42
-7.674893856048584 1.586163878440857 -0.9293833374977112 90 116 77
-7.054547309875488 1.1912719011306763 -0.9173911213874817 68 85 66
-6.737398147583008 0.8866214752197266 -0.9386000633239746 96 108 94
-6.380898952484131 1.5663397312164307 -0.9593279361724854 60 57 64
-5.954363822937012 1.2330758571624756 -0.9469939470291138 75 85 74
-5.8665056228637695 0.9930745959281921 -0.9853304624557495 64 55 86
-5.616556167602539 0.7395209074020386 -0.9964514970779419 67 76 75
-5.275594234466553 1.301852822303772 -0.9994547963142395 132 163 147
-4.980226039886475 1.0341544151306152 -0.9852082133293152 111 178 134
-4.939277172088623 0.8385090231895447 -1.0213794708251953 96 103 109
-4.747325897216797 0.6255767941474915 -1.0257500410079956 95 107 95
-4.511204242706299 1.115981936454773 -1.0347682237625122 46 72 47
-4.427981853485107 0.9230272769927979 -1.0524897575378418 134 159 153
-17.781436920166016 3.0246360301971436 0.3371926546096802 54 59 63
-28.027610778808594 6.910521984100342 0.03829062730073929 76 88 74
-21.058197021484375 2.811131000518799 -0.5830364227294922 75 108 55
-18.148290634155273 4.481385231018066 -0.6586678624153137 77 104 51
-15.122052192687988 3.1543843746185303 -0.6912028789520264 67 89 66
-12.151065826416016 2.080000638961792 -0.6700238585472107 78 90 70
-12.04150390625 1.613451600074768 -0.7779830098152161 98 132 72
-10.9998779296875 2.72273588180542 -0.8134692311286926 91 121 61
-9.971195220947266 2.086479902267456 -0.8310929536819458 91 118 75
-9.518086433410645 1.6327112913131714 -0.8786956071853638 94 104 80
-9.04069709777832 1.2131377458572388 -0.9199570417404175 80 88 90
-7.941173076629639 1.969162940979004 -0.8905483484268188 112 136 102
-7.677766799926758 1.6113344430923462 -0.9303255081176758 94 121 68
-7.047926902770996 1.2124049663543701 -0.9170095920562744 85 101 72
-6.75820779800415 0.9104615449905396 -0.9418838024139404 84 110 73
-6.377023696899414 1.5861475467681885 -0.9594724178314209 65 65 65
-5.9476518630981445 1.250727891921997 -0.9465323090553284 76 95 65
-5.843986988067627 1.0077152252197266 -0.9820628762245178 80 74 102
-5.625973224639893 0.7583275437355042 -0.9985303282737732 60 75 68
-5.245813846588135 1.3115909099578857 -0.9945706129074097 102 122 123
-4.896337032318115 1.0324140787124634 -0.9692348837852478 97 124 83
-4.938612461090088 0.8539924025535583 -1.0217790603637695 135 163 166
-4.750229358673096 0.6407920718193054 -1.0267974138259888 67 93 64
-4.505865573883057 1.1293421983718872 -1.03433358669281 88 113 84
-4.406071662902832 0.9325742125511169 -1.0479570627212524 82 94 106
-17.77601432800293 3.079857110977173 0.3372673988342285 40 37 48
-28.2371826171875 7.054161071777344 0.038606323301792145 105 137 132
-29.059873580932617 6.142650127410889 -0.2446891963481903 93 119 71
-23.95298957824707 4.163424968719482 -0.43370798230171204 49 56 66
-21.304012298583984 2.9104979038238525 -0.5900866985321045 86 114 73
-18.133485794067383 4.536799430847168 -0.6586326360702515 84 111 68
-15.14651107788086 3.208008289337158 -0.6927673816680908 62 81 59
-13.515890121459961 2.356333017349243 -0.7456769347190857 81 99 77
-12.033530235290527 1.649980068206787 -0.7777912616729736 89 110 67
-10.931489944458008 2.741427421569824 -0.8090298771858215 95 116 59
-10.1256103515625 2.1512374877929688 -0.844509482383728 89 122 67
-9.50322151184082 1.6601908206939697 -0.8777894377708435 78 106 84
-9.03989028930664 1.2412745952606201 -0.920258104801178 78 82 93
-7.822286128997803 1.9651762247085571 -0.8778879642486572 80 99 77
-7.675700664520264 1.635502815246582 -0.9306787848472595 92 125 54
-7.050036430358887 1.2350488901138306 -0.9177727103233337 78 103 74
-6.752439022064209 0.9307853579521179 -0.9414733648300171 74 85 77
-6.374046325683594 1.6061880588531494 -0.9597613215446472 65 66 68
-5.9476518630981445 1.269794225692749 -0.947147786617279 78 102 80
-5.837953090667725 1.025127649307251 -0.9815728068351746 82 87 81
-5.6255717277526855 0.7758532762527466 -0.9988768100738525 57 62 65
-5.245579242706299 1.3286446332931519 -0.9952942132949829 103 130 115
-4.930586814880371 1.0554455518722534 -0.9766510725021362 65 83 67
-4.937899112701416 0.8694796562194824 -1.0221785306930542 97 111 114
-4.757927417755127 0.6566994786262512 -1.028891921043396 75 95 83
-4.508056163787842 1.1446020603179932 -1.035637617111206 143 177 161
-4.398428916931152 0.9450644850730896 -1.0468239784240723 104 115 121
-27.862747192382812 7.03184700012207 1.0888720750808716 104 116 114
-28.21346664428711 7.140267372131348 0.03860367089509964 72 83 79
-28.988096237182617 6.220446586608887 -0.24424435198307037 92 115 73
-25.35587501525879 4.487453460693359 -0.4593565762042999 83 118 76
-19.125883102416992 2.6727256774902344 -0.5299807190895081 94 119 89
-17.884075164794922 4.5327467918396 -0.6500757336616516 79 111 46
-15.204964637756348 3.2691614627838135 -0.6958964467048645 87 107 80
-13.439776420593262 2.3855721950531006 -0.7418780326843262 91 110 91
-12.003705024719238 1.6834256649017334 -0.7761936783790588 105 143 82
-10.853423118591309 2.7572689056396484 -0.8038744926452637 74 100 53
-10.183265686035156 2.196160078048706 -0.8498760461807251 99 125 80
-9.457883834838867 1.6821885108947754 -0.8740742802619934 75 96 63
-9.041950225830078 1.269832968711853 -0.9208601117134094 73 84 70
-7.927014350891113 2.017361640930176 -0.8903319239616394 82 102 75
-7.703647136688232 1.666181206703186 -0.9346827268600464 103 115 91
-7.061837196350098 1.2594586610794067 -0.9198076725006104 83 99 73
-6.75543737411499 0.9523268342018127 -0.9422942996025085 82 96 73
-6.323068141937256 1.6139887571334839 -0.9528264403343201 69 81 61
-5.955316066741943 1.2905466556549072 -0.9489943981170654 71 85 59
-5.828953742980957 1.0419918298721313 -0.9805925488471985 90 106 80
-5.640718936920166 0.7955845594406128 -1.0019950866699219 58 57 71
-5.239573001861572 1.344242811203003 -0.9949324727058411 83 83 95
-4.9493913650512695 1.0753616094589233 -0.9810247421264648 52 75 47
-4.913025379180908 0.880648672580719 -1.0175840854644775 110 138 124
-4.759763240814209 0.6718401908874512 -1.0297298431396484 62 84 63
-4.513031005859375 1.160615086555481 -1.0375937223434448 89 112 92
-4.387895584106445 0.9568939805030823 -1.0450108051300049 73 75 98
-27.81490135192871 7.1106133460998535 1.087849736213684 53 65 63
-28.4490966796875 7.292844295501709 0.03895650804042816 61 70 67
-29.127159118652344 6.343824863433838 -0.24557888507843018 94 120 72
-25.32132339477539 4.561500549316406 -0.45898202061653137 86 119 72
-19.00676155090332 2.7155556678771973 -0.5269082188606262 82 95 75
-17.854597091674805 4.583617210388184 -0.6495123505592346 73 101 60
-15.235857009887695 3.324739694595337 -0.697773814201355 79 103 71
-13.34592342376709 2.4111711978912354 -0.737102210521698 85 109 59
-11.865123748779297 1.7011244297027588 -0.767566442489624 89 131 83
-10.721269607543945 2.7587387561798096 -0.7947095036506653 132 161 113
-10.165770530700684 2.2250475883483887 -0.8489816784858704 84 113 69
-9.372321128845215 1.6966500282287598 -0.8666437864303589 83 112 66
-9.047861099243164 1.2989811897277832 -0.9218635559082031 71 79 82
-7.886131763458252 2.0327389240264893 -0.8864364624023438 97 114 78
-7.707229137420654 1.6917240619659424 -0.9357426166534424 95 122 77
-7.068675518035889 1.283066749572754 -0.9212067723274231 81 100 70
-6.809350490570068 0.9812424182891846 -0.9502299427986145 99 120 101
-6.320960998535156 1.6341232061386108 -0.9532599449157715 85 99 82
-5.964838981628418 1.3117823600769043 -0.9511487483978271 70 87 68
-5.78108024597168 1.0517469644546509 -0.9730771780014038 78 89 75
-5.647999286651611 0.8142916560173035 -1.0037273168563843 99 123 107
-5.2249531745910645 1.357590675354004 -0.9929425716400146 67 62 82
-5.096588611602783 1.1237287521362305 -1.0108795166015625 100 123 103
-4.916084289550781 0.8967725038528442 -1.018782615661621 79 93 104
-4.74509859085083 0.6846244931221008 -1.0270068645477295 76 95 65
-4.535897254943848 1.181343674659729 -1.0436792373657227 109 133 101
-4.354507923126221 0.9636171460151672 -1.037758469581604 112 135 109
-22.312294006347656 5.792701244354248 0.030577324330806732 58 66 69
-28.61740493774414 6.324825763702393 -0.2414434850215912 92 105 75
-23.24097442626953 4.260394096374512 -0.42150792479515076 83 118 62
-19.593801498413086 2.86079478263855 -0.5434229373931885 85 100 77
-17.55705451965332 4.564691543579102 -0.6391947865486145 81 113 37
-15.298737525939941 3.3876655101776123 -0.7011263370513916 68 93 54
-13.322750091552734 2.44921612739563 -0.7362338900566101 75 104 74
-11.814427375793457 1.7308636903762817 -0.7646267414093018 101 131 71
-10.758119583129883 2.8034393787384033 -0.7980747818946838 96 118 72
-10.16765308380127 2.2581701278686523 -0.8497134447097778 80 109 53
-9.303410530090332 1.7136696577072144 -0.8607538342475891 83 108 66
-9.053677558898926 1.3281776905059814 -0.9228670597076416 64 77 67
-7.866391658782959 2.05340838432312 -0.8849215507507324 106 128 92
-7.640936851501465 1.701761245727539 -0.92832350730896 110 133 77
-7.064705848693848 1.3047471046447754 -0.9212067723274231 78 95 77
-6.844529151916504 1.0077561140060425 -0.9555659890174866 70 82 68
-6.292943954467773 1.6474932432174683 -0.9497924447059631 74 92 76
-5.968501567840576 1.3317975997924805 -0.9523798227310181 73 89 62
-5.655595779418945 1.0468531847000122 -0.9524915814399719 67 79 77
-5.653269290924072 0.8327638506889343 -1.0051132440567017 111 123 119
-5.204594135284424 1.3693598508834839 -0.9898672699928284 84 100 90
-5.090242862701416 1.138716459274292 -1.0103089809417725 80 91 85
-4.924870491027832 0.913996160030365 -1.0211797952651978 122 131 148
-4.725563049316406 0.6966121792793274 -1.0232363939285278 64 84 49
-4.544521331787109 1.1984899044036865 -1.0465047359466553 88 117 123
-4.375289440155029 0.9823060631752014 -1.043424367904663 101 104 111
-17.819488525390625 2.6417019367218018 0.8224325180053711 205 248 255
-30.277172088623047 7.938302040100098 1.1860326528549194 145 181 169
-25.004331588745117 6.573554992675781 0.03429403528571129 75 80 74
-28.512977600097656 6.393558025360107 -0.2407267838716507 82 103 72
-23.54625129699707 4.391064167022705 -0.42728689312934875 88 122 85
-19.82122802734375 2.9561355113983154 -0.5499794483184814 85 105 78
-17.323583602905273 4.56077766418457 -0.6312013864517212 91 120 72
-15.21224594116211 3.4175055027008057 -0.6976397037506104 82 114 64
-13.30339527130127 2.487875461578369 -0.7355826497077942 93 119 72
-11.801165580749512 1.7659202814102173 -0.764115571975708 74 90 77
-10.748503684997559 2.836177110671997 -0.7980031371116638 88 119 59
-10.157760620117188 2.288696050643921 -0.8494694828987122 89 116 49
-9.191414833068848 1.7222124338150024 -0.8508767485618591 94 121 66
-9.051527976989746 1.3562426567077637 -0.9230676889419556 83 87 88
-7.814882278442383 2.0655927658081055 -0.8798357844352722 93 114 75
-7.695734977722168 1.7387639284133911 -0.9356247782707214 114 130 101
-7.056770324707031 1.3256826400756836 -0.9206979870796204 82 100 86
-6.798304080963135 1.0222688913345337 -0.9495458602905273 92 105 87
-6.288815975189209 1.6670455932617188 -0.9499369263648987 87 108 75
-5.979806900024414 1.3535927534103394 -0.9548419713973999 73 83 72
-5.719254493713379 1.0767945051193237 -0.9637646079063416 84 88 74
-5.648740291595459 0.8498108983039856 -1.004766821861267 89 111 88
-5.188014030456543 1.3820297718048096 -0.9875156283378601 96 113 95
-5.0809807777404785 1.1530241966247559 -1.009168028831482 57 88 72
-4.9268574714660645 0.9300098419189453 -1.0221785306930542 126 150 137
-4.735973358154297 0.712999165058136 -1.0259594917297363 86 100 77
-4.531393051147461 1.2099087238311768 -1.0443313121795654 117 132 135
-4.352312088012695 0.9911829233169556 -1.0386650562286377 94 98 109
-17.811298370361328 2.6963589191436768 0.8224325180053711 204 248 251
-29.79583740234375 7.909877777099609 1.1681227684020996 111 144 89
-17.85820770263672 2.713982343673706 0.1639414280653 93 111 97
-25.376386642456055 6.754668712615967 0.03483257442712784 71 71 71
-27.88283920288086 6.342166423797607 -0.23556987941265106 86 116 52
-26.935457229614258 5.10866641998291 -0.48907190561294556 92 123 79
-19.804161071777344 3.01572847366333 -0.5497600436210632 88 107 85
-17.099960327148438 4.558047771453857 -0.6235600113868713 90 120 48
-15.341949462890625 3.4961225986480713 -0.7040765881538391 84 114 64
-13.196624755859375 2.5098352432250977 -0.7301013469696045 93 115 69
-11.803584098815918 1.8033230304718018 -0.7646267414093018 64 76 64
-10.762879371643066 2.8753182888031006 -0.7997215986251831 76 89 61
-10.12834358215332 2.314741611480713 -0.8475993275642395 108 146 61
-9.197827339172363 1.7526401281356812 -0.8519641160964966 91 115 83
-9.041423797607422 1.3831032514572144 -0.9224656820297241 82 105 89
-7.790261745452881 2.0846757888793945 -0.8777798414230347 98 113 82
-7.598409175872803 1.7412930727005005 -0.9244373440742493 105 117 79
-7.0546183586120605 1.347698450088501 -0.920952320098877 65 91 56
-6.757928848266602 1.0374093055725098 -0.9443466067314148 68 85 69
-6.06003999710083 1.6263160705566406 -0.9161292314529419 76 92 79
-5.99681282043457 1.3767963647842407 -0.9582273364067078 85 98 78
-5.732396602630615 1.097489595413208 -0.9665420651435852 86 92 88
-5.623716831207275 0.863698422908783 -1.0007823705673218 102 127 87
-5.172354698181152 1.394866943359375 -0.9853448271751404 74 92 78
-5.043933868408203 1.1608999967575073 -1.0025125741958618 93 116 100
-4.949962139129639 0.950107753276825 -1.0275720357894897 139 142 147
-4.739562511444092 0.7284167408943176 -1.0272163152694702 85 113 88
-4.355222225189209 1.1771960258483887 -1.0045576095581055 87 103 118
-4.386261940002441 1.0130791664123535 -1.0475038290023804 81 93 69
-17.802942276000977 2.750990390777588 0.8224325180053711 0 12 35
-17.80730628967285 2.762166738510132 0.16355116665363312 43 47 59
-25.36133575439453 6.834051132202148 0.03484053164720535 64 70 70
-27.796018600463867 6.41217041015625 -0.23500145971775055 74 99 42
-27.36635398864746 5.277421474456787 -0.49718743562698364 93 119 72
-18.814950942993164 2.9241840839385986 -0.5225463509559631 104 126 90
-16.96625328063965 4.578204154968262 -0.6191936135292053 98 129 62
-15.263991355895996 3.527653217315674 -0.7009922862052917 84 112 64
-13.184941291809082 2.549551486968994 -0.7298842072486877 111 144 87
-11.812787055969238 1.8418337106704712 -0.7655853629112244 71 72 67
-10.813703536987305 2.924469232559204 -0.8041609525680542 73 84 68
-9.972639083862305 2.311372995376587 -0.8351585865020752 111 138 71
-9.18067455291748 1.778577446937561 -0.8508767485618591 82 117 63
-9.014527320861816 1.4073055982589722 -0.9201576709747314 84 93 76
-7.779991626739502 2.1075265407562256 -0.8773470520973206 89 107 91
-7.534995079040527 1.751109004020691 -0.9173715710639954 109 133 107
-7.084529876708984 1.375954270362854 -0.925403892993927 94 120 83
-6.757649898529053 1.0585973262786865 -0.9447570443153381 77 96 68
-6.16101598739624 1.6736944913864136 -0.9321662187576294 68 82 57
-6.006033420562744 1.3983246088027954 -0.9603816866874695 65 71 59
-5.733844757080078 1.116013526916504 -0.9673589468002319 73 100 65
-5.627851963043213 0.8820151090621948 -1.0019950866699219 73 80 72
-5.170897483825684 1.411505937576294 -0.9858875870704651 78 85 91
-4.984896659851074 1.1634272336959839 -0.9914833903312683 96 120 106
-4.930675506591797 0.9620994925498962 -1.0241761207580566 123 141 117
-4.740203380584717 0.7434085607528687 -1.0278446674346924 76 76 78
-4.524825096130371 1.2379475831985474 -1.0445486307144165 95 107 95
-4.375546455383301 1.024754524230957 -1.0456907749176025 79 97 55
-17.797380447387695 2.806062936782837 0.8225693702697754 53 51 64
-17.789859771728516 2.8153791427612305 0.16346949338912964 47 50 57
-24.913827896118164 6.795515537261963 0.03425424173474312 62 66 75
-27.676898956298828 6.474185466766357 -0.23416119813919067 70 92 69
-27.323543548583984 5.3561625480651855 -0.4967058300971985 96 125 77
-18.095043182373047 2.869180679321289 -0.5027945041656494 40 36 51
-16.939594268798828 4.6268110275268555 -0.6187357902526855 81 104 48
-15.3698148727417 3.601818084716797 -0.7063563466072083 78 103 61
-13.153542518615723 2.5853683948516846 -0.7285817265510559 72 98 51
-11.80708122253418 1.8780661821365356 -0.7655853629112244 74 74 74
-10.877795219421387 2.9776453971862793 -0.8096026182174683 82 78 75
-9.996548652648926 2.3492541313171387 -0.8377605080604553 99 123 65
-9.152700424194336 1.8023096323013306 -0.8487926125526428 77 98 65
-8.995429039001465 1.4326080083847046 -0.9186525940895081 70 83 73
-7.902918815612793 2.1668732166290283 -0.8919549584388733 78 82 81
-7.51992130279541 1.7719402313232422 -0.916193962097168 83 106 80
-7.07735538482666 1.3971065282821655 -0.925022304058075 100 121 78
-6.7426323890686035 1.077448844909668 -0.9431151747703552 101 124 82
-6.175888538360596 1.6980974674224854 -0.9352002739906311 82 101 69
-6.040181636810303 1.425824522972107 -0.9665369987487793 66 88 67
-5.721683502197266 1.1318763494491577 -0.965888500213623 76 88 64
-5.614421367645264 0.8975666761398315 -1.000089406967163 66 76 88
-5.098287582397461 1.4085065126419067 -0.9728630185127258 75 92 76
-5.076840877532959 1.2013219594955444 -1.010499119758606 57 65 84
-4.887332916259766 0.9692167043685913 -1.0157861709594727 72 96 80
-4.732107162475586 0.7570210099220276 -1.0265878438949585 61 52 73
-4.5294718742370605 1.254167914390564 -1.0465047359466553 63 84 65
-4.289937973022461 1.0185983180999756 -1.0259735584259033 65 83 41
-17.817289352416992 2.865250825881958 0.8238919377326965 43 38 60
-17.77521514892578 2.868988275527954 0.16341502964496613 38 35 54
-24.86490821838379 6.864201068878174 0.0342157781124115 71 77 75
-27.183067321777344 6.446691513061523 -0.23014937341213226 68 84 55
-26.89710235595703 5.358310699462891 -0.4892502725124359 80 115 73
-21.238996505737305 3.4345223903656006 -0.5904433727264404 45 36 53
-16.552539825439453 4.575709342956543 -0.6051081418991089 78 109 50
-15.304262161254883 3.63602352142334 -0.7038530707359314 87 109 73
-13.114214897155762 2.6194522380828857 -0.7268450856208801 80 111 51
-11.797323226928711 1.9136418104171753 -0.7653297781944275 58 59 63
-10.981072425842285 3.042160749435425 -0.8179801106452942 66 71 67
-9.992202758789062 2.3806052207946777 -0.838004469871521 99 124 66
-9.147128105163574 1.830381155014038 -0.8487926125526428 84 117 70
-8.94090461730957 1.4520643949508667 -0.913534939289093 71 73 72
-8.169244766235352 2.2668662071228027 -0.9227942228317261 84 90 78
-7.507688999176025 1.7933876514434814 -0.9153696298599243 89 104 73
-7.070118427276611 1.4182276725769043 -0.9246407747268677 96 120 72
-6.728540420532227 1.0963774919509888 -0.9416102170944214 65 91 44
-6.212594509124756 1.728708267211914 -0.9415572285652161 97 123 78
-6.068451881408691 1.4521673917770386 -0.9717690944671631 82 97 76
-5.687232971191406 1.1432033777236938 -0.9606603980064392 101 119 103
-5.612613201141357 0.9149457216262817 -1.0002626180648804 87 99 97
-5.182029724121094 1.4487683773040771 -0.9896864295005798 109 118 101
-5.080768585205078 1.2187237739562988 -1.012020468711853 112 147 127
-4.860323429107666 0.9793675541877747 -1.0107921361923218 83 105 69
-4.744238376617432 0.7738968133926392 -1.0297298431396484 88 99 91
-4.542520999908447 1.2727986574172974 -1.0504169464111328 75 82 66
-4.278270244598389 1.0297036170959473 -1.0239338874816895 53 62 59
-17.838973999023438 2.9249107837677 0.8253057599067688 47 47 59
-17.766328811645508 2.923508405685425 0.16341502964496613 42 45 52
-22.521644592285156 6.291744709014893 0.03101770393550396 76 81 75
-26.991069793701172 6.488686561584473 -0.22869126498699188 72 84 64
-26.27687644958496 5.318619251251221 -0.47826308012008667 86 114 66
-21.183975219726562 3.492349624633789 -0.5892088413238525 85 113 72
-16.19194984436035 4.529547214508057 -0.592431366443634 93 128 60
-15.353252410888672 3.697460889816284 -0.7066245079040527 86 108 87
-13.077737808227539 2.6539146900177 -0.7252712249755859 81 110 56
-11.790411949157715 1.9496636390686035 -0.7652658224105835 60 63 72
-10.974569320678711 3.076643705368042 -0.8181949257850647 61 74 64
-9.982914924621582 2.4107818603515625 -0.8378418684005737 100 127 76
-9.170746803283691 1.8643876314163208 -0.8515110611915588 88 118 82
-8.683157920837402 1.4375604391098022 -0.8876461982727051 61 61 69
-8.2024507522583 2.303205966949463 -0.9273388981819153 64 65 69
-7.525315284729004 1.8220208883285522 -0.9181959629058838 103 129 84
-7.048239707946777 1.4363467693328857 -0.9223514199256897 85 112 67
-6.724167823791504 1.116852879524231 -0.9414733648300171 76 100 66
-6.312985897064209 1.7775286436080933 -0.9575942158699036 95 119 93
-6.113900661468506 1.482889175415039 -0.9797708988189697 78 96 80
-5.659533977508545 1.1557115316390991 -0.9565760493278503 83 108 66
-5.605893611907959 0.9315149188041687 -0.9995697736740112 82 78 93
-5.167150497436523 1.4617148637771606 -0.9876965284347534 82 113 97
-5.0846381187438965 1.2361611127853394 -1.0135416984558105 128 149 152
-4.852496147155762 0.9932917356491089 -1.0097934007644653 62 79 60
-4.758239269256592 0.7911747694015503 -1.0332907438278198 85 86 90
-4.517935276031494 1.2808717489242554 -1.045635461807251 84 114 88
-4.262789726257324 1.0398236513137817 -1.020987629890442 73 85 65
-17.814151763916016 2.976991653442383 0.8245760202407837 44 46 58
-17.773056030273438 2.980647325515747 0.16356025636196136 42 42 54
-23.465490341186523 6.6330976486206055 0.0323454812169075 69 74 70
-27.06430435180664 6.594188690185547 -0.22948211431503296 70 85 62
-26.014617919921875 5.34867000579834 -0.4737861752510071 91 124 67
-17.42413902282715 2.9274473190307617 -0.484880656003952 49 53 64
-15.83180046081543 4.4812164306640625 -0.5797544717788696 92 125 70
-15.385509490966797 3.7552061080932617 -0.7086360454559326 86 88 77
-13.26219367980957 2.733736991882324 -0.7359625101089478 86 127 69
-11.747963905334473 1.9796911478042603 -0.7629013657569885 54 58 61
-11.014975547790527 3.1244523525238037 -0.8219181895256042 80 82 81
-9.900925636291504 2.4231531620025635 -0.8315807580947876 89 112 86
-9.16986083984375 1.8935213088989258 -0.8519641160964966 83 114 57
-8.44717025756836 1.4251304864883423 -0.8639649152755737 114 127 118
-8.192477226257324 2.327544689178467 -0.9270142912864685 92 76 89
-7.538978576660156 1.849832534790039 -0.9205511808395386 100 127 94
-7.045742511749268 1.4583656787872314 -0.9226057529449463 94 114 86
-6.723639965057373 1.1379729509353638 -0.9418838024139404 81 89 76
-6.345568656921387 1.8077324628829956 -0.9633733034133911 81 104 94
-6.10740327835083 1.50116765499115 -0.9794631600379944 81 99 73
-5.657893657684326 1.1734700202941895 -0.9569027423858643 83 99 73
-5.5913567543029785 0.9467361569404602 -0.9974909424781799 81 75 89
-5.161696434020996 1.4772900342941284 -0.9875156283378601 59 72 55
-5.089400768280029 1.2538683414459229 -1.0152531862258911 131 161 171
-4.844628810882568 1.0071771144866943 -1.0087945461273193 57 61 60
-4.757718086242676 0.8060958385467529 -1.0337097644805908 65 72 80
-4.526181697845459 1.2982250452041626 -1.048460841178894 74 85 77
-4.264307498931885 1.054065465927124 -1.0221208333969116 89 116 97
-17.805919647216797 3.0317986011505127 0.8246216773986816 50 50 60
-17.773685455322266 3.036844491958618 0.1636510044336319 43 39 53
-22.323013305664062 6.384171962738037 0.03079751320183277 71 80 75
-26.6721248626709 6.585385799407959 -0.22632700204849243 74 84 59
-25.955020904541016 5.419464588165283 -0.4730013608932495 106 138 75
-20.930604934692383 3.5826337337493896 -0.5827621221542358 42 37 59
-15.474985122680664 4.431544303894043 -0.567183256149292 84 115 55
-15.411737442016602 3.8117449283599854 -0.7103793621063232 93 109 98
-13.27035903930664 2.777890205383301 -0.736885130405426 89 116 65
-11.718229293823242 2.011671781539917 -0.7613676190376282 74 87 80
-11.032183647155762 3.1659350395202637 -0.8239230513572693 75 89 72
-9.969868659973145 2.4724700450897217 -0.838004469871521 97 122 93
-9.214692115783691 1.932273268699646 -0.8566761612892151 71 98 53
-8.441777229309082 1.4508706331253052 -0.863864541053772 100 108 84
-8.227336883544922 2.364751100540161 -0.9317753911018372 56 56 66
-7.559288024902344 1.8794223070144653 -0.9237307906150818 85 101 74
-7.047059059143066 1.481199026107788 -0.9233688712120056 88 121 68
-6.713283538818359 1.1574172973632812 -0.9409260749816895 73 81 70
-6.3590087890625 1.832672357559204 -0.9662628173828125 83 112 116
-6.090304851531982 1.5167936086654663 -0.9774627089500427 70 80 56
-5.657162666320801 1.1914325952529907 -0.9573928713798523 87 99 75
-5.564162254333496 0.9597007036209106 -0.9931600093841553 71 80 59
-5.082508087158203 1.4715112447738647 -0.9732247591018677 59 78 74
-5.068384170532227 1.2651965618133545 -1.0118303298950195 81 85 84
-4.833846569061279 1.0204163789749146 -1.0071964263916016 69 81 77
-4.740768909454346 0.8181939721107483 -1.0305676460266113 84 98 98
-4.453744888305664 1.2922494411468506 -1.032594919204712 81 121 121
-4.30829381942749 1.0789741277694702 -1.0334525108337402 43 42 60
-17.79653549194336 3.086411952972412 0.8246216773986816 78 87 102
-35.086883544921875 10.12585735321045 1.3837615251541138 78 89 91
-22.51753807067871 6.514603137969971 0.031093312427401543 70 76 72
-26.640153884887695 6.664272308349609 -0.22622814774513245 80 104 91
-25.80133819580078 5.47003698348999 -0.4705042839050293 86 123 53
-20.517728805541992 3.5767886638641357 -0.5715693831443787 90 109 81
-15.372044563293457 4.453138828277588 -0.5639083981513977 83 121 38
-15.746886253356934 3.945941209793091 -0.7263820767402649 100 113 85
-13.38679313659668 2.845160722732544 -0.7438317537307739 82 114 65
-11.695290565490723 2.044691562652588 -0.7602812051773071 73 80 73
-10.99463939666748 3.191702127456665 -0.821846604347229 99 110 93
-9.899404525756836 2.4872589111328125 -0.8327191472053528 105 133 108
-9.213590621948242 1.9615713357925415 -0.8571292161941528 69 94 52
-8.428465843200684 1.4752190113067627 -0.86296147108078 85 92 74
-8.2391357421875 2.3955321311950684 -0.9339395761489868 93 83 94
-7.573708534240723 1.907698631286621 -0.9262037873268127 81 96 77
-7.059942722320557 1.5065381526947021 -0.9256582260131836 94 118 70
-6.702871322631836 1.1768089532852173 -0.9399682879447937 85 104 76
-6.417004108428955 1.8707278966903687 -0.9759427905082703 59 61 73
-6.063587188720703 1.5299115180969238 -0.9739234447479248 78 74 75
-5.657340049743652 1.2096079587936401 -0.9580464363098145 84 94 67
-5.5330610275268555 0.9718259572982788 -0.9881362318992615 70 49 82
-5.169524192810059 1.5139092206954956 -0.9907717704772949 74 95 90
-5.061623573303223 1.2800180912017822 -1.0112597942352295 128 152 154
-4.821112155914307 1.0331883430480957 -1.0051988363265991 67 79 77
-4.739199161529541 0.8329038619995117 -1.030777096748352 86 94 96
-4.489096164703369 1.3174517154693604 -1.0417232513427734 111 131 142
-4.308739185333252 1.0931446552276611 -1.0343589782714844 54 53 69
-23.401771545410156 6.831450939178467 0.9237446188926697 105 116 112
-30.504467010498047 7.712922096252441 0.8887743353843689 70 76 72
-22.41202735900879 6.558658599853516 0.030975257977843285 74 79 82
-26.111658096313477 6.617252349853516 -0.2219115048646927 72 83 75
-25.406156539916992 5.4677581787109375 -0.46360161900520325 85 125 52
-20.47811508178711 3.634653329849243 -0.5707738399505615 83 120 69
-15.091693878173828 4.422154903411865 -0.5541191101074219 90 124 74
-15.799582481384277 4.010702133178711 -0.7293770909309387 90 110 73
-13.581023216247559 2.930018186569214 -0.7551199793815613 92 126 89
-11.645732879638672 2.0728678703308105 -0.7574694156646729 75 99 75
-10.938858032226562 3.2119297981262207 -0.8184096813201904 75 86 70
-9.982521057128906 2.540726661682129 -0.8403624892234802 115 135 74
-9.271775245666504 2.0037128925323486 -0.863109827041626 75 103 63
-8.35631275177002 1.4890267848968506 -0.8560376763343811 72 86 71
-8.19645881652832 2.4104206562042236 -0.9299359321594238 69 67 78
-7.588026523590088 1.9360811710357666 -0.9286767840385437 103 135 94
-7.104726791381836 1.538899302482605 -0.9321447014808655 92 115 59
-6.6943535804748535 1.1964960098266602 -0.9392842054367065 78 106 68
-6.424522399902344 1.8943241834640503 -0.9779655337333679 97 115 103
-6.052164077758789 1.5467944145202637 -0.972846269607544 69 70 72
-5.656494617462158 1.2275865077972412 -0.9585365056991577 88 103 74
-5.513571739196777 0.9858495593070984 -0.9851911664009094 89 113 89
-5.176171779632568 1.533113718032837 -0.9929425716400146 68 83 78
-5.045309066772461 1.2923738956451416 -1.008787751197815 127 151 153
-4.809302806854248 1.04610013961792 -1.0034010410308838 91 91 89
-4.742396831512451 0.8484728336334229 -1.032033920288086 99 93 103
-4.51216983795166 1.339272379875183 -1.0480260848999023 80 94 103
-4.287441730499268 1.101752758026123 -1.030052900314331 82 92 81
-29.518346786499023 7.547386169433594 1.9766817092895508 201 238 244
-23.348115921020508 6.8935933113098145 0.922457218170166 100 128 132
-27.768320083618164 7.1118083000183105 0.8096861839294434 66 74 77
-22.13002586364746 6.54990816116333 0.030613137409090996 82 100 76
-25.40452003479004 6.521059036254883 -0.21607087552547455 69 81 67
-25.38144874572754 5.543970584869385 -0.46345892548561096 88 127 62
-19.646461486816406 3.549250602722168 -0.5478945374488831 83 119 57
-14.98990249633789 4.442310333251953 -0.5508794188499451 87 125 48
-15.797845840454102 4.061892509460449 -0.7298687696456909 89 101 79
-13.577823638916016 2.972951889038086 -0.755445659160614 83 116 73
-11.639318466186523 2.108586549758911 -0.7574694156646729 85 103 79
-10.89166259765625 3.234400987625122 -0.8156172633171082 78 94 65
-10.027761459350586 2.58502459526062 -0.8448346853256226 100 122 76
-9.2402925491333 2.026601791381836 -0.8607538342475891 111 137 102
-8.282196998596191 1.5020506381988525 -0.8489131927490234 96 120 86
-8.186166763305664 2.4347054958343506 -0.9296112656593323 75 75 75
-7.590704441070557 1.961587905883789 -0.9297366738319397 74 91 73
-7.082534313201904 1.5568560361862183 -0.9298553466796875 93 117 83
-6.681879997253418 1.21543288230896 -0.9380528330802917 77 93 67
-6.416783809661865 1.9134597778320312 -0.977676510810852 63 51 75
-6.041650295257568 1.5638693571090698 -0.9719229340553284 52 55 46
-5.656555652618408 1.2457833290100098 -0.9591900706291199 89 110 67
-5.458196640014648 0.9932387471199036 -0.975836455821991 107 135 86
-5.178980827331543 1.5512442588806152 -0.9943897128105164 63 61 62
-5.029916763305664 1.3048882484436035 -1.0065058469772339 112 144 123
-4.796502113342285 1.058737874031067 -1.0014033317565918 73 84 54
-4.745543479919434 0.8640692830085754 -1.0332907438278198 72 80 82
-4.516453742980957 1.3556348085403442 -1.0499823093414307 131 169 156
-4.288754463195801 1.116127848625183 -1.0311861038208008 78 102 52
-27.915699005126953 7.240887641906738 0.814627468585968 75 83 85
-22.371362686157227 6.6960530281066895 0.030975257977843285 72 78 76
-24.97501564025879 6.492545127868652 -0.21258625388145447 75 91 78
-25.33698844909668 5.615755558013916 -0.46295952796936035 78 106 68
-19.489974975585938 3.582760810852051 -0.5438345074653625 86 118 69
-14.858453750610352 4.452989101409912 -0.5465481877326965 94 127 72
-15.742772102355957 4.099263668060303 -0.7279019355773926 94 103 82
-13.478960990905762 2.9946701526641846 -0.7504527568817139 93 121 80
-11.690698623657227 2.154959201812744 -0.7612398266792297 79 102 73
-10.838700294494629 3.2548913955688477 -0.8123951554298401 79 93 57
-10.058358192443848 2.625847578048706 -0.8480871915817261 121 144 98
-9.2388916015625 2.056022882461548 -0.8612068891525269 97 118 61
-8.268744468688965 1.5258281230926514 -0.8480101227760315 79 93 70
-8.14153003692627 2.4486420154571533 -0.9253911375999451 85 88 81
-7.574082851409912 1.9821012020111084 -0.9284412860870361 72 80 69
-7.047713756561279 1.5718841552734375 -0.9259125590324402 88 114 69
-6.665457248687744 1.2335833311080933 -0.9362741112709045 97 118 79
-6.4241461753845215 1.9371366500854492 -0.9796991944313049 80 80 92
-6.0310893058776855 1.5808942317962646 -0.9709996581077576 72 80 69
-5.670037746429443 1.2670042514801025 -0.9621308445930481 81 88 81
-5.481271266937256 1.0148205757141113 -0.9805138111114502 81 84 77
-5.197729110717773 1.5742530822753906 -0.9989121556282043 57 52 72
-5.010697364807129 1.3163225650787354 -1.0034633874893188 106 123 113
-4.818091869354248 1.079015851020813 -1.0065971612930298 53 53 65
-4.746716499328613 0.8793368339538574 -1.0341286659240723 91 105 105
-4.491724967956543 1.3632481098175049 -1.0452007055282593 166 198 197
-4.279659271240234 1.1277910470962524 -1.029826283454895 73 106 63
-34.95424270629883 10.553932189941406 1.38353431224823 99 119 92
-21.235666275024414 6.427175998687744 0.02942994236946106 87 97 89
-24.9578800201416 6.569900989532471 -0.21261097490787506 72 74 61
-24.66899299621582 5.547155380249023 -0.45106270909309387 87 124 47
-19.417970657348633 3.631146192550659 -0.542133629322052 80 112 71
-14.82367992401123 4.492176532745361 -0.5457735061645508 96 121 66
-15.647046089172363 4.125638484954834 -0.724057674407959 76 85 64
-13.513544082641602 3.045888900756836 -0.752894937992096 98 119 80
-11.705611228942871 2.194861888885498 -0.7626457810401917 72 96 62
-10.782852172851562 3.2742180824279785 -0.8089582324028015 77 95 47
-10.072417259216309 2.6625523567199707 -0.8499573469161987 85 104 74
-9.261683464050293 2.0909371376037598 -0.8639253377914429 91 107 80
-8.259134292602539 1.5502712726593018 -0.8475083708763123 65 84 54
-8.099739074707031 2.46319580078125 -0.9214957356452942 120 132 122
-7.543968200683594 1.9989699125289917 -0.9254971742630005 72 90 52
-7.145405292510986 1.6167008876800537 -0.9393942952156067 85 115 53
-6.6577467918396 1.2532938718795776 -0.9357268214225769 81 97 61
-6.355704307556152 1.9377903938293457 -0.9701637029647827 77 68 85
-6.024300575256348 1.5988829135894775 -0.9706918597221375 76 87 73
-5.670934677124023 1.2854841947555542 -0.96294766664505 91 106 87
-5.528461456298828 1.0411100387573242 -0.9895220994949341 54 48 58
-5.226728916168213 1.600559115409851 -1.0054243803024292 50 54 66
-5.002840042114258 1.3306795358657837 -1.0027027130126953 111 134 118
-4.7860941886901855 1.087280511856079 -1.0006043910980225 57 80 60
-4.740152359008789 0.8931711316108704 -1.0332907438278198 104 115 121
-4.461393356323242 1.369004487991333 -1.039115071296692 169 200 202
-4.228184700012207 1.128110408782959 -1.0182679891586304 85 121 93
-30.898998260498047 9.43304443359375 1.2241623401641846 84 98 111
-29.57963752746582 7.8665080070495605 0.8645763397216797 52 60 63
-21.25122833251953 6.503122806549072 0.029479023069143295 65 71 69
-24.639039993286133 6.566864490509033 -0.21006546914577484 62 74 62
-24.473468780517578 5.582123756408691 -0.44779863953590393 84 122 45
-19.316390991210938 3.673520803451538 -0.5396097302436829 88 116 67
-14.591967582702637 4.470882415771484 -0.5377448201179504 87 110 54
-15.599568367004395 4.1643476486206055 -0.722448468208313 81 102 71
-13.591741561889648 3.1073620319366455 -0.7577792406082153 94 124 70
-11.715486526489258 2.2339413166046143 -0.7637320756912231 86 108 69
-10.721266746520996 3.2914764881134033 -0.8050917387008667 87 109 63
-10.115230560302734 2.7070982456207275 -0.8542669415473938 84 114 64
-9.39598560333252 2.15157413482666 -0.87706458568573 80 103 77
-8.256294250488281 1.575975775718689 -0.847709059715271 85 105 68
-8.05793571472168 2.477515935897827 -0.9176002144813538 52 50 71
-7.563696384429932 2.0290520191192627 -0.9286767840385437 72 89 70
-7.1877827644348145 1.6494859457015991 -0.9456263780593872 80 106 69
-6.650951862335205 1.2731549739837646 -0.9353163838386536 101 131 97
-6.338382720947266 1.9537826776504517 -0.9684300422668457 69 56 73
-6.0126872062683105 1.615562915802002 -0.9696146845817566 73 98 59
-5.673695087432861 1.3044236898422241 -0.964091420173645 81 92 76
-5.51460075378418 1.0560286045074463 -0.9876164793968201 91 90 95
-5.2424635887146 1.62298583984375 -1.009404182434082 76 77 81
-4.943750858306885 1.3312163352966309 -0.9916735291481018 91 107 107
-4.798012733459473 1.1054788827896118 -1.0038005113601685 60 67 60
-4.767160892486572 0.9134137630462646 -1.0397841930389404 99 111 111
-4.486072540283203 1.3916507959365845 -1.045852780342102 168 199 201
-4.204017639160156 1.1354897022247314 -1.013282060623169 57 75 61
-33.34771728515625 10.292555809020996 1.3224209547042847 100 106 122
-21.154752731323242 6.544646263122559 0.02937290631234646 70 80 72
-23.092411041259766 6.230594635009766 -0.19704140722751617 78 84 74
-24.08411407470703 5.571104526519775 -0.44098517298698425 92 134 50
-19.351158142089844 3.741684675216675 -0.5408990979194641 84 106 70
-14.607775688171387 4.5247955322265625 -0.5388364195823669 72 102 64
-15.557785987854004 4.2043681144714355 -0.7211074233055115 88 115 62
-13.542263984680176 3.1397998332977295 -0.75555419921875 101 133 66
-11.661552429199219 2.260756731033325 -0.760664701461792 101 118 76
-10.637767791748047 3.3015878200531006 -0.7995784282684326 85 121 73
-10.189611434936523 2.7605323791503906 -0.8612598180770874 84 100 73
-9.402921676635742 2.183544397354126 -0.8783332109451294 103 127 69
-8.329559326171875 1.616462230682373 -0.8557366728782654 84 109 77
-8.015172004699707 2.4913082122802734 -0.9135965704917908 72 76 77
-7.560311317443848 2.0530283451080322 -0.9290301203727722 60 59 65
-7.202975273132324 1.6762511730194092 -0.9482973217964172 91 114 70
-6.618815898895264 1.2880661487579346 -0.9313485026359558 85 107 71
-6.325745105743408 1.9711586236953735 -0.9674186110496521 68 75 83
-6.010562896728516 1.634779930114746 -0.970076322555542 64 57 88
-5.661979675292969 1.3200321197509766 -0.9627843499183655 55 65 56
-5.50360107421875 1.0714366436004639 -0.9862306118011475 70 84 71
-5.225257873535156 1.63524329662323 -1.0070525407791138 96 109 99
-4.936802387237549 1.3456027507781982 -0.9911031126976013 80 110 76
-4.79746150970459 1.120862603187561 -1.0043997764587402 58 63 59
-4.723065376281738 0.919995903968811 -1.030777096748352 120 158 133
-4.50786018371582 1.4135850667953491 -1.0519382953643799 175 206 208
-4.19205904006958 1.1460704803466797 -1.011242389678955 61 85 61
-20.432514190673828 6.36060905456543 2.383716106414795 221 255 250
-23.65840721130371 6.447485446929932 0.6926493644714355 62 71 68
-19.16847801208496 5.994650840759277 0.02664042077958584 83 95 91
-23.075117111206055 6.301939010620117 -0.19705788791179657 75 80 76
-23.326133728027344 5.471216201782227 -0.4274117350578308 92 136 41
-19.223846435546875 3.778287649154663 -0.5376620292663574 79 104 72
-14.592870712280273 4.569291591644287 -0.5388011932373047 88 131 77
-15.419547080993652 4.217813491821289 -0.7152963876724243 80 107 64
-13.502433776855469 3.174248218536377 -0.7538717985153198 95 122 69
-11.64574909210205 2.2947869300842285 -0.7600895166397095 119 169 116
-10.432490348815918 3.273000478744507 -0.7849000692367554 85 111 66
-10.159947395324707 2.7859818935394287 -0.8594709038734436 68 79 63
-9.336076736450195 2.198230504989624 -0.8727149963378906 93 118 63
-8.63985538482666 1.7042008638381958 -0.8881478905677795 73 86 68
-7.9723992347717285 2.5048608779907227 -0.9095928072929382 94 114 77
-7.553977012634277 2.0762133598327637 -0.9290301203727722 85 96 92
-7.196833610534668 1.6981139183044434 -0.9481701254844666 92 121 93
-6.631353378295898 1.3116339445114136 -0.9336745142936707 71 98 67
-6.312117576599121 1.9881782531738281 -0.9662628173828125 85 87 73
-6.005519390106201 1.6532124280929565 -0.970076322555542 55 60 56
-5.6435017585754395 1.3339924812316895 -0.9603337049484253 86 102 75
-5.499321937561035 1.088125228881836 -0.9860574007034302 73 89 78
-5.2117767333984375 1.6485968828201294 -1.0054243803024292 108 126 136
-4.908044338226318 1.3539543151855469 -0.9861590266227722 72 80 69
-4.797813415527344 1.1364790201187134 -1.0051988363265991 59 69 68
-4.69432258605957 0.9293544888496399 -1.0251215696334839 128 137 142
-4.512807369232178 1.430357575416565 -1.0541118383407593 172 202 204
-4.1866455078125 1.1584066152572632 -1.0107890367507935 77 97 85
-20.733335494995117 6.524094581604004 2.4211347103118896 221 255 252
-23.626951217651367 6.516848087310791 0.6923105120658875 59 69 68
-19.06036949157715 6.0250983238220215 0.026515735313296318 70 80 79
-22.71158790588379 6.277595520019531 -0.1941169649362564 66 77 63
-23.243093490600586 5.52702522277832 -0.4261988401412964 85 123 48
-19.239612579345703 3.8427298069000244 -0.5384301543235779 97 117 80
-14.339632034301758 4.538351058959961 -0.5299626588821411 89 119 59
-15.141768455505371 4.191802978515625 -0.7030038237571716 92 122 60
-13.581022262573242 3.2367238998413086 -0.7588104009628296 88 118 58
-11.675837516784668 2.3379502296447754 -0.7625178694725037 92 139 105
-10.396728515625 3.2968509197235107 -0.7829667329788208 100 127 72
-10.179203987121582 2.8248684406280518 -0.8618289828300476 68 77 72
-9.357379913330078 2.2335681915283203 -0.8753429055213928 80 107 76
-8.618977546691895 1.7275707721710205 -0.8865423202514648 80 105 73
-7.9589924812316895 2.52750301361084 -0.9089436531066895 64 71 53
-7.547571659088135 2.099379062652588 -0.9290301203727722 76 87 81
-7.20605993270874 1.723646640777588 -0.9500778913497925 80 97 63
-6.633125305175781 1.3331435918807983 -0.9344954490661621 73 101 61
-6.291845321655273 2.0030317306518555 -0.9640957117080688 70 77 87
-6.007081985473633 1.673485517501831 -0.9711534976959229 67 71 70
-5.635544776916504 1.3503806591033936 -0.9596801400184631 74 94 59
-5.4911298751831055 1.1040210723876953 -0.9851911664009094 79 103 77
-5.209505081176758 1.6654771566390991 -1.005967140197754 51 43 66
-4.9208879470825195 1.373757243156433 -0.9895818829536438 74 84 75
-4.797163009643555 1.1518795490264893 -1.005798101425171 87 106 76
-4.720207691192627 0.9495373368263245 -1.0314055681228638 122 141 139
-4.466567039489746 1.4307961463928223 -1.0443313121795654 165 192 199
-4.385660171508789 1.2279696464538574 -1.0597420930862427 98 117 97
-18.192659378051758 5.79092264175415 1.4224724769592285 156 187 189
-23.58085060119629 6.582047939300537 0.6915481686592102 69 78 77
-30.72467041015625 7.388163089752197 0.5907599925994873 67 73 69
-21.030750274658203 6.718986511230469 0.029285360127687454 108 110 105
-22.524660110473633 6.300375461578369 -0.19268357753753662 83 85 74
-23.172569274902344 5.585422515869141 -0.4252178966999054 87 131 56
-19.49909782409668 3.956804037094116 -0.5460291504859924 91 116 74
-14.366570472717285 4.595415115356445 -0.5314767956733704 75 108 63
-14.869105339050293 4.165475845336914 -0.6909346580505371 81 109 71
-13.584616661071777 3.2816572189331055 -0.7595701813697815 98 132 82
-11.722395896911621 2.38470196723938 -0.7660326957702637 110 137 104
-10.33432388305664 3.3119893074035645 -0.7790286540985107 81 110 54
-10.17912483215332 2.8585095405578613 -0.8625608086585999 80 81 76
-9.338868141174316 2.259455442428589 -0.8742554783821106 84 110 63
-8.796926498413086 1.7913289070129395 -0.9054071307182312 79 94 65
-7.955933570861816 2.5534279346466064 -0.9094846844673157 79 93 78
-7.563080787658691 2.1287126541137695 -0.9317386150360107 56 63 55
-7.206521511077881 1.7471486330032349 -0.9508410096168518 70 87 68
-6.6697678565979 1.3618104457855225 -0.9402419328689575 93 109 80
-6.280960559844971 2.020810127258301 -0.9633733034133911 84 103 97
-6.007625579833984 1.693515658378601 -0.9720768332481384 50 49 63
-5.644797325134277 1.370923638343811 -0.9619675278663635 76 91 72
-5.486752033233643 1.1206653118133545 -0.9850179553031921 63 61 62
-5.201562881469727 1.6805446147918701 -1.0054243803024292 71 75 84
-4.903422832489014 1.3851114511489868 -0.9869195818901062 77 95 79
-4.804078578948975 1.1691402196884155 -1.0079954862594604 71 72 66
-4.683742046356201 0.9571620225906372 -1.0240743160247803 75 69 69
-4.463085174560547 1.4447933435440063 -1.0445486307144165 169 198 202
-4.378123760223389 1.2403570413589478 -1.0588356256484985 114 158 131
-18.284399032592773 5.864362716674805 3.5761826038360596 194 240 255
-18.66750717163086 6.0052080154418945 1.4610342979431152 116 157 189
-32.54548645019531 10.484077453613281 1.2956128120422363 55 62 68
-23.633655548095703 6.675010681152344 0.6936940550804138 68 75 81
-19.071571350097656 6.157606601715088 0.02658338099718094 76 86 85
-22.312789916992188 6.3149871826171875 -0.19103600084781647 67 73 73
-22.80760383605957 5.5715460777282715 -0.4188324511051178 94 126 59
-19.691486358642578 4.058784008026123 -0.5517626404762268 92 121 75
-14.387589454650879 4.650843620300293 -0.5327797532081604 65 97 30
-14.76398754119873 4.184919834136963 -0.6866434216499329 86 118 68
-13.55120849609375 3.317620277404785 -0.7582677006721497 90 121 62
-11.81568717956543 2.4414544105529785 -0.7726148962974548 97 138 80
-10.290902137756348 3.3329226970672607 -0.7765225768089294 80 102 53
-10.156885147094727 2.885911464691162 -0.8614224195480347 66 70 71
-9.393795013427734 2.303274154663086 -0.8800548911094666 116 134 82
-8.811850547790527 1.8225409984588623 -0.9075143337249756 87 111 85
-7.948062419891357 2.577824354171753 -0.9094846844673157 74 83 78
-7.53168249130249 2.144834518432617 -0.9286767840385437 73 65 78
-7.207870006561279 1.7709062099456787 -0.9517313241958618 66 73 65
-6.6927170753479 1.3878986835479736 -0.944072961807251 78 94 67
-6.266262054443359 2.0373167991638184 -0.962073028087616 83 95 75
-6.00335168838501 1.7122098207473755 -0.9722306728363037 79 83 84
-5.622363090515137 1.3837554454803467 -0.9588633179664612 81 88 80
-5.444714069366455 1.1294912099838257 -0.9780885577201843 49 60 64
-5.1982526779174805 1.6971055269241333 -1.0057862997055054 98 114 104
-4.88215970993042 1.3952925205230713 -0.9834967851638794 60 77 61
-4.79951810836792 1.1836388111114502 -1.0077956914901733 54 55 76
-4.689399719238281 0.9733154773712158 -1.0259594917297363 81 86 82
-4.454920291900635 1.4572651386260986 -1.0436792373657227 166 200 202
-4.237600803375244 1.2146022319793701 -1.0257469415664673 112 141 147
-17.827713012695312 5.778270244598389 3.490311861038208 188 216 228
-34.5731201171875 11.229755401611328 4.049173355102539 187 243 255
-18.570280075073242 6.036861896514893 1.4548673629760742 176 229 223
-23.395851135253906 6.6854166984558105 0.6873127818107605 59 74 81
-19.037382125854492 6.211126327514648 0.02656215988099575 65 75 64
-22.301963806152344 6.385889530181885 -0.19111014902591705 71 86 63
-22.778757095336914 5.638609886169434 -0.41861844062805176 82 126 41
-19.645675659179688 4.112214088439941 -0.5508298873901367 89 115 68
-14.259255409240723 4.657724857330322 -0.5285541415214539 91 127 83
-14.48987865447998 4.155290603637695 -0.67448490858078 87 113 78
-13.497354507446289 3.348360061645508 -0.7558255195617676 88 113 55
-11.910694122314453 2.499211549758911 -0.779325008392334 84 113 59
-10.26925277709961 3.3607563972473145 -0.7756633758544922 79 113 52
-10.145110130310059 2.9162325859069824 -0.861178457736969 95 96 88
-9.371219635009766 2.3282411098480225 -0.8786049485206604 80 102 63
-8.811086654663086 1.850589394569397 -0.9080160856246948 78 101 73
-7.9401164054870605 2.602196455001831 -0.9094846844673157 78 90 80
-7.531746864318848 2.169855833053589 -0.9295011758804321 71 71 73
-7.2024030685424805 1.7930113077163696 -0.9517313241958618 78 92 69
-6.628329277038574 1.395769715309143 -0.9355899691581726 79 100 59
-6.237420082092285 2.049119710922241 -0.9586055278778076 86 103 97
-5.989526271820068 1.7281545400619507 -0.9708457589149475 114 137 121
-5.62287712097168 1.4021916389465332 -0.9596801400184631 81 104 78
-5.453752040863037 1.1488291025161743 -0.9803406000137329 88 119 87
-5.180879592895508 1.7090401649475098 -1.003434658050537 65 41 63
-4.896718502044678 1.415717601776123 -0.9872999787330627 64 73 72
-4.811074256896973 1.2021585702896118 -1.0109919309616089 76 85 82
-4.693089008331299 0.9891093373298645 -1.027425765991211 103 120 101
-4.4550628662109375 1.4724574089050293 -1.0447659492492676 166 195 191
-4.324593544006348 1.2539068460464478 -1.0477304458618164 152 195 185
-16.0360050201416 5.263125419616699 1.8800048828125 199 237 255
-18.49198341369629 6.07420015335083 1.4501864910125732 106 128 149
-19.460609436035156 6.401028156280518 0.7762620449066162 90 144 118
-23.39443588256836 6.762714385986328 0.6878775358200073 69 81 79
-28.754322052001953 7.194949626922607 0.5541248917579651 62 73 67
-18.10270118713379 5.9676899909973145 0.025283461436629295 74 78 77
-22.368709564208984 6.479320526123047 -0.19185155630111694 64 74 65
-22.429676055908203 5.625284671783447 -0.41251838207244873 88 129 37
-19.623188018798828 4.170388698577881 -0.5505555868148804 90 119 61
-14.305635452270508 4.721495628356934 -0.5308077335357666 88 122 62
-14.267902374267578 4.139049053192139 -0.6647402048110962 88 124 54
-13.492828369140625 3.391213893890381 -0.7561511397361755 90 108 68
-11.927371978759766 2.5409395694732666 -0.7809225916862488 82 103 64
-10.301508903503418 3.4063374996185303 -0.7788854241371155 94 116 67
-10.137072563171387 2.947622060775757 -0.8612598180770874 71 65 75
-9.328300476074219 2.3479864597320557 -0.8752522468566895 96 116 81
-8.804393768310547 1.8774051666259766 -0.9079157114028931 67 81 58
-7.9245452880859375 2.624044179916382 -0.9086189866065979 83 101 89
-7.533634662628174 2.19545316696167 -0.9305610060691833 59 53 65
-7.222836017608643 1.8216487169265747 -0.9551653265953064 79 91 67
-6.692793846130371 1.4308022260665894 -0.9453043937683105 74 95 76
-6.210443496704102 2.0613884925842285 -0.9554270505905151 97 93 90
-5.935822010040283 1.7324036359786987 -0.9629977345466614 92 110 94
-5.643418312072754 1.4257185459136963 -0.9639279842376709 77 97 69
-5.44153356552124 1.1637017726898193 -0.9787814021110535 53 65 51
-5.1466875076293945 1.7152868509292603 -0.9978267550468445 75 76 80
-4.896121025085449 1.4318361282348633 -0.9880605340003967 82 106 93
-4.844408988952637 1.2262905836105347 -1.018782615661621 124 130 142
-4.723498344421387 1.010663390159607 -1.0347570180892944 81 86 89
-4.467189788818359 1.4916832447052002 -1.0486781597137451 142 159 169
-4.368391513824463 1.281147837638855 -1.0592888593673706 144 175 177
-18.029918670654297 5.966305732727051 3.5370004177093506 195 244 255
-16.081098556518555 5.332632064819336 1.8872008323669434 105 129 103
-18.384292602539062 6.101377487182617 1.443202257156372 154 169 198
-19.432344436645508 6.4578657150268555 0.7759212255477905 79 96 90
-18.616561889648438 6.200474262237549 0.026027601212263107 70 75 68
-22.319936752319336 6.539481163024902 -0.1916044056415558 81 87 85
-21.783397674560547 5.534289360046387 -0.4009426534175873 91 129 52
-20.050016403198242 4.325432777404785 -0.5629004836082458 94 127 70
-14.27022647857666 4.758408069610596 -0.5300330519676208 94 124 74
-13.792140007019043 4.046948432922363 -0.6431499123573303 86 120 60
-13.464942932128906 3.42815899848938 -0.7551742792129517 81 89 74
-11.942930221557617 2.582582473754883 -0.7824563384056091 77 96 64
-10.205866813659668 3.409482002258301 -0.7724412679672241 89 120 44
-10.130849838256836 2.9795517921447754 -0.8615037202835083 88 89 91
-9.322017669677734 2.376840353012085 -0.8753429055213928 86 118 81
-8.789840698242188 1.9025135040283203 -0.9070126414299011 92 107 84
-7.898544788360596 2.6423513889312744 -0.9065630435943604 114 137 93
-7.540199279785156 2.2224862575531006 -0.9322096705436707 64 61 72
-7.228745460510254 1.8467457294464111 -0.956691563129425 88 106 66
-6.701925754547119 1.454269528388977 -0.9472199082374573 76 97 66
-6.207842826843262 2.081690549850464 -0.9560049176216125 67 78 72
-5.952275276184082 1.75704026222229 -0.9665369987487793 75 92 86
-5.743196487426758 1.4696849584579468 -0.9817361831665039 115 131 121
-5.442749977111816 1.1814353466033936 -0.9796476364135742 75 88 78
-5.130215644836426 1.7273026704788208 -0.9956560134887695 72 82 92
-4.864403247833252 1.4387753009796143 -0.9825459718704224 82 110 49
-4.8235392570495605 1.2367666959762573 -1.0151869058609009 83 87 96
-4.713686943054199 1.0236974954605103 -1.0332907438278198 131 138 107
-4.462592124938965 1.5053813457489014 -1.0486781597137451 167 202 198
-4.352301597595215 1.2909432649612427 -1.056342601776123 68 109 77
-18.339723587036133 6.131314277648926 3.6014492511749268 178 222 231
-15.631170272827148 5.236715316772461 1.8362760543823242 172 212 224
-16.260791778564453 5.45206880569458 1.2778104543685913 79 90 82
-30.9716796875 7.936476707458496 1.7640239000320435 205 240 244
-17.730005264282227 5.952599048614502 0.7086737155914307 121 162 164
-27.77338981628418 8.213541030883789 0.8181004524230957 61 68 76
-18.595556259155273 6.256921768188477 0.026024946942925453 80 94 94
-21.777246475219727 6.453091144561768 -0.18711477518081665 82 94 82
-21.721773147583008 5.5896315574646 -0.40012216567993164 89 129 59
-20.039581298828125 4.387566566467285 -0.5629827976226807 91 120 64
-14.249876976013184 4.800251483917236 -0.5298217535018921 74 111 60
-13.549806594848633 4.021032333374023 -0.6324217915534973 88 124 60
-13.474666595458984 3.4746885299682617 -0.7563139796257019 87 94 86
-12.067517280578613 2.648303508758545 -0.7911474704742432 91 118 73
-10.129203796386719 3.4184510707855225 -0.7674291729927063 83 118 50
-10.112107276916504 3.007777214050293 -0.8606905341148376 84 86 83
-9.324323654174805 2.4079184532165527 -0.8762489557266235 103 129 82
-8.771328926086426 1.9266963005065918 -0.9057080745697021 74 100 65
-7.881925106048584 2.6637070178985596 -0.9055891633033752 97 114 80
-7.535248279571533 2.24617600440979 -0.932445228099823 84 82 85
-7.210562229156494 1.8656845092773438 -0.9550381302833557 92 107 76
-6.726455211639404 1.4812148809432983 -0.9513245820999146 85 99 76
-6.167687892913818 2.08929705619812 -0.950803816318512 72 91 69
-5.962005615234375 1.779815673828125 -0.9689992070198059 75 85 76
-5.724335193634033 1.483585238456726 -0.9792855381965637 78 89 81
-5.448718070983887 1.2002466917037964 -0.981380045413971 68 83 80
-5.0718183517456055 1.724982738494873 -0.9853448271751404 72 80 83
-4.940855979919434 1.4778876304626465 -0.9988995790481567 51 61 52
-4.804548263549805 1.2476190328598022 -1.0119907855987549 85 104 100
-4.699065208435059 1.0356286764144897 -1.030777096748352 117 132 109
-4.456104755401611 1.5184357166290283 -1.048243522644043 156 184 185
-4.369777202606201 1.3107259273529053 -1.0615551471710205 192 230 209
-18.31337547302246 6.185034275054932 3.599984645843506 197 246 250
-18.3638916015625 6.206380367279053 2.8793678283691406 214 254 255
-19.986900329589844 6.764232635498047 2.350393772125244 137 189 203
-18.29644775390625 6.197110176086426 1.4392642974853516 124 175 158
-29.77003288269043 7.7259626388549805 1.6969248056411743 121 143 166
-17.845090866088867 6.052219867706299 0.714012622833252 87 95 106
-18.054582595825195 6.136624336242676 0.025294072926044464 82 91 88
-21.882827758789062 6.5574750900268555 -0.18819394707679749 68 78 69
-21.33202362060547 5.559173107147217 -0.39325517416000366 93 125 60
-21.28387451171875 4.728472709655762 -0.598344087600708 95 131 69
-14.251167297363281 4.849420070648193 -0.5304204225540161 104 136 89
-13.489564895629883 4.048226356506348 -0.6301867961883545 72 105 50
-13.836868286132812 3.613398551940918 -0.7772623896598816 83 90 74
-12.117781639099121 2.6983280181884766 -0.7949817776679993 96 120 84
-10.180977821350098 3.470752477645874 -0.7721548676490784 86 123 28
-10.100923538208008 3.038212537765503 -0.8605279326438904 76 90 73
-9.315929412841797 2.4362621307373047 -0.8761584162712097 97 122 80
-8.756636619567871 1.9516493082046509 -0.9048050045967102 91 107 70
-7.872774600982666 2.6875545978546143 -0.9054809212684631 85 108 79
-7.520715236663818 2.2669906616210938 -0.9315031170845032 80 80 82
-7.245103359222412 1.898356556892395 -0.960379958152771 79 95 69
-6.727679252624512 1.5031403303146362 -0.9521454572677612 74 83 66
-6.158440589904785 2.107248544692993 -0.9503703713417053 86 109 83
-5.954625129699707 1.7975273132324219 -0.968691349029541 78 82 81
-5.689220905303955 1.4931261539459229 -0.9740574359893799 61 69 54
-5.451738357543945 1.2184611558914185 -0.9825926423072815 82 99 54
-5.059990882873535 1.738297939300537 -0.984078586101532 92 112 100
-4.950394153594971 1.4973024129867554 -1.0017518997192383 60 69 76
-4.786482810974121 1.258615493774414 -1.008994221687317 80 77 72
-4.621434688568115 1.0333967208862305 -1.0144389867782593 78 89 83
-4.441272735595703 1.528605341911316 -1.045852780342102 145 175 173
-4.354551315307617 1.3207337856292725 -1.0588356256484985 153 186 191
-18.093339920043945 6.172626495361328 3.560436487197876 196 244 255
-18.295150756835938 6.245753288269043 2.8715806007385254 179 240 222
-15.953282356262207 5.453729152679443 1.8780122995376587 152 194 210
-18.17922019958496 6.219641208648682 1.43153715133667 118 135 143
-31.60417938232422 8.305536270141602 1.802917242050171 163 196 211
-15.168118476867676 5.196258068084717 0.6075373888015747 73 111 114
-18.02716064453125 6.189064025878906 0.025282135233283043 65 76 70
-21.296064376831055 6.452911853790283 -0.1833171248435974 77 89 69
-20.767688751220703 5.4802021980285645 -0.3831598162651062 64 91 40
-21.36775779724121 4.815946578979492 -0.6011148691177368 91 127 63
-13.973481178283691 4.8028130531311035 -0.5206310749053955 78 115 61
-13.35376262664795 4.05217170715332 -0.6244204044342041 77 108 48
-13.922252655029297 3.681358575820923 -0.7826894521713257 70 72 67
-12.147411346435547 2.744068145751953 -0.7974741458892822 91 125 74
-10.195746421813965 3.5107390880584717 -0.7740881443023682 89 120 40
-10.06580924987793 3.061357259750366 -0.8583325743675232 78 90 66
-9.29589557647705 2.461517333984375 -0.8749803900718689 81 104 75
-8.733139991760254 1.9745557308197021 -0.9029988646507263 92 114 68
-7.831598281860352 2.7003533840179443 -0.9016937017440796 79 90 60
-7.5194244384765625 2.291790246963501 -0.9322096705436707 65 69 68
-7.201855182647705 1.9106557369232178 -0.9554197192192078 73 95 56
-6.723036289215088 1.523773431777954 -0.9521454572677612 61 74 65
-6.146335124969482 2.124192953109741 -0.9495035409927368 89 107 81
-5.944357395172119 1.8143452405929565 -0.967922031879425 73 77 78
-5.686520099639893 1.5110801458358765 -0.9743841290473938 74 96 57
-5.46814489364624 1.239754319190979 -0.9862306118011475 53 55 70
-5.011892795562744 1.7389836311340332 -0.9757573008537292 56 71 68
-4.993658065795898 1.5271254777908325 -1.011449933052063 62 65 74
-4.766502857208252 1.2690088748931885 -1.0055984258651733 93 117 95
-4.643989562988281 1.053410530090332 -1.0200945138931274 88 105 87
-4.476207256317139 1.5560050010681152 -1.0551984310150146 129 159 157
-4.33651065826416 1.3298038244247437 -1.0554360151290894 148 182 181
-18.14867401123047 6.253729343414307 3.5750839710235596 110 87 165
-15.84628963470459 5.471507549285889 1.867384433746338 195 238 228
-18.196813583374023 6.288087844848633 1.4344348907470703 88 111 105
-15.137940406799316 5.237867832183838 0.60696941614151 94 110 100
-29.83272361755371 7.952981948852539 0.577190101146698 64 73 70
-18.008087158203125 6.2443413734436035 0.025282135233283043 75 84 81
-21.116497039794922 6.469300270080566 -0.18194140493869781 71 87 61
-20.692821502685547 5.528406620025635 -0.38208964467048645 90 130 42
-21.27882194519043 4.864548206329346 -0.5990298986434937 90 120 56
-13.943574905395508 4.840416431427002 -0.5200676918029785 83 122 69
-13.19800853729248 4.049169063568115 -0.6177153587341309 86 121 55
-13.90028190612793 3.7212135791778564 -0.7820924520492554 73 83 74
-12.091269493103027 2.7704017162323 -0.7943427562713623 86 121 67
-10.099196434020996 3.512188196182251 -0.7675723433494568 86 119 48
-9.958244323730469 3.062051773071289 -0.8499573469161987 94 114 79
-9.305615425109863 2.4946670532226562 -0.8766114711761475 91 118 87
-8.70667552947998 1.996669054031372 -0.9008916616439819 82 104 57
-7.7669477462768555 2.704751491546631 -0.8952012658119202 85 114 60
-7.515204906463623 2.315725803375244 -0.9325629472732544 53 51 64
-7.177759170532227 1.9278532266616821 -0.9530031681060791 95 113 73
-6.715433597564697 1.5437265634536743 -0.9517350196838379 71 88 69
-6.122038841247559 2.1368441581726074 -0.9467584490776062 57 76 56
-5.952925205230713 1.8369438648223877 -0.970230221748352 59 68 65
-5.35413122177124 1.4403550624847412 -0.9181822538375854 74 94 83
-5.518065929412842 1.2688844203948975 -0.9959317445755005 70 79 96
-5.005606174468994 1.7540264129638672 -0.9755764603614807 50 51 56
-5.008646011352539 1.5485283136367798 -1.0154433250427246 93 97 109
-4.764479160308838 1.284136176109314 -1.005997896194458 77 90 81
-4.666464328765869 1.0735723972320557 -1.0257500410079956 95 104 73
-4.445624828338623 1.5606775283813477 -1.0491127967834473 105 133 111
-4.35845947265625 1.3511772155761719 -1.061781883239746 126 132 158
-17.982702255249023 6.25832462310791 3.5461549758911133 105 127 150
-15.919519424438477 5.551513671875 1.8780122995376587 162 200 203
-18.370452880859375 6.411247730255127 1.4496663808822632 72 69 96
-17.84868812561035 5.50969123840332 1.2118927240371704 120 178 189
-17.91315460205078 6.259718894958496 0.7190107107162476 92 117 122
-18.07001304626465 6.32798433303833 0.025396211072802544 71 88 82
-19.23677635192871 5.958042621612549 -0.1659023016691208 70 79 84
-20.634262084960938 5.58064079284668 -0.3813226819038391 87 130 41
-20.939523696899414 4.854628086090088 -0.589894711971283 90 122 73
-13.6881685256958 4.798859596252441 -0.5110882520675659 68 111 58
-13.026179313659668 4.040218353271484 -0.6102503538131714 86 120 60
-13.854104995727539 3.754439115524292 -0.7801387310028076 74 84 83
-12.18478012084961 2.831200122833252 -0.8010528087615967 121 171 110
-10.056377410888672 3.5319180488586426 -0.7651379108428955 88 122 45
-9.877420425415039 3.070399522781372 -0.8438589572906494 83 95 71
-9.305606842041016 2.5252909660339355 -0.8773363828659058 89 109 74
-8.68887996673584 2.0206668376922607 -0.8996874690055847 102 120 72
-7.726726531982422 2.717353582382202 -0.8915221691131592 86 106 69
-7.513753414154053 2.340543270111084 -0.9332695603370667 83 84 78
-7.175638675689697 1.9509060382843018 -0.9535118937492371 82 87 64
-6.705842018127441 1.5631974935531616 -0.951050877571106 83 104 63
-6.0753254890441895 2.1414711475372314 -0.940545916557312 90 110 73
-5.946318626403809 1.8549044132232666 -0.970076322555542 81 84 91
-5.638113498687744 1.5353158712387085 -0.9676856994628906 73 94 55
-5.519902229309082 1.2871495485305786 -0.9969711899757385 81 73 96
-5.007618427276611 1.7719998359680176 -0.9770236015319824 47 64 46
-5.011368274688721 1.5662301778793335 -1.0169645547866821 59 48 62
-4.766188621520996 1.3002947568893433 -1.0071964263916016 53 64 58
-4.588873863220215 1.0705558061599731 -1.0094116926193237 74 104 50
-4.419655799865723 1.5668078660964966 -1.0441139936447144 90 102 92
-4.372881889343262 1.3703676462173462 -1.066314458847046 155 191 181
-17.95878028869629 6.311835765838623 3.5452396869659424 162 204 216
-15.853666305541992 5.583161354064941 1.872255563735962 200 248 252
-19.24043846130371 6.781160354614258 1.5199540853500366 80 92 132
-17.966014862060547 5.606337547302246 1.2210211753845215 86 105 137
-29.597579956054688 10.444822311401367 1.1892889738082886 94 112 112
-24.555843353271484 6.707887172698975 0.47588273882865906 70 76 74
-31.35910987854004 7.36194372177124 0.2923519015312195 82 98 62
-17.91852378845215 6.336715221405029 0.025210507214069366 77 86 81
-19.167829513549805 6.00119686126709 -0.16546568274497986 89 100 92
-20.64211654663086 5.650783061981201 -0.38178643584251404 96 141 58
-20.63065528869629 4.849763870239258 -0.581609845161438 81 113 48
-13.550910949707031 4.797472953796387 -0.5065104961395264 75 99 51
-12.964154243469238 4.064621925354004 -0.6079259514808655 121 163 127
-13.703855514526367 3.758890151977539 -0.7723237872123718 83 97 72
-12.076957702636719 2.845226764678955 -0.79453444480896 80 117 73
-10.003191947937012 3.547750949859619 -0.7619158029556274 85 127 45
-9.611224174499512 3.02001953125 -0.8219046592712402 84 103 71
-9.374640464782715 2.57492995262146 -0.8845855593681335 76 100 68
-8.672955513000488 2.0450310707092285 -0.898684024810791 95 117 71
-7.606873989105225 2.701456069946289 -0.8786455392837524 78 101 49
-7.5093793869018555 2.3644790649414062 -0.9336228370666504 76 76 78
-7.162925720214844 1.9710692167282104 -0.952621579170227 82 91 74
-6.686554431915283 1.580345630645752 -0.9489985704421997 82 95 67
-6.089235782623291 2.1673998832702637 -0.9437244534492493 72 99 54
-5.9255218505859375 1.8683844804763794 -0.9676141738891602 125 137 135
-5.607697010040283 1.545528531074524 -0.9632744789123535 70 79 74
-5.519761562347412 1.3049848079681396 -0.9976641535758972 97 93 108
-4.999380111694336 1.7863619327545166 -0.9764809608459473 56 56 56
-5.018709182739258 1.585442066192627 -1.0194365978240967 68 63 93
-4.785789966583252 1.3214309215545654 -1.0121904611587524 45 62 43
-4.693093776702881 1.110062599182129 -1.033081293106079 88 110 87
-4.385420322418213 1.5698328018188477 -1.0371590852737427 82 117 113
-4.381656169891357 1.3878943920135498 -1.0694873332977295 138 168 170
-17.94489097595215 6.368875980377197 3.5463383197784424 138 167 181
-18.979970932006836 6.749670028686523 2.2438948154449463 192 228 224
-18.43129539489746 6.559622764587402 1.4576163291931152 66 84 88
-17.975378036499023 5.669835567474365 1.2228338718414307 139 180 174
-17.914884567260742 6.383938312530518 0.7206389307975769 131 164 147
-24.4888916015625 6.7704033851623535 0.4749855697154999 61 66 69
-31.150575637817383 7.413896560668945 0.2906184792518616 95 112 80
-15.099160194396973 5.391848087310791 0.02126697078347206 51 61 63
-19.175067901611328 6.06812047958374 -0.16568809747695923 77 83 81
-20.617937088012695 5.712217330932617 -0.3816615641117096 70 111 45
-20.387168884277344 4.858577251434326 -0.5751631259918213 85 116 48
-13.520130157470703 4.8333048820495605 -0.5059118270874023 80 103 49
-12.917339324951172 4.093512058258057 -0.6063167452812195 87 117 55
-13.341076850891113 3.7034285068511963 -0.7525150775909424 108 116 93
-12.08564281463623 2.8864378929138184 -0.7956847548484802 97 120 74
-9.851405143737793 3.527980327606201 -0.7511755228042603 89 125 53
-9.812798500061035 3.1164674758911133 -0.8399559855461121 80 104 56
-9.450174331665039 2.6268832683563232 -0.8924691677093506 76 84 73
-8.671479225158691 2.0727860927581787 -0.8991857767105103 98 128 56
-7.55924654006958 2.7106869220733643 -0.8741007447242737 73 99 51
-7.499250888824463 2.3866028785705566 -0.9332695603370667 73 81 68
-7.148245334625244 1.9906407594680786 -0.9514769315719604 69 75 65
-6.708647727966309 1.6073148250579834 -0.9528295993804932 68 75 67
-6.079763889312744 2.1850671768188477 -0.9432910084724426 82 91 70
-5.8849287033081055 1.875454068183899 -0.9619205594062805 64 70 68
-5.592475414276123 1.559809923171997 -0.9614773392677307 54 73 53
-5.526267051696777 1.3244379758834839 -0.9995697736740112 74 71 88
-5.001276969909668 1.8043615818023682 -0.977928102016449 68 82 69
-5.0222392082214355 1.603519320487976 -1.0211480855941772 81 99 75
-4.790206432342529 1.3384804725646973 -1.0139883756637573 71 84 75
-4.664943695068359 1.1185277700424194 -1.0276352167129517 93 119 94
-4.368649959564209 1.578966498374939 -1.03433358669281 62 86 64
-4.380159854888916 1.402221441268921 -1.0701671838760376 165 196 199
-17.924341201782227 6.423567771911621 3.5461549758911133 97 81 144
-19.12660789489746 6.867990016937256 2.2637112140655518 157 195 214
-17.739131927490234 6.374668598175049 1.404417634010315 83 92 125
-30.837804794311523 9.8310546875 2.099884510040283 111 158 178
-17.78990364074707 6.400978088378906 0.7163980603218079 70 77 85
-19.040319442749023 6.078451633453369 0.5645723342895508 59 64 83
-23.479154586791992 6.568848609924316 0.4557895064353943 76 92 81
-17.74384117126465 6.397699356079102 0.02501949854195118 66 76 65
-19.103025436401367 6.109861373901367 -0.1652267873287201 73 75 70
-20.492490768432617 5.745215892791748 -0.3796639144420624 67 111 58
-20.093294143676758 4.853736877441406 -0.5672897696495056 80 113 58
-13.569159507751465 4.897833824157715 -0.5083063244819641 81 103 67
-13.017935752868652 4.169383525848389 -0.6116361021995544 89 130 60
-13.26812744140625 3.7270584106445312 -0.749041736125946 77 89 75
-12.055392265319824 2.918336868286133 -0.7942788600921631 95 119 61
-9.863985061645508 3.566666841506958 -0.7529655694961548 81 111 41
-9.710188865661621 3.1167068481445312 -0.8319873213768005 76 98 62
-9.479459762573242 2.6663801670074463 -0.8960031270980835 61 63 58
-8.678616523742676 2.1026601791381836 -0.9005905985832214 108 135 84
-7.542482376098633 2.7308197021484375 -0.8731268644332886 80 101 58
-7.473931789398193 2.4038219451904297 -0.9310320615768433 70 76 62
-7.174563884735107 2.0217087268829346 -0.955801248550415 64 81 62
-6.765292644500732 1.6428495645523071 -0.9615862369537354 76 84 71
-6.044196605682373 2.1932458877563477 -0.9388121962547302 70 90 63
-5.869741916656494 1.8904707431793213 -0.9603816866874695 58 59 63
-5.603805065155029 1.5815154314041138 -0.9642547965049744 84 136 90
-5.53366231918335 1.3441756963729858 -1.0016485452651978 46 41 64
-5.000338554382324 1.8213797807693481 -0.9788326025009155 42 55 46
-5.008886814117432 1.616206407546997 -1.0194365978240967 84 81 92
-4.788906097412109 1.3539700508117676 -1.014587640762329 115 134 115
-4.690945148468018 1.1399924755096436 -1.0341286659240723 98 107 114
-4.35369873046875 1.5886812210083008 -1.0319428443908691 78 88 79
-4.329503059387207 1.400663137435913 -1.0588356256484985 163 194 197
-17.83614158630371 6.4537763595581055 3.532606363296509 102 146 155
-19.087692260742188 6.920200824737549 2.2616076469421387 166 201 221
-15.496821403503418 5.622622966766357 1.2282524108886719 128 141 157
-17.974445343017578 5.791040420532227 1.2251646518707275 111 112 117
-17.84626007080078 6.483164310455322 0.7194651365280151 66 92 119
-22.905807495117188 7.389986991882324 0.6798585653305054 58 69 73
-22.772008895874023 6.446404933929443 0.4424438774585724 69 82 73
-30.80337905883789 7.531271457672119 0.28780505061149597 87 115 75
-17.69687843322754 6.44218635559082 0.024981029331684113 61 64 57
-18.827285766601562 6.085402488708496 -0.16300256550312042 78 80 79
-20.602699279785156 5.844348907470703 -0.38203611969947815 77 101 51
-20.001604080200195 4.896581172943115 -0.5651225447654724 91 121 71
-13.565337181091309 4.943546772003174 -0.5087289214134216 53 76 56
-12.762716293334961 4.130856513977051 -0.6002374887466431 82 116 66
-13.221092224121094 3.757646322250366 -0.7470337152481079 77 98 67
-11.908753395080566 2.9215445518493652 -0.785204291343689 99 131 82
-9.882041931152344 3.607515573501587 -0.7551852464675903 88 126 75
-9.70247745513916 3.147097587585449 -0.8321499824523926 82 99 67
-9.504758834838867 2.704991102218628 -0.8991746306419373 87 93 83
-8.675024032592773 2.1299874782562256 -0.9008916616439819 89 121 74
-7.344526290893555 2.6846630573272705 -0.8511607646942139 60 66 56
-7.452355861663818 2.4221363067626953 -0.9292656183242798 69 76 69
-7.195989608764648 2.0515968799591064 -0.959489643573761 74 76 73
-6.83043909072876 1.6808773279190063 -0.9715742468833923 67 88 69
-6.041155815124512 2.2131404876708984 -0.9393901228904724 73 87 61
-5.863914489746094 1.9084700345993042 -0.9603816866874695 69 74 68
-5.616002082824707 1.6035759449005127 -0.9671955108642578 80 85 81
-5.5266432762146 1.3604402542114258 -1.001128911972046 120 142 119
-4.998419761657715 1.8380699157714844 -0.9795562028884888 89 109 84
-5.001104831695557 1.630652904510498 -1.0188661813735962 62 58 72
-4.7950921058654785 1.3716200590133667 -1.0167850255966187 72 63 68
-4.706414699554443 1.159055233001709 -1.0383179187774658 129 145 134
-4.338728904724121 1.598319172859192 -1.0295519828796387 63 66 55
-4.339072227478027 1.4184788465499878 -1.0622351169586182 162 191 197
-17.931682586669922 6.550632953643799 3.555492877960205 157 202 231
-18.40576171875 5.963274002075195 3.404902696609497 125 160 198
-19.212900161743164 7.032360553741455 2.2789883613586426 182 218 232
-17.446481704711914 5.674018383026123 1.8599560260772705 165 202 210
-18.01805877685547 6.6000142097473145 1.4296796321868896 57 76 72
-18.035348892211914 5.871798515319824 1.2305381298065186 100 119 125
-35.4035758972168 10.121581077575684 2.0315942764282227 150 164 164
-17.855369567871094 6.5485520362854 0.7206389307975769 93 103 94
-28.801937103271484 9.389883995056152 0.8557103872299194 78 84 82
-23.637372970581055 6.769773960113525 0.4596586227416992 59 68 67
-30.67821502685547 7.600490093231201 0.2868521213531494 109 129 78
-17.67609214782715 6.496104717254639 0.02497970499098301 69 77 62
-18.246753692626953 5.959651470184326 -0.15813398361206055 66 77 69
-20.838388442993164 5.980342864990234 -0.3867449164390564 77 105 57
-19.69154167175293 4.884757041931152 -0.5567829012870789 86 123 53
-13.676725387573242 5.03172492980957 -0.5134827494621277 73 94 77
-12.712002754211426 4.157570838928223 -0.5984494686126709 78 111 42
-13.003177642822266 3.7388651371002197 -0.7353655099868774 114 135 78
-12.04016399383545 2.9929745197296143 -0.7944705486297607 101 138 84
-9.860631942749023 3.6340219974517822 -0.7543975710868835 80 118 57
-9.663415908813477 3.1672263145446777 -0.8296292424201965 84 119 87
-9.508856773376465 2.7377207279205322 -0.9003527164459229 70 75 78
-8.695483207702637 2.163317918777466 -0.9037012457847595 94 118 68
-7.326929092407227 2.7037415504455566 -0.8500787019729614 61 74 57
-7.332617282867432 2.4081168174743652 -0.9152518510818481 94 109 76
-7.197286128997803 2.0758633613586426 -0.9605071544647217 57 60 67
-6.751240253448486 1.6833710670471191 -0.9610388875007629 93 110 78
-6.031553268432617 2.2306344509124756 -0.938956618309021 80 102 79
-5.857093334197998 1.9261425733566284 -0.9602278470993042 83 83 83
-5.642333507537842 1.6298328638076782 -0.972586989402771 77 84 68
-5.5320000648498535 1.3797727823257446 -1.0028612613677979 90 110 109
-4.998289108276367 1.8554497957229614 -0.9806416034698486 95 123 101
-4.973699569702148 1.6386154890060425 -1.014302372932434 45 50 54
-4.798391342163086 1.3885035514831543 -1.0183830261230469 74 78 77
-4.711374759674072 1.17561936378479 -1.0402030944824219 115 123 100
-4.326485633850098 1.6089009046554565 -1.0278133153915405 59 76 58
-4.304180145263672 1.4217033386230469 -1.0547561645507812 163 192 196
-17.923492431640625 6.610037803649902 3.557873249053955 194 249 255
-18.392061233520508 6.021246433258057 3.4057695865631104 121 147 174
-14.81328010559082 5.466541290283203 2.3454277515411377 76 56 109
-17.943889617919922 6.630370616912842 2.130864143371582 180 219 234
-17.805980682373047 6.584358215332031 1.4144481420516968 69 90 93
-17.853260040283203 5.873155117034912 1.2193379402160645 111 130 137
-17.7770938873291 6.581789016723633 0.7182913422584534 52 72 81
-19.278837203979492 6.350702285766602 0.57335364818573 66 75 90
-17.655141830444336 6.54995584487915 0.024978378787636757 73 69 70
-18.346134185791016 6.054462909698486 -0.1591554880142212 63 72 67
-20.167009353637695 5.854692459106445 -0.37461620569229126 74 103 59
-19.6202335357666 4.9310150146484375 -0.5551917552947998 89 125 35
-13.672466278076172 5.077836036682129 -0.5139052867889404 75 89 66
-12.725747108459473 4.205327987670898 -0.5997010469436646 92 133 57
-12.967676162719727 3.7717690467834473 -0.7340087890625 79 105 57
-11.90124797821045 2.9972410202026367 -0.7859072089195251 109 131 92
-9.783062934875488 3.639564275741577 -0.7493138313293457 76 111 47
-9.608238220214844 3.181818962097168 -0.825726330280304 91 117 82
-9.505193710327148 2.768272876739502 -0.9008057713508606 85 90 93
-8.734149932861328 2.201414108276367 -0.9084174633026123 91 108 66
-7.314873218536377 2.7248194217681885 -0.8496458530426025 91 132 128
-7.43264102935791 2.4662537574768066 -0.9286767840385437 68 81 64
-7.189931392669678 2.097656726837158 -0.960379958152771 68 69 74
-6.738360404968262 1.7021347284317017 -0.9599443078041077 71 88 69
-5.998724937438965 2.239438533782959 -0.93491131067276 88 117 71
-5.851156234741211 1.9441028833389282 -0.9602278470993042 62 63 67
-5.690337181091309 1.662630319595337 -0.9817361831665039 85 107 94
-5.522966384887695 1.3955318927764893 -1.0019950866699219 115 133 133
-4.955607891082764 1.6495261192321777 -1.011640191078186 84 114 104
-4.7875261306762695 1.4012916088104248 -1.0169847011566162 46 55 62
-4.68594217300415 1.1845563650131226 -1.0353853702545166 81 93 79
-4.294254779815674 1.4330518245697021 -1.0533963441848755 156 184 188
-17.949193954467773 6.682144641876221 3.5670278072357178 40 57 111
-18.445499420166016 6.101459503173828 3.4191153049468994 198 227 255
-15.09583568572998 5.623493194580078 2.392886161804199 157 186 190
-21.58860969543457 8.052477836608887 2.5666019916534424 177 226 241
-17.438720703125 5.790053367614746 1.8628813028335571 149 198 179
-18.052898406982422 6.73869514465332 1.4356980323791504 57 72 77
-18.092731475830078 6.013510704040527 1.2369475364685059 122 163 159
-31.187774658203125 7.911035537719727 1.4689584970474243 103 118 111
-17.808300018310547 6.655538558959961 0.7203739285469055 104 137 142
-19.373075485229492 6.44769811630249 0.5767418742179871 75 77 72
-23.407333374023438 6.859572410583496 0.4559951424598694 60 76 76
-17.595632553100586 6.58936071395874 0.024922668933868408 73 84 76
-18.29996109008789 6.101546764373779 -0.15891657769680023 67 79 69
-19.887054443359375 5.839632987976074 -0.3697469234466553 99 114 73
-19.36864471435547 4.931009769439697 -0.5484980940818787 84 122 49
-13.651208877563477 5.117653846740723 -0.5136939883232117 71 85 59
-12.660669326782227 4.226950168609619 -0.5972425937652588 101 133 66
-12.891861915588379 3.792653799057007 -0.7303726077079773 102 128 81
-12.036077499389648 3.07049560546875 -0.7954291105270386 100 126 79
-9.570075988769531 3.2017948627471924 -0.8232870101928711 96 111 80
-9.480416297912598 2.792637586593628 -0.8992652893066406 84 85 79
-8.790980339050293 2.2444441318511963 -0.9150401949882507 87 115 67
-7.391144275665283 2.477682590484619 -0.9244373440742493 67 84 74
-7.184413433074951 2.119986057281494 -0.9605071544647217 79 84 78
-6.729268550872803 1.7218176126480103 -0.9593970775604248 94 117 89
-5.855468273162842 1.9655035734176636 -0.9619205594062805 75 98 72
-5.72116231918335 1.6907048225402832 -0.9879445433616638 63 70 80
-5.513888359069824 1.4112484455108643 -1.001128911972046 126 146 145
-4.941218852996826 1.6615928411483765 -1.009738564491272 65 67 62
-4.767232418060303 1.4112447500228882 -1.013588786125183 49 55 55
-4.66428804397583 1.1943186521530151 -1.0314055681228638 81 106 87
-4.297221660614014 1.4487088918685913 -1.0552093982696533 158 183 187
-17.975543975830078 6.754817485809326 3.5763657093048096 187 236 250
-18.624717712402344 6.224199295043945 3.455859422683716 130 121 166
-19.324493408203125 7.2663421630859375 3.0667026042938232 209 250 242
-8.748668670654297 3.2938334941864014 1.0412981510162354 195 251 238
-20.496810913085938 6.875296115875244 2.191802978515625 192 239 245
-18.04146957397461 6.797564506530762 1.4364409446716309 83 67 80
-17.940811157226562 6.024201393127441 1.2278189659118652 94 99 95
-30.158252716064453 10.140071868896484 0.8987415432929993 70 82 82
-18.027185440063477 6.072116374969482 -0.15670883655548096 71 80 77
-19.36393165588379 5.750611782073975 -0.360347181558609 82 112 62
-19.12498664855957 4.931504249572754 -0.5420238971710205 87 119 44
-12.831282615661621 4.32771110534668 -0.6059144139289856 83 118 60
-12.866766929626465 3.8282012939453125 -0.7296128273010254 91 122 62
-11.900991439819336 3.0749528408050537 -0.7871214151382446 93 115 79
-9.499777793884277 3.210716485977173 -0.8180829882621765 87 110 58
-9.457487106323242 2.8174448013305664 -0.8979060649871826 111 123 109
-8.771531105041504 2.2681660652160645 -0.9137357473373413 93 118 63
-7.343062877655029 2.4866504669189453 -0.9193735122680664 80 86 72
-7.165519714355469 2.1383302211761475 -0.9588537216186523 74 74 72
-6.722035884857178 1.7419575452804565 -0.9591233730316162 83 96 76
-5.845667839050293 1.982189416885376 -0.9613050222396851 66 81 62
-5.726345539093018 1.711356520652771 -0.9897416234016418 70 79 76
-5.500952243804932 1.425934076309204 -0.9995697736740112 117 133 122
-4.919364929199219 1.671060562133789 -1.0063157081604004 112 133 94
-4.787286281585693 1.4331700801849365 -1.018782615661621 53 53 63
-4.66060209274292 1.2086228132247925 -1.0314055681228638 60 72 58
-4.3158063888549805 1.4697352647781372 -1.0608752965927124 151 180 184
-18.403047561645508 6.212948799133301 3.418248414993286 98 136 175
-20.416257858276367 6.918031692504883 2.185448408126831 132 155 171
-17.81451416015625 6.042672634124756 1.2204385995864868 88 101 117
-29.822877883911133 7.759888648986816 1.4068872928619385 143 167 169
-29.606428146362305 10.055736541748047 0.8832119107246399 65 75 76
-23.824512481689453 7.14085578918457 0.4649669826030731 75 86 82
-25.449567794799805 6.637609481811523 0.23870612680912018 79 88 71
-17.963979721069336 6.112255573272705 -0.1563216596841812 74 86 86
-19.335664749145508 5.80682897567749 -0.3601509928703308 89 115 67
-18.710315704345703 4.8858466148376465 -0.5306940078735352 93 128 60
-12.80943489074707 4.364156723022461 -0.6055121421813965 74 106 56
-12.68571662902832 3.816737413406372 -0.7200069427490234 91 124 79
-11.770819664001465 3.0798733234405518 -0.7791332602500916 90 103 75
-9.343680381774902 3.1899328231811523 -0.8054795265197754 91 125 65
-9.416377067565918 2.836679697036743 -0.8948251008987427 79 81 78
-8.75490665435791 2.2925455570220947 -0.9127322435379028 94 116 54
-7.341977119445801 2.5114166736602783 -0.9201979041099548 74 89 60
-7.140883445739746 2.1548590660095215 -0.9564372301101685 62 66 75
-6.705162525177002 1.7595549821853638 -0.9574815034866333 78 99 84
-5.850776195526123 2.0039563179016113 -0.9631516337394714 90 99 98
-5.722957611083984 1.7294875383377075 -0.9900684356689453 101 116 113
-5.4851202964782715 1.4398034811019897 -0.9974909424781799 125 144 148
-4.9086432456970215 1.68423330783844 -1.0051747560501099 68 81 90
-4.793182373046875 1.4509732723236084 -1.0209800004959106 44 48 60
-4.654034614562988 1.2221705913543701 -1.030777096748352 113 127 94
-4.314039707183838 1.483919382095337 -1.0615551471710205 152 180 184
-18.409067153930664 6.2779622077941895 3.4229283332824707 181 210 228
-20.328105926513672 6.957760334014893 2.1782870292663574 97 116 114
-17.781728744506836 6.092446327209473 1.219467282295227 34 28 74
-17.849531173706055 5.400545120239258 1.028908371925354 129 173 172
-29.81728172302246 7.856183052062988 1.407753825187683 145 173 184
-23.7259464263916 7.190715312957764 0.4634716808795929 72 86 86
-25.42618179321289 6.714890480041504 0.23867888748645782 85 97 77
-17.927173614501953 6.161164283752441 -0.15616513788700104 81 96 73
-19.216346740722656 5.835327625274658 -0.35826030373573303 89 125 53
-18.196569442749023 4.81137228012085 -0.5165385007858276 85 120 54
-12.689242362976074 4.366702079772949 -0.6004610061645508 85 121 25
-12.333860397338867 3.752178430557251 -0.7006866335868835 96 126 40
-12.015026092529297 3.183187484741211 -0.7959403991699219 85 100 71
-9.318774223327637 3.2133853435516357 -0.8041785359382629 73 99 64
-9.394292831420898 2.861492872238159 -0.8935564756393433 94 102 87
-8.732443809509277 2.315314769744873 -0.9111267924308777 83 108 51
-7.361456871032715 2.5433340072631836 -0.9236130118370056 85 107 68
-7.016599655151367 2.1408636569976807 -0.940666139125824 89 94 98
-6.661437511444092 1.7699428796768188 -0.9520086646080017 71 92 51
-5.8474016189575195 2.0228660106658936 -0.9636132121086121 80 88 67
-5.718567848205566 1.7473254203796387 -0.9902318120002747 83 83 85
-5.440700054168701 1.4459997415542603 -0.9902149438858032 90 113 95
-4.892321586608887 1.6954271793365479 -1.0028928518295288 87 87 85
-4.815879821777344 1.4739880561828613 -1.0267730951309204 68 80 80
-4.638923645019531 1.2334281206130981 -1.0282635688781738 94 111 75
-4.30670690536499 1.4961888790130615 -1.0608752965927124 134 155 160
-18.56012535095215 6.393107891082764 3.454646110534668 145 181 197
-16.00762367248535 5.53389835357666 1.7171307802200317 11 32 79
-35.085960388183594 10.713777542114258 3.372840404510498 189 228 243
-17.533798217773438 6.0676703453063965 1.2037352323532104 71 82 102
-17.94936752319336 5.490915775299072 1.035629391670227 104 133 147
-31.59990882873535 8.42962646484375 1.4931303262710571 100 111 107
-17.910680770874023 6.2061448097229 0.5354331135749817 59 68 73
-23.72002410888672 7.268451690673828 0.4637894332408905 72 84 70
-25.047067642211914 6.697038173675537 0.2353118509054184 74 81 74
-17.819387435913086 6.185311794281006 -0.15539078414440155 89 114 74
-19.17923927307129 5.8883867263793945 -0.3579035997390747 77 109 46
-17.83409881591797 4.774118900299072 -0.5066626071929932 91 126 58
-12.480454444885254 4.337721824645996 -0.5912079811096191 86 133 52
-12.26407241821289 3.7720940113067627 -0.6973761916160583 78 113 57
-11.879898071289062 3.186424732208252 -0.7876327037811279 91 109 87
-9.353110313415527 3.257366418838501 -0.8080002069473267 94 121 70
-9.349303245544434 2.8791630268096924 -0.8901131749153137 78 81 72
-8.653228759765625 2.322748899459839 -0.9036008715629578 87 107 72
-7.330179214477539 2.557727575302124 -0.9206689596176147 97 120 92
-6.986303329467773 2.1550707817077637 -0.937486469745636 88 93 89
-6.677021503448486 1.796032428741455 -0.9550187587738037 58 71 61
-5.8495635986328125 2.043729305267334 -0.9649982452392578 74 79 59
-5.7131805419921875 1.7648614645004272 -0.9902318120002747 57 60 67
-5.270754337310791 1.4181594848632812 -0.9600719809532166 76 80 92
-4.878757476806641 1.7075098752975464 -1.0011814832687378 23 33 35
-4.8235039710998535 1.4925214052200317 -1.0293699502944946 114 117 124
-4.651169300079346 1.2519749402999878 -1.0318244695663452 131 160 138
-4.278201103210449 1.5010108947753906 -1.0549827814102173 154 193 192
-18.3497371673584 6.383681297302246 3.4191153049468994 176 215 210
-16.15033721923828 4.975358963012695 2.177147626876831 184 227 246
-15.991511344909668 5.583311557769775 1.7172317504882812 111 117 113
-15.898582458496094 5.5564703941345215 1.0926390886306763 81 108 103
-18.018287658691406 5.572509288787842 1.0405874252319336 88 103 124
-18.004776000976562 6.300684928894043 0.5388213992118835 71 79 81
-25.39029312133789 6.87234354019165 0.23873333632946014 77 91 76
-17.73615837097168 6.217456817626953 -0.15483058989048004 87 111 75
-19.132436752319336 5.938308238983154 -0.35736849904060364 66 85 57
-17.87146759033203 4.842928886413574 -0.508143961429596 86 116 66
-12.431267738342285 4.363418102264404 -0.5895093679428101 92 147 90
-12.11418628692627 3.7667131423950195 -0.6895069479942322 89 116 61
-11.872955322265625 3.2236411571502686 -0.7878244519233704 74 74 66
-9.204859733581543 3.2374351024627686 -0.7960473895072937 78 107 49
-9.239632606506348 2.8764541149139404 -0.8805078864097595 71 87 60
-8.725753784179688 2.370939254760742 -0.9119294881820679 100 116 87
-7.3241705894470215 2.580864191055298 -0.9209044575691223 106 122 75
-6.9626145362854 2.1711792945861816 -0.935197114944458 90 83 90
-6.65045166015625 1.8107833862304688 -0.9520086646080017 71 87 87
-5.847925186157227 2.063309669494629 -0.9657676815986633 76 82 78
-5.706797122955322 1.782086968421936 -0.9900684356689453 72 76 85
-5.386112213134766 1.466933250427246 -0.9818996787071228 48 50 62
-4.881826400756836 1.7254140377044678 -1.0028928518295288 63 71 73
-4.810485363006592 1.5046799182891846 -1.0275720357894897 81 76 99
-4.644475936889648 1.2654675245285034 -1.031196117401123 101 106 110
-4.272657871246338 1.5138038396835327 -1.0547561645507812 143 172 180
-18.016000747680664 6.329606056213379 3.360532760620117 196 243 251
-15.738426208496094 5.554737567901611 1.0827984809875488 92 109 125
-17.92486572265625 5.603926658630371 1.0361801385879517 116 168 181
-17.97028160095215 6.350564479827881 0.5383696556091309 62 74 72
-24.881093978881836 6.816514492034912 0.23414109647274017 72 77 73
-17.71417236328125 6.270841121673584 -0.15480589866638184 64 89 70
-19.128437042236328 6.001467227935791 -0.357636034488678 72 88 59
-18.043546676635742 4.949031352996826 -0.5134660005569458 86 116 56
-12.403697967529297 4.396529674530029 -0.5888388752937317 95 136 57
-12.093047142028809 3.8008673191070557 -0.6889642477035522 93 129 39
-12.335489273071289 3.389893054962158 -0.8192018866539001 69 66 75
-8.596606254577637 3.053175210952759 -0.7442514300346375 97 126 70
-9.194666862487793 2.893427848815918 -0.87706458568573 70 85 64
-8.778876304626465 2.4143197536468506 -0.9182511568069458 81 86 64
-7.302184581756592 2.5983288288116455 -0.9191380143165588 83 101 41
-6.959704399108887 2.19372296333313 -0.9357059001922607 69 81 81
-6.700254917144775 1.8464423418045044 -0.9599443078041077 50 50 60
-5.839705467224121 2.080577850341797 -0.9654598236083984 74 88 63
-5.697539806365967 1.7983988523483276 -0.9894148707389832 108 128 126
-5.355950832366943 1.476384162902832 -0.9772223234176636 50 76 31
-4.861716270446777 1.7351033687591553 -0.9998503923416138 59 68 75
-4.8114519119262695 1.5212035179138184 -1.0287706851959229 112 161 132
-4.634916305541992 1.2781509160995483 -1.0299392938613892 60 59 73
-4.262491226196289 1.524936556816101 -1.0533963441848755 134 153 157
-18.01970100402832 6.393081188201904 3.364865779876709 210 251 255
-15.983194351196289 5.690671920776367 1.7200559377670288 129 157 145
-15.736351013183594 5.608356952667236 1.0838342905044556 90 134 145
-18.173219680786133 5.742833614349365 1.051550269126892 100 109 108
-17.96483612060547 6.410706043243408 0.53879314661026 99 118 114
-19.105287551879883 6.047276020050049 0.37463149428367615 78 88 77
-17.683549880981445 6.321118354797363 -0.15470702946186066 76 83 67
-18.308406829833984 5.805944442749023 -0.34263572096824646 70 96 59
-17.951221466064453 4.982975006103516 -0.5112713575363159 74 113 50
-12.362875938415527 4.424800872802734 -0.5875425934791565 84 126 50
-12.055633544921875 3.829787492752075 -0.687498927116394 83 117 41
-12.31157112121582 3.423978328704834 -0.8183072209358215 73 75 72
-8.833003044128418 3.167685031890869 -0.7655552625656128 97 123 76
-9.173408508300781 2.917698860168457 -0.8758865594863892 91 116 74
-8.773345947265625 2.441775321960449 -0.9184519052505493 76 75 73
-7.2848334312438965 2.6173617839813232 -0.9179604053497314 80 102 64
-6.950106620788574 2.2141613960266113 -0.9353243708610535 87 97 89
-6.690742015838623 1.8659254312515259 -0.9593970775604248 71 68 63
-5.828646659851074 2.0968117713928223 -0.9646905064582825 60 72 60
-5.683536529541016 1.813171625137329 -0.9879445433616638 52 50 71
-5.368472099304199 1.4975725412368774 -0.9803406000137329 62 63 68
-4.782480716705322 1.7233844995498657 -0.9846377372741699 69 93 59
-4.8104963302612305 1.5371507406234741 -1.0295697450637817 94 89 119
-4.634739875793457 1.293415904045105 -1.030777096748352 90 102 88
-4.244967937469482 1.5333739519119263 -1.050223469734192 124 152 137
-17.7320499420166 6.3523430824279785 3.3147754669189453 157 196 229
-15.803313255310059 5.028165817260742 2.1365151405334473 175 226 245
-15.686661720275879 5.63938045501709 1.6899980306625366 79 90 94
-17.411407470703125 5.551196098327637 1.6801947355270386 200 231 215
-15.866486549377441 5.709657192230225 1.093998670578003 76 103 114
-18.028060913085938 5.757854461669922 1.04416823387146 104 139 141
-35.4112434387207 9.91338062286377 1.678842306137085 86 99 105
-18.0250186920166 6.494593143463135 0.5411931872367859 73 88 85
-23.38144874572754 7.479779243469238 0.4589296579360962 79 85 85
-23.619916915893555 6.627070426940918 0.2226513922214508 85 98 89
-15.048323631286621 5.43126106262207 -0.13179753720760345 77 96 76
-18.12293243408203 5.808378219604492 -0.3394964933395386 75 102 69
-17.829025268554688 5.00801944732666 -0.5082262754440308 102 135 78
-12.321995735168457 4.45286226272583 -0.5862462520599365 77 113 75
-11.970621109008789 3.843252420425415 -0.6833201050758362 67 108 52
-12.207825660705566 3.4355103969573975 -0.8121083974838257 75 76 70
-8.772636413574219 3.176445484161377 -0.7611643075942993 71 100 44
-9.101838111877441 2.9257144927978516 -0.869905948638916 85 110 81
-8.761981964111328 2.4676010608673096 -0.9180504679679871 72 73 78
-7.224492073059082 2.620734930038452 -0.9113656878471375 65 84 64
-6.94044828414917 2.2345616817474365 -0.9349427819252014 81 94 77
-6.714540004730225 1.8947833776474 -0.9636385440826416 91 114 88
-5.799896717071533 2.106588125228882 -0.9609972834587097 69 72 53
-5.666679382324219 1.8269671201705933 -0.9859839677810669 55 51 66
-5.348686695098877 1.5097548961639404 -0.9775688052177429 82 82 80
-4.768867492675781 1.73502779006958 -0.9829263091087341 66 99 28
-4.80295991897583 1.5509984493255615 -1.0289703607559204 80 99 106
-4.666508674621582 1.3177266120910645 -1.0387368202209473 56 47 76
-4.239328861236572 1.5460565090179443 -1.0499968528747559 93 105 105
-18.02458953857422 6.5196075439453125 3.373185157775879 101 129 166
-15.818026542663574 5.086341381072998 2.14060378074646 177 225 235
-19.97681999206543 7.2509846687316895 2.15458345413208 107 112 134
-17.619873046875 5.677270889282227 1.7019844055175781 206 247 243
-15.917363166809082 5.783184051513672 1.0987248420715332 67 63 98
-18.56238555908203 5.991328239440918 1.076175332069397 134 161 156
-17.933616638183594 6.523890972137451 0.5390473008155823 74 84 86
-18.62639808654785 6.0216827392578125 0.36595869064331055 71 76 80
-22.492273330688477 6.38518762588501 0.2122054100036621 66 74 77
-15.00340461730957 5.467132091522217 -0.1315504014492035 68 98 64
-18.093612670898438 5.860254764556885 -0.33928248286247253 68 97 49
-17.753000259399414 5.045478343963623 -0.5064979791641235 83 113 49
-12.33361530303955 4.499889373779297 -0.5874531269073486 86 103 61
-11.885641098022461 3.856231927871704 -0.6791412830352783 78 117 54
-12.169394493103027 3.465022087097168 -0.8102551698684692 72 72 60
-8.451128005981445 3.0893919467926025 -0.7340874075889587 82 121 28
-9.003786087036133 2.92470383644104 -0.8613881468772888 99 126 81
-8.706526756286621 2.4808382987976074 -0.9130332469940186 92 94 107
-7.209890365600586 2.6404964923858643 -0.9105413556098938 93 115 77
-6.927900791168213 2.254002809524536 -0.9341796636581421 60 73 63
-6.701075077056885 1.9131988286972046 -0.9625439643859863 59 63 64
-5.757226467132568 2.11110520362854 -0.95499587059021 103 119 106
-5.636658668518066 1.8363978862762451 -0.9817361831665039 57 59 54
-5.330771446228027 1.5223710536956787 -0.9751434922218323 86 101 68
-4.786561012268066 1.7581125497817993 -0.9876802563667297 76 85 56
-4.803768157958984 1.5675503015518188 -1.0301690101623535 89 109 100
-4.6492815017700195 1.328276515007019 -1.035804271697998 86 105 111
-4.248275279998779 1.5641028881072998 -1.0533963441848755 111 136 130
-18.50406265258789 6.757303714752197 3.4667787551879883 133 163 163
-18.68917465209961 6.058475971221924 3.2644591331481934 235 255 253
-15.621243476867676 5.075998306274414 2.1160712242126465 165 199 224
-20.077789306640625 7.357425212860107 2.167897939682007 86 90 102
-17.58627700805664 5.726059913635254 1.7004280090332031 132 163 192
-35.871700286865234 10.259730339050293 3.068101167678833 191 239 253
-15.58007526397705 5.714807987213135 1.0766479969024658 99 112 131
-30.57016944885254 9.970708847045898 1.774105429649353 117 148 151
-17.88912010192871 6.569920063018799 0.5383131504058838 67 77 79
-18.60783576965332 6.078799247741699 0.36595869064331055 70 81 73
-22.47738265991211 6.455543041229248 0.21225076913833618 78 100 87
-15.08228588104248 5.548350811004639 -0.13239067792892456 55 71 61
-18.07459831237793 5.915426731109619 -0.3392646610736847 81 100 68
-17.62503433227539 5.067601680755615 -0.5032882690429688 82 109 76
-12.645978927612305 4.65786600112915 -0.6030089259147644 75 105 33
-11.826312065124512 3.8771252632141113 -0.6764277815818787 86 125 42
-12.022534370422363 3.463115930557251 -0.8011806011199951 101 118 86
-8.455636024475098 3.120481014251709 -0.7353070378303528 74 110 49
-9.024104118347168 2.9619412422180176 -0.8641971945762634 75 105 55
-8.647249221801758 2.4926562309265137 -0.9076146483421326 64 58 70
-7.181264400482178 2.6550278663635254 -0.9079505801200867 86 100 75
-6.920010566711426 2.2749369144439697 -0.9340524673461914 66 73 65
-6.727531433105469 1.9430941343307495 -0.9671959280967712 63 63 73
-5.736823081970215 2.123613119125366 -0.9526876211166382 98 100 95
-5.618815898895264 1.8496719598770142 -0.9796122312545776 51 45 59
-5.293905735015869 1.5294244289398193 -0.9692534804344177 69 70 74
-4.773780822753906 1.7700587511062622 -0.9861590266227722 85 111 84
-4.798936367034912 1.5822806358337402 -1.0301690101623535 79 94 89
-4.65739631652832 1.346063494682312 -1.0385273694992065 96 109 118
-4.231588363647461 1.5727180242538452 -1.050450086593628 95 106 98
-17.439970016479492 6.429427623748779 3.2710986137390137 156 158 155
-18.13858413696289 6.699568271636963 2.6790056228637695 189 227 238
-15.770500183105469 5.178043365478516 2.1384317874908447 147 183 217
-20.374242782592773 7.5370402336120605 2.2023937702178955 52 66 92
-17.561059951782227 5.777497291564941 1.6996955871582031 151 184 203
-15.394022941589355 5.700207233428955 1.0649945735931396 75 98 112
-31.46119499206543 10.368220329284668 1.8276525735855103 78 101 81
-23.487462997436523 6.809043884277344 1.1164613962173462 116 128 150
-17.84732437133789 6.6167802810668945 0.5376637578010559 77 85 87
-19.45783805847168 6.422610759735107 0.38306131958961487 75 85 84
-22.49011993408203 6.533957481384277 0.21255934238433838 65 78 84
-15.15799617767334 5.629059791564941 -0.13320621848106384 71 75 60
-17.922515869140625 5.926589488983154 -0.33674973249435425 62 77 54
-17.427032470703125 5.068608283996582 -0.4980759918689728 95 125 71
-12.53611946105957 4.661129474639893 -0.5984494686126709 80 119 64
-11.7811861038208 3.902400493621826 -0.6745283007621765 69 105 43
-11.885381698608398 3.4631335735321045 -0.7927451133728027 84 99 58
-8.380643844604492 3.1220521926879883 -0.7296152114868164 89 121 58
-8.955422401428223 2.9698636531829834 -0.8584883809089661 84 106 59
-8.637651443481445 2.5186169147491455 -0.9074139595031738 50 47 58
-7.166572570800781 2.674616813659668 -0.907126247882843 63 92 28
-6.9280595779418945 2.301159143447876 -0.936087429523468 74 84 75
-6.71583366394043 1.9620580673217773 -0.9663749933242798 67 64 75
-5.7515692710876465 2.149158000946045 -0.9562268853187561 52 53 48
-5.609370231628418 1.8656560182571411 -0.9789587259292603 51 48 57
-5.409246921539307 1.5807433128356934 -0.9912543892860413 50 72 49
-4.777326583862305 1.5914220809936523 -1.0265733003616333 47 52 56
-4.656060695648193 1.3611689805984497 -1.0391558408737183 108 127 97
-17.208789825439453 6.404240608215332 3.231407880783081 196 217 236
-18.97100257873535 6.278731346130371 3.3203530311584473 208 254 243
-18.130008697509766 6.759683132171631 2.6807894706726074 203 239 255
-16.14049530029297 5.3544392585754395 2.190819263458252 133 176 210
-8.810543060302734 3.2900474071502686 0.9534795880317688 88 109 140
-17.552701950073242 5.8344879150390625 1.7006111145019531 163 190 207
-21.365337371826172 7.985927581787109 1.4797921180725098 80 106 107
-17.785747528076172 6.656087875366211 0.5364213585853577 81 90 97
-15.346320152282715 5.117752552032471 0.30242666602134705 78 83 79
-15.064811706542969 5.647107124328613 -0.13253894448280334 61 69 58
-17.819847106933594 5.953350067138672 -0.33516228199005127 105 128 76
-17.397974014282227 5.118100166320801 -0.49769192934036255 94 127 58
-12.503989219665527 4.692897796630859 -0.5976001620292664 83 122 65
-11.784308433532715 3.943596363067627 -0.6753966212272644 81 113 50
-11.688994407653809 3.4448516368865967 -0.780347466468811 85 115 63
-8.685643196105957 2.910005807876587 -0.8334786891937256 91 122 80
-8.632746696472168 2.5459494590759277 -0.9077150225639343 81 83 80
-6.921907901763916 2.322718858718872 -0.9362146854400635 80 86 72
-6.710732460021973 1.9829334020614624 -0.9665117859840393 60 60 70
-5.585851192474365 1.876886248588562 -0.9758545160293579 100 111 97
-5.449707508087158 1.610730767250061 -0.9995697736740112 57 62 66
-4.757562637329102 1.601070761680603 -1.0233770608901978 80 89 72
-4.656550884246826 1.3768333196640015 -1.0402030944824219 68 77 106
-18.2603816986084 6.859443664550781 3.432807683944702 70 78 67
-18.946971893310547 6.335339546203613 3.319533348083496 213 252 255
-15.407733917236328 5.798599720001221 2.2808806896209717 172 194 181
-15.664141654968262 5.249814033508301 2.1283376216888428 146 190 215
-17.67443084716797 5.935227870941162 1.7141611576080322 149 186 202
-18.549924850463867 6.239675998687744 1.0798112154006958 60 68 57
-18.68375015258789 6.294493675231934 0.3685755133628845 63 72 81
-23.525070190429688 6.99144983291626 0.22274215519428253 68 85 79
-17.713396072387695 5.97825813293457 -0.33350348472595215 90 120 82
-17.14362144470215 5.100473880767822 -0.49086111783981323 84 108 60
-11.55648136138916 3.90682053565979 -0.6630229353904724 84 115 55
-11.657329559326172 3.4744255542755127 -0.7789415717124939 81 105 57
-8.662524223327637 2.931849956512451 -0.8321194052696228 103 141 102
-8.622035026550293 2.5715692043304443 -0.9074139595031738 68 67 73
-6.924142837524414 2.34712815284729 -0.937486469745636 72 82 73
-6.696075439453125 2.000959634780884 -0.9652804136276245 44 25 45
-5.588475227355957 1.8968684673309326 -0.9773249626159668 96 113 107
-5.456063270568848 1.6308271884918213 -1.0016485452651978 63 68 71
-4.742424011230469 1.6121901273727417 -1.0211797952651978 38 28 55
-4.67572546005249 1.3981162309646606 -1.0454397201538086 69 88 94
-15.546504020690918 5.263495922088623 2.1145381927490234 185 221 233
-17.597671508789062 5.969590663909912 1.7084847688674927 181 219 228
-18.409683227539062 6.255438804626465 1.072759747505188 69 65 92
-18.634061813354492 6.3414764404296875 0.3679773509502411 79 88 87
-23.31006622314453 7.0054545402526855 0.22090889513492584 84 99 76
-17.67888641357422 6.027089595794678 -0.3332003057003021 50 69 39
-16.886667251586914 5.080471515655518 -0.4839479327201843 81 117 55
-11.706027030944824 3.997436046600342 -0.6723031997680664 86 129 75
-11.616040229797363 3.500958204269409 -0.776896595954895 90 120 68
-8.653489112854004 2.9584124088287354 -0.8321194052696228 88 118 56
-8.679832458496094 2.617832660675049 -0.9143377542495728 70 79 74
-6.917847633361816 2.3686814308166504 -0.9376136660575867 67 77 66
-6.680422782897949 2.0186283588409424 -0.9639121890068054 55 51 65
-5.577962875366211 1.9124048948287964 -0.9765080809593201 67 81 90
-5.4793171882629395 1.656106948852539 -1.0068455934524536 85 89 90
-4.740235328674316 1.6276867389678955 -1.0217790603637695 63 63 61
-4.668606281280518 1.4116055965423584 -1.0448113679885864 117 137 146
-17.514272689819336 6.001278877258301 1.7021676301956177 132 170 191
-35.58800506591797 10.771810531616211 3.0576109886169434 183 225 224
-31.025039672851562 9.40842342376709 1.4801323413848877 111 132 135
-18.760129928588867 6.448668479919434 0.37085583806037903 81 93 79
-22.53836441040039 6.848994731903076 0.21379362046718597 96 105 100
-17.25853157043457 5.942946910858154 -0.3256198465824127 65 99 49
-16.833703994750977 5.120909214019775 -0.48287805914878845 77 117 46
-11.523796081542969 3.9747257232666016 -0.6625344753265381 84 117 38
-11.55083179473877 3.5199973583221436 -0.7732539772987366 88 112 64
-8.631193161010742 2.9803965091705322 -0.8308508396148682 81 108 67
-8.633692741394043 2.632840871810913 -0.910323977470398 69 66 61
-6.908673286437988 2.3892457485198975 -0.9373593330383301 99 104 98
-6.6571455001831055 2.0339040756225586 -0.961449384689331 58 58 68
-5.570205211639404 1.928863286972046 -0.9761813282966614 42 39 56
-5.481745719909668 1.6752121448516846 -1.008231520652771 100 112 108
-4.70466947555542 1.6316269636154175 -1.0151869058609009 77 86 67
-4.643681526184082 1.4196327924728394 -1.0402030944824219 122 151 155
-18.69293785095215 6.442276954650879 3.285275936126709 219 255 253
-17.58612060546875 6.086248874664307 1.7109568119049072 99 98 112
-35.227909088134766 10.780904769897461 3.0295000076293945 154 189 193
-18.168121337890625 6.297968864440918 1.060915470123291 112 158 145
-14.703371047973633 5.104677200317383 0.2909688353538513 84 96 92
-19.058937072753906 5.855591773986816 0.18095815181732178 68 80 80
-17.117450714111328 5.953171253204346 -0.32330113649368286 89 103 86
-16.79402732849121 5.165184020996094 -0.4821922481060028 62 95 48
-11.395565032958984 3.969658851623535 -0.6558592319488525 82 110 36
-11.486570358276367 3.538963556289673 -0.7696753144264221 79 106 63
-8.559005737304688 2.9848904609680176 -0.8247795701026917 90 116 71
-8.585641860961914 2.6470048427581787 -0.9061095714569092 79 96 78
-6.893819808959961 2.407813549041748 -0.9363418221473694 85 99 73
-6.646141529083252 2.0528564453125 -0.9607653021812439 80 89 88
-5.560535907745361 1.9446406364440918 -0.975527822971344 108 126 128
-5.4775214195251465 1.6923127174377441 -1.0084047317504883 71 84 90
-4.6950178146362305 1.6444334983825684 -1.0141880512237549 41 43 58
-4.645843505859375 1.4358938932418823 -1.041669249534607 130 150 159
-18.66935920715332 6.4982991218566895 3.2846202850341797 139 164 186
-17.55326271057129 6.135244846343994 1.7095834016799927 123 153 151
-18.24955177307129 6.388980388641357 1.066810131072998 77 118 112
-31.367477416992188 9.722830772399902 1.4992872476577759 100 128 129
-14.755573272705078 5.173581600189209 0.2923146188259125 74 85 79
-21.043426513671875 6.536020278930664 0.1999896615743637 83 106 98
-17.08967399597168 6.002345561981201 -0.3231227695941925 55 78 58
-16.728464126586914 5.201249599456787 -0.480765700340271 72 98 50
-11.637656211853027 4.094070911407471 -0.6705122590065002 88 125 32
-11.471847534179688 3.573000192642212 -0.7694197297096252 94 132 81
-8.343153953552246 2.9383544921875 -0.8048442006111145 99 124 69
-8.550883293151855 2.665043354034424 -0.9032999277114868 85 95 84
-6.871433258056641 2.423673152923584 -0.9343068599700928 79 87 72
-6.631302356719971 2.070579767227173 -0.9595338702201843 72 74 71
-5.5396599769592285 1.9564343690872192 -0.9729138016700745 105 130 108
-5.475124359130859 1.709990382194519 -1.0089244842529297 89 103 116
-4.663161754608154 1.6493545770645142 -1.0083950757980347 74 74 66
-4.655416488647461 1.454514503479004 -1.0448113679885864 132 153 156
-18.613037109375 6.542786121368408 3.2782275676727295 163 194 212
-18.62656021118164 5.798462867736816 3.048628091812134 240 254 254
-16.178926467895508 5.047975063323975 2.019144296646118 81 85 130
-18.27524757385254 6.4505791664123535 1.781819462776184 133 154 159
-35.4759407043457 11.095327377319336 3.0566275119781494 170 222 236
-18.307998657226562 6.472562789916992 1.0713825225830078 78 97 111
-32.52335739135742 10.190585136413574 1.5560224056243896 110 139 137
-14.630302429199219 5.180116653442383 0.29014644026756287 75 91 81
-21.128219604492188 6.633498668670654 0.20098797976970673 69 81 81
-16.660322189331055 5.909027099609375 -0.3153461217880249 44 64 52
-16.628507614135742 5.226171970367432 -0.47835156321525574 90 127 76
-11.636331558227539 4.1337666511535645 -0.6711634993553162 77 122 53
-11.457975387573242 3.6072795391082764 -0.7692279815673828 83 110 57
-8.253405570983887 2.935238838195801 -0.7970513105392456 83 101 53
-8.549309730529785 2.693357229232788 -0.90400230884552 92 111 89
-6.855556011199951 2.4417479038238525 -0.9331622123718262 60 83 39
-6.592800140380859 2.080777645111084 -0.9548819661140442 68 70 93
-5.529914379119873 1.972095012664795 -0.9722602367401123 78 87 84
-5.4473114013671875 1.7196638584136963 -1.004766821861267 102 112 101
-4.647006511688232 1.6596983671188354 -1.005997896194458 37 30 38
-4.643472671508789 1.4664344787597656 -1.0431355237960815 157 197 173
-20.026390075683594 7.108709335327148 3.5309791564941406 80 48 121
-16.23438835144043 5.119987487792969 2.0280168056488037 215 254 253
-15.986347198486328 5.6978864669799805 1.560350775718689 84 99 92
-15.876980781555176 5.667964458465576 0.9301327466964722 146 161 158
-14.637877464294434 5.233392238616943 0.29061371088027954 80 90 89
-19.009000778198242 6.032269477844238 0.18100352585315704 77 88 84
-15.447611808776855 5.53231954574585 -0.29271185398101807 56 70 53
-16.53618049621582 5.252951622009277 -0.47615692019462585 80 123 70
-11.637693405151367 4.174504280090332 -0.6719775795936584 79 115 25
-11.323227882385254 3.603076696395874 -0.7609202861785889 95 133 50
-8.195622444152832 2.9430439472198486 -0.7923393249511719 76 114 41
-8.548590660095215 2.7219882011413574 -0.9048050045967102 79 99 72
-6.841499328613281 2.460419178009033 -0.9322718977928162 80 100 63
-6.542973041534424 2.087146043777466 -0.9485881328582764 59 63 64
-5.494134902954102 1.9783556461334229 -0.9670321345329285 64 76 72
-5.437318325042725 1.7348710298538208 -1.0039006471633911 96 106 107
-4.635440349578857 1.6716206073760986 -1.0045995712280273 78 89 91
-4.617527008056641 1.4738351106643677 -1.0383179187774658 117 141 117
-19.04800033569336 6.827286720275879 3.3621504306793213 160 210 211
-20.5062255859375 6.536473274230957 2.564152240753174 216 254 241
-15.93505859375 5.73476505279541 1.5570547580718994 128 160 157
-18.322420120239258 6.604413986206055 1.0745776891708374 97 115 125
-33.18899917602539 10.623223304748535 1.590957522392273 151 200 194
-18.12766456604004 6.543867111206055 0.36029520630836487 76 93 87
-18.370532989501953 5.891756057739258 0.1750953197479248 79 96 88
-15.245335578918457 5.512706756591797 -0.289198100566864 58 66 55
-16.608501434326172 5.332076549530029 -0.4787082076072693 103 138 80
-11.64830207824707 4.21868896484375 -0.6733343601226807 56 80 30
-11.127813339233398 3.57852840423584 -0.7485226392745972 100 127 56
-8.148168563842773 2.954256296157837 -0.788624107837677 82 121 58
-8.534517288208008 2.7463736534118652 -0.9042029976844788 69 79 54
-6.822730541229248 2.47733473777771 -0.9307456612586975 84 107 63
-6.533710479736328 2.1062979698181152 -0.9481776356697083 58 57 73
-5.480622291564941 1.992505431175232 -0.9657251238822937 83 91 67
-5.439469337463379 1.7539623975753784 -1.0052865743637085 85 81 95
-4.629369735717773 1.685498833656311 -1.0043997764587402 90 109 81
-4.629734516143799 1.493397831916809 -1.042088270187378 166 207 193
-17.839223861694336 5.716130256652832 3.6399002075195312 195 239 252
-19.896127700805664 7.200235366821289 3.515735387802124 143 135 172
-15.451333999633789 5.603906631469727 2.11747670173645 174 226 248
-20.478515625 6.596919059753418 2.5632059574127197 196 225 233
-8.94657039642334 3.250760555267334 0.8751623630523682 109 108 140
-18.371505737304688 6.685863971710205 1.078654408454895 107 134 129
-35.33283233642578 11.42905044555664 1.6953978538513184 103 122 120
-14.745458602905273 5.374122619628906 0.29339873790740967 69 80 76
-21.0339298248291 6.817193984985352 0.20067940652370453 81 84 77
-14.991669654846191 5.473047256469727 -0.2847033441066742 46 75 71
-16.721378326416016 5.424959182739258 -0.4824391007423401 54 79 37
-11.664376258850098 4.265035629272461 -0.6750167012214661 89 119 57
-11.086411476135254 3.6027815341949463 -0.7464777231216431 89 128 47
-8.04648208618164 2.9453506469726562 -0.7796531915664673 88 114 53
-8.345330238342285 2.7137765884399414 -0.8850372433662415 82 99 65
-6.760152816772461 2.4781131744384766 -0.9232416749000549 76 108 32
-6.541345596313477 2.1309356689453125 -0.9502299427986145 91 100 109
-5.457812786102295 2.0031917095184326 -0.9627843499183655 83 105 69
-5.421889305114746 1.766675591468811 -1.0030344724655151 86 91 85
-4.623257160186768 1.6993556022644043 -1.0042001008987427 45 50 53
-4.631639003753662 1.5097159147262573 -1.0435545444488525 151 196 191
-18.107906341552734 6.615993976593018 3.203320264816284 140 174 186
-15.546760559082031 5.692546844482422 2.132937431335449 174 223 238
-20.348649978637695 6.624060153961182 2.549483060836792 150 187 213
-8.93562126159668 3.2778501510620117 0.8750708699226379 91 127 115
-17.41842269897461 5.6833038330078125 1.5066773891448975 191 234 255
-15.51954174041748 5.701941013336182 0.9122285842895508 139 157 167
-17.876983642578125 6.577637672424316 0.35610830783843994 67 78 80
-19.153188705444336 6.2726359367370605 0.1829184740781784 97 107 99
-14.82470417022705 5.463693618774414 -0.28184953331947327 58 73 66
-16.683759689331055 5.469383716583252 -0.48183560371398926 74 103 47
-11.661540985107422 4.304605007171631 -0.6756137013435364 74 108 32
-11.057291030883789 3.630861759185791 -0.7452635169029236 89 130 52
-8.030868530273438 2.967606782913208 -0.7790188789367676 58 88 62
-8.319005966186523 2.7334656715393066 -0.883130669593811 89 103 80
-6.767402172088623 2.5043492317199707 -0.9252766966819763 95 130 88
-6.5460686683654785 2.1547107696533203 -0.9518718123435974 54 65 59
-5.450716495513916 2.0195837020874023 -0.9626209735870361 75 83 85
-5.379960060119629 1.771289587020874 -0.9962782859802246 110 134 110
-4.612509727478027 1.7114863395690918 -1.0030014514923096 54 84 56
-4.640916347503662 1.5285067558288574 -1.0466965436935425 158 198 197
-18.09214973449707 6.673223495483398 3.2041397094726562 126 154 158
-19.360130310058594 7.1562724113464355 2.6591122150421143 171 229 231
-20.54046630859375 6.756267070770264 2.5761005878448486 193 231 240
-16.013273239135742 5.929944038391113 1.5699639320373535 156 201 207
-17.778568267822266 5.861224174499512 1.5393778085708618 175 203 204
-15.696698188781738 5.82174825668335 0.923687219619751 144 188 187
-19.475982666015625 6.43213415145874 0.9364046454429626 78 92 77
-17.897960662841797 6.647770404815674 0.35693076252937317 78 93 88
-18.949682235717773 6.270425319671631 0.18115781247615814 71 80 75
-14.805997848510742 5.508452415466309 -0.2818138599395752 85 108 90
-16.367040634155273 5.421220779418945 -0.47316673398017883 69 98 44
-11.550033569335938 4.30375337600708 -0.6699153184890747 80 116 72
-11.012001037597656 3.6534550189971924 -0.7429628968238831 82 115 58
-7.993733882904053 2.9817895889282227 -0.7763004302978516 80 104 44
-8.289806365966797 2.7520785331726074 -0.8809230923652649 85 96 80
-6.755041122436523 2.5233640670776367 -0.9246407747268677 86 115 61
-6.538487434387207 2.174471139907837 -0.9517350196838379 67 76 73
-5.355809688568115 1.7815693616867065 -0.9928135871887207 72 70 83
-4.643627643585205 1.5452075004577637 -1.0483721494674683 103 125 104
-17.806364059448242 5.886855602264404 3.644096851348877 181 213 255
-18.074365615844727 6.72973108291626 3.2046313285827637 138 162 186
-18.56075096130371 6.154951095581055 3.055885076522827 200 251 255
-15.491096496582031 5.780205249786377 2.130126476287842 164 213 217
-20.316104888916016 6.751611232757568 2.5505478382110596 180 222 218
-16.165700912475586 6.042851448059082 1.5867183208465576 176 210 220
-17.48628807067871 5.824404239654541 1.5156105756759644 106 104 105
-17.964139938354492 6.725485801696777 1.058326244354248 102 139 148
-30.432226181030273 10.154194831848145 1.4646714925765991 77 96 102
-17.56198501586914 6.584362983703613 0.3506317436695099 78 93 96
-18.125194549560547 6.059361934661865 0.17345264554023743 76 81 77
-14.697298049926758 5.519402503967285 -0.2800658941268921 89 103 86
-16.333269119262695 5.465698719024658 -0.4726729393005371 89 118 62
-10.925989151000977 3.6621673107147217 -0.7379143834114075 85 116 46
-8.273777961730957 2.7749674320220947 -0.8801203966140747 86 110 58
-6.528028964996338 2.193258762359619 -0.9511876702308655 73 79 75
-5.333514213562012 1.7923451662063599 -0.9896953105926514 49 43 53
-4.638864994049072 1.5594466924667358 -1.0483721494674683 119 144 148
-18.12713050842285 6.054656982421875 3.713526487350464 177 225 247
-18.335275650024414 6.891000747680664 3.254624366760254 116 103 129
-18.7038516998291 6.266162395477295 3.0825960636138916 182 225 242
-21.621397018432617 8.143264770507812 2.97650408744812 178 223 244
-15.787216186523438 5.300373077392578 1.984009027481079 103 137 147
-17.74226951599121 5.970201015472412 1.5393778085708618 137 171 172
-18.992326736450195 6.414096832275391 0.1819383054971695 83 92 97
-16.341989517211914 5.524425983428955 -0.4734135866165161 66 97 40
-10.762518882751465 3.644141674041748 -0.7276256084442139 114 153 98
-8.268994331359863 2.801614999771118 -0.8805217146873474 79 104 64
-6.522208213806152 2.213594675064087 -0.9513245820999146 75 95 42
-5.306540012359619 1.8014180660247803 -0.985710859298706 56 38 78
-4.599801540374756 1.562037706375122 -1.0406221151351929 89 102 108
-18.164276123046875 6.129072189331055 3.724970817565918 181 237 254
-18.689218521118164 6.325099468231201 3.0833683013916016 218 253 249
-16.059574127197266 5.446694850921631 2.02032732963562 155 183 205
-17.639888763427734 5.996058464050293 1.5320836305618286 157 165 188
-15.30808162689209 5.212386131286621 0.7382875084877014 94 117 131
-15.38095760345459 5.2470879554748535 0.14749646186828613 91 102 94
-15.843456268310547 5.410114288330078 -0.4594501554965973 81 118 51
-10.754120826721191 3.678112268447876 -0.7278173565864563 89 126 49
-8.249064445495605 2.8231046199798584 -0.879317581653595 84 104 76
-6.51538610458374 2.2335939407348633 -0.9513245820999146 81 87 75
-5.288877010345459 1.8135368824005127 -0.9834587574005127 67 84 74
-4.569089412689209 1.5672589540481567 -1.0347570180892944 82 100 110
-18.157466888427734 6.188888072967529 3.727450370788574 181 238 249
-18.750125885009766 6.409893035888672 3.096646785736084 206 250 253
-15.707427978515625 5.381051540374756 1.9780941009521484 172 203 231
-17.96075439453125 6.166659832000732 1.5615878105163574 83 80 101
-29.314422607421875 10.081998825073242 1.4152790307998657 137 149 127
-18.080001831054688 6.229834079742432 0.17356154322624207 102 118 108
-15.883482933044434 5.4782514572143555 -0.4610961377620697 84 99 34
-10.571112632751465 3.6517837047576904 -0.7161865830421448 87 119 44
-8.197107315063477 2.833446741104126 -0.8747016787528992 76 99 73
-6.479484558105469 2.2435247898101807 -0.947083055973053 93 97 83
-5.275843620300293 1.8271759748458862 -0.9820728898048401 76 76 78
-4.555944442749023 1.5783885717391968 -1.0328718423843384 41 71 71
-18.204294204711914 6.267252445220947 3.740992784500122 183 219 255
-20.149906158447266 6.957536220550537 3.3313345909118652 173 213 215
-15.783746719360352 5.461360931396484 1.9898059368133545 175 205 207
-16.367351531982422 5.675772666931152 1.4245575666427612 93 120 113
-29.288070678710938 10.1735258102417 1.4155069589614868 92 122 114
-18.165632247924805 6.321754455566406 0.17456893622875214 69 78 73
-15.868490219116211 5.527613639831543 -0.46115100383758545 64 94 58
-10.56174373626709 3.6848556995391846 -0.7163143754005432 83 121 64
-8.10759162902832 2.8303799629211426 -0.8660721182823181 95 115 62
-6.473505973815918 2.2637200355529785 -0.9472199082374573 86 100 85
-5.263705253601074 1.841077208518982 -0.9808602929115295 94 103 86
-4.533544063568115 1.5862228870391846 -1.028891921043396 76 85 64
-20.176044464111328 7.035914421081543 3.3392090797424316 153 170 188
-16.824874877929688 5.892316818237305 1.4659453630447388 91 120 134
-18.37299919128418 6.4452948570251465 0.888927698135376 91 116 110
-15.397107124328613 5.411305904388428 0.1481226682662964 71 77 75
-15.976872444152832 5.62039041519165 -0.4647996127605438 60 94 34
-10.576743125915527 3.726526975631714 -0.7181037068367004 85 106 73
-8.05007553100586 2.8380379676818848 -0.8608542084693909 84 114 64
-6.433838367462158 2.2720248699188232 -0.9424311518669128 85 102 68
-5.2608184814453125 1.858201503753662 -0.981380045413971 67 92 86
-4.500998020172119 1.5903515815734863 -1.0226080417633057 66 54 64
-18.30545997619629 6.446650505065918 3.032879590988159 148 151 206
-16.137720108032227 5.7073073387146 1.4075927734375 161 184 200
-18.3757381439209 6.509637832641602 0.8900222778320312 109 130 123
-15.238134384155273 5.408016204833984 0.1467522531747818 89 109 97
-15.497054100036621 5.50508451461792 -0.45132994651794434 97 139 89
-10.52483081817627 3.7445740699768066 -0.7153558135032654 87 103 67
-8.035706520080566 2.860719680786133 -0.8602520823478699 69 91 42
-6.4361677169799805 2.2950801849365234 -0.9437993168830872 77 94 58
-5.252309799194336 1.873340129852295 -0.9808602929115295 65 65 57
-4.487808704376221 1.6011955738067627 -1.0207228660583496 51 52 47
-18.357275009155273 6.528271198272705 3.0447683334350586 123 136 171
-15.436302185058594 5.500737190246582 1.952304720878601 204 248 255
-18.068628311157227 6.452632904052734 1.5777331590652466 95 121 112
-18.268205642700195 6.534692287445068 0.8857807517051697 85 102 109
-17.914644241333008 6.419861793518066 0.17271751165390015 78 90 90
-15.168644905090332 5.44088888168335 -0.4422495663166046 66 81 58
-10.391199111938477 3.7329843044281006 -0.7070481181144714 113 148 66
-8.00442123413086 2.87728214263916 -0.8578439354896545 69 94 29
-6.432824611663818 2.316157579421997 -0.9443466067314148 79 95 59
-5.313254356384277 1.913472056388855 -0.9933332204818726 109 142 113
-4.468156337738037 1.6096539497375488 -1.017371416091919 104 116 106
-18.40782928466797 6.609936237335205 3.0565025806427 175 212 218
-15.421222686767578 5.548741817474365 1.9525413513183594 183 222 239
-18.085311889648438 6.521220684051514 1.5809293985366821 87 116 124
-18.22458267211914 6.582224369049072 0.884640634059906 60 71 63
-14.796574592590332 5.353756904602051 0.14281345903873444 81 95 95
-14.95356559753418 5.415578365325928 -0.4364611804485321 83 110 65
-10.560760498046875 3.8305206298828125 -0.7193818688392639 111 148 79
-7.921670436859131 2.8750102519989014 -0.8499166965484619 85 115 89
-6.420102596282959 2.3338515758514404 -0.9435256719589233 93 97 82
-5.266632556915283 1.914955735206604 -0.985710859298706 77 96 64
-4.451251029968262 1.6190094947814941 -1.0146484375 68 80 56
-18.46269989013672 6.6936564445495605 3.0690090656280518 79 120 140
-8.730093002319336 3.171477794647217 1.1065781116485596 179 221 245
-17.683122634887695 6.437572479248047 1.5474913120269775 132 174 198
-18.146114349365234 6.61688756942749 0.8818129897117615 137 144 136
-17.87867546081543 6.531036376953125 0.17275382578372955 90 102 90
-14.821403503417969 5.419207572937012 -0.43308690190315247 58 71 25
-10.548959732055664 3.8629024028778076 -0.7193818688392639 105 122 88
-7.735311985015869 2.8342628479003906 -0.8308512568473816 81 103 67
-6.372924327850342 2.3388617038726807 -0.9376423358917236 68 81 61
-5.3004889488220215 1.9456981420516968 -0.9931600093841553 93 108 105
-4.445345401763916 1.6323211193084717 -1.0144389867782593 46 64 52
-18.46156120300293 6.757399559020996 3.072251319885254 162 207 226
-8.876009941101074 3.2553458213806152 1.126334309577942 128 139 167
-17.83167266845703 6.5536789894104 1.5622434616088867 160 218 222
-15.173676490783691 5.5858049392700195 0.7381962537765503 65 78 86
-17.812580108642578 6.568902492523193 0.17230910062789917 81 93 93
-14.790640830993652 5.459461212158203 -0.43267539143562317 87 114 95
-10.523017883300781 3.8900575637817383 -0.7184232473373413 87 122 40
-7.647261619567871 2.828641891479492 -0.8223220109939575 98 119 76
-6.430741786956787 2.3824925422668457 -0.9472199082374573 39 47 49
-5.293571472167969 1.9616084098815918 -0.992986798286438 86 100 87
-4.438482284545898 1.6452716588974 -1.0140199661254883 73 88 57
-18.445377349853516 6.8157196044921875 3.073023557662964 195 239 240
-8.762617111206055 3.2442922592163086 1.1132029294967651 136 188 209
-17.651700973510742 6.549073219299316 1.5482289791107178 58 66 68
-18.117345809936523 6.732629299163818 0.8824058771133423 111 121 120
-15.149638175964355 5.639725208282471 0.1467159539461136 78 90 90
-14.48437786102295 5.396964073181152 -0.42419856786727905 54 67 57
-10.4998140335083 3.9181365966796875 -0.7176563739776611 84 110 73
-7.606855392456055 2.840256929397583 -0.8189102411270142 91 110 80
-6.448453426361084 2.4115793704986572 -0.9509140849113464 69 91 70
-18.41975212097168 6.870550155639648 3.072251319885254 67 82 111
-15.535207748413086 5.80604887008667 1.975846529006958 131 160 164
-17.907791137695312 6.706661224365234 1.5724879503250122 84 103 97
-18.099411010742188 6.789233684539795 0.8825427293777466 144 173 191
-17.9179630279541 6.732945919036865 0.17372490465641022 62 75 66
-18.394887924194336 6.925636291503906 3.071633815765381 71 72 76
-15.56005859375 5.869804859161377 1.9812883138656616 184 217 210
