ply
format ascii 1.0
element vertex 6929
property float x
property float y
property float z
property uchar red
property uchar green
property uchar blue
end_header
-13.036128997802734 -3.9068801403045654 -0.9769363403320312 197 1 210
-16.45305633544922 -4.892208099365234 0.02276851236820221 197 1 210
-10.136906623840332 -3.010291814804077 -0.3725936710834503 197 1 210
-13.036577224731445 -3.863466501235962 -0.9760770797729492 197 1 210
-9.853011131286621 -2.915508508682251 -1.1184334754943848 197 1 210
-7.758414268493652 -2.289680242538452 -1.1811002492904663 160 90 179
-6.801616668701172 -1.9982777833938599 -1.3039041757583618 160 90 179
-15.99728775024414 -4.69725227355957 -0.5874662399291992 197 1 210
-10.179679870605469 -2.98286509513855 -0.7614861726760864 197 1 210
-9.993579864501953 -2.9237887859344482 -1.1333661079406738 197 1 210
-7.673262596130371 -2.2389814853668213 -1.1670860052108765 160 90 179
-6.817160129547119 -1.980144739151001 -1.305713176727295 160 90 179
-16.72859001159668 -4.8626179695129395 0.02310808375477791 197 1 210
-10.264599800109863 -2.9797985553741455 -0.3766080141067505 197 1 210
-10.266385078430176 -2.9741008281707764 -0.767285943031311 197 1 210
-10.035926818847656 -2.902782678604126 -1.1371533870697021 197 1 210
-7.976727485656738 -2.300997257232666 -1.2121628522872925 160 90 179
-6.8250932693481445 -1.9597634077072144 -1.3060749769210815 160 90 179
-10.29482650756836 -2.9543581008911133 -0.37738272547721863 197 1 210
-10.18053150177002 -2.915404796600342 -0.7601973414421082 197 1 210
-10.129854202270508 -2.896301746368408 -1.1467838287353516 197 1 210
-7.880026817321777 -2.246938467025757 -1.196414828300476 160 90 179
-6.828235626220703 -1.9380096197128296 -1.3055322170257568 160 90 179
-15.911970138549805 -4.513546466827393 -0.5827828645706177 197 1 210
-10.257568359375 -2.903445243835449 -0.765281081199646 197 1 210
-10.274538040161133 -2.9036004543304443 -1.1621493101119995 197 1 210
-7.88783597946167 -2.2230207920074463 -1.1965593099594116 160 90 179
-6.825626373291016 -1.9146610498428345 -1.3039041757583618 160 90 179
-15.85164737701416 -4.443935871124268 -0.5800714492797852 197 1 210
-13.34885311126709 -3.7342488765716553 -0.9950515627861023 197 1 210
-10.296802520751953 -2.8758087158203125 -1.1636642217636108 197 1 210
-7.899385452270508 -2.2001383304595947 -1.1972817182540894 160 90 179
-6.840946197509766 -1.8963385820388794 -1.305713176727295 160 90 179
-15.859427452087402 -4.393681526184082 -0.5798601508140564 197 1 210
-10.23865795135498 -2.830352306365967 -0.762560248374939 197 1 210
-10.546110153198242 -2.9105892181396484 -1.190824270248413 197 1 210
-7.886063575744629 -2.170379161834717 -1.1942477226257324 160 90 179
-6.914079666137695 -1.8937888145446777 -1.318556785583496 160 90 179
-15.836203575134277 -4.334978103637695 -0.5785220265388489 197 1 210
-13.480241775512695 -3.681969165802002 -1.0031425952911377 197 1 210
-10.555949211120605 -2.8784821033477783 -1.1909325122833252 197 1 210
-7.885046005249023 -2.1440975666046143 -1.193091869354248 160 90 179
-6.821124076843262 -1.8458497524261475 -1.2997435331344604 160 90 179
-5.726681232452393 -1.5461455583572388 -1.3207911252975464 160 90 179
-26.992637634277344 -7.310092449188232 0.03709417209029198 197 1 210
-16.107973098754883 -4.356294631958008 -0.5879592299461365 197 1 210
-15.13818645477295 -4.0849504470825195 -1.1255818605422974 197 1 210
-10.821025848388672 -2.915127992630005 -1.219823956489563 197 1 210
-7.902098178863525 -2.122720241546631 -1.1946810483932495 160 90 179
-6.7374420166015625 -1.801039218902588 -1.282739281654358 160 90 179
-5.727625370025635 -1.5275629758834839 -1.319921851158142 160 90 179
-15.863469123840332 -4.237985134124756 -0.5785571932792664 197 1 210
-13.732924461364746 -3.66058611869812 -1.020255446434021 197 1 210
-11.186336517333984 -2.9767611026763916 -1.2599689960479736 197 1 210
-8.026212692260742 -2.129681348800659 -1.2124518156051636 160 90 179
-6.942627429962158 -1.8330858945846558 -1.3207275867462158 160 90 179
-5.493478775024414 -1.447077989578247 -1.2649340629577637 160 90 179
-15.81358814239502 -4.172723770141602 -0.5762683749198914 197 1 210
-13.521275520324707 -3.5597758293151855 -1.0037153959274292 197 1 210
-11.193492889404297 -2.941922426223755 -1.2597525119781494 197 1 210
-8.174371719360352 -2.1421713829040527 -1.2338343858718872 160 90 179
-6.954880714416504 -1.8135147094726562 -1.3219939470291138 160 90 179
-5.246614456176758 -1.3648501634597778 -1.2071210145950317 160 90 179
-16.528076171875 -4.963977336883545 -0.1421690136194229 197 1 210
-15.648372650146484 -4.077818393707275 -0.5697891116142273 197 1 210
-13.388297080993652 -3.48088002204895 -0.9930467009544373 197 1 210
-12.795137405395508 -3.8284811973571777 -1.0895847082138062 197 1 210
-11.227484703063965 -2.9140608310699463 -1.2625659704208374 197 1 210
-9.38499927520752 -2.8020541667938232 -1.1614937782287598 197 1 210
-8.25179386138916 -2.135427474975586 -1.244525671005249 160 90 179
-6.966125965118408 -1.7936402559280396 -1.323079228401184 160 90 179
-5.446475505828857 -1.3990156650543213 -1.2521108388900757 160 90 179
-16.580612182617188 -4.924349308013916 -0.14249028265476227 197 1 210
-15.617256164550781 -4.018583297729492 -0.5682045221328735 197 1 210
-10.123645782470703 -3.002244234085083 -0.47248363494873047 197 1 210
-13.347710609436035 -3.4266438484191895 -0.9892518520355225 197 1 210
-10.174735069274902 -3.010441303253174 -0.8656506538391113 197 1 210
-11.176666259765625 -2.864300489425659 -1.2558571100234985 197 1 210
-9.53831672668457 -2.8159868717193604 -1.1793936491012573 197 1 210
-8.14901351928711 -2.0821757316589355 -1.2280552387237549 160 90 179
-7.439957618713379 -2.193244218826294 -1.2079789638519287 160 90 179
-6.978269100189209 -1.773956298828125 -1.324345588684082 160 90 179
-6.487382411956787 -1.9086177349090576 -1.3098077774047852 160 90 179
-5.585094928741455 -1.41637122631073 -1.2829735279083252 160 90 179
-16.6397762298584 -4.886417865753174 -0.14286921918392181 197 1 210
-13.11596393585205 -3.3320889472961426 -0.4768255054950714 197 1 210
-10.11555290222168 -2.966111421585083 -0.4716790020465851 197 1 210
-12.959813117980957 -3.284714937210083 -0.9597518444061279 197 1 210
-12.797342300415039 -3.7437429428100586 -1.0877957344055176 197 1 210
-11.188291549682617 -2.830728769302368 -1.2561817169189453 197 1 210
-9.545958518981934 -2.7864325046539307 -1.1792758703231812 197 1 210
-8.149606704711914 -2.055712938308716 -1.2271884679794312 160 90 179
-7.643015384674072 -2.2276408672332764 -1.2398326396942139 160 90 179
-6.98463249206543 -1.7527782917022705 -1.3245264291763306 160 90 179
-6.56862211227417 -1.9106419086456299 -1.325020432472229 160 90 179
-5.3934102058410645 -1.3501629829406738 -1.2379835844039917 160 90 179
-16.687341690063477 -4.844824314117432 -0.14314931631088257 197 1 210
-13.353925704956055 -3.3489630222320557 -0.4851006865501404 197 1 210
-10.304031372070312 -2.9870779514312744 -0.48003798723220825 197 1 210
-12.868230819702148 -3.219520330429077 -0.9522336721420288 197 1 210
-13.049088478088379 -3.7739675045013428 -1.1082051992416382 197 1 210
-11.227787971496582 -2.804098606109619 -1.2596443891525269 197 1 210
-9.501985549926758 -2.7419896125793457 -1.172798991203308 197 1 210
-8.227890014648438 -2.048631191253662 -1.2380242347717285 160 90 179
-7.371621608734131 -2.1240248680114746 -1.1947450637817383 160 90 179
-6.987112522125244 -1.7306320667266846 -1.3239836692810059 160 90 179
-6.575396537780762 -1.8907519578933716 -1.3252105712890625 160 90 179
-5.531138896942139 -1.3666224479675293 -1.2686289548873901 160 90 179
-16.656949996948242 -4.7806396484375 -0.14276212453842163 197 1 210
-13.06534481048584 -3.2340190410614014 -0.47425493597984314 197 1 210
-10.215191841125488 -2.927380323410034 -0.47547852993011475 197 1 210
-12.892573356628418 -3.183612823486328 -0.9533076882362366 197 1 210
-13.096061706542969 -3.7440524101257324 -1.1112136840820312 197 1 210
-11.31838321685791 -2.7898623943328857 -1.2688419818878174 197 1 210
-9.653594970703125 -2.7536847591400146 -1.1904633045196533 197 1 210
-8.162067413330078 -2.005669355392456 -1.2271884679794312 160 90 179
-7.693602085113525 -2.191258192062378 -1.2458341121673584 160 90 179
-6.98665714263916 -1.7077865600585938 -1.322898268699646 160 90 179
-6.59533166885376 -1.874596118927002 -1.328062891960144 160 90 179
-5.537201881408691 -1.3501091003417969 -1.2690635919570923 160 90 179
-16.704246520996094 -4.73879337310791 -0.14304222166538239 197 1 210
-13.235392570495605 -3.2330493927001953 -0.48006516695022583 197 1 210
-10.300058364868164 -2.9175355434417725 -0.4790098965167999 197 1 210
-12.924568176269531 -3.14947509765625 -0.9549545645713806 197 1 210
-10.233929634094238 -2.891859292984009 -0.8676021099090576 197 1 210
-11.341378211975098 -2.7586491107940674 -1.2704650163650513 197 1 210
-9.83595085144043 -2.7730982303619385 -1.2118961811065674 197 1 210
-8.231650352478027 -1.9960087537765503 -1.2367240190505981 160 90 179
-7.785889625549316 -2.1917409896850586 -1.259683609008789 160 90 179
-6.986126899719238 -1.684960126876831 -1.3218128681182861 160 90 179
-6.667213439941406 -1.8729392290115356 -1.3413740396499634 160 90 179
-5.355310440063477 -1.2883656024932861 -1.2264643907546997 160 90 179
-16.66575050354004 -4.672675609588623 -0.14258913695812225 197 1 210
-12.940179824829102 -3.1188995838165283 -0.46900811791419983 197 1 210
-16.0242977142334 -4.485889911651611 -0.7445752024650574 197 1 210
-12.870162963867188 -3.094419002532959 -0.9502288103103638 197 1 210
-10.229313850402832 -2.8566954135894775 -0.8664637207984924 197 1 210
-11.504457473754883 -2.760960578918457 -1.287778377532959 197 1 210
-9.87502384185791 -2.7514383792877197 -1.2156646251678467 197 1 210
-8.26371955871582 -1.9769612550735474 -1.2406249046325684 160 90 179
-7.811615467071533 -2.173140287399292 -1.262761116027832 160 90 179
-6.991263389587402 -1.6635191440582275 -1.3218128681182861 160 90 179
-6.671036243438721 -1.8519505262374878 -1.3409937620162964 160 90 179
-5.2794623374938965 -1.2529962062835693 -1.2082077264785767 160 90 179
-27.34814453125 -6.512945652008057 0.03729048743844032 197 1 210
-16.678081512451172 -4.62099027633667 -0.14257267117500305 197 1 210
-13.235536575317383 -3.1471540927886963 -0.4793609082698822 197 1 210
-10.260958671569824 -2.8385655879974365 -0.4763725697994232 197 1 210
-12.959177017211914 -3.0737953186035156 -0.9561001658439636 197 1 210
-13.502748489379883 -3.726234197616577 -1.1427628993988037 197 1 210
-11.415166854858398 -2.7025206089019775 -1.2768492698669434 197 1 210
-9.86235523223877 -2.715329885482788 -1.2130738496780396 197 1 210
-8.394942283630371 -1.9811445474624634 -1.2594068050384521 160 90 179
-7.829679012298584 -2.1523072719573975 -1.2646077871322632 160 90 179
-7.0145263671875 -1.6463321447372437 -1.3252499103546143 160 90 179
-6.601891040802002 -1.8109582662582397 -1.325971245765686 160 90 179
-5.293735504150391 -1.2392404079437256 -1.2105984687805176 160 90 179
-27.0408992767334 -6.352173805236816 0.03684479743242264 197 1 210
-16.684465408325195 -4.567688465118408 -0.14250676333904266 197 1 210
-15.385677337646484 -3.6085808277130127 -0.5568305253982544 197 1 210
-16.09199333190918 -4.398545265197754 -0.7464526295661926 197 1 210
-13.393936157226562 -3.1335434913635254 -0.9874617457389832 197 1 210
-13.519886016845703 -3.686363697052002 -1.143250823020935 197 1 210
-11.433085441589355 -2.6697471141815186 -1.2779314517974854 197 1 210
-9.887887001037598 -2.689751625061035 -1.215193510055542 197 1 210
-8.394234657287598 -1.9538097381591797 -1.2583954334259033 160 90 179
-7.8371992111206055 -2.128535032272339 -1.2647616863250732 160 90 179
-7.027209758758545 -1.626578450202942 -1.3266971111297607 160 90 179
-6.43306303024292 -1.7434433698654175 -1.2909821271896362 160 90 179
-5.2765889167785645 -1.218163251876831 -1.2058168649673462 160 90 179
-16.6800594329834 -4.511518955230713 -0.1423502415418625 197 1 210
-13.646013259887695 -3.1564204692840576 -0.4935166835784912 197 1 210
-15.778461456298828 -4.2608642578125 -0.7312991619110107 197 1 210
-12.753284454345703 -2.942422866821289 -0.9395601153373718 197 1 210
-12.722728729248047 -3.4271092414855957 -1.0749484300613403 197 1 210
-11.569100379943848 -2.6641058921813965 -1.2922148704528809 197 1 210
-9.965142250061035 -2.6779592037200928 -1.2236725091934204 197 1 210
-8.44455337524414 -1.938230037689209 -1.265041470527649 160 90 179
-7.83414888381958 -2.1019201278686523 -1.2632228136062622 160 90 179
-7.036002159118652 -1.6058870553970337 -1.327420711517334 160 90 179
-6.569254398345947 -1.758736491203308 -1.3172240257263184 160 90 179
-5.290771007537842 -1.2043522596359253 -1.2082077264785767 160 90 179
-16.67643165588379 -4.4556779861450195 -0.1422019600868225 197 1 210
-15.843067169189453 -3.6134443283081055 -0.5725709199905396 197 1 210
-15.753815650939941 -4.202394962310791 -0.7295558452606201 197 1 210
-12.776841163635254 -2.9066014289855957 -0.9406341910362244 197 1 210
-13.191655158996582 -3.5100510120391846 -1.1136531829833984 197 1 210
-11.562678337097168 -2.625298261642456 -1.2905917167663574 197 1 210
-10.118241310119629 -2.685845136642456 -1.2414546012878418 197 1 210
-8.556621551513672 -1.9363373517990112 -1.2809339761734009 160 90 179
-7.852022171020508 -2.0809130668640137 -1.2650694847106934 160 90 179
-7.051450729370117 -1.5866682529449463 -1.3294106721878052 160 90 179
-6.5110273361206055 -1.7217578887939453 -1.3044832944869995 160 90 179
-5.331584453582764 -1.196450114250183 -1.2166839838027954 160 90 179
-16.695825576782227 -4.406025409698486 -0.1422514021396637 197 1 210
-15.535243034362793 -3.4931304454803467 -0.5610561370849609 197 1 210
-15.603373527526855 -4.111028671264648 -0.7220014333724976 197 1 210
-12.80224323272705 -2.8710994720458984 -0.9418513774871826 197 1 210
-12.95462417602539 -3.4044582843780518 -1.092755913734436 197 1 210
-11.651198387145996 -2.6078343391418457 -1.2995729446411133 197 1 210
-10.430936813354492 -2.7346200942993164 -1.2787853479385376 197 1 210
-8.562520980834961 -1.9100769758224487 -1.2809339761734009 160 90 179
-7.863149166107178 -2.0580644607543945 -1.265838861465454 160 90 179
-7.059165954589844 -1.5656660795211792 -1.3299533128738403 160 90 179
-6.50678014755249 -1.699293613433838 -1.302581787109375 160 90 179
-5.256126403808594 -1.1625906229019165 -1.1986446380615234 160 90 179
-16.705392837524414 -4.353773593902588 -0.1422184258699417 197 1 210
-15.541983604431152 -3.4445877075195312 -0.5609152913093567 197 1 210
-15.638150215148926 -4.068924903869629 -0.723029613494873 197 1 210
-13.270683288574219 -2.9334218502044678 -0.9756474494934082 197 1 210
-12.875288009643555 -3.341413736343384 -1.0851938724517822 197 1 210
-10.460087776184082 -3.1249542236328125 -0.9933238625526428 197 1 210
-11.658173561096191 -2.5718626976013184 -1.2994648218154907 197 1 210
-10.188365936279297 -2.6376476287841797 -1.248049259185791 197 1 210
-8.553845405578613 -1.880611538887024 -1.2787668704986572 160 90 179
-7.874208450317383 -2.0351672172546387 -1.2666081190109253 160 90 179
-7.065857887268066 -1.5444215536117554 -1.330315113067627 160 90 179
-6.585163116455078 -1.6982002258300781 -1.3172240257263184 160 90 179
-5.255853176116943 -1.1456279754638672 -1.1977752447128296 160 90 179
-16.722545623779297 -4.3034987449646 -0.1422514021396637 197 1 210
-15.037129402160645 -4.456127643585205 -0.2797805070877075 197 1 210
-17.21131706237793 -3.759204149246216 -0.620742917060852 197 1 210
-13.35933780670166 -3.43226957321167 -0.6171789765357971 197 1 210
-10.100845336914062 -2.9877402782440186 -0.5724997520446777 197 1 210
-12.830339431762695 -2.794827699661255 -0.9426389932632446 197 1 210
-12.950167655944824 -3.3184733390808105 -1.090641736984253 197 1 210
-12.647215843200684 -3.7361338138580322 -1.199926495552063 197 1 210
-11.676694869995117 -2.5384068489074707 -1.3006550073623657 197 1 210
-10.308014869689941 -2.6349058151245117 -1.2617098093032837 197 1 210
-8.683180809020996 -2.5606637001037598 -1.1608247756958008 160 90 179
-8.544100761413574 -1.8510075807571411 -1.2764551639556885 160 90 179
-7.899563789367676 -2.0158863067626953 -1.2696858644485474 160 90 179
-7.093167781829834 -2.0886752605438232 -1.2245153188705444 160 90 179
-7.085946083068848 -1.5260494947433472 -1.3332093954086304 160 90 179
-6.616029739379883 -1.6845296621322632 -1.322358250617981 160 90 179
-6.231734275817871 -1.8318243026733398 -1.3242175579071045 160 90 179
-5.257434844970703 -1.129088044166565 -1.1973406076431274 160 90 179
-16.75510597229004 -3.611860513687134 0.02273535169661045 197 1 210
-16.730823516845703 -4.250943183898926 -0.1422102004289627 197 1 210
-15.473870277404785 -4.533956527709961 -0.2876463234424591 197 1 210
-16.660011291503906 -3.585275650024414 -0.6004599928855896 197 1 210
-13.180010795593262 -3.343126058578491 -0.6084176898002625 197 1 210
-10.100379943847656 -2.95393443107605 -0.571956992149353 197 1 210
-13.73898696899414 -2.948636531829834 -1.0087275505065918 197 1 210
-12.804720878601074 -3.2393717765808105 -1.0775505304336548 197 1 210
-11.352797508239746 -3.3159124851226807 -1.076146125793457 197 1 210
-11.620269775390625 -2.488830089569092 -1.293513298034668 197 1 210
-10.187027931213379 -2.570709705352783 -1.2459295988082886 197 1 210
-8.729084968566895 -2.5451176166534424 -1.1659122705459595 160 90 179
-8.559416770935059 -1.8268513679504395 -1.277899980545044 160 90 179
-7.914334297180176 -1.9938137531280518 -1.2710708379745483 160 90 179
-7.105225563049316 -2.068558692932129 -1.2254955768585205 160 90 179
-7.128116130828857 -1.512263298034668 -1.3402644395828247 160 90 179
-6.600219249725342 -1.658958911895752 -1.3181747198104858 160 90 179
-6.249556541442871 -1.8162517547607422 -1.3268145322799683 160 90 179
-5.266603946685791 -1.1141653060913086 -1.1986446380615234 160 90 179
-16.742631912231445 -3.5554540157318115 0.022703517228364944 197 1 210
-16.744754791259766 -4.199836730957031 -0.1422184258699417 197 1 210
-16.59596061706543 -4.807499885559082 -0.3082294464111328 197 1 210
-16.665067672729492 -3.5329034328460693 -0.6002487540245056 197 1 210
-12.804509162902832 -3.2061009407043457 -0.5906268954277039 197 1 210
-10.20244026184082 -2.9498355388641357 -0.5772212743759155 197 1 210
-13.73918628692627 -2.9046151638031006 -1.0080831050872803 197 1 210
-12.76624870300293 -3.1879982948303223 -1.0734848976135254 197 1 210
-12.867959022521973 -3.715650796890259 -1.2186838388442993 197 1 210
-11.628824234008789 -2.4533731937408447 -1.29362154006958 197 1 210
-10.238228797912598 -2.5502452850341797 -1.251228928565979 197 1 210
-9.02754020690918 -2.6021134853363037 -1.2047038078308105 160 90 179
-8.582411766052246 -1.804247260093689 -1.2805006504058838 160 90 179
-7.91274356842041 -1.967616081237793 -1.269839882850647 160 90 179
-7.118175029754639 -2.0486605167388916 -1.2266392707824707 160 90 179
-7.187596797943115 -1.501853585243225 -1.350575566291809 160 90 179
-6.598608016967773 -1.6370471715927124 -1.3168436288833618 160 90 179
-6.280526638031006 -1.8043750524520874 -1.3322080373764038 160 90 179
-5.295797824859619 -1.1033778190612793 -1.2045128345489502 160 90 179
-16.74073600769043 -3.5014102458953857 0.022686272859573364 197 1 210
-16.706117630004883 -4.135709285736084 -0.14178182184696198 197 1 210
-16.522201538085938 -4.731238842010498 -0.3065885007381439 197 1 210
-15.391340255737305 -3.2135698795318604 -0.5540134310722351 197 1 210
-13.335081100463867 -3.295506715774536 -0.6146310567855835 197 1 210
-10.265207290649414 -2.933887243270874 -0.5802603960037231 197 1 210
-13.982390403747559 -2.911245584487915 -1.0252676010131836 197 1 210
-12.772099494934082 -3.1478629112243652 -1.0731595754623413 197 1 210
-12.88504409790039 -3.677795171737671 -1.2192275524139404 197 1 210
-11.65284252166748 -2.4211225509643555 -1.2954610586166382 197 1 210
-10.61148452758789 -2.608670711517334 -1.295861005783081 197 1 210
-8.98587703704834 -2.560271978378296 -1.1980901956558228 160 90 179
-8.59468936920166 -1.7793124914169312 -1.281511902809143 160 90 179
-7.932177543640137 -1.9466278553009033 -1.2719942331314087 160 90 179
-7.240194320678711 -2.0597469806671143 -1.2465713024139404 160 90 179
-7.083314418792725 -1.4573980569839478 -1.3301341533660889 160 90 179
-6.6112284660339355 -1.6186630725860596 -1.3183649778366089 160 90 179
-6.249272346496582 -1.7746589183807373 -1.3244173526763916 160 90 179
-5.306807041168213 -1.08869469165802 -1.206251621246338 160 90 179
-16.746503829956055 -3.4490253925323486 0.022679641842842102 197 1 210
-16.766324996948242 -4.096064567565918 -0.14218547940254211 197 1 210
-16.50489044189453 -4.671541213989258 -0.30599990487098694 197 1 210
-16.664894104003906 -3.426154136657715 -0.5994740128517151 197 1 210
-12.961759567260742 -3.1610844135284424 -0.5969743132591248 197 1 210
-10.327011108398438 -2.9173102378845215 -0.5832452774047852 197 1 210
-14.072356224060059 -2.884960889816284 -1.0312105417251587 197 1 210
-12.850457191467285 -3.125387191772461 -1.078932762145996 197 1 210
-10.201995849609375 -2.8781495094299316 -0.9645081758499146 197 1 210
-11.658267974853516 -2.384962320327759 -1.295244574546814 197 1 210
-10.181303977966309 -2.469818592071533 -1.2423967123031616 197 1 210
-8.190750122070312 -2.3065779209136963 -1.0911269187927246 160 90 179
-8.644707679748535 -1.7620266675949097 -1.2881578207015991 160 90 179
-7.975564956665039 -1.9313526153564453 -1.2779955863952637 160 90 179
-7.506706237792969 -2.11069393157959 -1.2913367748260498 160 90 179
-7.052087306976318 -1.4284358024597168 -1.3234410285949707 160 90 179
-6.607574462890625 -1.5962975025177002 -1.3166534900665283 160 90 179
-6.249027729034424 -1.753889560699463 -1.323218822479248 160 90 179
-5.301511287689209 -1.070669412612915 -1.2042955160140991 160 90 179
-16.769744873046875 -3.400214672088623 0.022696882486343384 197 1 210
-16.69521141052246 -4.024454593658447 -0.14147703349590302 197 1 210
-16.652984619140625 -4.658321857452393 -0.3084791302680969 197 1 210
-17.65288734436035 -3.5728647708892822 -0.6346170902252197 197 1 210
-13.057839393615723 -3.142104387283325 -0.600952684879303 197 1 210
-10.206075668334961 -2.849365711212158 -0.5759187340736389 197 1 210
-13.938394546508789 -2.8129653930664062 -1.020756721496582 197 1 210
-12.910382270812988 -3.098041534423828 -1.0831611156463623 197 1 210
-12.417165756225586 -3.4619929790496826 -1.17292320728302 197 1 210
-11.63726806640625 -2.3434927463531494 -1.2921066284179688 197 1 210
-10.60604476928711 -2.5384254455566406 -1.293270230293274 197 1 210
-8.203520774841309 -2.283033609390259 -1.0918899774551392 160 90 179
-8.647162437438965 -1.7349127531051636 -1.2877243757247925 160 90 179
-7.991063117980957 -1.9091708660125732 -1.2795344591140747 160 90 179
-7.626262664794922 -2.1190848350524902 -1.3107787370681763 160 90 179
-7.018820285797119 -1.3992942571640015 -1.316386103630066 160 90 179
-6.607665538787842 -1.5748801231384277 -1.3157026767730713 160 90 179
-6.191117286682129 -1.717163324356079 -1.3098348379135132 160 90 179
-5.3114728927612305 -1.0557316541671753 -1.2058168649673462 160 90 179
-16.725963592529297 -3.9776110649108887 -0.1416335552930832 197 1 210
-16.650814056396484 -4.602680683135986 -0.3081759214401245 197 1 210
-17.712770462036133 -3.528451681137085 -0.6363776922225952 197 1 210
-13.184057235717773 -3.1297173500061035 -0.6063167452812195 197 1 210
-10.149314880371094 -2.799982786178589 -0.5722283720970154 197 1 210
-14.058487892150879 -2.792341947555542 -1.0289193391799927 197 1 210
-12.913037300109863 -3.0568113327026367 -1.0825918912887573 197 1 210
-11.978395462036133 -3.300088405609131 -1.1305153369903564 197 1 210
-11.927199363708496 -2.363826036453247 -1.3234868049621582 197 1 210
-10.61958122253418 -2.5072438716888428 -1.2939767837524414 197 1 210
-9.184078216552734 -2.5255889892578125 -1.221365213394165 160 90 179
-8.654385566711426 -1.7087587118148804 -1.2880133390426636 160 90 179
-7.976686477661133 -1.8798859119415283 -1.2763029336929321 160 90 179
-7.593721866607666 -2.084968090057373 -1.3040802478790283 160 90 179
-6.953592777252197 -1.3641225099563599 -1.3033615350723267 160 90 179
-6.6105546951293945 -1.5541514158248901 -1.3153223991394043 160 90 179
-6.102801322937012 -1.672521710395813 -1.2900583744049072 160 90 179
-5.31756067276001 -1.0399932861328125 -1.206468939781189 160 90 179
-16.73029899597168 -3.9244508743286133 -0.1415676474571228 197 1 210
-16.550081253051758 -4.52022647857666 -0.30605340003967285 197 1 210
-15.375677108764648 -3.0138795375823975 -0.5520766973495483 197 1 210
-14.897753715515137 -3.488279342651367 -0.6846319437026978 197 1 210
-15.568187713623047 -4.243581295013428 -0.8770115375518799 197 1 210
-13.79387092590332 -2.6958210468292236 -1.0089423656463623 197 1 210
-12.907794952392578 -3.0137808322906494 -1.0813721418380737 197 1 210
-12.568860054016113 -3.4213109016418457 -1.1852468252182007 197 1 210
-11.928540229797363 -2.3260810375213623 -1.3228375911712646 197 1 210
-10.657205581665039 -2.481633186340332 -1.297627329826355 197 1 210
-8.225990295410156 -2.2349956035614014 -1.0930347442626953 160 90 179
-8.662501335144043 -1.6827656030654907 -1.2884467840194702 160 90 179
-8.069035530090332 -1.8755383491516113 -1.2901523113250732 160 90 179
-7.633408069610596 -2.0707011222839355 -1.3097983598709106 160 90 179
-6.9461565017700195 -1.3405462503433228 -1.301190733909607 160 90 179
-6.644939422607422 -1.540737509727478 -1.3212172985076904 160 90 179
-6.111687183380127 -1.6548150777816772 -1.2908575534820557 160 90 179
-5.415619373321533 -1.0419312715530396 -1.2279858589172363 160 90 179
-16.729595184326172 -3.8701746463775635 -0.14146055281162262 197 1 210
-16.57738494873047 -4.473076820373535 -0.30630311369895935 197 1 210
-15.39957046508789 -2.969531774520874 -0.5526049137115479 197 1 210
-15.620903968811035 -3.6070878505706787 -0.7173526287078857 197 1 210
-15.599453926086426 -4.200732231140137 -0.8780427575111389 197 1 210
-15.042118072509766 -2.8918910026550293 -1.0995903015136719 197 1 210
-12.899497985839844 -2.9701406955718994 -1.0799086093902588 197 1 210
-12.577374458312988 -3.3822169303894043 -1.1850656270980835 197 1 210
-12.083046913146973 -2.3177528381347656 -1.339176893234253 197 1 210
-10.71993637084961 -2.4615936279296875 -1.30433988571167 197 1 210
-9.5011625289917 -2.5501837730407715 -1.261428713798523 160 90 179
-8.678315162658691 -1.6582244634628296 -1.2900360822677612 160 90 179
-8.091123580932617 -1.8545266389846802 -1.2927682399749756 160 90 179
-7.657830715179443 -2.052124500274658 -1.312902569770813 160 90 179
-6.938641548156738 -1.3170286417007446 -1.2990199327468872 160 90 179
-6.652506351470947 -1.5210002660751343 -1.321787714958191 160 90 179
-6.13755989074707 -1.6416268348693848 -1.2952522039413452 160 90 179
-5.545388698577881 -1.0492656230926514 -1.2566750049591064 160 90 179
-16.739439010620117 -3.8183858394622803 -0.14144407212734222 197 1 210
-16.39104652404785 -4.368893146514893 -0.30261102318763733 197 1 210
-15.332022666931152 -2.907747983932495 -0.5498582720756531 197 1 210
-13.443159103393555 -3.0608038902282715 -0.6169107556343079 197 1 210
-15.810087203979492 -4.205473899841309 -0.8891682028770447 197 1 210
-15.296917915344238 -2.892240524291992 -1.1175624132156372 197 1 210
-12.904661178588867 -2.92966890335083 -1.0795832872390747 197 1 210
-12.390376091003418 -3.2912023067474365 -1.1664894819259644 197 1 210
-12.126246452331543 -2.287490129470825 -1.3431806564331055 197 1 210
-10.778770446777344 -2.4403154850006104 -1.3105813264846802 197 1 210
-9.37183952331543 -2.4846739768981934 -1.2432411909103394 160 90 179
-8.800060272216797 -1.6535193920135498 -1.307373285293579 160 90 179
-8.184480667114258 -1.8495142459869385 -1.3067716360092163 160 90 179
-7.745156764984131 -2.0500783920288086 -1.3267897367477417 160 90 179
-6.9368486404418945 -1.2946523427963257 -1.2979345321655273 160 90 179
-6.615001678466797 -1.4910848140716553 -1.3134207725524902 160 90 179
-6.14162015914917 -1.6225391626358032 -1.295052409172058 160 90 179
-5.576411247253418 -1.0374250411987305 -1.2629780769348145 160 90 179
-16.74912452697754 -3.766573429107666 -0.14142760634422302 197 1 210
-16.61418914794922 -4.373821258544922 -0.3064814805984497 197 1 210
-15.50002670288086 -2.8903748989105225 -0.5555627942085266 197 1 210
-13.225370407104492 -2.9685680866241455 -0.6064955592155457 197 1 210
-15.398948669433594 -4.045566082000732 -0.865343451499939 197 1 210
-15.055657386779785 -2.7988107204437256 -1.099303960800171 197 1 210
-13.360998153686523 -2.990194320678711 -1.116986870765686 197 1 210
-12.463029861450195 -3.2696001529693604 -1.172379493713379 197 1 210
-12.147868156433105 -2.252995729446411 -1.3448036909103394 197 1 210
-10.729992866516113 -2.3946895599365234 -1.303750991821289 197 1 210
-9.416839599609375 -2.4657082557678223 -1.2482013702392578 160 90 179
-8.848878860473633 -1.6346019506454468 -1.3138748407363892 160 90 179
-8.193009376525879 -1.8250404596328735 -1.3072333335876465 160 90 179
-7.762863636016846 -2.029301166534424 -1.3287502527236938 160 90 179
-6.9359517097473145 -1.2724769115447998 -1.2970300912857056 160 90 179
-6.6013360023498535 -1.4667373895645142 -1.3098077774047852 160 90 179
-6.152257919311523 -1.6051734685897827 -1.2962510585784912 160 90 179
-5.621815204620361 -1.028037667274475 -1.2725411653518677 160 90 179
-16.757673263549805 -3.7145209312438965 -0.14140288531780243 197 1 210
-16.65462303161621 -4.329873085021973 -0.3069809079170227 197 1 210
-15.320085525512695 -2.8082120418548584 -0.548801839351654 197 1 210
-18.23145866394043 -4.033524036407471 -0.8354958295822144 197 1 210
-12.972738265991211 -3.3656468391418457 -0.7284189462661743 197 1 210
-10.019414901733398 -2.991898536682129 -0.6695996522903442 197 1 210
-17.80659294128418 -3.2537171840667725 -1.2994312047958374 197 1 210
-13.546274185180664 -2.9880480766296387 -1.1317044496536255 197 1 210
-12.479750633239746 -3.2330968379974365 -1.1730138063430786 197 1 210
-10.397894859313965 -3.1027421951293945 -1.0943554639816284 197 1 210
-12.159613609313965 -2.2166075706481934 -1.3453447818756104 197 1 210
-10.368743896484375 -2.2806944847106934 -1.2590012550354004 197 1 210
-9.510787010192871 -2.459153175354004 -1.259648084640503 160 90 179
-8.90837287902832 -1.6173447370529175 -1.3219654560089111 160 90 179
-8.16961669921875 -1.7935395240783691 -1.3026167154312134 160 90 179
-7.694543361663818 -1.9862418174743652 -1.3160067796707153 160 90 179
-6.939822673797607 -1.2511917352676392 -1.2970300912857056 160 90 179
-6.599091529846191 -1.4450079202651978 -1.3084766864776611 160 90 179
-6.153357982635498 -1.5853132009506226 -1.2954519987106323 160 90 179
-5.6797027587890625 -1.0206254720687866 -1.284929633140564 160 90 179
-16.76801300048828 -3.6628782749176025 -0.14139465987682343 197 1 210
-16.64458656311035 -4.272790431976318 -0.30655282735824585 197 1 210
-15.988880157470703 -4.729558944702148 -0.4575846791267395 197 1 210
-15.401411056518555 -2.7743079662323 -0.5514076352119446 197 1 210
-13.56348705291748 -2.9571635723114014 -0.6211572885513306 197 1 210
-13.279961585998535 -3.401902437210083 -0.7450799942016602 197 1 210
-10.042902946472168 -2.9653842449188232 -0.6705581545829773 197 1 210
-17.945098876953125 -3.2221643924713135 -1.3088111877441406 197 1 210
-13.557326316833496 -2.9468982219696045 -1.1318671703338623 197 1 210
-12.46645450592041 -3.188871145248413 -1.1708390712738037 197 1 210
-10.512335777282715 -3.1018004417419434 -1.105393409729004 197 1 210
-12.28573989868164 -2.200676441192627 -1.3585460186004639 197 1 210
-10.467889785766602 -2.2688560485839844 -1.2701886892318726 197 1 210
-8.941655158996582 -2.28275203704834 -1.1833367347717285 160 90 179
-8.231985092163086 -2.4242687225341797 -1.1852904558181763 160 90 179
-8.911345481872559 -1.5896590948104858 -1.3216766119003296 160 90 179
-8.231094360351562 -1.7805843353271484 -1.31154203414917 160 90 179
-7.71972131729126 -1.9674991369247437 -1.3192744255065918 160 90 179
-7.078318119049072 -2.083983898162842 -1.2978816032409668 160 90 179
-6.945565223693848 -1.2302378416061401 -1.2973918914794922 160 90 179
-6.624606132507324 -1.4293105602264404 -1.3126600980758667 160 90 179
-6.190479755401611 -1.574640154838562 -1.302243947982788 160 90 179
-5.912439346313477 -1.7400554418563843 -1.3202577829360962 160 90 179
-5.710683345794678 -1.008116602897644 -1.2912325859069824 160 90 179
-16.768417358398438 -3.609102725982666 -0.14130403101444244 197 1 210
-16.694446563720703 -4.231040000915527 -0.3072305917739868 197 1 210
-10.207390785217285 -2.9853515625 -0.2918611466884613 197 1 210
-15.36064624786377 -2.718336582183838 -0.5496469736099243 197 1 210
-16.606185913085938 -3.567211151123047 -0.7599968314170837 197 1 210
-15.726913452148438 -3.977357864379883 -0.8816788196563721 197 1 210
-10.179363250732422 -2.971755027770996 -0.6790575981140137 197 1 210
-17.972579956054688 -3.170212984085083 -1.3100999593734741 197 1 210
-13.80020523071289 -2.9553823471069336 -1.1513820886611938 197 1 210
-12.56887435913086 -3.174017906188965 -1.1795380115509033 197 1 210
-10.532309532165527 -3.072599411010742 -1.1064971685409546 197 1 210
-12.171027183532715 -2.141611337661743 -1.3451282978057861 197 1 210
-10.735069274902344 -2.292306661605835 -1.3017491102218628 197 1 210
-9.482416152954102 -2.3898417949676514 -1.2539247274398804 160 90 179
-8.26791763305664 -2.4073097705841064 -1.1893951892852783 160 90 179
-8.915205001831055 -1.5621411800384521 -1.3215320110321045 160 90 179
-8.245216369628906 -1.7571767568588257 -1.3129268884658813 160 90 179
-7.726677417755127 -1.9440467357635498 -1.3194377422332764 160 90 179
-7.079004764556885 -2.0606064796447754 -1.296842098236084 160 90 179
-6.946400165557861 -1.2084176540374756 -1.2968491315841675 160 90 179
-6.629920482635498 -1.4091839790344238 -1.3128502368927002 160 90 179
-6.198132038116455 -1.556356430053711 -1.3028432130813599 160 90 179
-5.919627666473389 -1.72245454788208 -1.3206766843795776 160 90 179
-5.725290298461914 -0.9925925135612488 -1.2938406467437744 160 90 179
-16.76865005493164 -3.5553596019744873 -0.14121341705322266 197 1 210
-16.59871482849121 -4.152624130249023 -0.3052329421043396 197 1 210
-10.369187355041504 -2.998169422149658 -0.296222984790802 197 1 210
-18.313907623291016 -3.183053493499756 -0.6549704074859619 197 1 210
-16.58382225036621 -3.5092155933380127 -0.7584770321846008 197 1 210
-12.899503707885742 -3.2202281951904297 -0.7226119637489319 197 1 210
-10.227745056152344 -2.951857089996338 -0.6816777586936951 197 1 210
-17.9360294342041 -3.1070570945739746 -1.306734561920166 197 1 210
-13.856992721557617 -2.923110246658325 -1.15536630153656 197 1 210
-12.625903129577637 -3.147245168685913 -1.1839783191680908 197 1 210
-10.643977165222168 -3.0697736740112305 -1.1172341108322144 197 1 210
-12.26374626159668 -2.119157314300537 -1.354650616645813 197 1 210
-10.906282424926758 -2.2939035892486572 -1.3216509819030762 197 1 210
-9.495479583740234 -2.362175703048706 -1.2546879053115845 160 90 179
-8.168645858764648 -2.3512442111968994 -1.1740710735321045 160 90 179
-8.940434455871582 -1.5383059978485107 -1.3245660066604614 160 90 179
-8.238964080810547 -1.7294367551803589 -1.3110803365707397 160 90 179
-7.726861000061035 -1.9189058542251587 -1.3184574842453003 160 90 179
-7.139241695404053 -2.054403066635132 -1.3067165613174438 160 90 179
-6.942318916320801 -1.1857759952545166 -1.2954020500183105 160 90 179
-6.584244251251221 -1.3783764839172363 -1.302962064743042 160 90 179
-6.180051803588867 -1.5316762924194336 -1.2980488538742065 160 90 179
-5.9173665046691895 -1.7021228075027466 -1.3190009593963623 160 90 179
-5.7398552894592285 -0.9769883751869202 -1.2964487075805664 160 90 179
-16.75892448425293 -3.4996049404144287 -0.14104041457176208 197 1 210
-15.901803970336914 -3.9264729022979736 -0.29219457507133484 197 1 210
-10.280301094055176 -2.9383225440979004 -0.2934248149394989 197 1 210
-18.080257415771484 -3.0853288173675537 -0.6462727189064026 197 1 210
-16.6590576171875 -3.4717721939086914 -0.7614272236824036 197 1 210
-12.958768844604492 -3.1928205490112305 -0.7253797650337219 197 1 210
-10.227155685424805 -2.917726993560791 -0.6810386776924133 197 1 210
-17.936628341674805 -3.0505106449127197 -1.306090235710144 197 1 210
-13.883460998535156 -2.884232997894287 -1.1568299531936646 197 1 210
-12.633564949035645 -3.1080188751220703 -1.183797001838684 197 1 210
-10.868631362915039 -3.0984785556793213 -1.1398115158081055 197 1 210
-12.258428573608398 -2.0795273780822754 -1.3533521890640259 197 1 210
-10.965777397155762 -2.2713088989257812 -1.3280102014541626 197 1 210
-9.506534576416016 -2.3339786529541016 -1.2551965713500977 160 90 179
-8.260618209838867 -2.3502984046936035 -1.1862481832504272 160 90 179
-8.938282012939453 -1.509716272354126 -1.3235546350479126 160 90 179
-8.312932968139648 -1.7183531522750854 -1.3220059871673584 160 90 179
-7.7279205322265625 -1.8940168619155884 -1.3176405429840088 160 90 179
-7.1369853019714355 -2.0300655364990234 -1.3051574230194092 160 90 179
-6.936224937438965 -1.1628456115722656 -1.2935930490493774 160 90 179
-6.541327476501465 -1.3484573364257812 -1.2936444282531738 160 90 179
-6.192336559295654 -1.5145714282989502 -1.2996469736099243 160 90 179
-5.912214756011963 -1.6810189485549927 -1.3166968822479248 160 90 179
-5.757267475128174 -0.961786687374115 -1.2997089624404907 160 90 179
-16.757827758789062 -3.445755958557129 -0.1409415751695633 197 1 210
-13.413344383239746 -3.268394947052002 -0.2462839037179947 197 1 210
-16.735450744628906 -4.727848052978516 -0.4772542715072632 197 1 210
-18.088653564453125 -3.029680013656616 -0.6462374925613403 197 1 210
-16.095186233520508 -3.302769660949707 -0.7351880669593811 197 1 210
-13.016046524047852 -3.1646080017089844 -0.728039026260376 197 1 210
-10.290807723999023 -2.9017748832702637 -0.6846812963485718 197 1 210
-17.998044967651367 -3.0041708946228027 -1.3098851442337036 197 1 210
-14.164679527282715 -2.8973515033721924 -1.179516077041626 197 1 210
-12.617878913879395 -3.063136577606201 -1.181441068649292 197 1 210
-10.890536308288574 -3.0686275959014893 -1.1411160230636597 197 1 210
-12.287304878234863 -2.0456643104553223 -1.3558409214019775 197 1 210
-10.954207420349121 -2.2338855266571045 -1.3257726430892944 197 1 210
-9.52521800994873 -2.3076045513153076 -1.2567228078842163 160 90 179
-8.179104804992676 -2.3000054359436035 -1.1735237836837769 160 90 179
-8.87453842163086 -1.4709607362747192 -1.313441276550293 160 90 179
-8.308483123779297 -1.690870761871338 -1.3204671144485474 160 90 179
-7.561089038848877 -1.8285564184188843 -1.2882325649261475 160 90 179
-7.203860282897949 -2.025218963623047 -1.3162444829940796 160 90 179
-6.931025505065918 -1.1401233673095703 -1.2919650077819824 160 90 179
-6.529077053070068 -1.325062870979309 -1.2904115915298462 160 90 179
-6.189333915710449 -1.493727445602417 -1.2980488538742065 160 90 179
-5.910754680633545 -1.6610208749771118 -1.3152306079864502 160 90 179
-5.7756028175354 -0.946645200252533 -1.3031864166259766 160 90 179
-15.13353443145752 -3.063405990600586 -0.12720081210136414 197 1 210
-14.866937637329102 -3.5743045806884766 -0.27277085185050964 197 1 210
-16.71906852722168 -4.667880535125732 -0.47637641429901123 197 1 210
-18.10870933532715 -2.9759531021118164 -0.6466248631477356 197 1 210
-15.677324295043945 -3.1669318675994873 -0.7156540155410767 197 1 210
-12.993651390075684 -3.116973876953125 -0.7262480854988098 197 1 210
-10.200644493103027 -2.8425962924957275 -0.6780989766120911 197 1 210
-17.9491024017334 -2.9394288063049316 -1.305660605430603 197 1 210
-14.2076997756958 -2.860767126083374 -1.1823619604110718 197 1 210
-12.626248359680176 -3.024178981781006 -1.1813503503799438 197 1 210
-11.07050895690918 -3.082709789276123 -1.1589772701263428 197 1 210
-12.428918838500977 -2.0300724506378174 -1.370773434638977 197 1 210
-10.99605941772461 -2.207303762435913 -1.3300122022628784 197 1 210
-9.513923645019531 -2.273989677429199 -1.2543063163757324 160 90 179
-7.919837474822998 -2.200901508331299 -1.1353503465652466 160 90 179
-8.885846138000488 -1.4448387622833252 -1.3144526481628418 160 90 179
-8.316537857055664 -1.6659550666809082 -1.3209288120269775 160 90 179
-7.5349955558776855 -1.797795057296753 -1.2828410863876343 160 90 179
-7.222375869750977 -2.006535530090332 -1.318496584892273 160 90 179
-6.932548999786377 -1.1185405254364014 -1.2916032075881958 160 90 179
-6.480161190032959 -1.2944486141204834 -1.2799530029296875 160 90 179
-6.1824493408203125 -1.472008466720581 -1.2956517934799194 160 90 179
-5.921475887298584 -1.64444899559021 -1.316487431526184 160 90 179
-5.783298492431641 -0.9296960830688477 -1.3042731285095215 160 90 179
-13.330024719238281 -3.1615724563598633 -0.2443932592868805 197 1 210
-16.53384017944336 -4.561532974243164 -0.4706977307796478 197 1 210
-18.12663459777832 -2.921813726425171 -0.6469417810440063 197 1 210
-17.94643783569336 -3.5680387020111084 -0.8187331557273865 197 1 210
-13.117813110351562 -3.1042284965515137 -0.7326520085334778 197 1 210
-10.203544616699219 -2.8096983432769775 -0.6777155995368958 197 1 210
-17.97182273864746 -2.8865625858306885 -1.3066630363464355 197 1 210
-14.306355476379395 -2.834989070892334 -1.189842700958252 197 1 210
-12.765338897705078 -3.01611328125 -1.1934927701950073 197 1 210
-11.087589263916016 -3.0508432388305664 -1.1597800254821777 197 1 210
-12.457666397094727 -1.995548129081726 -1.3732622861862183 197 1 210
-10.663752555847168 -2.1065845489501953 -1.28903067111969 197 1 210
-9.521821022033691 -2.245018482208252 -1.254433512687683 160 90 179
-8.039270401000977 -2.207545280456543 -1.151495337486267 160 90 179
-8.84235668182373 -1.4099358320236206 -1.307373285293579 160 90 179
-8.308037757873535 -1.6377569437026978 -1.3187744617462158 160 90 179
-7.6144208908081055 -1.7920727729797363 -1.2954212427139282 160 90 179
-7.195256233215332 -1.9752428531646729 -1.3124332427978516 160 90 179
-6.929147720336914 -1.0961908102035522 -1.2903369665145874 160 90 179
-6.3193745613098145 -1.242181658744812 -1.2474360466003418 160 90 179
-6.1831207275390625 -1.4521379470825195 -1.2948527336120605 160 90 179
-5.947237968444824 -1.6319669485092163 -1.321095585823059 160 90 179
-5.789979934692383 -0.9125565886497498 -1.3051424026489258 160 90 179
-15.070643424987793 -3.5256052017211914 -0.27610623836517334 197 1 210
-16.341367721557617 -4.454526424407959 -0.4648270308971405 197 1 210
-18.135513305664062 -2.8661882877349854 -0.6469417810440063 197 1 210
-18.020048141479492 -3.525238275527954 -0.8215940594673157 197 1 210
-13.26146411895752 -3.095289468765259 -0.7401413321495056 197 1 210
-13.498675346374512 -3.6725456714630127 -0.8958243727684021 197 1 210
-18.296873092651367 -2.8812167644500732 -1.3296473026275635 197 1 210
-14.44900894165039 -2.81721568107605 -1.2009825706481934 197 1 210
-12.83466625213623 -2.9909491539001465 -1.199110984802246 197 1 210
-11.262995719909668 -3.0619683265686035 -1.1771396398544312 197 1 210
-12.469621658325195 -1.9582444429397583 -1.3739114999771118 197 1 210
-10.677964210510254 -2.0753743648529053 -1.2899727821350098 160 90 179
-9.594358444213867 -2.231071949005127 -1.2630821466445923 160 90 179
-8.252508163452148 -2.2388947010040283 -1.18104887008667 160 90 179
-8.807535171508789 -1.3766887187957764 -1.3015942573547363 160 90 179
-8.312052726745605 -1.6120723485946655 -1.3186205625534058 160 90 179
-7.564144134521484 -1.755765676498413 -1.2859452962875366 160 90 179
-7.259265422821045 -1.9688851833343506 -1.3230007886886597 160 90 179
-6.923731327056885 -1.0735710859298706 -1.2887089252471924 160 90 179
-6.349180698394775 -1.2278211116790771 -1.2525702714920044 160 90 179
-6.230502605438232 -1.4431109428405762 -1.3038419485092163 160 90 179
-5.9710917472839355 -1.618830680847168 -1.3252848386764526 160 90 179
-5.800470352172852 -0.8959810137748718 -1.306881308555603 160 90 179
-15.73121452331543 -3.629270553588867 -0.2880030572414398 197 1 210
-15.908052444458008 -4.28402042388916 -0.4521254897117615 197 1 210
-15.385021209716797 -2.9607737064361572 -0.7010369896888733 197 1 210
-14.966980934143066 -3.4449801445007324 -0.8347348570823669 197 1 210
-15.536649703979492 -4.1758599281311035 -1.030217170715332 197 1 210
-18.600370407104492 -2.870556354522705 -1.3510562181472778 197 1 210
-14.46639347076416 -2.7745630741119385 -1.201714277267456 197 1 210
-12.861252784729004 -2.955573558807373 -1.2007420063018799 197 1 210
-11.39725399017334 -3.060948371887207 -1.190184473991394 197 1 210
-12.470658302307129 -1.9192228317260742 -1.3733705282211304 197 1 210
-11.305596351623535 -2.1613872051239014 -1.3649877309799194 197 1 210
-9.790648460388184 -2.2450780868530273 -1.288010597229004 160 90 179
-8.343539237976074 -2.2361323833465576 -1.193089246749878 160 90 179
-8.78824234008789 -1.3460655212402344 -1.2981268167495728 160 90 179
-8.329577445983887 -1.5889707803726196 -1.320621132850647 160 90 179
-7.603154182434082 -1.7402549982070923 -1.2916635274887085 160 90 179
-7.275736331939697 -1.9494085311889648 -1.3249062299728394 160 90 179
-6.9153242111206055 -1.0505516529083252 -1.2865381240844727 160 90 179
-6.4011406898498535 -1.217508316040039 -1.262078046798706 160 90 179
-6.235855579376221 -1.4242074489593506 -1.3040417432785034 160 90 179
-5.999643802642822 -1.6068280935287476 -1.330521583557129 160 90 179
-5.806087017059326 -0.8786193132400513 -1.3075332641601562 160 90 179
-16.44422721862793 -3.7406680583953857 -0.300845205783844 197 1 210
-15.528913497924805 -4.130863189697266 -0.44098764657974243 197 1 210
-15.653167724609375 -2.962604522705078 -0.7128378748893738 197 1 210
-13.24417781829834 -3.0056838989257812 -0.7381333708763123 197 1 210
-15.207941055297852 -4.037524223327637 -1.0075947046279907 197 1 210
-19.152498245239258 -2.895634889602661 -1.390508770942688 197 1 210
-14.461125373840332 -2.72758150100708 -1.2005759477615356 197 1 210
-12.877058029174805 -2.91764235496521 -1.2013763189315796 197 1 210
-11.32292366027832 -3.003772258758545 -1.1814544200897217 197 1 210
-12.541366577148438 -1.8907356262207031 -1.3805122375488281 197 1 210
-11.443926811218262 -2.151461601257324 -1.3808857202529907 197 1 210
-9.879724502563477 -2.233621835708618 -1.2988214492797852 160 90 179
-8.915350914001465 -2.3600895404815674 -1.2738144397735596 160 90 179
-8.755146026611328 -1.3135184049606323 -1.2926366329193115 160 90 179
-8.359663963317871 -1.5681450366973877 -1.3246220350265503 160 90 179
-7.666199684143066 -1.7299507856369019 -1.3014662265777588 160 90 179
-7.261688709259033 -1.9217863082885742 -1.3212683200836182 160 90 179
-6.916568756103516 -1.0290412902832031 -1.2861762046813965 160 90 179
-6.522578716278076 -1.2198830842971802 -1.2852773666381836 160 90 179
-6.231592655181885 -1.4031323194503784 -1.302243947982788 160 90 179
-5.997928142547607 -1.5866633653640747 -1.3290553092956543 160 90 179
-5.788478374481201 -0.8577975630760193 -1.3029690980911255 160 90 179
-15.081966400146484 -3.382154941558838 -0.2757316529750824 197 1 210
-15.164456367492676 -3.984138011932373 -0.430288702249527 197 1 210
-15.181917190551758 -2.825194835662842 -0.6909793615341187 197 1 210
-13.126659393310547 -2.936697006225586 -0.7310781478881836 197 1 210
-15.201915740966797 -3.9860386848449707 -1.006380558013916 197 1 210
-20.451868057250977 -3.0279340744018555 -1.4841641187667847 197 1 210
-14.843778610229492 -2.752622365951538 -1.2316372394561768 197 1 210
-12.921911239624023 -2.8861546516418457 -1.2047291994094849 197 1 210
-11.438920021057129 -2.9970104694366455 -1.1925926208496094 197 1 210
-12.530388832092285 -1.8497822284698486 -1.3786725997924805 197 1 210
-11.529569625854492 -2.1309609413146973 -1.390424370765686 197 1 210
-9.830378532409668 -2.190786838531494 -1.2914445400238037 160 90 179
-8.990594863891602 -2.3505165576934814 -1.2835288047790527 160 90 179
-8.725848197937012 -1.2817623615264893 -1.2877243757247925 160 90 179
-8.437313079833984 -1.5559300184249878 -1.3361632823944092 160 90 179
-7.5732421875 -1.6845732927322388 -1.2848016023635864 160 90 179
-7.328534126281738 -1.915437936782837 -1.3323554992675781 160 90 179
-6.916773796081543 -1.0073915719985962 -1.2856335639953613 160 90 179
-6.540773868560791 -1.2025291919708252 -1.2881296873092651 160 90 179
-6.232998371124268 -1.3833703994750977 -1.3016445636749268 160 90 179
-6.012228488922119 -1.5707262754440308 -1.331149935722351 160 90 179
-5.808470726013184 -0.8425569534301758 -1.306881308555603 160 90 179
-15.395893096923828 -3.4029781818389893 -0.2812787592411041 197 1 210
-16.108394622802734 -4.179348945617676 -0.45670682191848755 197 1 210
-15.332021713256836 -2.80448842048645 -0.6974162459373474 197 1 210
-16.599172592163086 -3.6601295471191406 -0.9238470792770386 197 1 210
-15.572494506835938 -4.032187461853027 -1.0300893783569336 197 1 210
-20.945737838745117 -3.0354130268096924 -1.5193207263946533 197 1 210
-14.932558059692383 -2.721724510192871 -1.238304853439331 197 1 210
-13.364484786987305 -2.9419870376586914 -1.2451435327529907 197 1 210
-11.472142219543457 -2.968132734298706 -1.195101261138916 197 1 210
-12.721964836120605 -1.8382000923156738 -1.3991239070892334 197 1 210
-11.589791297912598 -2.1053404808044434 -1.3969013690948486 197 1 210
-8.734575271606445 -1.9184683561325073 -1.1467071771621704 160 90 179
-8.898012161254883 -2.2971701622009277 -1.2692992687225342 160 90 179
-8.742472648620605 -1.2568162679672241 -1.2896026372909546 160 90 179
-8.45468521118164 -1.5323280096054077 -1.3381636142730713 160 90 179
-7.748946189880371 -1.698723554611206 -1.3137195110321045 160 90 179
-7.297184467315674 -1.883346438407898 -1.325599193572998 160 90 179
-6.918858528137207 -0.986027717590332 -1.2854527235031128 160 90 179
-6.561822414398193 -1.1855988502502441 -1.2915526628494263 160 90 179
-6.2352986335754395 -1.3638226985931396 -1.301245093345642 160 90 179
-5.982933521270752 -1.5434801578521729 -1.3236092329025269 160 90 179
-5.812961101531982 -0.8250071406364441 -1.3073159456253052 160 90 179
-16.35388946533203 -3.562136650085449 -0.29858002066612244 197 1 210
-13.195747375488281 -3.3804826736450195 -0.3738313317298889 197 1 210
-15.413312911987305 -2.7705156803131104 -0.7007240653038025 197 1 210
-13.124916076660156 -2.8518576622009277 -0.7299927473068237 197 1 210
-13.040987014770508 -3.334045886993408 -0.8619545698165894 197 1 210
-20.886810302734375 -2.9614763259887695 -1.5143802165985107 197 1 210
-14.616100311279297 -2.617738962173462 -1.211390495300293 197 1 210
-13.352035522460938 -2.896327018737793 -1.243149995803833 197 1 210
-11.511077880859375 -2.940556764602661 -1.1982120275497437 197 1 210
-12.779714584350586 -1.8065358400344849 -1.404858946800232 197 1 210
-11.560025215148926 -2.0633175373077393 -1.392544150352478 197 1 210
-9.015739440917969 -1.9512484073638916 -1.1828278303146362 160 90 179
-8.982770919799805 -2.289679527282715 -1.2803819179534912 160 90 179
-8.749226570129395 -1.2304022312164307 -1.2900360822677612 160 90 179
-8.452537536621094 -1.5051696300506592 -1.3370864391326904 160 90 179
-7.784979343414307 -1.681607723236084 -1.3189475536346436 160 90 179
-7.250437259674072 -1.847574234008789 -1.3160712718963623 160 90 179
-6.916980266571045 -0.9641174077987671 -1.2845481634140015 160 90 179
-6.5789618492126465 -1.1678640842437744 -1.2942148447036743 160 90 179
-6.229874610900879 -1.3426222801208496 -1.29924738407135 160 90 179
-5.9810075759887695 -1.5234280824661255 -1.3221429586410522 160 90 179
-5.822232723236084 -0.8081086874008179 -1.3088372945785522 160 90 179
-16.580785751342773 -3.5583109855651855 -0.30252182483673096 197 1 210
-15.701513290405273 -3.971116542816162 -0.44447168707847595 197 1 210
-21.109161376953125 -2.9389843940734863 -0.7509623169898987 197 1 210
-15.154151916503906 -2.6759636402130127 -0.6885655522346497 197 1 210
-13.998698234558105 -2.996772527694702 -0.7780764698982239 197 1 210
-15.119908332824707 -3.8161604404449463 -0.9985840320587158 197 1 210
-20.96989631652832 -2.9076569080352783 -1.5197502374649048 197 1 210
-14.569092750549316 -2.56321382522583 -1.2068370580673218 197 1 210
-13.337484359741211 -2.8503546714782715 -1.240975260734558 197 1 210
-11.564423561096191 -2.91641902923584 -1.20282781124115 197 1 210
-12.798983573913574 -1.7692254781723022 -1.4063738584518433 197 1 210
-11.748231887817383 -2.059738874435425 -1.4144480228424072 197 1 210
-10.125626564025879 -2.15895938873291 -1.327565312385559 160 90 179
-8.271187782287598 -2.081295967102051 -1.1780389547348022 160 90 179
-8.750020027160645 -1.2031497955322266 -1.2896026372909546 160 90 179
-8.43472957611084 -1.475314974784851 -1.3335472345352173 160 90 179
-7.858613967895508 -1.6722949743270874 -1.3305473327636719 160 90 179
-7.278994083404541 -1.8310879468917847 -1.320228934288025 160 90 179
-6.951089859008789 -0.9471409320831299 -1.2903369665145874 160 90 179
-6.5892839431762695 -1.1488550901412964 -1.2955459356307983 160 90 179
-6.220545768737793 -1.3206541538238525 -1.2964507341384888 160 90 179
-5.98660135269165 -1.505309820175171 -1.322352409362793 160 90 179
-5.82371711730957 -0.7901113033294678 -1.3086199760437012 160 90 179
-21.178712844848633 -2.889991044998169 0.02835286781191826 197 1 210
-16.667926788330078 -3.523555278778076 -0.30391305685043335 197 1 210
-13.289950370788574 -3.3178532123565674 -0.3759162724018097 197 1 210
-21.09233283996582 -2.8707046508789062 -0.7500467896461487 197 1 210
-18.2717227935791 -3.1686995029449463 -0.8297742605209351 197 1 210
-13.95408821105957 -2.9424796104431152 -0.7750915288925171 197 1 210
-12.921754837036133 -3.2192254066467285 -0.8527522087097168 197 1 210
-21.26140022277832 -2.8816213607788086 -1.5402284860610962 197 1 210
-14.543495178222656 -2.512734889984131 -1.20407235622406 197 1 210
-13.49332046508789 -2.8403987884521484 -1.2546581029891968 197 1 210
-11.77993106842041 -2.9323582649230957 -1.2243014574050903 197 1 210
-12.562982559204102 -1.6973400115966797 -1.3798630237579346 197 1 210
-11.639015197753906 -2.003804922103882 -1.4005520343780518 197 1 210
-10.217625617980957 -2.1458239555358887 -1.3387577533721924 160 90 179
-8.544798851013184 -2.1222918033599854 -1.2160754203796387 160 90 179
-8.751708030700684 -1.1760358810424805 -1.2893136739730835 160 90 179
-8.440190315246582 -1.449597954750061 -1.3337011337280273 160 90 179
-7.884950637817383 -1.6526296138763428 -1.334141731262207 160 90 179
-7.281710147857666 -1.8080357313156128 -1.319709300994873 160 90 179
-6.9627366065979 -0.9269789457321167 -1.2919650077819824 160 90 179
-6.595681190490723 -1.1291310787200928 -1.2961164712905884 160 90 179
-6.14784049987793 -1.2855195999145508 -1.2804698944091797 160 90 179
-5.988344669342041 -1.4862295389175415 -1.3217240571975708 160 90 179
-5.824178218841553 -0.7719841003417969 -1.3081852197647095 160 90 179
-21.13494300842285 -2.8179972171783447 0.028282564133405685 197 1 210
-16.71585464477539 -3.4801461696624756 -0.3045908510684967 197 1 210
-13.0845947265625 -3.223973274230957 -0.3698261082172394 197 1 210
-21.04853630065918 -2.7989988327026367 -0.7481805086135864 197 1 210
-18.25969123840332 -3.108938455581665 -0.8287907838821411 197 1 210
-16.562667846679688 -3.4395081996917725 -0.9193968176841736 197 1 210
-12.944169044494629 -3.182664394378662 -0.8535829186439514 197 1 210
-13.863017082214355 -1.8356016874313354 -1.0038585662841797 197 1 210
-14.86755084991455 -2.521773338317871 -1.2302550077438354 197 1 210
-12.628233909606934 -2.617861032485962 -1.1734669208526611 197 1 210
-11.80433177947998 -2.9000022411346436 -1.2259069681167603 197 1 210
-12.341446876525879 -1.6288707256317139 -1.3549752235412598 160 90 179
-11.67546272277832 -1.9732173681259155 -1.4042026996612549 197 1 210
-10.156167030334473 -2.100404739379883 -1.3298546075820923 160 90 179
-9.171833038330078 -2.2481775283813477 -1.3043256998062134 160 90 179
-8.748407363891602 -1.148279070854187 -1.2883023023605347 160 90 179
-8.436802864074707 -1.4223828315734863 -1.3324700593948364 160 90 179
-7.861963272094727 -1.622648000717163 -1.3294036388397217 160 90 179
-7.33218240737915 -1.7967041730880737 -1.3278512954711914 160 90 179
-6.970424652099609 -0.9062472581863403 -1.2928694486618042 160 90 179
-6.597177505493164 -1.1085649728775024 -1.2957360744476318 160 90 179
-6.033710479736328 -1.2423467636108398 -1.25589919090271 160 90 179
-5.987177848815918 -1.4664548635482788 -1.320467233657837 160 90 179
-5.817807197570801 -0.7529845833778381 -1.3062292337417603 160 90 179
-21.170263290405273 -2.756629228591919 0.0283183790743351 197 1 210
-16.733308792114258 -3.4302518367767334 -0.30471569299697876 197 1 210
-13.21486759185791 -3.2131001949310303 -0.3732278048992157 197 1 210
-21.05107879638672 -2.7336373329162598 -0.7479692101478577 197 1 210
-18.077001571655273 -3.020796060562134 -0.820074200630188 197 1 210
-13.65785026550293 -2.7925944328308105 -0.7576707005500793 197 1 210
-13.010122299194336 -3.1565847396850586 -0.8572894930839539 197 1 210
-21.283626556396484 -2.75174880027771 -1.5405864715576172 197 1 210
-14.783782958984375 -2.460928201675415 -1.2226929664611816 197 1 210
-13.665642738342285 -2.7892181873321533 -1.2690659761428833 197 1 210
-11.854751586914062 -2.8738529682159424 -1.2302217483520508 197 1 210
-12.243844985961914 -1.5777860879898071 -1.343721628189087 160 90 179
-11.631498336791992 -1.929101824760437 -1.3981966972351074 197 1 210
-10.134376525878906 -2.0634970664978027 -1.3261662721633911 160 90 179
-9.078553199768066 -2.1958091259002686 -1.2900962829589844 160 90 179
-8.740111351013184 -1.119924783706665 -1.2865686416625977 160 90 179
-8.368014335632324 -1.3843966722488403 -1.3209288120269775 160 90 179
-7.8669047355651855 -1.598520278930664 -1.3294036388397217 160 90 179
-7.298410892486572 -1.764710783958435 -1.3207486867904663 160 90 179
-6.977075099945068 -0.8853532671928406 -1.2935930490493774 160 90 179
-6.607327938079834 -1.0894379615783691 -1.2970671653747559 160 90 179
-5.925136566162109 -1.2010544538497925 -1.2325271368026733 160 90 179
-5.895652770996094 -1.4248789548873901 -1.2993112802505493 160 90 179
-5.819121837615967 -0.7350099682807922 -1.3060119152069092 160 90 179
-21.162748336791992 -2.6896493434906006 0.02829715423285961 197 1 210
-13.3150634765625 -3.1942291259765625 -0.37577909231185913 197 1 210
-21.07126235961914 -2.670548439025879 -0.7483917474746704 197 1 210
-18.148292541503906 -2.9755051136016846 -0.8228903412818909 197 1 210
-14.62567138671875 -2.943765163421631 -0.8108558654785156 197 1 210
-13.08962345123291 -3.133382797241211 -0.8618906140327454 197 1 210
-21.281084060668945 -2.685065269470215 -1.5397988557815552 197 1 210
-14.2404146194458 -2.325601577758789 -1.177157998085022 197 1 210
-13.705379486083984 -2.753556728363037 -1.2719656229019165 197 1 210
-12.018339157104492 -2.874500274658203 -1.2462769746780396 197 1 210
-12.191418647766113 -1.533021330833435 -1.337445616722107 160 90 179
-11.561890602111816 -1.8811285495758057 -1.3891290426254272 197 1 210
-10.301129341125488 -2.0645570755004883 -1.3471519947052002 160 90 179
-9.058267593383789 -2.161508083343506 -1.2862651348114014 160 90 179
-8.711104393005371 -1.0890544652938843 -1.2818008661270142 160 90 179
-8.340036392211914 -1.3534940481185913 -1.3158507347106934 160 90 179
-7.865967750549316 -1.5732165575027466 -1.3284235000610352 160 90 179
-7.30858039855957 -1.743453860282898 -1.3216147422790527 160 90 179
-6.984638214111328 -0.8645477890968323 -1.2944974899291992 160 90 179
-6.607731819152832 -1.068691611289978 -1.2964967489242554 160 90 179
-5.900927543640137 -1.1773110628128052 -1.2267341613769531 160 90 179
-5.916166305541992 -1.4106401205062866 -1.3028721809387207 160 90 179
-5.829099655151367 -0.7181084156036377 -1.3077505826950073 160 90 179
-15.343814849853516 -3.047429084777832 -0.2790670692920685 197 1 210
-15.966804504394531 -3.77860426902771 -0.45028749108314514 197 1 210
-21.125972747802734 -2.6116530895233154 -0.7500467896461487 197 1 210
-18.100130081176758 -2.910613775253296 -0.8202977776527405 197 1 210
-17.69359588623047 -3.5048105716705322 -0.9803426861763 197 1 210
-12.990395545959473 -3.0675230026245117 -0.8547332882881165 197 1 210
-21.295162200927734 -2.6204941272735596 -1.5402284860610962 197 1 210
-14.270118713378906 -2.285526990890503 -1.1790282726287842 197 1 210
-13.6737060546875 -2.7035763263702393 -1.2682503461837769 197 1 210
-12.07455062866211 -2.8488099575042725 -1.2511937618255615 197 1 210
-12.467416763305664 -1.5288875102996826 -1.367202639579773 160 90 179
-11.55191707611084 -1.8431448936462402 -1.3872448205947876 160 90 179
-10.32687759399414 -2.0367822647094727 -1.3496956825256348 160 90 179
-8.750513076782227 -2.0597167015075684 -1.2416611909866333 160 90 179
-8.667257308959961 -1.0565764904022217 -1.2748658657073975 160 90 179
-8.329511642456055 -1.3255714178085327 -1.3135424852371216 160 90 179
-7.908508777618408 -1.5565067529678345 -1.3347951173782349 160 90 179
-7.325399398803711 -1.7237303256988525 -1.3236936330795288 160 90 179
-6.991163730621338 -0.8435864448547363 -1.2952210903167725 160 90 179
-6.611949443817139 -1.0485681295394897 -1.2966868877410889 160 90 179
-5.938163757324219 -1.1658084392547607 -1.233725666999817 160 90 179
-5.940454483032227 -1.3971842527389526 -1.307270884513855 160 90 179
-5.820614814758301 -0.6989415884017944 -1.3053598403930664 160 90 179
-15.262813568115234 -2.9826982021331787 -0.2774261236190796 197 1 210
-15.07884693145752 -3.519648790359497 -0.42493927478790283 197 1 210
-21.153730392456055 -2.5492186546325684 -0.7507510781288147 197 1 210
-18.1829833984375 -2.8667380809783936 -0.8236502408981323 197 1 210
-15.666667938232422 -3.053388833999634 -0.8675142526626587 197 1 210
-13.09305191040039 -3.0493855476379395 -0.8608681559562683 197 1 210
-21.302108764648438 -2.555030345916748 -1.5401568412780762 197 1 210
-14.506481170654297 -2.2777585983276367 -1.1979739665985107 197 1 210
-13.821727752685547 -2.688807725906372 -1.2812083959579468 197 1 210
-12.135562896728516 -2.8239293098449707 -1.2566124200820923 197 1 210
-12.492777824401855 -1.4931082725524902 -1.36947500705719 160 90 179
-11.543781280517578 -1.8055471181869507 -1.3855961561203003 160 90 179
-10.308734893798828 -2.000366687774658 -1.3465160131454468 160 90 179
-8.690210342407227 -2.017404317855835 -1.2322205305099487 160 90 179
-8.596762657165527 -1.021226406097412 -1.2640302181243896 160 90 179
-8.2808198928833 -1.291786551475525 -1.3052327632904053 160 90 179
-7.915184020996094 -1.5326114892959595 -1.3351218700408936 160 90 179
-7.32393741607666 -1.6996896266937256 -1.3224810361862183 160 90 179
-7.001533031463623 -0.8230524659156799 -1.296668291091919 160 90 179
-6.580211639404297 -1.022849440574646 -1.2898411750793457 160 90 179
-5.9532575607299805 -1.1498147249221802 -1.2361228466033936 160 90 179
-5.804692268371582 -1.346472978591919 -1.2764796018600464 160 90 179
-5.813036918640137 -0.6799468398094177 -1.3031864166259766 160 90 179
-15.183525085449219 -2.918870687484741 -0.27582085132598877 197 1 210
-15.979947090148926 -3.6783201694488525 -0.4500131607055664 197 1 210
-18.13344383239746 -2.8019394874572754 -0.8210129141807556 197 1 210
-15.558281898498535 -2.9827487468719482 -0.8610017895698547 197 1 210
-13.10234546661377 -3.009202480316162 -0.8608681559562683 197 1 210
-21.60309410095215 -2.5239248275756836 -1.5613510608673096 197 1 210
-14.276978492736816 -2.1968631744384766 -1.1784590482711792 197 1 210
-13.765355110168457 -2.6340372562408447 -1.2752277851104736 197 1 210
-12.15192699432373 -2.7884647846221924 -1.2574150562286377 197 1 210
-12.494338035583496 -1.4544291496276855 -1.3691504001617432 160 90 179
-11.616013526916504 -1.7803529500961304 -1.393604040145874 160 90 179
-10.370357513427734 -1.979330062866211 -1.353765606880188 160 90 179
-8.666424751281738 -1.9838812351226807 -1.2279789447784424 160 90 179
-8.526134490966797 -0.9863188862800598 -1.2531944513320923 160 90 179
-8.27692985534668 -1.2651808261871338 -1.3040016889572144 160 90 179
-7.898528099060059 -1.5042604207992554 -1.3315277099609375 160 90 179
-7.328157424926758 -1.676992416381836 -1.3223077058792114 160 90 179
-7.007933616638184 -0.802015483379364 -1.2973918914794922 160 90 179
-6.632816791534424 -1.0101954936981201 -1.2995392084121704 160 90 179
-5.983710289001465 -1.1366651058197021 -1.2417161464691162 160 90 179
-5.9594011306762695 -1.363106369972229 -1.309575080871582 160 90 179
-5.80636739730835 -0.6611157059669495 -1.3012303113937378 160 90 179
-15.568682670593262 -2.9434127807617188 -0.2826521694660187 197 1 210
-15.094310760498047 -3.4257330894470215 -0.4247746765613556 197 1 210
-15.052209854125977 -2.837878465652466 -0.8325098156929016 197 1 210
-13.413244247436523 -3.0373144149780273 -0.8806788325309753 197 1 210
-21.601816177368164 -2.4566211700439453 -1.560706615447998 197 1 210
-14.980438232421875 -2.258082151412964 -1.235946774482727 197 1 210
-13.615798950195312 -2.5621423721313477 -1.26063871383667 197 1 210
-12.169159889221191 -2.753146171569824 -1.2583181858062744 197 1 210
-12.500717163085938 -1.4163141250610352 -1.3693668842315674 160 90 179
-11.519289016723633 -1.7293741703033447 -1.3813567161560059 160 90 179
-10.589875221252441 -1.9875749349594116 -1.3816193342208862 160 90 179
-8.628987312316895 -1.9474700689315796 -1.221821904182434 160 90 179
-8.511420249938965 -0.9581639170646667 -1.2505937814712524 160 90 179
-8.271978378295898 -1.2384648323059082 -1.3026167154312134 160 90 179
-7.861408233642578 -1.4722121953964233 -1.3245024681091309 160 90 179
-7.33134651184082 -1.6540685892105103 -1.3219612836837769 160 90 179
-7.025022983551025 -0.7821440696716309 -1.300105333328247 160 90 179
-6.638798236846924 -0.9902760982513428 -1.3001097440719604 160 90 179
-6.043997764587402 -1.1289165019989014 -1.2535021305084229 160 90 179
-5.856722354888916 -1.3207253217697144 -1.2861149311065674 160 90 179
-5.812248706817627 -0.6437286734580994 -1.3020997047424316 160 90 179
-15.327956199645996 -2.8492228984832764 -0.2781217396259308 197 1 210
-16.253896713256836 -3.6365087032318115 -0.4570908844470978 197 1 210
-34.990234375 -5.186995506286621 -1.58275306224823 218 132 219
-15.363239288330078 -2.8477375507354736 -0.8492251038551331 197 1 210
-13.434185981750488 -2.9987576007843018 -0.8814456462860107 197 1 210
-22.166410446166992 -2.451967239379883 -1.6009469032287598 197 1 210
-17.25905418395996 -2.547421932220459 -1.4232903718948364 197 1 210
-13.793008804321289 -2.551699161529541 -1.2763152122497559 197 1 210
-12.191143989562988 -2.7188308238983154 -1.2597230672836304 197 1 210
-12.51784896850586 -1.3793712854385376 -1.370773434638977 160 90 179
-11.457732200622559 -1.6842049360275269 -1.3733488321304321 160 90 179
-10.591046333312988 -1.954176425933838 -1.3809833526611328 160 90 179
-8.608814239501953 -1.9151794910430908 -1.2181278467178345 160 90 179
-8.511369705200195 -0.9317237734794617 -1.2501604557037354 160 90 179
-8.277693748474121 -1.2133675813674927 -1.3029245138168335 160 90 179
-7.90275764465332 -1.4548745155334473 -1.330710768699646 160 90 179
-7.344078063964844 -1.6332789659500122 -1.3233472108840942 160 90 179
-7.013700485229492 -0.7591063380241394 -1.2975727319717407 160 90 179
-6.6369476318359375 -0.9691945910453796 -1.2991589307785034 160 90 179
-6.019484519958496 -1.1052368879318237 -1.247709035873413 160 90 179
-6.018242359161377 -1.3377597332000732 -1.3206766843795776 160 90 179
-5.823901176452637 -0.6269386410713196 -1.3042731285095215 160 90 179
-21.081247329711914 -3.067683219909668 -0.17549939453601837 197 1 210
-15.347445487976074 -2.8041608333587646 -0.278317928314209 197 1 210
-15.567012786865234 -3.432715892791748 -0.43747618794441223 197 1 210
-34.52352523803711 -5.009613990783691 -1.5609393119812012 218 132 219
-15.181326866149902 -2.765869379043579 -0.8386965990066528 197 1 210
-13.249368667602539 -2.914858102798462 -0.868728518486023 197 1 210
-22.278949737548828 -2.395251750946045 -1.6085366010665894 197 1 210
-17.60218048095703 -2.542912721633911 -1.4509365558624268 197 1 210
-13.699851036071777 -2.4910202026367188 -1.2669817209243774 197 1 210
-12.266478538513184 -2.6961536407470703 -1.2666467428207397 197 1 210
-12.290719032287598 -1.3161907196044922 -1.3454530239105225 160 90 179
-11.542462348937988 -1.6604989767074585 -1.3828877210617065 160 90 179
-10.610654830932617 -1.924152135848999 -1.3827639818191528 160 90 179
-8.631097793579102 -1.8923653364181519 -1.2204537391662598 160 90 179
-8.5191068649292 -0.9061300754547119 -1.250882625579834 160 90 179
-8.282356262207031 -1.1881065368652344 -1.3030784130096436 160 90 179
-7.874176502227783 -1.4246503114700317 -1.3251558542251587 160 90 179
-7.401966571807861 -1.6223371028900146 -1.33287513256073 160 90 179
-7.012084007263184 -0.7371737360954285 -1.2968491315841675 160 90 179
-6.643777847290039 -0.9493836760520935 -1.299919605255127 160 90 179
-6.05273962020874 -1.0921579599380493 -1.253901720046997 160 90 179
-6.023273468017578 -1.319498896598816 -1.3208861351013184 160 90 179
-5.834534168243408 -0.6099816560745239 -1.3062292337417603 160 90 179
-21.108379364013672 -3.0055296421051025 -0.17564767599105835 197 1 210
-15.365816116333008 -2.758829116821289 -0.27849629521369934 197 1 210
-16.599233627319336 -3.606966733932495 -0.4661712348461151 197 1 210
-15.322432518005371 -2.743035316467285 -0.8460231423377991 197 1 210
-12.596994400024414 -2.7308454513549805 -0.825400710105896 197 1 210
-22.21575927734375 -2.319535732269287 -1.6034529209136963 197 1 210
-17.589174270629883 -2.485968589782715 -1.4492288827896118 197 1 210
-13.910364151000977 -2.485234498977661 -1.2857391834259033 197 1 210
-12.252326965332031 -2.6536638736724854 -1.2643388509750366 197 1 210
-12.232404708862305 -1.2719993591308594 -1.338635802268982 160 90 179
-11.459983825683594 -1.6127628087997437 -1.3724067211151123 160 90 179
-10.620413780212402 -1.892285943031311 -1.3832727670669556 160 90 179
-8.643640518188477 -1.8673409223556519 -1.2214114665985107 160 90 179
-8.527752876281738 -0.8805994391441345 -1.2517496347427368 160 90 179
-8.285962104797363 -1.1626911163330078 -1.3030784130096436 160 90 179
-7.8649115562438965 -1.3980686664581299 -1.3228685855865479 160 90 179
-7.433864116668701 -1.6054420471191406 -1.3377257585525513 160 90 179
-7.037794589996338 -0.7180533409118652 -1.301190733909607 160 90 179
-6.653465270996094 -0.9299476742744446 -1.301250696182251 160 90 179
-6.056061744689941 -1.0735833644866943 -1.253901720046997 160 90 179
-5.978547096252441 -1.2904915809631348 -1.3102034330368042 160 90 179
-5.839292049407959 -0.5923742651939392 -1.306881308555603 160 90 179
-21.09571075439453 -2.9377217292785645 -0.17546644806861877 197 1 210
-16.663982391357422 -3.5675337314605713 -0.46768006682395935 197 1 210
-21.184371948242188 -2.9414000511169434 -0.9569916725158691 197 1 210
-18.0421085357666 -3.172818422317505 -0.9956469535827637 197 1 210
-13.80670166015625 -2.94877290725708 -0.904068112373352 197 1 210
-22.22078514099121 -2.251166582107544 -1.6033096313476562 197 1 210
-17.72901725769043 -2.4502787590026855 -1.4601248502731323 197 1 210
-13.903209686279297 -2.4399642944335938 -1.2843798398971558 197 1 210
-12.293495178222656 -2.6231212615966797 -1.26775062084198 197 1 210
-12.156132698059082 -1.2263821363449097 -1.3298710584640503 160 90 179
-11.46389389038086 -1.5774612426757812 -1.3722890615463257 160 90 179
-10.567548751831055 -1.849434733390808 -1.3756415843963623 160 90 179
-8.655142784118652 -1.8420511484146118 -1.222232460975647 160 90 179
-8.532383918762207 -0.8546297550201416 -1.252038598060608 160 90 179
-8.284595489501953 -1.1365931034088135 -1.3023090362548828 160 90 179
-7.791414737701416 -1.3603582382202148 -1.3097983598709106 160 90 179
-7.456094264984131 -1.586316704750061 -1.340843915939331 160 90 179
-7.052688121795654 -0.697717010974884 -1.3035423755645752 160 90 179
-6.659204959869385 -0.9099294543266296 -1.3018211126327515 160 90 179
-6.057395935058594 -1.0546623468399048 -1.2535021305084229 160 90 179
-5.653465747833252 -1.2021808624267578 -1.238147497177124 160 90 179
-5.846909523010254 -0.5750299692153931 -1.3081852197647095 160 90 179
-21.09967041015625 -2.8723127841949463 -0.17542524635791779 197 1 210
-16.606380462646484 -3.5019540786743164 -0.4657597541809082 197 1 210
-21.237842559814453 -2.882439374923706 -0.9590031504631042 197 1 210
-18.279052734375 -3.1567041873931885 -1.008183479309082 197 1 210
-16.677064895629883 -3.5083484649658203 -1.091310739517212 197 1 210
-21.838468551635742 -2.144767999649048 -1.5752418041229248 197 1 210
-17.898435592651367 -2.4177567958831787 -1.4734599590301514 197 1 210
-13.76832389831543 -2.3727738857269287 -1.2712405920028687 197 1 210
-12.446563720703125 -2.6158840656280518 -1.2827019691467285 197 1 210
-12.153900146484375 -1.1885013580322266 -1.3292218446731567 160 90 179
-11.46375846862793 -1.5416213274002075 -1.3717001676559448 160 90 179
-10.663106918334961 -1.8324605226516724 -1.3873426914215088 160 90 179
-8.662692070007324 -1.8158953189849854 -1.222506046295166 160 90 179
-8.536934852600098 -0.8286399245262146 -1.2523274421691895 160 90 179
-8.2821683883667 -1.1103832721710205 -1.301385760307312 160 90 179
-7.754712104797363 -1.3294466733932495 -1.3029365539550781 160 90 179
-7.470565319061279 -1.5654542446136475 -1.3425763845443726 160 90 179
-7.049900054931641 -0.6756072640419006 -1.3026378154754639 160 90 179
-6.6619648933410645 -0.8894950747489929 -1.3018211126327515 160 90 179
-6.0567402839660645 -1.035413146018982 -1.252703070640564 160 90 179
-5.826525688171387 -1.2203093767166138 -1.2752227783203125 160 90 179
-5.861278533935547 -0.5582923889160156 -1.311010718345642 160 90 179
-21.101444244384766 -2.806643486022949 -0.1753675788640976 197 1 210
-16.626834869384766 -3.4530224800109863 -0.4660341143608093 197 1 210
-21.119823455810547 -2.8004603385925293 -0.9532815217971802 197 1 210
-17.996259689331055 -3.0510387420654297 -0.9920650720596313 197 1 210
-13.946685791015625 -2.8893067836761475 -0.9120562672615051 197 1 210
-21.53514289855957 -2.0482919216156006 -1.5529019832611084 197 1 210
-17.79213523864746 -2.3478386402130127 -1.4641090631484985 197 1 210
-13.939521789550781 -2.358264684677124 -1.286373496055603 197 1 210
-12.420429229736328 -2.5706281661987305 -1.2791898250579834 197 1 210
-12.175304412841797 -1.1528950929641724 -1.331169605255127 160 90 179
-11.471388816833496 -1.5068317651748657 -1.3720535039901733 160 90 179
-10.690195083618164 -1.8033676147460938 -1.3901407718658447 160 90 179
-8.737102508544922 -1.8035283088684082 -1.2322205305099487 160 90 179
-8.547318458557129 -0.8031857013702393 -1.2534832954406738 160 90 179
-8.284555435180664 -1.0848404169082642 -1.301231861114502 160 90 179
-7.73832368850708 -1.3022111654281616 -1.2995057106018066 160 90 179
-7.457971096038818 -1.5389448404312134 -1.3394581079483032 160 90 179
-7.037250518798828 -0.6526130437850952 -1.2999244928359985 160 90 179
-6.662715911865234 -0.8687983751296997 -1.3014408349990845 160 90 179
-6.058921813964844 -1.0166642665863037 -1.2525033950805664 160 90 179
-5.78140115737915 -1.1923551559448242 -1.2645400762557983 160 90 179
-5.8765716552734375 -0.5415616631507874 -1.3140535354614258 160 90 179
-21.096073150634766 -2.740088701248169 -0.1752522587776184 197 1 210
-16.678482055664062 -3.4104068279266357 -0.4671862721443176 197 1 210
-21.220455169677734 -2.74758243560791 -0.9574386477470398 197 1 210
-18.437946319580078 -3.067758083343506 -1.0158898830413818 197 1 210
-14.176473617553711 -2.89158034324646 -0.9264988899230957 197 1 210
-20.897708892822266 -1.9229882955551147 -1.506503939628601 197 1 210
-17.92875099182129 -2.3099262714385986 -1.4747610092163086 197 1 210
-13.927042007446289 -2.312225341796875 -1.2845611572265625 197 1 210
-12.483827590942383 -2.5438344478607178 -1.2849094867706299 197 1 210
-12.282732963562012 -1.125057578086853 -1.3425313234329224 160 90 179
-11.324270248413086 -1.452179193496704 -1.3539179563522339 160 90 179
-10.753413200378418 -1.78011953830719 -1.3976446390151978 160 90 179
-8.750361442565918 -1.7782931327819824 -1.233315110206604 160 90 179
-8.55959701538086 -0.7778546810150146 -1.2549281120300293 160 90 179
-8.272163391113281 -1.0574140548706055 -1.2987697124481201 160 90 179
-7.676092147827148 -1.2675343751907349 -1.288395881652832 160 90 179
-7.462657451629639 -1.5160568952560425 -1.3394581079483032 160 90 179
-7.0382399559021 -0.6309322118759155 -1.2997435331344604 160 90 179
-6.673141002655029 -0.8493449687957764 -1.302962064743042 160 90 179
-6.07554817199707 -1.0002995729446411 -1.2553000450134277 160 90 179
-5.811863422393799 -1.1800603866577148 -1.2704050540924072 160 90 179
-5.88112211227417 -0.5237898230552673 -1.3147056102752686 160 90 179
-21.107357025146484 -2.6757311820983887 -0.1752769649028778 197 1 210
-15.60012149810791 -3.140073537826538 -0.4367080628871918 197 1 210
-21.281312942504883 -2.689103603363037 -0.9598077535629272 197 1 210
-18.384199142456055 -3.0008816719055176 -1.0124164819717407 197 1 210
-13.908382415771484 -2.7924797534942627 -0.9084137082099915 197 1 210
-20.59949493408203 -1.8318310976028442 -1.4845937490463257 197 1 210
-17.70336151123047 -2.225693941116333 -1.4556525945663452 197 1 210
-13.936036109924316 -2.2698071002960205 -1.2847423553466797 197 1 210
-12.597905158996582 -2.526850461959839 -1.295846939086914 197 1 210
-12.368317604064941 -1.0946437120437622 -1.3515125513076782 160 90 179
-11.35232162475586 -1.42038893699646 -1.3567442893981934 160 90 179
-10.739243507385254 -1.7439404726028442 -1.3951010704040527 160 90 179
-8.733433723449707 -1.7469699382781982 -1.230168104171753 160 90 179
-8.563915252685547 -0.7517635822296143 -1.2552170753479004 160 90 179
-8.264583587646484 -1.0306854248046875 -1.2970770597457886 160 90 179
-7.674101829528809 -1.2430320978164673 -1.2874157428741455 160 90 179
-7.469204902648926 -1.4935407638549805 -1.3398045301437378 160 90 179
-7.0509209632873535 -0.6102691292762756 -1.3017334938049316 160 90 179
-6.6942267417907715 -0.8311664462089539 -1.306575059890747 160 90 179
-6.1608099937438965 -0.9949336051940918 -1.2722797393798828 160 90 179
-5.800114631652832 -1.1591582298278809 -1.2670536041259766 160 90 179
-5.906041622161865 -0.507750928401947 -1.319921851158142 160 90 179
-21.128368377685547 -2.6125574111938477 -0.175384059548378 197 1 210
-15.271385192871094 -3.0251834392547607 -0.4272436201572418 197 1 210
-21.29937744140625 -2.6250228881835938 -0.9602547883987427 197 1 210
-14.175328254699707 -2.269235134124756 -0.7802472710609436 197 1 210
-13.922758102416992 -2.7509567737579346 -0.9087971448898315 197 1 210
-20.343652725219727 -1.746190071105957 -1.4657624959945679 197 1 210
-17.924779891967773 -2.197690963745117 -1.4732974767684937 197 1 210
-13.85836124420166 -2.2135326862335205 -1.2769495248794556 197 1 210
-13.068278312683105 -2.5795159339904785 -1.3434102535247803 197 1 210
-12.385485649108887 -1.057877540588379 -1.3530274629592896 160 90 179
-11.35071086883545 -1.3848321437835693 -1.3560377359390259 160 90 179
-10.807233810424805 -1.7209677696228027 -1.4032409191131592 160 90 179
-8.743612289428711 -1.721124529838562 -1.2308522462844849 160 90 179
-8.551390647888184 -0.7242337465286255 -1.2530498504638672 160 90 179
-8.266724586486816 -1.0052058696746826 -1.2969231605529785 160 90 179
-7.689571380615234 -1.221339464187622 -1.2893762588500977 160 90 179
-7.473751544952393 -1.4706186056137085 -1.3398045301437378 160 90 179
-7.040998935699463 -0.5876526832580566 -1.299562692642212 160 90 179
-6.711364269256592 -0.8123946189880371 -1.3094273805618286 160 90 179
-6.1870598793029785 -0.9797056913375854 -1.2770739793777466 160 90 179
-5.80940055847168 -1.1424903869628906 -1.2683104276657104 160 90 179
-5.887144088745117 -0.48793596029281616 -1.3153576850891113 160 90 179
-21.160110473632812 -2.550596237182617 -0.17558178305625916 197 1 210
-17.785497665405273 -3.4665441513061523 -0.49728044867515564 197 1 210
-21.276582717895508 -2.555971145629883 -0.9588690400123596 197 1 210
-18.15565299987793 -2.849318742752075 -0.9988489151000977 197 1 210
-13.78419017791748 -2.679663896560669 -0.8992113471031189 197 1 210
-20.3886775970459 -1.687058448791504 -1.468626618385315 197 1 210
-18.416366577148438 -2.2006337642669678 -1.5131404399871826 197 1 210
-13.996929168701172 -2.1916494369506836 -1.289091944694519 197 1 210
-13.094688415527344 -2.5430150032043457 -1.345316767692566 197 1 210
-12.405515670776367 -1.0212609767913818 -1.3548671007156372 160 90 179
-11.333212852478027 -1.3474229574203491 -1.3534469604492188 160 90 179
-10.723280906677246 -1.6738824844360352 -1.3916670083999634 160 90 179
-8.7507963180542 -1.6946680545806885 -1.231125831604004 160 90 179
-8.532861709594727 -0.696304976940155 -1.2500158548355103 160 90 179
-8.260939598083496 -0.9787928462028503 -1.2955381870269775 160 90 179
-7.658188819885254 -1.1922788619995117 -1.2834945917129517 160 90 179
-7.47629451751709 -1.4473081827163696 -1.3394581079483032 160 90 179
-7.051591396331787 -0.5667575597763062 -1.301190733909607 160 90 179
-6.730400562286377 -0.7937554121017456 -1.3126600980758667 160 90 179
-6.094179630279541 -0.9458420872688293 -1.2572975158691406 160 90 179
-5.793677806854248 -1.120947241783142 -1.264121174812317 160 90 179
-5.881801605224609 -0.4693286716938019 -1.3138360977172852 160 90 179
-21.178760528564453 -2.4869487285614014 -0.17567239701747894 197 1 210
-15.714754104614258 -3.0129244327545166 -0.43912217020988464 197 1 210
-31.931880950927734 -4.911006927490234 -1.755922794342041 218 132 219
-14.026612281799316 -2.6821579933166504 -0.9144846796989441 197 1 210
-20.407676696777344 -1.6256077289581299 -1.4696290493011475 197 1 210
-18.464611053466797 -2.1489620208740234 -1.5165555477142334 197 1 210
-14.026226997375488 -2.1521708965301514 -1.2911759614944458 197 1 210
-13.218725204467773 -2.5250439643859863 -1.3572577238082886 197 1 210
-12.450213432312012 -0.9864946007728577 -1.3594117164611816 160 90 179
-11.335319519042969 -1.3124183416366577 -1.3532114028930664 160 90 179
-10.67149829864502 -1.6322778463363647 -1.3842902183532715 160 90 179
-9.367061614990234 -1.7842152118682861 -1.3170502185821533 160 90 179
-8.536931037902832 -0.6702781319618225 -1.2503048181533813 160 90 179
-8.254087448120117 -0.9523115158081055 -1.2939993143081665 160 90 179
-7.645230770111084 -1.1662490367889404 -1.280717134475708 160 90 179
-7.449739456176758 -1.4184694290161133 -1.3339145183563232 160 90 179
-7.027801990509033 -0.5431505441665649 -1.2964874505996704 160 90 179
-6.723050117492676 -0.7719831466674805 -1.3107584714889526 160 90 179
-6.230734348297119 -0.9474691152572632 -1.2848646640777588 160 90 179
-5.813419818878174 -1.1062747240066528 -1.2676820755004883 160 90 179
-5.857909679412842 -0.4493403434753418 -1.3081852197647095 160 90 179
-15.572648048400879 -2.936175584793091 -0.4348974823951721 197 1 210
-36.10515213012695 -4.112764835357666 -1.6259783506393433 218 132 219
-32.15019607543945 -4.843661785125732 -1.7671023607254028 218 132 219
-14.178948402404785 -2.6662228107452393 -0.9238787889480591 197 1 210
-20.358863830566406 -1.5588780641555786 -1.4657624959945679 197 1 210
-15.778341293334961 -1.7872809171676636 -1.295467495918274 197 1 210
-14.04556655883789 -2.111053228378296 -1.2923541069030762 197 1 210
-13.22152042388916 -2.4835593700408936 -1.3567560911178589 197 1 210
-12.435338973999023 -0.9469345808029175 -1.357464075088501 160 90 179
-11.395540237426758 -1.2839734554290771 -1.3599238395690918 160 90 179
-10.743159294128418 -1.6095237731933594 -1.3929388523101807 160 90 179
-9.471805572509766 -1.7740706205368042 -1.3310060501098633 160 90 179
-8.5083589553833 -0.6417768001556396 -1.245826005935669 160 90 179
-8.252059936523438 -0.9264326691627502 -1.2932299375534058 160 90 179
-7.659505844116211 -1.1443920135498047 -1.2825143337249756 160 90 179
-7.412430286407471 -1.387813687324524 -1.3264654874801636 160 90 179
-6.992164611816406 -0.5188214778900146 -1.2896132469177246 160 90 179
-6.720509052276611 -0.7508084774017334 -1.3098077774047852 160 90 179
-6.294668674468994 -0.9374420046806335 -1.2974495887756348 160 90 179
-5.830242156982422 -1.0909520387649536 -1.2706146240234375 160 90 179
-5.826163291931152 -0.42892974615097046 -1.300795555114746 160 90 179
-21.059106826782227 -3.1175551414489746 -0.3797709345817566 197 1 210
-15.41547679901123 -2.8575940132141113 -0.4302612841129303 197 1 210
-31.940664291381836 -4.711923122406006 -1.7547829151153564 218 132 219
-14.238090515136719 -2.632143497467041 -0.9272018671035767 197 1 210
-20.2690486907959 -1.4894663095474243 -1.4589602947235107 197 1 210
-16.760576248168945 -1.846480131149292 -1.3756413459777832 197 1 210
-14.124887466430664 -2.0786819458007812 -1.299059510231018 197 1 210
-13.231034278869629 -2.443345785140991 -1.3569567203521729 197 1 210
-12.430253028869629 -0.9081994891166687 -1.3565983772277832 160 90 179
-11.11315631866455 -1.2176406383514404 -1.3257726430892944 160 90 179
-10.460502624511719 -1.5343788862228394 -1.3556734323501587 160 90 179
-9.525914192199707 -1.7539721727371216 -1.3378472328186035 160 90 179
-8.491536140441895 -0.6143139600753784 -1.243080973625183 160 90 179
-8.248970985412598 -0.9004680514335632 -1.292306661605835 160 90 179
-7.644433498382568 -1.1181745529174805 -1.2794102430343628 160 90 179
-7.3837199211120605 -1.3590047359466553 -1.3205753564834595 160 90 179
-6.9613494873046875 -0.4950650632381439 -1.2836437225341797 160 90 179
-6.728636741638184 -0.7308228015899658 -1.3109487295150757 160 90 179
-6.328542232513428 -0.9226493239402771 -1.3038419485092163 160 90 179
-5.833561897277832 -1.0730600357055664 -1.2706146240234375 160 90 179
-5.778768062591553 -0.40761929750442505 -1.2899285554885864 160 90 179
-21.096277236938477 -3.0569467544555664 -0.3802703619003296 197 1 210
-15.466459274291992 -2.8179914951324463 -0.43144091963768005 197 1 210
-36.792213439941406 -3.9625017642974854 -1.6557936668395996 218 132 219
-32.78018569946289 -4.733059406280518 -1.8000988960266113 218 132 219
-17.972333908081055 -3.265488624572754 -1.1697224378585815 197 1 210
-20.015825271606445 -1.409132480621338 -1.440415382385254 197 1 210
-16.774089813232422 -1.795899510383606 -1.3762918710708618 197 1 210
-14.049383163452148 -2.0235536098480225 -1.2915384769439697 197 1 210
-13.032886505126953 -2.365429639816284 -1.33588445186615 197 1 210
-12.431988716125488 -0.8699902892112732 -1.356490135192871 160 90 179
-11.12375259399414 -1.1842761039733887 -1.326596975326538 160 90 179
-10.622251510620117 -1.524829626083374 -1.3760230541229248 160 90 179
-9.546846389770508 -1.7275609970092773 -1.340036392211914 160 90 179
-8.471664428710938 -0.5867552757263184 -1.2399024963378906 160 90 179
-8.247763633728027 -0.874739408493042 -1.2916910648345947 160 90 179
-7.646851539611816 -1.0945767164230347 -1.2792468070983887 160 90 179
-7.308383941650391 -1.3219704627990723 -1.3063700199127197 160 90 179
-6.937323570251465 -0.47196996212005615 -1.2789404392242432 160 90 179
-6.72694206237793 -0.7097641229629517 -1.3101880550384521 160 90 179
-6.373054027557373 -0.9091797471046448 -1.3124316930770874 160 90 179
-5.821430683135986 -1.0523746013641357 -1.2672630548477173 160 90 179
-5.698185443878174 -0.3843701481819153 -1.2716717720031738 160 90 179
-5.614478588104248 -0.5880281329154968 -1.3135725259780884 160 90 179
-21.094667434692383 -2.990666151046753 -0.380074143409729 197 1 210
-15.348097801208496 -2.747802495956421 -0.4279020428657532 197 1 210
-36.86182403564453 -3.8556337356567383 -1.65838623046875 218 132 219
-18.02647590637207 -3.2182273864746094 -1.172598123550415 197 1 210
-19.95735740661621 -1.3434975147247314 -1.4359045028686523 197 1 210
-17.685609817504883 -1.838627576828003 -1.4506112337112427 197 1 210
-14.059471130371094 -1.9809972047805786 -1.2919009923934937 197 1 210
-13.123340606689453 -2.3402814865112305 -1.3444136381149292 197 1 210
-12.435591697692871 -0.8319118022918701 -1.3565983772277832 160 90 179
-11.12634563446045 -1.1500413417816162 -1.3264793157577515 160 90 179
-10.590537071228027 -1.4871305227279663 -1.3713172674179077 160 90 179
-9.709125518798828 -1.7261807918548584 -1.3620647192001343 160 90 179
-8.466513633728027 -0.5603044629096985 -1.2388912439346313 160 90 179
-8.250408172607422 -0.8494315147399902 -1.2916910648345947 160 90 179
-7.651150226593018 -1.071248173713684 -1.2794102430343628 160 90 179
-7.314344882965088 -1.2998870611190796 -1.3067165613174438 160 90 179
-6.872001647949219 -0.4463495910167694 -1.2666394710540771 160 90 179
-6.716391563415527 -0.6878225803375244 -1.3077160120010376 160 90 179
-6.383577346801758 -0.8907065391540527 -1.3140298128128052 160 90 179
-5.800562858581543 -1.030234932899475 -1.2620264291763306 160 90 179
-5.682778358459473 -0.3658205568790436 -1.2679768800735474 160 90 179
-5.606566429138184 -0.5698155164718628 -1.311306118965149 160 90 179
-21.093839645385742 -2.9245615005493164 -0.37989577651023865 197 1 210
-18.162321090698242 -3.1941630840301514 -0.5060864686965942 197 1 210
-36.83670425415039 -3.738792896270752 -1.656732439994812 218 132 219
-31.980701446533203 -4.417476654052734 -1.7546744346618652 218 132 219
-18.128662109375 -3.1791110038757324 -1.1786051988601685 197 1 210
-20.120647430419922 -1.292493462562561 -1.4473607540130615 197 1 210
-17.781410217285156 -1.7934621572494507 -1.4580107927322388 197 1 210
-14.439391136169434 -1.9893687963485718 -1.3262441158294678 197 1 210
-13.14711856842041 -2.302927017211914 -1.3461195230484009 197 1 210
-12.459912300109863 -0.7951489090919495 -1.3589789867401123 160 90 179
-11.143654823303223 -1.1172877550125122 -1.3281279802322388 160 90 179
-10.529211044311523 -1.445592999458313 -1.3627957105636597 160 90 179
-9.730964660644531 -1.6992822885513306 -1.3643906116485596 160 90 179
-8.459303855895996 -0.5337660312652588 -1.2375907897949219 160 90 179
-8.254942893981934 -0.8243120312690735 -1.2919989824295044 160 90 179
-7.698386192321777 -1.05379056930542 -1.2867622375488281 160 90 179
-7.311506748199463 -1.2762553691864014 -1.3055038452148438 160 90 179
-6.810514450073242 -0.4213774800300598 -1.2550619840621948 160 90 179
-6.720423698425293 -0.667407751083374 -1.3080962896347046 160 90 179
-6.398900508880615 -0.8728392720222473 -1.3166266679763794 160 90 179
-5.817182540893555 -1.0147868394851685 -1.2649590969085693 160 90 179
-5.6916680335998535 -0.34886205196380615 -1.269715666770935 160 90 179
-5.59859561920166 -0.5516570806503296 -1.309039831161499 160 90 179
-21.08686065673828 -2.8576841354370117 -0.3796103894710541 197 1 210
-18.368059158325195 -3.172281503677368 -0.5115456581115723 197 1 210
-36.98619842529297 -3.639359712600708 -1.6629457473754883 218 132 219
-21.1882266998291 -2.8605008125305176 -1.16204035282135 197 1 210
-18.24749755859375 -3.1422770023345947 -1.1856987476348877 197 1 210
-20.160358428955078 -1.2329500913619995 -1.4499385356903076 197 1 210
-17.953475952148438 -1.7551932334899902 -1.4716711044311523 197 1 210
-15.050443649291992 -2.0265250205993652 -1.3817912340164185 197 1 210
-13.132550239562988 -2.258870840072632 -1.34391188621521 197 1 210
-12.4732084274292 -0.7575816512107849 -1.3601691722869873 160 90 179
-11.172728538513184 -1.085591197013855 -1.3311898708343506 160 90 179
-10.382204055786133 -1.3929709196090698 -1.3432092666625977 160 90 179
-9.712699890136719 -1.6654022932052612 -1.3611069917678833 160 90 179
-8.561650276184082 -0.5138575434684753 -1.2523274421691895 160 90 179
-8.256448745727539 -0.7988871932029724 -1.2918449640274048 160 90 179
-7.827725887298584 -1.0470402240753174 -1.3078378438949585 160 90 179
-7.295973300933838 -1.250490427017212 -1.3020391464233398 160 90 179
-6.7960662841796875 -0.39955756068229675 -1.2521677017211914 160 90 179
-6.713644504547119 -0.6459404230117798 -1.3063849210739136 160 90 179
-6.405433654785156 -0.8537214398384094 -1.3174257278442383 160 90 179
-5.844362735748291 -1.0010621547698975 -1.2701956033706665 160 90 179
-5.6975836753845215 -0.3316822350025177 -1.27080237865448 160 90 179
-5.578930377960205 -0.5324424505233765 -1.3040539026260376 160 90 179
-21.090572357177734 -2.79232120513916 -0.3795212209224701 197 1 210
-36.91066360473633 -3.517624855041504 -1.6590567827224731 218 132 219
-21.19492530822754 -2.795222043991089 -1.1619318723678589 197 1 210
-18.509939193725586 -3.1290290355682373 -1.202122449874878 197 1 210
-20.68283462524414 -1.2012234926223755 -1.4872430562973022 197 1 210
-18.09074592590332 -1.7125976085662842 -1.4824856519699097 197 1 210
-15.471291542053223 -2.0348854064941406 -1.4198496341705322 197 1 210
-13.199263572692871 -2.22867488861084 -1.350032925605774 197 1 210
-12.446691513061523 -0.7176513075828552 -1.3570311069488525 160 90 179
-11.214564323425293 -1.0549356937408447 -1.335782527923584 160 90 179
-10.2457914352417 -1.342682123184204 -1.3250216245651245 160 90 179
-9.667943954467773 -1.627211093902588 -1.3541289567947388 160 90 179
-8.549355506896973 -0.4868008494377136 -1.2503048181533813 160 90 179
-8.25886058807373 -0.7735529541969299 -1.2918449640274048 160 90 179
-7.8670973777771 -1.0277488231658936 -1.3138829469680786 160 90 179
-7.2745232582092285 -1.2238523960113525 -1.2975350618362427 160 90 179
-6.795296669006348 -0.3785962462425232 -1.2518059015274048 160 90 179
-6.710707187652588 -0.624885082244873 -1.3054341077804565 160 90 179
-6.411909103393555 -0.8345717787742615 -1.3182247877120972 160 90 179
-5.87344217300415 -0.9875046014785767 -1.2758511304855347 160 90 179
-5.706371784210205 -0.3146306574344635 -1.2725411653518677 160 90 179
-5.581507682800293 -0.5154135823249817 -1.3042805194854736 160 90 179
-21.09011459350586 -2.7264492511749268 -0.3793606758117676 197 1 210
-18.099246978759766 -3.0116074085235596 -0.5035352110862732 197 1 210
-39.36781692504883 -2.1873042583465576 -1.3892768621444702 218 132 219
-21.211322784423828 -2.73120379447937 -1.1623660326004028 197 1 210
-18.50172996520996 -3.069287061691284 -1.200972080230713 197 1 210
-20.649574279785156 -1.1357369422912598 -1.4845937490463257 197 1 210
-18.185243606567383 -1.6652679443359375 -1.4898037910461426 197 1 210
-15.533764839172363 -1.9946403503417969 -1.4250147342681885 197 1 210
-13.230578422546387 -2.1922357082366943 -1.3525415658950806 197 1 210
-12.426997184753418 -0.6782701015472412 -1.354650616645813 160 90 179
-11.302799224853516 -1.0282623767852783 -1.3459101915359497 160 90 179
-10.150493621826172 -1.2985299825668335 -1.3121758699417114 160 90 179
-9.652365684509277 -1.5941529273986816 -1.3512557744979858 160 90 179
-8.6427001953125 -0.4655190110206604 -1.2637412548065186 160 90 179
-8.267099380493164 -0.7487462162971497 -1.2927682399749756 160 90 179
-7.865320205688477 -1.0029840469360352 -1.313066005706787 160 90 179
-7.257837772369385 -1.1981600522994995 -1.2938971519470215 160 90 179
-6.796425819396973 -0.35774677991867065 -1.2518059015274048 160 90 179
-6.707703590393066 -0.6038538813591003 -1.3044832944869995 160 90 179
-6.420271873474121 -0.8156372904777527 -1.3194234371185303 160 90 179
-5.904422760009766 -0.9740963578224182 -1.2819256782531738 160 90 179
-5.71608304977417 -0.29757899045944214 -1.274497151374817 160 90 179
-5.585973262786865 -0.49854710698127747 -1.3049604892730713 160 90 179
-21.101356506347656 -2.6621084213256836 -0.3794142007827759 197 1 210
-18.149837493896484 -2.96282958984375 -0.5046873688697815 197 1 210
-18.46377944946289 -3.0048155784606934 -1.1979047060012817 197 1 210
-21.125106811523438 -1.0968952178955078 -1.5185329914093018 218 132 219
-18.190265655517578 -1.6094685792922974 -1.4898037910461426 197 1 210
-15.468663215637207 -1.93805992603302 -1.4184902906417847 197 1 210
-13.068325996398926 -2.124178171157837 -1.335282325744629 197 1 210
-12.424055099487305 -0.6398857235908508 -1.3541096448898315 160 90 179
-11.332609176635742 -0.9959282279014587 -1.3490897417068481 160 90 179
-10.155413627624512 -1.2675055265426636 -1.312303066253662 160 90 179
-9.54964828491211 -1.5471065044403076 -1.3362053632736206 160 90 179
-8.657922744750977 -0.439704030752182 -1.2657638788223267 160 90 179
-8.287075996398926 -0.7249295711517334 -1.2955381870269775 160 90 179
-7.8722758293151855 -0.9793360233306885 -1.3137195110321045 160 90 179
-7.268284797668457 -1.1769896745681763 -1.295109748840332 160 90 179
-6.800438404083252 -0.3370400071144104 -1.25234854221344 160 90 179
-6.701700210571289 -0.5825918912887573 -1.302962064743042 160 90 179
-6.413991928100586 -0.7948517799377441 -1.3176255226135254 160 90 179
-5.950819969177246 -0.9630064964294434 -1.2913516759872437 160 90 179
-5.7179436683654785 -0.2800886332988739 -1.274714469909668 160 90 179
-5.595239639282227 -0.48207607865333557 -1.3067734241485596 160 90 179
-21.12629508972168 -2.599433422088623 -0.3797174096107483 197 1 210
-18.731107711791992 -2.9893617630004883 -1.2146477699279785 197 1 210
-22.442420959472656 -1.096267819404602 -1.6129759550094604 218 132 219
-18.02530288696289 -1.539153814315796 -1.475899338722229 197 1 210
-15.157217025756836 -1.8518253564834595 -1.389402985572815 197 1 210
-13.499242782592773 -2.151732921600342 -1.3786309957504272 197 1 210
-12.397163391113281 -0.6003717184066772 -1.3509715795516968 160 90 179
-11.330663681030273 -0.9607360363006592 -1.3485008478164673 160 90 179
-10.143500328063965 -1.2344259023666382 -1.3102680444717407 160 90 179
-9.64044189453125 -1.5314778089523315 -1.348245620727539 160 90 179
-8.626614570617676 -0.41158366203308105 -1.2609962224960327 160 90 179
-8.30698299407959 -0.7009972929954529 -1.29830801486969 160 90 179
-7.877202033996582 -0.9554171562194824 -1.3140462636947632 160 90 179
-7.2932610511779785 -1.1580833196640015 -1.2989208698272705 160 90 179
-6.803404808044434 -0.3162662982940674 -1.2527103424072266 160 90 179
-6.688781261444092 -0.5607982873916626 -1.3001097440719604 160 90 179
-6.399863243103027 -0.7731723189353943 -1.3142296075820923 160 90 179
-5.969198226928711 -0.9471969604492188 -1.2947030067443848 160 90 179
-5.695374488830566 -0.2614705562591553 -1.2694982290267944 160 90 179
-5.551072120666504 -0.46111831068992615 -1.2961217164993286 160 90 179
-21.138141632080078 -2.5350828170776367 -0.37978875637054443 197 1 210
-40.30073165893555 -1.8672490119934082 -1.421532392501831 218 132 219
-32.72386169433594 -3.907750368118286 -1.791198492050171 218 132 219
-13.882353782653809 -2.1718785762786865 -0.8997864723205566 197 1 210
-22.438703536987305 -1.0270910263061523 -1.6124746799468994 218 132 219
-17.778627395629883 -1.463162899017334 -1.4553273916244507 197 1 210
-14.843411445617676 -1.7672847509384155 -1.360134243965149 197 1 210
-13.49398422241211 -2.108464479446411 -1.3774268627166748 197 1 210
-12.36816120147705 -0.5609386563301086 -1.3476171493530273 160 90 179
-11.323660850524902 -0.9251609444618225 -1.3473232984542847 160 90 179
-10.145269393920898 -1.2030667066574097 -1.3100136518478394 160 90 179
-9.633349418640137 -1.5000652074813843 -1.3466037511825562 160 90 179
-8.603123664855957 -0.38401252031326294 -1.257384181022644 160 90 179
-8.310080528259277 -0.6755886077880859 -1.2984620332717896 160 90 179
-7.881076335906982 -0.9313616156578064 -1.3142096996307373 160 90 179
-7.266611576080322 -1.1310069561004639 -1.2935506105422974 160 90 179
-6.808273792266846 -0.29556289315223694 -1.2534339427947998 160 90 179
-6.681663513183594 -0.5395635366439819 -1.2983983755111694 160 90 179
-6.408044338226318 -0.7542214393615723 -1.3154281377792358 160 90 179
-5.9798054695129395 -0.9300814867019653 -1.2963787317276 160 90 179
-5.695174694061279 -0.2439543902873993 -1.2692809104919434 160 90 179
-5.354401588439941 -0.4282448887825012 -1.249888300895691 160 90 179
-21.140851974487305 -2.469640016555786 -0.37969955801963806 197 1 210
-35.919639587402344 -2.8679423332214355 -1.6123448610305786 218 132 219
-33.30005645751953 -3.872974395751953 -1.8220784664154053 218 132 219
-25.17865753173828 -3.860072135925293 -1.6311825513839722 197 1 210
-22.362028121948242 -0.9548411965370178 -1.6067465543746948 218 132 219
-17.764156341552734 -1.4071166515350342 -1.453782558441162 197 1 210
-14.78545093536377 -1.714396357536316 -1.354334831237793 197 1 210
-13.618409156799316 -2.085125684738159 -1.3894683122634888 197 1 210
-12.342013359069824 -0.5218151807785034 -1.3445873260498047 160 90 179
-11.37297534942627 -0.8940739631652832 -1.3528581857681274 160 90 179
-10.206062316894531 -1.1785351037979126 -1.3173905611038208 160 90 179
-9.635948181152344 -1.4702045917510986 -1.346330165863037 160 90 179
-8.617114067077637 -0.3581508994102478 -1.2592624425888062 160 90 179
-8.25399398803711 -0.6455449461936951 -1.2893829345703125 160 90 179
-7.878995895385742 -0.9066145420074463 -1.3133927583694458 160 90 179
-7.259337425231934 -1.1070747375488281 -1.2916450500488281 160 90 179
-6.81504487991333 -0.2749118506908417 -1.2545193433761597 160 90 179
-6.668604850769043 -0.5179216265678406 -1.2955459356307983 160 90 179
-6.410327911376953 -0.7345582842826843 -1.3154281377792358 160 90 179
-6.000030517578125 -0.914383053779602 -1.3001490831375122 160 90 179
-5.6871185302734375 -0.22613167762756348 -1.2673249244689941 160 90 179
-5.320729732513428 -0.4091275930404663 -1.2417293787002563 160 90 179
-21.120513916015625 -2.4016060829162598 -0.37920016050338745 197 1 210
-33.212562561035156 -3.7595620155334473 -1.816651463508606 218 132 219
-25.19630241394043 -3.783696174621582 -1.631566047668457 197 1 210
-22.220338821411133 -0.8805044889450073 -1.5963643789291382 218 132 219
-17.72565460205078 -1.3493572473526 -1.4502860307693481 197 1 210
-14.900487899780273 -1.6814225912094116 -1.3643931150436401 197 1 210
-13.670002937316895 -2.0501232147216797 -1.394084095954895 197 1 210
-12.333621978759766 -0.4835585057735443 -1.3435051441192627 160 90 179
-11.381606101989746 -0.8596266508102417 -1.353564739227295 160 90 179
-10.175131797790527 -1.143341302871704 -1.3129390478134155 160 90 179
-9.628656387329102 -1.4388781785964966 -1.3446881771087646 160 90 179
-8.627071380615234 -0.3320547938346863 -1.2605626583099365 160 90 179
-8.165287017822266 -0.6134091019630432 -1.2752257585525513 160 90 179
-7.889583587646484 -0.883315920829773 -1.314699649810791 160 90 179
-7.249062538146973 -1.082761287689209 -1.2892197370529175 160 90 179
-6.837478160858154 -0.25480806827545166 -1.258499026298523 160 90 179
-6.695617198944092 -0.4993586540222168 -1.3004900217056274 160 90 179
-6.412551403045654 -0.7148882150650024 -1.3154281377792358 160 90 179
-6.013445854187012 -0.8975587487220764 -1.3024532794952393 160 90 179
-5.720950126647949 -0.20989957451820374 -1.274714469909668 160 90 179
-5.1247782707214355 -0.3782483637332916 -1.1957225799560547 160 90 179
-33.16041564941406 -3.65065598487854 -1.8131779432296753 218 132 219
-25.918678283691406 -3.8109006881713867 -1.6775777339935303 197 1 210
-21.93187713623047 -0.8016900420188904 -1.5754565000534058 218 132 219
-17.64124298095703 -1.2885075807571411 -1.4430493116378784 197 1 210
-15.252055168151855 -1.6737223863601685 -1.3961083889007568 197 1 210
-13.636853218078613 -2.0023927688598633 -1.3900703191757202 197 1 210
-12.32213306427002 -0.44525057077407837 -1.342098593711853 160 90 179
-11.352495193481445 -0.8224083185195923 -1.3497962951660156 160 90 179
-10.15394115447998 -1.1094257831573486 -1.309759259223938 160 90 179
-9.360541343688965 -1.3694660663604736 -1.3066517114639282 160 90 179
-8.671560287475586 -0.3071267902851105 -1.2669196128845215 160 90 179
-8.087301254272461 -0.5826046466827393 -1.262761116027832 160 90 179
-7.889314651489258 -0.8587866425514221 -1.3142096996307373 160 90 179
-7.2465033531188965 -1.0596612691879272 -1.2881803512573242 160 90 179
-6.8490400314331055 -0.23419949412345886 -1.2604889869689941 160 90 179
-6.67949104309082 -0.47755420207977295 -1.2970671653747559 160 90 179
-6.408869743347168 -0.6945779323577881 -1.3142296075820923 160 90 179
-6.029716968536377 -0.8810848593711853 -1.3053858280181885 160 90 179
-5.656206130981445 -0.19014964997768402 -1.2601525783538818 160 90 179
-5.1278581619262695 -0.3626614511013031 -1.1961759328842163 160 90 179
-21.092212677001953 -3.0456936359405518 -0.5848469734191895 197 1 210
-38.42086410522461 -2.712024450302124 -1.723425269126892 218 132 219
-32.97785186767578 -3.5281906127929688 -1.8025952577590942 218 132 219
-26.5802059173584 -3.824894666671753 -1.7196273803710938 218 132 219
-21.87940788269043 -0.7325645089149475 -1.5715185403823853 218 132 219
-17.372684478759766 -1.2153211832046509 -1.4207696914672852 197 1 210
-15.2412748336792 -1.6252323389053345 -1.3946585655212402 197 1 210
-13.702022552490234 -1.9690375328063965 -1.3960909843444824 197 1 210
-12.346292495727539 -0.4082002341747284 -1.3445873260498047 160 90 179
-11.245001792907715 -0.7799484729766846 -1.3367246389389038 160 90 179
-10.120802879333496 -1.0743945837020874 -1.305053472518921 160 90 179
-9.333319664001465 -1.3362493515014648 -1.3022733926773071 160 90 179
-8.757514953613281 -0.28327256441116333 -1.2793446779251099 160 90 179
-8.08215045928955 -0.5573145747184753 -1.2616839408874512 160 90 179
-7.878176689147949 -0.8331260085105896 -1.3119224309921265 160 90 179
-7.239970684051514 -1.0360292196273804 -1.2864478826522827 160 90 179
-6.898877143859863 -0.21471558511257172 -1.2695337533950806 160 90 179
-6.684842586517334 -0.45732760429382324 -1.2978278398513794 160 90 179
-6.404149055480957 -0.6741944551467896 -1.3128312826156616 160 90 179
-6.044007301330566 -0.8642427325248718 -1.3078993558883667 160 90 179
-5.650908946990967 -0.17261694371700287 -1.2588485479354858 160 90 179
-5.133805274963379 -0.3472563326358795 -1.197309136390686 160 90 179
-21.101457595825195 -2.9809694290161133 -0.5848469734191895 197 1 210
-32.981571197509766 -3.4262771606445312 -1.802215337753296 218 132 219
-26.43666648864746 -3.721489429473877 -1.7095942497253418 218 132 219
-21.618350982666016 -0.6574318408966064 -1.5526156425476074 218 132 219
-17.061084747314453 -1.1409350633621216 -1.394993543624878 197 1 210
-15.238264083862305 -1.5776445865631104 -1.393933653831482 197 1 210
-13.80849552154541 -1.9411182403564453 -1.4063260555267334 197 1 210
-12.412075996398926 -0.3722575604915619 -1.3516207933425903 160 90 179
-11.146272659301758 -0.7387470602989197 -1.324712872505188 160 90 179
-10.150690078735352 -1.0460846424102783 -1.3084874153137207 160 90 179
-9.388388633728027 -1.3147526979446411 -1.3093881607055664 160 90 179
-8.88791275024414 -0.2601967453956604 -1.2982711791992188 160 90 179
-8.074949264526367 -0.5319317579269409 -1.2602990865707397 160 90 179
-7.883639335632324 -0.8092543482780457 -1.3124123811721802 160 90 179
-7.274326801300049 -1.0181810855865479 -1.2919914722442627 160 90 179
-6.915233612060547 -0.19399037957191467 -1.2724281549453735 160 90 179
-6.705807685852051 -0.43809670209884644 -1.301630973815918 160 90 179
-6.40521240234375 -0.6544439792633057 -1.312631368637085 160 90 179
-6.056313991546631 -0.8470503091812134 -1.3099939823150635 160 90 179
-5.6943440437316895 -0.1564590036869049 -1.268411636352539 160 90 179
-5.103744029998779 -0.32949644327163696 -1.1900568008422852 160 90 179
-21.104564666748047 -2.9153964519500732 -0.5846824049949646 197 1 210
-38.587318420410156 -2.4859254360198975 -1.7301751375198364 218 132 219
-32.98000717163086 -3.32387375831604 -1.8015642166137695 218 132 219
-26.45389175415039 -3.6411819458007812 -1.7099777460098267 218 132 219
-21.41586685180664 -0.5855162739753723 -1.5379371643066406 218 132 219
-16.560209274291992 -1.0564167499542236 -1.353768229484558 197 1 210
-15.019088745117188 -1.508395791053772 -1.3734545707702637 197 1 210
-13.951395988464355 -1.9175769090652466 -1.4202739000320435 197 1 210
-12.436017036437988 -0.3347914218902588 -1.3541096448898315 160 90 179
-11.124701499938965 -0.7030441164970398 -1.3218865394592285 160 90 179
-10.17161750793457 -1.0167136192321777 -1.3107768297195435 160 90 179
-9.474818229675293 -1.29723060131073 -1.3208812475204468 160 90 179
-8.9035062789917 -0.23331661522388458 -1.300438404083252 160 90 179
-8.19290828704834 -0.5144626498222351 -1.2784572839736938 160 90 179
-7.885103702545166 -0.7849661707878113 -1.3122490644454956 160 90 179
-7.304738998413086 -0.9995978474617004 -1.296842098236084 160 90 179
-6.923661708831787 -0.17297032475471497 -1.2738752365112305 160 90 179
-6.675764560699463 -0.41556960344314575 -1.2955459356307983 160 90 179
-6.409140586853027 -0.634983241558075 -1.3130309581756592 160 90 179
-6.0695414543151855 -0.8299229741096497 -1.312298059463501 160 90 179
-5.720168113708496 -0.1396074742078781 -1.2740625143051147 160 90 179
-5.090148448944092 -0.3129402995109558 -1.1866573095321655 160 90 179
-21.07180404663086 -2.845017194747925 -0.5835302472114563 197 1 210
-39.307708740234375 -2.411263942718506 -1.7621359825134277 218 132 219
-32.708805084228516 -3.1952030658721924 -1.7862056493759155 218 132 219
-21.17625617980957 -0.5139539837837219 -1.5206096172332764 218 132 219
-16.434040069580078 -0.9977537393569946 -1.3431977033615112 197 1 210
-15.14754581451416 -1.4743704795837402 -1.3847814798355103 197 1 210
-14.02919864654541 -1.8844348192214966 -1.4275990724563599 197 1 210
-12.456862449645996 -0.29711076617240906 -1.3562736511230469 160 90 179
-11.036602020263672 -0.6634879112243652 -1.3111701011657715 160 90 179
-10.213191986083984 -0.989232063293457 -1.315737009048462 160 90 179
-9.502318382263184 -1.2713088989257812 -1.3241649866104126 160 90 179
-8.933857917785645 -0.20668652653694153 -1.3047726154327393 160 90 179
-8.198392868041992 -0.4895603358745575 -1.2790727615356445 160 90 179
-7.892385005950928 -0.7612449526786804 -1.313066005706787 160 90 179
-7.3565802574157715 -0.9837092161178589 -1.3055038452148438 160 90 179
-6.910394191741943 -0.15142637491226196 -1.2713427543640137 160 90 179
-6.628006458282471 -0.3921872079372406 -1.2860380411148071 160 90 179
-6.417885780334473 -0.6159725785255432 -1.3144292831420898 160 90 179
-6.089504718780518 -0.8136289715766907 -1.3160685300827026 160 90 179
-5.7156901359558105 -0.12195347249507904 -1.2729758024215698 160 90 179
-5.024966716766357 -0.2934611439704895 -1.1712461709976196 160 90 179
-21.067548751831055 -2.7786571979522705 -0.5831735730171204 197 1 210
-32.996795654296875 -3.1211674213409424 -1.8014013767242432 218 132 219
-20.97339630126953 -2.755812168121338 -1.354600429534912 197 1 210
-21.238561630249023 -0.450273334980011 -1.524977207183838 218 132 219
-16.44001007080078 -0.9475021958351135 -1.3434417247772217 197 1 210
-15.166871070861816 -1.429293155670166 -1.3861408233642578 197 1 210
-14.042805671691895 -1.8424204587936401 -1.4284018278121948 197 1 210
-12.472623825073242 -0.25920209288597107 -1.3578968048095703 160 90 179
-10.999919891357422 -0.6274195313453674 -1.3065773248672485 160 90 179
-10.254693031311035 -0.9615049958229065 -1.32069730758667 160 90 179
-9.519925117492676 -1.2439470291137695 -1.3260804414749146 160 90 179
-8.945332527160645 -0.17949523031711578 -1.3063620328903198 160 90 179
-8.192951202392578 -0.46401458978652954 -1.2779955863952637 160 90 179
-7.887807369232178 -0.7363859415054321 -1.3119224309921265 160 90 179
-7.372259616851807 -0.9627929329872131 -1.307755947113037 160 90 179
-6.914759635925293 -0.13029900193214417 -1.272066354751587 160 90 179
-6.587028980255127 -0.36948662996292114 -1.27786123752594 160 90 179
-6.398281097412109 -0.5942862033843994 -1.3100345134735107 160 90 179
-6.079367160797119 -0.7932980060577393 -1.3133454322814941 160 90 179
-5.717013359069824 -0.10443523526191711 -1.273193120956421 160 90 179
-5.167827129364014 -0.2858983278274536 -1.2043347358703613 160 90 179
-21.075973510742188 -2.7140097618103027 -0.5831735730171204 197 1 210
-39.094337463378906 -2.157480001449585 -1.7519441843032837 218 132 219
-33.00423049926758 -3.01973819732666 -1.801292896270752 218 132 219
-26.510040283203125 -3.400599956512451 -1.711511492729187 218 132 219
-21.171031951904297 -0.38386455178260803 -1.5200366973876953 218 132 219
-16.384122848510742 -0.8938570618629456 -1.33864426612854 197 1 210
-15.460783004760742 -1.4091500043869019 -1.4126003980636597 197 1 210
-14.048392295837402 -1.7993290424346924 -1.4284018278121948 197 1 210
-12.481311798095703 -0.22107623517513275 -1.358762502670288 160 90 179
-11.033524513244629 -0.5953815579414368 -1.3103457689285278 160 90 179
-10.299083709716797 -0.9338012337684631 -1.3260390758514404 160 90 179
-9.528610229492188 -1.2153611183166504 -1.3267645835876465 160 90 179
-8.851851463317871 -0.15045297145843506 -1.2926366329193115 160 90 179
-8.1528959274292 -0.4366573393344879 -1.2715325355529785 160 90 179
-7.897889614105225 -0.712892472743988 -1.3132293224334717 160 90 179
-7.313629627227783 -0.9323245286941528 -1.296842098236084 160 90 179
-6.990846633911133 -0.1102786585688591 -1.285995364189148 160 90 179
-6.519505023956299 -0.34563785791397095 -1.2645500898361206 160 90 179
-6.376652240753174 -0.5725507736206055 -1.305240273475647 160 90 179
-6.077892303466797 -0.7741488218307495 -1.3125075101852417 160 90 179
-5.72218656539917 -0.08696936815977097 -1.2742798328399658 160 90 179
-5.142418384552002 -0.2686702311038971 -1.1982156038284302 160 90 179
-21.097095489501953 -2.6509571075439453 -0.5835302472114563 197 1 210
-28.607755661010742 -0.4468938112258911 -1.0081262588500977 218 132 219
-39.11873245239258 -2.038465976715088 -1.7527488470077515 218 132 219
-33.19834518432617 -2.9348232746124268 -1.8113871812820435 218 132 219
-20.95030403137207 -2.622112512588501 -1.3520442247390747 197 1 210
-20.68641471862793 -0.31159502267837524 -1.4851665496826172 218 132 219
-16.301185607910156 -0.8391802906990051 -1.3316513299942017 197 1 210
-15.431303024291992 -1.3587404489517212 -1.4095194339752197 197 1 210
-14.040024757385254 -1.7544934749603271 -1.4269970655441284 197 1 210
-12.47497272491455 -0.18268118798732758 -1.3580050468444824 160 90 179
-11.045215606689453 -0.5620329976081848 -1.3115233182907104 160 90 179
-10.33154296875 -0.9047957062721252 -1.3298546075820923 160 90 179
-9.515582084655762 -1.1840425729751587 -1.3244385719299316 160 90 179
-9.018492698669434 -0.12561030685901642 -1.316908836364746 160 90 179
-8.175908088684082 -0.41273853182792664 -1.2749179601669312 160 90 179
-7.8735032081604 -0.6863455772399902 -1.3088182210922241 160 90 179
-7.402462005615234 -0.920578122138977 -1.312086820602417 160 90 179
-7.017704486846924 -0.08916790038347244 -1.2908796072006226 160 90 179
-6.472489356994629 -0.32323527336120605 -1.2552324533462524 160 90 179
-6.3881402015686035 -0.5538310408592224 -1.3072378635406494 160 90 179
-6.076357364654541 -0.7550161480903625 -1.3116697072982788 160 90 179
-5.7292585372924805 -0.06949640810489655 -1.2758013010025024 160 90 179
-5.105278968811035 -0.25102677941322327 -1.1893768310546875 160 90 179
-21.14580726623535 -2.5912044048309326 -0.5846549272537231 197 1 210
-39.237552642822266 -1.9239704608917236 -1.7577999830245972 218 132 219
-33.0728759765625 -2.821499824523926 -1.8040605783462524 218 132 219
-26.528425216674805 -3.237631320953369 -1.711383581161499 218 132 219
-20.58853530883789 -0.24694424867630005 -1.478078007698059 218 132 219
-16.320606231689453 -0.7899842262268066 -1.3330336809158325 197 1 210
-15.689431190490723 -1.3329740762710571 -1.432716965675354 197 1 210
-13.696702003479004 -1.6689296960830688 -1.391575574874878 197 1 210
-12.65241813659668 -0.1464558243751526 -1.3772660493850708 160 90 179
-11.018123626708984 -0.5267689228057861 -1.3081083297729492 160 90 179
-10.367874145507812 -0.875933825969696 -1.3341790437698364 160 90 179
-9.572273254394531 -1.1612859964370728 -1.33182692527771 160 90 179
-9.050498008728027 -0.09828521311283112 -1.3215320110321045 160 90 179
-8.131733894348145 -0.3855009078979492 -1.2678393125534058 160 90 179
-7.8618083000183105 -0.6610295176506042 -1.3065308332443237 160 90 179
-7.4169840812683105 -0.8992859125137329 -1.314165711402893 160 90 179
-7.035647392272949 -0.06780808418989182 -1.2941356897354126 160 90 179
-6.4920830726623535 -0.30424967408180237 -1.2588454484939575 160 90 179
-6.388833045959473 -0.5341482758522034 -1.3070381879806519 160 90 179
-6.072821140289307 -0.7356650829315186 -1.3104130029678345 160 90 179
-5.707971572875977 -0.051724378019571304 -1.271019697189331 160 90 179
-5.166347980499268 -0.2381434142589569 -1.2034282684326172 160 90 179
-28.90576171875 -0.2741570770740509 -1.0185494422912598 218 132 219
-39.328094482421875 -1.807480812072754 -1.7615995407104492 218 132 219
-33.03062438964844 -2.7158474922180176 -1.801292896270752 218 132 219
-26.532289505004883 -3.1555211544036865 -1.7110003232955933 218 132 219
-20.390714645385742 -0.18200670182704926 -1.4638291597366333 218 132 219
-16.480268478393555 -0.7470405697822571 -1.3458809852600098 197 1 210
-15.657713890075684 -1.2819077968597412 -1.4294548034667969 197 1 210
-13.675081253051758 -1.623733401298523 -1.3888661861419678 197 1 210
-12.727364540100098 -0.10827231407165527 -1.3853815793991089 160 90 179
-11.058377265930176 -0.4946940541267395 -1.3127009868621826 160 90 179
-10.399182319641113 -0.8464550375938416 -1.3378673791885376 160 90 179
-9.528571128845215 -1.1263315677642822 -1.3252595663070679 160 90 179
-9.077472686767578 -0.07072637230157852 -1.3254330158233643 160 90 179
-7.948287010192871 -0.3523678779602051 -1.2390631437301636 160 90 179
-7.861832618713379 -0.636747419834137 -1.306204080581665 160 90 179
-7.433401584625244 -0.8781443238258362 -1.3165910243988037 160 90 179
-7.044673442840576 -0.04628084972500801 -1.2957637310028076 160 90 179
-6.508678913116455 -0.2850179970264435 -1.2618879079818726 160 90 179
-6.38751220703125 -0.5143092274665833 -1.30643892288208 160 90 179
-6.079904556274414 -0.7176035046577454 -1.311460256576538 160 90 179
-5.70322322845459 -0.0341830737888813 -1.2699329853057861 160 90 179
-5.33636999130249 -0.22957630455493927 -1.242862582206726 160 90 179
-28.216909408569336 -0.18104968965053558 -0.9942521452903748 218 132 219
-39.352420806884766 -1.6876286268234253 -1.762448787689209 218 132 219
-32.96613311767578 -2.608747720718384 -1.7973309755325317 218 132 219
-27.303184509277344 -3.162285566329956 -1.7600795030593872 218 132 219
-20.155786514282227 -0.1180691346526146 -1.4469311237335205 218 132 219
-16.62289047241211 -0.7024093270301819 -1.3573460578918457 197 1 210
-15.419328689575195 -1.2147798538208008 -1.4073446989059448 197 1 210
-13.811450958251953 -1.5969706773757935 -1.4022120237350464 197 1 210
-12.651090621948242 -0.06880847364664078 -1.3770495653152466 160 90 179
-11.104491233825684 -0.4626252055168152 -1.318000316619873 160 90 179
-10.416563034057617 -0.8157083988189697 -1.3397752046585083 160 90 179
-9.407000541687012 -1.0827082395553589 -1.3078830242156982 160 90 179
-9.06676197052002 -0.042825330048799515 -1.3238435983657837 160 90 179
-8.12604808807373 -0.3352724015712738 -1.2666081190109253 160 90 179
-7.8470282554626465 -0.6113219857215881 -1.3034266233444214 160 90 179
-7.439974308013916 -0.8557850122451782 -1.3172839879989624 160 90 179
-7.058551788330078 -0.02471609227359295 -1.2982964515686035 160 90 179
-6.527179718017578 -0.26576724648475647 -1.2653107643127441 160 90 179
-6.381244659423828 -0.4941050410270691 -1.3048408031463623 160 90 179
-6.085963249206543 -0.6993938088417053 -1.312298059463501 160 90 179
-5.695492744445801 -0.016662826761603355 -1.268194317817688 160 90 179
-5.338022232055664 -0.21324235200881958 -1.243089199066162 160 90 179
-28.21433448791504 -0.0944705531001091 -0.9941465854644775 218 132 219
-39.62892532348633 -1.5776985883712769 -1.7746073007583618 218 132 219
-33.233848571777344 -2.5273590087890625 -1.8114956617355347 218 132 219
-27.317716598510742 -3.0790646076202393 -1.7603989839553833 218 132 219
-20.069276809692383 -0.05598941072821617 -1.4407017230987549 218 132 219
-17.08807373046875 -0.6695533394813538 -1.3951562643051147 197 1 210
-15.418017387390137 -1.1670924425125122 -1.4068917036056519 197 1 210
-13.785635948181152 -1.5511415004730225 -1.3991013765335083 197 1 210
-12.635336875915527 -0.02995743788778782 -1.3753182888031006 160 90 179
-11.065174102783203 -0.4269849956035614 -1.3131721019744873 160 90 179
-10.409125328063965 -0.7830029129981995 -1.3385032415390015 160 90 179
-9.42406177520752 -1.0553863048553467 -1.3097987174987793 160 90 179
-8.977794647216797 -0.014861278235912323 -1.3108406066894531 160 90 179
-8.148760795593262 -0.31116995215415955 -1.2699936628341675 160 90 179
-7.804595470428467 -0.5839324593544006 -1.2960747480392456 160 90 179
-7.447458267211914 -0.8335031270980835 -1.3181500434875488 160 90 179
-7.062528133392334 -0.0030623492784798145 -1.2990199327468872 160 90 179
-6.541699409484863 -0.2462579309940338 -1.2679730653762817 160 90 179
-6.331918716430664 -0.470747709274292 -1.2944532632827759 160 90 179
-6.091967582702637 -0.6811536550521851 -1.3131359815597534 160 90 179
-5.749202251434326 0.0008184185717254877 -1.2801481485366821 160 90 179
-5.3863444328308105 -0.19862321019172668 -1.2541943788528442 160 90 179
-28.227481842041016 -0.007913392037153244 -0.9946042895317078 218 132 219
-39.06153869628906 -1.435094952583313 -1.7489941120147705 218 132 219
-33.44261169433594 -2.4400646686553955 -1.822458267211914 218 132 219
-27.3190975189209 -2.994370698928833 -1.7598878145217896 218 132 219
-19.90278434753418 0.005536195356398821 -1.4287443161010742 218 132 219
-17.265350341796875 -0.6234549283981323 -1.409467339515686 197 1 210
-15.116591453552246 -1.097643256187439 -1.3790727853775024 197 1 210
-13.803186416625977 -1.5102472305297852 -1.400405764579773 197 1 210
-12.635369300842285 0.008807369507849216 -1.3753182888031006 160 90 179
-11.253005981445312 -0.3996618688106537 -1.3353115320205688 160 90 179
-10.345195770263672 -0.7462829947471619 -1.3299819231033325 160 90 179
-9.430208206176758 -1.0267903804779053 -1.310209035873413 160 90 179
-9.097529411315918 0.01285141333937645 -1.328322410583496 160 90 179
-8.222750663757324 -0.2887343764305115 -1.2813810110092163 160 90 179
-7.757148265838623 -0.5564560890197754 -1.2879058122634888 160 90 179
-7.459771633148193 -0.8117161393165588 -1.3198825120925903 160 90 179
-7.056602954864502 0.018589649349451065 -1.2979345321655273 160 90 179
-6.551254749298096 -0.22649243474006653 -1.2696844339370728 160 90 179
-6.311830520629883 -0.4497871696949005 -1.2900583744049072 160 90 179
-6.0920844078063965 -0.6622492074966431 -1.3127169609069824 160 90 179
-5.76674222946167 0.01851312257349491 -1.2840602397918701 160 90 179
-5.494004726409912 -0.18571676313877106 -1.2791240215301514 160 90 179
-26.332557678222656 0.07340530306100845 -0.9278395771980286 218 132 219
-39.23149871826172 -1.320829153060913 -1.7564144134521484 218 132 219
-34.08246612548828 -2.381653070449829 -1.8569202423095703 218 132 219
-27.442276000976562 -2.922696828842163 -1.7672368288040161 218 132 219
-19.823875427246094 0.06633338332176208 -1.4230877161026 218 132 219
-17.365798950195312 -0.5737408399581909 -1.4175171852111816 197 1 210
-15.270896911621094 -1.0617605447769165 -1.3928462266921997 197 1 210
-13.730583190917969 -1.4596885442733765 -1.3925789594650269 197 1 210
-12.632299423217773 0.04756086319684982 -1.3749936819076538 160 90 179
-11.271052360534668 -0.3656837046146393 -1.3373135328292847 160 90 179
-10.27124309539795 -0.7092792987823486 -1.3201885223388672 160 90 179
-9.164381980895996 -0.9694064855575562 -1.272856593132019 160 90 179
-9.101405143737793 0.04077991470694542 -1.3289004564285278 160 90 179
-8.272977828979492 -0.26508820056915283 -1.2890751361846924 160 90 179
-7.7224016189575195 -0.5301547646522522 -1.2818608283996582 160 90 179
-7.467123985290527 -0.7893437743186951 -1.3207486867904663 160 90 179
-7.031926155090332 0.04009871184825897 -1.293412208557129 160 90 179
-6.565656661987305 -0.2068251520395279 -1.2723467350006104 160 90 179
-6.302427768707275 -0.4296875 -1.2878611087799072 160 90 179
-6.081446170806885 -0.6422208547592163 -1.3099939823150635 160 90 179
-5.76861047744751 0.03621740639209747 -1.2844949960708618 160 90 179
-5.500389575958252 -0.1690400391817093 -1.2804838418960571 160 90 179
-39.31524658203125 -1.2029064893722534 -1.7599903345108032 218 132 219
-34.09160232543945 -2.2772111892700195 -1.8570287227630615 218 132 219
-27.000444412231445 -2.79189133644104 -1.7382237911224365 218 132 219
-19.486454010009766 0.12498948723077774 -1.3988863229751587 218 132 219
-17.562742233276367 -0.5263122320175171 -1.4334543943405151 197 1 210
-15.191606521606445 -1.0094249248504639 -1.385325312614441 197 1 210
-13.716193199157715 -1.4156160354614258 -1.3906723260879517 197 1 210
-12.654958724975586 0.08647222071886063 -1.3774824142456055 160 90 179
-11.285024642944336 -0.3314819037914276 -1.3388442993164062 160 90 179
-10.210028648376465 -0.6735853552818298 -1.3120487928390503 160 90 179
-8.878586769104004 -0.9116399884223938 -1.2327677011489868 160 90 179
-9.097278594970703 0.0686725601553917 -1.328322410583496 160 90 179
-8.291529655456543 -0.24022087454795837 -1.2918449640274048 160 90 179
-7.770261287689209 -0.5094941258430481 -1.2895396947860718 160 90 179
-7.469510555267334 -0.7664312124252319 -1.3207486867904663 160 90 179
-6.982596397399902 0.061240892857313156 -1.284367322921753 160 90 179
-6.559390544891357 -0.18648572266101837 -1.2710156440734863 160 90 179
-6.294916152954102 -0.40977704524993896 -1.2860631942749023 160 90 179
-6.091169357299805 -0.6243578791618347 -1.3116697072982788 160 90 179
-5.766520023345947 0.053896840661764145 -1.2840602397918701 160 90 179
-5.5369062423706055 -0.15316075086593628 -1.2888693809509277 160 90 179
-34.19807815551758 -2.1789581775665283 -1.8624556064605713 218 132 219
-26.540199279785156 -2.662032127380371 -1.7080605030059814 218 132 219
-19.34135627746582 0.18340113759040833 -1.3885040283203125 218 132 219
-17.80339241027832 -0.4788596034049988 -1.4529693126678467 197 1 210
-15.108163833618164 -0.9573338031768799 -1.3774417638778687 197 1 210
-13.509601593017578 -1.3524188995361328 -1.369299054145813 160 90 179
-12.68942642211914 0.12564116716384888 -1.3812696933746338 160 90 179
-11.306835174560547 -0.29740670323371887 -1.3413174152374268 160 90 179
-10.190268516540527 -0.6408885717391968 -1.3092505931854248 160 90 179
-9.433345794677734 -0.9393646717071533 -1.3093881607055664 160 90 179
-9.090099334716797 0.09650876373052597 -1.3273110389709473 160 90 179
-8.309020042419434 -0.21521663665771484 -1.2944610118865967 160 90 179
-7.645753383636475 -0.4777771234512329 -1.2686272859573364 160 90 179
-7.466926574707031 -0.7430238723754883 -1.3198825120925903 160 90 179
-6.895833969116211 0.08163835853338242 -1.2684484720230103 160 90 179
-6.562875747680664 -0.1664355844259262 -1.2715860605239868 160 90 179
-6.242355823516846 -0.3871268630027771 -1.2750763893127441 160 90 179
-6.086245059967041 -0.6049904227256775 -1.3102034330368042 160 90 179
-5.772183895111084 0.07166071981191635 -1.2853643894195557 160 90 179
-5.5422186851501465 -0.13629277050495148 -1.2900025844573975 160 90 179
-25.29326629638672 0.2944885492324829 0.03355254977941513 218 132 219
-23.77753448486328 0.28514203429222107 -0.8378691673278809 218 132 219
-31.842435836791992 -1.9307973384857178 -1.7338346242904663 218 132 219
-26.095308303833008 -2.5365686416625977 -1.678919792175293 218 132 219
-19.121286392211914 0.2399848997592926 -1.3727515935897827 218 132 219
-18.47037696838379 -0.4400966167449951 -1.5072859525680542 197 1 210
-14.779999732971191 -0.8910217881202698 -1.3472669124603271 197 1 210
-13.421587944030762 -1.30203115940094 -1.3599669933319092 160 90 179
-12.762540817260742 0.16552522778511047 -1.3892769813537598 160 90 179
-11.298759460449219 -0.2625088393688202 -1.3402575254440308 160 90 179
-10.138721466064453 -0.6064243316650391 -1.3023825883865356 160 90 179
-9.19263744354248 -0.8869214057922363 -1.2755931615829468 160 90 179
-9.076898574829102 0.12422031909227371 -1.3254330158233643 160 90 179
-8.355080604553223 -0.19076137244701385 -1.3015395402908325 160 90 179
-7.602865695953369 -0.4516851305961609 -1.261275291442871 160 90 179
-7.438780784606934 -0.7171821594238281 -1.3145121335983276 160 90 179
-6.952587604522705 0.10364435613155365 -1.2789404392242432 160 90 179
-6.6085052490234375 -0.14730657637119293 -1.2803332805633545 160 90 179
-6.235689163208008 -0.367512583732605 -1.2734782695770264 160 90 179
-6.087099552154541 -0.5862215161323547 -1.3099939823150635 160 90 179
-5.768032550811768 0.08930874615907669 -1.2844949960708618 160 90 179
-5.539689064025879 -0.11922597140073776 -1.2893226146697998 160 90 179
-20.001317977905273 0.30123192071914673 -0.7048326730728149 218 132 219
-31.903038024902344 -1.8362529277801514 -1.7368195056915283 218 132 219
-26.556032180786133 -2.4991345405578613 -1.7080605030059814 218 132 219
-18.84619903564453 0.2943633198738098 -1.3530610799789429 218 132 219
-18.524452209472656 -0.38452452421188354 -1.511595368385315 197 1 210
-14.582818031311035 -0.8342405557632446 -1.3290531635284424 160 90 179
-13.412642478942871 -1.259638786315918 -1.3586626052856445 160 90 179
-12.758990287780762 0.20463155210018158 -1.388952374458313 160 90 179
-11.314404487609863 -0.22814379632472992 -1.3420239686965942 160 90 179
-10.152417182922363 -0.5759904980659485 -1.3039088249206543 160 90 179
-8.649888038635254 -0.8077793717384338 -1.1999304294586182 160 90 179
-9.05965518951416 0.1517854779958725 -1.32297682762146 160 90 179
-8.376372337341309 -0.16553744673728943 -1.304771065711975 160 90 179
-7.631795883178711 -0.42991137504577637 -1.2658498287200928 160 90 179
-7.393876075744629 -0.6899645924568176 -1.3061968088150024 160 90 179
-6.914870262145996 0.12430239468812943 -1.272066354751587 160 90 179
-6.616778373718262 -0.1271822154521942 -1.281854510307312 160 90 179
-6.233851909637451 -0.34821605682373047 -1.2728790044784546 160 90 179
-6.088869094848633 -0.5675438046455383 -1.3099939823150635 160 90 179
-5.762851715087891 0.10691387206315994 -1.2834081649780273 160 90 179
-5.5400285720825195 -0.10222987830638885 -1.2893226146697998 160 90 179
-27.488245010375977 0.47051095962524414 1.0417306423187256 218 132 219
-27.23967170715332 0.4843277335166931 0.03613780066370964 218 132 219
-40.1918830871582 -2.2100460529327393 -0.7180724143981934 218 132 219
-23.579492568969727 0.4274823069572449 -0.830967366695404 218 132 219
-39.229164123535156 -0.7185643911361694 -1.7556096315383911 218 132 219
-31.938430786132812 -1.7399965524673462 -1.7384475469589233 218 132 219
-23.499540328979492 -2.1387808322906494 -1.5110405683517456 218 132 219
-18.77240753173828 0.35082074999809265 -1.3478342294692993 218 132 219
-18.52654266357422 -0.3277081251144409 -1.5116767883300781 197 1 210
-14.70464038848877 -0.795956552028656 -1.3399269580841064 160 90 179
-13.518503189086914 -1.2277525663375854 -1.3689980506896973 160 90 179
-13.119105339050293 0.2506685256958008 -1.4282317161560059 160 90 179
-11.34483814239502 -0.19393981993198395 -1.3455568552017212 160 90 179
-10.234362602233887 -0.5491453409194946 -1.3142107725143433 160 90 179
-8.652325630187988 -0.7812380790710449 -1.1999304294586182 160 90 179
-8.920642852783203 0.17683382332324982 -1.3027499914169312 160 90 179
-8.41537094116211 -0.14048151671886444 -1.3107725381851196 160 90 179
-7.683322429656982 -0.4091710150241852 -1.2741820812225342 160 90 179
-7.375359535217285 -0.665418803691864 -1.3025588989257812 160 90 179
-6.9075727462768555 0.1453714668750763 -1.270799994468689 160 90 179
-6.630880355834961 -0.10710360109806061 -1.28451669216156 160 90 179
-6.237826824188232 -0.3292441964149475 -1.2734782695770264 160 90 179
-6.0896077156066895 -0.5487729907035828 -1.3097845315933228 160 90 179
-5.768352031707764 0.12472014874219894 -1.284712314605713 160 90 179
-5.537395000457764 -0.0851878896355629 -1.2886427640914917 160 90 179
-27.433015823364258 0.5719603300094604 0.03639645874500275 218 132 219
-22.698810577392578 0.48118215799331665 -0.7999794483184814 218 132 219
-28.686960220336914 -0.43742647767066956 -1.2837518453598022 218 132 219
-32.11912536621094 -1.651024341583252 -1.7479990720748901 218 132 219
-23.530845642089844 -2.0688605308532715 -1.5126382112503052 218 132 219
-18.547870635986328 0.40355202555656433 -1.331795334815979 218 132 219
-18.538423538208008 -0.27102822065353394 -1.5125712156295776 197 1 210
-14.68314266204834 -0.7496209740638733 -1.3377522230148315 160 90 179
-13.525179862976074 -1.1865334510803223 -1.369299054145813 160 90 179
-13.055660247802734 0.28952762484550476 -1.4214147329330444 160 90 179
-11.340415000915527 -0.15906380116939545 -1.3449679613113403 160 90 179
-10.276615142822266 -0.5197985172271729 -1.3194254636764526 160 90 179
-8.658629417419434 -0.7550336122512817 -1.2004777193069458 160 90 179
-9.071413040161133 0.20766600966453552 -1.3248549699783325 160 90 179
-8.450342178344727 -0.11513400822877884 -1.316158413887024 160 90 179
-7.603745460510254 -0.38154277205467224 -1.2607852220535278 160 90 179
-7.367554187774658 -0.6419335007667542 -1.3008265495300293 160 90 179
-6.898245334625244 0.16634953022003174 -1.269171953201294 160 90 179
-6.634122848510742 -0.08679837733507156 -1.28508722782135 160 90 179
-6.249572277069092 -0.3106403350830078 -1.275675654411316 160 90 179
-6.0941853523254395 -0.5303421020507812 -1.3104130029678345 160 90 179
-5.776723861694336 0.14263345301151276 -1.286668300628662 160 90 179
-5.5327606201171875 -0.06813902407884598 -1.287509560585022 160 90 179
-22.880062103271484 0.5552558898925781 -0.806423544883728 218 132 219
-28.296588897705078 -0.3446447551250458 -1.266229271888733 218 132 219
-32.55390548706055 -1.5732508897781372 -1.7713898420333862 218 132 219
-23.540063858032227 -1.9969120025634766 -1.5128298997879028 218 132 219
-18.25139617919922 0.45312654972076416 -1.3106011152267456 218 132 219
-18.325889587402344 -0.21168822050094604 -1.4951703548431396 197 1 210
-14.65553092956543 -0.7031384110450745 -1.3350337743759155 160 90 179
-13.585267066955566 -1.1498161554336548 -1.3750187158584595 160 90 179
-13.032846450805664 0.32902848720550537 -1.4190341234207153 160 90 179
-11.476888656616211 -0.12576183676719666 -1.361101508140564 160 90 179
-10.070101737976074 -0.4783838987350464 -1.292716383934021 160 90 179
-8.6707763671875 -0.7292960286140442 -1.2018458843231201 160 90 179
-9.008415222167969 0.23387782275676727 -1.3157529830932617 160 90 179
-8.478321075439453 -0.08950021862983704 -1.3204671144485474 160 90 179
-7.54378080368042 -0.3553350567817688 -1.2506556510925293 160 90 179
-7.360656261444092 -0.6185848116874695 -1.2992674112319946 160 90 179
-6.912449359893799 0.18791316449642181 -1.2718853950500488 160 90 179
-6.632394790649414 -0.06642510741949081 -1.284706950187683 160 90 179
-6.260283946990967 -0.2919218838214874 -1.2776732444763184 160 90 179
-6.0967583656311035 -0.5117247104644775 -1.3106224536895752 160 90 179
-5.817239761352539 0.161493182182312 -1.2957967519760132 160 90 179
-5.519308567047119 -0.05103835090994835 -1.2843366861343384 160 90 179
-22.853275299072266 0.6247655749320984 -0.8055432438850403 218 132 219
-28.20560646057129 -0.25699302554130554 -1.26211678981781 218 132 219
-32.61942672729492 -1.4761228561401367 -1.7747001647949219 218 132 219
-26.337038040161133 -2.1528186798095703 -1.692148208618164 218 132 219
-17.922889709472656 0.49999573826789856 -1.2871158123016357 218 132 219
-18.054367065429688 -0.1531560868024826 -1.4729721546173096 197 1 210
-14.902360916137695 -0.6691622734069824 -1.3573251962661743 160 90 179
-13.624429702758789 -1.111042857170105 -1.3786309957504272 160 90 179
-13.012894630432129 0.3684765100479126 -1.416978120803833 160 90 179
-11.516940116882324 -0.09086402505636215 -1.365812063217163 160 90 179
-10.081430435180664 -0.4479272961616516 -1.2939883470535278 160 90 179
-8.69568157196045 -0.7045309543609619 -1.2049927711486816 160 90 179
-8.994797706604004 0.2611408531665802 -1.3138748407363892 160 90 179
-8.484484672546387 -0.06353307515382767 -1.3213905096054077 160 90 179
-7.532022476196289 -0.3316252529621124 -1.2485318183898926 160 90 179
-7.348776340484619 -0.5948871970176697 -1.296842098236084 160 90 179
-6.970824241638184 0.21090394258499146 -1.282739281654358 160 90 179
-6.641402721405029 -0.04613827168941498 -1.2864183187484741 160 90 179
-6.275833606719971 -0.27335378527641296 -1.2806696891784668 160 90 179
-6.102197647094727 -0.4933328330516815 -1.311460256576538 160 90 179
-5.8089118003845215 0.17909882962703705 -1.294058084487915 160 90 179
-5.5048298835754395 -0.03401483595371246 -1.2809371948242188 160 90 179
-22.633487701416016 0.6882535219192505 -0.797866702079773 218 132 219
-28.581880569458008 -0.17272819578647614 -1.2789242267608643 218 132 219
-33.35207748413086 -1.4067589044570923 -1.8143177032470703 218 132 219
-26.818077087402344 -2.1093332767486572 -1.7226309776306152 218 132 219
-17.884384155273438 0.5538377165794373 -1.2844665050506592 218 132 219
-17.800600051879883 -0.09638912230730057 -1.4522374868392944 197 1 210
-15.131207466125488 -0.6329288482666016 -1.3779853582382202 160 90 179
-13.6892728805542 -1.0740636587142944 -1.384852409362793 160 90 179
-12.983880996704102 0.4075245261192322 -1.4139482975006104 160 90 179
-11.561851501464844 -0.055745575577020645 -1.3711113929748535 160 90 179
-10.154111862182617 -0.4199467897415161 -1.3031456470489502 160 90 179
-8.718542098999023 -0.6794659495353699 -1.2078660726547241 160 90 179
-9.071096420288086 0.2912117838859558 -1.3251440525054932 160 90 179
-8.487603187561035 -0.03751584142446518 -1.3218520879745483 160 90 179
-7.522161483764648 -0.30807170271873474 -1.2467347383499146 160 90 179
-7.3358378410339355 -0.5711918473243713 -1.294243574142456 160 90 179
-6.974075794219971 0.2324201464653015 -1.2834627628326416 160 90 179
-6.650348663330078 -0.025796793401241302 -1.2881296873092651 160 90 179
-6.273705959320068 -0.2539796233177185 -1.280070424079895 160 90 179
-6.104657173156738 -0.47468504309654236 -1.3116697072982788 160 90 179
-5.803457260131836 0.1967540979385376 -1.2929713726043701 160 90 179
-5.505882263183594 -0.01712912693619728 -1.2811638116836548 160 90 179
-22.2297420501709 0.7442458868026733 -0.7837108373641968 218 132 219
-25.070804595947266 -0.07459190487861633 -1.1218022108078003 218 132 219
-33.3602294921875 -1.3045856952667236 -1.8145347833633423 218 132 219
-26.39453125 -1.9945610761642456 -1.695024013519287 218 132 219
-17.83873748779297 0.6072105765342712 -1.2813159227371216 218 132 219
-17.638351440429688 -0.041395917534828186 -1.4389835596084595 197 1 210
-15.02062702178955 -0.5821458101272583 -1.3677458763122559 160 90 179
-13.705401420593262 -1.0330326557159424 -1.3861569166183472 160 90 179
-12.952763557434082 0.4463295340538025 -1.410702109336853 160 90 179
-11.561967849731445 -0.020274052396416664 -1.3711113929748535 160 90 179
-10.167245864868164 -0.3892477750778198 -1.3046718835830688 160 90 179
-9.458497047424316 -0.7079455256462097 -1.3100723028182983 160 90 179
-9.070159912109375 0.3190401494503021 -1.3251440525054932 160 90 179
-8.493607521057129 -0.011484083719551563 -1.3227754831314087 160 90 179
-7.512226581573486 -0.2845817804336548 -1.244937539100647 160 90 179
-7.296306133270264 -0.545598566532135 -1.2869676351547241 160 90 179
-6.971364498138428 0.2537436783313751 -1.2831010818481445 160 90 179
-6.648432731628418 -0.005392097402364016 -1.2877494096755981 160 90 179
-6.269559383392334 -0.23454780876636505 -1.279071569442749 160 90 179
-6.1031599044799805 -0.45573556423187256 -1.3110413551330566 160 90 179
-5.7940473556518555 0.21423332393169403 -1.2910151481628418 160 90 179
-5.479611396789551 -0.00023610448988620192 -1.2750446796417236 160 90 179
-33.680908203125 1.2193139791488647 0.0447053425014019 218 132 219
-21.044878005981445 0.7692210674285889 -0.7420181035995483 218 132 219
-24.975011825561523 0.0023156986571848392 -1.1175110340118408 218 132 219
-33.383033752441406 -1.202915072441101 -1.815566062927246 218 132 219
-26.350757598876953 -1.909967064857483 -1.6918286085128784 218 132 219
-17.741104125976562 0.6583852171897888 -1.2744423151016235 218 132 219
-17.605504989624023 0.012694261036813259 -1.4363003969192505 197 1 210
-15.13281536102295 -0.5400025844573975 -1.377804160118103 160 90 179
-13.69957447052002 -0.9903345704078674 -1.3852537870407104 160 90 179
-12.872852325439453 0.48312053084373474 -1.402153730392456 160 90 179
-11.618578910827637 0.015272063203155994 -1.377823829650879 160 90 179
-10.146584510803223 -0.35728538036346436 -1.301873803138733 160 90 179
-9.494217872619629 -0.6813347339630127 -1.3147242069244385 160 90 179
-8.953450202941895 0.34244081377983093 -1.3082401752471924 160 90 179
-8.487672805786133 0.014563815668225288 -1.3218520879745483 160 90 179
-7.525881767272949 -0.26197943091392517 -1.2470613718032837 160 90 179
-7.274368762969971 -0.5215209722518921 -1.2828099727630615 160 90 179
-6.945984363555908 0.27416059374809265 -1.2785786390304565 160 90 179
-6.653326988220215 0.015016111545264721 -1.2887002229690552 160 90 179
-6.264373779296875 -0.2151101976633072 -1.2778730392456055 160 90 179
-6.098677158355713 -0.4365902543067932 -1.3097845315933228 160 90 179
-5.803116321563721 0.23239879310131073 -1.2931886911392212 160 90 179
-5.482508182525635 0.016583945602178574 -1.2757245302200317 160 90 179
-33.04050064086914 1.297641396522522 0.04386039450764656 218 132 219
-20.06279754638672 0.7949658036231995 -0.7074737548828125 218 132 219
-25.216644287109375 0.07970206439495087 -1.1283284425735474 218 132 219
-26.30571937561035 -1.8255914449691772 -1.68856942653656 218 132 219
-17.69415283203125 0.7110089063644409 -1.2712202072143555 218 132 219
-17.531627655029297 0.06642767041921616 -1.4302831888198853 197 1 210
-15.088614463806152 -0.4920799732208252 -1.3736358880996704 160 90 179
-13.693614959716797 -0.9476819634437561 -1.3843506574630737 160 90 179
-12.86634349822998 0.522409975528717 -1.4016127586364746 160 90 179
-11.634366035461426 0.050986919552087784 -1.3797080516815186 160 90 179
-10.545170783996582 -0.3389316499233246 -1.3528752326965332 160 90 179
-9.56840705871582 -0.6571584939956665 -1.3247121572494507 160 90 179
-8.933572769165039 0.36913180351257324 -1.305495023727417 160 90 179
-8.421387672424316 0.04028686508536339 -1.31154203414917 160 90 179
-7.7495012283325195 -0.2459622025489807 -1.2839847803115845 160 90 179
-7.257265567779541 -0.4979202151298523 -1.279518485069275 160 90 179
-6.936267375946045 0.2950930595397949 -1.2769505977630615 160 90 179
-6.643432140350342 0.03537588194012642 -1.2867985963821411 160 90 179
-6.267942428588867 -0.1959822177886963 -1.2784723043441772 160 90 179
-6.086330890655518 -0.41694211959838867 -1.3068519830703735 160 90 179
-5.802375793457031 0.25020140409469604 -1.2931886911392212 160 90 179
-5.493144989013672 0.03346924111247063 -1.2782175540924072 160 90 179
-28.23056411743164 0.16450752317905426 -0.2325713038444519 218 132 219
-21.013803482055664 0.8972271084785461 -0.7411025762557983 218 132 219
-25.924558639526367 0.16147693991661072 -1.1600210666656494 218 132 219
-26.703643798828125 -0.7982017397880554 -1.45200777053833 218 132 219
-28.116527557373047 -1.864601969718933 -1.8044297695159912 218 132 219
-17.667972564697266 0.764255940914154 -1.2695016860961914 218 132 219
-17.512405395507812 0.12008378654718399 -1.4287382364273071 197 1 210
-15.103988647460938 -0.44619813561439514 -1.3749043941497803 160 90 179
-13.624978065490723 -0.9009395241737366 -1.3771259784698486 160 90 179
-12.668030738830566 0.5532919764518738 -1.3801876306533813 160 90 179
-11.644084930419922 0.08675439655780792 -1.3808857202529907 160 90 179
-10.53426456451416 -0.3062320947647095 -1.351349115371704 160 90 179
-9.58322811126709 -0.6286429166793823 -1.3264909982681274 160 90 179
-8.923501968383789 0.3961429297924042 -1.3041948080062866 160 90 179
-8.407391548156738 0.06601451337337494 -1.3093876838684082 160 90 179
-7.780790328979492 -0.22306233644485474 -1.289049506187439 160 90 179
-7.2420525550842285 -0.47455811500549316 -1.2765735387802124 160 90 179
-6.951048851013184 0.31708893179893494 -1.279844880104065 160 90 179
-6.635438442230225 0.055691562592983246 -1.2852773666381836 160 90 179
-6.244028091430664 -0.17606109380722046 -1.2734782695770264 160 90 179
-6.071969985961914 -0.39724621176719666 -1.3035006523132324 160 90 179
-5.810356140136719 0.26840704679489136 -1.2951446771621704 160 90 179
-5.495938301086426 0.05034858360886574 -1.2788974046707153 160 90 179
-33.20274353027344 1.5081087350845337 0.04408721625804901 218 132 219
-20.03957176208496 0.9172313213348389 -0.706839919090271 218 132 219
-24.85805320739746 0.23110216856002808 -1.112325668334961 218 132 219
-27.10922622680664 -0.7270880341529846 -1.4739329814910889 218 132 219
-27.83726692199707 -1.7603201866149902 -1.7861528396606445 218 132 219
-17.655580520629883 0.8179952502250671 -1.2687857151031494 218 132 219
-17.151172637939453 0.17022967338562012 -1.3993033170700073 197 1 210
-15.223755836486816 -0.40299370884895325 -1.3856877088546753 160 90 179
-13.436033248901367 -0.8470525145530701 -1.3577594757080078 160 90 179
-12.567961692810059 0.5875582098960876 -1.36947500705719 160 90 179
-11.663623809814453 0.12268643081188202 -1.3832409381866455 160 90 179
-10.537137031555176 -0.2739635407924652 -1.3516035079956055 160 90 179
-9.611804962158203 -0.6009078025817871 -1.330185055732727 160 90 179
-9.097190856933594 0.431822270154953 -1.3297672271728516 160 90 179
-8.389365196228027 0.09161350131034851 -1.3066177368164062 160 90 179
-7.70056676864624 -0.19711999595165253 -1.275652527809143 160 90 179
-7.233644485473633 -0.45172372460365295 -1.2748411893844604 160 90 179
-6.9824604988098145 0.33999142050743103 -1.2858145236968994 160 90 179
-6.636218070983887 0.07605978846549988 -1.285467505455017 160 90 179
-6.315065383911133 -0.15867595374584198 -1.2878611087799072 160 90 179
-6.050713539123535 -0.3772164285182953 -1.2986829280853271 160 90 179
-5.827054023742676 0.2870963215827942 -1.299056887626648 160 90 179
-5.493810176849365 0.06718582659959793 -1.2784441709518433 160 90 179
-27.157398223876953 0.31020769476890564 0.7671633362770081 218 132 219
-21.12815284729004 1.0246295928955078 0.02805839665234089 218 132 219
-25.336328506469727 0.3031165301799774 -0.20873916149139404 218 132 219
-19.979766845703125 0.9759283661842346 -0.7048326730728149 218 132 219
-24.955121994018555 0.30857500433921814 -1.1167062520980835 218 132 219
-27.44774055480957 -0.6519047021865845 -1.4922223091125488 218 132 219
-28.117477416992188 -1.6914478540420532 -1.8037906885147095 218 132 219
-17.380023956298828 0.858672022819519 -1.24916672706604 218 132 219
-17.125652313232422 0.22252416610717773 -1.3972703218460083 197 1 210
-15.441965103149414 -0.3613651394844055 -1.4054418802261353 160 90 179
-13.427642822265625 -0.8051722049713135 -1.3566555976867676 160 90 179
-12.494611740112305 0.6225515007972717 -1.3616840839385986 160 90 179
-11.74262809753418 0.15954865515232086 -1.3926619291305542 160 90 179
-10.543877601623535 -0.24177119135856628 -1.35236656665802 160 90 179
-9.38517951965332 -0.5578392148017883 -1.298579216003418 160 90 179
-9.129423141479492 0.46142831444740295 -1.3346794843673706 160 90 179
-8.384103775024414 0.11728217452764511 -1.305848240852356 160 90 179
-7.665627479553223 -0.172694131731987 -1.269770860671997 160 90 179
-7.230080604553223 -0.4292372763156891 -1.2739750146865845 160 90 179
-7.002010345458984 0.36247944831848145 -1.2896132469177246 160 90 179
-6.653623580932617 0.0966757982969284 -1.2888903617858887 160 90 179
-6.343930721282959 -0.1399274617433548 -1.293654203414917 160 90 179
-6.018654823303223 -0.35668453574180603 -1.2915611267089844 160 90 179
-5.855388641357422 0.3065028488636017 -1.3055771589279175 160 90 179
-5.491630554199219 0.08401048928499222 -1.2779909372329712 160 90 179
-21.115921020507812 1.0889815092086792 0.02804645709693432 218 132 219
-27.48796272277832 0.41320550441741943 -0.2264752835035324 218 132 219
-19.82198143005371 1.0291887521743774 -0.6993746161460876 218 132 219
-23.088146209716797 0.356336772441864 -1.0332058668136597 218 132 219
-26.864599227905273 -0.5555943250656128 -1.460419774055481 218 132 219
-28.69343376159668 -1.637762427330017 -1.840408444404602 218 132 219
-17.767763137817383 0.9324809312820435 -1.277234673500061 218 132 219
-16.856815338134766 0.2707580029964447 -1.3753974437713623 160 90 179
-15.503737449645996 -0.3152230679988861 -1.4109693765640259 160 90 179
-13.352568626403809 -0.7595654726028442 -1.3488287925720215 160 90 179
-12.206733703613281 0.6457564234733582 -1.3305202722549438 160 90 179
-11.77882194519043 0.19618567824363708 -1.3970191478729248 160 90 179
-10.612996101379395 -0.21078088879585266 -1.3611423969268799 160 90 179
-9.454100608825684 -0.5328336954116821 -1.3078830242156982 160 90 179
-9.036072731018066 0.48450759053230286 -1.3212430477142334 160 90 179
-8.400500297546387 0.143290176987648 -1.3084642887115479 160 90 179
-7.667107582092285 -0.14919470250606537 -1.2699342966079712 160 90 179
-7.234313488006592 -0.40721970796585083 -1.2744947671890259 160 90 179
-7.022470474243164 0.38514453172683716 -1.2935930490493774 160 90 179
-6.7013936042785645 0.11793483793735504 -1.2982081174850464 160 90 179
-6.34628963470459 -0.12050110101699829 -1.2940536737442017 160 90 179
-5.990432262420654 -0.3365723192691803 -1.2852771282196045 160 90 179
-5.790097236633301 0.3209005296230316 -1.2912325859069824 160 90 179
-5.487451553344727 0.10078663378953934 -1.2770843505859375 160 90 179
-27.486797332763672 0.4826631546020508 0.7765375375747681 218 132 219
-21.02361297607422 1.1489026546478271 0.02792840264737606 218 132 219
-27.895484924316406 0.5049372911453247 -0.2298445701599121 218 132 219
-25.8488712310791 1.4216444492340088 -0.9121695756912231 218 132 219
-23.07695770263672 0.4269837439060211 -1.0327589511871338 218 132 219
-26.813262939453125 -0.4722403287887573 -1.4575432538986206 218 132 219
-28.804948806762695 -1.5554823875427246 -1.8472462892532349 218 132 219
-17.207115173339844 0.9560020565986633 -1.2371375560760498 179 51 7
-16.837968826293945 0.32212957739830017 -1.3739337921142578 160 90 179
-15.504631996154785 -0.26765677332878113 -1.4109693765640259 160 90 179
-13.360797882080078 -0.7189175486564636 -1.3494309186935425 160 90 179
-12.021069526672363 0.6729239821434021 -1.3105019330978394 179 51 7
-11.853619575500488 0.23381002247333527 -1.4059690237045288 160 90 179
-10.627476692199707 -0.17845281958580017 -1.3629230260849 160 90 179
-9.459648132324219 -0.5040373206138611 -1.3084304332733154 160 90 179
-9.195574760437012 0.521357536315918 -1.3447928428649902 160 90 179
-8.43756103515625 0.16981741786003113 -1.3143118619918823 160 90 179
-7.66259765625 -0.12559081614017487 -1.2691174745559692 160 90 179
-7.240446090698242 -0.3852849304676056 -1.2753609418869019 160 90 179
-7.0330376625061035 0.40736979246139526 -1.2957637310028076 160 90 179
-6.715723991394043 0.13879816234111786 -1.3010605573654175 160 90 179
-6.349568843841553 -0.10107717663049698 -1.2946529388427734 160 90 179
-5.973861217498779 -0.31725895404815674 -1.2815067768096924 160 90 179
-5.83585786819458 0.3413989841938019 -1.3016650676727295 160 90 179
-5.496854305267334 0.11783015727996826 -1.279350757598877 160 90 179
-27.77401351928711 0.5729473233222961 0.7846977114677429 218 132 219
-21.075895309448242 1.2166240215301514 0.028002683073282242 218 132 219
-27.42792510986328 0.5806543231010437 -0.22600571811199188 218 132 219
-47.59804153442383 -0.7163358330726624 -0.8492050766944885 218 132 219
-21.0953426361084 1.2251349687576294 -0.7445535063743591 218 132 219
-22.603120803833008 0.48758992552757263 -1.0116156339645386 218 132 219
-26.595930099487305 -0.3867962062358856 -1.4456580877304077 218 132 219
-29.3896427154541 -1.4966416358947754 -1.8844391107559204 218 132 219
-17.083620071411133 1.0017236471176147 -1.2284737825393677 179 51 7
-16.46921157836914 0.3656233549118042 -1.343929409980774 160 90 179
-15.504383087158203 -0.22007383406162262 -1.4108786582946777 160 90 179
-13.300338745117188 -0.6747479438781738 -1.343109130859375 160 90 179
-12.003068923950195 0.7088631391525269 -1.3087705373764038 179 51 7
-11.891566276550293 0.2710578739643097 -1.4105619192123413 160 90 179
-10.616072654724121 -0.14568401873111725 -1.3613967895507812 160 90 179
-9.451255798339844 -0.4745163917541504 -1.3070621490478516 160 90 179
-9.225539207458496 0.5514560341835022 -1.3494160175323486 160 90 179
-8.44984245300293 0.1960005760192871 -1.3163124322891235 160 90 179
-7.766526222229004 -0.10346153378486633 -1.2862720489501953 160 90 179
-7.250446796417236 -0.3635135591030121 -1.276919960975647 160 90 179
-7.044516563415527 0.4297234117984772 -1.2981153726577759 160 90 179
-6.706432819366455 0.15919138491153717 -1.299349069595337 160 90 179
-6.342990875244141 -0.08150836825370789 -1.2932546138763428 160 90 179
-5.96406364440918 -0.2983924448490143 -1.2792026996612549 160 90 179
-5.8562164306640625 0.3606213927268982 -1.3064465522766113 160 90 179
-5.495492935180664 0.13466984033584595 -1.2791240215301514 160 90 179
-27.461334228515625 0.6507889032363892 0.775916337966919 218 132 219
-21.124967575073242 1.2844949960708618 0.028072986751794815 218 132 219
-27.428014755249023 0.664847731590271 -0.22602221369743347 218 132 219
-21.19622230529785 1.29625403881073 -0.7482509016990662 218 132 219
-23.085887908935547 0.5688685774803162 -1.0332952737808228 218 132 219
-26.240543365478516 -0.3011089861392975 -1.426283597946167 218 132 219
-25.848424911499023 -1.236812710762024 -1.657128095626831 218 132 219
-17.068519592285156 1.0533933639526367 -1.2276145219802856 179 51 7
-16.42417335510254 0.41504067182540894 -1.3403518199920654 160 90 179
-15.53187370300293 -0.17280517518520355 -1.413325309753418 160 90 179
-13.297377586364746 -0.6337031126022339 -1.3426074981689453 160 90 179
-11.880780220031738 0.7382248044013977 -1.2956775426864624 179 51 7
-11.90259075164795 0.3078475296497345 -1.4119750261306763 160 90 179
-10.562911033630371 -0.11254303902387619 -1.354528784751892 160 90 179
-9.408140182495117 -0.443419486284256 -1.3009052276611328 160 90 179
-9.235654830932617 0.5805018544197083 -1.3511497974395752 160 90 179
-8.450188636779785 0.22194932401180267 -1.316466212272644 160 90 179
-7.763847827911377 -0.07960333675146103 -1.2857818603515625 160 90 179
-7.257430553436279 -0.34154561161994934 -1.2779594659805298 160 90 179
-7.077517509460449 0.4535349905490875 -1.3044469356536865 160 90 179
-6.698061943054199 0.17955520749092102 -1.2978278398513794 160 90 179
-6.336352348327637 -0.061980877071619034 -1.291856288909912 160 90 179
-5.960067272186279 -0.27986422181129456 -1.2781553268432617 160 90 179
-5.851186752319336 0.3783344030380249 -1.3055771589279175 160 90 179
-5.494080543518066 0.15150229632854462 -1.2788974046707153 160 90 179
-21.545198440551758 1.383955478668213 -0.760716438293457 218 132 219
-22.601701736450195 0.6263262629508972 -1.0117050409317017 218 132 219
-25.885879516601562 -0.21761445701122284 -1.4069632291793823 218 132 219
-25.773338317871094 -1.153978705406189 -1.6520795822143555 218 132 219
-16.853199005126953 1.0920166969299316 -1.212363362312317 179 51 7
-16.379981994628906 0.46421322226524353 -1.3368552923202515 160 90 179
-15.810173034667969 -0.12739197909832 -1.4386069774627686 160 90 179
-13.426486015319824 -0.5985763669013977 -1.3554514646530151 160 90 179
-11.822905540466309 0.7710480093955994 -1.2896177768707275 179 51 7
-11.907546043395996 0.3445350229740143 -1.4126815795898438 160 90 179
-10.574116706848145 -0.08021872490644455 -1.3559277057647705 160 90 179
-9.432217597961426 -0.4155564308166504 -1.3040521144866943 160 90 179
-9.1943359375 0.6062296628952026 -1.3453707695007324 160 90 179
-8.441566467285156 0.24764129519462585 -1.3152351379394531 160 90 179
-7.8390326499938965 -0.05632251501083374 -1.2981986999511719 160 90 179
-7.265331745147705 -0.3195814788341522 -1.2791720628738403 160 90 179
-7.111418724060059 0.4776189625263214 -1.3109591007232666 160 90 179
-6.683741092681885 0.19969326257705688 -1.2951656579971313 160 90 179
-6.32475471496582 -0.04246199131011963 -1.289459228515625 160 90 179
-5.885678291320801 -0.2582768499851227 -1.2620264291763306 160 90 179
-5.834416389465332 0.3952282667160034 -1.3020997047424316 160 90 179
-5.517927646636963 0.16910305619239807 -1.2845633029937744 160 90 179
-29.51487159729004 1.9764803647994995 0.03923771530389786 218 132 219
-21.202829360961914 1.427294135093689 -0.7487791180610657 218 132 219
-22.642610549926758 0.6969860196113586 -1.013627052307129 218 132 219
-25.653772354125977 -0.1369546353816986 -1.3943182229995728 218 132 219
-25.20243263244629 -1.0509521961212158 -1.6152701377868652 218 132 219
-16.65770721435547 1.130679726600647 -1.1985441446304321 179 51 7
-15.894329071044922 0.4992564618587494 -1.2973376512527466 179 51 7
-15.833395004272461 -0.07900074869394302 -1.4406911134719849 160 90 179
-13.535621643066406 -0.5618380308151245 -1.366288661956787 160 90 179
-11.68956470489502 0.7983750104904175 -1.2753344774246216 179 51 7
-11.831001281738281 0.37865105271339417 -1.4037317037582397 160 90 179
-10.594151496887207 -0.04786704480648041 -1.3584715127944946 160 90 179
-9.380990982055664 -0.3844669461250305 -1.2968004941940308 160 90 179
-9.098651885986328 0.6279621720314026 -1.3316453695297241 160 90 179
-8.42694091796875 0.2730904221534729 -1.3130807876586914 160 90 179
-7.861859321594238 -0.03236584737896919 -1.301956295967102 160 90 179
-7.265294075012207 -0.297249972820282 -1.278998851776123 160 90 179
-7.121693134307861 0.5002612471580505 -1.3131299018859863 160 90 179
-6.626185894012451 0.21832261979579926 -1.284136414527893 160 90 179
-6.311137676239014 -0.02300770953297615 -1.2866625785827637 160 90 179
-5.876673221588135 -0.2398199439048767 -1.2599319219589233 160 90 179
-5.8224663734436035 0.41236764192581177 -1.2997089624404907 160 90 179
-5.480392932891846 0.18478381633758545 -1.2759511470794678 160 90 179
-31.244413375854492 2.1677839756011963 1.1867520809173584 218 132 219
-20.40879249572754 1.4367530345916748 -0.7208900451660156 218 132 219
-22.630380630493164 0.7661112546920776 -1.013180136680603 218 132 219
-25.883731842041016 -0.05877077952027321 -1.406800389289856 218 132 219
-24.355915069580078 -0.9408084154129028 -1.56082284450531 218 132 219
-16.640230178833008 1.1807911396026611 -1.1975417137145996 179 51 7
-15.569987297058105 0.5368885397911072 -1.270992398262024 179 51 7
-15.886344909667969 -0.03052562288939953 -1.4454936981201172 160 90 179
-13.550207138061523 -0.5208054780960083 -1.3675931692123413 160 90 179
-11.556168556213379 0.8248910903930664 -1.261051058769226 179 51 7
-11.906200408935547 0.41762667894363403 -1.41279935836792 160 90 179
-10.600198745727539 -0.01537305023521185 -1.3592345714569092 160 90 179
-9.396973609924316 -0.35624754428863525 -1.298852801322937 160 90 179
-9.090761184692383 0.6554465293884277 -1.3307785987854004 160 90 179
-8.415201187133789 0.2985572814941406 -1.3113881349563599 160 90 179
-7.8530426025390625 -0.008236539550125599 -1.3004859685897827 160 90 179
-7.274044990539551 -0.2752569019794464 -1.2803846597671509 160 90 179
-7.126009941101074 0.522539496421814 -1.3142153024673462 160 90 179
-6.66669225692749 0.24013473093509674 -1.2921230792999268 160 90 179
-6.315097332000732 -0.0036475686356425285 -1.287461519241333 160 90 179
-5.868587493896484 -0.2214575856924057 -1.2580467462539673 160 90 179
-5.818253517150879 0.43001291155815125 -1.299056887626648 160 90 179
-5.5226263999938965 0.20317208766937256 -1.2859231233596802 160 90 179
-30.680042266845703 2.2436814308166504 0.04080425202846527 218 132 219
-21.045255661010742 0.7686371207237244 -0.17348936200141907 218 132 219
-21.47473907470703 1.5780189037322998 -0.7587093114852905 218 132 219
-19.993356704711914 0.7382552623748779 -0.895215630531311 218 132 219
-25.211782455444336 0.020103812217712402 -1.3702763319015503 218 132 219
-23.88595199584961 -0.8492729067802429 -1.530531644821167 218 132 219
-16.617630004882812 1.2304377555847168 -1.1961814165115356 179 51 7
-15.612091064453125 0.5862998366355896 -1.2745702266693115 179 51 7
-15.897317886352539 0.018225697800517082 -1.4464904069900513 160 90 179
-13.574610710144043 -0.4800403118133545 -1.3699010610580444 160 90 179
-11.25022029876709 0.837751030921936 -1.227939486503601 179 51 7
-11.899901390075684 0.45396316051483154 -1.4122105836868286 160 90 179
-10.609123229980469 0.017162414267659187 -1.3603792190551758 160 90 179
-9.434653282165527 -0.3286925256252289 -1.30391526222229 160 90 179
-9.086734771728516 0.6831851601600647 -1.3304896354675293 160 90 179
-8.412271499633789 0.3242972195148468 -1.3110803365707397 160 90 179
-7.855990409851074 0.015862269327044487 -1.300976037979126 160 90 179
-7.278792858123779 -0.25307604670524597 -1.2810777425765991 160 90 179
-7.1233930587768555 0.5443243980407715 -1.3140344619750977 160 90 179
-6.577633857727051 0.2571352422237396 -1.2750089168548584 160 90 179
-6.325857639312744 0.015753736719489098 -1.2896589040756226 160 90 179
-5.869239330291748 -0.2034519761800766 -1.2580467462539673 160 90 179
-5.819826602935791 0.44808584451675415 -1.2997089624404907 160 90 179
-5.510298252105713 0.2196487933397293 -1.2832034826278687 160 90 179
-13.61046314239502 1.0194268226623535 1.5203219652175903 178 215 34
-33.948822021484375 2.56482195854187 1.2900466918945312 218 132 219
-21.047792434692383 0.8333972096443176 -0.17353054881095886 218 132 219
-25.803749084472656 0.08668062835931778 -0.46031972765922546 218 132 219
-21.35520362854004 1.6351209878921509 -0.7546597719192505 218 132 219
-21.249731063842773 0.8499367237091064 -0.9515829086303711 218 132 219
-24.864118576049805 0.09610921889543533 -1.3513902425765991 218 132 219
-23.624128341674805 -0.7674017548561096 -1.513596773147583 218 132 219
-16.604825973510742 1.2807236909866333 -1.1955368518829346 179 51 7
-15.883085250854492 0.6452800631523132 -1.2968497276306152 179 51 7
-15.880257606506348 0.06692654639482498 -1.4449501037597656 160 90 179
-13.707284927368164 -0.4426305294036865 -1.3831465244293213 160 90 179
-11.235703468322754 0.8713399171829224 -1.226641058921814 179 51 7
-11.867694854736328 0.48920151591300964 -1.4085599184036255 160 90 179
-10.603069305419922 0.04968278110027313 -1.3596161603927612 160 90 179
-9.4930419921875 -0.3015701472759247 -1.311850905418396 160 90 179
-8.94845962524414 0.700404167175293 -1.3105517625808716 160 90 179
-8.412224769592285 0.35014528036117554 -1.3112342357635498 160 90 179
-7.852945327758789 0.039948977530002594 -1.3004859685897827 160 90 179
-7.299222469329834 -0.23136790096759796 -1.284542441368103 160 90 179
-7.125610828399658 0.5664878487586975 -1.3147579431533813 160 90 179
-6.674901962280273 0.2814498543739319 -1.2940247058868408 160 90 179
-6.335577487945557 0.0352155826985836 -1.291656494140625 160 90 179
-5.895245552062988 -0.18624721467494965 -1.2634927034378052 160 90 179
-5.836910724639893 0.4674190878868103 -1.3038383722305298 160 90 179
-5.504733085632324 0.23634421825408936 -1.282070279121399 160 90 179
-15.353342056274414 1.1876425743103027 2.8679769039154053 178 215 34
-13.608261108398438 1.0612555742263794 1.520432710647583 178 215 34
-29.696949005126953 2.33524489402771 1.1287435293197632 218 132 219
-30.606882095336914 2.4272241592407227 0.04072599112987518 218 132 219
-33.13972091674805 1.4140262603759766 -0.2732580900192261 218 132 219
-25.67138671875 0.16499675810337067 -0.45796534419059753 218 132 219
-21.216590881347656 1.689996600151062 -0.7499411702156067 218 132 219
-21.233049392700195 0.9145241379737854 -0.9509570598602295 218 132 219
-24.832752227783203 0.17217618227005005 -1.349707841873169 218 132 219
-23.4158935546875 -0.6887295842170715 -1.500112771987915 218 132 219
-16.55110740661621 1.3276729583740234 -1.191956877708435 179 51 7
-15.856138229370117 0.6929178237915039 -1.2948169708251953 179 51 7
-15.840143203735352 0.11535608023405075 -1.4413254261016846 160 90 179
-13.727474212646484 -0.40112724900245667 -1.3850531578063965 160 90 179
-10.939667701721191 0.8821545243263245 -1.194611668586731 179 51 7
-11.823478698730469 0.5237191915512085 -1.4034960269927979 160 90 179
-10.584022521972656 0.08206618577241898 -1.3571996688842773 160 90 179
-9.489962577819824 -0.2723308205604553 -1.311303734779358 160 90 179
-8.897942543029785 0.723922610282898 -1.3034723997116089 160 90 179
-8.411110877990723 0.37595197558403015 -1.3112342357635498 160 90 179
-7.840947151184082 0.0639447420835495 -1.298525333404541 160 90 179
-7.324510097503662 -0.20967766642570496 -1.288873314857483 160 90 179
-7.1218791007995605 0.5881843566894531 -1.3143961429595947 160 90 179
-6.689698696136475 0.3026367127895355 -1.2970671653747559 160 90 179
-6.336419582366943 0.05466114729642868 -1.291856288909912 160 90 179
-5.90165376663208 -0.16832725703716278 -1.264749526977539 160 90 179
-5.873385906219482 0.4884794056415558 -1.312314748764038 160 90 179
-5.50300931930542 0.2531866133213043 -1.281843662261963 160 90 179
-16.071836471557617 1.2928357124328613 3.0029168128967285 178 215 34
-29.687650680541992 2.426179885864258 1.1286677122116089 218 132 219
-33.79745101928711 2.784613609313965 0.04498257115483284 218 132 219
-21.09622573852539 0.9649958610534668 -0.1739753931760788 218 132 219
-28.20224380493164 0.2677921950817108 -0.5031269192695618 218 132 219
-26.896339416503906 2.2254750728607178 -0.9509395956993103 218 132 219
-19.879934310913086 0.9173567295074463 -0.8904774188995361 218 132 219
-24.32288360595703 0.24326813220977783 -1.3220298290252686 218 132 219
-23.2532901763916 -0.6125512719154358 -1.4895684719085693 218 132 219
-16.59566307067871 1.3825021982192993 -1.195465326309204 179 51 7
-15.629927635192871 0.7310824990272522 -1.2765215635299683 179 51 7
-15.814818382263184 0.16369472444057465 -1.4390599727630615 160 90 179
-13.730628967285156 -0.3590620756149292 -1.3852537870407104 160 90 179
-10.928983688354492 0.9150491952896118 -1.1937459707260132 179 51 7
-11.767260551452637 0.5574064254760742 -1.3970191478729248 160 90 179
-10.600582122802734 0.11471959203481674 -1.3593617677688599 160 90 179
-9.504616737365723 -0.24357002973556519 -1.3132191896438599 160 90 179
-8.854268074035645 0.7477205991744995 -1.297404408454895 179 51 7
-8.418800354003906 0.402179479598999 -1.3126192092895508 160 90 179
-7.839727878570557 0.08798905462026596 -1.2983620166778564 160 90 179
-7.329056739807129 -0.18730604648590088 -1.289566159248352 160 90 179
-7.106322288513184 0.6088558435440063 -1.311863660812378 160 90 179
-6.697564601898193 0.3235854208469391 -1.2987786531448364 160 90 179
-6.2549004554748535 0.07314971089363098 -1.2752760648727417 160 90 179
-5.892367839813232 -0.14997166395187378 -1.2626549005508423 160 90 179
-5.9282636642456055 0.5113617181777954 -1.324920654296875 160 90 179
-5.5129075050354 0.27059367299079895 -1.2843366861343384 160 90 179
-18.514659881591797 1.5627943277359009 1.3843566179275513 178 215 34
-29.67608642578125 2.516911268234253 1.1285163164138794 218 132 219
-32.90354537963867 1.588421106338501 0.930506706237793 218 132 219
-27.180288314819336 0.3267784118652344 0.508162796497345 218 132 219
-34.190284729003906 2.9226133823394775 0.045517127960920334 218 132 219
-21.124128341674805 1.0312250852584839 -0.17423076927661896 218 132 219
-28.216285705566406 0.3545026183128357 -0.5033944845199585 218 132 219
-16.578718185424805 1.4229917526245117 -0.5863041877746582 3 156 114
-19.781238555908203 0.9736284613609314 -0.8861861824989319 218 132 219
-24.427858352661133 0.3192718029022217 -1.3277825117111206 218 132 219
-23.24508285522461 -0.5409761071205139 -1.4889293909072876 218 132 219
-16.549606323242188 1.4298045635223389 -1.1924580335617065 179 51 7
-15.674396514892578 0.7813632488250732 -1.2803432941436768 179 51 7
-15.711675643920898 0.2108367681503296 -1.4297267198562622 160 90 179
-13.766481399536133 -0.31773895025253296 -1.3887659311294556 160 90 179
-10.83500862121582 0.9406640529632568 -1.1837908029556274 179 51 7
-11.769461631774902 0.5937052965164185 -1.39749014377594 160 90 179
-10.589269638061523 0.1470896303653717 -1.357962727546692 160 90 179
-9.642976760864258 -0.21751423180103302 -1.3322374820709229 160 90 179
-8.82236099243164 0.7722929120063782 -1.2930700778961182 179 51 7
-8.426407814025879 0.42845767736434937 -1.3140040636062622 160 90 179
-7.852244853973389 0.11222387105226517 -1.3004859685897827 160 90 179
-7.347320556640625 -0.16521847248077393 -1.2926844358444214 160 90 179
-7.110299110412598 0.6311766505241394 -1.3129490613937378 160 90 179
-6.718110084533691 0.34524020552635193 -1.302962064743042 160 90 179
-6.354579925537109 0.09381447732448578 -1.2956517934799194 160 90 179
-5.946566581726074 -0.1330968290567398 -1.2741754055023193 160 90 179
-5.892639636993408 0.5265066027641296 -1.3173136711120605 160 90 179
-5.559711456298828 0.28999167680740356 -1.295441746711731 160 90 179
-18.508785247802734 1.6195021867752075 1.3842823505401611 178 215 34
-33.08444595336914 1.6855922937393188 2.149217367172241 218 132 219
-15.820597648620605 1.3906878232955933 0.601781964302063 3 156 114
-28.467529296875 2.521426200866699 0.037908609956502914 218 132 219
-21.003026962280273 1.089913249015808 -0.1732587069272995 218 132 219
-25.37786293029785 0.3967151939868927 -0.4527750015258789 218 132 219
-20.175819396972656 1.7941110134124756 -0.7137064933776855 218 132 219
-19.882909774780273 1.0397899150848389 -0.8908796906471252 218 132 219
-24.024410247802734 0.3877204954624176 -1.3059115409851074 218 132 219
-23.11393165588379 -0.46697765588760376 -1.4804298877716064 218 132 219
-15.660958290100098 1.4014486074447632 -1.1287323236465454 179 51 7
-15.715719223022461 0.8317657709121704 -1.2839211225509644 179 51 7
-15.638264656066895 0.25784003734588623 -1.4231117963790894 160 90 179
-13.816133499145508 -0.2764779031276703 -1.3936827182769775 160 90 179
-10.743949890136719 0.9659780263900757 -1.174160361289978 179 51 7
-11.545461654663086 0.6179224848747253 -1.3711113929748535 160 90 179
-10.586785316467285 0.17954272031784058 -1.3577083349227905 160 90 179
-9.647560119628906 -0.1880061775445938 -1.3327847719192505 160 90 179
-8.76969051361084 0.794800877571106 -1.2857016324996948 179 51 7
-8.43294620513916 0.45473310351371765 -1.3152351379394531 160 90 179
-7.864686965942383 0.13653631508350372 -1.3026098012924194 160 90 179
-7.334007263183594 -0.14240875840187073 -1.2902591228485107 160 90 179
-7.109308242797852 0.6530777215957642 -1.3131299018859863 160 90 179
-6.7493696212768555 0.3676114082336426 -1.3092372417449951 160 90 179
-6.365038871765137 0.11350177973508835 -1.2978490591049194 160 90 179
-5.972365379333496 -0.11534329503774643 -1.2796216011047363 160 90 179
-5.908491611480713 0.5461997985839844 -1.321225881576538 160 90 179
-5.58116340637207 0.3082827925682068 -1.300654411315918 160 90 179
-15.578486442565918 1.3975715637207031 2.913017749786377 178 215 34
-18.478900909423828 1.6740294694900513 1.3824248313903809 178 215 34
-15.927716255187988 1.4493606090545654 0.606022834777832 3 156 114
-29.418010711669922 0.5342300534248352 0.5500501990318298 218 132 219
-16.766691207885742 1.536916971206665 0.022333435714244843 3 156 114
-25.350868225097656 1.3935339450836182 -0.20915929973125458 218 132 219
-25.361530303955078 0.4742910861968994 -0.4525074362754822 218 132 219
-16.119853973388672 1.483298897743225 -0.5703876614570618 3 156 114
-19.930498123168945 1.1036018133163452 -0.8931594491004944 218 132 219
-23.108627319335938 0.44385960698127747 -1.2561997175216675 218 132 219
-23.312822341918945 -0.39944806694984436 -1.493083119392395 218 132 219
-15.642681121826172 1.4482018947601318 -1.127729892730713 179 51 7
-15.683239936828613 0.8783051371574402 -1.2814817428588867 179 51 7
-15.560731887817383 0.3043169677257538 -1.4161344766616821 160 90 179
-13.897496223449707 -0.2354544699192047 -1.401810646057129 160 90 179
-10.689462661743164 0.994148313999176 -1.1685335636138916 179 51 7
-11.637700080871582 0.6586714386940002 -1.3822988271713257 160 90 179
-10.607009887695312 0.21243877708911896 -1.3603792190551758 160 90 179
-9.64413070678711 -0.15834194421768188 -1.3322374820709229 160 90 179
-8.737654685974121 0.8189321160316467 -1.2813674211502075 179 51 7
-8.4443359375 0.4813339114189148 -1.3172355890274048 160 90 179
-7.925385475158691 0.16191355884075165 -1.3127392530441284 160 90 179
-7.361982345581055 -0.12035844475030899 -1.295109748840332 160 90 179
-7.107271194458008 0.6748856902122498 -1.3131299018859863 160 90 179
-6.733508110046387 0.38747045397758484 -1.3063849210739136 160 90 179
-6.382293701171875 0.13339747488498688 -1.3014448881149292 160 90 179
-5.9599809646606445 -0.09681332856416702 -1.2768985033035278 160 90 179
-5.9145612716674805 0.5650668740272522 -1.3229645490646362 160 90 179
-5.603527545928955 0.32676491141319275 -1.3060935735702515 160 90 179
-16.629961013793945 1.5468591451644897 2.480896472930908 178 215 34
-13.343985557556152 1.2468476295471191 1.4928669929504395 178 215 34
-18.33566665649414 1.7177844047546387 1.3720972537994385 178 215 34
-16.069442749023438 1.5119798183441162 0.6115888953208923 3 156 114
-27.42502784729004 0.5822091698646545 0.5128169059753418 218 132 219
-16.802715301513672 1.592216968536377 0.022387821227312088 3 156 114
-21.118732452392578 1.225892424583435 -0.17427195608615875 218 132 219
-27.43413543701172 0.5972526669502258 -0.48951780796051025 218 132 219
-18.07516098022461 1.719159722328186 -0.6397582292556763 3 156 114
-19.7973690032959 1.1571645736694336 -0.8873484134674072 218 132 219
-22.591045379638672 0.5032564997673035 -1.2281419038772583 218 132 219
-23.105384826660156 -0.32499006390571594 -1.4797269105911255 218 132 219
-15.620291709899902 1.4944761991500854 -1.1264410018920898 179 51 7
-15.516303062438965 0.9167172908782959 -1.268065094947815 179 51 7
-15.445226669311523 0.3494645357131958 -1.405713677406311 160 90 179
-13.936952590942383 -0.1933547407388687 -1.405724048614502 160 90 179
-10.684383392333984 1.0267482995986938 -1.168317198753357 179 51 7
-11.506758689880371 0.6866820454597473 -1.3669897317886353 160 90 179
-10.608292579650879 0.24502544105052948 -1.3606337308883667 160 90 179
-9.650513648986816 -0.12883275747299194 -1.3330583572387695 160 90 179
-8.726237297058105 0.844876766204834 -1.2800670862197876 179 51 7
-8.43591594696045 0.506823718547821 -1.316158413887024 160 90 179
-7.936686038970947 0.18650564551353455 -1.314699649810791 160 90 179
-7.354438781738281 -0.09766701608896255 -1.2937239408493042 160 90 179
-7.103209972381592 0.6964953541755676 -1.3127681016921997 160 90 179
-6.726408004760742 0.4077703058719635 -1.305243968963623 160 90 179
-6.391650199890137 0.15321224927902222 -1.303442358970642 160 90 179
-5.913319110870361 -0.07790958136320114 -1.2668441534042358 160 90 179
-5.899200916290283 0.5818684697151184 -1.319921851158142 160 90 179
-5.615136623382568 0.3447306454181671 -1.309039831161499 160 90 179
-16.45479965209961 1.5815004110336304 2.455477714538574 178 215 34
-13.328227043151855 1.2866345643997192 1.4915385246276855 178 215 34
-18.327333450317383 1.7737411260604858 1.3718743324279785 178 215 34
-16.036880493164062 1.5585665702819824 0.6105287075042725 3 156 114
-34.276458740234375 2.076585531234741 0.9699801206588745 218 132 219
-16.966943740844727 1.660315990447998 0.022613316774368286 3 156 114
-27.429174423217773 0.6813421249389648 -0.48946428298950195 218 132 219
-17.279098510742188 1.6969517469406128 -0.6117635369300842 3 156 114
-19.952266693115234 1.2276514768600464 -0.8944557309150696 218 132 219
-22.60137367248535 0.5728660821914673 -1.2287930250167847 218 132 219
-22.872766494750977 -0.2515343129634857 -1.464773178100586 218 132 219
-15.62655258178711 1.543470025062561 -1.1272287368774414 179 51 7
-15.515408515930176 0.9644400477409363 -1.2682278156280518 179 51 7
-15.260899543762207 0.3921411633491516 -1.389040470123291 160 90 179
-13.952404022216797 -0.15075711905956268 -1.4072293043136597 160 90 179
-10.667333602905273 1.0581488609313965 -1.1668022871017456 179 51 7
-11.503605842590332 0.7219188213348389 -1.3668718338012695 160 90 179
-10.606498718261719 0.2775441110134125 -1.3605064153671265 160 90 179
-9.658787727355957 -0.09930627048015594 -1.3341529369354248 160 90 179
-8.708834648132324 0.8701688051223755 -1.277899980545044 179 51 7
-8.436293601989746 0.5328269004821777 -1.316466212272644 160 90 179
-7.93311882019043 0.21077558398246765 -1.3142096996307373 160 90 179
-7.3478102684021 -0.07503306120634079 -1.292511224746704 160 90 179
-7.099081993103027 0.7180864214897156 -1.312406301498413 160 90 179
-6.7672553062438965 0.43108850717544556 -1.3134207725524902 160 90 179
-6.3940887451171875 0.17290028929710388 -1.3040417432785034 160 90 179
-6.0113067626953125 -0.06075562536716461 -1.2877906560897827 160 90 179
-5.890590190887451 0.5992727279663086 -1.3184003829956055 160 90 179
-5.579061508178711 0.3597000539302826 -1.300881028175354 160 90 179
-15.856500625610352 1.5697543621063232 2.9675796031951904 178 215 34
-18.329742431640625 1.8307530879974365 1.3724685907363892 178 215 34
-16.125486373901367 1.617132544517517 0.6140879392623901 3 156 114
-29.218172073364258 1.8601233959197998 0.8269947171211243 218 132 219
-16.796607971191406 1.6956883668899536 0.022393126040697098 3 156 114
-29.185911178588867 1.8739253282546997 -0.24093273282051086 218 132 219
-16.587751388549805 1.6804527044296265 -0.5874662399291992 3 156 114
-19.81880760192871 1.2804850339889526 -0.8886446952819824 218 132 219
-22.49171257019043 0.6391401886940002 -1.2229318618774414 218 132 219
-22.421369552612305 -0.17777612805366516 -1.4358240365982056 218 132 219
-15.497706413269043 1.5787686109542847 -1.1182785034179688 179 51 7
-15.423858642578125 1.0062611103057861 -1.2609909772872925 179 51 7
-15.003787994384766 0.4315996766090393 -1.3657523393630981 160 90 179
-14.008516311645508 -0.10838209837675095 -1.4128484725952148 160 90 179
-10.629422187805176 1.0873298645019531 -1.1630150079727173 179 51 7
-11.369548797607422 0.7485315203666687 -1.3512095212936401 160 90 179
-10.603614807128906 0.3100251257419586 -1.3602521419525146 160 90 179
-9.654093742370605 -0.06963733583688736 -1.3334687948226929 160 90 179
-8.660846710205078 0.8922186493873596 -1.271254062652588 179 51 7
-8.465182304382324 0.5607311129570007 -1.3212366104125977 160 90 179
-7.900877952575684 0.23417773842811584 -1.3089815378189087 160 90 179
-7.355884552001953 -0.052546221762895584 -1.2938971519470215 160 90 179
-7.101737022399902 0.7403726577758789 -1.3133107423782349 160 90 179
-6.761982440948486 0.45158642530441284 -1.3126600980758667 160 90 179
-6.370022296905518 0.19180847704410553 -1.29924738407135 160 90 179
-5.987998008728027 -0.04214773327112198 -1.2827634811401367 160 90 179
-5.8838701248168945 0.6168330907821655 -1.3173136711120605 160 90 179
-5.545863628387451 0.3746483027935028 -1.293402075767517 160 90 179
-15.57874584197998 1.5905355215072632 2.916496753692627 178 215 34
-13.285478591918945 1.3648359775543213 1.4876638650894165 178 215 34
-18.333959579467773 1.8880008459091187 1.3732116222381592 178 215 34
-15.96638298034668 1.6506692171096802 0.6082189679145813 3 156 114
-31.232027053833008 2.0845580101013184 0.8841719031333923 218 132 219
-16.991247177124023 1.7680141925811768 0.022659743204712868 3 156 114
-29.153087615966797 1.9616448879241943 -0.2407103031873703 218 132 219
-28.257957458496094 -0.15116553008556366 -0.7755072712898254 218 132 219
-16.592456817626953 1.7323729991912842 -0.5878183841705322 3 156 114
-19.191835403442383 1.2991141080856323 -0.8607069253921509 218 132 219
-22.42876625061035 0.7062238454818726 -1.2196214199066162 218 132 219
-21.742210388183594 -0.10568410903215408 -1.392304539680481 218 132 219
-15.441206932067871 1.6208926439285278 -1.1145551204681396 179 51 7
-15.715033531188965 1.073685646057129 -1.2850594520568848 179 51 7
-14.805307388305664 0.47135403752326965 -1.3478105068206787 160 90 179
-14.016741752624512 -0.06544122099876404 -1.4136512279510498 160 90 179
-10.590445518493652 1.1161842346191406 -1.1591196060180664 179 51 7
-10.99866008758545 0.75801020860672 -1.3074016571044922 179 51 7
-10.63037109375 0.34345191717147827 -1.3638132810592651 160 90 179
-9.672093391418457 -0.040092576295137405 -1.3359317779541016 160 90 179
-8.661020278930664 0.9190987348556519 -1.271687388420105 179 51 7
-8.461451530456543 0.5865626335144043 -1.3209288120269775 160 90 179
-7.822226047515869 0.25586816668510437 -1.2960747480392456 160 90 179
-7.363889694213867 -0.03001054935157299 -1.2952829599380493 160 90 179
-7.099431991577148 0.7621569633483887 -1.3133107423782349 160 90 179
-6.778193950653076 0.4735614061355591 -1.3160829544067383 160 90 179
-6.328273296356201 0.20998573303222656 -1.2908575534820557 160 90 179
-5.990055084228516 -0.02378438040614128 -1.2831825017929077 160 90 179
-5.873216152191162 0.6339389085769653 -1.3153576850891113 160 90 179
-5.559261322021484 0.3926904499530792 -1.2968015670776367 160 90 179
-16.77794075012207 1.7685490846633911 2.506021499633789 178 215 34
-13.175477027893066 1.3943969011306763 1.4758182764053345 178 215 34
-18.344940185546875 1.9460281133651733 1.3744747638702393 178 215 34
-13.78014850616455 1.4673899412155151 0.5251061916351318 3 156 114
-29.995969772338867 2.0945141315460205 0.8493573665618896 218 132 219
-27.147560119628906 2.9090399742126465 0.03621606156229973 218 132 219
-21.19634246826172 0.7217774391174316 -0.37834402918815613 218 132 219
-29.86967658996582 -0.0681469663977623 -0.8197295069694519 218 132 219
-16.104148864746094 1.7313517332077026 -0.5707046389579773 3 156 114
-21.415950775146484 1.515684962272644 -0.9606571197509766 218 132 219
-20.40668296813965 0.705228865146637 -1.1097779273986816 218 132 219
-21.72945785522461 -0.038956187665462494 -1.3914737701416016 218 132 219
-15.41434383392334 1.6659001111984253 -1.1129798889160156 179 51 7
-15.670904159545898 1.1189831495285034 -1.2817256450653076 179 51 7
-14.673410415649414 0.5122224688529968 -1.3359400033950806 160 90 179
-13.980064392089844 -0.022379223257303238 -1.4099385738372803 160 90 179
-10.62749195098877 1.1530665159225464 -1.1635559797286987 179 51 7
-10.77936840057373 0.7761318683624268 -1.281611680984497 179 51 7
-10.863204956054688 0.3843405246734619 -1.393829107284546 160 90 179
-9.640471458435059 -0.010384675115346909 -1.331553339958191 160 90 179
-8.647339820861816 0.944484293460846 -1.2700982093811035 179 51 7
-8.473408699035645 0.613518238067627 -1.3230831623077393 160 90 179
-7.834221363067627 0.2803238332271576 -1.2981986999511719 160 90 179
-7.378720760345459 -0.007433194667100906 -1.2978816032409668 160 90 179
-7.090217590332031 0.7831782698631287 -1.3120445013046265 160 90 179
-6.779646396636963 0.4945686459541321 -1.3166534900665283 160 90 179
-6.28549337387085 0.22787311673164368 -1.282267689704895 160 90 179
-5.970543384552002 -0.005389386788010597 -1.2789932489395142 160 90 179
-5.86057186126709 0.6507697105407715 -1.3129668235778809 160 90 179
-5.535689830780029 0.40809717774391174 -1.2915890216827393 160 90 179
-15.858973503112793 1.7175325155258179 2.9708752632141113 178 215 34
-17.81972885131836 1.9336588382720947 2.6625006198883057 178 215 34
-13.607836723327637 1.482384443283081 1.5247502326965332 178 215 34
-18.343841552734375 2.0028417110443115 1.374846339225769 178 215 34
-15.331145286560059 1.680133581161499 0.5844021439552307 3 156 114
-15.51162338256836 1.1309540271759033 0.4393188953399658 3 156 114
-27.635496139526367 3.047111988067627 0.0368792861700058 218 132 219
-21.03016471862793 0.7807202935218811 -0.37541884183883667 218 132 219
-16.234844207763672 1.795803189277649 -0.5755288600921631 3 156 114
-21.11729621887207 1.5596740245819092 -0.947470486164093 218 132 219
-19.76282501220703 0.7436886429786682 -1.074881911277771 218 132 219
-21.90611457824707 0.027934279292821884 -1.4027849435806274 218 132 219
-15.283262252807617 1.6991854906082153 -1.1038864850997925 179 51 7
-15.661434173583984 1.1666113138198853 -1.2812377214431763 179 51 7
-14.598127365112305 0.5544404983520508 -1.3292343616485596 179 51 7
-13.882561683654785 0.020368056371808052 -1.4001047611236572 160 90 179
-10.615013122558594 1.1846734285354614 -1.1625821590423584 179 51 7
-10.751190185546875 0.8072656393051147 -1.2785497903823853 179 51 7
-10.865939140319824 0.41781899333000183 -1.3943378925323486 160 90 179
-9.625598907470703 0.019162341952323914 -1.3295009136199951 160 90 179
-8.643418312072754 0.9708989858627319 -1.2699536085128784 179 51 7
-8.46951675415039 0.639362633228302 -1.3227754831314087 160 90 179
-7.826423645019531 0.30408942699432373 -1.2970550060272217 160 90 179
-7.410224437713623 0.015269377268850803 -1.3034250736236572 160 90 179
-7.075077533721924 0.8034843802452087 -1.3096928596496582 160 90 179
-6.80452823638916 0.517375648021698 -1.321787714958191 160 90 179
-6.298471927642822 0.2476947158575058 -1.2850643396377563 160 90 179
-5.976398944854736 0.012940711341798306 -1.2802499532699585 160 90 179
-5.85175895690918 0.6679717302322388 -1.3114454746246338 160 90 179
-5.457693099975586 0.4191860556602478 -1.2736848592758179 160 90 179
-16.139907836914062 1.7980718612670898 3.024521827697754 178 215 34
-13.138031005859375 1.472004771232605 1.4726078510284424 178 215 34
-18.146345138549805 2.0376334190368652 1.3605064153671265 178 215 34
-13.440217018127441 1.5146509408950806 0.5124972462654114 3 156 114
-15.31870174407959 1.164145827293396 0.4339540898799896 3 156 114
-29.482765197753906 2.256589412689209 -0.24359355866909027 218 132 219
-20.966732025146484 0.8427867293357849 -0.3743308484554291 218 132 219
-28.703981399536133 0.11063862591981888 -0.7877424955368042 218 132 219
-18.66007423400879 2.1220366954803467 -0.661731481552124 3 156 114
-20.869373321533203 1.6057535409927368 -0.9365636110305786 218 132 219
-21.754852294921875 0.8854954242706299 -1.1833686828613281 218 132 219
-21.718311309814453 0.09432631731033325 -1.3907707929611206 218 132 219
-15.22842788696289 1.740403175354004 -1.1003063917160034 179 51 7
-15.513693809509277 1.203476905822754 -1.2694474458694458 179 51 7
-14.551580429077148 0.5973860621452332 -1.3251566886901855 179 51 7
-14.409753799438477 0.06535053998231888 -1.4532872438430786 160 90 179
-10.616266250610352 1.2178007364273071 -1.1631232500076294 179 51 7
-10.654610633850098 0.8328937292098999 -1.267362356185913 179 51 7
-10.856678009033203 0.4508240520954132 -1.3933204412460327 160 90 179
-9.734458923339844 0.04924440011382103 -1.34455144405365 160 90 179
-8.600096702575684 0.9927598237991333 -1.2640302181243896 179 51 7
-8.449783325195312 0.663950502872467 -1.3200054168701172 160 90 179
-7.84221076965332 0.328801691532135 -1.2998323440551758 160 90 179
-7.453477382659912 0.038225796073675156 -1.3110474348068237 160 90 179
-7.042295932769775 0.8216533660888672 -1.3040850162506104 179 51 7
-6.838141918182373 0.5410369038581848 -1.328633427619934 160 90 179
-6.288871765136719 0.2666434347629547 -1.283266544342041 160 90 179
-6.023265361785889 0.03152160719037056 -1.2903043031692505 160 90 179
-5.8332014083862305 0.6839890480041504 -1.3077505826950073 160 90 179
-5.535994052886963 0.4422885477542877 -1.2922688722610474 160 90 179
-15.927251815795898 1.8238686323165894 2.985706090927124 178 215 34
-16.38949203491211 1.880278468132019 2.4504823684692383 178 215 34
-13.118642807006836 1.5105993747711182 1.470947265625 178 215 34
-17.976547241210938 2.0744333267211914 1.3482468128204346 178 215 34
-33.59434127807617 2.643120765686035 2.186249256134033 218 132 219
-15.834739685058594 1.8337172269821167 0.6040160059928894 3 156 114
-15.466525077819824 1.2231156826019287 0.4382459223270416 3 156 114
-28.131792068481445 3.276667594909668 0.03756771236658096 218 132 219
-29.826580047607422 2.374969482421875 -0.24649327993392944 218 132 219
-20.98002815246582 0.907799243927002 -0.37461620569229126 218 132 219
-26.49639129638672 0.18342186510562897 -0.7271701097488403 218 132 219
-12.804908752441406 1.4959900379180908 -0.4542537033557892 3 156 114
-18.636707305908203 1.4914942979812622 -0.8365686535835266 218 132 219
-20.23472785949707 0.885811448097229 -1.100823163986206 218 132 219
-21.483407974243164 0.1592186987400055 -1.3757531642913818 218 132 219
-15.25174617767334 1.7904876470565796 -1.1023828983306885 179 51 7
-15.409589767456055 1.24297297000885 -1.2612348794937134 179 51 7
-14.48699951171875 0.6392610669136047 -1.3194479942321777 179 51 7
-14.467190742492676 0.10999748110771179 -1.4591072797775269 160 90 179
-10.620379447937012 1.2512959241867065 -1.1639889478683472 179 51 7
-10.486712455749512 0.8521460890769958 -1.247696042060852 179 51 7
-10.851279258728027 0.48395293951034546 -1.39281165599823 160 90 179
-9.787753105163574 0.07954377681016922 -1.3519399166107178 160 90 179
-8.465338706970215 1.003530740737915 -1.2446702718734741 179 51 7
-8.438843727111816 0.6891471147537231 -1.3186205625534058 160 90 179
-7.845107555389404 0.35303711891174316 -1.3004859685897827 160 90 179
-7.46809720993042 0.061213649809360504 -1.3136459589004517 160 90 179
-7.022164821624756 0.8411494493484497 -1.3008289337158203 179 51 7
-6.852105140686035 0.5633004307746887 -1.3316758871078491 160 90 179
-6.207759857177734 0.28228628635406494 -1.2668861150741577 160 90 179
-6.026073455810547 0.05002492293715477 -1.2909326553344727 160 90 179
-5.81072473526001 0.6994321942329407 -1.3031864166259766 160 90 179
-5.551112174987793 0.46063992381095886 -1.2961217164993286 160 90 179
-16.134429931640625 1.8977596759796143 3.025620460510254 178 215 34
-16.396413803100586 1.9320565462112427 2.452392101287842 178 215 34
-16.291595458984375 1.3186341524124146 2.264549493789673 178 215 34
-13.12480354309082 1.5521235466003418 1.4721649885177612 178 215 34
-17.4422664642334 2.067023277282715 1.3086450099945068 178 215 34
-15.824077606201172 1.8816989660263062 0.603826642036438 3 156 114
-15.800426483154297 1.2983113527297974 0.4478178024291992 3 156 114
-27.900541305541992 0.27046704292297363 0.25323614478111267 218 132 219
-27.48415184020996 3.2867283821105957 0.03671613335609436 218 132 219
-20.980140686035156 0.9722996950149536 -0.37466973066329956 218 132 219
-25.311206817626953 0.25287681818008423 -0.6946618556976318 218 132 219
-15.620284080505371 1.8735029697418213 -0.5543303489685059 3 156 114
-16.58515739440918 1.3785301446914673 -0.7446645498275757 3 156 114
-19.80301856994629 0.9277923107147217 -1.0774868726730347 218 132 219
-21.441904067993164 0.22469934821128845 -1.3731329441070557 218 132 219
-15.143193244934082 1.8248602151870728 -1.0949362516403198 179 51 7
-14.405539512634277 1.2064783573150635 -1.1793534755706787 179 51 7
-14.401408195495605 0.6797593235969543 -1.3118362426757812 179 51 7
-14.506580352783203 0.15480636060237885 -1.463120937347412 160 90 179
-10.621424674987793 1.284469485282898 -1.164529800415039 179 51 7
-10.430614471435547 0.879807710647583 -1.2413368225097656 179 51 7
-10.8358736038208 0.5165807008743286 -1.39103102684021 160 90 179
-9.765670776367188 0.10932783782482147 -1.348929762840271 160 90 179
-8.343365669250488 1.0150376558303833 -1.2271884679794312 179 51 7
-8.423891067504883 0.7139491438865662 -1.316620111465454 160 90 179
-7.874535083770752 0.3785725235939026 -1.3055505752563477 160 90 179
-7.463935375213623 0.08408079296350479 -1.312952995300293 160 90 179
-6.984409332275391 0.8583703637123108 -1.2943166494369507 179 51 7
-6.851322650909424 0.5844031572341919 -1.3318660259246826 160 90 179
-6.280266284942627 0.3048936128616333 -1.2818682193756104 160 90 179
-6.036646842956543 0.06863470375537872 -1.2932367324829102 160 90 179
-5.804676055908203 0.7167774438858032 -1.3023170232772827 160 90 179
-5.561317443847656 0.4786706268787384 -1.2988413572311401 160 90 179
-16.238819122314453 1.9605659246444702 3.0463099479675293 178 215 34
-16.147911071777344 1.3469492197036743 2.8516602516174316 178 215 34
-16.380592346191406 1.981163501739502 2.450923204421997 178 215 34
-16.368410110473633 1.3754109144210815 2.2758026123046875 178 215 34
-13.153524398803711 1.5964539051055908 1.4759290218353271 178 215 34
-13.645133972167969 1.1535338163375854 1.3883099555969238 178 215 34
-17.942691802978516 2.1821680068969727 1.3466864824295044 178 215 34
-15.297749519348145 1.2980833053588867 0.9960451126098633 178 215 34
-16.11481475830078 1.9664288759231567 0.61514812707901 3 156 114
-15.492591857910156 1.320880651473999 0.43920591473579407 3 156 114
-27.424638748168945 0.35000208020210266 0.24892522394657135 218 132 219
-12.927042961120605 1.58613920211792 0.01727568358182907 3 156 114
-29.992774963378906 2.573496103286743 -0.24799257516860962 218 132 219
-20.95209312438965 1.0354275703430176 -0.37422382831573486 218 132 219
-19.353919982910156 2.381570339202881 -0.6870851516723633 218 132 219
-18.62720489501953 1.6058188676834106 -0.8365686535835266 218 132 219
-19.823017120361328 0.989687979221344 -1.078735113143921 218 132 219
-21.333345413208008 0.2890210747718811 -1.3662312030792236 218 132 219
-14.798977851867676 1.8294590711593628 -1.070448398590088 179 51 7
-14.87143611907959 1.291454553604126 -1.2178140878677368 179 51 7
-14.159549713134766 0.7118875980377197 -1.2899980545043945 179 51 7
-14.488130569458008 0.19906514883041382 -1.4613147974014282 160 90 179
-10.609541893005371 1.316070556640625 -1.1636642217636108 179 51 7
-10.421930313110352 0.9112852811813354 -1.2406302690505981 179 51 7
-10.71635627746582 0.5438399314880371 -1.3758959770202637 160 90 179
-9.754393577575684 0.1391325742006302 -1.3474247455596924 160 90 179
-8.34414005279541 1.0411200523376465 -1.2277663946151733 179 51 7
-8.417722702026367 0.7394440174102783 -1.3160045146942139 179 51 7
-7.8152055740356445 0.39975598454475403 -1.2959113121032715 160 90 179
-7.456748962402344 0.10688062012195587 -1.3117403984069824 160 90 179
-6.969057559967041 0.8781956434249878 -1.2919650077819824 179 51 7
-6.838740825653076 0.6044691801071167 -1.3297743797302246 160 90 179
-6.269516468048096 0.3236546218395233 -1.279870629310608 160 90 179
-6.040318965911865 0.08721102774143219 -1.2940746545791626 160 90 179
-5.798576831817627 0.7340922355651855 -1.3014476299285889 160 90 179
-5.568553924560547 0.49650874733924866 -1.300881028175354 160 90 179
-16.198579788208008 2.006147623062134 3.0399017333984375 178 215 34
-16.128984451293945 1.395210862159729 2.849060535430908 178 215 34
-16.3665828704834 2.0304346084594727 2.4497475624084473 178 215 34
-13.606842041015625 1.1923513412475586 1.384779691696167 178 215 34
-13.645148277282715 1.702004075050354 1.024522066116333 178 215 34
-15.136632919311523 1.3311970233917236 0.9858160018920898 178 215 34
-16.154319763183594 2.0215671062469482 0.6168899536132812 3 156 114
-15.505393981933594 1.3699005842208862 0.4396859407424927 3 156 114
-27.24946403503418 0.4313839077949524 0.24734607338905334 218 132 219
-27.95261001586914 3.5168473720550537 0.03737007454037666 218 132 219
-30.15306854248047 2.680464029312134 -0.2493847757577896 218 132 219
-25.768413543701172 1.3527061939239502 -0.46031972765922546 218 132 219
-23.600046157836914 0.38061434030532837 -0.6477512121200562 218 132 219
-15.881162643432617 2.003714084625244 -0.5640140175819397 3 156 114
-18.655027389526367 1.665891170501709 -0.8380438089370728 218 132 219
-19.93455696105957 1.056577205657959 -1.0849761962890625 218 132 219
-20.724685668945312 0.34437209367752075 -1.3273128271102905 218 132 219
-14.901152610778809 1.8885226249694824 -1.0782530307769775 179 51 7
-15.154289245605469 1.3628740310668945 -1.2413134574890137 179 51 7
-14.097630500793457 0.7521416544914246 -1.2845611572265625 179 51 7
-14.466560363769531 0.24316202104091644 -1.4592076539993286 160 90 179
-10.584744453430176 1.3459805250167847 -1.1613918542861938 179 51 7
-10.383481979370117 0.9400317072868347 -1.2363908290863037 179 51 7
-10.674028396606445 0.5745289325714111 -1.3706812858581543 160 90 179
-9.749959945678711 0.16898931562900543 -1.3468774557113647 160 90 179
-8.32912826538086 1.0652081966400146 -1.2260326147079468 179 51 7
-8.411478996276855 0.7649078369140625 -1.3153890371322632 179 51 7
-7.883885383605957 0.427523672580719 -1.3075110912322998 160 90 179
-7.413057804107666 0.12900309264659882 -1.304118037223816 160 90 179
-6.9146342277526855 0.8928966522216797 -1.2823774814605713 179 51 7
-6.831965446472168 0.6250001192092896 -1.3288235664367676 160 90 179
-6.2753424644470215 0.34326231479644775 -1.2812689542770386 160 90 179
-6.043933391571045 0.1058105081319809 -1.2949124574661255 160 90 179
-5.788553237915039 0.7508740425109863 -1.2997089624404907 160 90 179
-5.589311122894287 0.5156484246253967 -1.3060935735702515 160 90 179
-15.772984504699707 2.0025908946990967 2.9611713886260986 178 215 34
-15.569416999816895 1.3949432373046875 2.750960350036621 178 215 34
-17.914566040039062 2.278305768966675 2.682482957839966 178 215 34
-18.186704635620117 1.6499191522598267 1.8513826131820679 178 215 34
-18.18120765686035 2.3244705200195312 1.3656331300735474 178 215 34
-14.997321128845215 1.3653249740600586 0.9770111441612244 178 215 34
-16.02315330505371 2.055100440979004 0.6121190190315247 3 156 114
-16.019746780395508 1.4648888111114502 0.45439672470092773 3 156 114
-27.4389705657959 0.5185911059379578 0.24907951056957245 218 132 219
-16.00847625732422 2.0640108585357666 0.021410228684544563 3 156 114
-17.11814308166504 1.5746688842773438 -0.1416170597076416 3 156 114
-20.178651809692383 1.1213611364364624 -0.36052554845809937 218 132 219
-12.812347412109375 1.6564732789993286 -0.45520445704460144 3 156 114
-16.62946319580078 1.5364482402801514 -0.7472572326660156 3 156 114
-19.93421173095703 1.1178983449935913 -1.0851390361785889 218 132 219
-20.590829849243164 0.40534061193466187 -1.318813443183899 218 132 219
-15.069375038146973 1.9568358659744263 -1.0908548831939697 179 51 7
-14.790786743164062 1.3759403228759766 -1.2118782997131348 179 51 7
-13.902360916137695 0.7845040559768677 -1.2669817209243774 179 51 7
-14.392133712768555 0.28608042001724243 -1.4517821073532104 160 90 179
-10.527332305908203 1.3715124130249023 -1.1555486917495728 179 51 7
-10.154131889343262 0.9506850242614746 -1.2094231843948364 179 51 7
-10.580120086669922 0.602033257484436 -1.3588531017303467 160 90 179
-9.74048137664795 0.1987191140651703 -1.3456460237503052 160 90 179
-8.303255081176758 1.08780038356781 -1.2227096557617188 179 51 7
-8.405158042907715 0.7903403043746948 -1.3147735595703125 179 51 7
-7.898295879364014 0.45261216163635254 -1.3101251125335693 160 90 179
-7.388010025024414 0.1512414813041687 -1.299787163734436 160 90 179
-6.7470855712890625 0.8923142552375793 -1.2518059015274048 179 51 7
-6.830015659332275 0.645957350730896 -1.3288235664367676 160 90 179
-6.264477252960205 0.3619479835033417 -1.2792713642120361 160 90 179
-6.048468589782715 0.1244531199336052 -1.2959598302841187 160 90 179
-5.783319473266602 0.7682439088821411 -1.299056887626648 160 90 179
-5.587703227996826 0.5327937602996826 -1.3060935735702515 160 90 179
-15.493799209594727 2.0154640674591064 2.909905195236206 178 215 34
-15.5787935256958 1.4439754486083984 2.753386974334717 178 215 34
-17.906511306762695 2.3331284523010254 2.6823360919952393 178 215 34
-15.539849281311035 2.0352466106414795 1.1676980257034302 178 215 34
-33.628334045410156 3.165508508682251 2.191364049911499 218 132 219
-33.447540283203125 1.9277127981185913 1.8484762907028198 218 132 219
-16.4725284576416 2.1641252040863037 0.6295367479324341 3 156 114
-15.921631813049316 1.5051863193511963 0.451742559671402 3 156 114
-27.4322509765625 0.6026604175567627 0.249034121632576 218 132 219
-15.48753547668457 2.0451691150665283 0.02072180062532425 3 156 114
-29.73885726928711 2.827662944793701 -0.2460978627204895 218 132 219
-20.145172119140625 1.181506872177124 -0.3599904477596283 218 132 219
-12.391097068786621 1.6406772136688232 -0.44041481614112854 3 156 114
-16.768871307373047 1.6012288331985474 -0.7537388205528259 3 156 114
-19.9296932220459 1.178991436958313 -1.0850847959518433 218 132 219
-20.22632598876953 0.4602467715740204 -1.2955518960952759 218 132 219
-14.647046089172363 1.9477068185806274 -1.0607105493545532 179 51 7
-14.929360389709473 1.4350438117980957 -1.2235872745513916 179 51 7
-13.849188804626465 0.8241351246833801 -1.2623604536056519 179 51 7
-14.412076950073242 0.33071285486221313 -1.4538893699645996 160 90 179
-10.416650772094727 1.389606237411499 -1.143862247467041 179 51 7
-10.274721145629883 0.9937832355499268 -1.2241435050964355 179 51 7
-10.45050048828125 0.6268288493156433 -1.3424460887908936 160 90 179
-9.739825248718262 0.22860155999660492 -1.3456460237503052 160 90 179
-8.27928352355957 1.1105067729949951 -1.2196756601333618 179 51 7
-8.384007453918457 0.8143083453178406 -1.3118497133255005 179 51 7
-7.916565895080566 0.4780309498310089 -1.3133927583694458 160 90 179
-7.384557723999023 0.173837348818779 -1.2992674112319946 160 90 179
-6.794021129608154 0.9197385907173157 -1.2610316276550293 179 51 7
-6.827024936676025 0.66681307554245 -1.328633427619934 160 90 179
-6.2535576820373535 0.3805702328681946 -1.2772737741470337 160 90 179
-6.050990581512451 0.14307831227779388 -1.2965881824493408 160 90 179
-5.779001235961914 0.7857202887535095 -1.2986222505569458 160 90 179
-5.561809539794922 0.5475484728813171 -1.300427794456482 160 90 179
-15.655155181884766 2.085315465927124 2.941397190093994 178 215 34
-15.614485740661621 1.4956138134002686 2.760493278503418 178 215 34
-17.85024642944336 2.3815133571624756 2.674989700317383 178 215 34
-13.688376426696777 1.326555848121643 1.3942610025405884 178 215 34
-15.676849365234375 2.102130174636841 1.178471565246582 178 215 34
-33.31254959106445 3.2389204502105713 2.1714236736297607 218 132 219
-33.45243453979492 2.030985116958618 1.849082350730896 218 132 219
-15.946859359741211 2.144853115081787 0.6096956729888916 3 156 114
-15.508047103881836 1.5141044855117798 0.44013768434524536 3 156 114
-26.732847213745117 3.6136209964752197 0.03578231483697891 218 132 219
-17.035511016845703 1.672541618347168 -0.14101570844650269 3 156 114
-22.67218780517578 0.5744134783744812 -0.6224029660224915 218 132 219
-12.54445743560791 1.700160026550293 -0.4460489749908447 3 156 114
-16.38907241821289 1.6157171726226807 -0.736886739730835 3 156 114
-19.921995162963867 1.2398812770843506 -1.0848677158355713 218 132 219
-20.080163955688477 0.5185624361038208 -1.286285638809204 218 132 219
-14.394908905029297 1.9591411352157593 -1.0428816080093384 179 51 7
-14.84653377532959 1.4730654954910278 -1.2171636819839478 179 51 7
-13.827710151672363 0.8654379844665527 -1.26063871383667 179 51 7
-14.33043098449707 0.37283092737197876 -1.4457614421844482 160 90 179
-10.400519371032715 1.419943928718567 -1.142563819885254 179 51 7
-10.068068504333496 1.004982352256775 -1.199884295463562 179 51 7
-10.459417343139648 0.6595742702484131 -1.3438451290130615 160 90 179
-9.716302871704102 0.257877379655838 -1.3424991369247437 160 90 179
-8.26799488067627 1.134825587272644 -1.2185198068618774 179 51 7
-8.34902572631836 0.8367745876312256 -1.3067716360092163 179 51 7
-7.925892353057861 0.503003716468811 -1.3151898384094238 160 90 179
-7.3642988204956055 0.19596804678440094 -1.2958027124404907 160 90 179
-6.856439113616943 0.9496181607246399 -1.2731516361236572 179 51 7
-6.818109512329102 0.6870658993721008 -1.32730233669281 160 90 179
-6.3041863441467285 0.4030676484107971 -1.2878611087799072 160 90 179
-6.05932092666626 0.16187684237957 -1.2984734773635864 160 90 179
-5.774629592895508 0.8031772971153259 -1.298187494277954 160 90 179
-5.539754867553711 0.5625429153442383 -1.2956684827804565 160 90 179
-15.574652671813965 2.1232426166534424 2.9274821281433105 178 215 34
-16.069482803344727 1.5889627933502197 2.8417809009552 178 215 34
-16.072879791259766 2.1945931911468506 2.4096360206604004 178 215 34
-16.445926666259766 1.6363309621810913 2.2898011207580566 178 215 34
-13.5010986328125 1.350229024887085 1.3756009340286255 178 215 34
-13.582728385925293 1.8637646436691284 1.0214757919311523 3 156 114
-14.850075721740723 1.489850640296936 0.9682710766792297 178 215 34
-15.353161811828613 2.112975835800171 0.5872419476509094 3 156 114
-15.36607837677002 1.5478500127792358 0.43624117970466614 3 156 114
-31.102394104003906 1.9988155364990234 0.582647979259491 218 132 219
-33.5253791809082 0.9423593878746033 0.3043951988220215 218 132 219
-29.788440704345703 4.119760513305664 0.03988900035619736 218 132 219
-16.996475219726562 1.7213722467422485 -0.14073562622070312 3 156 114
-29.103303909301758 1.8861547708511353 -0.5202676057815552 218 132 219
-25.78089141845703 0.732326328754425 -0.7078022956848145 218 132 219
-15.580183029174805 2.160292148590088 -0.5542247295379639 3 156 114
-16.379070281982422 1.6654852628707886 -0.7366632223129272 3 156 114
-19.924076080322266 1.3013856410980225 -1.0851932764053345 218 132 219
-20.04755401611328 0.5792714953422546 -1.2843044996261597 218 132 219
-13.6251802444458 1.8969751596450806 -0.9875333905220032 179 51 7
-14.760641098022461 1.5102882385253906 -1.2104960680007935 179 51 7
-13.795177459716797 0.9058990478515625 -1.257920265197754 179 51 7
-14.24766731262207 0.4144222140312195 -1.4375331401824951 160 90 179
-10.37839126586914 1.4493705034255981 -1.1406160593032837 179 51 7
-9.97109603881836 1.0262079238891602 -1.1886969804763794 179 51 7
-10.342537879943848 0.6840667128562927 -1.3290915489196777 160 90 179
-9.75111198425293 0.288740873336792 -1.3474247455596924 160 90 179
-8.264473915100098 1.1601860523223877 -1.2185198068618774 179 51 7
-8.292362213134766 0.8567996621131897 -1.29830801486969 179 51 7
-7.939077854156494 0.5283002257347107 -1.3176405429840088 160 90 179
-7.368585109710693 0.21870656311511993 -1.2966688871383667 160 90 179
-6.817463397979736 0.9655460715293884 -1.266458511352539 179 51 7
-6.804251194000244 0.7067631483078003 -1.325020432472229 160 90 179
-6.352779865264893 0.42574822902679443 -1.2980488538742065 160 90 179
-6.076388835906982 0.1809898316860199 -1.3022438287734985 160 90 179
-5.764407157897949 0.8197904229164124 -1.2964487075805664 160 90 179
-5.5079731941223145 0.5763934850692749 -1.2886427640914917 160 90 179
-15.570013999938965 2.1712865829467773 2.9278485774993896 178 215 34
-16.217378616333008 1.6538430452346802 2.868818998336792 178 215 34
-16.406984329223633 2.2915079593658447 2.4607672691345215 178 215 34
-16.45758056640625 1.6884973049163818 2.2921340465545654 178 215 34
-17.36497688293457 2.4327237606048584 1.953181505203247 178 215 34
-13.473140716552734 1.389194369316101 1.3731801509857178 178 215 34
-13.358695030212402 1.8747972249984741 1.0050554275512695 3 156 114
-15.1680326461792 1.5687681436538696 0.9893120527267456 178 215 34
-33.54195785522461 2.2430694103240967 1.8547565937042236 218 132 219
-15.626644134521484 2.199484348297119 0.5979576706886292 3 156 114
-15.9071044921875 1.6516612768173218 0.451742559671402 3 156 114
-33.15452194213867 1.0337413549423218 0.3010554015636444 218 132 219
-15.680937767028809 2.217733383178711 0.021006986498832703 3 156 114
-22.131702423095703 0.6966284513473511 -0.6076713800430298 218 132 219
-15.554682731628418 2.205415725708008 -0.5535556674003601 3 156 114
-16.435483932495117 1.7221825122833252 -0.7394346594810486 3 156 114
-20.383220672607422 1.3941903114318848 -1.110429048538208 218 132 219
-20.02573585510254 0.640136182308197 -1.2830265760421753 218 132 219
-13.629171371459961 1.9401733875274658 -0.9882494211196899 179 51 7
-14.741069793701172 1.5539987087249756 -1.2092764377593994 179 51 7
-13.658205032348633 0.9389965534210205 -1.2456872463226318 179 51 7
-14.122024536132812 0.45413410663604736 -1.424990177154541 160 90 179
-10.373895645141602 1.4812041521072388 -1.1406160593032837 179 51 7
-9.960000038146973 1.0559563636779785 -1.18775475025177 179 51 7
-10.268156051635742 0.710793673992157 -1.3198070526123047 160 90 179
-9.768991470336914 0.3192702829837799 -1.3500243425369263 160 90 179
-8.238348007202148 1.182302713394165 -1.2151968479156494 179 51 7
-8.239584922790527 0.8769033551216125 -1.2904601097106934 179 51 7
-7.937419414520264 0.552654504776001 -1.3176405429840088 160 90 179
-7.372801303863525 0.2414732426404953 -1.2975350618362427 160 90 179
-6.825176239013672 0.9880071878433228 -1.2684484720230103 179 51 7
-6.785455703735352 0.7258597612380981 -1.321787714958191 160 90 179
-6.40911340713501 0.44927889108657837 -1.3098348379135132 160 90 179
-6.098282337188721 0.20036961138248444 -1.3070614337921143 160 90 179
-5.741580486297607 0.8345231413841248 -1.2918845415115356 160 90 179
-5.508115768432617 0.5934976935386658 -1.2890959978103638 160 90 179
-15.87179946899414 2.2630341053009033 2.985888957977295 178 215 34
-15.614750862121582 1.6408061981201172 2.7630929946899414 178 215 34
-16.33818817138672 2.333024024963379 2.4515106678009033 178 215 34
-16.479904174804688 1.7418957948684692 2.2959766387939453 178 215 34
-13.077839851379395 1.873050332069397 1.4716113805770874 178 215 34
-13.26699161529541 1.4090871810913086 1.3526036739349365 178 215 34
-17.707103729248047 2.5404839515686035 1.3327925205230713 178 215 34
-15.364635467529297 2.2106990814208984 0.5881885886192322 3 156 114
-15.89997386932373 1.700243353843689 0.4516860842704773 3 156 114
-31.170330047607422 2.1953084468841553 0.5841619968414307 218 132 219
-33.57793045043945 1.1500691175460815 0.3049306869506836 218 132 219
-12.637625694274902 1.826886534690857 0.016937440261244774 3 156 114
-26.396072387695312 2.83707594871521 -0.21870698034763336 218 132 219
-21.237192153930664 1.5072710514068604 -0.3798065781593323 218 132 219
-22.20538902282715 0.7671473622322083 -0.6097562909126282 218 132 219
-15.537952423095703 2.2516932487487793 -0.5532035231590271 3 156 114
-15.617654800415039 1.6849429607391357 -0.702869713306427 3 156 114
-18.80718421936035 1.344373106956482 -1.0247902870178223 218 132 219
-20.030658721923828 0.7018159031867981 -1.2834738492965698 218 132 219
-12.6647367477417 1.8425415754318237 -0.9187239408493042 179 51 7
-14.495450973510742 1.573086142539978 -1.1895174980163574 179 51 7
-13.787373542785645 0.9903849363327026 -1.2577390670776367 179 51 7
-14.028092384338379 0.4941999614238739 -1.4156581163406372 160 90 179
-10.359465599060059 1.511588454246521 -1.1395338773727417 179 51 7
-9.934995651245117 1.08413827419281 -1.185163974761963 179 51 7
-10.246140480041504 0.7408618927001953 -1.3172632455825806 160 90 179
-9.78182601928711 0.34973517060279846 -1.3519399166107178 160 90 179
-8.21901798248291 1.2052749395370483 -1.2128852605819702 179 51 7
-8.173011779785156 0.8951850533485413 -1.280457615852356 179 51 7
-7.932734489440918 0.5767889022827148 -1.317150354385376 160 90 179
-7.3592305183410645 0.2636331617832184 -1.2952829599380493 160 90 179
-6.811410903930664 1.0073591470718384 -1.266458511352539 179 51 7
-6.766607284545898 0.7448477149009705 -1.3185551166534424 160 90 179
-6.407704830169678 0.4689396619796753 -1.3098348379135132 160 90 179
-6.098615646362305 0.2191130518913269 -1.307270884513855 160 90 179
-5.712924480438232 0.8482634425163269 -1.2860163450241089 160 90 179
-5.510141372680664 0.6108227968215942 -1.2900025844573975 160 90 179
-15.84338092803955 2.308598756790161 2.981861114501953 178 215 34
-15.58614444732666 1.6861616373062134 2.7589333057403564 178 215 34
-16.336824417114258 2.3839948177337646 2.452392101287842 178 215 34
-16.469558715820312 1.7919113636016846 2.295290470123291 178 215 34
-13.196921348571777 1.9314420223236084 1.4856711626052856 178 215 34
-13.337770462036133 1.457999587059021 1.3602694272994995 178 215 34
-17.87189483642578 2.6201107501983643 1.3457950353622437 178 215 34
-15.383485794067383 2.261605739593506 0.5891730785369873 3 156 114
-15.624423027038574 1.7192769050598145 0.4440059959888458 3 156 114
-34.01026916503906 2.500206232070923 0.6375258564949036 218 132 219
-12.471699714660645 1.8419800996780396 0.016722554340958595 3 156 114
-26.833507537841797 2.9673948287963867 -0.22240577638149261 218 132 219
-21.33517074584961 1.5800246000289917 -0.38164374232292175 218 132 219
-21.157062530517578 0.79592365026474 -0.5810337662696838 218 132 219
-15.30359172821045 2.265688896179199 -0.545104444026947 3 156 114
-16.29155731201172 1.8082289695739746 -0.7334448099136353 3 156 114
-19.69318199157715 1.4684460163116455 -1.073307991027832 218 132 219
-19.862869262695312 0.7569571137428284 -1.2728655338287354 218 132 219
-12.651131629943848 1.880214810371399 -0.9181511998176575 179 51 7
-14.475698471069336 1.615891456604004 -1.1882977485656738 179 51 7
-13.767386436462402 1.03141450881958 -1.256198525428772 179 51 7
-13.877376556396484 0.5315232276916504 -1.4006065130233765 160 90 179
-10.352812767028809 1.5430705547332764 -1.139317512512207 179 51 7
-10.162544250488281 1.1405293941497803 -1.212720513343811 179 51 7
-10.190409660339355 0.768266499042511 -1.3103952407836914 160 90 179
-9.805452346801758 0.38070452213287354 -1.3553603887557983 160 90 179
-8.15656566619873 1.2216904163360596 -1.2042165994644165 179 51 7
-8.186918258666992 0.9221354126930237 -1.2830736637115479 179 51 7
-7.933879375457764 0.6013472080230713 -1.3176405429840088 160 90 179
-7.347561836242676 0.2857886850833893 -1.29337739944458 160 90 179
-6.796618461608887 1.026489019393921 -1.2642877101898193 179 51 7
-6.756485939025879 0.7647204995155334 -1.3170337677001953 160 90 179
-6.445316314697266 0.491576611995697 -1.317825198173523 160 90 179
-6.089121341705322 0.23747935891151428 -1.3053858280181885 160 90 179
-5.700644016265869 0.8643231987953186 -1.283842921257019 179 51 7
-5.516950607299805 0.6287173628807068 -1.2920422554016113 160 90 179
-15.909151077270508 2.3680498600006104 2.9955928325653076 178 215 34
-15.590685844421387 1.7350605726242065 2.7606663703918457 178 215 34
-16.27269172668457 2.4256460666656494 2.4438705444335938 178 215 34
-16.547657012939453 1.8517946004867554 2.306955575942993 178 215 34
-13.428147315979004 1.5095824003219604 1.3699524402618408 178 215 34
-17.853519439697266 1.350002408027649 1.64613676071167 178 215 34
-13.819201469421387 2.0692927837371826 1.041090965270996 178 215 34
-16.28339958190918 1.8357481956481934 1.0631171464920044 178 215 34
-15.631431579589844 2.3470728397369385 0.5989421010017395 3 156 114
-15.352880477905273 1.7370855808258057 0.43643882870674133 3 156 114
-28.88133430480957 2.2122676372528076 0.5415081977844238 218 132 219
-13.236276626586914 1.9964157342910767 0.017755858600139618 3 156 114
-28.009601593017578 3.18446683883667 -0.23223355412483215 218 132 219
-33.630714416503906 2.5943665504455566 -0.6017260551452637 218 132 219
-21.264389038085938 0.865299642086029 -0.5840514302253723 218 132 219
-15.462578773498535 2.3377273082733154 -0.5510202646255493 3 156 114
-15.755906105041504 1.7977267503738403 -0.7095747590065002 3 156 114
-18.798582077026367 1.4597465991973877 -1.0247902870178223 218 132 219
-19.743791580200195 0.8130876421928406 -1.2653886079788208 218 132 219
-12.588107109069824 1.9103389978408813 -0.9139982461929321 179 51 7
-14.35482120513916 1.6470023393630981 -1.1787842512130737 179 51 7
-13.496082305908203 1.0527366399765015 -1.2317324876785278 179 51 7
-13.835915565490723 0.5724506378173828 -1.3965927362442017 160 90 179
-10.415843963623047 1.5851457118988037 -1.1467838287353516 179 51 7
-9.836411476135254 1.1344964504241943 -1.174212098121643 179 51 7
-10.157350540161133 0.797120988368988 -1.3064525127410889 179 51 7
-9.857684135437012 0.4130247235298157 -1.3627487421035767 160 90 179
-8.036380767822266 1.2289092540740967 -1.1870238780975342 179 51 7
-8.177180290222168 0.9464529156684875 -1.281996488571167 179 51 7
-7.941832065582275 0.6264609694480896 -1.3192744255065918 160 90 179
-7.354522228240967 0.30865970253944397 -1.2947633266448975 160 90 179
-6.790521621704102 1.0468863248825073 -1.2637450695037842 179 51 7
-6.719976902008057 0.7814763784408569 -1.3103781938552856 160 90 179
-6.452569007873535 0.5120458602905273 -1.3196231126785278 160 90 179
-6.082502365112305 0.25591278076171875 -1.3041290044784546 160 90 179
-5.702788829803467 0.8825548887252808 -1.284929633140564 179 51 7
-5.518865585327148 0.6460931897163391 -1.292948842048645 160 90 179
-16.41693687438965 2.4951391220092773 3.092632532119751 178 215 34
-15.721299171447754 1.7984429597854614 2.7847583293914795 178 215 34
-16.351226806640625 2.4886558055877686 2.4568002223968506 178 215 34
-16.564529418945312 1.9051563739776611 2.3101119995117188 178 215 34
-13.132884979248047 1.5172038078308105 1.340298056602478 178 215 34
-19.573701858520508 2.9924004077911377 1.4752998352050781 178 215 34
-15.297322273254395 1.772125005722046 0.9990879893302917 178 215 34
-17.865352630615234 2.738569974899292 0.6848569512367249 178 215 34
-15.30478286743164 1.779215931892395 0.4352246820926666 3 156 114
-15.54699420928955 1.2388657331466675 0.29156696796417236 3 156 114
-13.4821195602417 2.075819253921509 0.018094103783369064 3 156 114
-21.033058166503906 1.687476634979248 -0.3764176666736603 218 132 219
-21.157773971557617 0.9259881973266602 -0.5811983942985535 218 132 219
-15.532373428344727 2.3970441818237305 -0.5537669658660889 3 156 114
-15.717574119567871 1.8422189950942993 -0.7080996036529541 3 156 114
-16.646183013916016 1.3439987897872925 -0.9076744318008423 3 156 114
-19.699331283569336 0.8718037605285645 -1.262704610824585 218 132 219
-12.552617073059082 1.9443694353103638 -0.9118502140045166 179 51 7
-14.30020809173584 1.6852022409439087 -1.1747186183929443 179 51 7
-13.34687328338623 1.0823047161102295 -1.2184120416641235 179 51 7
-13.585601806640625 0.6038509607315063 -1.3715065717697144 160 90 179
-10.425667762756348 1.6193825006484985 -1.148406982421875 179 51 7
-9.826967239379883 1.1639678478240967 -1.173505425453186 179 51 7
-10.119267463684082 0.8253766894340515 -1.301873803138733 179 51 7
-9.8761625289917 0.44415581226348877 -1.3654853105545044 160 90 179
-8.049193382263184 1.2561525106430054 -1.1894800662994385 179 51 7
-8.166388511657715 0.9706027507781982 -1.280765414237976 179 51 7
-7.946755886077881 0.6513873934745789 -1.3204180002212524 160 90 179
-7.3515729904174805 0.3311329483985901 -1.2944167852401733 160 90 179
-6.790192127227783 1.0681729316711426 -1.2642877101898193 179 51 7
-6.697076320648193 0.799644947052002 -1.3063849210739136 160 90 179
-6.459756374359131 0.5325642228126526 -1.3214209079742432 160 90 179
-6.061175346374512 0.2736462950706482 -1.2997301816940308 160 90 179
-5.6875200271606445 0.8980674743652344 -1.2821041345596313 179 51 7
-5.514923095703125 0.6627892851829529 -1.2924954891204834 160 90 179
-16.397546768188477 2.5436854362487793 3.09043550491333 178 215 34
-15.630609512329102 1.8366671800613403 2.769679069519043 178 215 34
-16.648469924926758 2.586181163787842 2.5026419162750244 178 215 34
-16.579265594482422 1.9584068059921265 2.3129940032958984 178 215 34
-13.0911865234375 2.0392072200775146 1.4758182764053345 178 215 34
-13.077781677246094 1.5515100955963135 1.3351539373397827 178 215 34
-32.84612274169922 1.4925570487976074 2.7038073539733887 218 132 219
-16.633113861083984 2.5950944423675537 1.2542574405670166 178 215 34
-15.183802604675293 1.8061997890472412 0.9920311570167542 178 215 34
-17.735431671142578 2.7743709087371826 0.6801995635032654 178 215 34
-15.27146053314209 1.8228446245193481 0.43443408608436584 3 156 114
-15.303979873657227 1.2667628526687622 0.2870810329914093 3 156 114
-15.525540351867676 2.439225673675537 0.02084648609161377 3 156 114
-11.8993501663208 1.426870346069336 -0.09873076528310776 3 156 114
-27.10176658630371 2.258070707321167 -0.4851478934288025 218 132 219
-21.15882682800293 0.9910820722579956 -0.581308126449585 218 132 219
-15.54567813873291 2.4479501247406006 -0.5545064210891724 3 156 114
-15.73267650604248 1.8929373025894165 -0.7090383172035217 3 156 114
-16.637006759643555 1.3946453332901 -0.9074031114578247 3 156 114
-19.572954177856445 0.9263859987258911 -1.2547802925109863 218 132 219
-12.47171688079834 1.9710378646850586 -0.906408429145813 179 51 7
-14.05947494506836 1.7005820274353027 -1.15536630153656 179 51 7
-13.404025077819824 1.128343105316162 -1.2239395380020142 179 51 7
-13.389887809753418 0.6363185048103333 -1.3519394397735596 179 51 7
-10.408867835998535 1.6494930982589722 -1.147108554840088 179 51 7
-9.823349952697754 1.1941111087799072 -1.173505425453186 179 51 7
-10.093955993652344 0.8544939160346985 -1.2989485263824463 179 51 7
-9.878710746765137 0.4746435284614563 -1.3660324811935425 160 90 179
-8.062891006469727 1.2836414575576782 -1.1920804977416992 179 51 7
-8.122178077697754 0.9906280040740967 -1.274302363395691 179 51 7
-7.9486517906188965 0.6760990619659424 -1.3210715055465698 160 90 179
-7.355441093444824 0.35392239689826965 -1.2952829599380493 160 90 179
-6.7431840896606445 1.0819882154464722 -1.2561473846435547 179 51 7
-6.7092084884643555 0.8219783306121826 -1.3092372417449951 160 90 179
-6.465901851654053 0.5530480146408081 -1.323019027709961 160 90 179
-6.095467567443848 0.29393595457077026 -1.307270884513855 160 90 179
-5.635590553283691 0.9075972437858582 -1.271019697189331 179 51 7
-5.520597457885742 0.6806592345237732 -1.2943086624145508 160 90 179
-16.454723358154297 2.6042771339416504 3.1027028560638428 178 215 34
-15.342323303222656 1.8505291938781738 2.7195892333984375 178 215 34
-16.652179718017578 2.639103412628174 2.5044050216674805 178 215 34
-16.566295623779297 2.008427619934082 2.312033176422119 178 215 34
-17.50276756286621 2.781424045562744 1.974104881286621 178 215 34
-13.171720504760742 1.6036489009857178 1.3452404737472534 178 215 34
-18.074504852294922 1.5341404676437378 1.667743444442749 178 215 34
-15.703265190124512 2.4993932247161865 1.1847126483917236 178 215 34
-15.496156692504883 1.8915882110595703 1.0128130912780762 178 215 34
-14.908989906311035 1.2730563879013062 0.8255727291107178 3 156 114
-33.5087890625 1.6432865858078003 1.5316684246063232 218 132 219
-17.727821350097656 2.8289268016815186 0.6802374124526978 178 215 34
-15.273734092712402 1.870660424232483 0.4346599876880646 3 156 114
-15.278105735778809 1.3118271827697754 0.2866698205471039 3 156 114
-21.090185165405273 1.0464491844177246 0.1916491836309433 218 132 219
-15.525883674621582 2.488111734390259 0.020857099443674088 3 156 114
-15.758655548095703 1.9387061595916748 -0.1308007687330246 3 156 114
-16.538732528686523 1.429083228111267 -0.29613640904426575 3 156 114
-15.594338417053223 2.5046656131744385 -0.5565136075019836 3 156 114
-15.703990936279297 1.9383808374404907 -0.7080102562904358 3 156 114
-18.599321365356445 1.6166198253631592 -1.0146958827972412 218 132 219
-19.532146453857422 0.9845215678215027 -1.2523518800735474 218 132 219
-12.346460342407227 1.9900857210159302 -0.8977446556091309 179 51 7
-14.055181503295898 1.743830680847168 -1.1554477214813232 179 51 7
-13.527490615844727 1.1805431842803955 -1.2355382442474365 179 51 7
-13.136470794677734 0.6646747589111328 -1.3265522718429565 179 51 7
-10.380205154418945 1.6776126623153687 -1.1445114612579346 179 51 7
-9.820626258850098 1.2243659496307373 -1.1736233234405518 179 51 7
-9.906515121459961 0.8692449927330017 -1.2751647233963013 179 51 7
-9.885123252868652 0.5053533911705017 -1.3671271800994873 160 90 179
-8.067705154418945 1.3097991943359375 -1.1933808326721191 179 51 7
-8.105374336242676 1.0138249397277832 -1.2721480131149292 179 51 7
-7.9524359703063965 0.701001763343811 -1.3220516443252563 179 51 7
-7.361205577850342 0.37683936953544617 -1.2964956760406494 160 90 179
-6.722362041473389 1.0998125076293945 -1.252891182899475 179 51 7
-6.562489032745361 0.824446439743042 -1.281093955039978 179 51 7
-6.49345588684082 0.5754774808883667 -1.3290119171142578 160 90 179
-6.104302883148193 0.31313613057136536 -1.3093656301498413 160 90 179
-5.6375956535339355 0.9256734848022461 -1.272106409072876 179 51 7
-5.5078535079956055 0.6962493062019348 -1.2918156385421753 160 90 179
-16.411718368530273 2.6491074562072754 3.096111536026001 178 215 34
-18.097763061523438 2.2392313480377197 3.2092227935791016 178 215 34
-16.271087646484375 1.410185694694519 2.713716983795166 178 215 34
-16.1840877532959 2.615842342376709 2.435201644897461 178 215 34
-15.780562400817871 1.962312936782837 2.203204393386841 178 215 34
-17.03992462158203 2.7614963054656982 1.922848105430603 178 215 34
-13.167725563049316 1.6441748142242432 1.3453413248062134 178 215 34
-13.527485847473145 1.190007209777832 1.248518705368042 178 215 34
-13.670706748962402 2.2189080715179443 1.0318777561187744 178 215 34
-15.417007446289062 1.9299482107162476 1.0080221891403198 178 215 34
-14.902029991149902 1.3185265064239502 0.8254074454307556 3 156 114
-33.48363494873047 1.7450425624847412 1.5307562351226807 218 132 219
-17.71708869934082 2.8829808235168457 0.680161714553833 178 215 34
-15.255029678344727 1.915891408920288 0.43429291248321533 3 156 114
-15.267038345336914 1.358073353767395 0.2865389883518219 3 156 114
-21.0938663482666 1.1115163564682007 0.19171272218227386 218 132 219
-13.93616008758545 2.2772247791290283 0.018730798736214638 3 156 114
-12.248520851135254 1.5450336933135986 -0.10170463472604752 3 156 114
-16.501407623291016 1.4768754243850708 -0.29554784297943115 3 156 114
-20.160114288330078 1.0683116912841797 -0.5540395975112915 218 132 219
-15.388345718383789 2.520033121109009 -0.5494356751441956 3 156 114
-12.843613624572754 1.62533700466156 -0.579272985458374 3 156 114
-16.668912887573242 1.5003719329833984 -0.9096282124519348 3 156 114
-19.51408576965332 1.0436413288116455 -1.2513933181762695 218 132 219
-12.32750129699707 2.0258519649505615 -0.8968138098716736 179 51 7
-14.00032901763916 1.7806555032730103 -1.1513820886611938 179 51 7
-13.482147216796875 1.2182750701904297 -1.2317324876785278 179 51 7
-12.945601463317871 0.6948418021202087 -1.307486891746521 179 51 7
-10.450538635253906 1.721895456314087 -1.1528434753417969 179 51 7
-9.827658653259277 1.2558740377426147 -1.1749186515808105 179 51 7
-9.700313568115234 0.8811492919921875 -1.248964548110962 179 51 7
-9.848906517028809 0.5338017344474792 -1.3623384237289429 160 90 179
-8.086102485656738 1.3382604122161865 -1.1967037916183472 179 51 7
-8.074784278869629 1.0351691246032715 -1.2678393125534058 179 51 7
-7.952213764190674 0.7255755662918091 -1.3223786354064941 179 51 7
-7.364932060241699 0.3996883034706116 -1.2973618507385254 160 90 179
-6.721867084503174 1.1209166049957275 -1.2534339427947998 179 51 7
-6.50540018081665 0.8375555872917175 -1.2704451084136963 179 51 7
-6.488731861114502 0.5951279401779175 -1.3284125328063965 160 90 179
-6.10233736038208 0.33180931210517883 -1.3091561794281006 160 90 179
-5.570228099822998 0.9321708083152771 -1.2575443983078003 179 51 7
-5.5056915283203125 0.7131438851356506 -1.2918156385421753 160 90 179
-15.469355583190918 2.545715808868408 2.9197921752929688 178 215 34
-15.487982749938965 1.9645863771438599 2.7474942207336426 178 215 34
-16.1536922454834 1.4499558210372925 2.694866895675659 178 215 34
-14.880852699279785 2.4520697593688965 2.2402267456054688 178 215 34
-18.50704574584961 2.35903000831604 2.5848608016967773 178 215 34
-16.202795028686523 2.6768717765808105 1.8293017148971558 178 215 34
-13.534680366516113 1.232496738433838 1.249525785446167 178 215 34
-16.986328125 2.8105835914611816 1.282788634300232 178 215 34
-16.09099769592285 2.0644800662994385 1.0524994134902954 178 215 34
-14.922772407531738 1.3665153980255127 0.8267846703529358 3 156 114
-33.56190872192383 1.8523850440979004 1.5345871448516846 218 132 219
-15.522611618041992 2.5747969150543213 0.5962158441543579 3 156 114
-13.363393783569336 1.7199805974960327 0.38058868050575256 3 156 114
-15.365347862243652 1.4143449068069458 0.28846418857574463 3 156 114
-15.058548927307129 2.5080840587615967 0.020249584689736366 3 156 114
-12.117774963378906 1.5663244724273682 -0.10065843164920807 3 156 114
-20.972152709960938 1.1758759021759033 -0.5764524340629578 218 132 219
-15.379556655883789 2.5670676231384277 -0.5494005084037781 3 156 114
-15.621461868286133 2.0255813598632812 -0.7048364877700806 3 156 114
-16.631420135498047 1.5484496355056763 -0.9078372716903687 3 156 114
-19.001651763916016 1.074708342552185 -1.2187378406524658 218 132 219
-12.158912658691406 2.0364766120910645 -0.8849994540214539 179 51 7
-13.983928680419922 1.8221830129623413 -1.1504876613616943 179 51 7
-13.457523345947266 1.2576860189437866 -1.2298295497894287 179 51 7
-12.79043197631836 0.7258734107017517 -1.2920339107513428 179 51 7
-10.449129104614258 1.7546077966690063 -1.1532763242721558 179 51 7
-9.84246826171875 1.2884681224822998 -1.1771560907363892 179 51 7
-9.629424095153809 0.9045048356056213 -1.240188717842102 179 51 7
-9.842277526855469 0.5637320280075073 -1.361654281616211 160 90 179
-8.088788032531738 1.3642138242721558 -1.1977150440216064 179 51 7
-8.053936004638672 1.057621717453003 -1.2650694847106934 179 51 7
-7.924413204193115 0.7475600838661194 -1.3181307315826416 179 51 7
-7.370554447174072 0.4226764440536499 -1.298574447631836 160 90 179
-6.727122783660889 1.1430164575576782 -1.2550619840621948 179 51 7
-6.471653461456299 0.8534026741981506 -1.264359951019287 179 51 7
-6.483949661254883 0.614754855632782 -1.3278132677078247 160 90 179
-6.105195045471191 0.3507537841796875 -1.3099939823150635 160 90 179
-5.557719707489014 0.9476150870323181 -1.25537109375 179 51 7
-5.491891384124756 0.7284948825836182 -1.2890959978103638 160 90 179
-15.416873931884766 2.5856831073760986 2.911370038986206 178 215 34
-15.484811782836914 2.012474298477173 2.748013973236084 178 215 34
-16.13247299194336 1.497957468032837 2.6920807361602783 178 215 34
-15.648771286010742 2.627946138381958 2.3570351600646973 178 215 34
-16.148334503173828 2.1087405681610107 2.256314992904663 178 215 34
-15.406539916992188 2.5939035415649414 1.740294337272644 178 215 34
-13.593294143676758 1.279895544052124 1.255293607711792 178 215 34
-17.06219482421875 2.8769431114196777 1.289178490638733 178 215 34
-15.983671188354492 2.100574254989624 1.0458959341049194 178 215 34
-14.891671180725098 1.4097506999969482 0.8252972960472107 3 156 114
-33.88616180419922 1.97457754611969 1.5496829748153687 218 132 219
-15.509713172912598 2.621574878692627 0.596026599407196 3 156 114
-13.31643009185791 1.755483627319336 0.379402756690979 3 156 114
-15.319132804870605 1.4575011730194092 0.28767916560173035 3 156 114
-15.114866256713867 2.5651469230651855 0.02033580280840397 3 156 114
-15.490331649780273 2.0505928993225098 -0.1287248134613037 3 156 114
-17.024517059326172 1.629050850868225 -0.3050902783870697 3 156 114
-15.334169387817383 2.6078720092773438 -0.5480623841285706 3 156 114
-15.54288101196289 2.0638983249664307 -0.701573371887207 3 156 114
-16.63553810119629 1.600327491760254 -0.908325731754303 3 156 114
-18.693431854248047 1.1148202419281006 -1.1991827487945557 218 132 219
-12.136876106262207 2.0710856914520264 -0.8838538527488708 179 51 7
-13.910104751586914 1.8559811115264893 -1.1448770761489868 179 51 7
-13.440715789794922 1.2977230548858643 -1.228651523590088 179 51 7
-12.62327766418457 0.7552465796470642 -1.275376796722412 179 51 7
-10.436837196350098 1.7854835987091064 -1.15251886844635 179 51 7
-9.923113822937012 1.3300033807754517 -1.1872837543487549 179 51 7
-9.608834266662598 0.9323190450668335 -1.2378994226455688 179 51 7
-9.838523864746094 0.593805730342865 -1.3613805770874023 160 90 179
-8.094317436218262 1.390699028968811 -1.199159860610962 179 51 7
-8.035964012145996 1.0803509950637817 -1.262761116027832 179 51 7
-7.876913547515869 0.7674674391746521 -1.3106153011322021 179 51 7
-7.406579971313477 0.44754430651664734 -1.3051574230194092 160 90 179
-6.724553108215332 1.163817286491394 -1.255242943763733 179 51 7
-6.4767889976501465 0.8743041753768921 -1.2658812999725342 179 51 7
-6.478132247924805 0.6342625021934509 -1.3270142078399658 160 90 179
-6.085545539855957 0.36836010217666626 -1.306014060974121 160 90 179
-5.551901340484619 0.9641603827476501 -1.2547190189361572 179 51 7
-5.495421409606934 0.7461265325546265 -1.2904558181762695 160 90 179
-17.675477981567383 3.020272970199585 3.339625835418701 178 215 34
-15.488327980041504 2.0612709522247314 2.7497472763061523 178 215 34
-16.19948387145996 1.5543221235275269 2.7040462493896484 178 215 34
-15.18142032623291 2.597377061843872 2.2878317832946777 178 215 34
-18.379316329956055 2.457446336746216 2.5690784454345703 178 215 34
-12.947677612304688 2.220790386199951 1.463308572769165 178 215 34
-13.60020637512207 1.3226535320281982 1.2563008069992065 178 215 34
-13.741110801696777 2.3603367805480957 1.038787603378296 178 215 34
-13.618407249450684 1.832250952720642 0.8914878368377686 3 156 114
-16.142375946044922 1.5781338214874268 0.8948754668235779 178 215 34
-33.983642578125 2.0848913192749023 1.5544261932373047 218 132 219
-17.72328758239746 3.051687717437744 0.6814491152763367 178 215 34
-13.406082153320312 1.8091634511947632 0.38211339712142944 3 156 114
-15.233990669250488 1.496574878692627 0.28616514801979065 3 156 114
-15.277397155761719 2.6409757137298584 0.020565278828144073 3 156 114
-26.716930389404297 3.620194673538208 -0.22210921347141266 218 132 219
-16.930883407592773 1.6725256443023682 -0.3035028278827667 3 156 114
-21.437450408935547 1.3339636325836182 -0.589455783367157 218 132 219
-12.356197357177734 2.1404354572296143 -0.44185853004455566 3 156 114
-15.59982967376709 2.1201839447021484 -0.7044342160224915 3 156 114
-15.646845817565918 1.5536785125732422 -0.8545978665351868 3 156 114
-18.667015075683594 1.1707289218902588 -1.1977128982543945 218 132 219
-12.081329345703125 2.099771499633789 -0.8802737593650818 179 51 7
-13.59228801727295 1.8560363054275513 -1.1191823482513428 179 51 7
-13.422797203063965 1.3375699520111084 -1.227383017539978 179 51 7
-12.605012893676758 0.792971134185791 -1.2737711668014526 179 51 7
-10.429350852966309 1.8171534538269043 -1.1523023843765259 179 51 7
-9.855036735534668 1.3516697883605957 -1.1796290874481201 179 51 7
-9.548685073852539 0.9560626745223999 -1.2305225133895874 179 51 7
-9.836655616760254 0.623987078666687 -1.3613805770874023 160 90 179
-8.027631759643555 1.4046106338500977 -1.1899133920669556 179 51 7
-7.962133407592773 1.0953046083450317 -1.2516816854476929 179 51 7
-7.861761569976807 0.7903470396995544 -1.3084914684295654 179 51 7
-7.414018154144287 0.47082704305648804 -1.3067165613174438 160 90 179
-6.751945495605469 1.1899046897888184 -1.2610316276550293 179 51 7
-6.487691402435303 0.8960510492324829 -1.2685434818267822 179 51 7
-6.469331741333008 0.6534448862075806 -1.3256158828735352 160 90 179
-6.063894271850586 0.3857250213623047 -1.3016153573989868 160 90 179
-5.461449146270752 0.9657223224639893 -1.234940767288208 179 51 7
-5.494071006774902 0.763116717338562 -1.2906824350357056 160 90 179
-15.667065620422363 2.72658371925354 2.9617207050323486 178 215 34
-15.536579132080078 2.1162221431732178 2.759453058242798 178 215 34
-16.55098533630371 1.6393088102340698 2.7635459899902344 178 215 34
-15.618709564208984 2.721538543701172 2.354978084564209 178 215 34
-16.240102767944336 2.222153902053833 2.2709994316101074 178 215 34
-12.710731506347656 2.220313787460327 1.4372926950454712 178 215 34
-17.40849494934082 2.391003370285034 1.7814828157424927 178 215 34
-18.183597564697266 1.8247309923171997 1.6801947355270386 178 215 34
-13.646377563476562 2.3871889114379883 1.032174825668335 178 215 34
-14.884034156799316 2.0490407943725586 0.9747452139854431 178 215 34
-33.944190979003906 2.1870224475860596 1.5529212951660156 218 132 219
-16.30240249633789 2.858557939529419 0.6271513104438782 3 156 114
-13.453939437866211 1.857667326927185 0.3836381137371063 3 156 114
-27.11437225341797 2.7477080821990967 0.509489893913269 218 132 219
-15.358844757080078 2.7036097049713135 0.020685985684394836 3 156 114
-15.811254501342773 2.1918745040893555 -0.1315009742975235 3 156 114
-16.855051040649414 1.7172657251358032 -0.3022364675998688 3 156 114
-21.468170166015625 1.4020065069198608 -0.5904159545898438 218 132 219
-11.966723442077637 2.1108033657073975 -0.42816051840782166 3 156 114
-12.842491149902344 1.7855770587921143 -0.5801669955253601 3 156 114
-15.616178512573242 1.5990304946899414 -0.853186845779419 3 156 114
-18.670307159423828 1.2284516096115112 -1.1981602907180786 218 132 219
-12.065991401672363 2.1352622509002686 -0.879629373550415 179 51 7
-13.179841041564941 1.8409229516983032 -1.085681676864624 179 51 7
-13.150157928466797 1.3511590957641602 -1.2028261423110962 179 51 7
-12.466507911682129 0.8226636052131653 -1.260024070739746 179 51 7
-10.430578231811523 1.8503572940826416 -1.1530598402023315 179 51 7
-9.758402824401855 1.368930459022522 -1.1685594320297241 179 51 7
-9.493415832519531 0.9799553751945496 -1.223781704902649 179 51 7
-9.823822021484375 0.6534393429756165 -1.3598755598068237 160 90 179
-7.609261512756348 1.3554801940917969 -1.128510594367981 179 51 7
-7.892199993133545 1.1103659868240356 -1.2412174940109253 179 51 7
-7.84359884262085 0.8128357529640198 -1.305877447128296 179 51 7
-7.434158802032471 0.49501028656959534 -1.3105278015136719 160 90 179
-6.645650386810303 1.1922053098678589 -1.241856575012207 179 51 7
-6.481022834777832 0.9154015183448792 -1.2677828073501587 179 51 7
-6.456576347351074 0.6721733808517456 -1.3234186172485352 160 90 179
-6.054877281188965 0.4038064479827881 -1.2999396324157715 160 90 179
-5.390254020690918 0.9701966643333435 -1.219509482383728 179 51 7
-5.463739395141602 0.7759969830513 -1.2841100692749023 160 90 179
-15.79124641418457 2.7981364727020264 2.986804723739624 178 215 34
-15.818744659423828 2.204108238220215 2.8107564449310303 178 215 34
-16.32997703552246 1.6680256128311157 2.727485418319702 178 215 34
-12.347593307495117 2.1906042098999023 1.8627660274505615 178 215 34
-16.2469425201416 2.2738893032073975 2.272920846939087 178 215 34
-12.44260025024414 2.2128360271453857 1.4077342748641968 178 215 34
-17.330141067504883 2.4344358444213867 1.7742204666137695 178 215 34
-13.699799537658691 1.41724693775177 1.2662800550460815 178 215 34
-13.35623550415039 2.3786869049072266 1.0107765197753906 3 156 114
-15.728479385375977 2.2144827842712402 1.0304875373840332 178 215 34
-15.230626106262207 1.5834031105041504 0.8448540568351746 3 156 114
-33.589473724365234 2.267667770385742 1.5370042324066162 218 132 219
-13.321701049804688 2.378054141998291 0.5127623081207275 3 156 114
-13.30663776397705 1.87894868850708 0.3796004056930542 3 156 114
-27.576173782348633 2.8800041675567627 0.5183308720588684 218 132 219
-15.244171142578125 2.7316677570343018 0.020542729645967484 3 156 114
-16.000490188598633 2.2681615352630615 -0.13313208520412445 3 156 114
-26.43051528930664 2.774811029434204 -0.4740893840789795 218 132 219
-21.23139762878418 1.4519720077514648 -0.5840240120887756 218 132 219
-11.938551902770996 2.1436212062835693 -0.4273858368396759 3 156 114
-15.510370254516602 2.205035924911499 -0.7009922862052917 3 156 114
-16.0908260345459 1.697531819343567 -0.8793994784355164 3 156 114
-18.613683700561523 1.2820910215377808 -1.1947733163833618 218 132 219
-11.716793060302734 2.1105589866638184 -0.8546403050422668 179 51 7
-12.752819061279297 1.8211835622787476 -1.0509613752365112 179 51 7
-13.120203018188477 1.388771414756775 -1.200470209121704 179 51 7
-12.401392936706543 0.8565871715545654 -1.2537024021148682 179 51 7
-10.418004989624023 1.8811125755310059 -1.1523023843765259 179 51 7
-9.736464500427246 1.396324872970581 -1.1664397716522217 179 51 7
-9.427240371704102 1.0023643970489502 -1.2156418561935425 179 51 7
-9.695281028747559 0.6747719049453735 -1.342362403869629 160 90 179
-7.881579875946045 1.4289511442184448 -1.1695420742034912 179 51 7
-7.877998352050781 1.1330264806747437 -1.2395248413085938 179 51 7
-7.811637878417969 0.8337545990943909 -1.300976037979126 179 51 7
-7.469939708709717 0.5204166769981384 -1.3171106576919556 160 90 179
-6.60809850692749 1.2064062356948853 -1.2355252504348755 179 51 7
-6.455835819244385 0.9320542216300964 -1.2634092569351196 179 51 7
-6.446689128875732 0.6911430954933167 -1.3218204975128174 160 90 179
-6.081897258758545 0.4243543744087219 -1.306014060974121 160 90 179
-5.395893573760986 0.9883118867874146 -1.2214655876159668 179 51 7
-5.451694011688232 0.7913566827774048 -1.281843662261963 160 90 179
-15.915131568908691 2.870476007461548 3.011888265609741 178 215 34
-15.689055442810059 2.2351269721984863 2.7889180183410645 178 215 34
-16.530803680419922 1.7398003339767456 2.761906862258911 178 215 34
-15.914179801940918 2.873745918273926 2.4021425247192383 178 215 34
-16.282052993774414 2.32975697517395 2.278822183609009 178 215 34
-12.430863380432129 2.2501139640808105 1.407180666923523 178 215 34
-13.352871894836426 1.9175251722335815 1.3676326274871826 178 215 34
-18.133441925048828 1.9321542978286743 1.6766241788864136 178 215 34
-18.001951217651367 1.2613548040390015 1.4839755296707153 178 215 34
-13.342987060546875 2.4185848236083984 1.0103306770324707 3 156 114
-13.356011390686035 1.9222586154937744 0.875432014465332 3 156 114
-15.27037239074707 1.6349056959152222 0.8473330736160278 3 156 114
-33.92116165161133 2.394625663757324 1.5525106191635132 218 132 219
-13.375300407409668 2.429988145828247 0.5151099562644958 3 156 114
-13.51846694946289 1.9511795043945312 0.38581225275993347 3 156 114
-16.260387420654297 1.748651385307312 0.3057350218296051 3 156 114
-13.83187198638916 2.522414445877075 0.018649885430932045 3 156 114
-15.861833572387695 2.2981693744659424 -0.13203643262386322 3 156 114
-26.43678855895996 2.857497215270996 -0.47435691952705383 218 132 219
-13.20405387878418 2.412686586380005 -0.4729520380496979 3 156 114
-12.370596885681152 1.79740571975708 -0.5593366026878357 3 156 114
-15.612030029296875 1.69546639919281 -0.8535124659538269 3 156 114
-16.811006546020508 1.2097558975219727 -1.079296350479126 179 51 7
-11.790712356567383 2.1612420082092285 -0.8605116009712219 179 51 7
-12.739282608032227 1.859148621559143 -1.0503108501434326 179 51 7
-13.072318077087402 1.4242708683013916 -1.1964831352233887 179 51 7
-12.174429893493652 0.878447413444519 -1.2310245037078857 179 51 7
-10.386762619018555 1.9083948135375977 -1.1494890451431274 179 51 7
-9.710517883300781 1.423021674156189 -1.1638489961624146 179 51 7
-9.396512985229492 1.0282608270645142 -1.212080717086792 179 51 7
-9.620054244995117 0.6991995573043823 -1.3322374820709229 160 90 179
-8.011445045471191 1.477897047996521 -1.1894800662994385 179 51 7
-7.857865810394287 1.1547482013702393 -1.2369087934494019 179 51 7
-7.757068157196045 0.8520076870918274 -1.2923170328140259 179 51 7
-7.500723361968994 0.5456899404525757 -1.3228274583816528 160 90 179
-6.582125663757324 1.2225430011749268 -1.2313644886016846 179 51 7
-6.459744453430176 0.9528588652610779 -1.2647403478622437 179 51 7
-6.436747074127197 0.7100585103034973 -1.3202223777770996 160 90 179
-6.109824180603027 0.4451429545879364 -1.312298059463501 160 90 179
-5.395714282989502 1.0053980350494385 -1.22211754322052 179 51 7
-5.404922008514404 0.8015064597129822 -1.2714184522628784 160 90 179
-15.864672660827637 2.911658525466919 3.0040154457092285 178 215 34
-15.82343864440918 2.3038246631622314 2.814049482345581 178 215 34
-16.250783920288086 1.7607548236846924 2.7160117626190186 178 215 34
-16.38685417175293 3.011042833328247 2.474872350692749 178 215 34
-16.333635330200195 2.3882970809936523 2.2870562076568604 178 215 34
-16.495071411132812 1.798874855041504 2.137665271759033 178 215 34
-16.069652557373047 2.959717035293579 1.8201130628585815 178 215 34
-14.004477500915527 2.054969072341919 1.435010552406311 178 215 34
-16.984132766723633 1.8624087572097778 1.5708794593811035 178 215 34
-17.94034767150879 1.3123610019683838 1.4792221784591675 178 215 34
-15.13508129119873 2.7914109230041504 1.146671175956726 178 215 34
-13.404352188110352 1.9712105989456177 0.8789927959442139 3 156 114
-15.231541633605957 1.6780294179916382 0.845460057258606 3 156 114
-33.46533966064453 2.4656522274017334 1.5319876670837402 218 132 219
-13.283275604248047 2.455390453338623 0.5118535757064819 3 156 114
-13.508461952209473 1.9920610189437866 0.3856993317604065 3 156 114
-16.09693717956543 1.7810463905334473 0.30276310443878174 3 156 114
-30.99139404296875 2.3013248443603516 0.28205111622810364 218 132 219
-13.483874320983887 2.501720666885376 0.018190933391451836 3 156 114
-15.609390258789062 2.3105099201202393 -0.12999345362186432 3 156 114
-26.047304153442383 2.8962714672088623 -0.4675256311893463 218 132 219
-21.250001907348633 1.584299087524414 -0.5847921371459961 218 132 219
-11.919278144836426 2.215738534927368 -0.42717453837394714 3 156 114
-12.514238357543945 1.8574978113174438 -0.5660863518714905 3 156 114
-15.586907386779785 1.7411383390426636 -0.852427065372467 3 156 114
-16.67486000061035 1.2513927221298218 -1.0707969665527344 179 51 7
-11.749707221984863 2.1910057067871094 -0.8580055832862854 179 51 7
-12.726618766784668 1.8971948623657227 -1.0497417449951172 179 51 7
-13.132217407226562 1.4715782403945923 -1.2023731470108032 179 51 7
-12.210371017456055 0.9187051653862 -1.2349379062652588 179 51 7
-10.300727844238281 1.9252750873565674 -1.1406160593032837 179 51 7
-9.661911964416504 1.4461913108825684 -1.1585496664047241 179 51 7
-9.363743782043457 1.0537563562393188 -1.2082650661468506 179 51 7
-9.56156063079834 0.7244443297386169 -1.3244385719299316 160 90 179
-7.935878753662109 1.4891468286514282 -1.1789331436157227 179 51 7
-7.847446441650391 1.177823781967163 -1.235831618309021 179 51 7
-7.719125747680664 0.871816098690033 -1.2864354848861694 179 51 7
-7.506870746612549 0.5692951083183289 -1.3242133855819702 160 90 179
-6.504897594451904 1.228855848312378 -1.2176164388656616 179 51 7
-6.436403751373291 0.9696014523506165 -1.260746955871582 179 51 7
-6.407277584075928 0.7267109155654907 -1.314629077911377 160 90 179
-6.107454776763916 0.4638114869594574 -1.3120886087417603 160 90 179
-5.401236057281494 1.0235828161239624 -1.2240737676620483 179 51 7
-5.433253765106201 0.8227512240409851 -1.2786707878112793 179 51 7
-15.708772659301758 2.932891607284546 2.9761850833892822 178 215 34
-15.56009578704834 2.3142545223236084 2.768465995788574 178 215 34
-15.861966133117676 1.767878532409668 2.6519222259521484 178 215 34
-14.816986083984375 2.7696030139923096 2.239051342010498 178 215 34
-16.594661712646484 2.4784882068634033 2.3246593475341797 178 215 34
-16.521015167236328 1.8530100584030151 2.141753911972046 178 215 34
-16.055614471435547 3.008089065551758 1.8195596933364868 178 215 34
-13.15784740447998 1.971993088722229 1.3488717079162598 178 215 34
-16.969432830810547 1.9135022163391113 1.570055365562439 178 215 34
-17.994869232177734 1.3718647956848145 1.4840576648712158 178 215 34
-13.294570922851562 2.4941585063934326 1.0078045129776 3 156 114
-13.532449722290039 2.032482624053955 0.8877975940704346 3 156 114
-15.236242294311523 1.7258750200271606 0.8460109233856201 3 156 114
-13.348353385925293 2.509795904159546 0.5146555304527283 3 156 114
-13.102951049804688 1.973353624343872 0.3742921054363251 3 156 114
-16.08841896057129 1.830083966255188 0.3027070462703705 3 156 114
-30.978206634521484 2.3959317207336426 0.2819966673851013 218 132 219
-12.597641944885254 2.3772964477539062 0.017005087807774544 3 156 114
-15.547847747802734 2.350167751312256 -0.1295403689146042 3 156 114
-15.233376502990723 1.7411706447601318 -0.27351996302604675 3 156 114
-21.227102279663086 1.6480928659439087 -0.5842983722686768 218 132 219
-13.35692024230957 2.5254082679748535 -0.47897353768348694 3 156 114
-15.480528831481934 2.346348762512207 -0.7005899548530579 3 156 114
-15.577524185180664 1.78849458694458 -0.8522099852561951 3 156 114
-16.691835403442383 1.3041770458221436 -1.072139024734497 179 51 7
-11.709610939025879 2.220724105834961 -0.8555710911750793 179 51 7
-12.351235389709473 1.879988431930542 -1.0192495584487915 179 51 7
-12.946590423583984 1.4910094738006592 -1.1857905387878418 179 51 7
-12.121198654174805 0.9494025111198425 -1.226207971572876 179 51 7
-10.287936210632324 1.9555686712265015 -1.139858603477478 179 51 7
-9.661355972290039 1.4764268398284912 -1.1590206623077393 179 51 7
-9.351598739624023 1.081453561782837 -1.207120418548584 179 51 7
-9.514854431152344 0.7502712607383728 -1.3182815313339233 160 90 179
-7.946824073791504 1.5164543390274048 -1.1812448501586914 179 51 7
-7.810588359832764 1.196805477142334 -1.2305996417999268 179 51 7
-7.691915035247803 0.8926507234573364 -1.282351016998291 179 51 7
-7.500179290771484 0.5919356942176819 -1.3233472108840942 160 90 179
-6.440248489379883 1.2371183633804321 -1.2062199115753174 179 51 7
-6.444072723388672 0.9909849166870117 -1.2628387212753296 179 51 7
-6.390419006347656 0.7446635961532593 -1.3116326332092285 160 90 179
-6.162539958953857 0.4870147407054901 -1.3242377042770386 160 90 179
-5.422990322113037 1.0449506044387817 -1.229724645614624 179 51 7
-5.452843189239502 0.8428382873535156 -1.2838834524154663 179 51 7
-15.594423294067383 2.9610815048217773 2.9562277793884277 178 215 34
-18.11180877685547 2.7505927085876465 3.2239551544189453 178 215 34
-14.973615646362305 2.8464515209198 2.2640292644500732 178 215 34
-17.436941146850586 2.659000873565674 2.4437811374664307 178 215 34
-16.201932907104492 1.867571234703064 2.101121664047241 178 215 34
-12.637103080749512 2.4077703952789307 1.432975172996521 178 215 34
-13.162552833557129 2.0140066146850586 1.3499811887741089 178 215 34
-13.406384468078613 1.5533945560455322 1.2408281564712524 178 215 34
-18.160465240478516 1.4405421018600464 1.4980720281600952 178 215 34
-13.43770980834961 2.5637145042419434 1.0192466974258423 178 215 34
-13.636625289916992 2.0909292697906494 0.8950486779212952 3 156 114
-15.331047058105469 1.7842692136764526 0.8515750169754028 178 215 34
-13.31408977508545 2.5456693172454834 0.5136331915855408 3 156 114
-13.080039024353027 2.0109612941741943 0.37381210923194885 3 156 114
-16.05591583251953 1.8763004541397095 0.30220237374305725 3 156 114
-30.960742950439453 2.4901585578918457 0.2819059193134308 218 132 219
-13.044011116027832 2.5029983520507812 0.017617907375097275 3 156 114
-15.486209869384766 2.389470338821411 -0.12908728420734406 3 156 114
-16.62712860107422 1.9521722793579102 -0.2986513376235962 3 156 114
-26.90630531311035 2.1720969676971436 -0.7408043742179871 218 132 219
-12.96341609954834 2.492225170135498 -0.4651346504688263 3 156 114
-15.326156616210938 2.3710737228393555 -0.6939296126365662 3 156 114
-15.564030647277832 1.8353418111801147 -0.8517758250236511 3 156 114
-16.69670867919922 1.3561079502105713 -1.0727142095565796 179 51 7
-11.674341201782227 2.251161575317383 -0.8534946441650391 179 51 7
-12.229194641113281 1.8998184204101562 -1.0096547603607178 179 51 7
-13.088325500488281 1.5480340719223022 -1.1992015838623047 179 51 7
-12.101370811462402 0.9852129220962524 -1.2245022058486938 179 51 7
-10.301410675048828 1.9908952713012695 -1.142022728919983 179 51 7
-9.632251739501953 1.5022350549697876 -1.1560766696929932 179 51 7
-9.213297843933105 1.0941141843795776 -1.189695954322815 179 51 7
-9.47795295715332 0.7766274809837341 -1.313492774963379 179 51 7
-7.82556676864624 1.518212914466858 -1.163907527923584 179 51 7
-7.785403251647949 1.2174041271209717 -1.2272143363952637 179 51 7
-7.668568134307861 0.9137935638427734 -1.27892005443573 179 51 7
-7.490475654602051 0.6142991781234741 -1.3219612836837769 160 90 179
-6.420978546142578 1.2538551092147827 -1.2033255100250244 179 51 7
-6.440032005310059 1.0105981826782227 -1.262648582458496 179 51 7
-6.262599468231201 0.7492502927780151 -1.2858633995056152 160 90 179
-6.2029218673706055 0.5093598961830139 -1.3332445621490479 160 90 179
-5.414969444274902 1.0606449842453003 -1.228637933731079 179 51 7
-5.42425537109375 0.8554666638374329 -1.2777643203735352 179 51 7
-15.496460914611816 2.9917659759521484 2.9393832683563232 178 215 34
-16.076021194458008 2.4919047355651855 2.8629262447357178 178 215 34
-16.11730194091797 1.8965295553207397 2.6965060234069824 178 215 34
-14.989092826843262 2.897069215774536 2.267702579498291 178 215 34
-17.445341110229492 2.715073585510254 2.4461140632629395 178 215 34
-16.181352615356445 1.915520429611206 2.0992050170898438 178 215 34
-12.641365051269531 2.4487974643707275 1.434303641319275 178 215 34
-12.946935653686523 2.0216848850250244 1.3284968137741089 178 215 34
-13.337282180786133 1.5868701934814453 1.2348772287368774 178 215 34
-18.05265998840332 1.487737774848938 1.489548683166504 178 215 34
-16.61639404296875 3.22302508354187 1.2610931396484375 178 215 34
-17.141942977905273 2.6822588443756104 1.1256572008132935 178 215 34
-16.004629135131836 1.912447214126587 0.8893114328384399 178 215 34
-13.047253608703613 2.536166191101074 0.5036369562149048 3 156 114
-15.606803894042969 2.4484691619873047 0.44623661041259766 3 156 114
-15.922024726867676 1.9101871252059937 0.2997911870479584 3 156 114
-13.216866493225098 2.5782341957092285 0.017861973494291306 3 156 114
-15.442256927490234 2.431215763092041 -0.1287824809551239 3 156 114
-15.66612434387207 1.888085126876831 -0.28149279952049255 3 156 114
-21.035293579101562 1.7631131410598755 -0.5793055295944214 218 132 219
-12.92236042022705 2.5254671573638916 -0.463937371969223 3 156 114
-15.2398681640625 2.4056215286254883 -0.6903535723686218 3 156 114
-15.547422409057617 1.881763219833374 -0.8511788249015808 3 156 114
-16.6944580078125 1.4074939489364624 -1.072842001914978 179 51 7
-11.67423152923584 2.2883102893829346 -0.8539958596229553 179 51 7
-12.184916496276855 1.9312431812286377 -1.006483554840088 179 51 7
-13.035072326660156 1.5823009014129639 -1.1947613954544067 179 51 7
-11.940655708312988 1.0090141296386719 -1.2085473537445068 179 51 7
-10.344027519226074 2.032071590423584 -1.1474330425262451 179 51 7
-9.607983589172363 1.5286587476730347 -1.1537214517593384 179 51 7
-9.215806007385254 1.1230950355529785 -1.190459132194519 179 51 7
-9.44887638092041 0.803435742855072 -1.3097987174987793 179 51 7
-7.802426815032959 1.5385769605636597 -1.1611624956130981 179 51 7
-7.750407695770264 1.2363029718399048 -1.2222900390625 179 51 7
-7.604034423828125 0.9297725558280945 -1.2686272859573364 179 51 7
-7.490518093109131 0.6374437212944031 -1.3223077058792114 160 90 179
-6.391055107116699 1.2683793306350708 -1.1984413862228394 179 51 7
-6.425268173217773 1.028489112854004 -1.260366678237915 179 51 7
-6.3584980964660645 0.7805176973342896 -1.3060393333435059 160 90 179
-6.212047100067139 0.5293009877204895 -1.335548758506775 160 90 179
-5.366696357727051 1.0682964324951172 -1.218422770500183 179 51 7
-5.419681549072266 0.871794581413269 -1.2773109674453735 179 51 7
-15.436080932617188 3.0292606353759766 2.9296793937683105 178 215 34
-16.076082229614258 2.5424442291259766 2.8643128871917725 178 215 34
-17.57550048828125 3.452934741973877 2.660590887069702 178 215 34
-16.276683807373047 2.584362268447876 2.283350706100464 178 215 34
-12.600638389587402 2.481041193008423 1.4305397272109985 178 215 34
-13.25900650024414 2.112105369567871 1.3611772060394287 178 215 34
-13.337292671203613 1.6283843517303467 1.2353349924087524 178 215 34
-18.076807022094727 1.5455776453018188 1.4919253587722778 178 215 34
-16.610340118408203 3.2747597694396973 1.2613903284072876 178 215 34
-17.554410934448242 2.8020007610321045 1.15330171585083 178 215 34
-15.531896591186523 1.9043083190917969 0.8633641600608826 178 215 34
-15.915575981140137 1.3691858053207397 0.7293028831481934 3 156 114
-13.448209762573242 2.6569485664367676 0.5194264650344849 3 156 114
-15.575529098510742 2.4925475120544434 0.44555896520614624 3 156 114
-16.02028465270996 1.9718509912490845 0.30175378918647766 3 156 114
-29.258264541625977 2.534008026123047 0.2665409445762634 218 132 219
-13.038216590881348 2.584932565689087 0.017631173133850098 3 156 114
-13.291260719299316 2.1343729496002197 -0.11089809238910675 3 156 114
-15.564998626708984 1.9243619441986084 -0.2797805070877075 3 156 114
-16.5722713470459 1.4402501583099365 -0.45651480555534363 3 156 114
-12.060770988464355 2.395521640777588 -0.4332664906978607 3 156 114
-15.216633796691895 2.449824571609497 -0.6896383166313171 3 156 114
-15.528694152832031 1.9278538227081299 -0.8504732847213745 3 156 114
-16.681114196777344 1.4579232931137085 -1.072266936302185 179 51 7
-11.668133735656738 2.324310302734375 -0.8540674448013306 179 51 7
-12.221242904663086 1.9754557609558105 -1.0099799633026123 179 51 7
-12.932318687438965 1.6101034879684448 -1.1857905387878418 179 51 7
-11.937503814697266 1.0456428527832031 -1.2085473537445068 179 51 7
-10.346519470214844 2.065548896789551 -1.148406982421875 179 51 7
-9.603248596191406 1.5581283569335938 -1.1537214517593384 179 51 7
-9.222159385681152 1.1525934934616089 -1.1917309761047363 179 51 7
-9.418736457824707 0.8299859166145325 -1.3059675693511963 179 51 7
-7.568697452545166 1.5166254043579102 -1.127065896987915 179 51 7
-7.730973720550537 1.2575368881225586 -1.2198278903961182 179 51 7
-7.619745254516602 0.9554291367530823 -1.2717314958572388 179 51 7
-7.501281261444092 0.6615461111068726 -1.3245598077774048 160 90 179
-6.327359199523926 1.275927186012268 -1.1872256994247437 179 51 7
-6.398828029632568 1.0444011688232422 -1.255802869796753 179 51 7
-6.340518951416016 0.7980638146400452 -1.3028432130813599 160 90 179
-6.209420204162598 0.5482708215713501 -1.3353393077850342 160 90 179
-5.364350318908691 1.0849497318267822 -1.2186400890350342 179 51 7
-5.3275957107543945 0.8737580180168152 -1.256234049797058 179 51 7
-15.341873168945312 3.059683322906494 2.913567066192627 178 215 34
-16.26363754272461 2.6232757568359375 2.8991506099700928 178 215 34
-16.07599449157715 1.9917490482330322 2.691588878631592 178 215 34
-16.589000701904297 3.3120150566101074 2.51278018951416 178 215 34
-16.276500701904297 2.6355528831481934 2.2844486236572266 178 215 34
-16.379913330078125 2.041015386581421 2.1265487670898438 178 215 34
-17.296083450317383 3.460719347000122 1.9648056030273438 178 215 34
-19.392101287841797 3.150116205215454 1.991787075996399 178 215 34
-13.74920654296875 1.7215030193328857 1.273970603942871 178 215 34
-16.29905128479004 3.2653684616088867 1.2385058403015137 178 215 34
-17.538837432861328 2.8547215461730957 1.1528486013412476 178 215 34
-15.664676666259766 1.9693875312805176 0.8710767030715942 178 215 34
-15.862544059753418 1.4136624336242676 0.7270681262016296 3 156 114
-15.620884895324707 3.1360268592834473 0.6037130951881409 3 156 114
-13.497034072875977 2.20241641998291 0.3862922787666321 3 156 114
-15.710619926452637 1.9826844930648804 0.29603421688079834 3 156 114
-28.327096939086914 2.540943145751953 0.2581278681755066 218 132 219
-12.680255889892578 2.554420232772827 0.017157629132270813 3 156 114
-13.625105857849121 2.230883836746216 -0.11374015361070633 3 156 114
-15.514385223388672 1.9664480686187744 -0.2789778709411621 3 156 114
-27.56317901611328 2.480663776397705 -0.7594863176345825 218 132 219
-12.047486305236816 2.431326150894165 -0.43305519223213196 3 156 114
-15.211018562316895 2.4968206882476807 -0.6897277235984802 3 156 114
-15.471198081970215 1.968930959701538 -0.8476512432098389 3 156 114
-16.251174926757812 1.4705991744995117 -1.0449153184890747 179 51 7
-11.609134674072266 2.3496100902557373 -0.8502725958824158 179 51 7
-12.129566192626953 1.9988415241241455 -1.0029058456420898 179 51 7
-12.891755104064941 1.645233154296875 -1.1825283765792847 179 51 7
-11.911449432373047 1.0801948308944702 -1.2062394618988037 179 51 7
-10.330389976501465 2.0953056812286377 -1.1473249197006226 179 51 7
-9.563153266906738 1.581749677658081 -1.1494818925857544 179 51 7
-9.219563484191895 1.1810072660446167 -1.1918580532073975 179 51 7
-9.417132377624512 0.8589683175086975 -1.3061044216156006 179 51 7
-7.475773334503174 1.5218762159347534 -1.113918423652649 179 51 7
-7.57306432723999 1.255711555480957 -1.195514440536499 179 51 7
-7.515012264251709 0.9657241702079773 -1.2547401189804077 179 51 7
-7.5070624351501465 0.6852728724479675 -1.3259457349777222 160 90 179
-6.3031816482543945 1.2911884784698486 -1.183426856994629 179 51 7
-6.377193927764893 1.0609663724899292 -1.2521899938583374 179 51 7
-6.3205485343933105 0.8152562379837036 -1.29924738407135 160 90 179
-6.210629940032959 0.5675854086875916 -1.3359676599502563 160 90 179
-5.295023441314697 1.0878483057022095 -1.2036434412002563 179 51 7
-5.281660556793213 0.8828725814819336 -1.2460354566574097 179 51 7
-15.399859428405762 3.120403289794922 2.9263837337493896 178 215 34
-16.480974197387695 2.710235595703125 2.939361095428467 178 215 34
-15.849618911743164 2.0130937099456787 2.6547088623046875 178 215 34
-16.57682228088379 3.3625001907348633 2.512486219406128 178 215 34
-16.012283325195312 2.6432080268859863 2.24849271774292 178 215 34
-17.96341323852539 2.2943153381347656 2.3330321311950684 178 215 34
-12.541351318359375 2.54940128326416 1.4255578517913818 178 215 34
-14.663131713867188 2.4281232357025146 1.5068267583847046 178 215 34
-13.254948616027832 1.7009373903274536 1.228651523590088 178 215 34
-13.696131706237793 1.2557255029678345 1.1309914588928223 178 215 34
-16.522506713867188 3.362893581390381 1.2562636137008667 178 215 34
-17.569372177124023 2.9150495529174805 1.1554381847381592 178 215 34
-15.361473083496094 1.979160189628601 0.8545498251914978 178 215 34
-16.340579986572266 1.5068092346191406 0.7491875290870667 3 156 114
-12.786410331726074 2.607816219329834 0.49447372555732727 3 156 114
-13.487255096435547 2.2433223724365234 0.38620755076408386 3 156 114
-15.799654006958008 2.043184518814087 0.2978285849094391 3 156 114
-28.301246643066406 2.6261744499206543 0.25796452164649963 218 132 219
-13.209232330322266 2.7031781673431396 0.017884524539113045 3 156 114
-13.743460655212402 2.2935791015625 -0.11478636413812637 3 156 114
-12.901588439941406 1.6755092144012451 -0.2320861965417862 3 156 114
-16.157032012939453 1.504104495048523 -0.44532209634780884 3 156 114
-13.798288345336914 2.8287429809570312 -0.49629858136177063 3 156 114
-15.213139533996582 2.545124053955078 -0.6901747584342957 3 156 114
-15.437360763549805 2.0127720832824707 -0.8461316823959351 3 156 114
-16.563549041748047 1.5501134395599365 -1.0653011798858643 179 51 7
-11.517849922180176 2.367941379547119 -0.8441147804260254 179 51 7
-12.005426406860352 2.0162360668182373 -0.9931483268737793 179 51 7
-12.849123001098633 1.6798709630966187 -1.1790850162506104 179 51 7
-11.895200729370117 1.1155258417129517 -1.2049349546432495 179 51 7
-10.342412948608398 2.130800485610962 -1.1493808031082153 179 51 7
-9.578819274902344 1.614547610282898 -1.1519548892974854 179 51 7
-9.221797943115234 1.2100613117218018 -1.1926212310791016 179 51 7
-9.403605461120605 0.8868325352668762 -1.304599404335022 179 51 7
-7.56021785736084 1.5632379055023193 -1.1272103786468506 179 51 7
-7.523385047912598 1.2712023258209229 -1.1882820129394531 179 51 7
-7.483648777008057 0.9850417375564575 -1.2500022649765015 179 51 7
-7.501983642578125 0.7080233693122864 -1.3254259824752808 160 90 179
-6.302079200744629 1.3111212253570557 -1.183969497680664 179 51 7
-6.348742485046387 1.0762600898742676 -1.2472459077835083 179 51 7
-6.306360721588135 0.8331036567687988 -1.296850323677063 179 51 7
-6.207886219024658 0.5865446925163269 -1.3357582092285156 160 90 179
-5.2285966873168945 1.0909298658370972 -1.1892988681793213 179 51 7
-5.278926849365234 0.8990723490715027 -1.2460354566574097 179 51 7
-15.501912117004395 3.190624475479126 2.947622537612915 178 215 34
-18.498748779296875 3.1003692150115967 3.3009097576141357 178 215 34
-15.653592109680176 2.0370142459869385 2.6229100227355957 178 215 34
-17.635011672973633 3.633512020111084 2.674548864364624 178 215 34
-16.003122329711914 2.6921563148498535 2.2483553886413574 178 215 34
-17.98579216003418 2.3532755374908447 2.3368654251098633 178 215 34
-12.532496452331543 2.5876646041870117 1.4254471063613892 178 215 34
-14.548681259155273 2.4550528526306152 1.4958323240280151 178 215 34
-17.120901107788086 2.2504470348358154 1.5876338481903076 178 215 34
-13.714042663574219 1.2998076677322388 1.1327944993972778 178 215 34
-16.528715133666992 3.4170002937316895 1.2575266361236572 178 215 34
-17.49835968017578 2.9584577083587646 1.1513594388961792 178 215 34
-15.39096450805664 2.0309817790985107 0.8565330505371094 178 215 34
-16.189697265625 1.5430018901824951 0.7424833178520203 3 156 114
-13.378175735473633 2.7712860107421875 0.5176846981048584 3 156 114
-13.276301383972168 2.2501139640808105 0.38036277890205383 3 156 114
-16.06885528564453 2.128140449523926 0.3030247688293457 3 156 114
-29.4566707611084 2.8245668411254883 0.2685738801956177 218 132 219
-7.095361232757568 1.4747108221054077 0.009612781926989555 3 156 114
-13.644678115844727 2.320142984390259 -0.11402023583650589 3 156 114
-19.223665237426758 2.5565438270568848 -0.3459532856941223 3 156 114
-16.290651321411133 1.5669702291488647 -0.44913530349731445 3 156 114
-13.098795890808105 2.7272441387176514 -0.47143787145614624 3 156 114
-12.874246597290039 2.1944568157196045 -0.5843688249588013 3 156 114
-15.367769241333008 2.0516669750213623 -0.8426583409309387 3 156 114
-16.09880828857422 1.5564576387405396 -1.0357130765914917 179 51 7
-11.506625175476074 2.4024510383605957 -0.8438283801078796 179 51 7
-12.066970825195312 2.064656972885132 -0.9987589120864868 179 51 7
-12.902146339416504 1.7270793914794922 -1.1844313144683838 179 51 7
-11.87785816192627 1.1506714820861816 -1.203530192375183 179 51 7
-10.341665267944336 2.1637420654296875 -1.1500300168991089 179 51 7
-9.658968925476074 1.658548355102539 -1.1622003316879272 179 51 7
-9.223939895629883 1.2391399145126343 -1.1933842897415161 179 51 7
-9.381120681762695 0.9137575030326843 -1.3018629550933838 179 51 7
-7.703550338745117 1.6175352334976196 -1.149315357208252 179 51 7
-7.535029888153076 1.296959400177002 -1.1907440423965454 179 51 7
-7.470813751220703 1.0066790580749512 -1.2483683824539185 179 51 7
-7.493894577026367 0.7304624915122986 -1.3243865966796875 160 90 179
-6.220083713531494 1.3139841556549072 -1.1693168878555298 179 51 7
-6.382172584533691 1.1020808219909668 -1.254471778869629 179 51 7
-6.3163981437683105 0.8541543483734131 -1.2994471788406372 179 51 7
-6.196325302124023 0.6046378016471863 -1.3336634635925293 160 90 179
-5.203262805938721 1.1023131608963013 -1.1843000650405884 179 51 7
-5.256950855255127 0.9119341969490051 -1.2415027618408203 179 51 7
-15.219719886779785 3.181245803833008 2.8958070278167725 178 215 34
-15.710681915283203 2.682671546936035 2.804863452911377 178 215 34
-17.511016845703125 2.3333773612976074 2.9353251457214355 178 215 34
-16.404706954956055 1.5836573839187622 2.5755467414855957 178 215 34
-17.60344886779785 3.6833441257476807 2.6714634895324707 178 215 34
-15.98990535736084 2.740403890609741 2.247669219970703 178 215 34
-17.976520538330078 2.4081807136535645 2.3366098403930664 178 215 34
-16.007741928100586 3.3564579486846924 1.8218843936920166 178 215 34
-13.36642074584961 2.2977468967437744 1.3749957084655762 178 215 34
-17.552101135253906 2.3619277477264404 1.6282837390899658 178 215 34
-18.356033325195312 1.7966104745864868 1.5166759490966797 178 215 34
-16.53864860534668 3.4719960689544678 1.2590869665145874 178 215 34
-13.68826961517334 2.357501745223999 0.9011343121528625 3 156 114
-15.543970108032227 2.099710702896118 0.8654024600982666 178 215 34
-15.848861694335938 1.5595976114273071 0.7270681262016296 3 156 114
-13.39112377166748 2.8168418407440186 0.5185177326202393 3 156 114
-13.481117248535156 2.327396869659424 0.3864334523677826 3 156 114
-16.274274826049805 2.2061712741851807 0.307024747133255 3 156 114
-12.175790786743164 2.5696287155151367 0.016506342217326164 3 156 114
-12.61377239227295 2.1846861839294434 -0.10546110570430756 3 156 114
-15.644235610961914 2.129382371902466 -0.2816533148288727 3 156 114
-17.068620681762695 1.694667935371399 -0.4707251489162445 3 156 114
-13.29863166809082 2.8114469051361084 -0.47893834114074707 3 156 114
-12.261138916015625 2.128680467605591 -0.5568333864212036 3 156 114
-15.348541259765625 2.097047805786133 -0.8419528603553772 3 156 114
-15.859602928161621 1.582457184791565 -1.0206314325332642 179 51 7
-11.546035766601562 2.4476704597473145 -0.8472652435302734 179 51 7
-11.98890209197998 2.0891776084899902 -0.9928231239318848 179 51 7
-12.870146751403809 1.7630051374435425 -1.1819846630096436 179 51 7
-11.750519752502441 1.1747349500656128 -1.1909871101379395 179 51 7
-10.324281692504883 2.1931872367858887 -1.1488398313522339 179 51 7
-9.70274543762207 1.6967267990112305 -1.168088436126709 179 51 7
-9.22205924987793 1.2677029371261597 -1.1936386823654175 179 51 7
-9.154535293579102 0.9200479984283447 -1.2708042860031128 179 51 7
-7.624033451080322 1.6252762079238892 -1.1381906270980835 179 51 7
-7.526148796081543 1.3192174434661865 -1.1899746656417847 179 51 7
-7.464758396148682 1.0291903018951416 -1.2478783130645752 179 51 7
-7.4827985763549805 0.7525629997253418 -1.3228274583816528 160 90 179
-6.1814045906066895 1.3256367444992065 -1.1628047227859497 179 51 7
-6.240492343902588 1.0973422527313232 -1.2272793054580688 179 51 7
-6.318600654602051 0.8742002248764038 -1.3004460334777832 179 51 7
-6.176928997039795 0.6218819618225098 -1.3298932313919067 160 90 179
-5.199856281280518 1.1182713508605957 -1.1843000650405884 179 51 7
-5.280983924865723 0.9328016042709351 -1.2478485107421875 179 51 7
-15.145455360412598 3.214250087738037 2.8835396766662598 178 215 34
-16.821134567260742 2.9254257678985596 3.0047032833099365 178 215 34
-17.938730239868164 2.446406602859497 3.008265495300293 178 215 34
-16.075332641601562 1.6016536951065063 2.524594306945801 178 215 34
-14.969026565551758 3.180083990097046 2.2731387615203857 178 215 34
-12.406143188476562 2.1654069423675537 1.7448325157165527 178 215 34
-17.999509811401367 2.467496395111084 2.3405709266662598 178 215 34
-15.975010871887207 3.4007935523986816 1.819338083267212 178 215 34
-18.38811492919922 1.856722354888916 1.5197902917861938 178 215 34
-16.53182029724121 3.5235509872436523 1.2593841552734375 178 215 34
-13.65738296508789 2.395348310470581 0.8995805382728577 3 156 114
-13.93118953704834 1.9253915548324585 0.775937020778656 3 156 114
-15.202967643737793 1.5431469678878784 0.6976515650749207 3 156 114
-12.881091117858887 2.750849962234497 0.4990932047367096 3 156 114
-15.559091567993164 2.7353246212005615 0.44623661041259766 3 156 114
-16.245643615722656 2.253068208694458 0.3066135346889496 3 156 114
-27.192550659179688 2.775949716567993 0.24808119237422943 218 132 219
-11.724902153015137 2.5120697021484375 0.015905460342764854 3 156 114
-13.708966255187988 2.417715549468994 -0.1146792620420456 3 156 114
-15.640600204467773 2.1777820587158203 -0.281706839799881 3 156 114
-16.828657150268555 1.7229976654052734 -0.46425092220306396 3 156 114
-11.971796035766602 2.569337844848633 -0.43143537640571594 3 156 114
-11.877774238586426 2.0996828079223633 -0.5397130846977234 3 156 114
-15.309401512145996 2.1395657062530518 -0.840161919593811 3 156 114
-15.62138557434082 1.6071059703826904 -1.0056136846542358 179 51 7
-11.734469413757324 2.5252602100372314 -0.8616572618484497 3 156 114
-11.898037910461426 2.1109752655029297 -0.9858301877975464 179 51 7
-12.832131385803223 1.7979217767715454 -1.1789944171905518 179 51 7
-11.697375297546387 1.205678939819336 -1.1859699487686157 179 51 7
-10.291266441345215 2.219193458557129 -1.1459181308746338 179 51 7
-9.656432151794434 1.719175934791565 -1.163142442703247 179 51 7
-9.212234497070312 1.2951613664627075 -1.192875623703003 179 51 7
-9.125065803527832 0.9453732371330261 -1.2671101093292236 179 51 7
-7.695414066314697 1.665191411972046 -1.149604320526123 179 51 7
-7.413121223449707 1.3228601217269897 -1.1727397441864014 179 51 7
-7.459611892700195 1.0518114566802979 -1.2475515604019165 179 51 7
-7.4686994552612305 0.7742976546287537 -1.3207486867904663 179 51 7
-5.822699546813965 1.2674082517623901 -1.0960537195205688 179 51 7
-6.22839879989624 1.114925742149353 -1.2255678176879883 179 51 7
-6.311038017272949 0.892894983291626 -1.2994471788406372 179 51 7
-6.141923904418945 0.637397825717926 -1.322771430015564 160 90 179
-5.202123165130615 1.1354678869247437 -1.1856040954589844 179 51 7
-5.279056549072266 0.9491714835166931 -1.248075246810913 179 51 7
-14.977911949157715 3.22674560546875 2.8535125255584717 178 215 34
-16.80141258239746 2.9751296043395996 3.0027966499328613 178 215 34
-15.20527172088623 2.121166229248047 2.550952911376953 178 215 34
-16.258066177368164 1.6702500581741333 2.5540850162506104 178 215 34
-16.327390670776367 3.521047353744507 2.481043577194214 178 215 34
-15.809921264648438 2.8095216751098633 2.224750518798828 178 215 34
-17.978103637695312 2.5207784175872803 2.3387820720672607 178 215 34
-15.784788131713867 3.4109535217285156 1.7988576889038086 178 215 34
-13.178704261779785 2.3488197326660156 1.3571425676345825 178 215 34
-18.24751853942871 1.8990968465805054 1.5086443424224854 178 215 34
-12.668971061706543 2.7408933639526367 0.9657506942749023 3 156 114
-15.606842041015625 2.786641836166382 1.0285452604293823 178 215 34
-15.292527198791504 2.1613717079162598 0.852125883102417 178 215 34
-15.17431640625 1.587287425994873 0.6965569853782654 3 156 114
-16.76044273376465 3.6331145763397217 0.6498321294784546 178 215 34
-15.557514190673828 2.7842788696289062 0.44643425941467285 3 156 114
-15.894163131713867 2.2540440559387207 0.300108939409256 3 156 114
-27.611530303955078 2.9043421745300293 0.2519837021827698 218 132 219
-12.116799354553223 2.6349399089813232 0.01644797809422016 3 156 114
-16.053796768188477 2.8820621967315674 -0.13436774909496307 3 156 114
-15.61602783203125 2.223219871520996 -0.28138577938079834 3 156 114
-16.346120834350586 1.724284291267395 -0.4510830342769623 3 156 114
-12.327107429504395 2.6851806640625 -0.4445347785949707 3 156 114
-11.902740478515625 2.141774892807007 -0.541143536567688 3 156 114
-15.258283615112305 2.180168628692627 -0.837719738483429 3 156 114
-15.614397048950195 1.6548137664794922 -1.0054858922958374 179 51 7
-12.433151245117188 2.7155542373657227 -0.9135686159133911 3 156 114
-11.730650901794434 2.1184194087982178 -0.9724950194358826 179 51 7
-12.422367095947266 1.7793856859207153 -1.141842246055603 179 51 7
-11.689663887023926 1.2411401271820068 -1.1855685710906982 179 51 7
-10.277610778808594 2.2492682933807373 -1.1451606750488281 179 51 7
-9.571964263916016 1.7344516515731812 -1.1536035537719727 179 51 7
-9.137527465820312 1.313258409500122 -1.183718204498291 179 51 7
-9.028547286987305 0.9633792042732239 -1.2541120052337646 179 51 7
-7.690269470214844 1.6887928247451782 -1.149604320526123 179 51 7
-7.320559024810791 1.3295296430587769 -1.1587364673614502 179 51 7
-7.456349849700928 1.0746922492980957 -1.2475515604019165 179 51 7
-7.426136493682861 0.7929204702377319 -1.3136459589004517 179 51 7
-6.051188945770264 1.3366001844406128 -1.1398307085037231 179 51 7
-6.224948883056641 1.1340289115905762 -1.2255678176879883 179 51 7
-6.276267051696777 0.9076249003410339 -1.2928550243377686 179 51 7
-6.129244327545166 0.6550949215888977 -1.320467233657837 160 90 179
-5.183366775512695 1.1480451822280884 -1.182126522064209 179 51 7
-5.275160789489746 0.9651875495910645 -1.2478485107421875 179 51 7
-14.963139533996582 3.271632194519043 2.8525969982147217 178 215 34
-15.605846405029297 2.8128297328948975 2.7906508445739746 178 215 34
-15.433073997497559 2.201235294342041 2.5902915000915527 178 215 34
-16.20177459716797 1.7147140502929688 2.5460562705993652 178 215 34
-12.083263397216797 2.6446101665496826 1.8373475074768066 178 215 34
-12.401394844055176 2.243075370788574 1.7460676431655884 178 215 34
-12.164877891540527 2.667813301086426 1.3872536420822144 178 215 34
-13.305549621582031 2.4135677814483643 1.3709611892700195 178 215 34
-12.913863182067871 1.8589390516281128 1.1995373964309692 178 215 34
-18.010711669921875 1.9303241968154907 1.489548683166504 178 215 34
-12.660502433776855 2.7797484397888184 0.9657506942749023 3 156 114
-17.433246612548828 3.167971134185791 1.14954674243927 178 215 34
-13.698739051818848 1.9789988994598389 0.763651967048645 3 156 114
-15.248832702636719 1.6423921585083008 0.7002055644989014 3 156 114
-16.618440628051758 3.6557490825653076 0.6447582244873047 3 156 114
-12.361624717712402 2.2514822483062744 0.35492244362831116 3 156 114
-13.127497673034668 1.902789831161499 0.24797864258289337 3 156 114
-15.123956680297852 1.6377546787261963 0.13806691765785217 3 156 114
-12.593981742858887 2.779200792312622 0.017107224091887474 3 156 114
-13.812899589538574 2.523531913757324 -0.11567604541778564 3 156 114
-15.592312812805176 2.2686712741851807 -0.2810825705528259 3 156 114
-15.862744331359863 1.7225189208984375 -0.43788769841194153 3 156 114
-7.186949253082275 1.5886247158050537 -0.25934717059135437 3 156 114
-11.891200065612793 2.177382230758667 -0.5409200191497803 3 156 114
-12.465224266052246 1.8201252222061157 -0.6846768260002136 3 156 114
-15.564602851867676 1.6978404521942139 -1.0026100873947144 179 51 7
-12.12093448638916 2.6863489151000977 -0.8912288546562195 3 156 114
-11.652536392211914 2.141248941421509 -0.9665592312812805 179 51 7
-12.326193809509277 1.804219126701355 -1.1335055828094482 179 51 7
-11.670964241027832 1.275376319885254 -1.1840633153915405 179 51 7
-10.265810012817383 2.2797114849090576 -1.1446197032928467 179 51 7
-9.558785438537598 1.7623693943023682 -1.1526614427566528 179 51 7
-9.14621353149414 1.3431593179702759 -1.1853716373443604 179 51 7
-9.035396575927734 0.992155134677887 -1.2554802894592285 179 51 7
-7.668633460998535 1.7087198495864868 -1.1471482515335083 179 51 7
-7.379602432250977 1.3636530637741089 -1.168738842010498 179 51 7
-7.454969882965088 1.0978504419326782 -1.2478783130645752 179 51 7
-7.385488510131836 0.8115045428276062 -1.3068897724151611 179 51 7
-6.094085216522217 1.3656972646713257 -1.1486947536468506 179 51 7
-6.232059001922607 1.1550896167755127 -1.2276595830917358 179 51 7
-6.2308030128479 0.9205746054649353 -1.2840656042099 179 51 7
-6.111654281616211 0.6721856594085693 -1.3171157836914062 160 90 179
-5.152202129364014 1.1577361822128296 -1.17582368850708 179 51 7
-5.2520670890808105 0.9776240587234497 -1.243089199066162 179 51 7
-15.835976600646973 1.710602879524231 3.0949547290802 178 215 34
-17.286203384399414 3.835167407989502 3.2976975440979004 178 215 34
-15.818663597106934 2.305772542953491 2.656183958053589 178 215 34
-16.170900344848633 1.7616301774978638 2.542041778564453 178 215 34
-17.18033218383789 3.8154537677764893 2.614161252975464 178 215 34
-15.075389862060547 2.7745189666748047 2.123744010925293 178 215 34
-16.237953186035156 3.6133055686950684 1.8529927730560303 178 215 34
-15.835010528564453 2.9226088523864746 1.632504940032959 178 215 34
-15.021355628967285 2.209371328353882 1.3959202766418457 178 215 34
-13.591446876525879 1.4988739490509033 1.1244350671768188 178 215 34
-12.651915550231934 2.818577289581299 0.9657506942749023 3 156 114
-17.026031494140625 3.1479623317718506 1.1233265399932861 178 215 34
-13.83978271484375 2.0427403450012207 0.7718603610992432 3 156 114
-14.92302131652832 1.653630018234253 0.6854744553565979 3 156 114
-12.684552192687988 2.831193208694458 0.49246689677238464 3 156 114
-13.035787582397461 2.415613889694214 0.37448975443840027 3 156 114
-13.610184669494629 2.0154056549072266 0.25721219182014465 3 156 114
-37.75491714477539 4.205661773681641 0.3447815775871277 218 132 219
-7.152900218963623 1.6015089750289917 0.009722878225147724 3 156 114
-13.617314338684082 2.530996084213257 -0.11410261690616608 3 156 114
-15.610003471374512 2.320172071456909 -0.2815284729003906 3 156 114
-12.649547576904297 1.4128804206848145 -0.3493061065673828 3 156 114
-7.201544761657715 1.6150404214859009 -0.260051429271698 3 156 114
-11.60456371307373 2.1617136001586914 -0.5281804203987122 3 156 114
-12.311442375183105 1.8362642526626587 -0.6765363216400146 3 156 114
-15.512709617614746 1.7403546571731567 -0.9996065497398376 179 51 7
-12.027973175048828 2.70448637008667 -0.8849994540214539 3 156 114
-11.601824760437012 2.1687469482421875 -0.9629001617431641 179 51 7
-12.345223426818848 1.8457082509994507 -1.1357709169387817 179 51 7
-11.665019989013672 1.3109540939331055 -1.1838626861572266 179 51 7
-10.106505393981934 2.276892900466919 -1.1276310682296753 179 51 7
-9.559189796447754 1.792785406112671 -1.1533681154251099 179 51 7
-9.185209274291992 1.3776867389678955 -1.1909677982330322 179 51 7
-9.030341148376465 1.0196484327316284 -1.25520658493042 179 51 7
-7.467427730560303 1.6879510879516602 -1.1178193092346191 179 51 7
-7.374413013458252 1.3861044645309448 -1.168584942817688 179 51 7
-7.433030128479004 1.1179289817810059 -1.2447741031646729 179 51 7
-7.334031581878662 0.8286305069923401 -1.2982280254364014 179 51 7
-6.11480188369751 1.390055537223816 -1.153398036956787 179 51 7
-6.1947197914123535 1.1678380966186523 -1.2210040092468262 179 51 7
-6.195976734161377 0.934861958026886 -1.2774735689163208 179 51 7
-6.097904205322266 0.6896142363548279 -1.314602255821228 160 90 179
-5.149577617645264 1.173754334449768 -1.1760410070419312 179 51 7
-5.227032661437988 0.9895656108856201 -1.2378766536712646 179 51 7
-16.455062866210938 1.828566074371338 3.217028856277466 178 215 34
-17.297374725341797 3.8933639526367188 3.3020918369293213 178 215 34
-18.383363723754883 3.430048942565918 3.2910306453704834 178 215 34
-15.200716018676758 2.2633464336395264 2.5535755157470703 178 215 34
-16.036794662475586 1.79682195186615 2.521815299987793 178 215 34
-17.12222671508789 3.857708692550659 2.6071085929870605 178 215 34
-12.518837928771973 2.3437342643737793 1.7645946741104126 178 215 34
-17.321470260620117 2.5914831161499023 2.2563674449920654 178 215 34
-13.131423950195312 1.479880452156067 1.574336290359497 178 215 34
-5.942778587341309 1.3415485620498657 0.6786261796951294 3 156 114
-13.074545860290527 1.964029312133789 1.2155592441558838 178 215 34
-13.58975601196289 1.540901780128479 1.1246808767318726 178 215 34
-12.984628677368164 2.9345407485961914 0.991830050945282 3 156 114
-13.325881958007812 2.5061426162719727 0.8797049522399902 3 156 114
-13.662642478942871 2.059443712234497 0.7623298168182373 3 156 114
-13.676209449768066 1.5579578876495361 0.6284199953079224 3 156 114
-19.29732322692871 4.369359493255615 0.749718964099884 178 215 34
-13.181554794311523 2.48447847366333 0.37889453768730164 3 156 114
-19.298194885253906 2.918222427368164 0.36487460136413574 178 215 34
-12.90911865234375 1.478105068206787 0.11792818456888199 3 156 114
-12.592294692993164 2.8599674701690674 0.01712844893336296 3 156 114
-16.196575164794922 3.0618295669555664 -0.13579291105270386 3 156 114
-15.407084465026855 2.338346242904663 -0.27799686789512634 3 156 114
-15.481450080871582 1.7772929668426514 -0.4276551306247711 3 156 114
-11.68502426147461 2.6581974029541016 -0.4222446382045746 3 156 114
-11.691123008728027 2.2149717807769775 -0.5324268937110901 3 156 114
-12.68580150604248 1.9319039583206177 -0.697430431842804 3 156 114
-15.436908721923828 1.7798233032226562 -0.9950692653656006 179 51 7
-11.8241548538208 2.696794271469116 -0.8706074953079224 3 156 114
-11.601970672607422 2.2056336402893066 -0.963469386100769 179 51 7
-12.271574020385742 1.8732049465179443 -1.1295185089111328 179 51 7
-11.622396469116211 1.3422839641571045 -1.1799492835998535 179 51 7
-10.020003318786621 2.2897284030914307 -1.1187580823898315 179 51 7
-9.565350532531738 1.8243366479873657 -1.1547812223434448 179 51 7
-9.214275360107422 1.4109647274017334 -1.1952921152114868 179 51 7
-9.012410163879395 1.0456358194351196 -1.2531542778015137 179 51 7
-7.46221399307251 1.710852861404419 -1.1178193092346191 179 51 7
-7.503087043762207 1.4341363906860352 -1.1896668672561646 179 51 7
-7.4207892417907715 1.1393804550170898 -1.243303656578064 179 51 7
-7.260038375854492 0.8428361415863037 -1.2855818271636963 179 51 7
-6.1143412590026855 1.4096927642822266 -1.1541216373443604 179 51 7
-6.205570220947266 1.189610242843628 -1.2238564491271973 179 51 7
-6.152405261993408 0.947601854801178 -1.2690834999084473 179 51 7
-6.06370735168457 0.7045946717262268 -1.307689905166626 160 90 179
-5.156414031982422 1.1919658184051514 -1.178431749343872 179 51 7
-5.2172770500183105 1.0043084621429443 -1.2362902164459229 179 51 7
-16.447423934936523 1.8788180351257324 3.216647148132324 178 215 34
-15.127914428710938 3.4538497924804688 2.8899478912353516 178 215 34
-14.58073616027832 2.766855001449585 2.611783027648926 178 215 34
-15.877364158630371 2.4139113426208496 2.6684772968292236 178 215 34
-16.013538360595703 1.8439793586730957 2.519036054611206 178 215 34
-17.030275344848633 3.891930103302002 2.5949134826660156 178 215 34
-14.999699592590332 2.855851888656616 2.1155099868774414 178 215 34
-17.705610275268555 2.7045164108276367 2.3074772357940674 178 215 34
-15.226349830627441 3.4863905906677246 1.7399622201919556 178 215 34
-17.416536331176758 3.325138568878174 1.797621250152588 178 215 34
-13.212164878845215 2.026170492172241 1.228926181793213 178 215 34
-15.67572021484375 1.8261510133743286 1.2977718114852905 178 215 34
-14.619258880615234 3.3511440753936768 1.1174712181091309 178 215 34
-13.080936431884766 2.501652240753174 0.8640375733375549 3 156 114
-13.652312278747559 2.100743055343628 0.7621094584465027 3 156 114
-14.948312759399414 1.7493449449539185 0.6871163249015808 3 156 114
-21.334922790527344 4.899578094482422 0.8294617533683777 178 215 34
-13.194486618041992 2.5288586616516113 0.3794874846935272 3 156 114
-19.288162231445312 2.977262020111084 0.36485588550567627 178 215 34
-12.960137367248535 1.5242434740066528 0.11843641847372055 3 156 114
-14.872514724731445 3.4258675575256348 0.020244278013706207 3 156 114
-13.166507720947266 2.5308823585510254 -0.11045324802398682 3 156 114
-15.537178039550781 2.40687894821167 -0.2804761230945587 3 156 114
-16.276077270507812 1.9191278219223022 -0.44976624846458435 3 156 114
-11.648573875427246 2.68751859664917 -0.4212234616279602 3 156 114
-12.129631042480469 2.3366219997406006 -0.5527209043502808 3 156 114
-15.354701042175293 2.3865702152252197 -0.8445578217506409 3 156 114
-15.39272403717041 1.8225980997085571 -0.9925769567489624 179 51 7
-11.625357627868652 2.6890013217926025 -0.8565735220909119 3 156 114
-11.582427978515625 2.2387585639953613 -0.9624122381210327 179 51 7
-12.195904731750488 1.8999608755111694 -1.1230849027633667 179 51 7
-11.620199203491211 1.378169059753418 -1.1801499128341675 179 51 7
-9.890904426574707 2.2921793460845947 -1.1051238775253296 179 51 7
-9.623075485229492 1.8659614324569702 -1.16243577003479 179 51 7
-9.158944129943848 1.4312636852264404 -1.188678503036499 179 51 7
-8.888172149658203 1.0588669776916504 -1.2363251447677612 179 51 7
-7.425124645233154 1.7263438701629639 -1.1130516529083252 179 51 7
-7.4501543045043945 1.44772469997406 -1.1819727420806885 179 51 7
-7.340259552001953 1.15007746219635 -1.2303968667984009 179 51 7
-7.2417707443237305 0.8632404208183289 -1.2828099727630615 179 51 7
-5.925156116485596 1.3852330446243286 -1.119208574295044 179 51 7
-6.200927734375 1.2084553241729736 -1.2236663103103638 179 51 7
-6.138821601867676 0.9647993445396423 -1.2668861150741577 179 51 7
-6.064429759979248 0.7235420346260071 -1.3083182573318481 160 90 179
-5.085258483886719 1.1919641494750977 -1.163000464439392 179 51 7
-5.208436012268066 1.0191879272460938 -1.234930396080017 179 51 7
-15.491004943847656 1.8177276849746704 3.0306754112243652 178 215 34
-15.038710594177246 3.4820611476898193 2.874934434890747 178 215 34
-14.67758560180664 2.8319125175476074 2.6306753158569336 178 215 34
-15.80067253112793 2.451871395111084 2.6568398475646973 178 215 34
-16.084339141845703 1.902150273323059 2.5310795307159424 178 215 34
-14.758597373962402 3.4204604625701904 2.2503647804260254 178 215 34
-15.97404956817627 3.0921764373779297 2.2542564868927 178 215 34
-12.478903770446777 1.9453381299972534 1.6270787715911865 178 215 34
-15.199124336242676 3.529266595840454 1.7380802631378174 178 215 34
-12.310953140258789 2.3895578384399414 1.2714070081710815 178 215 34
-12.937302589416504 2.024662494659424 1.2039319276809692 178 215 34
-13.299993515014648 1.5907620191574097 1.101487398147583 178 215 34
-14.675930976867676 3.411559581756592 1.1225979328155518 178 215 34
-16.38509178161621 3.185690402984619 1.082927942276001 178 215 34
-13.564919471740723 2.129917621612549 0.7575921416282654 3 156 114
-14.63243293762207 1.757901668548584 0.6728413105010986 3 156 114
-13.256500244140625 3.0872089862823486 0.5157536268234253 3 156 114
-13.365235328674316 2.6041197776794434 0.3846263587474823 3 156 114
-13.023159980773926 2.0511412620544434 0.24646465480327606 3 156 114
-12.956393241882324 1.5641173124313354 0.1184455007314682 3 156 114
-14.607775688171387 3.4121127128601074 0.019898073747754097 3 156 114
-13.036986351013184 2.547485113143921 -0.10943175107240677 3 156 114
-15.552435874938965 2.458125114440918 -0.28088638186454773 3 156 114
-16.25026512145996 1.9666509628295898 -0.4492175579071045 3 156 114
-13.81613540649414 3.232286214828491 -0.4999607801437378 3 156 114
-12.559654235839844 2.459446907043457 -0.5726573467254639 3 156 114
-15.618514060974121 2.476672410964966 -0.8594822287559509 3 156 114
-15.359321594238281 1.8664430379867554 -0.9907876253128052 179 51 7
-11.57626724243164 2.7150890827178955 -0.8535662293434143 3 156 114
-11.639074325561523 2.2867722511291504 -0.9676976203918457 179 51 7
-12.088712692260742 1.9212678670883179 -1.1137514114379883 179 51 7
-11.640607833862305 1.4168180227279663 -1.1826585531234741 179 51 7
-9.830598831176758 2.3100061416625977 -1.099172592163086 179 51 7
-9.70012092590332 1.9117978811264038 -1.1724456548690796 179 51 7
-9.248542785644531 1.4743462800979614 -1.2008882761001587 179 51 7
-8.870133399963379 1.0843275785446167 -1.234272837638855 179 51 7
-7.490100383758545 1.7656896114349365 -1.1235984563827515 179 51 7
-7.4592485427856445 1.4732550382614136 -1.1841270923614502 179 51 7
-7.30941915512085 1.1682319641113281 -1.2258223295211792 179 51 7
-7.198029518127441 0.8804317116737366 -1.2755341529846191 179 51 7
-6.0873942375183105 1.4428733587265015 -1.1506845951080322 179 51 7
-6.127851963043213 1.2137398719787598 -1.2099748849868774 179 51 7
-6.120352745056152 0.9811468124389648 -1.2636898756027222 179 51 7
-6.092269420623779 0.7458274364471436 -1.3148117065429688 160 90 179
-5.06923246383667 1.204626202583313 -1.1601749658584595 179 51 7
-5.181403160095215 1.030413031578064 -1.229264497756958 179 51 7
-15.496075630187988 1.8665361404418945 3.032773494720459 178 215 34
-15.213629722595215 3.5717740058898926 2.910454511642456 178 215 34
-14.561552047729492 2.8558895587921143 2.611436605453491 178 215 34
-17.854778289794922 2.8267412185668945 3.003676176071167 178 215 34
-16.341283798217773 1.9833911657333374 2.572458505630493 178 215 34
-11.643589973449707 2.736192464828491 1.7766658067703247 178 215 34
-15.054786682128906 2.96217679977417 2.125802755355835 178 215 34
-12.308321952819824 1.9574439525604248 1.6056127548217773 178 215 34
-6.242650508880615 1.4697550535202026 0.714384138584137 3 156 114
-12.337727546691895 2.434055805206299 1.2749372720718384 178 215 34
-13.034282684326172 2.080827474594116 1.2135452032089233 178 215 34
-13.33956527709961 1.6370211839675903 1.1051753759384155 178 215 34
-12.694025993347168 2.9919257164001465 0.9716947674751282 3 156 114
-15.421723365783691 3.0475175380706787 1.0198699235916138 178 215 34
-13.563250541687012 2.172313928604126 0.7578676342964172 3 156 114
-14.387038230895996 1.773213267326355 0.6618043780326843 3 156 114
-12.836554527282715 3.030958652496338 0.4997747540473938 3 156 114
-13.505248069763184 2.6744325160980225 0.38888996839523315 3 156 114
-15.7986478805542 2.537975311279297 0.2991369962692261 3 156 114
-16.032869338989258 1.985438346862793 0.14662519097328186 3 156 114
-7.249478340148926 1.716818928718567 0.00988205149769783 3 156 114
-13.146806716918945 2.6108436584472656 -0.11042028665542603 3 156 114
-15.55173110961914 2.506941556930542 -0.2810112237930298 3 156 114
-15.919768333435059 1.9762285947799683 -0.44024693965911865 3 156 114
-13.801291465759277 3.273505210876465 -0.4997847080230713 3 156 114
-13.567109107971191 2.6999735832214355 -0.6189669966697693 3 156 114
-12.559053421020508 2.0310440063476562 -0.6914606690406799 3 156 114
-15.337678909301758 1.91158127784729 -0.9897651076316833 179 51 7
-12.358742713928223 2.938640832901001 -0.9119217991828918 3 156 114
-11.567496299743652 2.3095898628234863 -0.9623309969902039 179 51 7
-12.07784652709961 1.957549810409546 -1.1132982969284058 179 51 7
-11.597702026367188 1.4477179050445557 -1.178745150566101 179 51 7
-9.787683486938477 2.3316309452056885 -1.0951688289642334 179 51 7
-9.658183097839355 1.9343329668045044 -1.168088436126709 179 51 7
-9.246912956237793 1.5031909942626953 -1.2012698650360107 179 51 7
-8.895268440246582 1.1151089668273926 -1.2382405996322632 179 51 7
-7.5106329917907715 1.794870376586914 -1.1274993419647217 179 51 7
-7.4818196296691895 1.5015769004821777 -1.1884359121322632 179 51 7
-7.307748317718506 1.1909688711166382 -1.226149082183838 179 51 7
-7.216793060302734 0.9052073955535889 -1.2793452739715576 179 51 7
-5.8744683265686035 1.411453366279602 -1.1112490892410278 179 51 7
-6.0114922523498535 1.2098708152770996 -1.187726378440857 179 51 7
-6.1221489906311035 1.0007095336914062 -1.2646887302398682 179 51 7
-6.040472030639648 0.758303165435791 -1.3041290044784546 160 90 179
-5.036095142364502 1.2130866050720215 -1.1534372568130493 179 51 7
-5.184900283813477 1.0476548671722412 -1.2308509349822998 179 51 7
-16.2755069732666 2.011096239089966 3.1865103244781494 178 215 34
-17.239686965942383 4.103287220001221 3.300443649291992 178 215 34
-14.615503311157227 2.9130637645721436 2.6227025985717773 178 215 34
-17.69215202331543 2.856661081314087 2.977778196334839 178 215 34
-16.011577606201172 1.9932388067245483 2.5215065479278564 178 215 34
-12.124909400939941 2.8885819911956787 1.8514525890350342 178 215 34
-15.003861427307129 2.9999990463256836 2.119901418685913 178 215 34
-13.005188941955566 2.1091980934143066 1.6973546743392944 178 215 34
-6.23714542388916 1.488669514656067 0.7142734527587891 3 156 114
-13.59789752960205 2.213606595993042 1.266646385192871 178 215 34
-13.301848411560059 1.6738324165344238 1.102470874786377 178 215 34
-15.360833168029785 3.6702606678009033 1.176688313484192 178 215 34
-17.136579513549805 2.7985739707946777 0.9580081105232239 178 215 34
-15.9276123046875 2.012716770172119 0.7329514622688293 3 156 114
-12.204251289367676 2.921218156814575 0.4755035638809204 3 156 114
-13.136354446411133 2.6432888507843018 0.37849923968315125 3 156 114
-13.019208908081055 2.1324658393859863 0.2466328740119934 3 156 114
-15.801519393920898 2.0060298442840576 0.14456504583358765 3 156 114
-12.789619445800781 3.0703020095825195 0.017446795478463173 3 156 114
-13.151477813720703 2.6537365913391113 -0.1105273887515068 3 156 114
-15.541993141174316 2.5543177127838135 -0.2809755504131317 3 156 114
-15.828351020812988 2.0142083168029785 -0.43788769841194153 3 156 114
-13.1304349899292 3.1569666862487793 -0.4758395552635193 3 156 114
-13.830975532531738 2.796625852584839 -0.6313936710357666 3 156 114
-12.53010368347168 2.065829038619995 -0.6902124881744385 3 156 114
-15.333722114562988 1.9588804244995117 -0.9898929595947266 179 51 7
-11.506057739257812 2.773214340209961 -0.8496280908584595 3 156 114
-11.524213790893555 2.337736129760742 -0.9593223929405212 179 51 7
-11.949946403503418 1.974463939666748 -1.1020621061325073 179 51 7
-11.668210983276367 1.4928889274597168 -1.1863713264465332 179 51 7
-9.731200218200684 2.349747896194458 -1.089650273323059 179 51 7
-9.771894454956055 1.9883087873458862 -1.1825733184814453 179 51 7
-9.2363862991333 1.5305800437927246 -1.2005066871643066 179 51 7
-8.888858795166016 1.1420153379440308 -1.2378302812576294 179 51 7
-7.44835090637207 1.804160475730896 -1.1189751625061035 179 51 7
-7.483954906463623 1.5259054899215698 -1.189513087272644 179 51 7
-7.303086280822754 1.2132214307785034 -1.2259856462478638 179 51 7
-7.198352813720703 0.9253348112106323 -1.2765735387802124 179 51 7
-5.795575141906738 1.4113187789916992 -1.0971391201019287 179 51 7
-5.976010799407959 1.2218185663223267 -1.1814512014389038 179 51 7
-6.126781940460205 1.020775556564331 -1.266286849975586 179 51 7
-6.042966365814209 0.7774553298950195 -1.3051763772964478 160 90 179
-4.987782001495361 1.2176513671875 -1.1432222127914429 179 51 7
-5.163533687591553 1.0598361492156982 -1.226544976234436 179 51 7
-15.505755424499512 1.9642972946166992 3.0369699001312256 178 215 34
-15.447548866271973 3.7268471717834473 2.9595236778259277 178 215 34
-14.629664421081543 2.962581157684326 2.6268622875213623 178 215 34
-15.557453155517578 2.5609805583953857 2.619795560836792 178 215 34
-15.974024772644043 2.0383503437042236 2.5165657997131348 178 215 34
-15.389932632446289 3.716357946395874 2.351745843887329 178 215 34
-15.02759075164795 3.052720785140991 2.1245675086975098 178 215 34
-17.447986602783203 2.88470196723938 2.2783448696136475 178 215 34
-6.231583118438721 1.5075641870498657 0.7141627669334412 3 156 114
-12.538985252380371 2.5537917613983154 1.2973294258117676 178 215 34
-13.751167297363281 2.2818853855133057 1.2815696001052856 178 215 34
-13.284789085388184 1.713104486465454 1.101487398147583 178 215 34
-7.128596305847168 1.7264163494110107 0.5464761257171631 3 156 114
-16.61907386779785 3.390213966369629 1.1004081964492798 178 215 34
-13.662932395935059 2.2743499279022217 0.764202892780304 3 156 114
-13.039447784423828 1.6884087324142456 0.6002804636955261 3 156 114
-7.195944309234619 1.7457852363586426 0.2805766463279724 3 156 114
-15.764592170715332 3.2224957942962646 0.4545096457004547 3 156 114
-15.761080741882324 2.63124418258667 0.29872575402259827 3 156 114
-15.756617546081543 2.049468517303467 0.144211083650589 3 156 114
-12.77722454071045 3.108816385269165 0.017442816868424416 3 156 114
-12.824905395507812 2.6288137435913086 -0.107850082218647 3 156 114
-15.128795623779297 2.5341012477874756 -0.2736448347568512 3 156 114
-15.516796112060547 2.0229568481445312 -0.4294382929801941 3 156 114
-13.02844524383545 3.174757957458496 -0.4724942445755005 3 156 114
-13.805694580078125 2.8356285095214844 -0.6306337714195251 3 156 114
-12.577866554260254 2.113361358642578 -0.6931973695755005 3 156 114
-15.305870056152344 2.003065586090088 -0.9884870052337646 179 51 7
-11.757173538208008 2.8719332218170166 -0.8688174486160278 3 156 114
-11.414488792419434 2.3519608974456787 -0.9507846236228943 179 51 7
-11.925172805786133 2.007974624633789 -1.1003403663635254 179 51 7
-11.708955764770508 1.534627079963684 -1.1909871101379395 179 51 7
-9.692079544067383 2.371793746948242 -1.086079478263855 179 51 7
-9.383559226989746 1.9392924308776855 -1.1362924575805664 179 51 7
-9.215021133422852 1.5561021566390991 -1.1983445882797241 179 51 7
-8.860758781433105 1.1660493612289429 -1.2344095706939697 179 51 7
-7.491790771484375 1.839033842086792 -1.1263434886932373 179 51 7
-7.440535545349121 1.5408439636230469 -1.1833577156066895 179 51 7
-7.25166654586792 1.227552890777588 -1.2179802656173706 179 51 7
-7.1915740966796875 0.9469004273414612 -1.2758805751800537 179 51 7
-5.940176010131836 1.4658509492874146 -1.125359058380127 179 51 7
-5.965505599975586 1.238749623298645 -1.1801201105117798 179 51 7
-6.126519680023193 1.0400594472885132 -1.2668861150741577 179 51 7
-6.041522026062012 0.796118974685669 -1.3053858280181885 160 90 179
-4.984970569610596 1.2331823110580444 -1.143439531326294 179 51 7
-5.107816219329834 1.0647410154342651 -1.2140800952911377 179 51 7
-15.474346160888672 2.0085737705230713 3.032010555267334 178 215 34
-15.254598617553711 3.729857921600342 2.9247357845306396 178 215 34
-16.080047607421875 3.3076794147491455 2.8890976905822754 178 215 34
-16.474729537963867 2.7639174461364746 2.7756752967834473 178 215 34
-15.930468559265137 2.082481861114502 2.5106987953186035 178 215 34
-15.402478218078613 3.7694342136383057 2.3554189205169678 178 215 34
-13.01295280456543 2.6850619316101074 1.8408983945846558 178 215 34
-17.361791610717773 2.9252004623413086 2.2682504653930664 178 215 34
-12.1826171875 2.9868500232696533 1.3972171545028687 178 215 34
-12.527194023132324 2.591442823410034 1.2969260215759277 178 215 34
-14.749527931213379 2.494075298309326 1.375320553779602 178 215 34
-13.53438949584961 1.7875213623046875 1.1226320266723633 178 215 34
-7.132950782775879 1.7506554126739502 0.5472191572189331 3 156 114
-13.6470308303833 2.314753770828247 0.7637071013450623 3 156 114
-15.349506378173828 2.035426378250122 0.7069097757339478 3 156 114
-7.143005847930908 1.7561635971069336 0.27872127294540405 3 156 114
-13.450699806213379 2.792522430419922 0.3880428969860077 3 156 114
-15.536087036132812 2.6427001953125 0.29461365938186646 3 156 114
-15.884069442749023 2.1156222820281982 0.14543630182743073 3 156 114
-7.373183250427246 1.8179410696029663 0.010073060169816017 3 156 114
-12.566161155700684 2.6159746646881104 -0.10574118793010712 3 156 114
-13.659316062927246 2.3310649394989014 -0.24719354510307312 3 156 114
-12.622235298156738 1.6849855184555054 -0.34947070479393005 3 156 114
-13.53384017944336 3.3419320583343506 -0.49119260907173157 3 156 114
-7.141974925994873 1.489780068397522 -0.3264473080635071 3 156 114
-12.484712600708008 2.1371138095855713 -0.6884215474128723 3 156 114
-15.293718338012695 2.0492186546325684 -0.9881035685539246 179 51 7
-11.453969955444336 2.835134744644165 -0.8470504879951477 3 156 114
-11.513555526733398 2.409219980239868 -0.9596477150917053 179 51 7
-11.924845695495605 2.0455613136291504 -1.1008840799331665 179 51 7
-11.683484077453613 1.5677635669708252 -1.1888799667358398 179 51 7
-9.61238956451416 2.383572578430176 -1.0779638290405273 179 51 7
-9.0626802444458 1.9019865989685059 -1.098137378692627 179 51 7
-9.188697814941406 1.5806665420532227 -1.1955465078353882 179 51 7
-8.805109024047852 1.1862187385559082 -1.2271580696105957 179 51 7
-5.971798419952393 1.485356330871582 -0.8985030651092529 179 51 7
-7.421268939971924 1.5606138706207275 -1.1810494661331177 179 51 7
-7.2177276611328125 1.2445977926254272 -1.2129155397415161 179 51 7
-7.183754920959473 0.9683015942573547 -1.2750144004821777 179 51 7
-5.824972152709961 1.4563956260681152 -1.1043750047683716 179 51 7
-5.976086139678955 1.2600840330123901 -1.1829724311828613 179 51 7
-6.0074381828308105 1.0388153791427612 -1.2429147958755493 179 51 7
-6.04002046585083 0.8147810697555542 -1.3055952787399292 160 90 179
-4.934770107269287 1.236842155456543 -1.1327898502349854 179 51 7
-5.097855567932129 1.078994870185852 -1.212493658065796 179 51 7
-15.956598281860352 2.12096905708313 3.1277623176574707 178 215 34
-15.767916679382324 3.9066739082336426 3.025437116622925 178 215 34
-15.49332046508789 3.2365646362304688 2.7854514122009277 178 215 34
-18.08614730834961 3.091339111328125 3.0487515926361084 178 215 34
-15.92302417755127 2.1312148571014404 2.5105440616607666 178 215 34
-11.545771598815918 2.8631579875946045 1.7669684886932373 178 215 34
-15.11328125 3.1668102741241455 2.1393890380859375 178 215 34
-13.006731033325195 2.232496738433838 1.7001657485961914 178 215 34
-6.091038703918457 1.5131841897964478 0.6991068124771118 3 156 114
-15.816935539245605 3.322610855102539 1.638556718826294 178 215 34
-14.753582954406738 2.5413429737091064 1.376419186592102 178 215 34
-14.703158378601074 1.9877980947494507 1.220077633857727 178 215 34
-7.117868900299072 1.770124077796936 0.5464761257171631 3 156 114
-19.791187286376953 4.163960933685303 1.3121120929718018 178 215 34
-15.356778144836426 2.6532490253448486 0.8598384261131287 178 215 34
-15.358036994934082 2.0845236778259277 0.7075938582420349 3 156 114
-12.808090209960938 3.1906702518463135 0.5001534223556519 3 156 114
-15.750391006469727 3.320402145385742 0.45467907190322876 3 156 114
-13.215764045715332 2.2897520065307617 0.2507449984550476 3 156 114
-15.890382766723633 2.1660995483398438 0.14555427432060242 3 156 114
-13.155683517456055 3.2865288257598877 0.017986660823225975 3 156 114
-12.010201454162598 2.538705587387085 -0.101127989590168 3 156 114
-13.665892601013184 2.3753573894500732 -0.2474432736635208 3 156 114
-15.67939567565918 2.142077684402466 -0.4342939555644989 3 156 114
-12.548209190368652 3.1394245624542236 -0.4557678699493408 3 156 114
-7.172554016113281 1.5191361904144287 -0.3280565142631531 3 156 114
-12.854850769042969 2.241088628768921 -0.7092071771621704 3 156 114
-15.280438423156738 2.0951805114746094 -0.9876562356948853 179 51 7
-11.481014251708984 2.8792386054992676 -0.8496997356414795 3 156 114
-11.322822570800781 2.4055914878845215 -0.9443609118461609 179 51 7
-11.920476913452148 2.082479476928711 -1.1010653972625732 179 51 7
-11.343480110168457 1.5575823783874512 -1.154762864112854 179 51 7
-9.587676048278809 2.40869140625 -1.0760160684585571 179 51 7
-9.493860244750977 2.0229077339172363 -1.1511305570602417 179 51 7
-9.123230934143066 1.5982381105422974 -1.1876609325408936 179 51 7
-8.82890510559082 1.2170144319534302 -1.2309890985488892 179 51 7
-7.5955071449279785 1.9139823913574219 -1.1436806917190552 179 51 7
-7.3372087478637695 1.5664578676223755 -1.1684311628341675 179 51 7
-7.2129034996032715 1.2665650844573975 -1.212752103805542 179 51 7
-7.174896717071533 0.9895291924476624 -1.2739750146865845 179 51 7
-5.738483905792236 1.4534918069839478 -1.088817834854126 179 51 7
-5.941472053527832 1.271836519241333 -1.1768873929977417 179 51 7
-5.975273132324219 1.0521435737609863 -1.2369219064712524 179 51 7
-6.01133918762207 0.8296980857849121 -1.2999396324157715 160 90 179
-4.950819969177246 1.257020354270935 -1.1373540163040161 179 51 7
-5.093569278717041 1.0944252014160156 -1.2122670412063599 179 51 7
-15.572615623474121 2.11857008934021 3.0537548065185547 178 215 34
-15.228565216064453 3.8226699829101562 2.9241864681243896 178 215 34
-15.164422035217285 3.216442823410034 2.7280819416046143 178 215 34
-14.68479061126709 2.5563619136810303 2.476701021194458 178 215 34
-15.927178382873535 2.181530714035034 2.512242317199707 178 215 34
-11.588737487792969 2.9115817546844482 1.774902582168579 178 215 34
-16.35331916809082 3.4790539741516113 2.316425085067749 178 215 34
-17.559431076049805 3.0694174766540527 2.2964887619018555 178 215 34
-17.0122013092041 2.3413383960723877 2.045880079269409 178 215 34
-6.115281581878662 1.539141297340393 0.7024279236793518 3 156 114
-17.140674591064453 3.655627489089966 1.7768430709838867 178 215 34
-14.75062084197998 2.5874545574188232 1.3768770694732666 178 215 34
-17.145336151123047 2.371554136276245 1.423328161239624 178 215 34
-15.697575569152832 3.9549660682678223 1.206111192703247 178 215 34
-19.333314895629883 4.1296067237854 1.2825901508331299 178 215 34
-19.632160186767578 3.4539847373962402 1.099808692932129 178 215 34
-15.364433288574219 2.1334176063537598 0.7081868052482605 3 156 114
-7.135002136230469 1.8006927967071533 0.27883484959602356 3 156 114
-12.52133560180664 2.6798205375671387 0.3616989850997925 3 156 114
-15.546163558959961 2.7426681518554688 0.2951183319091797 3 156 114
-15.484541893005371 2.159186363220215 0.1418968290090561 3 156 114
-10.117024421691895 2.560417652130127 0.013842831365764141 3 156 114
-7.0512375831604 1.5130985975265503 -0.05941145494580269 3 156 114
-13.68019962310791 2.4211058616638184 -0.2478356659412384 3 156 114
-15.757891654968262 2.2020692825317383 -0.436653196811676 3 156 114
-11.694738388061523 2.9640495777130127 -0.42509692907333374 3 156 114
-11.68110179901123 2.5115089416503906 -0.5346172451972961 3 156 114
-11.84902572631836 2.103212594985962 -0.6540683507919312 3 156 114
-15.260103225708008 2.1401100158691406 -0.9867615699768066 179 51 7
-11.829815864562988 3.0053176879882812 -0.8761924505233765 3 156 114
-11.271546363830566 2.4308626651763916 -0.9407018423080444 179 51 7
-11.827747344970703 2.1036946773529053 -1.0930912494659424 179 51 7
-11.334707260131836 1.591822862625122 -1.1543614864349365 179 51 7
-9.324935913085938 2.373121500015259 -1.0473411083221436 179 51 7
-9.784612655639648 2.116262197494507 -1.1871659755706787 179 51 7
-9.095826148986816 1.6222147941589355 -1.184735655784607 179 51 7
-8.805511474609375 1.2413296699523926 -1.228252649307251 179 51 7
-7.372918128967285 1.881967306137085 -1.1110289096832275 179 51 7
-7.16530704498291 1.5527576208114624 -1.1418094635009766 179 51 7
-7.195387840270996 1.2862575054168701 -1.2104648351669312 179 51 7
-7.163049697875977 1.0102988481521606 -1.2724158763885498 179 51 7
-5.750193119049072 1.4752453565597534 -1.0918930768966675 179 51 7
-5.95768928527832 1.2944360971450806 -1.1808807849884033 179 51 7
-5.971052646636963 1.0702975988388062 -1.2367222309112549 179 51 7
-6.0145745277404785 0.8489567041397095 -1.3011964559555054 179 51 7
-4.927088260650635 1.267098069190979 -1.1327898502349854 179 51 7
-5.093993663787842 1.1108769178390503 -1.213173508644104 179 51 7
-15.920866012573242 4.0484137535095215 3.059492588043213 178 215 34
-14.92052173614502 3.2125768661499023 2.685964822769165 178 215 34
-16.885696411132812 2.992903709411621 2.849435567855835 178 215 34
-15.665034294128418 2.1946072578430176 2.4719440937042236 178 215 34
-15.775491714477539 4.014965534210205 2.418010950088501 178 215 34
-15.483757972717285 3.3437469005584717 2.1946957111358643 178 215 34
-15.968063354492188 2.8417575359344482 2.089494228363037 178 215 34
-15.972488403320312 2.2481982707977295 1.921665072441101 178 215 34
-16.702116012573242 4.258247375488281 1.9199696779251099 178 215 34
-17.11284828186035 3.704618453979492 1.7751283645629883 178 215 34
-14.7269287109375 2.6298959255218506 1.3754122257232666 178 215 34
-13.641701698303223 1.9296003580093384 1.1329584121704102 178 215 34
-6.20438289642334 1.5834379196166992 0.47707998752593994 3 156 114
-12.354388236999512 2.6785624027252197 0.820142924785614 3 156 114
-13.601560592651367 2.43603515625 0.7623849511146545 3 156 114
-15.468587875366211 2.196272850036621 0.7132947444915771 3 156 114
-7.148807048797607 1.8275240659713745 0.2795921564102173 3 156 114
-12.964345932006836 2.8162569999694824 0.37474387884140015 3 156 114
-13.336284637451172 2.3950109481811523 0.25330570340156555 3 156 114
-26.334609985351562 3.75453519821167 0.24142879247665405 218 132 219
-10.063593864440918 2.579773187637329 0.013780488632619381 3 156 114
-12.123370170593262 2.6404409408569336 -0.10221538692712784 3 156 114
-13.636299133300781 2.4565060138702393 -0.24717572331428528 3 156 114
-15.582833290100098 2.2263681888580322 -0.4319895803928375 3 156 114
-12.777483940124512 3.2802248001098633 -0.46481773257255554 3 156 114
-11.74459171295166 2.562882423400879 -0.5378803610801697 3 156 114
-11.892630577087402 2.148608922958374 -0.6568360924720764 3 156 114
-15.236671447753906 2.184509515762329 -0.9856752157211304 179 51 7
-10.367725372314453 2.667766571044922 -0.7685031890869141 3 156 114
-11.278640747070312 2.468628406524658 -0.941921591758728 179 51 7
-11.718341827392578 2.121344804763794 -1.0835765600204468 179 51 7
-11.13476848602295 1.5985939502716064 -1.1344932317733765 179 51 7
-9.33108901977539 2.4051926136016846 -1.0488560199737549 179 51 7
-9.744125366210938 2.138819456100464 -1.1830443143844604 179 51 7
-9.022491455078125 1.6377125978469849 -1.175832748413086 179 51 7
-8.756560325622559 1.2618396282196045 -1.221958875656128 179 51 7
-7.2962164878845215 1.886250615119934 -1.1003376245498657 179 51 7
-7.144103527069092 1.5711252689361572 -1.1391934156417847 179 51 7
-7.176848411560059 1.3056777715682983 -1.2080142498016357 179 51 7
-7.17258882522583 1.0340969562530518 -1.2746679782867432 179 51 7
-5.655210018157959 1.4693834781646729 -1.0747079849243164 179 51 7
-5.821385860443115 1.283536672592163 -1.1546390056610107 179 51 7
-5.952317714691162 1.0857980251312256 -1.2335259914398193 179 51 7
-6.010973930358887 0.867265522480011 -1.3009870052337646 179 51 7
-4.923177719116211 1.2822082042694092 -1.1327898502349854 179 51 7
-5.098169326782227 1.128183364868164 -1.2149865627288818 179 51 7
-15.758552551269531 2.242432117462158 3.0928566455841064 178 215 34
-14.840195655822754 3.8221282958984375 2.8540616035461426 178 215 34
-14.88942813873291 3.253711462020874 2.6821517944335938 178 215 34
-18.05790138244629 3.2578439712524414 3.0489158630371094 178 215 34
-15.392204284667969 2.2045552730560303 2.4299473762512207 178 215 34
-11.68559455871582 3.0122628211975098 1.7925341129302979 178 215 34
-17.404701232910156 3.814502716064453 2.468621015548706 178 215 34
-16.062719345092773 2.9094715118408203 2.1030383110046387 178 215 34
-13.081814765930176 1.8822706937789917 1.5745728015899658 178 215 34
-7.913862705230713 2.0435376167297363 0.9104440212249756 3 156 114
-12.32342529296875 2.707402229309082 1.2791736125946045 178 215 34
-14.711933135986328 2.673818588256836 1.3747713565826416 178 215 34
-6.195633411407471 1.6014670133590698 0.47678276896476746 3 156 114
-19.46257209777832 4.282251358032227 1.2928839921951294 178 215 34
-13.324872970581055 2.4286952018737793 0.7472903728485107 3 156 114
-15.80284595489502 2.293213367462158 0.7290292382240295 3 156 114
-7.231198787689209 1.8722403049468994 0.28303784132003784 3 156 114
-15.857779502868652 3.495781421661377 0.45868855714797974 3 156 114
-13.075121879577637 2.389540433883667 0.2484833151102066 3 156 114
-15.824256896972656 2.3056271076202393 0.14513680338859558 3 156 114
-7.208036422729492 1.871345043182373 0.009878072887659073 3 156 114
-11.822291374206543 2.6128830909729004 -0.0997440293431282 3 156 114
-13.614931106567383 2.4958062171936035 -0.24692600965499878 3 156 114
-12.321671485900879 1.7990268468856812 -0.34173455834388733 3 156 114
-9.142203330993652 2.376898765563965 -0.33283767104148865 3 156 114
-11.953206062316895 2.6468498706817627 -0.5478038191795349 3 156 114
-11.64046573638916 2.1399495601654053 -0.6432684659957886 3 156 114
-12.509568214416504 1.832704782485962 -0.8096160888671875 179 51 7
-10.980114936828613 2.8612887859344482 -0.8145431876182556 3 156 114
-11.279769897460938 2.50516414642334 -0.9426533579826355 179 51 7
-11.617754936218262 2.139967203140259 -1.0748775005340576 179 51 7
-11.116029739379883 1.630725622177124 -1.13308846950531 179 51 7
-9.155333518981934 2.3898680210113525 -1.0299197435379028 179 51 7
-9.614418029785156 2.1412875652313232 -1.168088436126709 179 51 7
-8.983285903930664 1.6590805053710938 -1.1713811159133911 179 51 7
-8.544881820678711 1.2581079006195068 -1.1929525136947632 179 51 7
-7.374633312225342 1.9306796789169312 -1.1130516529083252 179 51 7
-7.129606246948242 1.590883731842041 -1.1376545429229736 179 51 7
-7.202880859375 1.3332562446594238 -1.2130788564682007 179 51 7
-7.129433631896973 1.0502126216888428 -1.2675652503967285 179 51 7
-5.68206262588501 1.494984745979309 -1.0806775093078613 179 51 7
-5.269402503967285 1.178795576095581 -1.0458686351776123 179 51 7
-5.934507369995117 1.101372480392456 -1.230529546737671 179 51 7
-6.024730205535889 0.8881270289421082 -1.304547905921936 179 51 7
-4.928658485412598 1.2997952699661255 -1.1349631547927856 179 51 7
-5.062373161315918 1.13656485080719 -1.2072809934616089 179 51 7
-15.913825035095215 2.3143608570098877 3.1247103214263916 178 215 34
-14.738981246948242 3.8443164825439453 2.836850881576538 178 215 34
-15.575510025024414 3.453738212585449 2.8076367378234863 178 215 34
-18.146787643432617 3.331397771835327 3.0656347274780273 178 215 34
-16.539905548095703 2.420742988586426 2.6122937202453613 178 215 34
-15.578286170959473 4.066714286804199 2.391563653945923 178 215 34
-17.426759719848633 3.8754076957702637 2.473424196243286 178 215 34
-16.752086639404297 3.0874483585357666 2.1945247650146484 178 215 34
-17.210975646972656 2.5303127765655518 2.072497606277466 178 215 34
-12.314210891723633 3.220137119293213 1.4178084135055542 178 215 34
-15.754578590393066 3.5119130611419678 1.6364386081695557 178 215 34
-14.248332977294922 2.634744167327881 1.3321987390518188 178 215 34
-13.158327102661133 1.9436540603637695 1.0937834978103638 178 215 34
-12.365946769714355 3.236894369125366 0.9523767828941345 3 156 114
-16.239276885986328 3.625314712524414 1.0794967412948608 178 215 34
-15.496830940246582 2.8737239837646484 0.8695892691612244 178 215 34
-15.524979591369629 2.3015458583831787 0.7165328860282898 3 156 114
-7.146158695220947 1.8736348152160645 0.2799329161643982 3 156 114
-19.671911239624023 4.399919509887695 0.5694006085395813 178 215 34
-13.286932945251465 2.4703989028930664 0.25265148282051086 3 156 114
-12.83607006072998 1.9104769229888916 0.11778298020362854 3 156 114
-10.036935806274414 2.638676643371582 0.013765896670520306 3 156 114
-13.568593978881836 3.042530059814453 -0.11455570161342621 3 156 114
-13.601311683654785 2.5364646911621094 -0.24681898951530457 3 156 114
-15.507580757141113 2.3127987384796143 -0.430288702249527 3 156 114
-9.135834693908691 2.4051897525787354 -0.3328728675842285 3 156 114
-12.0191068649292 2.7001514434814453 -0.5512011051177979 3 156 114
-11.628937721252441 2.174734354019165 -0.642997145652771 3 156 114
-12.42789077758789 1.8597029447555542 -0.8046954274177551 179 51 7
-14.261899948120117 3.763247013092041 -1.0588488578796387 3 156 114
-11.270087242126465 2.5393199920654297 -0.9424907565116882 179 51 7
-11.545552253723145 2.163311719894409 -1.0688064098358154 179 51 7
-11.066696166992188 1.658186912536621 -1.128572940826416 179 51 7
-9.185441970825195 2.4278523921966553 -1.0341397523880005 179 51 7
-9.43538761138916 2.1318187713623047 -1.1471266746520996 179 51 7
-8.950858116149902 1.6815054416656494 -1.1678199768066406 179 51 7
-8.518450736999512 1.2809293270111084 -1.189805507659912 179 51 7
-7.370588302612305 1.9538027048110962 -1.1133404970169067 179 51 7
-7.063014507293701 1.5987882614135742 -1.1278060674667358 179 51 7
-7.20166540145874 1.355895757675171 -1.2135690450668335 179 51 7
-7.11254358291626 1.0700291395187378 -1.2651400566101074 179 51 7
-5.628030776977539 1.4992454051971436 -1.0712709426879883 179 51 7
-5.741594314575195 1.3029369115829468 -1.1403770446777344 179 51 7
-5.77126932144165 1.089403748512268 -1.1973692178726196 179 51 7
-5.996837139129639 0.9028216600418091 -1.2991018295288086 179 51 7
-4.907672882080078 1.3103777170181274 -1.1310510635375977 179 51 7
-5.018027305603027 1.1427909135818481 -1.197535753250122 179 51 7
-16.249408721923828 2.414094924926758 3.1920418739318848 178 215 34
-14.774642944335938 3.902068614959717 2.84600567817688 178 215 34
-15.113240242004395 3.399913787841797 2.726175546646118 178 215 34
-18.023996353149414 3.366048574447632 3.046621084213257 178 215 34
-15.245495796203613 2.279092311859131 2.4089488983154297 178 215 34
-6.897810459136963 1.823297142982483 1.0597989559173584 3 156 114
-18.2950439453125 4.127443790435791 2.59844708442688 178 215 34
-12.472823143005371 2.3383588790893555 1.6348730325698853 178 215 34
-17.161888122558594 2.5769104957580566 2.0675289630889893 178 215 34
-12.58769416809082 3.332944869995117 1.4504666328430176 178 215 34
-16.0057373046875 3.6194803714752197 1.6636722087860107 178 215 34
-14.774519920349121 2.778949022293091 1.3821872472763062 178 215 34
-17.8205509185791 2.688215732574463 1.4820085763931274 178 215 34
-12.602729797363281 3.340221643447876 0.9713975191116333 3 156 114
-16.222238540649414 3.6737964153289795 1.0791082382202148 178 215 34
-15.491866111755371 2.92199444770813 0.869809627532959 178 215 34
-17.184104919433594 2.6014113426208496 0.7934720516204834 178 215 34
-13.030970573425293 3.4593212604522705 0.5108690857887268 3 156 114
-12.899858474731445 2.926832675933838 0.3736426830291748 3 156 114
-12.918745994567871 2.4429709911346436 0.24579176306724548 3 156 114
-13.515254020690918 2.053966522216797 0.1240723580121994 3 156 114
-10.004634857177734 2.663026809692383 0.013732735998928547 3 156 114
-7.175472259521484 1.6321165561676025 -0.06062242016196251 3 156 114
-13.10524845123291 2.485584020614624 -0.23795434832572937 3 156 114
-15.319565773010254 2.3328256607055664 -0.4252684712409973 3 156 114
-16.88365364074707 4.500390529632568 -0.61567223072052 3 156 114
-11.91726016998291 2.7157044410705566 -0.5469098687171936 3 156 114
-11.693819999694824 2.22402024269104 -0.6469588875770569 3 156 114
-12.539520263671875 1.915757656097412 -0.8123001456260681 179 51 7
-9.905240058898926 2.6461989879608154 -0.735995888710022 3 156 114
-11.51486873626709 2.631619453430176 -0.9636319875717163 179 51 7
-11.449836730957031 2.1817591190338135 -1.0605603456497192 179 51 7
-11.287764549255371 1.7267351150512695 -1.1516520977020264 179 51 7
-9.108805656433105 2.43751859664917 -1.0263488292694092 179 51 7
-9.422995567321777 2.1594252586364746 -1.1464201211929321 179 51 7
-8.947606086730957 1.7093305587768555 -1.1680742502212524 179 51 7
-8.535041809082031 1.3102139234542847 -1.1926788091659546 179 51 7
-7.065427780151367 1.8961290121078491 -1.0681191682815552 179 51 7
-7.042667865753174 1.6169121265411377 -1.125343918800354 179 51 7
-7.1984405517578125 1.378169298171997 -1.213732361793518 179 51 7
-7.062500476837158 1.084668755531311 -1.2568246126174927 179 51 7
-5.642396450042725 1.5216264724731445 -1.074888825416565 179 51 7
-5.91265344619751 1.3608425855636597 -1.1751759052276611 179 51 7
-5.7746357917785645 1.1083976030349731 -1.1987675428390503 179 51 7
-5.971810340881348 0.917799174785614 -1.2942841053009033 179 51 7
-4.8508620262146 1.3111650943756104 -1.118879795074463 179 51 7
-4.986976623535156 1.1518241167068481 -1.1909632682800293 179 51 7
-16.364212036132812 2.482487201690674 3.2160749435424805 178 215 34
-15.153890609741211 4.052004814147949 2.9214401245117188 178 215 34
-15.245805740356445 3.4789109230041504 2.752000570297241 178 215 34
-15.676963806152344 2.977534055709839 2.651430606842041 178 215 34
-15.148575782775879 2.3121392726898193 2.3947441577911377 178 215 34
-11.738595008850098 3.1414222717285156 1.8050230741500854 178 215 34
-12.173069953918457 2.7855734825134277 1.7301480770111084 178 215 34
-15.704987525939941 2.99421763420105 2.059722900390625 178 215 34
-17.139177322387695 2.627293348312378 2.0657544136047363 178 215 34
-15.513931274414062 4.158722877502441 1.78911554813385 178 215 34
-5.977352619171143 1.3709867000579834 0.6217337250709534 3 156 114
-12.648402214050293 2.4192471504211426 1.1839731931686401 178 215 34
-19.888656616210938 3.0626227855682373 1.6547718048095703 178 215 34
-14.930025100708008 4.006109237670898 1.1517235040664673 178 215 34
-12.898298263549805 2.962664842605591 0.8585993051528931 3 156 114
-13.365694999694824 2.5634560585021973 0.7508712410926819 3 156 114
-15.706039428710938 2.4269676208496094 0.7255630493164062 3 156 114
-9.784523010253906 2.6296498775482178 0.3839091360569 3 156 114
-12.975568771362305 2.9858975410461426 0.37609919905662537 3 156 114
-13.170395851135254 2.5324342250823975 0.25072628259658813 3 156 114
-14.310271263122559 2.219727039337158 0.1314326673746109 3 156 114
-9.982900619506836 2.690065383911133 0.013714165426790714 3 156 114
-7.185047149658203 1.6574945449829102 -0.06074599176645279 3 156 114
-13.028839111328125 2.512526035308838 -0.23670580983161926 3 156 114
-15.314311981201172 2.3801214694976807 -0.42532333731651306 3 156 114
-9.759648323059082 2.6335606575012207 -0.3561842143535614 3 156 114
-11.978952407836914 2.768449544906616 -0.5501282811164856 3 156 114
-11.450674057006836 2.2141990661621094 -0.6338796615600586 3 156 114
-12.629230499267578 1.969132423400879 -0.818498969078064 179 51 7
-9.867227554321289 2.6685030460357666 -0.7337762117385864 3 156 114
-11.487321853637695 2.662433385848999 -0.9620056748390198 179 51 7
-11.472420692443848 2.2225587368011475 -1.0632787942886353 179 51 7
-11.242109298706055 1.7550652027130127 -1.1475380659103394 179 51 7
-9.066740989685059 2.456094980239868 -1.0224533081054688 179 51 7
-9.612680435180664 2.2339565753936768 -1.1703259944915771 179 51 7
-8.911162376403809 1.7307219505310059 -1.1640044450759888 179 51 7
-8.37243938446045 1.3115569353103638 -1.17051362991333 179 51 7
-7.056712627410889 1.9170184135437012 -1.0676857233047485 179 51 7
-7.0213141441345215 1.634702205657959 -1.1227279901504517 179 51 7
-7.186431884765625 1.3987394571304321 -1.2124253511428833 179 51 7
-6.989083766937256 1.0953516960144043 -1.2443517446517944 179 51 7
-5.66901159286499 1.5474766492843628 -1.0808584690093994 179 51 7
-5.8616042137146 1.3680423498153687 -1.165858268737793 179 51 7
-5.93662166595459 1.1583850383758545 -1.2331265211105347 179 51 7
-5.933224201202393 0.9305106401443481 -1.2865338325500488 179 51 7
-4.858114242553711 1.3291321992874146 -1.1214879751205444 179 51 7
-4.954021453857422 1.1602336168289185 -1.1839377880096436 179 51 7
-15.130001068115234 4.095395565032959 2.919243097305298 178 215 34
-15.153502464294434 3.506793975830078 2.7372682094573975 178 215 34
-15.753959655761719 3.0422632694244385 2.6660187244415283 178 215 34
-15.610980033874512 2.431749105453491 2.469010591506958 178 215 34
-15.746418952941895 4.265787601470947 2.423300266265869 178 215 34
-12.312095642089844 2.857166051864624 1.751145362854004 178 215 34
-12.491345405578613 2.4212634563446045 1.6392173767089844 178 215 34
-17.101606369018555 2.6752593517303467 2.0622055530548096 178 215 34
-15.612361907958984 4.2364912033081055 1.801957368850708 178 215 34
-12.064458847045898 2.8061349391937256 1.2557729482650757 178 215 34
-14.880353927612305 2.893500566482544 1.3937228918075562 178 215 34
-14.517274856567383 2.2811083793640137 1.208439826965332 178 215 34
-6.264052391052246 1.7014247179031372 0.4836183786392212 3 156 114
-12.776409149169922 2.9759624004364014 0.8510892987251282 3 156 114
-15.837234497070312 3.0878870487213135 0.8902478218078613 178 215 34
-16.002445220947266 2.5230607986450195 0.7396100759506226 3 156 114
-13.042283058166504 3.5481317043304443 0.5121564865112305 3 156 114
-13.027673721313477 3.0400025844573975 0.3778780400753021 3 156 114
-12.854450225830078 2.5126028060913086 0.24485719203948975 3 156 114
-15.76020336151123 2.494170904159546 0.14481915533542633 3 156 114
-9.721834182739258 2.651735305786133 0.013366635888814926 3 156 114
-7.156559944152832 1.674063801765442 -0.06054827943444252 3 156 114
-12.936688423156738 2.535945177078247 -0.2351718693971634 3 156 114
-15.401717185974121 2.442122220993042 -0.4279569089412689 3 156 114
-9.926017761230469 2.711151599884033 -0.3625578284263611 3 156 114
-13.808711051940918 3.235983371734619 -0.6346120834350586 3 156 114
-13.90699291229248 2.733461618423462 -0.7703157067298889 3 156 114
-12.601447105407715 2.004420042037964 -0.817093014717102 179 51 7
-10.790249824523926 2.953681230545044 -0.8030868768692017 3 156 114
-11.498504638671875 2.702223777770996 -0.9636319875717163 179 51 7
-11.488021850585938 2.2621707916259766 -1.0653629302978516 179 51 7
-11.247479438781738 1.7912684679031372 -1.14864182472229 179 51 7
-9.021772384643555 2.4736478328704834 -1.018233299255371 179 51 7
-9.25588321685791 2.1809897422790527 -1.1276957988739014 179 51 7
-8.810446739196777 1.7392276525497437 -1.1515402793884277 179 51 7
-8.48967170715332 1.3566195964813232 -1.1874796152114868 179 51 7
-6.9983229637146 1.924230694770813 -1.059739589691162 179 51 7
-7.010496139526367 1.6548736095428467 -1.1218047142028809 179 51 7
-7.0969390869140625 1.4039325714111328 -1.1980481147766113 179 51 7
-6.972074508666992 1.114612102508545 -1.2419264316558838 179 51 7
-5.670873165130615 1.566694974899292 -1.0821247100830078 179 51 7
-5.54306173324585 1.3116427659988403 -1.1032962799072266 179 51 7
-5.871527671813965 1.1643942594528198 -1.220341682434082 179 51 7
-5.948686599731445 0.9516438841819763 -1.2905137538909912 179 51 7
-4.9452619552612305 1.3692961931228638 -1.1425702571868896 179 51 7
-4.928642749786377 1.170251727104187 -1.1787251234054565 179 51 7
-16.49605369567871 2.606133460998535 3.245067596435547 178 215 34
-16.826887130737305 4.610162258148193 3.2493607997894287 178 215 34
-15.175271987915039 3.5609171390533447 2.7431609630584717 178 215 34
-18.210052490234375 3.574547290802002 3.083500862121582 178 215 34
-15.761518478393555 2.504751682281494 2.494023323059082 178 215 34
-15.249613761901855 4.181460857391357 2.3488073348999023 178 215 34
-16.962316513061523 3.9911859035491943 2.4142749309539795 178 215 34
-14.872810363769531 2.9302473068237305 1.952903389930725 178 215 34
-17.09626007080078 2.7281832695007324 2.0625603199005127 178 215 34
-7.738790035247803 2.1254703998565674 0.8939489126205444 3 156 114
-12.081936836242676 2.8493006229400635 1.2584962844848633 178 215 34
-11.59584903717041 2.2917680740356445 1.0867432355880737 3 156 114
-14.51807975769043 2.3268978595733643 1.2090954780578613 178 215 34
-6.280919075012207 1.7267146110534668 0.4853273034095764 3 156 114
-7.501445293426514 1.7715644836425781 0.5000619292259216 3 156 114
-17.0607967376709 3.380817174911499 0.9596056938171387 178 215 34
-13.489459037780762 2.1692798137664795 0.6237680912017822 3 156 114
-12.953298568725586 3.566640853881836 0.509089469909668 3 156 114
-13.059141159057617 3.0896224975585938 0.3790639340877533 3 156 114
-12.611322402954102 2.5052731037139893 0.24037125706672668 3 156 114
-15.564912796020508 2.512237071990967 0.14309479296207428 3 156 114
-9.969098091125488 2.7520670890808105 0.01371814589947462 3 156 114
-7.203930854797363 1.708472490310669 -0.060993123799562454 3 156 114
-13.263223648071289 2.642235040664673 -0.2412540763616562 3 156 114
-15.366522789001465 2.4848945140838623 -0.42718878388404846 3 156 114
-11.443446159362793 3.163374423980713 -0.4183359444141388 3 156 114
-11.926750183105469 2.8335859775543213 -0.5485190749168396 3 156 114
-7.214629650115967 1.4410605430603027 -0.39986521005630493 3 156 114
-12.57258129119873 2.039396286010742 -0.8156232237815857 179 51 7
-11.861557006835938 3.2860872745513916 -0.8835673928260803 3 156 114
-11.46786117553711 2.732175350189209 -0.9617618322372437 179 51 7
-11.483957290649414 2.2979910373687744 -1.0656347274780273 179 51 7
-11.265501022338867 1.8295948505401611 -1.151050090789795 179 51 7
-9.008393287658691 2.4997196197509766 -1.017583966255188 179 51 7
-9.168980598449707 2.1902263164520264 -1.1179214715957642 179 51 7
-8.814793586730957 1.768200159072876 -1.1528120040893555 179 51 7
-8.51773452758789 1.3879164457321167 -1.1919947862625122 179 51 7
-6.974273681640625 1.9406521320343018 -1.0569944381713867 179 51 7
-6.9976983070373535 1.6745340824127197 -1.12057363986969 179 51 7
-7.0887298583984375 1.4249213933944702 -1.197394609451294 179 51 7
-6.960845947265625 1.1347291469573975 -1.2405405044555664 179 51 7
-5.665092468261719 1.5838208198547363 -1.0819438695907593 179 51 7
-5.522782802581787 1.3247495889663696 -1.1000635623931885 179 51 7
-5.839111804962158 1.17659592628479 -1.2143489122390747 179 51 7
-5.949599266052246 0.970519483089447 -1.2913516759872437 179 51 7
-4.960775375366211 1.3899919986724854 -1.1471344232559204 179 51 7
-4.884311199188232 1.1755669116973877 -1.1689798831939697 179 51 7
-17.21483612060547 2.7738494873046875 3.388123035430908 178 215 34
-13.450510025024414 3.7295165061950684 2.5995616912841797 178 215 34
-15.060798645019531 3.582841157913208 2.72444224357605 178 215 34
-14.617631912231445 2.9159748554229736 2.476701021194458 178 215 34
-15.842512130737305 2.567478895187378 2.5080738067626953 178 215 34
-6.958791255950928 1.9310821294784546 1.0727287530899048 3 156 114
-17.483774185180664 4.170533657073975 2.4903042316436768 178 215 34
-14.996983528137207 3.002537250518799 1.9704084396362305 178 215 34
-13.0184907913208 2.118439197540283 1.5713788270950317 178 215 34
-7.797346115112305 2.1673011779785156 0.9014769196510315 3 156 114
-16.0026912689209 3.825801372528076 1.6681102514266968 178 215 34
-11.596572875976562 2.3289012908935547 1.0874755382537842 3 156 114
-19.542909622192383 3.193784236907959 1.6283819675445557 178 215 34
-7.539933681488037 2.0977373123168945 0.5831060409545898 3 156 114
-12.803521156311035 3.065220832824707 0.8541321754455566 3 156 114
-16.98378562927246 3.419741153717041 0.9558596611022949 178 215 34
-13.631595611572266 2.2350611686706543 0.6306547522544861 3 156 114
-7.455416679382324 2.0774481296539307 0.29326125979423523 3 156 114
-12.844501495361328 3.080483913421631 0.3731062114238739 3 156 114
-12.605536460876465 2.5443480014801025 0.24040864408016205 3 156 114
-15.583772659301758 2.564361572265625 0.1433398276567459 3 156 114
-9.957718849182129 2.781831741333008 0.013714165426790714 3 156 114
-7.214211940765381 1.734305500984192 -0.061124932020902634 3 156 114
-12.861106872558594 2.6031761169433594 -0.2340838611125946 3 156 114
-12.698747634887695 2.0934910774230957 -0.35320162773132324 3 156 114
-9.126739501953125 2.5531203746795654 -0.33392930030822754 3 156 114
-11.95490837097168 2.879051685333252 -0.5502176880836487 3 156 114
-11.85549259185791 2.4058797359466553 -0.6574873328208923 3 156 114
-12.882317543029785 2.130221128463745 -0.8361368179321289 179 51 7
-9.678019523620605 2.713165044784546 -0.7215323448181152 3 156 114
-11.420670509338379 2.757986545562744 -0.9585092663764954 179 51 7
-11.358766555786133 2.309206008911133 -1.0546703338623047 179 51 7
-11.275540351867676 1.8667484521865845 -1.1526556015014648 179 51 7
-9.031310081481934 2.535945415496826 -1.021046757698059 179 51 7
-9.066667556762695 2.195211410522461 -1.1062629222869873 179 51 7
-8.767536163330078 1.786718726158142 -1.1473431587219238 179 51 7
-8.561319351196289 1.4219950437545776 -1.1986991167068481 179 51 7
-6.873040199279785 1.9352213144302368 -1.0425467491149902 179 51 7
-6.419259548187256 1.5569521188735962 -1.0287055969238281 179 51 7
-7.132655620574951 1.4565320014953613 -1.2055634260177612 179 51 7
-7.028255462646484 1.1678645610809326 -1.2531867027282715 179 51 7
-5.64033317565918 1.5955716371536255 -1.0781450271606445 179 51 7
-5.663694858551025 1.3769396543502808 -1.1289676427841187 179 51 7
-5.867152690887451 1.2009888887405396 -1.2209410667419434 179 51 7
-5.853030204772949 0.9732107520103455 -1.271033525466919 179 51 7
-4.962121963500977 1.4068024158477783 -1.1484384536743164 179 51 7
-4.9185309410095215 1.1997789144515991 -1.1780452728271484 179 51 7
-15.168190956115723 2.4918384552001953 2.986804962158203 178 215 34
-13.52419376373291 3.7946672439575195 2.6160402297973633 178 215 34
-15.229730606079102 3.672433376312256 2.7570266723632812 178 215 34
-14.559309959411621 2.9508140087127686 2.468341588973999 178 215 34
-15.650323867797852 2.585632562637329 2.4788920879364014 178 215 34
-15.23604965209961 4.278428554534912 2.350717306137085 178 215 34
-11.671976089477539 2.8220770359039307 1.6637252569198608 178 215 34
-14.958544731140137 3.0426025390625 1.966575264930725 178 215 34
-13.161808013916016 2.1832306385040283 1.5894787311553955 178 215 34
-15.40145492553711 4.331836700439453 1.7821412086486816 178 215 34
-15.707571983337402 3.8062286376953125 1.638556718826294 178 215 34
-11.615717887878418 2.369842767715454 1.0899475812911987 3 156 114
-13.788823127746582 2.2968826293945312 1.149513602256775 178 215 34
-7.414432048797607 2.0873496532440186 0.5738928318023682 3 156 114
-12.595255851745605 3.0562479496002197 0.8408601880073547 3 156 114
-19.47551727294922 3.983670473098755 1.0967787504196167 178 215 34
-13.633541107177734 2.278353691101074 0.6310652494430542 3 156 114
-16.17911148071289 4.561838150024414 0.6369581818580627 3 156 114
-13.104044914245605 3.185276508331299 0.3809274733066559 3 156 114
-17.02184295654297 3.4901351928710938 0.32483765482902527 3 156 114
-15.309561729431152 2.567504644393921 0.14088943600654602 3 156 114
-9.884663581848145 2.7941431999206543 0.013625293038785458 3 156 114
-13.058524131774902 3.1816952228546143 -0.11072509735822678 3 156 114
-13.977359771728516 2.873779773712158 -0.2545599639415741 3 156 114
-15.350000381469727 2.5789692401885986 -0.4271613657474518 3 156 114
-9.774675369262695 2.766737461090088 -0.35794487595558167 3 156 114
-11.64418888092041 2.8420462608337402 -0.5363158583641052 3 156 114
-11.786443710327148 2.4295406341552734 -0.6540683507919312 3 156 114
-12.079599380493164 2.035576343536377 -0.7844374179840088 179 51 7
-9.985350608825684 2.8323941230773926 -0.7450893521308899 3 156 114
-11.408283233642578 2.7920639514923096 -0.958184003829956 179 51 7
-11.33504867553711 2.3406195640563965 -1.0531299114227295 179 51 7
-11.268779754638672 1.9011670351028442 -1.1525553464889526 179 51 7
-8.969934463500977 2.548426389694214 -1.0149869918823242 179 51 7
-8.633611679077148 2.1184215545654297 -1.0542118549346924 179 51 7
-8.700821876525879 1.8009428977966309 -1.1393303871154785 179 51 7
-8.701468467712402 1.4727195501327515 -1.2189487218856812 179 51 7
-6.856602191925049 1.9533162117004395 -1.0409575700759888 179 51 7
-6.872148036956787 1.6891379356384277 -1.1021076440811157 179 51 7
-7.109799385070801 1.474601149559021 -1.2024593353271484 179 51 7
-6.98482608795166 1.1826802492141724 -1.2460840940475464 179 51 7
-5.619337558746338 1.6082680225372314 -1.0750696659088135 179 51 7
-5.276237487792969 1.2998991012573242 -1.0525240898132324 179 51 7
-5.8183512687683105 1.2096096277236938 -1.2115522623062134 179 51 7
-5.785423755645752 0.9802190661430359 -1.2569993734359741 179 51 7
-4.805784225463867 1.3784221410751343 -1.1132289171218872 179 51 7
-4.871333122253418 1.2041120529174805 -1.167620062828064 179 51 7
-15.666825294494629 2.6231417655944824 3.086562395095825 178 215 34
-13.305374145507812 3.7773420810699463 2.5759425163269043 178 215 34
-15.25474739074707 3.728024959564209 2.763612985610962 178 215 34
-14.555985450744629 2.9966607093811035 2.469325065612793 178 215 34
-16.230792999267578 2.7327141761779785 2.5721497535705566 178 215 34
-11.983986854553223 3.4049181938171387 1.8505709171295166 178 215 34
-15.05266284942627 3.6883842945098877 2.1472115516662598 178 215 34
-15.00450325012207 3.0999186038970947 1.9738584756851196 178 215 34
-12.215121269226074 2.0647242069244385 1.4759106636047363 178 215 34
-15.483681678771973 4.406269550323486 1.793211579322815 178 215 34
-6.151756763458252 1.5106784105300903 0.6422093510627747 3 156 114
-11.617168426513672 2.4072866439819336 1.0907715559005737 3 156 114
-13.377869606018066 2.2706310749053955 1.1158297061920166 178 215 34
-7.0540900230407715 2.0092813968658447 0.5464761257171631 3 156 114
-12.238905906677246 3.009568452835083 0.8176828026771545 3 156 114
-16.68581771850586 3.4664113521575928 0.9402692317962646 178 215 34
-13.58315658569336 2.3127920627593994 0.6290584802627563 3 156 114
-16.160234451293945 4.610083103179932 0.6367688775062561 3 156 114
-13.057329177856445 3.216379165649414 0.37985455989837646 3 156 114
-13.175026893615723 2.7435359954833984 0.25158610939979553 3 156 114
-15.540145874023438 2.6552178859710693 0.14308571815490723 3 156 114
-9.882774353027344 2.826380491256714 0.013634578324854374 3 156 114
-13.12636661529541 3.2409188747406006 -0.11138412356376648 3 156 114
-12.169567108154297 2.541031837463379 -0.2217768132686615 3 156 114
-12.848237037658691 2.1991970539093018 -0.35772809386253357 3 156 114
-9.832432746887207 2.8156967163085938 -0.3603745996952057 3 156 114
-9.146961212158203 2.262294054031372 -0.42161452770233154 3 156 114
-11.767206192016602 2.4632344245910645 -0.6534170508384705 3 156 114
-12.07231330871582 2.0724573135375977 -0.7843735218048096 179 51 7
-10.037973403930664 2.8806238174438477 -0.7496718764305115 3 156 114
-11.407402992248535 2.828970193862915 -0.9588345289230347 179 51 7
-11.243016242980957 2.35760235786438 -1.0452463626861572 179 51 7
-11.254068374633789 1.934213399887085 -1.1516520977020264 179 51 7
-8.84168815612793 2.5413317680358887 -1.0013529062271118 179 51 7
-9.083867073059082 2.258469581604004 -1.1100313663482666 179 51 7
-8.670989036560059 1.8225277662277222 -1.1361507177352905 179 51 7
-8.677385330200195 1.4960423707962036 -1.2162123918533325 179 51 7
-6.753594398498535 1.946392297744751 -1.0262207984924316 179 51 7
-6.2580952644348145 1.558581829071045 -1.004392147064209 179 51 7
-7.047318458557129 1.4842077493667603 -1.1926566362380981 179 51 7
-6.946225166320801 1.1980774402618408 -1.2398476600646973 179 51 7
-5.629491806030273 1.6298764944076538 -1.0779640674591064 179 51 7
-5.4112935066223145 1.3507952690124512 -1.0802870988845825 179 51 7
-5.425374507904053 1.1452869176864624 -1.1304491758346558 179 51 7
-5.760227203369141 0.9941389560699463 -1.2521816492080688 179 51 7
-4.825905799865723 1.4002314805984497 -1.118879795074463 179 51 7
-4.847774982452393 1.2140823602676392 -1.162860631942749 179 51 7
-16.349613189697266 2.789055585861206 3.2227509021759033 178 215 34
-13.337187767028809 3.8306286334991455 2.584364891052246 178 215 34
-15.25471019744873 3.777649164199829 2.765692710876465 178 215 34
-17.776647567749023 3.7165884971618652 3.017608642578125 178 215 34
-16.461883544921875 2.823585271835327 2.6101322174072266 178 215 34
-13.326265335083008 3.8305130004882812 2.0596508979797363 178 215 34
-6.077652454376221 1.5089998245239258 0.8676129579544067 3 156 114
-15.485111236572266 3.248778820037842 2.038384437561035 178 215 34
-12.540467262268066 2.159311056137085 1.5160143375396729 178 215 34
-14.016487121582031 4.0352678298950195 1.6247174739837646 178 215 34
-15.966800689697266 3.972923994064331 1.6681102514266968 178 215 34
-12.257744789123535 2.5792717933654785 1.1516547203063965 178 215 34
-14.243898391723633 2.4626047611236572 1.1886885166168213 178 215 34
-7.47814416885376 2.1548945903778076 0.5798367857933044 3 156 114
-12.083401679992676 3.0106725692749023 0.8079068660736084 3 156 114
-19.848339080810547 4.186975002288818 1.119200348854065 178 215 34
-15.925442695617676 2.7619128227233887 0.7379226088523865 3 156 114
-7.294846057891846 2.1052472591400146 0.28769516944885254 3 156 114
-13.022184371948242 3.2501299381256104 0.37912043929100037 3 156 114
-13.350449562072754 2.8228275775909424 0.2551000714302063 3 156 114
-15.59005069732666 2.7129967212677 0.14362117648124695 3 156 114
-9.755902290344238 2.8225035667419434 0.013471424579620361 3 156 114
-13.215309143066406 3.3059275150299072 -0.11222438514232635 3 156 114
-12.865945816040039 2.7276570796966553 -0.23461894690990448 3 156 114
-12.854230880737305 2.2408361434936523 -0.35808470845222473 3 156 114
-9.808389663696289 2.841399669647217 -0.3598111867904663 3 156 114
-9.143854141235352 2.2913172245025635 -0.4217933416366577 3 156 114
-11.940284729003906 2.537727117538452 -0.6634570956230164 3 156 114
-11.865358352661133 2.0744245052337646 -0.7713368535041809 179 51 7
-9.67850112915039 2.8096320629119873 -0.7234655618667603 3 156 114
-11.408336639404297 2.8663833141326904 -0.9596477150917053 179 51 7
-11.236703872680664 2.39229154586792 -1.0453369617462158 179 51 7
-11.27650260925293 1.9737058877944946 -1.1545621156692505 179 51 7
-7.622465133666992 2.2162351608276367 -0.8640375137329102 179 51 7
-9.044154167175293 2.278080701828003 -1.1060274839401245 179 51 7
-8.709978103637695 1.8586432933807373 -1.1420012712478638 179 51 7
-8.548843383789062 1.5009022951126099 -1.198835849761963 179 51 7
-6.8007893562316895 1.9826115369796753 -1.0343115329742432 179 51 7
-6.292564392089844 1.587684988975525 -1.0107014179229736 179 51 7
-7.056238651275635 1.5087095499038696 -1.194943904876709 179 51 7
-6.941546440124512 1.2192121744155884 -1.2396743297576904 179 51 7
-5.594261169433594 1.6382945775985718 -1.0721752643585205 179 51 7
-5.193922519683838 1.3134747743606567 -1.0376918315887451 179 51 7
-5.707345962524414 1.22311270236969 -1.189978003501892 179 51 7
-5.720553874969482 1.0053746700286865 -1.2442219257354736 179 51 7
-4.891831398010254 1.4356458187103271 -1.1351804733276367 179 51 7
-4.857244491577148 1.2323027849197388 -1.1660336256027222 179 51 7
-16.249101638793945 2.8232388496398926 3.2046306133270264 178 215 34
-13.5113525390625 3.9255623817443848 2.620434284210205 178 215 34
-15.671958923339844 3.932044267654419 2.8435142040252686 178 215 34
-17.713050842285156 3.760047435760498 3.0087573528289795 178 215 34
-16.449251174926758 2.873396396636963 2.6095144748687744 178 215 34
-7.572843551635742 2.2019195556640625 1.1714650392532349 3 156 114
-11.611886978149414 2.920926332473755 1.6589219570159912 178 215 34
-12.904460906982422 2.748717784881592 1.699782371520996 178 215 34
-14.420453071594238 2.5285983085632324 1.7442150115966797 178 215 34
-14.301755905151367 4.164951324462891 1.6592577695846558 178 215 34
-6.2832207679748535 1.583902359008789 0.6569356918334961 3 156 114
-12.274120330810547 2.6220669746398926 1.153943657875061 178 215 34
-14.684840202331543 2.5852622985839844 1.2261422872543335 178 215 34
-6.183803558349609 1.8024839162826538 0.47990337014198303 3 156 114
-7.112490653991699 1.7953249216079712 0.4759133756160736 3 156 114
-13.153303146362305 2.816844940185547 0.742167055606842 3 156 114
-15.717196464538574 2.775493621826172 0.7286643981933594 3 156 114
-7.179957389831543 2.095974922180176 0.2834164798259735 3 156 114
-13.0131196975708 3.290310859680176 0.3791486322879791 3 156 114
-12.790382385253906 2.7454280853271484 0.24455812573432922 3 156 114
-15.471375465393066 2.741274118423462 0.14260470867156982 3 156 114
-9.725123405456543 2.845961332321167 0.013440916314721107 3 156 114
-7.161367893218994 1.8148436546325684 -0.06086131930351257 3 156 114
-12.879021644592285 2.7717444896698 -0.23501135408878326 3 156 114
-13.626813888549805 2.4186182022094727 -0.37981173396110535 3 156 114
-9.880187034606934 2.8950836658477783 -0.36276909708976746 3 156 114
-9.146463394165039 2.32181715965271 -0.42224031686782837 3 156 114
-12.838234901428223 2.769766330718994 -0.7138201594352722 3 156 114
-11.823567390441895 2.1045212745666504 -0.7690362334251404 179 51 7
-9.701417922973633 2.848585367202759 -0.7258284091949463 3 156 114
-11.098130226135254 2.8246686458587646 -0.9342782497406006 179 51 7
-11.221525192260742 2.4250712394714355 -1.0446120500564575 179 51 7
-11.231213569641113 2.0013105869293213 -1.1505483388900757 179 51 7
-8.973758697509766 2.639009475708008 -1.018125057220459 179 51 7
-9.01114273071289 2.2991886138916016 -1.102847933769226 179 51 7
-8.680000305175781 1.880107045173645 -1.1388216018676758 179 51 7
-8.613433837890625 1.5394973754882812 -1.208550214767456 179 51 7
-6.786133289337158 2.000948190689087 -1.0330113172531128 179 51 7
-6.826633930206299 1.7447313070297241 -1.0973373651504517 179 51 7
-7.026509761810303 1.524910569190979 -1.1906962394714355 179 51 7
-6.936803817749023 1.240329384803772 -1.2395011186599731 179 51 7
-5.612783908843994 1.6624325513839722 -1.0766977071762085 179 51 7
-5.5493645668029785 1.4214895963668823 -1.1095715761184692 179 51 7
-5.6039910316467285 1.218957543373108 -1.1692028045654297 179 51 7
-5.68182897567749 1.0165486335754395 -1.2364717721939087 179 51 7
-4.860267639160156 1.4425925016403198 -1.1288776397705078 179 51 7
-4.842121124267578 1.2442898750305176 -1.1633139848709106 179 51 7
-15.796679496765137 2.7945852279663086 3.1170809268951416 178 215 34
-15.219789505004883 3.8682680130004883 2.763612985610962 178 215 34
-14.495965003967285 3.1236462593078613 2.4639158248901367 178 215 34
-14.64661693572998 2.6048390865325928 2.324800968170166 178 215 34
-15.2630615234375 4.48879861831665 2.363206386566162 178 215 34
-12.288216590881348 3.1311707496643066 1.7569093704223633 178 215 34
-15.029623031616211 3.2496225833892822 1.9810137748718262 178 215 34
-12.452689170837402 2.2229552268981934 1.507023572921753 178 215 34
-7.433322429656982 2.18949031829834 0.863172709941864 3 156 114
-6.263872146606445 1.5994791984558105 0.6554226875305176 3 156 114
-12.534616470336914 2.7179529666900635 1.1792125701904297 178 215 34
-14.700384140014648 2.6345221996307373 1.2281092405319214 178 215 34
-15.033824920654297 4.432216167449951 1.1677722930908203 178 215 34
-7.012202739715576 1.7929121255874634 0.46956872940063477 3 156 114
-19.948139190673828 4.3360419273376465 1.1263068914413452 178 215 34
-16.169727325439453 2.9065890312194824 0.750054121017456 178 215 34
-7.166784763336182 2.1160120964050293 0.28315141797065735 3 156 114
-12.866427421569824 3.295250415802002 0.3751674294471741 3 156 114
-12.093177795410156 2.634611129760742 0.23138070106506348 3 156 114
-13.498663902282715 2.434478759765625 0.12448984384536743 3 156 114
-9.668401718139648 2.8615939617156982 0.013374594040215015 3 156 114
-10.04403018951416 2.5781912803649902 -0.08542662113904953 3 156 114
-12.135895729064941 2.6507961750030518 -0.22159844636917114 3 156 114
-13.466856002807617 2.432868242263794 -0.37555962800979614 3 156 114
-9.873175621032715 2.925950288772583 -0.36283954977989197 3 156 114
-9.187673568725586 2.3623056411743164 -0.4244753420352936 3 156 114
-7.084463596343994 1.5511889457702637 -0.3941667973995209 3 156 114
-11.834731101989746 2.1439876556396484 -0.7701866030693054 179 51 7
-10.034939765930176 2.979987621307373 -0.7514619827270508 3 156 114
-10.396443367004395 2.6800661087036133 -0.8758959770202637 179 51 7
-11.190685272216797 2.454366445541382 -1.0424373149871826 179 51 7
-11.348373413085938 2.058129072189331 -1.163191795349121 179 51 7
-8.33481502532959 2.4789161682128906 -0.9464916586875916 179 51 7
-8.946358680725098 2.311915874481201 -1.0957820415496826 179 51 7
-8.69356632232666 1.9109869003295898 -1.1413652896881104 179 51 7
-8.571635246276855 1.5591790676116943 -1.2033509016036987 179 51 7
-6.771427631378174 2.0192134380340576 -1.0317109823226929 179 51 7
-6.822205543518066 1.7659144401550293 -1.0974912643432617 179 51 7
-6.953392028808594 1.5313947200775146 -1.1790963411331177 179 51 7
-6.924245357513428 1.2600184679031372 -1.2379419803619385 179 51 7
-5.581277370452881 1.6717430353164673 -1.0716326236724854 179 51 7
-5.492711067199707 1.424948811531067 -1.0991127490997314 179 51 7
-5.636584281921387 1.2441701889038086 -1.1767938137054443 179 51 7
-5.694075107574463 1.0367780923843384 -1.2398232221603394 179 51 7
-4.824032783508301 1.4479559659957886 -1.1214879751205444 179 51 7
-4.825084686279297 1.2557051181793213 -1.160141110420227 179 51 7
-16.315523147583008 2.938023805618286 3.2212250232696533 178 215 34
-13.601702690124512 3.501474380493164 2.4717392921447754 178 215 34
-14.536425590515137 3.1790637969970703 2.4724392890930176 178 215 34
-14.64827823638916 2.651521682739258 2.3263449668884277 178 215 34
-6.99981164932251 2.081967353820801 1.0847769975662231 3 156 114
-11.78940486907959 3.042616367340088 1.6869183778762817 178 215 34
-12.357442855834961 2.711569309234619 1.6298898458480835 178 215 34
-12.344204902648926 2.242689371109009 1.4947203397750854 178 215 34
-15.178892135620117 4.521607875823975 1.7642067670822144 178 215 34
-16.73576545715332 4.328211784362793 1.7525343894958496 178 215 34
-17.144777297973633 3.772709608078003 1.6140013933181763 178 215 34
-13.162710189819336 2.400651454925537 1.1002579927444458 178 215 34
-7.163650035858154 2.1358704566955566 0.5569524168968201 3 156 114
-12.630938529968262 3.2708535194396973 0.8464926481246948 3 156 114
-19.33119010925293 4.264089584350586 1.092206358909607 178 215 34
-13.637277603149414 2.4945831298828125 0.632935106754303 3 156 114
-7.137279510498047 2.1311280727386475 0.28224268555641174 3 156 114
-9.834500312805176 2.550912618637085 0.28698739409446716 3 156 114
-12.020605087280273 2.6574556827545166 0.23014706373214722 3 156 114
-13.486213684082031 2.47497820854187 0.12444446235895157 3 156 114
-9.666282653808594 2.893249988555908 0.013383879326283932 3 156 114
-12.93753433227539 3.363262414932251 -0.11012373119592667 3 156 114
-12.64213752746582 2.8020360469818115 -0.2309981733560562 3 156 114
-13.713964462280273 2.5209810733795166 -0.3826647996902466 3 156 114
-9.896700859069824 2.9659814834594727 -0.36403679847717285 3 156 114
-9.401772499084473 2.448129415512085 -0.434711754322052 3 156 114
-12.014872550964355 2.6693882942199707 -0.668938398361206 3 156 114
-11.695605278015137 2.1558637619018555 -0.7615593671798706 179 51 7
-8.89946460723877 2.6725335121154785 -0.6670432686805725 3 156 114
-11.095053672790527 2.896488666534424 -0.9354978799819946 179 51 7
-11.127693176269531 2.4763565063476562 -1.0372722148895264 179 51 7
-11.208937644958496 2.068380832672119 -1.1495449542999268 179 51 7
-8.804123878479004 2.647923469543457 -1.0007035732269287 179 51 7
-8.930578231811523 2.3370893001556396 -1.0947222709655762 179 51 7
-8.612152099609375 1.920807957649231 -1.1314449310302734 179 51 7
-8.581422805786133 1.588173270225525 -1.2054033279418945 179 51 7
-6.733937740325928 2.0305511951446533 -1.0269432067871094 179 51 7
-6.791904926300049 1.7803224325180054 -1.0934902429580688 179 51 7
-6.861044406890869 1.533141851425171 -1.1642290353775024 179 51 7
-6.942620754241943 1.2853796482086182 -1.2419264316558838 179 51 7
-5.565768241882324 1.6857222318649292 -1.0696427822113037 179 51 7
-5.2670722007751465 1.383672833442688 -1.0548059940338135 179 51 7
-5.500790596008301 1.231906771659851 -1.1492267847061157 179 51 7
-5.726441860198975 1.0608325004577637 -1.2475733757019043 179 51 7
-4.798084735870361 1.4562290906906128 -1.116489052772522 179 51 7
-4.811790943145752 1.2680203914642334 -1.1578747034072876 179 51 7
-14.748013496398926 2.70249342918396 2.913370132446289 178 215 34
-13.594708442687988 3.5441811084747314 2.4724326133728027 178 215 34
-14.901228904724121 3.3067803382873535 2.536200761795044 178 215 34
-14.762504577636719 2.718999147415161 2.345799446105957 178 215 34
-16.25160789489746 4.888066291809082 2.5208613872528076 178 215 34
-15.685283660888672 4.099434852600098 2.246159553527832 178 215 34
-15.655123710632324 3.485548734664917 2.066239356994629 178 215 34
-17.30244255065918 3.1983656883239746 2.096275806427002 178 215 34
-7.885087966918945 2.3752341270446777 0.9173077940940857 3 156 114
-16.7050838470459 4.374999046325684 1.7507189512252808 178 215 34
-17.23030662536621 3.846989870071411 1.6231565475463867 178 215 34
-19.385547637939453 3.597076654434204 1.6213337182998657 178 215 34
-7.775763511657715 2.344374656677246 0.6050987839698792 3 156 114
-7.110144138336182 1.8645073175430298 0.47688451409339905 3 156 114
-19.701923370361328 4.409295082092285 1.1139116287231445 178 215 34
-15.500457763671875 2.8845770359039307 0.7198166251182556 3 156 114
-7.173755645751953 2.166012763977051 0.28394660353660583 3 156 114
-9.971648216247559 2.619163751602173 0.2912227511405945 3 156 114
-15.916691780090332 3.5700364112854004 0.3049499988555908 3 156 114
-13.451034545898438 2.5112032890319824 0.12419034540653229 3 156 114
-9.667890548706055 2.9260787963867188 0.013398471288383007 3 156 114
-10.013516426086426 2.635953426361084 -0.08530305325984955 3 156 114
-12.866621971130371 2.893233299255371 -0.23526105284690857 3 156 114
-13.684549331665039 2.5590007305145264 -0.38206127285957336 3 156 114
-9.91050910949707 3.003286361694336 -0.3648819327354431 3 156 114
-9.599005699157715 2.530958652496338 -0.4441882371902466 3 156 114
-11.693943977355957 2.6357595920562744 -0.6515175700187683 3 156 114
-11.674222946166992 2.188976287841797 -0.760600745677948 179 51 7
-8.78719425201416 2.6682357788085938 -0.6592386960983276 179 51 7
-10.781620979309082 2.8500237464904785 -0.9098032116889954 179 51 7
-11.12004280090332 2.510484218597412 -1.0372722148895264 179 51 7
-11.180048942565918 2.0985381603240967 -1.1472370624542236 179 51 7
-8.756011962890625 2.662773609161377 -0.9961588978767395 179 51 7
-8.914726257324219 2.3621878623962402 -1.0936623811721802 179 51 7
-8.765843391418457 1.9833370447158813 -1.152430534362793 179 51 7
-8.526862144470215 1.605147123336792 -1.1984254121780396 179 51 7
-6.720104694366455 2.0488924980163574 -1.0257874727249146 179 51 7
-6.782590866088867 1.8001374006271362 -1.0928746461868286 179 51 7
-6.694666385650635 1.517543077468872 -1.1367814540863037 179 51 7
-6.897026538848877 1.2988357543945312 -1.2344772815704346 179 51 7
-5.51261043548584 1.6881033182144165 -1.0604170560836792 179 51 7
-5.513276100158691 1.4664477109909058 -1.1050076484680176 179 51 7
-5.403346061706543 1.2275047302246094 -1.1296501159667969 179 51 7
-5.677997589111328 1.0698862075805664 -1.2377285957336426 179 51 7
-4.743204593658447 1.4554800987243652 -1.104752540588379 179 51 7
-4.791880130767822 1.2785084247589111 -1.1540218591690063 179 51 7
-14.90756607055664 2.77902889251709 2.946558952331543 178 215 34
-13.646618843078613 3.6024630069732666 2.4838716983795166 178 215 34
-15.13546085357666 3.4075145721435547 2.577834367752075 178 215 34
-14.812359809875488 2.775193452835083 2.3550631999969482 178 215 34
-6.755049705505371 2.054365396499634 1.0487793684005737 3 156 114
-11.65560531616211 3.0844886302948 1.67044997215271 178 215 34
-17.960390090942383 4.056679725646973 2.372131109237671 178 215 34
-14.72794246673584 2.76922345161438 1.7853834629058838 178 215 34
-12.675156593322754 3.8606069087982178 1.4759290218353271 178 215 34
-7.84332275390625 2.07987117767334 0.8226573467254639 3 156 114
-6.046698093414307 1.3695281744003296 0.570013701915741 3 156 114
-13.252522468566895 2.501148223876953 1.10902738571167 178 215 34
-7.757087707519531 2.364729881286621 0.6042071580886841 3 156 114
-7.086065292358398 1.8814465999603271 0.4756544232368469 3 156 114
-19.9219913482666 4.522771835327148 1.1271331310272217 178 215 34
-12.920900344848633 2.445568084716797 0.6003716588020325 3 156 114
-7.551283359527588 2.3053042888641357 0.2991681396961212 3 156 114
-13.135022163391113 3.4931716918945312 0.38392049074172974 3 156 114
-15.905664443969727 3.61885142326355 0.3049499988555908 3 156 114
-13.214365005493164 2.5089972019195557 0.12207572907209396 3 156 114
-8.974206924438477 2.746211528778076 0.012448731809854507 3 156 114
-10.010213851928711 2.667949676513672 -0.08534424751996994 3 156 114
-13.74183464050293 3.1343584060668945 -0.25143861770629883 3 156 114
-13.14339542388916 2.499562978744507 -0.36716508865356445 3 156 114
-9.64898681640625 2.956386089324951 -0.35558557510375977 3 156 114
-10.047736167907715 2.6822707653045654 -0.4653315842151642 3 156 114
-11.808452606201172 2.6996641159057617 -0.6583556532859802 3 156 114
-11.628240585327148 2.2173049449920654 -0.7580445408821106 179 51 7
-8.475750923156738 2.60209321975708 -0.636469304561615 179 51 7
-10.53790283203125 2.820216178894043 -0.8899630308151245 179 51 7
-11.10161018371582 2.5421431064605713 -1.0362755060195923 179 51 7
-11.11100959777832 2.1208889484405518 -1.1408149003982544 179 51 7
-8.332551956176758 2.561950206756592 -0.9488721489906311 179 51 7
-8.939088821411133 2.398017644882202 -1.0975486040115356 179 51 7
-8.63210678100586 1.9809361696243286 -1.1356420516967773 179 51 7
-8.509248733520508 1.6288783550262451 -1.1966466903686523 179 51 7
-6.6948747634887695 2.0636701583862305 -1.0228978395462036 179 51 7
-6.7083306312561035 1.8024768829345703 -1.0817950963974 179 51 7
-6.839970111846924 1.572558879852295 -1.1622684001922607 179 51 7
-6.742109775543213 1.2910926342010498 -1.2074525356292725 179 51 7
-5.5121026039123535 1.7064619064331055 -1.061321496963501 179 51 7
-5.466091632843018 1.4718682765960693 -1.0964505672454834 179 51 7
-5.336536407470703 1.2295564413070679 -1.1164659261703491 179 51 7
-5.633393287658691 1.0793886184692383 -1.2287214994430542 179 51 7
-4.727529525756836 1.4665546417236328 -1.102144479751587 179 51 7
-4.745622634887695 1.2817752361297607 -1.143823504447937 179 51 7
-14.773590087890625 2.80098032951355 2.921762466430664 178 215 34
-13.598395347595215 3.6343960762023926 2.477112293243408 178 215 34
-15.499043464660645 3.539364814758301 2.6415958404541016 178 215 34
-16.618701934814453 3.1664295196533203 2.643791437149048 178 215 34
-16.45578384399414 5.059787750244141 2.5572996139526367 178 215 34
-12.416305541992188 3.3265905380249023 1.7809257507324219 178 215 34
-16.56926155090332 3.7959327697753906 2.189924716949463 178 215 34
-12.671226501464844 2.4227817058563232 1.5369534492492676 178 215 34
-6.3686699867248535 1.9611448049545288 0.7422820329666138 3 156 114
-7.834982872009277 2.1034083366394043 0.822455644607544 3 156 114
-12.025733947753906 2.7625458240509033 1.134442687034607 178 215 34
-13.174315452575684 2.5282704830169678 1.1031265258789062 178 215 34
-7.7212066650390625 2.3797056674957275 0.6019781827926636 3 156 114
-15.746759414672852 4.232737064361572 1.057873010635376 178 215 34
-13.357710838317871 2.5707180500030518 0.621031641960144 3 156 114
-15.836942672729492 4.887969017028809 0.6280221343040466 3 156 114
-9.898441314697266 2.6649670600891113 0.2895568311214447 3 156 114
-15.900333404541016 3.6689810752868652 0.3050621449947357 3 156 114
-12.997475624084473 2.5091543197631836 0.12014263868331909 3 156 114
-6.942358016967773 2.1477575302124023 0.009639311581850052 3 156 114
-10.00970458984375 2.7007317543029785 -0.08541014045476913 3 156 114
-13.55194091796875 3.1348166465759277 -0.248138889670372 3 156 114
-13.131739616394043 2.5391156673431396 -0.36705535650253296 3 156 114
-8.882848739624023 2.7514848709106445 -0.32766127586364746 3 156 114
-8.049891471862793 2.1754190921783447 -0.37311455607414246 3 156 114
-11.848751068115234 2.7471556663513184 -0.6610692143440247 3 156 114
-11.693882942199707 2.267024517059326 -0.7627735733985901 3 156 114
-8.631576538085938 2.6789369583129883 -0.6487848162651062 179 51 7
-11.02944564819336 2.9880571365356445 -0.9322453737258911 179 51 7
-11.21016788482666 2.6032228469848633 -1.0471493005752563 179 51 7
-11.002870559692383 2.13525390625 -1.1303790807724 179 51 7
-8.218328475952148 2.5544538497924805 -0.93675297498703 179 51 7
-8.925939559936523 2.4238693714141846 -1.0968419313430786 179 51 7
-8.596040725708008 2.0004403591156006 -1.1316992044448853 179 51 7
-8.43128490447998 1.640784740447998 -1.1863850355148315 179 51 7
-6.679064750671387 2.081256151199341 -1.0214530229568481 179 51 7
-6.754255294799805 1.837052822113037 -1.0901048183441162 179 51 7
-6.7524847984313965 1.5742722749710083 -1.1482179164886475 179 51 7
-6.81932258605957 1.3275800943374634 -1.2220042943954468 179 51 7
-5.616659164428711 1.7577322721481323 -1.0824865102767944 179 51 7
-5.384827613830566 1.4677190780639648 -1.081047773361206 179 51 7
-5.63806676864624 1.3172587156295776 -1.1803895235061646 179 51 7
-5.627176284790039 1.096105694770813 -1.228093147277832 179 51 7
-4.735116004943848 1.4848484992980957 -1.10496985912323 179 51 7
-4.736030578613281 1.2947874069213867 -1.1424636840820312 179 51 7
-14.938427925109863 2.8797383308410645 2.9560959339141846 178 215 34
-15.055989265441895 4.073493480682373 2.74489426612854 178 215 34
-15.319930076599121 3.5479493141174316 2.6129114627838135 178 215 34
-16.60211944580078 3.2160847187042236 2.6427106857299805 178 215 34
-6.735705375671387 2.093719720840454 1.0477508306503296 3 156 114
-11.687127113342285 3.169689655303955 1.6777235269546509 178 215 34
-17.342958450317383 4.029222011566162 2.2938055992126465 178 215 34
-12.475610733032227 2.425076484680176 1.5141215324401855 178 215 34
-6.923445224761963 2.1552574634552 0.8077091574668884 3 156 114
-11.899232864379883 3.2336819171905518 1.2501245737075806 178 215 34
-6.201113224029541 1.4445595741271973 0.5853947997093201 3 156 114
-15.040716171264648 2.934321880340576 1.2601540088653564 178 215 34
-7.693875312805176 2.397153377532959 0.6004179120063782 3 156 114
-15.190628051757812 4.133261680603027 1.0213589668273926 178 215 34
-13.197430610656738 3.081406593322754 0.7477311491966248 3 156 114
-16.90165901184082 3.3065640926361084 0.7862661480903625 178 215 34
-8.988876342773438 2.804591417312622 0.35679805278778076 3 156 114
-6.836836814880371 1.8632025718688965 0.20016269385814667 3 156 114
-13.136829376220703 3.0737855434417725 0.25222158432006836 3 156 114
-12.608993530273438 2.4743075370788574 0.11662130057811737 3 156 114
-7.065536975860596 2.209639549255371 0.00981970876455307 3 156 114
-9.943493843078613 2.7156217098236084 -0.0849158763885498 3 156 114
-13.657123565673828 3.203320264816284 -0.25024357438087463 3 156 114
-13.434820175170898 2.6405022144317627 -0.37575164437294006 3 156 114
-8.38606071472168 2.6258270740509033 -0.30963197350502014 3 156 114
-9.153247833251953 2.5037503242492676 -0.4246094524860382 3 156 114
-13.665735244750977 3.2126381397247314 -0.7629892826080322 3 156 114
-11.69862174987793 2.3052055835723877 -0.7635404467582703 3 156 114
-8.117013931274414 2.546562671661377 -0.61069256067276 179 51 7
-10.967360496520996 3.0073845386505127 -0.9277732372283936 179 51 7
-11.258352279663086 2.650840997695923 -1.0524049997329712 179 51 7
-10.987483024597168 2.1672675609588623 -1.1294760704040527 179 51 7
-8.61163330078125 2.705703020095825 -0.9825248122215271 179 51 7
-8.914630889892578 2.4501898288726807 -1.0963709354400635 179 51 7
-8.680607795715332 2.0482146739959717 -1.143654704093933 179 51 7
-8.36013126373291 1.6535736322402954 -1.1770811080932617 179 51 7
-6.631121635437012 2.0886573791503906 -1.0150961875915527 179 51 7
-6.715244770050049 1.8485872745513916 -1.084718942642212 179 51 7
-6.666014194488525 1.575690746307373 -1.1343308687210083 179 51 7
-6.84130334854126 1.3536567687988281 -1.2266817092895508 179 51 7
-5.641246795654297 1.784447431564331 -1.0882751941680908 179 51 7
-5.3500142097473145 1.4758780002593994 -1.0749627351760864 179 51 7
-5.511002063751221 1.305415153503418 -1.1546202898025513 179 51 7
-5.614194869995117 1.1114654541015625 -1.2259985208511353 179 51 7
-4.783575534820557 1.5161789655685425 -1.1173584461212158 179 51 7
-4.67008113861084 1.2921688556671143 -1.1275057792663574 179 51 7
-15.079800605773926 2.955003261566162 2.985851287841797 178 215 34
-13.5530424118042 3.7115225791931152 2.4729526042938232 178 215 34
-15.747854232788086 3.697993755340576 2.687818765640259 178 215 34
-17.6827449798584 3.4817378520965576 2.816410541534424 178 215 34
-6.915151596069336 2.172786235809326 1.0766959190368652 3 156 114
-6.988260269165039 1.9183361530303955 1.0040266513824463 3 156 114
-12.132905006408691 2.858051300048828 1.6058682203292847 178 215 34
-15.999396324157715 3.161020040512085 1.942959189414978 178 215 34
-6.281622886657715 1.9766186475753784 0.7335363030433655 3 156 114
-11.942015647888184 3.284684658050537 1.2556720972061157 178 215 34
-12.049260139465332 2.845896005630493 1.138287901878357 178 215 34
-15.024800300598145 2.979095458984375 1.2595802545547485 178 215 34
-7.654144287109375 2.4105613231658936 0.5978916883468628 3 156 114
-7.067486763000488 1.9463204145431519 0.47558966279029846 3 156 114
-12.865333557128906 3.0455188751220703 0.7294413447380066 3 156 114
-16.63081169128418 3.306584358215332 0.774134635925293 178 215 34
-9.015490531921387 2.843276023864746 0.35819903016090393 3 156 114
-7.098974227905273 1.9580578804016113 0.20801222324371338 3 156 114
-15.377488136291504 3.6478564739227295 0.29545480012893677 3 156 114
-12.621936798095703 2.5170865058898926 0.11681188642978668 3 156 114
-8.940924644470215 2.8262805938720703 0.012438121251761913 3 156 114
-9.689339637756348 2.6781814098358154 -0.08281522244215012 3 156 114
-13.15017318725586 3.1270079612731934 -0.24112921953201294 3 156 114
-13.167866706848145 2.630019187927246 -0.36850929260253906 3 156 114
-8.566619873046875 2.711250066757202 -0.31660425662994385 3 156 114
-9.159965515136719 2.535818338394165 -0.42527997493743896 3 156 114
-11.915205001831055 2.839714765548706 -0.6657364368438721 3 156 114
-11.690515518188477 2.3408894538879395 -0.7634764909744263 3 156 114
-8.094901084899902 2.5669307708740234 -0.6096185445785522 179 51 7
-10.963844299316406 3.042616844177246 -0.9282611012458801 179 51 7
-11.25113582611084 2.6855998039245605 -1.0524955987930298 179 51 7
-11.023706436157227 2.2095699310302734 -1.133891224861145 179 51 7
-8.685724258422852 2.7582881450653076 -0.9919388294219971 179 51 7
-7.721694469451904 2.1478116512298584 -0.9504628777503967 179 51 7
-8.672353744506836 2.0743753910064697 -1.1434003114700317 179 51 7
-8.162726402282715 1.6405669450759888 -1.1499903202056885 179 51 7
-6.585081100463867 2.0963845252990723 -1.0090280771255493 179 51 7
-6.7095417976379395 1.869180679321289 -1.084718942642212 179 51 7
-6.631407260894775 1.5890076160430908 -1.1292661428451538 179 51 7
-6.877671241760254 1.3827927112579346 -1.2339575290679932 179 51 7
-5.496163368225098 1.7571216821670532 -1.061321496963501 179 51 7
-5.399359703063965 1.5073314905166626 -1.0858017206192017 179 51 7
-5.396450519561768 1.2957786321640015 -1.1314479112625122 179 51 7
-5.464090824127197 1.0991801023483276 -1.1939504146575928 179 51 7
-4.791915416717529 1.5350165367126465 -1.1204012632369995 179 51 7
-4.545104503631592 1.272613525390625 -1.0982699394226074 179 51 7
-15.098583221435547 3.0068135261535645 2.9913828372955322 178 215 34
-17.192846298217773 5.45615291595459 3.3594000339508057 178 215 34
-13.543489456176758 3.7536113262176514 2.473299264907837 178 215 34
-15.348732948303223 3.653992176055908 2.621598720550537 178 215 34
-17.835708618164062 3.5687317848205566 2.8425042629241943 178 215 34
-6.505899429321289 2.066148281097412 1.013957142829895 3 156 114
-6.990931034088135 1.9421530961990356 1.005261778831482 3 156 114
-17.673873901367188 4.220566272735596 2.340954303741455 178 215 34
-15.826066017150879 3.1772544384002686 1.9230846166610718 178 215 34
-14.796648025512695 4.705954074859619 1.7295558452606201 178 215 34
-15.681382179260254 4.365001201629639 1.6502569913864136 178 215 34
-16.000377655029297 3.8309688568115234 1.5126513242721558 178 215 34
-12.680548667907715 2.5547382831573486 1.0637058019638062 3 156 114
-7.651464462280273 2.435544967651367 0.5982632040977478 3 156 114
-6.30015754699707 1.755817174911499 0.42431455850601196 3 156 114
-12.72582721710205 3.0537545680999756 0.7220593094825745 3 156 114
-16.927072525024414 3.4195053577423096 0.7884096503257751 178 215 34
-8.984827995300293 2.8639419078826904 0.3573281466960907 3 156 114
-9.800322532653809 2.735532760620117 0.2874109447002411 3 156 114
-13.121610641479492 3.155269145965576 0.2522963583469391 3 156 114
-12.841525077819824 2.6018664836883545 0.11891742795705795 3 156 114
-7.063276767730713 2.256603240966797 0.009835625998675823 3 156 114
-9.639668464660645 2.696312665939331 -0.08246099203824997 3 156 114
-17.01006317138672 4.100037097930908 -0.31213557720184326 3 156 114
-12.376989364624023 2.511568784713745 -0.34659022092819214 3 156 114
-8.600144386291504 2.7509162425994873 -0.3181536793708801 3 156 114
-8.942434310913086 2.505160331726074 -0.4155352711677551 3 156 114
-12.684864044189453 3.064302682876587 -0.709261417388916 3 156 114
-11.674477577209473 2.3749539852142334 -0.7629013657569885 3 156 114
-8.218067169189453 2.6337623596191406 -0.6194996237754822 179 51 7
-9.94115161895752 2.7916815280914307 -0.8423953652381897 179 51 7
-11.261234283447266 2.7245547771453857 -1.0542173385620117 179 51 7
-11.003226280212402 2.240600347518921 -1.132486343383789 179 51 7
-8.000422477722168 2.567706346511841 -0.9145704507827759 179 51 7
-8.911856651306152 2.50834059715271 -1.0979019403457642 179 51 7
-8.679444313049316 2.104243755340576 -1.1451809406280518 179 51 7
-8.163477897644043 1.6667910814285278 -1.1508111953735352 179 51 7
-6.559779644012451 2.11051607131958 -1.006138563156128 179 51 7
-6.628644943237305 1.868577480316162 -1.0725622177124023 179 51 7
-6.618831157684326 1.6074824333190918 -1.127959132194519 179 51 7
-6.856992721557617 1.400536060333252 -1.2310125827789307 179 51 7
-5.384057521820068 1.7395058870315552 -1.0406993627548218 179 51 7
-5.402268409729004 1.526024580001831 -1.0873230695724487 179 51 7
-5.302004814147949 1.2903175354003906 -1.1124706268310547 179 51 7
-5.441532611846924 1.112022876739502 -1.1897610425949097 179 51 7
-4.815042972564697 1.5587294101715088 -1.126921534538269 179 51 7
-4.618957996368408 1.3085871934890747 -1.117080569267273 179 51 7
-15.057536125183105 3.046696901321411 2.985088348388672 178 215 34
-16.769325256347656 4.703106880187988 3.065019130706787 178 215 34
-15.588695526123047 3.7616918087005615 2.664543390274048 178 215 34
-17.928272247314453 3.644493341445923 2.8590247631073 178 215 34
-14.488083839416504 4.650115489959717 2.260209083557129 178 215 34
-7.061225891113281 1.9850372076034546 1.0162407159805298 3 156 114
-12.788951873779297 3.095538377761841 1.6951824426651 178 215 34
-12.383683204650879 2.525707244873047 1.5057222843170166 178 215 34
-6.23909854888916 2.0053927898406982 0.7299937009811401 3 156 114
-7.743462085723877 2.1810555458068848 0.8155968189239502 3 156 114
-12.257048606872559 2.9744930267333984 1.159619927406311 178 215 34
-15.37824535369873 3.1473662853240967 1.2908055782318115 178 215 34
-6.190541744232178 1.9914544820785522 0.48450997471809387 3 156 114
-6.295701503753662 1.775408387184143 0.4243793189525604 3 156 114
-7.215370178222656 1.7548656463623047 0.40970131754875183 3 156 114
-16.939010620117188 3.476039409637451 0.7894586324691772 178 215 34
-8.990266799926758 2.896089553833008 0.3578961491584778 3 156 114
-7.301344871520996 2.0621674060821533 0.21430876851081848 3 156 114
-13.082725524902344 3.188408374786377 0.2517356276512146 3 156 114
-12.837400436401367 2.6420578956604004 0.11895372718572617 3 156 114
-7.14101505279541 2.305607557296753 0.009953679516911507 3 156 114
-9.90075969696045 2.8021225929260254 -0.08476759493350983 3 156 114
-7.171933650970459 1.7519928216934204 -0.13170339167118073 3 156 114
-12.37314224243164 2.5503361225128174 -0.34669995307922363 3 156 114
-8.456631660461426 2.7336385250091553 -0.31315335631370544 3 156 114
-9.83817195892334 2.78867506980896 -0.4575536549091339 3 156 114
-13.199139595031738 3.231426477432251 -0.7385674715042114 3 156 114
-11.715024948120117 2.420654773712158 -0.7660326957702637 3 156 114
-8.512649536132812 2.7569987773895264 -0.6423406600952148 3 156 114
-9.891314506530762 2.8104538917541504 -0.8388988971710205 179 51 7
-11.32536506652832 2.7768778800964355 -1.0610134601593018 179 51 7
-11.006043434143066 2.276362419128418 -1.1334898471832275 179 51 7
-8.34712028503418 2.707252264022827 -0.9551482796669006 179 51 7
-7.524997234344482 2.142930507659912 -0.9278524518013 179 51 7
-8.736520767211914 2.146481513977051 -1.1535751819610596 179 51 7
-8.184514999389648 1.6972594261169434 -1.1545054912567139 179 51 7
-6.538217544555664 2.1257362365722656 -1.0038268566131592 179 51 7
-6.714100360870361 1.9149216413497925 -1.0873349905014038 179 51 7
-6.257501602172852 1.5400733947753906 -1.0671826601028442 179 51 7
-6.831447601318359 1.4171652793884277 -1.2272013425827026 179 51 7
-5.362801551818848 1.7508267164230347 -1.0376240015029907 179 51 7
-5.495733261108398 1.5706483125686646 -1.1070994138717651 179 51 7
-5.205740928649902 1.2838199138641357 -1.093093752861023 179 51 7
-5.446712017059326 1.1305005550384521 -1.1916462182998657 179 51 7
-4.810238361358643 1.5734944343566895 -1.126921534538269 179 51 7
-4.664544582366943 1.3369749784469604 -1.1290922164916992 179 51 7
-15.34715747833252 3.1543407440185547 3.0444085597991943 178 215 34
-12.872089385986328 4.172066688537598 2.52009916305542 178 215 34
-13.508832931518555 3.8334155082702637 2.471219301223755 178 215 34
-15.910547256469727 3.8910512924194336 2.7215845584869385 178 215 34
-17.86379051208496 3.6884913444519043 2.8505330085754395 178 215 34
-6.363256454467773 2.0639142990112305 0.9936809539794922 3 156 114
-7.5076584815979 2.1354124546051025 1.0814284086227417 3 156 114
-16.970481872558594 4.162825107574463 2.251128673553467 178 215 34
-12.343789100646973 2.5570411682128906 1.5018184185028076 178 215 34
-6.124213695526123 1.989216685295105 0.7172625064849854 3 156 114
-15.617944717407227 4.45077657699585 1.6464241743087769 178 215 34
-16.074235916137695 3.953091859817505 1.5218982696533203 178 215 34
-15.078710556030273 3.134291410446167 1.2664647102355957 178 215 34
-7.433422565460205 2.416471242904663 0.5823630094528198 3 156 114
-6.3065385818481445 1.79936945438385 0.425479918718338 3 156 114
-7.205104827880859 1.7757991552352905 0.40942588448524475 3 156 114
-16.910663604736328 3.524322748184204 0.7886377573013306 178 215 34
-6.548813819885254 2.131807804107666 0.26096275448799133 3 156 114
-7.45357084274292 2.1298747062683105 0.21896767616271973 3 156 114
-13.111708641052246 3.23811936378479 0.2524832785129547 3 156 114
-13.335277557373047 2.7871978282928467 0.12364581227302551 3 156 114
-7.2517924308776855 2.3659658432006836 0.010118159465491772 3 156 114
-9.866159439086914 2.825052261352539 -0.08454517275094986 3 156 114
-13.956478118896484 3.4547595977783203 -0.25648629665374756 3 156 114
-13.277146339416504 2.7791595458984375 -0.37226763367652893 3 156 114
-9.119843482971191 2.9789578914642334 -0.3380492627620697 3 156 114
-9.871824264526367 2.8309621810913086 -0.45952051877975464 3 156 114
-10.993069648742676 2.72710919380188 -0.615590512752533 3 156 114
-11.691916465759277 2.45330548286438 -0.7650102376937866 3 156 114
-8.373332977294922 2.7402899265289307 -0.6324595808982849 3 156 114
-9.873065948486328 2.8380331993103027 -0.8380857706069946 179 51 7
-11.404744148254395 2.8334615230560303 -1.0692594051361084 179 51 7
-11.054510116577148 2.32177472114563 -1.139209508895874 179 51 7
-7.534843921661377 2.4693775177001953 -0.8630635738372803 179 51 7
-8.687320709228516 2.502770185470581 -1.07211172580719 179 51 7
-8.662518501281738 2.156501531600952 -1.144672155380249 179 51 7
-8.165699005126953 1.7195035219192505 -1.152590036392212 179 51 7
-6.483720779418945 2.1300344467163086 -0.9964585304260254 179 51 7
-6.452815055847168 1.8618268966674805 -1.0459405183792114 179 51 7
-6.367617130279541 1.58790922164917 -1.0867879390716553 179 51 7
-6.841524124145508 1.441162347793579 -1.2297999858856201 179 51 7
-5.34806489944458 1.7641903162002563 -1.0358151197433472 179 51 7
-5.502205848693848 1.590773582458496 -1.1093813180923462 179 51 7
-5.090555191040039 1.2719933986663818 -1.0697216987609863 179 51 7
-5.34658145904541 1.1268385648727417 -1.1704902648925781 179 51 7
-4.808168411254883 1.5891634225845337 -1.1275736093521118 179 51 7
-4.6370344161987305 1.3444985151290894 -1.1234263181686401 179 51 7
-18.106809616088867 3.779473304748535 3.5941226482391357 178 215 34
-13.643736839294434 3.916965961456299 2.498084306716919 178 215 34
-15.96364688873291 3.9559812545776367 2.7327306270599365 178 215 34
-14.80446720123291 3.1041924953460693 2.3638641834259033 178 215 34
-14.773222923278809 4.841818332672119 2.309283494949341 178 215 34
-15.347687721252441 4.416301250457764 2.2126736640930176 178 215 34
-16.89410400390625 4.199080467224121 2.2426955699920654 178 215 34
-12.370867729187012 2.6022579669952393 1.5060771703720093 178 215 34
-6.0897536277771 1.9986984729766846 0.7139413356781006 3 156 114
-11.960078239440918 3.4480717182159424 1.2619256973266602 178 215 34
-12.21634292602539 3.04410719871521 1.157514214515686 178 215 34
-15.072924613952637 3.1813607215881348 1.2667924165725708 178 215 34
-7.211854457855225 2.368931770324707 0.5655712485313416 3 156 114
-6.453431606292725 1.8627102375030518 0.4357737898826599 3 156 114
-16.410335540771484 4.0980024337768555 0.9332177639007568 178 215 34
-15.568663597106934 3.2945096492767334 0.726520836353302 3 156 114
-6.559329032897949 2.1575095653533936 0.2616443336009979 3 156 114
-16.169260025024414 4.674106597900391 0.47543230652809143 3 156 114
-13.09492301940918 3.2766313552856445 0.25235244631767273 3 156 114
-13.32568645477295 2.8278894424438477 0.12363673746585846 3 156 114
-7.274890899658203 2.398221731185913 0.010160606354475021 3 156 114
-9.707611083984375 2.811906337738037 -0.08326005935668945 3 156 114
-13.553041458129883 3.3990554809570312 -0.24926257133483887 3 156 114
-12.939043045043945 2.7498507499694824 -0.36302268505096436 3 156 114
-8.588695526123047 2.834651470184326 -0.31868183612823486 3 156 114
-8.887336730957031 2.5781731605529785 -0.41406014561653137 3 156 114
-12.06248950958252 3.0317203998565674 -0.6759935617446899 3 156 114
-13.062521934509277 2.7827653884887695 -0.8552444577217102 3 156 114
-8.207683563232422 2.713984966278076 -0.6205736994743347 3 156 114
-10.719915390014648 3.1170990467071533 -0.9107789397239685 179 51 7
-11.255962371826172 2.8331899642944336 -1.0561201572418213 179 51 7
-10.915968894958496 2.327666997909546 -1.125662922859192 179 51 7
-7.598013401031494 2.5159199237823486 -0.8711791634559631 179 51 7
-8.2744140625 2.4113311767578125 -1.0220626592636108 179 51 7
-8.636627197265625 2.1782164573669434 -1.1421284675598145 179 51 7
-8.110980033874512 1.7339855432510376 -1.1456120014190674 179 51 7
-6.457434177398682 2.1433701515197754 -0.9934245347976685 179 51 7
-6.625393867492676 1.9336591958999634 -1.0748703479766846 179 51 7
-6.249846935272217 1.578922986984253 -1.067509412765503 179 51 7
-6.815881729125977 1.4576138257980347 -1.225988745689392 179 51 7
-5.216665744781494 1.7386091947555542 -1.0113940238952637 179 51 7
-5.495415210723877 1.60709547996521 -1.1090010404586792 179 51 7
-5.214863300323486 1.3200657367706299 -1.0966894626617432 179 51 7
-5.296246528625488 1.1332114934921265 -1.1602264642715454 179 51 7
-4.780124187469482 1.5961782932281494 -1.1221399307250977 179 51 7
-4.605783939361572 1.3507695198059082 -1.116853952407837 179 51 7
-15.185388565063477 3.2183282375335693 3.016179084777832 178 215 34
-13.636384010314941 3.960179090499878 2.498950719833374 178 215 34
-15.917947769165039 3.996530771255493 2.7269937992095947 178 215 34
-14.710801124572754 3.131699562072754 2.350431203842163 178 215 34
-6.89509391784668 2.2832674980163574 1.0788997411727905 3 156 114
-15.374011039733887 4.474993705749512 2.218437671661377 178 215 34
-11.810644149780273 2.974073886871338 1.569069266319275 178 215 34
-14.842965126037598 3.169856309890747 1.8082153797149658 178 215 34
-6.3165974617004395 2.0946385860443115 0.7412856221199036 3 156 114
-7.846269607543945 2.28816294670105 0.8286083936691284 3 156 114
-13.991209983825684 3.531998872756958 1.3267055749893188 178 215 34
-6.080979347229004 1.302979588508606 0.5114048719406128 3 156 114
-6.143556118011475 2.0389227867126465 0.482280969619751 3 156 114
-6.332737445831299 1.8489391803741455 0.42800483107566833 3 156 114
-12.488957405090332 3.1594889163970947 0.7107659578323364 3 156 114
-19.710342407226562 4.234156608581543 0.9203965663909912 178 215 34
-6.301382541656494 2.0941107273101807 0.2516102194786072 3 156 114
-9.332352638244629 2.7287886142730713 0.27464839816093445 3 156 114
-13.086747169494629 3.31728196144104 0.2523898184299469 3 156 114
-12.210378646850586 2.6303796768188477 0.11336316168308258 3 156 114
-7.280781269073486 2.4249534606933594 0.01017917599529028 3 156 114
-9.748838424682617 2.8562960624694824 -0.08368843048810959 3 156 114
-7.106083393096924 1.8053712844848633 -0.1307937353849411 3 156 114
-13.318472862243652 2.8732223510742188 -0.37391364574432373 3 156 114
-7.943809986114502 2.6488640308380127 -0.295053631067276 3 156 114
-9.531224250793457 2.796692371368408 -0.44445645809173584 3 156 114
-11.615751266479492 2.9573566913604736 -0.6514633297920227 3 156 114
-11.793692588806152 2.5503106117248535 -0.7726788520812988 3 156 114
-8.43772029876709 2.818796157836914 -0.6386173367500305 3 156 114
-10.072522163391113 2.962397336959839 -0.8565436601638794 179 51 7
-11.279062271118164 2.875828981399536 -1.0591105222702026 179 51 7
-10.911694526672363 2.3617773056030273 -1.1259640455245972 179 51 7
-7.828780174255371 2.6190125942230225 -0.8985557556152344 179 51 7
-8.064088821411133 2.376903533935547 -0.9969791769981384 179 51 7
-8.549179077148438 2.184080123901367 -1.1314449310302734 179 51 7
-8.205333709716797 1.7804981470108032 -1.1597048044204712 179 51 7
-6.42737340927124 2.155306339263916 -0.9898126125335693 179 51 7
-6.667761325836182 1.9682432413101196 -1.0827184915542603 179 51 7
-6.331948280334473 1.6203466653823853 -1.0823768377304077 179 51 7
-6.81522798538208 1.479353427886963 -1.2266817092895508 179 51 7
-5.308244705200195 1.7872436046600342 -1.0302072763442993 179 51 7
-5.495166301727295 1.6253399848937988 -1.1099518537521362 179 51 7
-5.264890193939209 1.3499301671981812 -1.1080759763717651 179 51 7
-5.304211616516113 1.1519449949264526 -1.1627401113510132 179 51 7
-4.654969215393066 1.5702766180038452 -1.0938855409622192 179 51 7
-4.586677551269531 1.360461950302124 -1.1132277250289917 179 51 7
-15.089071273803711 3.246318817138672 2.9990124702453613 178 215 34
-13.784810066223145 4.049183368682861 2.5284154415130615 178 215 34
-13.478229522705078 3.4279801845550537 2.3108227252960205 178 215 34
-12.10334300994873 2.6154534816741943 1.9350954294204712 178 215 34
-6.981860637664795 2.3357930183410645 1.093592643737793 3 156 114
-15.365911483764648 4.523818016052246 2.2192611694335938 178 215 34
-15.09780216217041 3.8511178493499756 2.0073354244232178 178 215 34
-12.666178703308105 2.7456412315368652 1.5440515279769897 178 215 34
-6.203653335571289 2.0783321857452393 0.7287759184837341 3 156 114
-13.696435928344727 4.039848804473877 1.4477195739746094 178 215 34
-6.204358100891113 1.5865174531936646 0.5887822508811951 3 156 114
-6.0808491706848145 1.322476863861084 0.5117326974868774 3 156 114
-14.950322151184082 5.012682914733887 1.1748307943344116 178 215 34
-7.160622596740723 2.114515542984009 0.48439449071884155 3 156 114
-12.894146919250488 3.3041183948516846 0.7343993782997131 3 156 114
-13.074896812438965 2.850728750228882 0.6109524965286255 3 156 114
-6.346083641052246 2.130607843399048 0.2536548972129822 3 156 114
-9.287511825561523 2.7466349601745605 0.27357545495033264 3 156 114
-10.018253326416016 2.5722038745880127 0.19336241483688354 3 156 114
-11.874018669128418 2.5960655212402344 0.1103137731552124 3 156 114
-7.2818379402160645 2.4501492977142334 0.010191114619374275 3 156 114
-9.788926124572754 2.9006807804107666 -0.08410856127738953 3 156 114
-10.026700019836426 2.580155849456787 -0.18469509482383728 3 156 114
-12.858454704284668 2.8152945041656494 -0.3612395226955414 3 156 114
-8.454648971557617 2.848055601119995 -0.31435057520866394 3 156 114
-9.916220664978027 2.9427316188812256 -0.46282830834388733 3 156 114
-11.537973403930664 2.9752769470214844 -0.6476101279258728 3 156 114
-11.7789888381958 2.5849838256835938 -0.7722315192222595 3 156 114
-8.36949348449707 2.824575662612915 -0.6341063976287842 3 156 114
-10.488505363464355 3.119734048843384 -0.8927276134490967 179 51 7
-9.809343338012695 2.533170223236084 -0.9218284487724304 179 51 7
-10.927720069885254 2.4003658294677734 -1.128372311592102 179 51 7
-7.70957612991333 2.605461359024048 -0.8857872486114502 179 51 7
-8.38032341003418 2.4980838298797607 -1.0370185375213623 179 51 7
-8.538596153259277 2.2093043327331543 -1.1309360265731812 179 51 7
-8.203701972961426 1.8065154552459717 -1.1602519750595093 179 51 7
-6.4113593101501465 2.1718404293060303 -0.9883678555488586 179 51 7
-6.652223587036133 1.9858639240264893 -1.0811796188354492 179 51 7
-6.238131523132324 1.6167466640472412 -1.0671826601028442 179 51 7
-6.720246315002441 1.480339527130127 -1.2103976011276245 179 51 7
-5.187277317047119 1.764251708984375 -1.0077760219573975 179 51 7
-5.525895595550537 1.6528822183609009 -1.1171778440475464 179 51 7
-5.240808010101318 1.360904574394226 -1.1038810014724731 179 51 7
-5.2748703956604 1.162530541419983 -1.157084584236145 179 51 7
-4.702793598175049 1.602495789527893 -1.1062740087509155 179 51 7
-4.594610214233398 1.3781650066375732 -1.1161739826202393 179 51 7
-16.48212242126465 3.5989670753479004 3.2780656814575195 178 215 34
-16.47429656982422 4.894152641296387 3.0244619846343994 178 215 34
-15.278874397277832 3.9358930587768555 2.621598720550537 178 215 34
-14.682622909545898 3.2199995517730713 2.349041700363159 178 215 34
-6.78068733215332 2.2916452884674072 1.0631784200668335 3 156 114
-15.402275085449219 4.585919380187988 2.226534605026245 178 215 34
-15.504594802856445 4.005583763122559 2.063044786453247 178 215 34
-5.922505855560303 1.302855134010315 0.7224580645561218 3 156 114
-6.39400053024292 2.163942813873291 0.7519134283065796 3 156 114
-15.53736400604248 4.634703636169434 1.6438018083572388 178 215 34
-6.340205192565918 1.641994595527649 0.6021490693092346 3 156 114
-6.048539638519287 1.334897518157959 0.5093559622764587 3 156 114
-6.530465602874756 2.2119054794311523 0.5137098431587219 3 156 114
-6.232348918914795 1.8612052202224731 0.42198386788368225 3 156 114
-7.1663408279418945 1.8598192930221558 0.4084893763065338 3 156 114
-19.397232055664062 4.291572570800781 0.9069880843162537 178 215 34
-8.431870460510254 2.8596956729888916 0.3373735249042511 3 156 114
-9.8143892288208 2.9352238178253174 0.2893591821193695 3 156 114
-7.3154168128967285 1.9021875858306885 0.14130689203739166 3 156 114
-11.490151405334473 2.549100399017334 0.10681966692209244 3 156 114
-7.347189903259277 2.4972574710845947 0.010293250903487206 3 156 114
-9.838412284851074 2.948208808898926 -0.08461107313632965 3 156 114
-11.67320728302002 3.0420637130737305 -0.2151951938867569 3 156 114
-12.682889938354492 2.8176589012145996 -0.3565484583377838 3 156 114
-7.902808666229248 2.689185857772827 -0.2941380739212036 3 156 114
-10.837197303771973 3.252249240875244 -0.5062771439552307 3 156 114
-11.675642967224121 3.0490102767944336 -0.6558592319488525 3 156 114
-11.78853702545166 2.6250133514404297 -0.773381769657135 3 156 114
-8.192742347717285 2.792951822280884 -0.621361255645752 3 156 114
-9.791682243347168 2.945197343826294 -0.8341827988624573 179 51 7
-10.578093528747559 2.7663376331329346 -0.994864284992218 179 51 7
-10.530882835388184 2.3470873832702637 -1.0881341695785522 179 51 7
-6.981819152832031 2.383406162261963 -0.8030084371566772 179 51 7
-7.951421737670898 2.396819591522217 -0.9848496913909912 179 51 7
-8.567279815673828 2.2447922229766846 -1.1356420516967773 179 51 7
-8.174918174743652 1.8264915943145752 -1.1569682359695435 179 51 7
-6.4027934074401855 2.190859079360962 -0.9880788922309875 179 51 7
-6.647991180419922 2.0068345069885254 -1.0814874172210693 179 51 7
-6.23600435256958 1.6366286277770996 -1.067672848701477 179 51 7
-6.6272454261779785 1.4811865091323853 -1.1944599151611328 179 51 7
-5.170678615570068 1.7763233184814453 -1.0056053400039673 179 51 7
-5.514220714569092 1.6678380966186523 -1.1158467531204224 179 51 7
-5.129525184631348 1.3488191366195679 -1.0813078880310059 179 51 7
-5.2541022300720215 1.1748672723770142 -1.1533141136169434 179 51 7
-4.798457622528076 1.651541829109192 -1.1299643516540527 179 51 7
-4.563331127166748 1.3840566873550415 -1.109601616859436 179 51 7
-17.265514373779297 3.8255581855773926 3.436189651489258 178 215 34
-16.413928985595703 4.931070327758789 3.0161423683166504 178 215 34
-15.401315689086914 4.017860412597656 2.644710063934326 178 215 34
-14.709322929382324 3.2731852531433105 2.3549089431762695 178 215 34
-6.3935675621032715 2.182690143585205 1.0035252571105957 3 156 114
-7.3383870124816895 2.2094855308532715 1.0618034601211548 3 156 114
-11.935333251953125 3.1225638389587402 1.5893852710723877 178 215 34
-5.9272027015686035 1.3229657411575317 0.7235227227210999 3 156 114
-7.7114434242248535 2.636204957962036 0.9077871441841125 3 156 114
-7.479115962982178 2.255986452102661 0.7919942736625671 3 156 114
-6.2811970710754395 1.6472920179367065 0.5970221161842346 3 156 114
-12.669445991516113 2.8369052410125732 1.0676395893096924 3 156 114
-6.455713748931885 2.2086877822875977 0.5083602666854858 3 156 114
-15.70217514038086 4.741756916046143 1.0641529560089111 178 215 34
-7.110385417938232 1.8685998916625977 0.40562471747398376 3 156 114
-19.522382736206055 4.382130146026611 0.9134643077850342 178 215 34
-8.050589561462402 2.7579519748687744 0.32245489954948425 3 156 114
-7.084184646606445 2.1423919200897217 0.20905694365501404 3 156 114
-13.15524959564209 3.463810443878174 0.254315048456192 3 156 114
-16.96782112121582 3.8189823627471924 0.1578517109155655 3 156 114
-7.7064690589904785 2.6457762718200684 0.010807914659380913 3 156 114
-9.870471954345703 2.990847587585449 -0.0849652960896492 3 156 114
-12.71950912475586 3.3564388751983643 -0.2346724569797516 3 156 114
-12.955032348632812 2.9198546409606934 -0.3644492030143738 3 156 114
-7.578853130340576 2.6049208641052246 -0.282376766204834 3 156 114
-10.746868133544922 3.261115074157715 -0.502522349357605 3 156 114
-10.340810775756836 2.734344244003296 -0.5813458561897278 3 156 114
-12.023784637451172 2.71614146232605 -0.7893581390380859 3 156 114
-8.459516525268555 2.9128968715667725 -0.6422690153121948 3 156 114
-9.710129737854004 2.9531829357147217 -0.8280030488967896 179 51 7
-9.672314643859863 2.5611915588378906 -0.91041100025177 179 51 7
-10.785655975341797 2.4386277198791504 -1.1152271032333374 179 51 7
-7.374841690063477 2.5428626537323 -0.8491048216819763 179 51 7
-7.911734104156494 2.4113593101501465 -0.9808456897735596 179 51 7
-7.63423490524292 2.0253660678863525 -1.0127804279327393 179 51 7
-8.122903823852539 1.8410528898239136 -1.1504007577896118 179 51 7
-6.414746284484863 2.216956615447998 -0.9909684062004089 179 51 7
-6.605891227722168 2.0162596702575684 -1.0756398439407349 179 51 7
-6.258604526519775 1.663100242614746 -1.0724107027053833 179 51 7
-6.521817207336426 1.4786460399627686 -1.1762701272964478 179 51 7
-5.220025062561035 1.811199426651001 -1.0162781476974487 179 51 7
-5.490301132202148 1.6790053844451904 -1.1120434999465942 179 51 7
-5.209633827209473 1.3869857788085938 -1.0990866422653198 179 51 7
-5.236169338226318 1.1877365112304688 -1.150172233581543 179 51 7
-4.708546161651611 1.6367698907852173 -1.1099687814712524 179 51 7
-4.6028289794921875 1.4114710092544556 -1.1202534437179565 179 51 7
-16.638826370239258 3.7402915954589844 3.313734292984009 178 215 34
-7.486947059631348 2.2742936611175537 1.377040147781372 3 156 114
-13.578680992126465 3.5869054794311523 2.333606243133545 178 215 34
-11.830109596252441 2.670607089996338 1.8952600955963135 178 215 34
-6.43079137802124 2.217449903488159 1.0104308128356934 3 156 114
-7.042555809020996 2.1440017223358154 1.0199460983276367 3 156 114
-15.525421142578125 3.5153496265411377 1.8964670896530151 178 215 34
-16.030418395996094 5.5350847244262695 1.889082908630371 178 215 34
-13.696739196777344 4.177345275878906 1.4517542123794556 178 215 34
-16.84281349182129 4.472428321838379 1.6021907329559326 178 215 34
-14.852272033691406 3.373561143875122 1.2524501085281372 178 215 34
-6.405550003051758 2.213500738143921 0.5049424767494202 3 156 114
-15.385007858276367 4.697531223297119 1.0436300039291382 178 215 34
-7.12874174118042 1.8968240022659302 0.40700194239616394 3 156 114
-12.00978946685791 2.734530210494995 0.5623353719711304 3 156 114
-7.110960483551025 2.4604580402374268 0.2851203680038452 3 156 114
-6.721023082733154 2.055091381072998 0.19852502644062042 3 156 114
-7.143237113952637 1.9042859077453613 0.13820412755012512 3 156 114
-17.020366668701172 3.8857100009918213 0.15845069289207458 3 156 114
-7.515966892242432 2.6061770915985107 0.010551908984780312 3 156 114
-16.25184440612793 4.978953838348389 -0.14002716541290283 3 156 114
-10.161911964416504 2.714911699295044 -0.1876380890607834 3 156 114
-13.559938430786133 3.099935531616211 -0.3817320764064789 3 156 114
-7.719995021820068 2.679943323135376 -0.28794050216674805 3 156 114
-10.884846687316895 3.3394877910614014 -0.5094508528709412 3 156 114
-9.59351921081543 2.5682597160339355 -0.5397745966911316 3 156 114
-12.01636791229248 2.7532401084899902 -0.7894220352172852 3 156 114
-8.302633285522461 2.8873989582061768 -0.6310275793075562 3 156 114
-8.415874481201172 2.58778977394104 -0.7183127999305725 179 51 7
-10.566692352294922 2.8327388763427734 -0.9954079985618591 179 51 7
-10.81594467163086 2.480379819869995 -1.119140625 179 51 7
-7.484359264373779 2.6063435077667236 -0.8626307845115662 179 51 7
-7.9564948081970215 2.451704502105713 -0.9873226881027222 179 51 7
-7.8559722900390625 2.1100125312805176 -1.0430506467819214 179 51 7
-7.9627509117126465 1.8304566144943237 -1.128509283065796 179 51 7
-6.435007572174072 2.2460830211639404 -0.995158314704895 179 51 7
-6.491096496582031 2.00301194190979 -1.057943344116211 179 51 7
-6.242993354797363 1.6794744729995728 -1.0706136226654053 179 51 7
-6.518209934234619 1.4988683462142944 -1.176443338394165 179 51 7
-5.155041217803955 1.806390404701233 -1.0047008991241455 179 51 7
-5.413840293884277 1.6738024950027466 -1.097591519355774 179 51 7
-5.145750999450684 1.3868976831436157 -1.0865015983581543 179 51 7
-5.218206882476807 1.2005068063735962 -1.147030234336853 179 51 7
-4.7394208908081055 1.6638174057006836 -1.1184451580047607 179 51 7
-4.544519424438477 1.4088581800460815 -1.1071085929870605 179 51 7
-16.403316497802734 3.7402548789978027 3.2691009044647217 178 215 34
-7.25869083404541 2.2293038368225098 1.336309552192688 3 156 114
-15.100008964538574 4.038374423980713 2.5971760749816895 178 215 34
-14.728448867797852 3.372419834136963 2.361239433288574 178 215 34
-6.503358364105225 2.2648203372955322 1.0229198932647705 3 156 114
-18.061325073242188 5.559106349945068 2.6182093620300293 178 215 34
-12.137235641479492 3.2550859451293945 1.618901252746582 178 215 34
-15.308424949645996 3.5156242847442627 1.8712692260742188 178 215 34
-16.013362884521484 5.5842390060424805 1.889082908630371 178 215 34
-13.561214447021484 4.181529998779297 1.4387426376342773 178 215 34
-12.539057731628418 3.3708279132843018 1.1937694549560547 178 215 34
-16.91730308532715 3.8972322940826416 1.4275898933410645 178 215 34
-6.292334079742432 2.1960108280181885 0.49654656648635864 3 156 114
-15.53261947631836 4.7947468757629395 1.054636001586914 178 215 34
-7.165309429168701 1.930112600326538 0.40942588448524475 3 156 114
-11.97506332397461 2.765294075012207 0.5611039400100708 3 156 114
-6.338326454162598 2.214916706085205 0.2544122040271759 3 156 114
-6.501718997955322 2.0098671913146973 0.19222846627235413 3 156 114
-9.901954650878906 2.672285318374634 0.19173626601696014 3 156 114
-16.90607452392578 3.9142260551452637 0.15749774873256683 3 156 114
-7.322950839996338 2.5644431114196777 0.010291924700140953 3 156 114
-9.164191246032715 2.838346481323242 -0.07903404533863068 3 156 114
-9.93830394744873 2.6878647804260254 -0.1836605966091156 3 156 114
-13.774336814880371 3.193448066711426 -0.3880416750907898 3 156 114
-8.313435554504395 2.9145615100860596 -0.3104066848754883 3 156 114
-8.368929862976074 2.595719337463379 -0.392067551612854 3 156 114
-9.578847885131836 2.5958518981933594 -0.5393946766853333 3 156 114
-12.009808540344238 2.7905445098876953 -0.7895498275756836 3 156 114
-8.260797500610352 2.901289463043213 -0.6285215020179749 3 156 114
-8.329851150512695 2.58933687210083 -0.7116451859474182 179 51 7
-10.390716552734375 2.81976056098938 -0.9796409606933594 179 51 7
-10.767581939697266 2.5040853023529053 -1.1149260997772217 179 51 7
-6.642602920532227 2.3360862731933594 -0.7664342522621155 179 51 7
-7.863605499267578 2.4495227336883545 -0.9767240285873413 179 51 7
-7.788205146789551 2.117449998855591 -1.034910798072815 179 51 7
-8.12399673461914 1.8937830924987793 -1.152179479598999 179 51 7
-6.504611015319824 2.2927887439727783 -1.0070053339004517 179 51 7
-6.487750053405762 2.023799419403076 -1.0584049224853516 179 51 7
-6.234955310821533 1.6978421211242676 -1.0701234340667725 179 51 7
-6.521254062652588 1.5206481218338013 -1.1778292655944824 179 51 7
-5.14947509765625 1.8221973180770874 -1.0047008991241455 179 51 7
-5.381505012512207 1.6819111108779907 -1.0920770168304443 179 51 7
-5.092316150665283 1.3892676830291748 -1.0761140584945679 179 51 7
-5.204024314880371 1.214066743850708 -1.144726037979126 179 51 7
-4.777534008026123 1.6936787366867065 -1.1286603212356567 179 51 7
-4.60244607925415 1.4423081874847412 -1.1222931146621704 179 51 7
-16.235872268676758 3.754512310028076 3.2380104064941406 178 215 34
-13.54026985168457 4.758895397186279 2.6729822158813477 178 215 34
-13.794441223144531 4.282933235168457 2.5419344902038574 178 215 34
-15.284651756286621 4.1380438804626465 2.631105422973633 178 215 34
-15.459084510803223 3.589665412902832 2.4801275730133057 178 215 34
-6.459988117218018 2.271962881088257 1.017189621925354 3 156 114
-14.5579252243042 4.529733657836914 2.112353563308716 178 215 34
-11.617027282714844 3.1538069248199463 1.5507975816726685 178 215 34
-15.210528373718262 3.5423033237457275 1.8606222867965698 178 215 34
-15.704615592956543 5.530670642852783 1.854653239250183 178 215 34
-13.544522285461426 4.221931457519531 1.438339114189148 178 215 34
-12.04150104522705 3.276716947555542 1.1473517417907715 3 156 114
-12.67773723602295 2.9615533351898193 1.0705900192260742 3 156 114
-6.392787933349609 2.25309419631958 0.5050167441368103 3 156 114
-15.375899314880371 4.798085689544678 1.0449895858764648 178 215 34
-7.218116760253906 1.9681086540222168 0.4127863645553589 3 156 114
-13.072426795959473 3.0609729290008545 0.6129592061042786 3 156 114
-6.211825847625732 2.1921191215515137 0.24960340559482574 3 156 114
-8.965690612792969 2.801715135574341 0.26533064246177673 3 156 114
-7.14492130279541 1.9517687559127808 0.13846580684185028 3 156 114
-13.056479454040527 3.0651721954345703 0.1217217892408371 3 156 114
-7.283936977386475 2.575895071029663 0.010248151607811451 3 156 114
-8.913049697875977 2.7905595302581787 -0.07694162428379059 3 156 114
-9.946404457092285 2.722830057144165 -0.18396379053592682 3 156 114
-7.263205051422119 1.7074023485183716 -0.20476090908050537 3 156 114
-8.452361106872559 2.992417097091675 -0.3159351944923401 3 156 114
-8.257975578308105 2.589104413986206 -0.38723987340927124 3 156 114
-10.990239143371582 3.0145604610443115 -0.6193894147872925 3 156 114
-11.295981407165527 2.661235809326172 -0.7431546449661255 3 156 114
-8.0685453414917 2.861605405807495 -0.6145590543746948 3 156 114
-8.086055755615234 2.5407841205596924 -0.6914797425270081 179 51 7
-9.408252716064453 2.5841619968414307 -0.8877571821212769 179 51 7
-10.775343894958496 2.5407614707946777 -1.1165316104888916 179 51 7
-6.679434299468994 2.372091054916382 -0.7715199589729309 179 51 7
-7.776488780975342 2.4485838413238525 -0.9668318629264832 179 51 7
-7.7587199211120605 2.1350178718566895 -1.0318583250045776 179 51 7
-8.146105766296387 1.9253058433532715 -1.1561473608016968 179 51 7
-6.429494380950928 2.2885115146636963 -0.9964585304260254 179 51 7
-6.290212631225586 1.9833756685256958 -1.0271668434143066 179 51 7
-6.221157550811768 1.7146035432815552 -1.0686531066894531 179 51 7
-6.425504684448242 1.5191210508346558 -1.1613718271255493 179 51 7
-5.165161609649658 1.8455984592437744 -1.0088614225387573 179 51 7
-5.261172771453857 1.6620378494262695 -1.0686875581741333 179 51 7
-5.205148220062256 1.4372223615646362 -1.1008844375610352 179 51 7
-5.167922496795654 1.2223742008209229 -1.1376043558120728 179 51 7
-4.764963626861572 1.7056963443756104 -1.126921534538269 179 51 7
-4.610998630523682 1.4605389833450317 -1.125465989112854 179 51 7
-15.806628227233887 3.706374406814575 3.1546568870544434 178 215 34
-13.558958053588867 4.812251091003418 2.6795735359191895 178 215 34
-7.278703212738037 2.284417152404785 1.3425490856170654 3 156 114
-14.503152847290039 3.9742631912231445 2.4986650943756104 178 215 34
-15.446074485778809 3.6366231441497803 2.47981858253479 178 215 34
-6.465104579925537 2.296074628829956 1.0190997123718262 3 156 114
-14.613882064819336 4.596367359161377 2.122509002685547 178 215 34
-11.676154136657715 3.208353042602539 1.5599972009658813 178 215 34
-17.326642990112305 4.091195106506348 2.1210005283355713 178 215 34
-7.587681293487549 2.698336124420166 0.8970487117767334 3 156 114
-7.363568305969238 2.3200905323028564 0.7827146649360657 3 156 114
-12.031391143798828 3.3136444091796875 1.1473517417907715 3 156 114
-12.515362739562988 2.9641430377960205 1.0576410293579102 3 156 114
-6.99370813369751 2.48903226852417 0.5530888438224792 3 156 114
-7.646769046783447 2.411961555480957 0.5201964974403381 3 156 114
-7.290007591247559 2.011759042739868 0.41724860668182373 3 156 114
-7.223513603210449 1.71481454372406 0.33895182609558105 3 156 114
-8.728705406188965 3.110459089279175 0.35111838579177856 3 156 114
-6.355818748474121 2.007572650909424 0.18827548623085022 3 156 114
-9.897899627685547 2.7364559173583984 0.19197925925254822 3 156 114
-12.802845001220703 3.0471014976501465 0.11944381147623062 3 156 114
-7.224203586578369 2.579733371734619 0.010175197385251522 3 156 114
-8.809110641479492 2.7877211570739746 -0.07611784338951111 3 156 114
-10.035322189331055 2.78029465675354 -0.18576528131961823 3 156 114
-11.447969436645508 2.7282280921936035 -0.32297030091285706 3 156 114
-8.582417488098145 3.068124294281006 -0.32114681601524353 3 156 114
-8.529024124145508 2.702852725982666 -0.4003371298313141 3 156 114
-9.819632530212402 2.7258899211883545 -0.5538849234580994 3 156 114
-11.05383586883545 2.6400091648101807 -0.7277534604072571 3 156 114
-8.08226490020752 2.8944168090820312 -0.6162775158882141 3 156 114
-8.410698890686035 2.6711714267730713 -0.7199389934539795 179 51 7
-9.41179370880127 2.6162145137786865 -0.8888444900512695 179 51 7
-10.714274406433105 2.5610857009887695 -1.1110126972198486 179 51 7
-6.586969375610352 2.3620359897613525 -0.7616731524467468 179 51 7
-7.554134845733643 2.404069423675537 -0.9400997757911682 179 51 7
-7.61644983291626 2.1210262775421143 -1.0137979984283447 179 51 7
-8.143049240112305 1.9509810209274292 -1.1565577983856201 179 51 7
-6.382401466369629 2.293835163116455 -0.9902459979057312 179 51 7
-6.430021286010742 2.049168348312378 -1.0510185956954956 179 51 7
-6.230122089385986 1.7376574277877808 -1.0711036920547485 179 51 7
-6.337488174438477 1.5188571214675903 -1.1463003158569336 179 51 7
-5.090090274810791 1.836403489112854 -0.9952942132949829 179 51 7
-5.277559280395508 1.6850389242172241 -1.0730611085891724 179 51 7
-5.112950801849365 1.4286617040634155 -1.0823067426681519 179 51 7
-5.127064228057861 1.2293317317962646 -1.1294351816177368 179 51 7
-4.752363681793213 1.717652678489685 -1.1251827478408813 179 51 7
-4.57588529586792 1.4648789167404175 -1.117987036705017 179 51 7
-15.472382545471191 3.678114414215088 3.090186357498169 178 215 34
-7.257579326629639 2.3022701740264893 1.339949369430542 3 156 114
-15.367341995239258 4.261804103851318 2.6497914791107178 178 215 34
-15.406975746154785 3.677342176437378 2.4753410816192627 178 215 34
-6.4682722091674805 2.3195714950561523 1.0207159519195557 3 156 114
-7.2592644691467285 2.3076865673065186 1.0553532838821411 3 156 114
-15.506593704223633 4.3120832443237305 2.0735223293304443 178 215 34
-12.143659591674805 2.906742811203003 1.4876223802566528 178 215 34
-7.578431129455566 2.721266269683838 0.896937906742096 3 156 114
-6.226409912109375 1.98281729221344 0.662483274936676 3 156 114
-7.551120281219482 2.1046485900878906 0.7207112312316895 3 156 114
-6.1595869064331055 1.4788109064102173 0.5209117531776428 3 156 114
-6.493337154388428 2.333421468734741 0.5140813589096069 3 156 114
-7.607007026672363 2.4251046180725098 0.5179952383041382 3 156 114
-7.205904960632324 2.0123612880706787 0.4127863645553589 3 156 114
-7.230844497680664 1.7400062084197998 0.33954471349716187 3 156 114
-8.689972877502441 3.1267359256744385 0.3499445617198944 3 156 114
-8.667415618896484 2.7669951915740967 0.2570011019706726 3 156 114
-10.006925582885742 2.7996737957000732 0.19425959885120392 3 156 114
-14.632596015930176 3.5300557613372803 0.1366148293018341 3 156 114
-8.684717178344727 3.131351947784424 0.0122457854449749 3 156 114
-8.760514259338379 2.8019399642944336 -0.07577185332775116 3 156 114
-9.663798332214355 2.7093148231506348 -0.17904096841812134 3 156 114
-13.28864574432373 3.210005760192871 -0.3751755654811859 3 156 114
-8.528782844543457 3.0784928798675537 -0.31949174404144287 3 156 114
-8.060216903686523 2.5815255641937256 -0.3787021040916443 3 156 114
-9.023902893066406 2.5348424911499023 -0.5094373226165771 3 156 114
-11.448209762573242 2.7713518142700195 -0.7542741298675537 3 156 114
-7.217893123626709 2.609880208969116 -0.550976574420929 3 156 114
-8.47174072265625 2.719198703765869 -0.7258747816085815 179 51 7
-9.454533576965332 2.6593689918518066 -0.8936471343040466 179 51 7
-10.027549743652344 2.4294803142547607 -1.0405709743499756 179 51 7
-6.667558193206787 2.414046049118042 -0.7718446254730225 179 51 7
-7.611008167266846 2.447909355163574 -0.9481076598167419 179 51 7
-7.537349700927734 2.1239373683929443 -1.0041319131851196 179 51 7
-8.111035346984863 1.969642996788025 -1.152863621711731 179 51 7
-6.349289894104004 2.303954601287842 -0.9862006902694702 179 51 7
-6.444395542144775 2.075549602508545 -1.0544040203094482 179 51 7
-6.182035446166992 1.7447046041488647 -1.0637516975402832 179 51 7
-6.318443298339844 1.5348060131072998 -1.1437017917633057 179 51 7
-5.06502628326416 1.844942331314087 -0.9914954304695129 179 51 7
-5.279839992523193 1.703634262084961 -1.0745824575424194 179 51 7
-5.100057601928711 1.4419420957565308 -1.080508828163147 179 51 7
-5.075760364532471 1.2335102558135986 -1.1189619302749634 179 51 7
-4.741570472717285 1.7302172183990479 -1.123878836631775 179 51 7
-4.518548488616943 1.4618221521377563 -1.1050689220428467 179 51 7
-14.738602638244629 3.5514869689941406 2.945796012878418 178 215 34
-7.319882392883301 2.3467752933502197 1.3527750968933105 3 156 114
-16.105472564697266 4.519765853881836 2.7794454097747803 178 215 34
-15.470524787902832 3.7427139282226562 2.487384080886841 178 215 34
-6.486237049102783 2.348497152328491 1.0246829986572266 3 156 114
-6.052574634552002 1.9445509910583496 0.8807876706123352 3 156 114
-7.425858020782471 2.089552164077759 0.9938290119171143 3 156 114
-17.015579223632812 4.128134727478027 2.0859837532043457 178 215 34
-17.580596923828125 6.373806476593018 2.0830392837524414 178 215 34
-6.1312737464904785 1.9732593297958374 0.6530019640922546 3 156 114
-7.703724384307861 2.1726748943328857 0.735909104347229 3 156 114
-6.201503276824951 1.5090117454528809 0.5248456001281738 3 156 114
-6.9211201667785645 2.511150360107422 0.5485565662384033 3 156 114
-7.567237377166748 2.4380266666412354 0.515794038772583 3 156 114
-12.68138313293457 3.5834500789642334 0.727072536945343 3 156 114
-12.852509498596191 3.1345300674438477 0.6039746403694153 3 156 114
-8.782715797424316 3.190572738647461 0.35407182574272156 3 156 114
-6.5821614265441895 2.123569965362549 0.1953626275062561 3 156 114
-6.454201698303223 1.827085018157959 0.12540052831172943 3 156 114
-13.046171188354492 3.189723253250122 0.1218942254781723 3 156 114
-6.9958720207214355 2.546704053878784 0.009875419549643993 3 156 114
-8.499730110168457 2.7473039627075195 -0.07358881831169128 3 156 114
-9.639089584350586 2.734311819076538 -0.17873777449131012 3 156 114
-13.191349029541016 3.2293667793273926 -0.3727065622806549 3 156 114
-8.253568649291992 3.0078060626983643 -0.30952632427215576 3 156 114
-8.623482704162598 2.7911274433135986 -0.4055670499801636 3 156 114
-9.184168815612793 2.61028790473938 -0.5189347267150879 3 156 114
-11.448375701904297 2.808601140975952 -0.7548492550849915 3 156 114
-7.214536666870117 2.6337223052978516 -0.5513346195220947 3 156 114
-8.444397926330566 2.7390265464782715 -0.7242485880851746 179 51 7
-9.801692962646484 2.789496660232544 -0.9272654056549072 179 51 7
-10.429739952087402 2.5608248710632324 -1.0831170082092285 179 51 7
-6.675059795379639 2.439951181411743 -0.7735759019851685 179 51 7
-7.169032573699951 2.3300514221191406 -0.893936812877655 179 51 7
-7.389625072479248 2.1068029403686523 -0.9853083491325378 179 51 7
-8.125154495239258 1.9994889497756958 -1.1557369232177734 179 51 7
-6.378427028656006 2.336697816848755 -0.9918352961540222 179 51 7
-6.419205665588379 2.0891952514648438 -1.0513263940811157 179 51 7
-6.183294296264648 1.7655587196350098 -1.0648953914642334 179 51 7
-6.281189441680908 1.5461795330047607 -1.1378117799758911 179 51 7
-5.255955696105957 1.9327737092971802 -1.0300264358520508 179 51 7
-5.26992130279541 1.718302845954895 -1.0736316442489624 179 51 7
-5.135176181793213 1.4688999652862549 -1.088898777961731 179 51 7
-5.076699256896973 1.2502456903457642 -1.120009183883667 179 51 7
-4.74356746673584 1.7474552392959595 -1.125617504119873 179 51 7
-4.505710124969482 1.4729541540145874 -1.1030292510986328 179 51 7
-14.161189079284668 3.4583535194396973 2.832495927810669 178 215 34
-13.563958168029785 4.955056667327881 2.6894607543945312 178 215 34
-7.317332744598389 2.370739221572876 1.3536417484283447 3 156 114
-16.557470321655273 4.701457977294922 2.8599257469177246 178 215 34
-15.755481719970703 3.862856864929199 2.5350937843322754 178 215 34
-6.938867092132568 2.5364885330200195 1.0974128246307373 3 156 114
-14.836639404296875 4.816932201385498 2.16120982170105 178 215 34
-15.677300453186035 4.46336555480957 2.0999717712402344 178 215 34
-12.82564926147461 3.153315544128418 1.5735081434249878 178 215 34
-16.127412796020508 5.90300178527832 1.9129952192306519 178 215 34
-6.108160495758057 1.9865219593048096 0.6511863470077515 3 156 114
-7.74298620223999 2.2094149589538574 0.7403037548065186 3 156 114
-12.692692756652832 3.1297903060913086 1.075015664100647 3 156 114
-6.924620151519775 2.5364882946014404 0.5494481325149536 3 156 114
-7.471476078033447 2.4325008392333984 0.5097731351852417 3 156 114
-7.107019901275635 2.0318362712860107 0.40782830119132996 3 156 114
-12.838953018188477 3.172987461090088 0.6037921905517578 3 156 114
-6.865573406219482 2.5179855823516846 0.2770930826663971 3 156 114
-6.351327896118164 2.0706324577331543 0.18869900703430176 3 156 114
-6.45817756652832 1.8496304750442505 0.12558743357658386 3 156 114
-7.313580513000488 1.8119306564331055 0.0683845579624176 3 156 114
-6.467092037200928 2.3767077922821045 0.00913923978805542 3 156 114
-7.693749904632568 2.5128891468048096 -0.06667724996805191 3 156 114
-9.657565116882324 2.7715938091278076 -0.17923718690872192 3 156 114
-13.60439395904541 3.3747565746307373 -0.38466739654541016 3 156 114
-8.909286499023438 3.277764081954956 -0.3344927132129669 3 156 114
-8.59209156036377 2.8101179599761963 -0.4044942855834961 3 156 114
-9.190511703491211 2.6425914764404297 -0.5197488069534302 3 156 114
-11.299276351928711 2.808802843093872 -0.7455830574035645 3 156 114
-6.905063152313232 2.54478120803833 -0.5282788276672363 3 156 114
-8.402806282043457 2.754056215286255 -0.721402645111084 179 51 7
-9.898360252380371 2.8498635292053223 -0.937233030796051 179 51 7
-10.09066104888916 2.5104191303253174 -1.0486987829208374 179 51 7
-6.629303932189941 2.446307897567749 -0.7691394090652466 179 51 7
-7.101468086242676 2.332204818725586 -0.8863999843597412 179 51 7
-7.084828853607178 2.0434279441833496 -0.9454992413520813 179 51 7
-8.06035041809082 2.0097877979278564 -1.1473907232284546 179 51 7
-6.360091209411621 2.3521368503570557 -0.9901015162467957 179 51 7
-6.407134056091309 2.107027053833008 -1.050403118133545 179 51 7
-6.185431003570557 1.7867108583450317 -1.0662024021148682 179 51 7
-6.0193586349487305 1.5013281106948853 -1.0912114381790161 179 51 7
-5.164253234863281 1.9170584678649902 -1.0132030248641968 179 51 7
-5.2263946533203125 1.7218674421310425 -1.0658352375030518 179 51 7
-5.218180179595947 1.5099772214889526 -1.1074765920639038 179 51 7
-5.075685977935791 1.266525149345398 -1.1206376552581787 179 51 7
-4.750077247619629 1.7664228677749634 -1.1284430027008057 179 51 7
-4.4993205070495605 1.4861596822738647 -1.1025760173797607 179 51 7
-14.177192687988281 3.50838565826416 2.837836742401123 178 215 34
-14.868603706359863 5.483419418334961 2.951467514038086 178 215 34
-7.297857284545898 2.3891937732696533 1.3513885736465454 3 156 114
-16.899465560913086 4.85464334487915 2.9215567111968994 178 215 34
-11.56387710571289 2.872816801071167 1.8620641231536865 178 215 34
-6.712978363037109 2.4772887229919434 1.0628844499588013 3 156 114
-14.568613052368164 4.779370307922363 2.124293088912964 178 215 34
-15.478639602661133 4.458188056945801 2.075183629989624 178 215 34
-16.947532653808594 4.2219014167785645 2.0807785987854004 178 215 34
-7.5064520835876465 2.773677349090576 0.8914026021957397 3 156 114
-6.101092338562012 2.004941463470459 0.6510854959487915 3 156 114
-7.712253570556641 2.226255416870117 0.7380149364471436 3 156 114
-12.448070526123047 3.110013961791992 1.0551003217697144 3 156 114
-6.93738317489624 2.5653297901153564 0.5510827302932739 3 156 114
-15.204751014709473 5.001879692077637 1.0384507179260254 178 215 34
-7.1208953857421875 2.0594563484191895 0.4089851677417755 3 156 114
-12.56460952758789 3.146120071411133 0.5913414359092712 3 156 114
-6.157790184020996 2.2798595428466797 0.24880823493003845 3 156 114
-6.340198516845703 2.0885448455810547 0.18855784833431244 3 156 114
-6.497608184814453 1.882512092590332 0.12646593153476715 3 156 114
-7.316715717315674 1.8365508317947388 0.06846623122692108 3 156 114
-6.394140720367432 2.3721892833709717 0.009046387858688831 3 156 114
-7.703096866607666 2.5421221256256104 -0.06682553142309189 3 156 114
-9.661498069763184 2.80483341217041 -0.1794690489768982 3 156 114
-13.169346809387207 3.3097591400146484 -0.37265169620513916 3 156 114
-8.985379219055176 3.337092399597168 -0.33773234486579895 3 156 114
-8.633702278137207 2.8530778884887695 -0.40686339139938354 3 156 114
-9.031830787658691 2.6269917488098145 -0.5112282633781433 3 156 114
-11.158025741577148 2.810065984725952 -0.7368279695510864 3 156 114
-7.096343994140625 2.6400318145751953 -0.5435300469398499 3 156 114
-8.482309341430664 2.8089616298675537 -0.7289646863937378 179 51 7
-9.339777946472168 2.720097541809082 -0.8851293325424194 179 51 7
-9.845576286315918 2.4815454483032227 -1.0240142345428467 179 51 7
-6.634809970855713 2.4714930057525635 -0.7706543207168579 179 51 7
-7.459031581878662 2.475010395050049 -0.9319741725921631 179 51 7
-7.185170650482178 2.0962677001953125 -0.9597440361976624 179 51 7
-7.9715495109558105 2.0136427879333496 -1.1356239318847656 179 51 7
-6.2388224601745605 2.329071521759033 -0.9723309278488159 179 51 7
-6.313435077667236 2.0976994037628174 -1.0360920429229736 179 51 7
-6.285033702850342 1.836391568183899 -1.0843372344970703 179 51 7
-5.987987995147705 1.5130325555801392 -1.0863608121871948 179 51 7
-5.188484191894531 1.7270413637161255 -1.059179663658142 179 51 7
-5.239853858947754 1.5336861610412598 -1.1130698919296265 179 51 7
-5.0784125328063965 1.283768653869629 -1.1221039295196533 179 51 7
-4.494739532470703 1.4999563694000244 -1.1025760173797607 179 51 7
-14.169219970703125 3.5525803565979004 2.838408946990967 178 215 34
-14.219683647155762 5.293718338012695 2.8258652687072754 178 215 34
-7.307323455810547 2.4171392917633057 1.354508399963379 3 156 114
-6.9123735427856445 2.0086677074432373 1.196061372756958 3 156 114
-19.017858505249023 4.7866058349609375 3.064685821533203 178 215 34
-6.756327152252197 2.5168635845184326 1.0709656476974487 3 156 114
-6.4603471755981445 2.141352891921997 0.9429560899734497 3 156 114
-15.466793060302734 4.506209373474121 2.075438976287842 178 215 34
-6.088679313659668 1.5366415977478027 0.74812912940979 3 156 114
-7.918803691864014 2.9536867141723633 0.9414417147636414 3 156 114
-6.096800804138184 2.0242769718170166 0.6512871980667114 3 156 114
-18.474384307861328 5.394359111785889 1.76945960521698 178 215 34
-7.1564202308654785 1.8112971782684326 0.607047438621521 3 156 114
-6.892109394073486 2.5726518630981445 0.5481107234954834 3 156 114
-7.4280009269714355 2.4688568115234375 0.5078308582305908 3 156 114
-9.747998237609863 2.8516857624053955 0.5603713989257812 3 156 114
-12.652695655822754 3.2094602584838867 0.5959477424621582 3 156 114
-6.162935256958008 2.303288459777832 0.24930046498775482 3 156 114
-6.336606025695801 2.108933210372925 0.18864254653453827 3 156 114
-6.494680881500244 1.9032812118530273 0.1265220195055008 3 156 114
-7.313954830169678 1.8597289323806763 0.06849346309900284 3 156 114
-6.384960174560547 2.3910937309265137 0.009043735451996326 3 156 114
-7.627908706665039 2.5432863235473633 -0.06624064594507217 3 156 114
-9.923380851745605 2.91390061378479 -0.18449890613555908 3 156 114
-12.517836570739746 3.1868813037872314 -0.3544909656047821 3 156 114
-7.119440078735352 2.6689820289611816 -0.26790404319763184 3 156 114
-8.516884803771973 2.843487024307251 -0.4017675518989563 3 156 114
-8.877164840698242 2.6115710735321045 -0.502924919128418 3 156 114
-11.462655067443848 2.924211025238037 -0.7575332522392273 3 156 114
-8.39709186553955 2.8093576431274414 -0.7223784327507019 179 51 7
-9.286489486694336 2.7355127334594727 -0.8808704018592834 179 51 7
-9.833096504211426 2.5105090141296387 -1.0235124826431274 179 51 7
-7.0691351890563965 2.3697376251220703 -0.8841624855995178 179 51 7
-7.509767055511475 2.215991735458374 -1.004004716873169 179 51 7
-7.887600898742676 2.018200159072876 -1.1245415210723877 179 51 7
-6.300412654876709 2.1148579120635986 -1.0350148677825928 179 51 7
-6.3162689208984375 1.8665692806243896 -1.0907089710235596 179 51 7
-5.980454921722412 1.5306636095046997 -1.0858410596847534 179 51 7
-5.1636199951171875 1.7363801002502441 -1.0551862716674805 179 51 7
-5.244519233703613 1.5525360107421875 -1.1150676012039185 179 51 7
-5.114234447479248 1.3095301389694214 -1.1309014558792114 179 51 7
-4.4651970863342285 1.5053379535675049 -1.0964568853378296 179 51 7
-14.539777755737305 3.692937135696411 2.91489577293396 178 215 34
-15.002165794372559 5.637486457824707 2.984790325164795 178 215 34
-7.302675724029541 2.4404828548431396 1.3550282716751099 3 156 114
-13.956214904785156 4.102013111114502 2.41703724861145 178 215 34
-15.822659492492676 4.034064292907715 2.5517687797546387 178 215 34
-6.63191556930542 2.4937143325805664 1.052452564239502 3 156 114
-6.450929641723633 2.160219430923462 0.9425444006919861 3 156 114
-7.020064830780029 2.068664073944092 0.9428470134735107 3 156 114
-15.57541561126709 3.9817421436309814 1.9152767658233643 178 215 34
-16.144657135009766 5.41544246673584 1.7264105081558228 178 215 34
-6.080636978149414 1.7957569360733032 0.5829228162765503 3 156 114
-12.433581352233887 3.187572717666626 1.05551016330719 3 156 114
-6.195326805114746 2.0802793502807617 0.4239908456802368 3 156 114
-15.497321128845215 4.585257053375244 0.8916802406311035 178 215 34
-7.119128227233887 1.8290899991989136 0.3355769217014313 3 156 114
-6.362320423126221 2.139195203781128 0.1896025538444519 3 156 114
-9.608119010925293 2.8477189540863037 0.1873437911272049 3 156 114
-7.357601165771484 1.8948780298233032 0.06895631551742554 3 156 114
-8.879500389099121 2.990891695022583 -0.07718876004219055 3 156 114
-9.807045936584473 2.9124515056610107 -0.18250122666358948 3 156 114
-12.174053192138672 3.13916015625 -0.34502655267715454 3 156 114
-8.358556747436523 2.8191583156585693 -0.3947048783302307 3 156 114
-9.992704391479492 2.9730923175811768 -0.5666385293006897 3 156 114
-11.689388275146484 3.0202791690826416 -0.7731261849403381 3 156 114
-8.173151016235352 2.762345552444458 -0.7038391828536987 179 51 7
-9.459395408630371 2.8180134296417236 -0.8980872631072998 179 51 7
-9.603795051574707 2.483375072479248 -1.0004332065582275 179 51 7
-7.035495758056641 2.382495880126953 -0.8808651566505432 179 51 7
-7.16456937789917 2.1380465030670166 -0.9587265849113464 179 51 7
-7.866988182067871 2.0386619567871094 -1.122489094734192 179 51 7
-6.345361232757568 2.1516289710998535 -1.0434783697128296 179 51 7
-6.267030715942383 1.8729437589645386 -1.0831936597824097 179 51 7
-5.880393981933594 1.5242913961410522 -1.0685175657272339 179 51 7
-5.133169651031494 1.7436878681182861 -1.0500520467758179 179 51 7
-5.247241020202637 1.5708667039871216 -1.1166656017303467 179 51 7
-5.088423728942871 1.3195687532424927 -1.1260837316513062 179 51 7
-4.525096893310547 1.541008472442627 -1.1123212575912476 179 51 7
-15.016081809997559 3.8629918098449707 3.0127458572387695 178 215 34
-7.432322978973389 2.5091845989227295 1.3805065155029297 3 156 114
-13.749720573425293 4.087189197540283 2.3834354877471924 178 215 34
-16.15172576904297 4.170776844024658 2.6068897247314453 178 215 34
-6.888089656829834 2.330137252807617 1.0074576139450073 3 156 114
-7.003230094909668 2.087075710296631 0.941441535949707 3 156 114
-6.830857276916504 1.7686030864715576 0.8406397700309753 3 156 114
-7.741725921630859 2.623277187347412 0.8287093043327332 3 156 114
-15.643357276916504 4.67208194732666 1.5010238885879517 178 215 34
-6.388885021209717 1.6588115692138672 0.5427939295768738 3 156 114
-6.11047887802124 2.0726709365844727 0.418617308139801 3 156 114
-6.290460586547852 1.8821922540664673 0.36226919293403625 3 156 114
-12.977901458740234 3.3768396377563477 0.6122294664382935 3 156 114
-7.6836628913879395 2.609733819961548 0.22921720147132874 3 156 114
-9.103231430053711 2.7284865379333496 0.17766164243221283 3 156 114
-7.309178829193115 1.9063379764556885 0.06855699419975281 3 156 114
-8.23412036895752 2.8016650676727295 -0.07165291160345078 3 156 114
-9.815301895141602 2.947701930999756 -0.18282228708267212 3 156 114
-11.537625312805176 3.012833595275879 -0.3272498846054077 3 156 114
-8.292184829711914 2.8251359462738037 -0.39197811484336853 3 156 114
-8.604716300964355 2.5888912677764893 -0.48838040232658386 3 156 114
-10.323604583740234 2.701204538345337 -0.6833392977714539 3 156 114
-8.266508102416992 2.82218599319458 -0.7126209735870361 179 51 7
-9.445938110351562 2.8455848693847656 -0.8976341485977173 179 51 7
-9.489294052124023 2.484851121902466 -0.9892949461936951 179 51 7
-7.311910152435303 2.501132011413574 -0.9164295196533203 179 51 7
-7.1513285636901855 2.1580111980438232 -0.9578362107276917 179 51 7
-7.619241237640381 1.9994257688522339 -1.0880098342895508 179 51 7
-6.357425689697266 2.1774895191192627 -1.046555995941162 179 51 7
-6.2678656578063965 1.8941596746444702 -1.0843372344970703 179 51 7
-5.728988170623779 1.5038169622421265 -1.0418392419815063 179 51 7
-5.10829496383667 1.7527369260787964 -1.0460587739944458 179 51 7
-5.252713203430176 1.5900804996490479 -1.1188629865646362 179 51 7
-4.96707820892334 1.3043771982192993 -1.1001100540161133 179 51 7
-4.568240165710449 1.5713578462600708 -1.1241061687469482 179 51 7
-14.783775329589844 3.851625442504883 2.968493938446045 178 215 34
-14.385900497436523 4.905959606170654 2.6748721599578857 178 215 34
-13.889215469360352 4.175074577331543 2.409825086593628 178 215 34
-15.81290340423584 4.135074138641357 2.554239511489868 178 215 34
-6.88746976852417 2.3535006046295166 1.0084182024002075 3 156 114
-7.111698150634766 2.143178939819336 0.9569022059440613 3 156 114
-6.812912464141846 1.7862776517868042 0.8391018509864807 3 156 114
-6.942016124725342 2.3760643005371094 0.7438815832138062 3 156 114
-14.026494026184082 4.236100196838379 1.347122073173523 178 215 34
-14.488054275512695 3.8091650009155273 1.2318792343139648 178 215 34
-6.917844772338867 2.3702192306518555 0.4744243621826172 3 156 114
-6.3009033203125 1.9063979387283325 0.3632057309150696 3 156 114
-7.617815017700195 2.007122755050659 0.3596574366092682 3 156 114
-8.061387062072754 2.7656404972076416 0.24073736369609833 3 156 114
-9.278532981872559 2.8120810985565186 0.18125039339065552 3 156 114
-7.3903093338012695 1.951732873916626 0.06937379390001297 3 156 114
-7.335606098175049 2.5210819244384766 -0.06390108913183212 3 156 114
-9.88370418548584 3.0013327598571777 -0.18426701426506042 3 156 114
-11.334078788757324 2.996854782104492 -0.32173579931259155 3 156 114
-8.423284530639648 2.8986735343933105 -0.39859381318092346 3 156 114
-9.33231258392334 2.8390543460845947 -0.5301687121391296 3 156 114
-11.552946090698242 3.0607669353485107 -0.7653297781944275 3 156 114
-8.291730880737305 2.8592305183410645 -0.7155481576919556 179 51 7
-9.385719299316406 2.8588812351226807 -0.8927409648895264 179 51 7
-9.468161582946777 2.5103821754455566 -0.9878901243209839 179 51 7
-7.007604122161865 2.4210801124572754 -0.8792164921760559 179 51 7
-7.20918607711792 2.199624538421631 -0.9664849042892456 179 51 7
-7.573818683624268 2.012362480163574 -1.0824002027511597 179 51 7
-6.267608165740967 2.1682331562042236 -1.032860517501831 179 51 7
-6.221454620361328 1.9009839296340942 -1.0773121118545532 179 51 7
-5.711973667144775 1.5180975198745728 -1.039587140083313 179 51 7
-5.054656982421875 1.751684308052063 -1.036170482635498 179 51 7
-5.272170543670654 1.6136441230773926 -1.1240568161010742 179 51 7
-4.868554592132568 1.29448401927948 -1.079163670539856 179 51 7
-4.541317462921143 1.5776945352554321 -1.1186670064926147 179 51 7
-14.977858543395996 3.9513001441955566 3.0098845958709717 178 215 34
-13.744102478027344 4.7342095375061035 2.5582268238067627 178 215 34
-14.58044719696045 4.431676387786865 2.5321030616760254 178 215 34
-15.769579887390137 4.175475597381592 2.5492987632751465 178 215 34
-6.0094218254089355 2.0740761756896973 0.8807876706123352 3 156 114
-7.1307053565979 2.172792434692383 0.9603521227836609 3 156 114
-11.69437026977539 3.104522466659546 1.4414854049682617 178 215 34
-7.744289875030518 2.6772313117980957 0.8307265639305115 3 156 114
-14.00105094909668 4.275332450866699 1.345931887626648 178 215 34
-6.2784247398376465 1.6713186502456665 0.5342705845832825 3 156 114
-6.90865421295166 2.3907787799835205 0.47429484128952026 3 156 114
-6.3494486808776855 1.9423686265945435 0.3663458228111267 3 156 114
-7.612586975097656 2.0307421684265137 0.35970306396484375 3 156 114
-6.311193466186523 2.186861515045166 0.1886707842350006 3 156 114
-9.581501960754395 2.9360291957855225 0.1873437911272049 3 156 114
-7.429689407348633 1.9865366220474243 0.06980034708976746 3 156 114
-7.428916931152344 2.5786614418029785 -0.0647825375199318 3 156 114
-9.796073913574219 3.0075786113739014 -0.18280445039272308 3 156 114
-9.715137481689453 2.6007041931152344 -0.2760047912597656 3 156 114
-7.918002128601074 2.75199031829834 -0.3750813901424408 3 156 114
-10.669266700744629 3.2815752029418945 -0.6066901683807373 3 156 114
-10.169963836669922 2.7277863025665283 -0.6742647290229797 3 156 114
-8.121026039123535 2.8282740116119385 -0.7015624046325684 179 51 7
-8.188135147094727 2.521575927734375 -0.7795625925064087 179 51 7
-9.350869178771973 2.5100133419036865 -0.9764509797096252 179 51 7
-6.686046123504639 2.3329696655273438 -0.8397659659385681 179 51 7
-6.984407901763916 2.1544861793518066 -0.9372321367263794 179 51 7
-7.417424201965332 1.9951913356781006 -1.0609190464019775 179 51 7
-6.235741138458252 2.17865252494812 -1.0287055969238281 179 51 7
-6.236330509185791 1.9264681339263916 -1.0809063911437988 179 51 7
-5.787178039550781 1.5571094751358032 -1.0541390180587769 179 51 7
-5.056672096252441 1.7697780132293701 -1.0376918315887451 179 51 7
-5.2129034996032715 1.6130120754241943 -1.1124706268310547 179 51 7
-5.005247116088867 1.3472836017608643 -1.110373854637146 179 51 7
-4.525426864624023 1.5877503156661987 -1.1159473657608032 179 51 7
-15.070937156677246 4.025350093841553 3.0310568809509277 178 215 34
-7.32891845703125 2.5496537685394287 1.365600824356079 3 156 114
-17.814321517944336 5.47435998916626 3.096613883972168 178 215 34
-15.369243621826172 4.119973182678223 2.486612319946289 178 215 34
-6.811166763305664 2.3741986751556396 0.9993605613708496 3 156 114
-7.1240057945251465 2.1946589946746826 0.9603521227836609 3 156 114
-7.729126930236816 2.07726788520813 0.9534979462623596 3 156 114
-7.828091144561768 2.733116865158081 0.8406113982200623 3 156 114
-6.640455722808838 2.050009250640869 0.6389537453651428 3 156 114
-6.279040813446045 1.6921286582946777 0.5347622632980347 3 156 114
-6.222085952758789 2.174586057662964 0.4276163876056671 3 156 114
-6.320566177368164 1.954759120941162 0.365023672580719 3 156 114
-7.3613600730896 1.9879359006881714 0.3481188714504242 3 156 114
-6.303511142730713 2.205883741378784 0.18864254653453827 3 156 114
-9.026161193847656 2.7961785793304443 0.17665231227874756 3 156 114
-7.376263618469238 1.996519684791565 0.06935564428567886 3 156 114
-7.900352478027344 2.7694895267486572 -0.06896737962961197 3 156 114
-16.187515258789062 5.024266719818115 -0.30236130952835083 3 156 114
-9.888500213623047 2.6796510219573975 -0.28116220235824585 3 156 114
-7.644645690917969 2.6832971572875977 -0.36252057552337646 3 156 114
-8.446081161499023 2.6261744499206543 -0.48072826862335205 3 156 114
-11.531059265136719 3.130812406539917 -0.7651380300521851 3 156 114
-8.271210670471191 2.909062147140503 -0.7153042554855347 3 156 114
-8.178459167480469 2.5460927486419678 -0.7793813943862915 179 51 7
-9.322001457214355 2.5329501628875732 -0.9742433428764343 179 51 7
-6.703208923339844 2.3620519638061523 -0.8428277969360352 179 51 7
-6.902012348175049 2.1522817611694336 -0.9270572662353516 179 51 7
-7.05762243270874 1.9216476678848267 -1.0102949142456055 179 51 7
-6.225300312042236 2.196458101272583 -1.0280901193618774 179 51 7
-6.222857475280762 1.9432393312454224 -1.079599380493164 179 51 7
-5.807080268859863 1.5815858840942383 -1.058643102645874 179 51 7
-5.0243754386901855 1.7757959365844727 -1.032177209854126 179 51 7
-5.201384544372559 1.6269499063491821 -1.111072301864624 179 51 7
-4.922786235809326 1.34129798412323 -1.0929882526397705 179 51 7
-4.537059783935547 1.6074814796447754 -1.1200268268585205 179 51 7
-15.081259727478027 4.0777177810668945 3.035634756088257 178 215 34
-7.310840606689453 2.568535804748535 1.363694429397583 3 156 114
-7.164384841918945 2.2257015705108643 1.2465461492538452 3 156 114
-15.283108711242676 4.147182464599609 2.4747231006622314 178 215 34
-6.736578464508057 2.3714027404785156 0.9894794821739197 3 156 114
-6.800012111663818 2.1177117824554443 0.9175477027893066 3 156 114
-11.67605972290039 3.1764800548553467 1.441603660583496 178 215 34
-15.504223823547363 5.466601371765137 1.6666980981826782 178 215 34
-7.372739791870117 2.300874948501587 0.7100909948348999 3 156 114
-7.015141010284424 1.9136033058166504 0.597950279712677 3 156 114
-6.4045281410217285 2.2604212760925293 0.44062936305999756 3 156 114
-9.076315879821777 2.837567090988159 0.5246732831001282 3 156 114
-7.144196033477783 1.9528268575668335 0.338130921125412 3 156 114
-6.2967143058776855 2.2252120971679688 0.18864254653453827 3 156 114
-7.190369606018066 2.251675844192505 0.14085830748081207 3 156 114
-7.3633527755737305 2.0172908306121826 0.0692921131849289 3 156 114
-8.49228286743164 3.006279468536377 -0.07421489804983139 3 156 114
-9.288992881774902 2.9143826961517334 -0.17367224395275116 3 156 114
-10.017123222351074 2.7475228309631348 -0.2850577235221863 3 156 114
-8.509241104125977 3.016127109527588 -0.40395787358283997 3 156 114
-8.12648868560791 2.554170846939087 -0.46298179030418396 3 156 114
-9.570854187011719 2.6301486492156982 -0.6356019973754883 3 156 114
-7.509937286376953 2.667233467102051 -0.6501730680465698 179 51 7
-8.254204750061035 2.5974783897399902 -0.7873554825782776 179 51 7
-9.179879188537598 2.5246012210845947 -0.9601951241493225 179 51 7
-6.713706016540527 2.3889310359954834 -0.8450652360916138 179 51 7
-7.001328468322754 2.2068428993225098 -0.9413021206855774 179 51 7
-7.316227436065674 2.016190767288208 -1.0481946468353271 179 51 7
-6.228771209716797 2.2191946506500244 -1.029782772064209 179 51 7
-6.212162017822266 1.9608367681503296 -1.0787824392318726 179 51 7
-5.819291591644287 1.6041053533554077 -1.0617612600326538 179 51 7
-5.0346221923828125 1.7968119382858276 -1.035409927368164 179 51 7
-5.173945903778076 1.6358107328414917 -1.1062780618667603 179 51 7
-4.985574722290039 1.3748505115509033 -1.1078602075576782 179 51 7
-4.436732292175293 1.5872726440429688 -1.0964568853378296 179 51 7
-13.943853378295898 3.816127061843872 2.809034824371338 178 215 34
-6.913761615753174 2.1711232662200928 1.2040929794311523 3 156 114
-15.247448921203613 4.187770843505859 2.471017837524414 178 215 34
-6.620071887969971 2.3532421588897705 0.9734227657318115 3 156 114
-6.809566020965576 2.1436266899108887 0.9197198748588562 3 156 114
-15.724508285522461 5.598569393157959 1.6922169923782349 178 215 34
-7.7113261222839355 2.432527780532837 0.7434166073799133 3 156 114
-13.474720001220703 3.7201130390167236 1.149513602256775 178 215 34
-6.803638458251953 2.4247825145721436 0.4685976207256317 3 156 114
-12.335090637207031 3.897954225540161 0.7137408256530762 3 156 114
-7.145873546600342 1.976866602897644 0.33849579095840454 3 156 114
-6.7474045753479 2.407794237136841 0.20236508548259735 3 156 114
-8.383524894714355 2.6535842418670654 0.16439075767993927 3 156 114
-9.923211097717285 2.7513554096221924 0.09346040338277817 3 156 114
-8.378499984741211 2.9949581623077393 -0.07330049574375153 3 156 114
-9.090347290039062 2.8827221393585205 -0.17012281715869904 3 156 114
-9.896915435791016 2.7472269535064697 -0.28187546133995056 3 156 114
-8.41811752319336 3.0129311084747314 -0.4000689387321472 3 156 114
-8.007270812988281 2.5437190532684326 -0.45663216710090637 3 156 114
-11.343375205993652 3.154712677001953 -0.7539545893669128 3 156 114
-7.507348537445068 2.6922800540924072 -0.6506609916687012 179 51 7
-8.680856704711914 2.761037826538086 -0.8288572430610657 179 51 7
-9.180717468261719 2.5551536083221436 -0.9610981941223145 179 51 7
-6.696065902709961 2.4058237075805664 -0.843769907951355 179 51 7
-7.052175045013428 2.246678352355957 -0.9490604400634766 179 51 7
-7.125850200653076 1.9872690439224243 -1.0217880010604858 179 51 7
-6.1986894607543945 2.2299318313598633 -1.0259357690811157 179 51 7
-6.195778846740723 1.9765880107879639 -1.0769853591918945 179 51 7
-5.84090518951416 1.6293609142303467 -1.066611886024475 179 51 7
-5.024467945098877 1.8105852603912354 -1.034459114074707 179 51 7
-5.1129021644592285 1.6337817907333374 -1.094292402267456 179 51 7
-5.082108974456787 1.4182631969451904 -1.1302731037139893 179 51 7
-4.502377510070801 1.6263558864593506 -1.1139076948165894 179 51 7
-13.448661804199219 3.724991798400879 2.71156644821167 178 215 34
-6.785776615142822 2.1538257598876953 1.1829484701156616 3 156 114
-15.377317428588867 4.274218559265137 2.49417781829834 178 215 34
-6.611888885498047 2.373206377029419 0.9732854962348938 3 156 114
-6.857774257659912 2.1819491386413574 0.9271308183670044 3 156 114
-15.526494026184082 4.326486110687256 1.9202454090118408 178 215 34
-7.3869147300720215 2.6556079387664795 0.7958272099494934 3 156 114
-7.524513244628906 2.3990046977996826 0.7261129021644592 3 156 114
-7.394896984100342 2.0660271644592285 0.6313883066177368 3 156 114
-17.212949752807617 6.194190979003906 1.1868377923965454 178 215 34
-6.29755163192749 2.0113303661346436 0.3647482097148895 3 156 114
-7.113801956176758 1.9915093183517456 0.33726438879966736 3 156 114
-6.406136989593506 2.308194637298584 0.1923414170742035 3 156 114
-8.364870071411133 2.675940990447998 0.16418515145778656 3 156 114
-9.926277160644531 2.7850282192230225 0.0935693085193634 3 156 114
-8.614763259887695 3.1092517375946045 -0.07545056939125061 3 156 114
-9.989797592163086 3.201718330383301 -0.18713867664337158 3 156 114
-9.908650398254395 2.7832541465759277 -0.2824515700340271 3 156 114
-8.461447715759277 3.0577566623687744 -0.4025721549987793 3 156 114
-8.580324172973633 2.7547736167907715 -0.4897914528846741 3 156 114
-9.874428749084473 2.778848886489868 -0.6568824648857117 3 156 114
-7.206663608551025 2.609429359436035 -0.6252915263175964 179 51 7
-8.394549369812012 2.698362112045288 -0.8023069500923157 179 51 7
-9.018646240234375 2.539884090423584 -0.944942831993103 179 51 7
-6.654112815856934 2.4138259887695312 -0.8394126892089844 179 51 7
-6.895129203796387 2.219970703125 -0.9288378953933716 179 51 7
-7.1263933181762695 2.011004686355591 -1.0227457284927368 179 51 7
-5.92991828918457 2.153813362121582 -0.9825408458709717 179 51 7
-6.222548961639404 2.0061824321746826 -1.0827035903930664 179 51 7
-5.8425140380859375 1.6491458415985107 -1.0678246021270752 179 51 7
-5.0124311447143555 1.8236420154571533 -1.0331279039382935 179 51 7
-5.0957441329956055 1.6455459594726562 -1.0916954278945923 179 51 7
-5.088084697723389 1.436771035194397 -1.1325770616531372 179 51 7
-4.483641147613525 1.6351556777954102 -1.1105080842971802 179 51 7
-14.086175918579102 4.51861047744751 2.458014965057373 178 215 34
-15.621880531311035 4.393870830535889 2.536020278930664 178 215 34
-6.623202323913574 2.4002301692962646 0.9760302305221558 3 156 114
-6.10985803604126 1.9646461009979248 0.826827883720398 3 156 114
-6.877317428588867 1.9391343593597412 0.851286768913269 3 156 114
-7.463836193084717 2.7091481685638428 0.8050059080123901 3 156 114
-13.509202003479004 4.35277795791626 1.3049157857894897 178 215 34
-7.085464000701904 2.003031015396118 0.6054902672767639 3 156 114
-15.871405601501465 5.766486644744873 1.0955524444580078 178 215 34
-6.317956924438477 2.039228916168213 0.36629071831703186 3 156 114
-12.868754386901855 3.6452205181121826 0.6106332540512085 3 156 114
-6.249664783477783 2.273503065109253 0.1878519505262375 3 156 114
-7.204541206359863 2.3291385173797607 0.14154988527297974 3 156 114
-7.300224781036377 2.0724141597747803 0.06887463480234146 3 156 114
-7.340572357177734 2.674851417541504 -0.06436240673065186 3 156 114
-7.851155757904053 2.5428736209869385 -0.14722098410129547 3 156 114
-9.8519868850708 2.7999765872955322 -0.28107988834381104 3 156 114
-8.457657814025879 3.0857558250427246 -0.40284034609794617 3 156 114
-8.620270729064941 2.796800374984741 -0.4925592243671417 3 156 114
-9.87065601348877 2.8104965686798096 -0.6572020053863525 3 156 114
-7.017019748687744 2.5651395320892334 -0.6095169186592102 179 51 7
-8.39380931854248 2.726564884185791 -0.8030319213867188 179 51 7
-9.006982803344727 2.5664501190185547 -0.9445413947105408 179 51 7
-6.640148639678955 2.4318385124206543 -0.838588297367096 179 51 7
-7.0486321449279785 2.293282985687256 -0.9504594802856445 179 51 7
-6.997313022613525 1.9977766275405884 -1.0050956010818481 179 51 7
-6.187673568725586 2.2689449787139893 -1.026397466659546 179 51 7
-6.051270484924316 1.9714765548706055 -1.053948998451233 179 51 7
-5.929287433624268 1.6932963132858276 -1.0846284627914429 179 51 7
-4.9994401931762695 1.836303472518921 -1.031606674194336 179 51 7
-5.083219528198242 1.6587400436401367 -1.090097427368164 179 51 7
-5.067669868469238 1.447808027267456 -1.1290162801742554 179 51 7
-4.476775646209717 1.6482306718826294 -1.110054850578308 179 51 7
-7.002161979675293 2.5570459365844727 1.3118711709976196 3 156 114
-13.009977340698242 4.217448711395264 2.2724673748016357 178 215 34
-16.127178192138672 4.589430809020996 2.6203224658966064 178 215 34
-6.70697021484375 2.453892469406128 0.9894794821739197 3 156 114
-6.000043869018555 1.9496663808822632 0.8127727508544922 3 156 114
-7.416573524475098 2.115767478942871 0.9188359975814819 3 156 114
-7.807666301727295 2.8610877990722656 0.84303218126297 3 156 114
-6.088395118713379 1.9823704957962036 0.5886906981468201 3 156 114
-13.64209270477295 3.9018001556396484 1.1668062210083008 178 215 34
-15.856450080871582 5.816183090209961 1.0957467555999756 178 215 34
-7.241951942443848 2.3620212078094482 0.42027851939201355 3 156 114
-7.661304950714111 2.1955642700195312 0.3638533055782318 3 156 114
-6.713697910308838 2.46565842628479 0.20202624797821045 3 156 114
-8.32833480834961 2.7206966876983643 0.16379263997077942 3 156 114
-7.288065433502197 2.0931448936462402 0.06882017850875854 3 156 114
-7.241299152374268 2.6638712882995605 -0.06356333941221237 3 156 114
-8.633920669555664 2.8256959915161133 -0.16206079721450806 3 156 114
-9.600292205810547 2.7603042125701904 -0.27413931488990784 3 156 114
-7.148868560791016 2.633127212524414 -0.34088554978370667 3 156 114
-8.660989761352539 2.839409351348877 -0.49538129568099976 3 156 114
-11.637989044189453 3.3523471355438232 -0.7755545973777771 3 156 114
-6.810887336730957 2.513500452041626 -0.5922787189483643 179 51 7
-8.627636909484863 2.831810712814331 -0.8262293934822083 179 51 7
-9.157767295837402 2.6398181915283203 -0.9611985683441162 179 51 7
-6.631725311279297 2.4518544673919678 -0.8384705781936646 179 51 7
-6.617542743682861 2.1755013465881348 -0.8932258486747742 179 51 7
-6.9369049072265625 2.0035667419433594 -0.9972968101501465 179 51 7
-6.189023017883301 2.2910048961639404 -1.0277823209762573 179 51 7
-6.041445732116699 1.9887984991073608 -1.053295612335205 179 51 7
-5.868239879608154 1.6953511238098145 -1.0744074583053589 179 51 7
-4.975372791290283 1.8448066711425781 -1.0278035402297974 179 51 7
-5.060425758361816 1.6684976816177368 -1.0863019227981567 179 51 7
-4.9880547523498535 1.44162917137146 -1.112259030342102 179 51 7
-4.426962852478027 1.6453311443328857 -1.098949909210205 179 51 7
-14.863134384155273 4.264444351196289 3.0045440196990967 178 215 34
-7.376891136169434 2.4164047241210938 1.2898186445236206 3 156 114
-16.533626556396484 4.759977340698242 2.6887218952178955 178 215 34
-6.640871524810791 2.452836036682129 0.9808335304260254 3 156 114
-15.709251403808594 5.157933235168457 2.130126476287842 178 215 34
-7.417680263519287 2.140714168548584 0.9197824597358704 3 156 114
-6.220046043395996 2.300980567932129 0.672368049621582 3 156 114
-6.110662460327148 2.010376214981079 0.5914373397827148 3 156 114
-13.621441841125488 3.9411420822143555 1.16606867313385 178 215 34
-6.8482346534729 2.5358123779296875 0.4737769365310669 3 156 114
-10.29487419128418 3.3927359580993652 0.5980526804924011 3 156 114
-7.196873188018799 2.0863821506500244 0.34209874272346497 3 156 114
-6.71172571182251 2.4883289337158203 0.2021956741809845 3 156 114
-7.942071437835693 2.6215057373046875 0.15635347366333008 3 156 114
-7.276808738708496 2.1140997409820557 0.06877480447292328 3 156 114
-7.18528413772583 2.668320655822754 -0.06314320862293243 3 156 114
-7.405378818511963 2.4487991333007812 -0.13914114236831665 3 156 114
-9.821183204650879 2.856466054916382 -0.2806958258152008 3 156 114
-8.01064395904541 2.978485345840454 -0.38241225481033325 3 156 114
-8.25981616973877 2.7359817028045654 -0.47291332483291626 3 156 114
-8.896072387695312 2.592115879058838 -0.5933606624603271 3 156 114
-6.698537349700928 2.495414972305298 -0.5831717252731323 179 51 7
-8.380702018737793 2.779270887374878 -0.8033943772315979 179 51 7
-8.973873138427734 2.616654634475708 -0.9427351951599121 179 51 7
-6.64463996887207 2.479827642440796 -0.8410613536834717 179 51 7
-6.789686679840088 2.2551984786987305 -0.9173911213874817 179 51 7
-6.9221673011779785 2.022339344024658 -0.9960653781890869 179 51 7
-6.172708988189697 2.306523084640503 -1.0262434482574463 179 51 7
-6.027826309204102 2.0048329830169678 -1.0519884824752808 179 51 7
-5.857338905334473 1.7116891145706177 -1.0733680725097656 179 51 7
-5.067368030548096 1.6880407333374023 -1.088898777961731 179 51 7
-4.977038860321045 1.4550049304962158 -1.110792875289917 179 51 7
-17.28883934020996 5.017872333526611 3.4979894161224365 178 215 34
-7.39893102645874 2.753507614135742 1.3893460035324097 3 156 114
-7.360077857971191 2.4359257221221924 1.2881795167922974 3 156 114
-13.680729866027832 3.984128713607788 2.226757049560547 178 215 34
-6.616608619689941 2.4669694900512695 0.9783632755279541 3 156 114
-17.987438201904297 5.9671430587768555 2.4415128231048584 178 215 34
-15.493203163146973 4.5228166580200195 1.922848105430603 178 215 34
-7.405032157897949 2.7651989459991455 0.8013747334480286 3 156 114
-7.628691673278809 2.535764217376709 0.7391135096549988 3 156 114
-7.547854900360107 2.2089662551879883 0.6467140316963196 3 156 114
-6.848835468292236 2.55995512008667 0.47435957193374634 3 156 114
-7.454686164855957 2.4821157455444336 0.4335000514984131 3 156 114
-7.142508506774902 2.09439754486084 0.3398183584213257 3 156 114
-6.514013290405273 2.437786102294922 0.19646382331848145 3 156 114
-8.122736930847168 2.708803176879883 0.16007304191589355 3 156 114
-7.243424892425537 2.1285207271575928 0.068520687520504 3 156 114
-7.16114616394043 2.684385299682617 -0.06300316005945206 3 156 114
-7.624478340148926 2.547226667404175 -0.1434040069580078 3 156 114
-10.063629150390625 2.9604973793029785 -0.28788331151008606 3 156 114
-8.31387996673584 2.78222393989563 -0.4764951765537262 3 156 114
-9.494017601013184 2.7979722023010254 -0.633812665939331 3 156 114
-8.078459739685059 2.7065773010253906 -0.7752130627632141 179 51 7
-8.945762634277344 2.638263463973999 -0.9406279921531677 179 51 7
-6.767690658569336 2.2709696292877197 -0.9153562188148499 179 51 7
-6.887430667877197 2.0351455211639404 -0.9919607639312744 179 51 7
-6.03941535949707 2.029287099838257 -1.055092692375183 179 51 7
-5.888895034790039 1.740538239479065 -1.0801242589950562 179 51 7
-5.040806293487549 1.696391224861145 -1.0843043327331543 179 51 7
-5.0438151359558105 1.4913384914398193 -1.1267120838165283 179 51 7
-16.55564308166504 4.8601908683776855 3.3526453971862793 178 215 34
-7.435624599456787 2.7931644916534424 1.3978387117385864 3 156 114
-6.883853912353516 2.3017690181732178 1.2060599327087402 3 156 114
-6.90530252456665 2.033978223800659 1.1249583959579468 3 156 114
-6.639602184295654 2.4987707138061523 0.9828920960426331 3 156 114
-6.541379928588867 2.192333698272705 0.8887984752655029 3 156 114
-15.50401496887207 4.577638149261475 1.9259238243103027 178 215 34
-6.2973952293396 2.114720106124878 0.6107551455497742 3 156 114
-7.804802417755127 2.3101840019226074 0.6693339347839355 3 156 114
-7.466909885406494 2.511659622192383 0.43465691804885864 3 156 114
-7.128387451171875 2.1140284538269043 0.3394535183906555 3 156 114
-8.175028800964355 2.7541399002075195 0.16126929223537445 3 156 114
-7.254114151000977 2.1558609008789062 0.06868404895067215 3 156 114
-7.589155673980713 2.5613343715667725 -0.14288675785064697 3 156 114
-11.647850036621094 3.4654033184051514 -0.3335046172142029 3 156 114
-8.332736015319824 2.816991090774536 -0.4780689775943756 3 156 114
-10.052522659301758 2.9961185455322266 -0.6717085242271423 3 156 114
-8.070117950439453 2.731348752975464 -0.7752130627632141 179 51 7
-7.545591831207275 2.250514030456543 -0.7941252589225769 179 51 7
-6.665814399719238 2.2595605850219727 -0.902510404586792 179 51 7
-6.884951114654541 2.057400703430176 -0.9925079941749573 179 51 7
-6.054648399353027 2.0550994873046875 -1.0588504076004028 179 51 7
-5.904287338256836 1.7648022174835205 -1.0839354991912842 179 51 7
-4.997541904449463 1.6989178657531738 -1.0761140584945679 179 51 7
-5.034532070159912 1.5054049491882324 -1.1256647109985352 179 51 7
-6.459929943084717 2.1820778846740723 1.1329554319381714 3 156 114
-13.384268760681152 3.9870433807373047 2.1824440956115723 178 215 34
-7.001516342163086 2.3704655170440674 0.9523023962974548 3 156 114
-7.426207065582275 2.217417001724243 0.9233314394950867 3 156 114
-7.658254146575928 2.5978803634643555 0.7435081005096436 3 156 114
-13.573134422302246 4.06291389465332 1.1650851964950562 178 215 34
-7.445933818817139 2.5300586223602295 0.4338856637477875 3 156 114
-15.690500259399414 4.705668926239014 0.7478649616241455 178 215 34
-8.457120895385742 2.8780970573425293 0.16700755059719086 3 156 114
-9.19819164276123 2.764364242553711 0.0871710255742073 3 156 114
-8.385663986206055 2.858842372894287 -0.1580476313829422 3 156 114
-9.888287544250488 2.9749603271484375 -0.2833842933177948 3 156 114
-8.324999809265137 2.842864990234375 -0.478123277425766 3 156 114
-8.880437850952148 2.6764750480651855 -0.5939357876777649 3 156 114
-8.326498031616211 2.8466222286224365 -0.8006759285926819 179 51 7
-8.280705451965332 2.4974560737609863 -0.8722935318946838 179 51 7
-6.613807678222656 2.264577865600586 -0.8964055180549622 179 51 7
-6.850159168243408 2.069917678833008 -0.9884033799171448 179 51 7
-6.056714057922363 2.076544761657715 -1.0603207349777222 179 51 7
-5.9158148765563965 1.7880369424819946 -1.087053656578064 179 51 7
-5.032155990600586 1.7279255390167236 -1.084703803062439 179 51 7
-5.064520835876465 1.531314730644226 -1.1334149837493896 179 51 7
-6.425196647644043 2.1923298835754395 1.1280381679534912 3 156 114
-13.550771713256836 4.081946849822998 2.211625576019287 178 215 34
-6.509974479675293 2.226331949234009 0.8863707780838013 3 156 114
-17.654390335083008 5.330532073974609 2.1970672607421875 178 215 34
-16.99709701538086 5.824068546295166 1.651904582977295 178 215 34
-7.161861896514893 2.1677589416503906 0.6153249740600586 3 156 114
-7.439080715179443 2.5532147884368896 0.4339407682418823 3 156 114
-15.696064949035645 4.7598724365234375 0.7488226890563965 178 215 34
-8.426505088806152 2.8965542316436768 0.16657766699790955 3 156 114
-9.269078254699707 2.8167026042938232 0.0879243016242981 3 156 114
-8.162257194519043 2.810659885406494 -0.15399879217147827 3 156 114
-9.875287055969238 3.0041191577911377 -0.2832745313644409 3 156 114
-8.3785400390625 2.889880895614624 -0.4817051291465759 3 156 114
-8.821589469909668 2.688288927078247 -0.5905487537384033 3 156 114
-8.327138900756836 2.8754048347473145 -0.8015820980072021 179 51 7
-8.995333671569824 2.7431230545043945 -0.9484548568725586 179 51 7
-6.609641075134277 2.285830497741699 -0.8967870473861694 179 51 7
-6.805881977081299 2.0793464183807373 -0.9829304814338684 179 51 7
-6.078282356262207 2.1048014163970947 -1.065222144126892 179 51 7
-5.931964874267578 1.812798261642456 -1.0910381078720093 179 51 7
-4.982395172119141 1.7279449701309204 -1.0751153230667114 179 51 7
-4.95693826675415 1.51539945602417 -1.110373854637146 179 51 7
-6.462274551391602 2.2271385192871094 1.135741949081421 3 156 114
-6.804062843322754 2.072401762008667 1.1115256547927856 3 156 114
-6.990589141845703 2.4146766662597656 0.952813446521759 3 156 114
-11.58642292022705 3.537205219268799 1.4432599544525146 178 215 34
-6.19485330581665 2.143930673599243 0.6026983857154846 3 156 114
-7.8966169357299805 2.4166259765625 0.6790866255760193 3 156 114
-6.201010704040527 2.1495766639709473 0.3621039390563965 3 156 114
-15.741558074951172 4.82645320892334 0.7516959309577942 178 215 34
-7.294541835784912 2.5324997901916504 0.14435359835624695 3 156 114
-9.131351470947266 2.8054802417755127 0.08669909089803696 3 156 114
-8.360410690307617 2.9076149463653564 -0.15790493786334991 3 156 114
-8.838911056518555 2.7185022830963135 -0.2537839412689209 3 156 114
-8.310229301452637 2.8948781490325928 -0.47828611731529236 3 156 114
-8.443258285522461 2.601332187652588 -0.5657535195350647 3 156 114
-7.8001484870910645 2.7202446460723877 -0.7516530752182007 179 51 7
-8.20532512664795 2.5297508239746094 -0.8659717440605164 179 51 7
-6.609152317047119 2.308387279510498 -0.8976773619651794 179 51 7
-6.788112640380859 2.0967085361480713 -0.9812886118888855 179 51 7
-6.022439956665039 2.1061782836914062 -1.056563138961792 179 51 7
-5.9489593505859375 1.8379662036895752 -1.0951958894729614 179 51 7
-4.9779953956604 1.743546485900879 -1.0753151178359985 179 51 7
-4.908357620239258 1.5170292854309082 -1.1005289554595947 179 51 7
-7.425260066986084 2.5845322608947754 1.3063737154006958 3 156 114
-7.282073974609375 2.2424325942993164 1.1907328367233276 3 156 114
-6.872646331787109 2.3975629806518555 0.9377360343933105 3 156 114
-6.724236488342285 2.0754077434539795 0.8383920192718506 3 156 114
-7.51839542388916 2.6278417110443115 0.732246994972229 3 156 114
-6.05064582824707 1.872018575668335 0.5208297967910767 3 156 114
-6.453546524047852 2.2593202590942383 0.37725356221199036 3 156 114
-7.8986430168151855 2.448305606842041 0.37753546237945557 3 156 114
-7.272584915161133 2.5499050617218018 0.1440732181072235 3 156 114
-8.839079856872559 2.745389461517334 0.08400364220142365 3 156 114
-7.88355016708374 2.768911600112915 -0.14905811846256256 3 156 114
-8.289299964904785 2.577326536178589 -0.23822933435440063 3 156 114
-8.444482803344727 2.9707281589508057 -0.4865351915359497 3 156 114
-10.771531105041504 3.3548808097839355 -0.7224493026733398 3 156 114
-7.495876312255859 2.639953851699829 -0.7231093049049377 179 51 7
-8.113935470581055 2.528860330581665 -0.8571414947509766 179 51 7
-6.6291656494140625 2.3382210731506348 -0.9013657569885254 179 51 7
-6.746662139892578 2.106600046157837 -0.9762261509895325 179 51 7
-6.003856658935547 2.1203742027282715 -1.0544391870498657 179 51 7
-5.976195812225342 1.8664849996566772 -1.1012591123580933 179 51 7
-4.96061372756958 1.7545629739761353 -1.0727181434631348 179 51 7
-4.897147178649902 1.5300395488739014 -1.0990628004074097 179 51 7
-7.4089202880859375 2.604356288909912 1.3048985004425049 3 156 114
-5.97804594039917 1.860970377922058 0.9784328937530518 3 156 114
-6.875548362731934 2.422261953353882 0.939141571521759 3 156 114
-7.253406524658203 2.2631301879882812 0.9052315354347229 3 156 114
-7.449261665344238 2.629351854324341 0.7262960076332092 3 156 114
-15.301947593688965 4.7857818603515625 1.3184245824813843 178 215 34
-6.6894612312316895 2.3649747371673584 0.3914666771888733 3 156 114
-7.504070281982422 2.35125994682312 0.3590189516544342 3 156 114
-6.340143203735352 2.2448394298553467 0.12573696672916412 3 156 114
-7.376654624938965 2.3160033226013184 0.07017244398593903 3 156 114
-7.717649936676025 2.7372701168060303 -0.14607946574687958 3 156 114
-8.875467300415039 2.7894697189331055 -0.2553201913833618 3 156 114
-8.355350494384766 2.9682095050811768 -0.4819222092628479 3 156 114
-8.158702850341797 2.5685794353485107 -0.5477322340011597 3 156 114
-7.825534343719482 2.7830708026885986 -0.7557307481765747 179 51 7
-8.10898494720459 2.554638147354126 -0.8574424982070923 179 51 7
-6.623829364776611 2.3592135906219482 -0.901620090007782 179 51 7
-6.743001461029053 2.128183126449585 -0.9766366481781006 179 51 7
-5.9564361572265625 2.1242024898529053 -1.0472506284713745 179 51 7
-6.010826110839844 1.8975601196289062 -1.108708143234253 179 51 7
-4.946902275085449 1.7668075561523438 -1.0709202289581299 179 51 7
-5.050009727478027 1.5948212146759033 -1.1344623565673828 179 51 7
-18.323551177978516 5.747587203979492 3.7314560413360596 178 215 34
-7.335819721221924 2.6039745807647705 1.2934247255325317 3 156 114
-7.189953804016113 2.2624576091766357 1.1779175996780396 3 156 114
-6.787723541259766 2.4147555828094482 0.9281530380249023 3 156 114
-14.814838409423828 4.672290802001953 1.8506851196289062 178 215 34
-7.422399997711182 2.6455068588256836 0.7244649529457092 3 156 114
-6.330781936645508 2.001335382461548 0.5459902286529541 3 156 114
-6.444263458251953 2.3005542755126953 0.37752899527549744 3 156 114
-7.459680080413818 2.3625082969665527 0.3572402894496918 3 156 114
-6.2042460441589355 2.2181665897369385 0.12317624688148499 3 156 114
-7.273249626159668 2.308075189590454 0.06925581395626068 3 156 114
-8.398244857788086 3.007699489593506 -0.15913565456867218 3 156 114
-9.085038185119629 2.885991096496582 -0.26160237193107605 3 156 114
-7.63001012802124 2.736926317214966 -0.44056805968284607 3 156 114
-8.10418701171875 2.578770399093628 -0.5446008443832397 3 156 114
-6.805628299713135 2.4438977241516113 -0.6579569578170776 179 51 7
-8.136188507080078 2.5906736850738525 -0.8611552715301514 179 51 7
-6.600693702697754 2.3738179206848145 -0.8994579911231995 179 51 7
-6.708127975463867 2.13982892036438 -0.9725319743156433 179 51 7
-5.9090495109558105 2.127760171890259 -1.0400619506835938 179 51 7
-5.950556755065918 1.89862859249115 -1.0986605882644653 179 51 7
-4.919337272644043 1.7739986181259155 -1.0661261081695557 179 51 7
-4.991996765136719 1.593359351158142 -1.1225228309631348 179 51 7
-7.325939178466797 2.625802755355835 1.293096899986267 3 156 114
-6.752697467803955 2.1476569175720215 1.1073569059371948 3 156 114
-6.655206203460693 2.390639305114746 0.911031186580658 3 156 114
-7.224246501922607 2.3027684688568115 0.9033387303352356 3 156 114
-6.312371253967285 2.2717185020446777 0.616797685623169 3 156 114
-7.722064971923828 2.467242479324341 0.6666293740272522 3 156 114
-6.099958896636963 2.1987626552581787 0.35775184631347656 3 156 114
-6.387768745422363 2.04461407661438 0.30620595812797546 3 156 114
-7.056961536407471 2.5474777221679688 0.14026017487049103 3 156 114
-7.556550979614258 2.423520088195801 0.07202386856079102 3 156 114
-8.342905044555664 3.0167908668518066 -0.15826165676116943 3 156 114
-8.342321395874023 2.6782608032226562 -0.24045142531394958 3 156 114
-6.197343826293945 2.244504451751709 -0.35823971033096313 3 156 114
-8.78691577911377 2.825732946395874 -0.5910600423812866 3 156 114
-6.460113048553467 2.3422231674194336 -0.6252448558807373 179 51 7
-8.201129913330078 2.6390910148620605 -0.8688817620277405 179 51 7
-6.579394340515137 2.388979434967041 -0.8975501656532288 179 51 7
-6.692103862762451 2.1573598384857178 -0.971163809299469 179 51 7
-5.782886505126953 2.1023950576782227 -1.0189862251281738 179 51 7
-5.875339031219482 1.8945090770721436 -1.0858410596847534 179 51 7
-4.899139404296875 1.7837189435958862 -1.0629298686981201 179 51 7
-4.992668628692627 1.6104682683944702 -1.1237796545028687 179 51 7
-6.964432716369629 2.5203678607940674 1.2306467294692993 3 156 114
-14.22677230834961 4.572853088378906 2.3353002071380615 178 215 34
-6.619869232177734 2.4009013175964355 0.9071980118751526 3 156 114
-6.023426055908203 1.9403775930404663 0.7539258003234863 3 156 114
-6.80141544342041 2.4713125228881836 0.6653211712837219 3 156 114
-6.949082851409912 2.2437894344329834 0.600490927696228 3 156 114
-6.263950824737549 2.2796130180358887 0.36777815222740173 3 156 114
-6.335843563079834 2.0494444370269775 0.3040168285369873 3 156 114
-6.604785442352295 2.407176971435547 0.13141915202140808 3 156 114
-8.611620903015137 2.7910664081573486 0.0821612998843193 3 156 114
-7.2600932121276855 2.650460720062256 -0.1378747522830963 3 156 114
-8.575577735900879 2.782196521759033 -0.24741943180561066 3 156 114
-5.886580944061279 2.1524062156677246 -0.3406560719013214 3 156 114
-8.967076301574707 2.914055585861206 -0.6037772297859192 3 156 114
-6.8045334815979 2.4907453060150146 -0.6593162417411804 179 51 7
-7.664078712463379 2.492243766784668 -0.812789261341095 179 51 7
-6.521745204925537 2.390718698501587 -0.8906821012496948 179 51 7
-6.64212703704834 2.163766622543335 -0.9648699760437012 179 51 7
-5.919036388397217 2.172475576400757 -1.0441464185714722 179 51 7
-5.814250469207764 1.894523024559021 -1.075620174407959 179 51 7
-4.880768775939941 1.7940083742141724 -1.0601332187652588 179 51 7
-4.970970153808594 1.6203233003616333 -1.120009183883667 179 51 7
-6.3442063331604 2.317950487136841 1.1223012208938599 3 156 114
-7.086134433746338 2.3016769886016846 1.1643304824829102 3 156 114
-6.6366868019104 2.430065870285034 0.9105201363563538 3 156 114
-15.981683731079102 5.202489376068115 2.002345561981201 178 215 34
-6.908792495727539 2.5343494415283203 0.6765823364257812 3 156 114
-6.161445140838623 2.010363817214966 0.5329592823982239 3 156 114
-15.88224983215332 5.835201263427734 0.9335483312606812 178 215 34
-6.429225921630859 2.1014609336853027 0.30880555510520935 3 156 114
-6.728735446929932 2.4757633209228516 0.13403594493865967 3 156 114
-8.589713096618652 2.8131163120269775 0.08203423768281937 3 156 114
-7.247236728668213 2.6709930896759033 -0.13778556883335114 3 156 114
-8.681937217712402 2.8461720943450928 -0.25073885917663574 3 156 114
-8.19933032989502 3.0266051292419434 -0.475029855966568 3 156 114
-8.702094078063965 2.857490062713623 -0.5865227580070496 3 156 114
-6.559586048126221 2.4239308834075928 -0.6362999677658081 179 51 7
-8.137520790100098 2.673833131790161 -0.863864541053772 179 51 7
-6.500426769256592 2.405552387237549 -0.8887743353843689 179 51 7
-6.509372234344482 2.142631769180298 -0.9465357661247253 179 51 7
-6.006704330444336 2.2255868911743164 -1.060810923576355 179 51 7
-5.541798114776611 1.8245729207992554 -1.0262479782104492 179 51 7
-4.861462116241455 1.8038609027862549 -1.0571367740631104 179 51 7
-4.871243953704834 1.6043661832809448 -1.0986438989639282 179 51 7
-15.353524208068848 5.66309118270874 2.719125986099243 178 215 34
-7.589714050292969 2.491014242172241 1.2483240365982056 3 156 114
-6.643154621124268 2.455573558807373 0.9124367237091064 3 156 114
-6.090641021728516 2.0033621788024902 0.7638630270957947 3 156 114
-6.779587268829346 2.510578155517578 0.6646803021430969 3 156 114
-6.110761642456055 2.0145909786224365 0.5291073322296143 3 156 114
-16.26776123046875 6.0335493087768555 0.9572919607162476 178 215 34
-6.287103176116943 2.0763773918151855 0.30228373408317566 3 156 114
-6.71360969543457 2.493610143661499 0.1338864117860794 3 156 114
-7.2946929931640625 2.413804531097412 0.06973681598901749 3 156 114
-7.187468528747559 2.674039840698242 -0.13680458068847656 3 156 114
-8.612433433532715 2.8526785373687744 -0.24898312985897064 3 156 114
-8.169421195983887 3.0440754890441895 -0.47383588552474976 3 156 114
-8.353245735168457 2.7713589668273926 -0.5635807514190674 3 156 114
-6.573579788208008 2.452049493789673 -0.6383841037750244 179 51 7
-8.121725082397461 2.6962783336639404 -0.8630618453025818 179 51 7
-6.575711727142334 2.4563751220703125 -0.9000938534736633 179 51 7
-6.56386661529541 2.1829113960266113 -0.955429196357727 179 51 7
-5.969354629516602 2.232599973678589 -1.0554194450378418 179 51 7
-5.585704803466797 1.8580422401428223 -1.0354294776916504 179 51 7
-4.932172775268555 1.641223430633545 -1.113515853881836 179 51 7
-6.413991451263428 2.388157844543457 1.1372171640396118 3 156 114
-6.755843162536621 2.2403125762939453 1.1122976541519165 3 156 114
-6.657891273498535 2.4842641353607178 0.9155033230781555 3 156 114
-18.007455825805664 5.984382629394531 2.2607128620147705 178 215 34
-6.91736364364624 2.585758924484253 0.6789627075195312 3 156 114
-14.748885154724121 4.912618637084961 1.2783482074737549 178 215 34
-16.138832092285156 6.04211950302124 0.9507913589477539 178 215 34
-7.172396659851074 2.393183708190918 0.3452000021934509 3 156 114
-6.582350730895996 2.4678637981414795 0.13141915202140808 3 156 114
-7.760488510131836 2.5943782329559326 0.07426553964614868 3 156 114
-8.543920516967773 2.859102964401245 -0.2472548484802246 3 156 114
-8.352273941040039 2.7995107173919678 -0.5640919804573059 3 156 114
-8.080398559570312 2.710109233856201 -0.8595497012138367 179 51 7
-6.554321765899658 2.202092409133911 -0.9550187587738037 179 51 7
-5.6303911209106445 1.8921115398406982 -1.0447841882705688 179 51 7
-4.942870616912842 1.6616442203521729 -1.1170767545700073 179 51 7
-6.2588887214660645 2.3522965908050537 1.110991358757019 3 156 114
-6.470699310302734 2.1678130626678467 1.0664409399032593 3 156 114
-6.452887535095215 2.1664814949035645 0.8109464645385742 3 156 114
-14.649676322937012 4.929555892944336 1.2710541486740112 178 215 34
-7.405464172363281 2.496225595474243 0.35678422451019287 3 156 114
-8.273557662963867 2.794149160385132 0.07925711572170258 3 156 114
-7.751010894775391 2.620236873626709 -0.22454021871089935 3 156 114
-8.442895889282227 2.85872745513916 -0.5708020329475403 3 156 114
-6.743352890014648 2.284712791442871 -0.7180641889572144 179 51 7
-6.550349235534668 2.2231454849243164 -0.955429196357727 179 51 7
-5.601244926452637 1.9014617204666138 -1.0404534339904785 179 51 7
-4.9136762619018555 1.6686259508132935 -1.1116306781768799 179 51 7
-6.464953899383545 2.187971353530884 1.0665953159332275 3 156 114
-6.218641757965088 2.1090872287750244 0.7823178172111511 3 156 114
-7.152581214904785 2.4312682151794434 0.6212257742881775 3 156 114
-7.421411991119385 2.5269832611083984 0.3579244017601013 3 156 114
-8.206268310546875 2.799501657485962 0.0786944255232811 3 156 114
-7.555629730224609 2.5800442695617676 -0.219108447432518 3 156 114
-8.385929107666016 2.8681459426879883 -0.5675429105758667 3 156 114
-8.013726234436035 2.7425642013549805 -0.8542314767837524 179 51 7
-6.547245979309082 2.244516134262085 -0.9559765458106995 179 51 7
-5.475203990936279 1.8774276971817017 -1.0181059837341309 179 51 7
-4.894660472869873 1.6789342164993286 -1.10848867893219 179 51 7
-15.987530708312988 5.465476036071777 2.640394687652588 178 215 34
-6.4695329666137695 2.2163329124450684 0.8147320747375488 3 156 114
-6.376850128173828 2.1894328594207764 0.5544317364692688 3 156 114
-7.402288436889648 2.5458412170410156 0.3573771119117737 3 156 114
-7.311792850494385 2.51942777633667 0.07019059360027313 3 156 114
-8.199725151062012 2.8281049728393555 -0.23803730309009552 3 156 114
-8.427082061767578 2.911129951477051 -0.5709298253059387 3 156 114
-7.887729644775391 2.726505994796753 -0.8416884541511536 179 51 7
-6.54875373840332 2.2675092220306396 -0.9572079181671143 179 51 7
-5.593194484710693 1.9370837211608887 -1.0411462783813477 179 51 7
-4.898725509643555 1.697143793106079 -1.1105833053588867 179 51 7
-6.661535263061523 2.3001532554626465 1.1013352870941162 3 156 114
-6.472086429595947 2.239417552947998 0.815915048122406 3 156 114
-6.188369274139404 2.145965814590454 0.5386142134666443 3 156 114
-8.841058731079102 3.0710365772247314 0.42729276418685913 3 156 114
-7.293641090393066 2.5382330417633057 0.07009077072143555 3 156 114
-7.723734378814697 2.6904778480529785 -0.22445790469646454 3 156 114
-8.22683334350586 2.8702356815338135 -0.5579570531845093 3 156 114
-7.903750896453857 2.759218692779541 -0.8442974090576172 179 51 7
-6.552987098693848 2.291513681411743 -0.9588497877120972 179 51 7
-5.45149564743042 1.906760334968567 -1.0158538818359375 179 51 7
-4.923953056335449 1.7228214740753174 -1.1174956560134888 179 51 7
-6.245832443237305 2.1780850887298584 1.033708095550537 3 156 114
-6.466123104095459 2.2595908641815186 0.8160333037376404 3 156 114
-6.1930437088012695 2.1688942909240723 0.5395976901054382 3 156 114
-6.206342697143555 2.1772007942199707 0.3002770245075226 3 156 114
-7.2792158126831055 2.558276653289795 0.07002723962068558 3 156 114
-8.449080467224121 2.9722418785095215 -0.24580088257789612 3 156 114
-8.082450866699219 2.847707509994507 -0.5487547516822815 3 156 114
-7.903693675994873 2.786431312561035 -0.8452004790306091 179 51 7
-6.556200981140137 2.3152356147766113 -0.9603548645973206 179 51 7
-5.606276988983154 1.9802228212356567 -1.045823574066162 179 51 7
-4.913113117218018 1.7359654903411865 -1.1162389516830444 179 51 7
-15.131382942199707 5.328833103179932 2.506993055343628 178 215 34
-15.457788467407227 5.455006122589111 1.9528963565826416 178 215 34
-6.181662559509277 2.186222791671753 0.5391879081726074 3 156 114
-6.420915126800537 2.274620532989502 0.3109946846961975 3 156 114
-8.8064546585083 3.1254119873046875 0.08481136709451675 3 156 114
-7.772075653076172 2.7609076499938965 -0.226350799202919 3 156 114
-8.05675220489502 2.866469144821167 -0.5476044416427612 3 156 114
-6.423503875732422 2.286773920059204 -0.6876598596572876 179 51 7
-6.57985782623291 2.346318483352661 -0.9648699760437012 179 51 7
-5.611307144165039 2.0013837814331055 -1.0479024648666382 179 51 7
-4.8442182540893555 1.7283580303192139 -1.1017857789993286 179 51 7
-6.422253131866455 2.2839016914367676 1.065205693244934 3 156 114
-7.21913480758667 2.5725438594818115 0.9130393266677856 3 156 114
-7.5461931228637695 2.6948816776275635 0.658925473690033 3 156 114
-6.464698314666748 2.3124775886535645 0.3134574890136719 3 156 114
-8.629265785217285 3.0923690795898438 0.08319591730833054 3 156 114
-7.511401176452637 2.6942880153656006 -0.2189987152814865 3 156 114
-7.667548179626465 2.7545268535614014 -0.5217227935791016 3 156 114
-6.7666335105896 2.432344913482666 -0.7251886129379272 179 51 7
-6.569831848144531 2.3654873371124268 -0.9644594788551331 179 51 7
-5.532864093780518 1.9925603866577148 -1.0343900918960571 179 51 7
-4.83245325088501 1.740891933441162 -1.100319504737854 179 51 7
-6.438462734222412 2.311941623687744 1.0690656900405884 3 156 114
-6.970149517059326 2.507944107055664 0.88251793384552 3 156 114
-15.914885520935059 5.7386064529418945 1.3912014961242676 178 215 34
-8.352659225463867 3.016753673553467 0.40544697642326355 3 156 114
-6.32352352142334 2.2880029678344727 0.061033330857753754 3 156 114
-7.489941120147705 2.712554693222046 -0.21861465275287628 3 156 114
-7.659998893737793 2.7783777713775635 -0.5217866897583008 3 156 114
-6.617915153503418 2.401838541030884 -0.7100366353988647 179 51 7
-6.562543869018555 2.385632276535034 -0.9644594788551331 179 51 7
-5.401769638061523 1.9640917778015137 -1.0110032558441162 179 51 7
-4.802278518676758 1.746685266494751 -1.0946639776229858 179 51 7
-6.697918891906738 2.4283320903778076 1.1133785247802734 3 156 114
-6.786028861999512 2.465235710144043 0.8601592183113098 3 156 114
-6.830881595611572 2.4867944717407227 0.5977863669395447 3 156 114
-7.090452194213867 2.5854971408843994 0.34456151723861694 3 156 114
-6.32398796081543 2.3101372718811035 0.06110593304038048 3 156 114
-8.497405052185059 3.1069390773773193 -0.2482973039150238 3 156 114
-7.472452640533447 2.7363226413726807 -0.5095807909965515 3 156 114
-6.677778720855713 2.4467766284942627 -0.7172614336013794 179 51 7
-6.597041606903076 2.4211127758026123 -0.9706164598464966 179 51 7
-5.509438991546631 2.0223991870880127 -1.032311201095581 179 51 7
-4.789554119110107 1.7587138414382935 -1.0929882526397705 179 51 7
-6.682086944580078 2.4458131790161133 1.1119887828826904 3 156 114
-6.423243999481201 2.3557748794555664 0.8150869607925415 3 156 114
-6.859703063964844 2.521148204803467 0.600982666015625 3 156 114
-15.863645553588867 5.839799404144287 0.7717630863189697 178 215 34
-8.589180946350098 3.1675078868865967 0.0830870121717453 3 156 114
-8.744784355163574 3.2278389930725098 -0.25581398606300354 3 156 114
-5.890531063079834 2.1775600910186768 -0.4021559953689575 3 156 114
-6.650644302368164 2.460003614425659 -0.715154230594635 179 51 7
-6.593298435211182 2.4427173137664795 -0.971163809299469 179 51 7
-5.543842792510986 2.0543501377105713 -1.039933681488037 179 51 7
-4.7795515060424805 1.771700382232666 -1.091940999031067 179 51 7
-6.390035629272461 2.361171007156372 1.0645880699157715 3 156 114
-6.767980575561523 2.505793333053589 0.8598043322563171 3 156 114
-6.839788436889648 2.537674903869629 0.5999172329902649 3 156 114
-6.13618803024292 2.280283212661743 0.2988632321357727 3 156 114
-6.134451389312744 2.2836596965789795 0.059408798813819885 3 156 114
-7.2117462158203125 2.687138795852661 -0.21120770275592804 3 156 114
-6.971202850341797 2.601391553878784 -0.47647783160209656 3 156 114
-6.598325252532959 2.463690757751465 -0.7103376984596252 179 51 7
-6.554226398468018 2.4511361122131348 -0.9665117859840393 179 51 7
-15.371393203735352 5.733515739440918 2.563812255859375 178 215 34
-6.647714138031006 2.484482526779175 0.845490038394928 3 156 114
-6.610772132873535 2.4758055210113525 0.580493688583374 3 156 114
-6.307809829711914 2.366109848022461 0.30757418274879456 3 156 114
-15.349106788635254 5.778906345367432 2.563040018081665 178 215 34
