ply
format ascii 1.0
element vertex 5159
property float x
property float y
property float z
property uchar red
property uchar green
property uchar blue
end_header
63.025307 62.862854 1.456504 6 9 13
64.063423 63.457489 4.631219 3 8 12
41.725395 41.090286 -1.088109 190 173 139
41.740097 41.108837 0.960563 2 5 11
41.620293 40.995422 3.003552 7 10 11
60.430817 59.482311 19.503448 1 2 3
41.888462 40.963207 -1.088330 59 57 45
41.862633 40.942169 0.960387 7 11 19
41.695705 40.783653 2.999020 1 3 5
60.630360 59.263039 19.501442 0 0 1
42.403633 41.176472 -1.097659 30 37 32
42.051910 40.840351 0.961742 38 36 19
41.885857 40.683815 3.002745 1 2 4
34.960720 33.986752 4.222827 4 11 5
49.806847 48.378033 18.554037 0 0 0
42.142990 40.647682 3.011250 1 3 3
35.038197 33.824635 4.218174 4 6 9
34.605068 33.411854 5.867918 0 1 2
34.478703 33.293854 7.556671 36 49 50
61.028866 58.824223 19.498003 0 0 0
50.770569 48.967918 18.848680 0 1 1
64.663223 61.852081 4.598207 2 4 1
35.222828 33.765320 4.226398 0 3 4
34.939854 33.498737 5.904893 1 1 3
34.577213 33.156090 7.553123 1 1 3
34.812019 33.383694 9.344109 0 0 1
48.874756 46.812000 15.573685 1 2 2
65.052460 61.790066 4.610942 1 2 1
63.918110 60.721497 7.627331 13 22 7
42.246323 40.189682 7.110295 0 1 1
34.695847 33.037632 7.554053 1 2 2
34.921783 33.255264 9.342628 0 0 1
48.959457 46.566319 15.549247 11 6 3
39.407829 37.515572 14.547291 0 0 0
64.094009 60.451542 1.445241 15 16 13
62.496967 58.955086 4.416208 0 0 0
63.793869 60.187729 10.687281 0 1 3
34.974777 33.069992 7.589687 12 13 14
35.031528 33.126896 9.341267 1 1 2
35.471081 33.544220 11.243071 0 0 0
39.452972 37.296749 14.516253 0 0 1
64.570023 60.474834 1.451635 17 19 14
62.799599 58.826881 4.423478 1 2 1
62.946545 58.970253 7.463438 6 12 3
35.522179 33.347637 5.944537 1 3 3
35.143288 33.000492 9.340563 0 1 1
35.421280 33.263897 11.190932 0 1 2
41.910366 39.334309 15.366575 0 0 0
64.987625 60.440479 1.456708 18 20 15
62.514439 58.152046 4.389611 1 1 1
62.662277 58.295238 7.406169 5 12 2
46.579620 43.376480 7.761083 57 72 81
49.476376 46.069519 10.652411 0 1 3
35.315029 32.929802 9.355795 0 0 1
35.512901 33.117027 11.183599 1 1 2
36.054611 33.623569 13.185329 3 3 2
62.956577 58.153641 4.406769 1 1 1
62.962738 58.165344 7.418054 4 10 2
46.537571 43.035095 7.729454 2 3 7
49.911503 46.149132 10.711510 1 1 2
35.616520 32.977974 9.405148 8 17 17
35.623371 32.987843 11.182339 0 0 0
36.035305 33.371227 13.136102 0 0 1
69.903496 64.103416 4.876403 0 1 0
65.841385 60.393238 7.731900 3 9 1
63.631500 58.377300 10.524758 0 0 1
48.640274 44.663563 10.406565 2 3 4
64.439598 59.129337 16.926794 1 2 4
35.786331 32.906765 11.197572 0 1 2
31.602278 29.079914 11.490848 0 0 0
65.829674 59.954456 4.578870 1 1 1
64.273697 58.546932 7.524776 4 8 2
64.091324 58.387360 10.567385 1 2 3
48.420994 44.152309 10.327245 1 1 3
63.405472 57.776421 16.603392 0 1 1
35.959343 32.834209 11.215968 0 1 0
31.710873 28.975552 11.493724 1 1 1
65.485901 59.225197 4.541122 0 1 0
43.108044 39.040775 5.038060 2 8 2
36.482227 33.069565 7.765530 14 21 27
42.719940 38.702942 11.165942 17 20 28
36.901711 33.455360 11.472501 32 44 50
36.274429 32.892788 13.098018 0 0 1
63.516468 57.040585 1.403629 14 16 11
65.902367 59.183964 4.556068 2 3 2
43.113007 38.772125 5.023161 9 16 4
36.593575 32.938046 7.764983 51 63 71
42.784939 38.490505 11.148137 0 0 1
63.672199 57.216618 19.696421 2 5 14
36.591496 32.946983 13.170856 1 1 2
19.467018 17.457964 -0.483983 42 50 45
19.043594 17.083164 0.423686 1 5 7
64.923042 57.898426 4.475057 2 4 1
60.690788 54.144939 9.915732 0 0 2
46.098892 41.165928 9.742568 0 0 1
37.220703 33.269142 9.674056 0 0 2
63.974205 57.084942 19.728485 1 1 2
37.185562 33.245209 13.342351 1 1 1
19.467775 17.336308 -0.482363 49 54 49
18.980335 16.907598 0.421133 1 5 7
71.270752 63.099979 4.896638 5 11 2
69.548424 61.585075 8.041377 20 22 4
49.328674 43.726776 8.040095 2 2 4
46.114086 40.890957 9.715988 0 0 1
37.399544 33.194130 9.690570 0 1 2
47.216156 41.873920 14.529346 1 1 2
37.473347 33.266724 13.403884 0 0 1
16.834700 14.902453 -1.998914 63 85 40
17.360914 15.365458 -1.243401 18 21 17
19.457087 17.205357 -0.480477 52 59 56
18.970591 16.780487 0.419768 0 0 1
69.644363 61.230877 4.771011 6 15 2
49.493835 43.565060 8.042526 1 2 3
42.688404 37.598438 8.969573 0 0 1
51.089096 44.974377 13.181598 0 1 2
47.349617 41.697472 14.525910 0 0 0
37.764313 33.288898 13.466337 0 1 3
16.860991 14.820730 -1.995787 70 92 46
17.484102 15.364861 -1.248216 7 10 6
19.359140 16.999294 -0.476468 53 62 54
18.991108 16.680574 0.419076 0 2 8
18.852995 16.562048 1.297284 0 1 2
69.169861 60.394215 7.949874 120 99 31
49.659042 43.403229 8.045052 72 93 96
49.565422 43.326347 10.377467 4 12 21
51.192524 44.748882 13.168325 0 2 1
49.415081 43.204853 15.111511 4 8 14
38.057957 33.311245 13.529524 0 1 2
16.890549 14.742144 -1.993085 52 82 34
17.600964 15.357943 -1.252568 18 16 10
19.294443 16.823915 -0.473303 190 170 125
19.017757 16.586430 0.418527 3 6 12
18.795200 16.395710 1.289573 3 6 11
61.316826 53.177288 7.028744 154 124 46
43.429790 37.709629 7.018403 37 41 31
46.317299 40.211857 9.670727 1 2 2
49.784462 43.216221 12.768928 1 1 2
49.569180 43.034725 15.112977 0 0 2
49.936268 43.357277 17.680649 1 1 2
16.911303 14.656266 -1.989395 58 85 35
17.717722 15.350163 -1.256899 29 30 20
19.278318 16.691744 -0.471347 187 164 101
18.943264 16.405813 0.415797 2 4 1
18.788750 16.274868 1.285402 0 1 3
60.332817 51.958153 6.895929 169 144 64
49.999748 43.087891 8.052011 18 24 13
49.544373 42.701370 10.311339 0 3 8
36.285198 31.314253 9.290504 1 1 2
49.809780 42.938877 15.140829 1 2 5
39.299019 33.911236 13.885283 0 0 1
16.930321 14.569280 -1.985549 51 73 36
17.832323 15.339778 -1.261068 11 10 4
19.275295 16.571646 -0.469726 222 202 157
18.911982 16.263638 0.414021 1 2 1
18.771690 16.145746 1.280554 1 2 4
72.399300 61.883099 8.246868 61 58 20
50.161964 42.922916 8.054308 12 12 10
46.759537 40.025253 9.705037 1 2 2
36.382423 31.176779 9.287761 1 1 2
43.321362 37.100651 13.136120 1 1 2
42.881248 36.729313 15.100790 0 1 1
16.944361 14.478461 -1.981173 53 77 43
17.945398 15.327364 -1.265117 198 163 109
19.278343 16.457420 -0.468268 228 212 174
18.933195 16.166969 0.413390 0 1 0
18.770182 16.030680 1.276798 25 30 16
49.849648 42.351311 5.668138 188 164 85
50.077217 42.548637 8.017290 11 12 9
43.426170 36.919792 8.989308 4 11 23
65.234726 55.397999 16.570576 1 3 9
43.703117 37.162647 13.212501 1 3 5
50.175652 42.651035 17.607708 0 1 1
16.947161 14.378636 -1.975546 90 110 60
19.430912 16.467756 -1.364938 9 6 4
19.281267 16.343744 -0.466820 53 59 53
18.902617 16.027185 0.411657 1 2 1
18.800991 15.943473 1.275250 5 13 3
50.696323 42.764400 5.747473 219 197 143
50.336864 42.466770 8.035375 12 13 9
52.768200 44.516273 10.883853 3 4 8
61.689457 52.025135 15.626691 1 2 2
50.088848 42.272297 15.091566 0 1 1
50.348522 42.495605 17.616573 0 2 1
16.968296 14.294676 -1.972090 69 91 50
19.439392 16.358477 -1.361401 11 8 5
19.284166 16.230690 -0.465386 39 44 41
18.893665 15.906483 0.410401 8 8 6
18.847038 15.869281 1.274748 2 6 1
50.816422 42.562550 5.744579 181 162 91
50.604584 42.390320 8.054737 123 120 80
51.869644 43.451435 10.668242 0 1 1
46.923641 39.325443 11.862098 0 2 1
64.277596 53.825306 19.296335 0 1 2
51.201996 42.908440 17.862270 2 4 3
16.996483 14.216896 -1.969487 67 87 49
19.428366 16.233610 -1.356547 8 5 4
19.287052 16.118263 -0.463965 19 21 17
18.895872 15.795794 0.409397 4 5 4
18.883148 15.786963 1.273601 3 6 2
50.936340 42.360889 5.741754 200 183 125
51.344975 42.704330 8.148852 48 47 31
51.527546 42.860443 10.567749 1 2 4
61.930622 51.492290 15.597332 1 3 2
52.172451 43.404964 15.626673 0 2 2
51.699703 43.017838 17.983416 0 2 4
17.024460 14.139199 -1.966899 68 88 51
19.443176 16.130798 -1.353525 26 21 17
19.293470 16.009371 -0.462642 11 13 9
18.874201 15.666076 0.407895 7 9 5
18.907015 15.694793 1.271662 2 4 1
51.056076 42.159409 5.738997 203 185 130
53.426857 44.115726 8.454122 5 6 8
46.750942 38.624256 9.564067 1 2 4
51.694622 42.699249 12.989229 0 0 1
49.909443 41.234013 14.908330 0 1 1
59.076038 48.788342 20.482307 1 2 2
17.049044 14.058979 -1.963961 93 111 61
19.432968 16.008034 -1.348810 21 17 13
19.300295 15.901390 -0.461341 1 2 1
18.865738 15.548045 0.406687 6 7 4
18.920235 15.594283 1.269043 1 4 0
51.181641 41.963005 5.736979 201 195 131
52.255920 42.845745 8.246168 0 1 3
46.811962 38.400223 9.549462 2 4 4
52.146545 42.765926 13.065331 0 2 1
59.333347 48.647167 17.663727 1 2 2
43.297802 35.539673 14.984487 0 1 1
12.482824 10.254577 -2.012600 87 112 66
17.050854 13.960574 -1.958468 113 127 78
19.176783 15.686521 -1.327226 38 33 28
19.300695 15.788764 -0.459900 1 2 1
18.917202 15.479365 0.406762 2 3 1
18.981117 15.532927 1.269611 2 5 1
52.055130 42.373783 5.818356 211 204 146
53.857929 43.841599 8.474396 3 4 5
46.872810 38.176903 9.535025 1 1 2
51.127113 41.634693 12.774736 2 4 9
53.003315 43.162666 15.740116 1 2 2
44.945957 36.625542 15.508881 0 1 1
12.501661 10.196790 -2.009829 95 116 76
17.052465 13.862553 -1.953008 115 129 83
19.111109 15.522035 -1.318844 10 11 8
19.289165 15.667163 -0.458191 2 3 2
18.979855 15.419727 0.407079 4 5 2
19.019463 15.453336 1.268704 2 5 1
52.264221 42.240845 5.825553 24 25 18
53.433678 43.187901 8.384539 1 3 3
51.538963 41.665810 10.451619 0 0 1
51.251415 41.438782 12.769968 0 0 1
50.680080 40.983006 15.010303 0 1 1
37.048607 29.998463 12.758080 0 1 1
12.529515 10.146404 -2.008526 91 115 71
17.066803 13.775245 -1.949043 134 143 95
19.031635 15.347895 -1.309583 6 7 4
19.277716 15.546387 -0.456498 1 2 1
19.042374 15.359879 0.407398 2 3 1
19.069450 15.383238 1.268585 3 5 1
52.456520 42.093761 5.830925 4 5 4
60.714993 48.705776 9.497165 1 2 2
60.578899 48.602367 12.244862 0 0 1
45.351604 36.422333 11.273457 10 22 33
50.937527 40.897163 15.044452 0 1 2
37.133137 29.852488 12.751544 0 1 1
12.562873 10.100474 -2.008125 89 113 72
17.093655 13.698256 -1.946537 105 121 71
19.038860 15.244108 -1.306299 7 9 4
19.219206 15.388997 -0.453713 2 4 2
19.073709 15.275167 0.407064 2 4 2
19.136963 15.327100 1.269634 9 9 3
49.866161 39.735985 5.528921 1 2 2
60.767864 48.400276 9.479432 1 3 4
52.071594 41.497036 10.501213 0 1 3
45.422741 36.219025 11.260028 1 1 3
52.097763 41.527390 15.343633 0 2 2
46.814144 37.333275 16.016935 0 0 1
12.595968 10.054359 -2.007708 88 111 70
17.120304 13.621347 -1.944045 111 126 71
19.056265 15.148870 -1.303741 7 10 5
19.130096 15.208763 -0.450232 15 18 13
19.108622 15.193527 0.406813 0 2 0
19.220381 15.283343 1.271736 27 19 7
50.099297 39.635860 5.539709 0 1 2
60.956589 48.203239 9.482988 7 11 14
52.315441 41.392853 10.521498 42 46 48
51.593422 40.828033 12.749154 1 2 3
54.896671 43.438889 16.121122 1 1 2
46.905148 37.138359 16.004026 0 0 1
12.628801 10.008061 -2.007275 97 115 81
17.146753 13.544518 -1.941567 130 144 76
19.108860 15.081573 -1.303597 7 10 5
18.968662 14.973532 -0.445085 20 23 19
19.133745 15.104427 0.406364 4 5 2
19.294743 15.232158 1.273251 146 131 51
50.333305 39.535347 5.550605 0 1 3
52.521049 41.252892 8.152391 16 19 23
52.528816 41.263676 10.535711 1 2 3
51.671101 40.596661 12.733685 2 3 4
55.181538 43.351143 16.160534 1 2 2
46.994762 36.942795 15.990916 0 1 1
12.661369 9.961581 -2.006828 94 112 79
17.186077 13.477924 -1.940568 148 158 94
19.126547 14.987153 -1.301109 10 13 8
18.978828 14.874050 -0.443974 1 3 2
19.154209 15.012019 0.405826 4 6 2
19.365179 15.177680 1.274519 153 138 56
50.566078 39.432789 5.561378 0 0 1
63.055355 49.146652 9.755992 0 1 3
72.264053 56.312111 14.442331 11 24 37
48.211708 37.615589 11.851960 0 1 3
55.661400 43.413540 16.256714 0 2 5
48.855339 38.125092 16.576937 0 1 2
12.693671 9.914922 -2.006365 116 133 89
17.226974 13.412633 -1.939773 143 154 99
18.833427 14.653366 -1.277705 4 9 2
18.969616 14.760086 -0.442424 4 5 5
19.176411 14.921308 0.405332 5 12 1
19.486752 15.162469 1.279121 17 20 5
50.797619 39.328213 5.572030 9 11 14
52.669296 40.777317 8.131829 0 1 2
52.661774 40.776196 10.505878 0 0 1
54.903912 42.511890 13.455352 1 4 4
47.896698 37.106609 13.958262 0 1 1
49.858971 38.626305 16.871008 8 10 14
12.715145 9.859997 -2.004241 83 106 69
17.267736 13.347303 -1.938990 141 153 97
18.799238 14.521712 -1.271847 5 10 2
19.002518 14.679055 -0.441863 2 4 1
19.229660 14.854712 0.405492 9 16 2
19.571571 15.118335 1.281333 20 20 6
51.036892 39.228512 5.583538 14 19 23
64.601761 49.627472 9.941805 13 18 23
52.705605 40.516373 10.486786 7 9 9
45.678890 35.135426 11.171786 1 2 4
47.928455 36.863979 13.930389 1 2 3
38.467941 29.615601 12.994715 1 1 2
12.732268 9.801908 -2.001475 87 110 68
17.308365 13.281936 -1.938219 131 144 91
18.849493 14.455203 -1.271695 9 14 3
19.071823 14.625909 -0.442152 4 7 2
19.287598 14.791666 0.405755 13 22 2
19.840054 15.213536 1.295425 12 16 4
51.789833 39.518406 5.650911 1 2 3
65.906898 50.262566 10.115594 0 1 3
52.749607 40.257763 10.467957 0 2 2
45.753620 34.939011 11.160544 2 5 9
47.960091 36.622330 13.902799 1 1 2
38.499474 29.426144 12.970989 0 0 1
12.749164 9.743834 -1.998713 89 109 68
17.344355 13.213131 -1.936961 138 151 93
18.882929 14.376001 -1.270434 11 14 2
19.145761 14.576059 -0.442549 6 11 2
19.337749 14.722674 0.405861 9 17 2
19.973129 15.204121 1.300730 17 24 5
57.356277 43.436546 6.240051 2 3 6
52.367737 39.673920 8.022155 5 13 22
52.944908 40.114494 10.479206 1 1 3
45.828140 34.742958 11.149448 1 2 4
50.653290 38.397266 17.003511 1 1 2
12.765832 9.685779 -1.995955 100 120 66
17.358402 13.127996 -1.933308 130 142 87
18.960487 14.330048 -1.272135 92 80 24
19.229179 14.533061 -0.443167 98 96 25
19.413422 14.672822 0.406499 61 65 13
20.083014 15.176443 1.304532 95 90 31
57.678143 43.363441 6.258906 0 2 2
53.204643 40.018944 10.503206 2 5 10
45.902454 34.547260 11.138498 0 1 3
49.462612 37.221718 14.262164 1 2 3
48.946804 36.839310 16.389791 0 1 2
12.782273 9.627742 -1.993199 74 93 58
17.369015 13.040653 -1.929318 130 143 86
19.050541 14.293088 -1.274673 132 118 36
19.298727 14.479387 -0.443467 123 124 37
19.492268 14.625065 0.407206 145 141 50
20.197891 15.151861 1.308653 153 140 61
58.001881 43.289871 6.277946 1 2 3
53.819939 40.182060 8.201606 4 7 14
67.051544 50.036919 13.194027 3 3 4
66.836021 49.882389 16.157850 2 3 4
67.334663 50.259678 19.348043 0 1 3
37.710140 28.204155 12.607284 1 1 2
9.532103 7.157166 -1.917028 77 110 54
12.798490 9.569724 -1.990447 76 96 60
17.385099 12.957729 -1.925974 142 158 91
19.163284 14.272449 -1.278715 176 158 67
19.384748 14.437675 -0.444147 78 76 20
19.579905 14.583501 0.408096 122 120 34
20.318501 15.130841 1.313137 171 157 77
52.206196 38.693047 5.638337 0 1 2
63.999306 47.412006 9.723086 1 4 7
47.383564 35.138046 9.309913 1 2 2
61.031155 45.229416 14.720316 2 3 4
54.919739 40.717270 15.749128 0 0 2
37.832443 28.089653 12.615569 0 0 0
9.562884 7.127585 -1.918118 68 86 56
12.814480 9.511726 -1.987699 85 109 64
17.424387 12.892130 -1.925213 148 166 97
19.241936 14.226139 -1.280496 163 152 60
19.488091 14.408278 -0.445221 151 148 54
19.668900 14.542536 0.409015 158 157 57
20.412149 15.089315 1.315894 165 163 74
54.507011 40.098808 5.871252 0 1 3
54.348045 39.986897 8.239983 1 4 7
47.449425 34.930466 9.299218 0 0 1
61.150337 44.987492 14.711566 0 1 4
55.148426 40.588593 15.774316 1 3 4
34.198280 25.217968 11.379991 1 2 2
9.593576 7.097874 -1.919207 80 93 74
12.830245 9.453750 -1.984954 96 119 78
17.463474 12.826445 -1.924457 148 163 103
19.341991 14.195094 -1.283694 173 150 75
19.550415 14.348454 -0.445362 160 154 57
19.764616 14.506053 0.410074 148 146 49
20.471066 15.022065 1.316442 190 182 97
64.257744 46.905807 6.900921 0 1 2
53.973667 39.422398 8.162935 2 4 9
61.075817 44.599525 11.930122 20 25 34
61.280342 44.753853 14.705631 0 1 2
55.375877 40.458076 15.799219 1 1 2
38.901062 28.460207 12.904666 0 0 1
9.624176 7.068035 -1.920296 67 86 55
12.845785 9.395795 -1.982212 92 115 72
17.493563 12.754319 -1.922746 146 159 105
19.455328 14.173105 -1.287763 143 117 51
19.650976 14.316128 -0.446373 138 133 41
19.862364 14.470557 0.411176 154 146 49
20.552559 14.971061 1.318439 211 201 127
67.400696 48.834343 7.219681 2 5 4
54.302723 39.371868 8.192155 2 4 8
64.159233 46.502472 12.499497 0 1 1
61.390881 44.506416 14.695261 1 1 2
55.595280 40.320824 15.821910 0 1 3
34.247181 24.886236 11.338895 0 1 1
9.653893 7.037498 -1.921228 66 83 60
12.872945 9.346354 -1.981276 92 114 75
17.517748 12.678116 -1.920425 134 147 88
19.581915 14.159940 -1.292695 161 139 58
19.742670 14.276905 -0.447182 176 166 66
19.967033 14.439523 0.412420 174 166 69
55.997108 40.289486 3.562285 2 3 5
62.105312 44.676834 6.637705 1 2 4
54.595234 39.293076 8.215850 1 3 3
55.093540 39.655399 10.711443 1 2 2
61.501945 44.259838 14.685250 0 1 3
55.815231 40.183125 15.844836 0 1 3
46.424103 33.445976 15.312879 0 1 1
9.676601 7.001921 -1.920809 65 84 57
12.902326 9.298552 -1.980705 81 104 63
17.541759 12.601999 -1.918118 144 156 96
19.685343 14.129472 -1.296100 185 172 81
19.841669 14.242440 -0.448156 125 118 32
20.075598 14.410689 0.413743 167 158 65
56.158623 40.108349 3.564014 6 7 10
54.296127 38.786602 5.791405 1 2 4
54.898567 39.220348 8.241151 3 5 10
62.124359 44.372643 12.044515 5 8 11
61.617966 44.017242 14.676646 0 1 2
59.810448 42.734699 16.933729 1 1 2
46.547852 33.288422 15.315620 1 2 2
9.699132 6.966235 -1.920380 68 84 60
12.931555 9.250675 -1.980138 86 109 70
17.565578 12.525957 -1.915826 128 142 89
19.788401 14.098173 -1.299479 184 182 84
19.954647 14.217337 -0.449442 118 115 34
20.188574 14.384361 0.415156 178 169 73
54.814850 38.862919 3.470806 0 0 1
69.554260 49.287880 7.395643 25 27 25
61.804066 43.819260 11.953381 2 4 5
55.538490 39.393425 13.200204 0 1 3
60.536705 42.933613 17.096807 0 1 2
38.571465 27.400721 12.669348 0 0 2
9.721482 6.930442 -1.919941 65 83 57
12.960632 9.202724 -1.979575 82 109 63
17.589207 12.449990 -1.913547 144 157 102
19.876831 14.056052 -1.301903 190 186 97
20.064486 14.189365 -0.450656 161 157 61
20.310028 14.363323 0.416741 188 180 84
57.915474 40.751453 3.657838 0 0 2
54.811352 38.582657 8.188361 2 4 5
54.987598 38.711048 10.612925 1 3 5
61.081440 42.993702 14.478434 1 4 3
39.148045 27.599792 11.045949 2 4 5
38.343685 27.038471 12.564198 0 1 2
9.743653 6.894544 -1.919492 46 67 33
12.989558 9.154698 -1.979015 88 115 59
17.612637 12.374092 -1.911280 143 157 95
19.996998 14.035615 -1.306390 207 183 101
20.170845 14.158346 -0.451789 170 167 65
20.413197 14.328808 0.417955 207 193 115
53.372002 37.285294 3.363998 0 0 1
74.281143 51.854084 7.859391 11 14 12
55.157177 38.537899 8.220164 23 33 45
54.784817 38.283165 10.548521 2 5 5
58.428577 40.826878 13.817996 1 3 2
39.019131 27.305649 10.983171 2 3 5
46.918739 32.815006 15.324777 0 0 2
9.765644 6.858541 -1.919034 45 71 29
13.018332 9.106600 -1.978458 87 123 56
17.641373 12.302064 -1.909617 141 156 89
20.073692 13.984399 -1.308054 194 164 82
20.265301 14.118507 -0.452656 172 168 71
20.576698 14.335445 0.420387 12 15 8
53.671734 37.215683 3.375012 2 4 8
56.634792 39.268776 5.982717 9 15 15
55.509842 38.495678 8.252933 22 37 50
61.257832 42.475410 11.762890 5 9 13
56.384571 39.110153 13.304129 38 36 38
38.969639 27.068769 10.943039 2 4 9
63.773079 44.231487 20.760471 0 0 2
9.787455 6.822434 -1.918565 46 71 29
13.037995 9.052285 -1.976561 88 124 59
17.678654 12.236044 -1.908900 151 166 96
20.196157 13.964291 -1.312682 157 142 60
20.352346 14.073120 -0.453358 147 142 48
20.699707 14.313131 0.422000 5 8 6
53.721561 36.972847 3.370396 0 1 3
57.135696 39.320225 6.021369 6 10 8
52.674797 36.263424 7.814312 4 6 6
58.905495 40.544651 11.285695 1 1 3
55.248589 38.039272 13.005973 4 6 9
39.028515 26.907778 10.933461 0 0 2
54.390091 37.459438 17.671755 0 1 2
9.809084 6.786224 -1.918087 81 103 50
13.051844 8.994135 -1.973827 96 125 60
17.715734 12.169943 -1.908187 159 172 110
20.318289 13.943196 -1.317279 144 139 53
20.452265 14.036109 -0.454346 163 160 67
55.423367 37.851276 1.118469 2 4 9
53.578110 36.599194 3.353790 0 0 3
57.490910 39.268707 6.044646 2 5 11
61.588020 42.064457 9.110888 11 13 14
54.478172 37.225853 10.415420 1 1 3
60.274822 41.180141 14.152196 10 14 17
39.087303 26.747087 10.924039 0 1 2
54.662014 37.365303 17.717892 1 2 5
9.830531 6.749913 -1.917599 53 77 35
13.065472 8.936015 -1.971097 91 123 64
17.752615 12.103762 -1.907479 168 180 118
20.416803 13.905396 -1.320351 153 152 61
20.564018 14.006574 -0.455595 185 180 86
55.829746 37.842617 1.124352 2 4 9
54.034122 36.633511 3.374606 2 5 5
61.823334 41.903618 6.483790 15 18 21
60.662582 41.123993 8.953567 1 2 4
61.535576 41.719402 11.733077 2 4 3
54.654633 37.071278 12.806312 15 19 20
57.164673 38.773670 15.917378 3 8 14
36.081024 24.516850 11.685948 3 9 18
9.858350 6.717894 -1.918358 52 74 34
13.078880 8.877928 -1.968371 117 140 80
17.789293 12.037499 -1.906776 170 182 117
20.517803 13.868752 -1.323583 188 179 86
20.667988 13.971178 -0.456670 34 42 18
55.942455 37.634182 1.124353 0 1 2
54.227413 36.488239 3.379060 1 2 4
64.927818 43.672070 6.792893 0 2 5
53.243256 35.836845 7.843558 1 2 4
54.658577 36.795788 12.777547 1 1 2
52.982220 35.675186 14.721910 13 14 20
55.175369 37.152225 17.800364 1 2 4
9.887709 6.686855 -1.919431 47 70 30
13.092071 8.819872 -1.965649 113 137 80
17.825771 11.971157 -1.906077 175 185 120
20.616741 13.830204 -1.326682 216 203 134
20.792074 13.948616 -0.458186 12 15 18
54.421204 36.342636 3.383569 1 2 5
63.914074 42.668346 6.671989 1 2 5
54.138226 36.163185 7.956764 29 32 34
53.893478 36.004700 10.232706 3 9 5
54.640522 36.506897 12.743958 1 4 4
60.781002 40.602543 16.843180 0 0 2
46.184929 30.882261 14.874219 0 0 1
9.916969 6.655691 -1.920503 44 69 26
13.119158 8.771171 -1.965022 131 150 95
17.862047 11.904737 -1.905382 175 187 118
20.780136 13.833722 -1.333894 228 212 164
20.928425 13.933395 -0.459968 11 19 7
63.298134 41.928844 1.266454 0 1 2
54.615509 36.196697 3.388132 0 1 3
57.960949 38.412075 6.038702 0 1 5
54.609711 36.206432 10.344668 1 2 5
60.278416 39.958706 14.022759 4 11 5
60.689713 40.235809 16.779482 1 4 3
46.651386 30.957722 14.989490 1 2 5
7.585563 5.076898 -1.805517 40 58 27
9.946131 6.624402 -1.921574 49 77 30
13.146723 8.722817 -1.964492 122 141 92
17.898123 11.838236 -1.904691 178 189 123
20.890673 13.801436 -1.337722 222 196 144
63.559555 41.782791 1.269182 3 9 11
54.810337 36.050419 3.392751 0 0 2
58.547848 38.506203 6.086065 1 2 5
63.829365 41.975414 9.334233 4 11 4
61.409534 40.398415 14.252801 3 6 12
57.496193 37.835732 15.862879 8 12 17
47.927631 31.561035 15.363095 30 31 35
7.613883 5.056754 -1.807943 23 41 12
9.975193 6.592988 -1.922644 54 81 38
13.174135 8.674395 -1.963965 103 124 80
17.933996 11.771658 -1.904006 182 190 129
21.029886 13.787184 -1.343368 221 201 152
56.797379 37.069824 3.507697 1 2 3
61.172920 39.922428 6.344043 0 0 2
53.403763 34.870022 7.796358 1 3 3
66.183891 43.194908 12.473987 4 5 8
55.377430 36.164047 12.827729 4 5 7
56.976124 37.209850 15.684402 73 76 83
61.140011 39.926720 19.539463 6 6 6
7.642157 5.036474 -1.810368 29 49 17
10.004155 6.561449 -1.923714 55 84 37
13.201396 8.625902 -1.963441 95 112 85
17.969669 11.705001 -1.903324 200 207 159
21.525801 14.002311 -1.371601 87 79 72
82.505775 53.377632 -1.795627 32 52 33
82.763649 53.550846 1.644673 4 10 5
59.625935 38.614254 3.673873 39 47 54
64.997864 42.088970 6.724760 1 4 8
53.461811 34.641949 7.787533 1 3 2
54.554146 35.356682 12.609415 12 23 37
57.007523 36.946819 15.657944 60 62 67
61.200745 39.661987 19.515036 57 49 37
7.670383 5.016057 -1.812793 31 62 15
10.033017 6.529786 -1.924782 53 80 35
13.228505 8.577340 -1.962921 149 158 121
18.005140 11.638267 -1.902647 196 203 156
22.113655 14.271918 -1.405528 35 33 2
82.482918 52.955040 -1.790538 37 62 38
82.827652 53.182625 1.642817 2 4 7
55.131504 35.438679 3.390613 39 47 54
61.631145 39.609356 6.363523 5 10 10
56.445400 36.289974 8.202673 3 6 6
64.948761 41.746574 12.187625 28 28 30
53.611359 34.482056 12.364752 14 24 13
61.982903 39.855423 16.982750 8 11 15
56.965229 36.642387 18.127762 15 13 11
7.698563 4.995506 -1.815218 43 66 26
10.061777 6.497998 -1.925849 61 86 43
13.255461 8.528709 -1.962404 100 119 85
18.040411 11.571456 -1.901975 181 190 127
22.367476 14.323866 -1.418249 18 21 2
82.724403 52.702576 -1.791212 28 49 29
83.092354 52.943230 1.644952 12 21 16
55.914494 35.664997 3.431329 40 53 68
56.364651 35.955864 5.808774 4 9 6
56.615112 36.119793 8.209338 12 15 14
54.762939 34.946030 10.258780 41 44 41
54.295158 34.652927 12.494468 2 4 6
55.203144 35.235355 15.096869 5 8 12
59.747002 38.132210 18.968512 1 2 4
7.725929 4.974336 -1.817467 50 75 36
10.090435 6.466087 -1.926915 65 88 48
13.282265 8.480010 -1.961891 134 148 105
18.075481 11.504567 -1.901307 180 189 129
22.362144 14.210326 -1.414624 91 86 29
82.955315 52.442875 -1.791673 24 41 26
84.266853 53.277153 1.665020 5 6 9
56.764675 35.931850 5.837337 4 6 9
71.449432 45.206421 10.331351 16 17 19
55.264114 34.993755 10.329887 25 35 22
63.619926 40.274437 14.601747 15 19 25
54.982586 34.825203 15.003900 15 19 25
55.348301 35.060886 17.537449 0 2 3
7.746973 4.949112 -1.818271 47 63 36
10.116916 6.432754 -1.927591 80 98 70
13.308916 8.431243 -1.961381 91 113 74
18.110348 11.437603 -1.900643 181 187 133
28.800352 18.130924 -1.815476 37 40 15
83.530685 52.398361 -1.799566 31 29 30
84.515251 53.021545 1.666831 30 31 33
57.138851 35.888966 5.863208 24 28 21
68.328873 42.902954 9.860043 30 33 37
55.294117 34.742596 10.313207 27 28 33
61.161263 38.423279 14.008594 15 19 24
54.764984 34.420238 14.912322 5 8 11
55.393356 34.818726 17.513594 2 4 8
7.767933 4.923801 -1.819074 74 83 75
10.137568 6.395762 -1.927194 76 97 65
13.335416 8.382408 -1.960875 83 111 64
18.145016 11.370563 -1.899984 189 194 145
28.731354 17.947666 -1.807006 34 37 21
72.142807 44.918182 -1.550514 31 29 30
72.452820 45.116566 1.427088 26 26 28
55.597420 34.648708 3.390700 2 4 7
57.516289 35.845688 5.889377 9 16 8
58.023190 36.165405 8.358884 21 23 24
55.185406 34.406101 10.270988 23 25 28
64.532242 40.221657 14.746867 9 11 15
58.216309 36.299862 15.815170 3 5 10
60.956276 38.008732 19.225655 1 2 5
7.788809 4.898401 -1.819876 83 93 89
10.158101 6.358714 -1.926801 85 102 75
13.361762 8.333506 -1.960371 78 103 57
18.189083 11.309364 -1.900324 194 199 148
28.775406 17.835354 -1.805658 18 20 14
71.925507 44.435207 -1.542019 37 36 34
72.139580 44.572922 1.418370 27 26 27
55.598110 34.379948 3.383808 23 23 25
60.832039 37.611835 6.214804 30 33 34
58.377941 36.103264 8.392090 25 28 31
59.687737 36.915894 11.082800 15 15 17
59.371685 36.725842 13.541787 9 11 15
58.222588 36.021847 15.783138 1 3 3
54.730972 33.872292 17.230650 2 4 9
7.809600 4.872913 -1.820677 88 103 83
10.178516 6.321609 -1.926409 78 98 64
13.387956 8.284536 -1.959872 84 106 69
18.249550 11.258149 -1.902383 193 197 150
28.843931 17.738186 -1.805864 49 73 42
60.859924 37.321129 -1.301750 35 36 37
72.258186 44.297935 1.418146 24 25 27
55.591812 34.108067 3.376564 24 24 25
60.372879 37.037704 6.155242 32 33 34
60.092186 36.870808 8.619701 48 48 47
59.863251 36.735580 11.091908 15 17 20
61.588360 37.796383 14.016288 9 19 18
58.235092 35.748791 15.753117 1 2 3
69.742943 42.799263 21.895948 1 2 5
7.830307 4.847337 -1.821478 71 90 60
10.198812 6.284449 -1.926021 65 89 49
13.413997 8.235500 -1.959375 106 125 90
18.309896 11.206656 -1.904442 182 188 138
28.907972 17.638231 -1.805810 38 43 25
60.875454 37.038502 -1.298898 31 33 37
60.883732 37.048359 1.193631 24 25 27
55.585480 33.837364 3.369390 24 25 26
56.186531 34.206665 5.717921 24 27 29
60.180149 36.635784 8.614356 46 42 44
53.232544 32.422058 9.846234 16 17 21
63.645691 38.750153 14.452880 2 4 6
51.756718 31.534470 13.976289 1 4 12
57.417168 34.977283 17.997538 1 1 3
7.850928 4.821673 -1.822277 65 84 54
10.218990 6.247232 -1.925635 96 113 97
13.439884 8.186399 -1.958882 119 135 93
18.370127 11.154892 -1.906503 183 190 135
28.935938 17.516539 -1.803538 116 125 80
61.083740 36.873009 -1.300173 18 19 22
61.060619 36.863926 1.194979 17 19 20
61.060184 36.868507 3.692697 27 29 30
56.901249 34.368542 5.778606 23 26 28
54.225800 32.761532 7.748512 145 140 130
53.650642 32.419418 9.902772 3 5 8
50.968163 30.807562 11.557597 13 22 14
59.496674 35.951054 16.026180 0 1 3
57.582596 34.802479 18.011593 3 4 8
7.871464 4.795923 -1.823075 73 88 66
10.238445 6.209600 -1.925140 87 106 83
13.465619 8.137231 -1.958393 96 118 82
18.408785 11.090043 -1.906360 191 198 142
28.950827 17.387350 -1.800488 138 145 13
72.720192 43.532700 -1.543905 12 15 16
65.214493 39.059921 3.935328 24 26 29
58.380310 34.981480 5.916337 72 69 65
54.023666 32.382580 7.703949 21 24 28
56.574608 33.911602 10.419308 8 9 13
65.469833 39.233501 14.804550 6 9 15
59.595295 35.726803 16.019508 2 4 9
57.748158 34.627335 18.025850 4 6 10
7.891913 4.770085 -1.823872 60 75 51
10.256899 6.171395 -1.924484 133 143 98
13.491201 8.087997 -1.957907 101 121 91
18.442415 11.022217 -1.905724 195 201 145
29.058672 17.313673 -1.803215 55 78 42
84.434303 50.136276 1.644645 20 22 12
65.208656 38.747463 3.927260 28 28 30
58.317791 34.667713 5.898160 39 44 46
56.477551 33.581318 8.036429 23 28 33
56.065819 33.341713 10.304849 15 16 19
61.934528 36.826660 13.978544 5 8 14
59.743912 35.532455 16.026434 2 3 8
57.913849 34.451847 18.040310 5 8 12
7.912276 4.744161 -1.824668 46 61 39
10.275163 6.133108 -1.923820 144 154 107
13.516630 8.038699 -1.957424 117 134 98
18.475843 10.954318 -1.905093 199 206 148
29.314989 17.326817 -1.815106 65 84 50
55.380821 32.656498 1.078723 36 41 43
65.338249 38.515976 3.927389 21 23 26
67.895294 40.024914 6.850141 91 104 89
58.135136 34.289642 8.254938 47 54 61
56.011799 33.045246 10.274143 16 22 29
62.050564 36.602596 13.976260 21 22 25
58.201801 34.343021 15.582178 1 3 5
57.372890 33.860065 17.835890 5 9 10
6.364374 3.803723 -1.746792 44 76 23
7.935840 4.720067 -1.826206 42 61 38
10.301189 6.099376 -1.924611 138 148 104
13.541905 7.989336 -1.956945 99 118 88
18.509071 10.886346 -1.904467 196 202 147
29.615330 17.363791 -1.829675 66 71 51
66.263969 38.738537 -1.396909 28 35 14
55.973976 32.742104 1.088377 13 21 10
65.591270 38.356529 3.934950 25 28 30
61.545567 36.001408 6.198947 23 26 27
58.229053 34.071148 8.251749 7 12 13
54.701416 32.017197 10.014401 3 8 9
56.011921 32.786491 12.594433 21 22 25
60.046688 35.146282 16.042271 0 0 2
52.470730 30.728363 16.283375 5 9 10
6.382943 3.784009 -1.748173 58 95 33
7.963159 4.698077 -1.828606 46 65 36
10.328503 6.066342 -1.925658 131 144 93
13.559948 7.935815 -1.955458 98 122 83
18.542095 10.818302 -1.903845 195 201 148
57.426544 33.311481 -3.533229 219 222 182
65.936867 38.239216 -1.386753 21 32 10
65.797554 38.163769 1.276314 14 17 7
61.674038 35.787659 6.199687 23 25 29
58.311428 33.846203 8.247047 4 7 8
66.587975 38.642109 12.159489 15 18 18
56.023235 32.530746 12.571836 21 28 8
62.989910 36.569427 16.792746 1 4 11
52.591221 30.552362 16.287949 3 5 11
6.401469 3.764221 -1.749559 70 104 46
7.990420 4.675952 -1.831005 57 80 47
10.355706 6.033189 -1.926704 71 97 48
13.576735 7.881664 -1.953823 91 119 74
18.574917 10.750185 -1.903227 197 206 145
57.648499 33.171097 -3.539335 220 223 185
65.991539 37.963276 -1.384663 20 31 9
65.939514 37.938564 1.276936 17 22 8
68.018944 39.137321 4.064635 26 30 32
61.802490 35.573868 6.200500 14 18 22
57.278851 32.981422 8.085560 5 12 8
51.729675 29.799395 9.434581 13 18 17
56.368084 32.467510 12.623956 21 22 27
56.816441 32.729645 15.121249 1 2 3
61.796921 35.595585 19.092010 2 4 8
6.419951 3.744357 -1.750948 55 86 35
8.017621 4.653691 -1.833402 53 79 36
10.382800 5.999917 -1.927749 78 102 57
13.585876 7.823262 -1.951131 107 129 80
18.607536 10.681997 -1.902614 191 200 141
57.979362 33.091709 -3.552114 218 221 182
66.183121 37.765984 -1.385460 15 25 6
66.249588 37.808971 1.280811 35 35 17
68.163315 38.903763 4.065584 19 23 27
61.930927 35.360027 6.201387 11 13 16
57.174854 32.656155 8.055227 14 15 18
51.921738 29.668449 9.450974 2 4 4
57.236912 32.700634 12.792793 2 7 6
56.854042 32.487141 15.101455 1 3 5
58.949375 33.685879 18.178728 1 2 5
6.438388 3.724418 -1.752341 61 90 42
8.044761 4.631295 -1.835799 66 97 45
10.409784 5.966525 -1.928792 129 147 95
13.594809 7.764910 -1.948443 125 148 84
18.639954 10.613739 -1.902005 194 202 146
58.461002 33.095451 -3.574079 217 220 181
66.472076 37.623119 -1.388300 12 23 6
66.615891 37.709488 1.285771 44 45 24
66.545746 37.675049 3.961988 42 52 38
62.059353 35.146133 6.202346 7 11 14
59.576981 33.748661 8.376436 7 11 14
55.736607 31.583567 10.123406 6 10 17
55.233791 31.303900 12.322371 1 5 4
56.871674 32.234047 15.076645 8 13 18
53.567528 30.371094 16.491455 1 2 5
6.456781 3.704405 -1.753738 62 82 51
8.071840 4.608764 -1.838194 77 117 52
10.436658 5.933015 -1.929835 82 107 64
13.603533 7.706609 -1.945760 87 119 59
18.672169 10.545409 -1.901401 198 206 152
58.667805 32.941929 -3.579262 215 218 178
66.657623 37.420895 -1.388988 14 25 5
66.659752 37.427246 1.284545 29 40 14
66.545349 37.368328 3.954648 17 26 25
57.884808 32.521461 5.775399 19 27 17
60.722191 34.115849 8.520651 8 12 14
55.749336 31.333838 10.106236 5 9 14
64.047791 35.989433 14.255141 6 10 12
57.003754 32.045982 15.082309 4 5 9
53.604218 30.144735 16.470716 0 0 2
6.475129 3.684316 -1.755138 80 107 58
8.098857 4.586097 -1.840587 79 117 53
10.463421 5.899387 -1.930876 78 106 60
13.618766 7.652088 -1.944030 83 115 58
18.704180 10.477009 -1.900801 202 207 163
58.865704 32.782619 -3.583924 216 219 178
66.919312 37.260456 -1.391268 14 25 5
66.849190 37.226669 1.286130 26 37 11
65.440918 36.449413 3.882089 33 41 55
58.229603 32.447380 5.798790 29 38 38
60.524014 33.727039 8.476814 4 6 9
55.762009 31.084961 10.089243 9 12 15
61.265644 34.148903 13.611442 6 9 12
53.834682 30.022339 14.218940 5 7 12
50.274864 28.047255 15.421182 0 0 2
6.493291 3.664075 -1.756505 70 93 56
8.125811 4.563295 -1.842980 72 108 48
10.490071 5.865641 -1.931915 69 101 49
13.642841 7.602541 -1.943577 101 122 89
18.742081 10.411893 -1.900819 202 206 165
59.025875 32.601772 -3.586320 199 206 155
59.258564 32.739075 1.138897 26 37 11
66.948776 36.981209 3.964064 8 11 17
55.641037 30.754576 5.531499 8 12 12
60.445000 33.406799 8.449860 11 23 9
55.773788 30.836466 10.072280 11 13 17
61.155712 33.808201 13.561290 21 22 24
53.688354 29.695429 14.153420 19 22 28
50.415726 27.894943 15.434755 0 2 6
6.508588 3.642221 -1.757131 62 83 58
8.148870 4.538266 -1.844519 77 110 52
10.516609 5.831777 -1.932954 75 106 53
13.666764 7.552933 -1.943128 103 124 93
18.799786 10.357580 -1.902849 201 205 162
59.176472 32.415268 -3.588169 201 207 155
67.433884 36.936344 1.293269 21 34 8
62.501919 34.246254 3.694881 36 39 39
55.554001 30.453568 5.512687 2 5 4
61.172283 33.529099 8.535291 15 25 11
64.726295 35.476959 11.662148 16 20 26
60.914028 33.397526 13.482413 19 22 25
53.753746 29.486582 14.143858 2 4 7
60.821152 33.356594 18.574680 1 2 4
6.523810 3.620303 -1.757757 65 85 55
8.168477 4.511303 -1.845310 67 96 45
10.538873 5.795542 -1.933238 81 113 56
13.690533 7.503263 -1.942681 103 123 90
18.857344 10.302993 -1.904879 199 205 153
59.296013 32.211601 -3.588176 200 207 158
59.288326 32.216537 1.135935 21 34 8
62.534294 33.980297 3.690199 61 64 50
55.445358 30.142599 5.491879 5 13 7
65.859047 35.792385 9.170373 3 6 14
63.856110 34.711540 11.484377 23 26 33
53.846329 29.288502 11.900167 8 11 14
54.003490 29.378057 14.182770 13 16 22
60.918751 33.133568 18.569517 1 2 4
6.538956 3.598320 -1.758381 78 100 64
8.187994 4.484257 -1.846099 72 105 49
10.555161 5.756081 -1.932465 75 105 48
13.714149 7.453534 -1.942238 106 125 94
18.914751 10.248130 -1.906909 202 208 157
59.313168 31.952868 -3.582055 198 205 158
59.321640 31.966501 1.134835 21 32 7
59.681835 32.164635 3.516181 13 18 21
55.347313 29.839260 5.472260 4 10 5
53.571266 28.888714 7.450259 2 5 11
64.221062 34.619202 11.528538 3 5 12
53.765266 29.001450 11.860313 11 14 19
60.326092 32.534492 15.808715 4 7 10
49.486122 26.708237 15.066017 1 3 4
6.554027 3.576275 -1.759005 74 95 59
8.207417 4.457126 -1.846887 67 99 41
10.571254 5.716549 -1.931683 74 106 50
13.737612 7.403745 -1.941799 105 123 95
18.972010 10.192992 -1.908938 209 212 169
59.351692 31.706366 -3.577284 198 204 157
62.598785 33.450569 3.681011 36 45 33
55.227947 29.526375 5.450682 11 31 10
53.695126 28.713455 7.453858 3 7 13
53.984833 28.872107 9.678176 3 6 13
53.752708 28.752571 11.835791 52 45 40
60.168762 32.178917 15.738583 4 7 11
50.327343 26.933994 15.293016 1 2 4
6.569021 3.554166 -1.759627 76 110 52
8.226748 4.429912 -1.847673 62 93 36
10.587152 5.676949 -1.930893 74 108 50
13.760921 7.353895 -1.941363 104 122 95
19.029116 10.137580 -1.910967 207 209 170
59.467331 31.501247 -3.577203 209 212 170
64.222946 34.023273 1.224473 85 77 40
66.179146 35.062012 3.884135 53 70 66
55.103065 29.212566 5.428709 4 9 17
53.819042 28.538012 7.457545 3 6 12
53.817623 28.541441 9.630806 1 3 9
53.882977 28.580227 11.842794 9 14 19
60.012524 31.826340 15.669187 11 13 19
58.595913 31.081856 17.764759 1 2 5
6.583939 3.531994 -1.760248 59 87 47
8.245986 4.402615 -1.848458 56 85 36
10.602853 5.637281 -1.930093 73 107 49
13.784076 7.303987 -1.940930 98 117 90
19.086069 10.081893 -1.912996 201 205 163
59.582851 31.296017 -3.577156 211 214 173
75.482819 39.630333 -1.545050 66 63 27
64.453941 33.857346 1.227041 138 119 68
64.290672 33.776688 3.767140 44 61 61
60.179813 31.627033 5.916749 56 65 76
53.914310 28.347334 7.457361 2 4 9
53.859272 28.322659 9.620916 15 18 24
54.204094 28.507685 11.891658 1 3 6
61.380203 32.275330 15.996299 8 11 15
58.419849 30.727556 17.679428 6 11 13
6.598780 3.509759 -1.760869 85 92 87
8.265131 4.375234 -1.849242 65 88 52
10.618358 5.597547 -1.929284 74 111 47
13.807077 7.254019 -1.940501 101 120 93
19.142866 10.025932 -1.915024 201 205 161
59.759041 31.122242 -3.580780 212 215 174
75.200966 39.148026 -1.535974 34 34 14
64.393417 33.538963 1.224100 120 106 60
57.709003 30.070646 3.376904 46 62 60
53.881481 28.085981 5.290105 56 65 76
53.868629 28.083433 7.437872 1 6 9
53.968628 28.139580 9.623215 4 6 11
59.978294 31.268255 13.130962 1 3 9
61.279953 31.949848 15.941602 5 10 17
60.785183 31.697468 18.360149 1 3 6
5.563254 2.946565 -1.726644 15 38 6
6.613884 3.487636 -1.761576 101 106 105
8.284181 4.347770 -1.850025 46 71 29
10.633667 5.557748 -1.928466 79 114 51
13.829926 7.203993 -1.940075 95 115 84
19.199507 9.969697 -1.917051 203 206 163
59.953140 30.957090 -3.585499 214 216 176
75.782463 39.114071 -1.544538 151 132 74
75.834648 39.146679 1.438574 215 206 159
53.968739 27.887703 3.153455 47 63 63
53.846588 27.828867 5.277520 17 22 30
53.972603 27.897923 7.439104 4 10 19
54.374195 28.109068 9.678180 50 55 62
60.073536 31.051203 13.128436 0 0 2
58.849514 30.424896 15.283843 1 2 4
60.980038 31.528206 18.386028 2 3 7
5.577679 2.928700 -1.727864 21 44 7
6.633073 3.467571 -1.763364 77 90 81
8.303137 4.320225 -1.850806 39 63 22
10.651875 5.519464 -1.928191 76 114 50
13.852620 7.153909 -1.939653 87 110 70
19.255987 9.913188 -1.919078 203 207 164
60.053368 30.743250 -3.584650 214 216 176
76.088814 38.935692 -1.547490 181 164 112
54.058823 27.690975 1.025529 101 95 57
53.917862 27.623062 3.145224 36 54 53
53.889221 27.612524 5.272603 5 12 17
54.213676 27.782404 7.459227 9 14 22
60.958496 31.233126 10.827452 2 5 8
62.019283 31.780005 13.528640 1 3 9
59.077755 30.281340 15.315907 1 4 7
61.175152 31.358322 18.412119 4 6 11
5.592058 2.910776 -1.729086 23 43 8
6.652195 3.447410 -1.765149 82 94 86
8.321998 4.292597 -1.851587 52 86 27
10.677202 5.484791 -1.929210 65 106 35
13.875161 7.103766 -1.939234 86 111 66
19.312309 9.856405 -1.921104 201 207 160
60.058517 30.481352 -3.578192 213 215 176
53.736488 27.285543 -1.090877 164 146 83
53.947220 27.396282 1.021974 172 160 101
53.851219 27.351738 3.136146 23 36 37
54.108414 27.486069 5.284956 4 8 13
54.536041 27.706791 7.490502 2 6 11
60.632195 30.799280 10.750970 2 4 8
62.417286 31.708448 13.591500 0 1 6
52.499111 26.687284 13.591443 0 1 4
51.101997 25.983381 15.361666 2 3 9
5.606391 2.892792 -1.730311 23 48 9
6.671250 3.427154 -1.766932 85 98 85
8.344263 4.266642 -1.853129 52 84 25
10.702412 5.450005 -1.930228 62 102 35
13.897548 7.053567 -1.938818 95 119 76
19.362949 9.796580 -1.922586 199 205 158
59.991199 30.183981 -3.567500 210 213 174
53.725292 27.043995 -1.088368 190 174 117
53.845570 27.108400 1.018631 195 185 136
53.953331 27.166546 3.136913 27 35 32
54.368336 27.378983 5.301291 1 3 9
56.618504 28.513020 7.762322 2 6 9
57.563633 28.992020 10.190852 11 20 33
58.303070 29.367897 12.676121 2 5 12
52.616158 26.515511 13.598058 2 4 5
51.198200 25.807251 15.363780 8 12 16
5.620679 2.874747 -1.731539 30 55 14
6.690237 3.406801 -1.768713 117 117 123
8.370144 4.242420 -1.855476 54 86 29
10.727504 5.415106 -1.931243 63 101 40
13.919780 7.003310 -1.938406 97 126 73
19.392771 9.726258 -1.922036 200 207 160
59.847160 29.849955 -3.552344 212 215 176
53.796974 26.844599 -1.087555 195 177 118
53.997158 26.948236 1.020069 144 147 130
54.163853 27.035242 3.143987 28 38 28
55.977482 27.941975 5.448537 20 31 32
56.619595 28.265848 7.749327 1 2 5
57.563046 28.739880 10.173377 3 5 13
58.307812 29.115175 12.655450 3 8 12
58.998135 29.463531 15.215992 0 0 1
59.394138 29.665476 17.784618 1 2 4
5.634922 2.856643 -1.732770 16 34 11
6.709155 3.386353 -1.770490 107 118 106
8.395950 4.218065 -1.857820 56 86 33
10.752476 5.380095 -1.932258 66 99 42
13.941854 6.952994 -1.937996 96 125 74
19.422386 9.655870 -1.921490 203 210 158
59.457977 29.397223 -3.522791 216 219 181
53.931320 26.676296 -1.088020 173 148 83
54.114700 26.770777 1.020879 48 62 53
54.386955 26.909128 3.151805 70 86 92
56.130272 27.773294 5.454302 3 7 13
56.754070 28.085342 7.754639 4 10 10
57.562508 28.488644 10.156096 2 5 11
58.276276 28.845388 12.627167 6 14 18
50.724983 25.122147 13.066086 0 1 3
64.388031 31.872211 19.242901 8 12 16
5.649117 2.838480 -1.734004 29 56 16
6.728004 3.365809 -1.772265 56 83 41
8.421680 4.193577 -1.860162 60 90 34
10.777329 5.344971 -1.933271 70 102 47
13.963772 6.902622 -1.937590 100 124 80
19.451797 9.585417 -1.920949 204 210 162
58.268333 28.557552 -3.446144 217 218 179
54.091381 26.520208 -1.089011 200 185 133
54.285671 26.619230 1.022702 12 16 16
55.618210 27.274830 3.217756 7 10 16
56.376846 27.649996 5.469185 18 24 30
57.000019 27.959044 7.775190 6 11 19
57.613533 28.263498 10.148055 1 3 8
58.487541 28.695543 12.651503 30 37 45
61.823902 30.332689 15.888741 1 3 5
68.318970 33.516338 20.380159 3 8 7
5.663267 2.820257 -1.735241 19 44 7
6.746782 3.345170 -1.774037 48 84 27
8.447334 4.168956 -1.862502 70 106 47
10.802062 5.309736 -1.934282 80 109 56
13.985535 6.852193 -1.937187 100 124 82
19.481001 9.514899 -1.920413 207 209 168
58.205334 28.274790 -3.436189 215 217 177
54.271255 26.373133 -1.090407 165 155 132
54.853107 26.659115 1.031955 8 12 15
56.039684 27.238262 3.236930 15 21 27
59.609825 28.972927 5.772397 20 25 31
57.565453 27.986341 7.839143 11 15 24
58.081856 28.241095 10.213326 3 6 13
58.875412 28.630377 12.713942 3 6 11
63.083340 30.675856 16.184446 0 1 3
75.894279 36.895313 22.596525 3 7 14
5.677372 2.801976 -1.736481 32 64 12
6.765487 3.324434 -1.775805 60 97 34
8.472910 4.144201 -1.864839 60 95 39
10.826674 5.274389 -1.935291 80 110 57
14.007144 6.801709 -1.936788 105 125 91
19.510000 9.444318 -1.919881 198 200 163
38.091125 18.366703 -2.247154 186 182 137
40.229023 19.396118 -0.806886 182 171 95
54.643990 26.321970 1.026680 21 25 29
54.831924 26.416307 3.162456 13 17 23
59.565208 28.694290 5.758788 28 31 37
60.308922 29.056105 8.198196 12 16 23
59.962234 28.894072 10.525669 5 9 16
51.684353 24.920065 11.147087 3 6 11
61.691113 29.734409 15.801997 1 1 3
63.557339 30.636536 18.900002 1 2 6
5.691430 2.783635 -1.737723 40 78 15
6.784120 3.303603 -1.777571 49 87 23
8.498407 4.119314 -1.867174 78 112 52
10.851165 5.238931 -1.936299 84 115 61
14.028599 6.751169 -1.936392 108 126 98
19.601192 9.403358 -1.925441 173 178 137
38.106937 18.210199 -2.244077 210 212 176
38.866764 18.574629 -0.778031 178 164 109
54.744118 26.134600 1.027207 22 26 30
54.810299 26.170172 3.156313 26 30 35
59.079506 28.206890 5.702848 13 27 19
64.311600 30.702785 8.726583 3 6 14
59.890717 28.602139 10.496025 2 5 13
71.191093 33.989552 15.315351 1 3 9
61.625351 29.437771 15.759293 5 11 19
76.967979 36.753342 22.839838 1 2 4
5.705440 2.765234 -1.738969 48 85 22
6.802681 3.282678 -1.779334 34 68 16
8.523825 4.094294 -1.869506 77 110 49
10.875533 5.203362 -1.937306 84 112 64
14.049899 6.700575 -1.935999 106 126 94
19.737446 9.383144 -1.935393 208 209 172
38.157730 18.070599 -2.243086 208 209 173
38.650017 18.305601 -0.772156 224 209 175
54.958733 26.001158 1.029881 20 22 25
54.815727 25.937765 3.151778 22 25 31
54.808086 25.938238 5.283432 13 27 19
64.317810 30.430117 8.713436 1 4 11
59.789391 28.297602 10.461407 1 2 7
63.311577 29.964869 13.602176 0 1 5
59.442074 28.142805 15.177767 5 11 19
63.116047 29.882406 18.707705 1 2 6
5.719402 2.746774 -1.740217 30 62 13
6.821170 3.261658 -1.781093 28 57 13
8.546931 4.068100 -1.871356 69 104 41
10.899778 5.167684 -1.938311 89 115 75
14.071045 6.649927 -1.935610 103 123 91
19.811571 9.333019 -1.939293 212 214 176
38.173519 17.914747 -2.240077 209 211 176
38.595062 18.114588 -0.769535 221 206 173
39.509468 18.544863 0.740895 24 28 34
55.035431 25.806261 3.159555 5 13 15
54.852032 25.724592 5.279365 16 26 26
64.318436 30.155691 8.699684 14 19 27
59.662045 27.982603 10.422495 2 5 8
64.740089 30.362680 13.885923 3 6 10
53.285721 25.008383 13.588326 2 4 10
52.770329 24.771381 15.624033 1 4 11
5.733317 2.728255 -1.741468 23 52 8
6.839586 3.240544 -1.782850 53 97 27
8.564943 4.039473 -1.872128 64 98 39
10.923902 5.131896 -1.939314 89 114 76
14.092035 6.599224 -1.935224 102 124 87
19.821726 9.252926 -1.936995 212 213 177
38.218945 17.773016 -2.238835 208 210 175
38.603500 17.953934 -0.768192 170 170 152
39.296749 18.277885 0.736004 17 22 28
64.605026 30.005074 3.701384 13 20 24
54.944176 25.533669 5.279993 17 27 23
60.274044 28.007662 8.141308 1 3 9
60.997063 28.347298 10.638161 34 43 56
53.695942 24.967440 11.504953 2 5 13
53.252804 24.766123 13.558279 1 3 5
52.878059 24.596519 15.630778 4 9 13
5.747184 2.709677 -1.742722 48 73 37
6.857928 3.219336 -1.784603 47 83 24
8.582856 4.010767 -1.872898 56 86 35
10.947900 5.095997 -1.940315 100 129 76
14.112871 6.548468 -1.934842 102 123 84
19.830040 9.172175 -1.934549 213 215 180
38.276821 17.637140 -2.238350 202 205 159
38.626644 17.800488 -0.767154 62 76 61
39.260941 18.094444 0.734422 15 19 24
64.863792 29.849718 3.710625 17 21 31
55.190491 25.413500 5.295429 8 19 15
54.823666 25.249166 7.395719 1 3 9
54.292656 25.009413 9.457309 34 43 56
53.749111 24.763868 11.498153 3 6 10
53.402458 24.608747 13.574758 0 0 3
64.460327 29.693781 19.013536 5 7 11
5.761003 2.691039 -1.743978 33 53 24
6.876195 3.198034 -1.786354 37 75 19
8.600667 3.981982 -1.873666 54 82 33
10.971775 5.059990 -1.941315 104 128 81
14.133553 6.497658 -1.934463 101 121 85
19.837833 9.091388 -1.932084 213 213 183
38.309032 17.489626 -2.236399 214 216 179
38.660580 17.652279 -0.766341 50 62 49
39.274769 17.934414 0.733775 3 5 7
60.244366 27.478861 5.769936 10 21 15
54.955368 25.077080 7.401987 2 6 11
54.402950 24.829826 9.461728 14 21 28
78.157242 35.644627 16.677067 0 3 8
71.227173 32.496185 18.063177 0 1 5
72.243279 32.964329 21.269844 2 5 8
5.774773 2.672342 -1.745237 36 57 27
6.894387 3.176638 -1.788101 41 66 31
8.618379 3.953118 -1.874433 52 77 32
10.995524 5.023875 -1.942313 105 130 82
14.154078 6.446795 -1.934087 98 118 84
19.878572 9.025639 -1.932832 207 209 172
38.342278 17.342821 -2.234540 191 177 113
38.696007 17.504976 -0.765570 51 67 52
39.356369 17.805326 0.734394 120 115 53
60.232857 27.219614 5.760136 17 25 30
55.040955 24.883831 7.402146 28 35 35
55.223389 24.970190 9.589179 21 29 27
78.320320 35.388721 16.685934 5 11 24
71.841522 32.472942 18.190332 2 4 8
5.788494 2.653586 -1.746499 42 66 31
6.912504 3.155149 -1.789845 62 85 52
8.635987 3.924177 -1.875199 72 99 50
11.019148 4.987651 -1.943309 100 125 80
14.174449 6.395880 -1.933715 80 101 65
19.932070 8.965503 -1.934830 160 172 129
38.348003 17.183968 -2.231118 201 187 121
38.724571 17.354826 -0.764674 43 56 42
39.437057 17.675667 0.735005 128 103 46
90.615196 40.524895 5.156601 11 21 21
63.191864 28.287539 6.033227 1 3 9
69.583855 31.146584 9.337543 43 52 66
55.149544 24.704979 9.561790 13 16 25
54.446434 24.395054 11.592882 1 4 10
72.464317 32.449261 18.319445 0 2 5
74.050362 33.163620 21.733191 1 2 5
5.802166 2.634771 -1.747764 50 74 42
6.930544 3.133567 -1.791586 83 106 77
8.653495 3.895158 -1.875963 68 99 47
11.042645 4.951320 -1.944304 100 133 74
14.194665 6.344913 -1.933346 73 89 63
19.985382 8.905100 -1.936827 194 200 152
38.413601 17.052031 -2.231200 203 192 157
38.749310 17.203251 -0.763714 44 57 44
39.507885 17.541491 0.735442 15 19 26
86.717880 38.421986 4.928238 14 25 25
63.242046 28.044939 6.029075 7 13 23
85.940651 38.090900 11.509655 13 23 28
55.324074 24.551003 9.577465 5 7 14
66.692871 29.586136 14.170774 11 22 38
64.039795 28.416969 16.169943 0 2 5
73.637405 32.670574 21.579269 0 2 4
5.815789 2.615897 -1.749031 37 57 22
6.948507 3.111891 -1.793324 62 87 49
8.670900 3.866061 -1.876725 62 95 41
11.060456 4.912447 -1.944332 97 129 72
14.214725 6.293893 -1.932981 61 81 51
20.038507 8.844430 -1.938823 206 212 168
38.447468 16.906151 -2.229473 92 96 71
38.778652 17.053989 -0.762856 47 63 51
39.669243 17.446884 0.737560 10 15 25
86.894325 38.137280 4.931245 34 44 40
63.292110 27.802683 6.024998 8 15 26
85.940308 37.731964 11.492519 8 15 24
55.581081 24.432432 9.607425 8 13 17
77.617149 34.096272 16.461260 28 33 42
64.325836 28.274826 16.217480 0 3 7
58.461212 25.708101 17.116068 2 4 10
5.829362 2.596965 -1.750301 35 59 19
6.966393 3.090123 -1.795058 68 94 59
8.688204 3.836888 -1.877486 72 107 52
11.076301 4.872717 -1.944043 92 123 70
14.234631 6.242822 -1.932619 69 97 54
20.091446 8.783493 -1.940817 204 210 166
38.472874 16.756809 -2.227290 47 51 33
38.830845 16.914886 -0.762458 42 56 47
39.882259 17.373854 0.740635 12 17 25
87.424126 38.005535 4.954285 33 47 59
63.342094 27.560785 6.021000 8 15 25
65.027878 28.297157 8.688894 5 11 19
68.784477 29.932819 11.865027 15 27 31
55.806984 24.303114 11.828170 28 33 42
72.765915 31.672243 18.312397 3 7 12
58.414303 25.444162 17.076763 9 19 33
5.842999 2.578022 -1.751607 28 50 18
6.984200 3.068263 -1.796789 75 101 65
8.705403 3.807638 -1.878246 92 118 69
11.092026 4.832946 -1.943757 92 123 70
14.254380 6.191700 -1.932260 69 102 51
20.144194 8.722290 -1.942810 191 200 156
38.520069 16.617104 -2.226395 44 47 25
38.913502 16.788931 -0.762666 34 49 39
40.130653 17.314760 0.744364 27 41 42
90.916626 39.150387 8.622157 11 19 32
65.028107 28.027264 8.676276 4 9 18
69.006996 29.742939 11.885852 10 17 30
55.821701 24.077623 11.813837 18 24 35
54.248871 23.405327 13.642906 13 23 35
58.367535 25.181408 17.037825 1 4 4
5.856865 2.559138 -1.752997 17 32 12
7.001928 3.046310 -1.798516 103 122 98
8.722500 3.778311 -1.879004 92 118 75
11.107626 4.793130 -1.943474 97 127 75
14.273974 6.140528 -1.931905 68 100 50
20.196751 8.660821 -1.944801 176 184 136
38.583340 16.484325 -2.226454 35 34 20
39.030094 16.677217 -0.763544 92 75 60
40.544430 17.324493 0.751137 39 51 49
90.116844 38.433838 8.534318 30 40 53
84.963051 36.246033 11.312551 19 31 36
64.229988 27.422995 11.049031 2 4 11
55.982376 23.914879 11.830443 8 11 13
56.508224 24.143129 14.188534 3 9 16
58.320908 24.919828 16.999252 2 4 9
5.870663 2.540185 -1.754384 18 45 6
7.019578 3.024265 -1.800241 86 118 64
8.739493 3.748909 -1.879760 85 111 73
11.123101 4.753272 -1.943194 98 127 77
14.293413 6.089305 -1.931554 68 99 49
20.249115 8.599087 -1.946791 155 168 121
33.024811 13.983015 -1.903656 54 49 31
39.300343 16.629766 -0.767424 54 45 35
84.960968 35.888496 8.035713 23 36 40
69.765892 29.487455 9.280026 19 31 36
70.482338 29.799997 14.863847 3 6 12
56.345768 23.841259 14.127344 2 6 13
59.058186 24.990128 17.188507 29 35 44
5.884390 2.521162 -1.755767 9 26 3
7.037150 3.002131 -1.801962 86 115 64
8.756382 3.719431 -1.880514 88 110 74
11.138453 4.713371 -1.942916 97 126 77
14.312696 6.038033 -1.931205 72 102 52
20.301285 8.537087 -1.948779 138 160 104
33.110085 13.882391 -1.905538 41 38 23
32.133354 13.477225 -0.626494 32 31 31
69.835098 29.229309 9.276088 43 52 55
77.389160 32.395023 16.293554 5 10 20
56.536991 23.689169 14.154788 17 22 28
57.659039 24.162359 16.758280 18 29 39
5.898043 2.502067 -1.757147 13 30 6
7.054643 2.979904 -1.803680 65 94 45
8.773166 3.689878 -1.881267 79 100 74
11.153679 4.673427 -1.942641 115 138 96
14.331824 5.986710 -1.930861 76 104 56
20.353256 8.474824 -1.950766 159 177 116
33.226582 13.794365 -1.909224 33 36 19
33.634995 13.965513 -0.654554 53 47 34
85.716652 35.503090 8.084593 94 106 110
90.739288 37.586018 12.028926 8 15 28
85.178192 35.292931 14.580494 25 35 39
77.210678 32.003769 16.233027 4 9 18
74.221573 30.773010 18.542814 4 9 19
56.573681 23.476587 16.420298 2 6 10
5.911624 2.482904 -1.758523 17 34 8
7.072053 2.957587 -1.805394 51 81 31
8.789845 3.660250 -1.882019 88 111 73
11.168780 4.633441 -1.942370 115 137 98
14.350796 5.935338 -1.930519 86 113 67
20.405031 8.412296 -1.952751 195 206 145
33.205471 13.649496 -1.905054 47 51 38
33.765930 13.881172 -0.655929 20 18 13
85.006447 34.868088 11.254823 8 15 28
58.234322 23.916533 12.234959 7 14 24
80.519554 33.049110 20.084372 15 23 35
54.012241 22.195631 15.656911 2 6 10
5.925135 2.463671 -1.759895 14 26 6
7.089381 2.935178 -1.807105 65 98 42
8.806406 3.630543 -1.882766 98 117 85
11.183757 4.593414 -1.942100 113 135 98
14.369613 5.883918 -1.930181 90 120 67
20.456606 8.349504 -1.954734 199 210 154
33.507084 13.635875 -1.919340 54 77 46
33.815994 13.763403 -0.655739 50 43 33
58.168419 23.652155 12.204187 0 3 8
71.457573 29.045771 17.803875 5 10 17
64.679947 26.302113 18.713518 22 24 24
5.938573 2.444370 -1.761264 17 30 10
7.106627 2.912679 -1.808812 60 93 40
8.822877 3.600768 -1.883514 102 118 89
11.198608 4.553345 -1.941834 112 130 97
14.388272 5.832449 -1.929847 88 121 67
20.507978 8.286450 -1.956716 161 176 119
39.346462 15.840281 -2.249204 68 74 58
40.865364 16.452141 -0.790873 44 39 30
80.327667 32.286896 4.504565 30 37 50
89.840363 36.109032 8.438453 57 71 84
91.684357 36.855446 12.104094 48 61 60
67.796494 27.280191 14.198808 2 5 10
71.787094 28.887405 17.861115 5 9 14
56.364403 22.699799 16.291264 4 7 10
5.951939 2.425000 -1.762629 15 30 10
7.123788 2.890089 -1.810515 78 112 48
8.839242 3.570919 -1.884261 102 118 86
11.215441 4.514070 -1.941930 107 127 92
14.406776 5.780932 -1.929515 81 116 56
20.559147 8.223133 -1.958696 159 174 129
33.350327 13.300846 -1.904603 61 90 53
33.637856 13.417364 -0.650012 40 41 29
80.221832 31.913445 1.470072 38 45 53
80.172203 31.899473 4.490146 30 42 47
80.249519 31.935928 7.529488 34 44 56
80.601570 32.081562 10.629486 33 41 54
91.320908 36.346054 15.544134 16 24 31
69.231041 27.575199 14.478780 2 5 12
85.736000 34.139965 21.294468 5 11 20
56.522327 22.533806 16.314417 8 14 11
5.965231 2.405562 -1.763991 12 28 3
7.140866 2.867409 -1.812214 74 107 45
8.855500 3.540997 -1.885007 83 111 70
11.237247 4.476739 -1.942899 100 121 83
14.425125 5.729367 -1.929188 81 114 62
20.610111 8.159554 -1.960674 156 170 128
32.449242 12.811673 -1.850555 61 90 53
79.326782 31.231718 -1.529133 13 14 9
80.045540 31.519815 1.465366 90 93 93
80.103645 31.548365 4.480669 29 40 47
80.265450 31.617706 7.521140 25 34 41
80.499733 31.715601 10.601995 42 52 51
80.595879 31.759262 13.703654 17 27 32
86.644966 34.144421 18.087376 48 57 70
80.276039 31.645365 19.914085 2 6 10
56.680660 22.367329 16.337820 5 11 9
5.978450 2.386056 -1.765349 11 28 3
7.157859 2.844639 -1.813909 74 107 46
8.871652 3.511002 -1.885750 78 104 59
11.258922 4.439307 -1.943865 102 118 78
14.443317 5.677755 -1.928863 82 115 62
20.647667 8.090581 -1.961404 158 171 127
32.440903 12.677217 -1.847339 54 80 48
79.485245 30.973484 -1.529567 6 9 4
80.161125 31.242014 1.466007 44 55 50
80.291344 31.298380 4.485553 49 63 53
80.466675 31.372335 7.530206 31 42 44
80.679291 31.460863 10.611641 27 40 42
80.656517 31.457851 13.695779 25 34 38
80.850540 31.539301 16.857664 50 58 54
56.195641 21.945406 13.934312 12 19 29
56.839401 22.200365 16.361481 2 5 4
5.991596 2.366483 -1.766703 11 27 4
7.174766 2.821780 -1.815601 62 94 33
8.887696 3.480934 -1.886492 71 95 53
11.280462 4.401773 -1.944829 88 109 62
14.461353 5.626096 -1.928542 79 111 56
20.646843 8.006768 -1.958539 202 205 166
32.539474 12.584320 -1.850212 78 91 70
44.785664 17.299623 -0.860722 53 57 37
80.408485 31.014883 1.469066 32 51 43
80.797890 31.170519 4.508228 33 47 50
80.905151 31.229254 13.719905 31 47 47
80.908592 31.236502 16.847511 6 11 22
74.768295 28.876303 18.501335 55 55 35
72.794365 28.121124 20.912943 13 19 17
6.004667 2.346842 -1.768054 30 50 21
7.191587 2.798831 -1.817288 52 85 27
8.903632 3.450794 -1.887232 71 96 52
11.301868 4.364140 -1.945792 86 110 65
14.479234 5.574390 -1.928225 74 107 49
20.645512 7.922993 -1.955657 178 188 146
40.233311 15.383111 -2.282762 6 10 5
79.948738 30.511618 -1.533289 27 27 21
89.743416 34.267475 11.770756 39 55 44
87.706375 33.497429 14.851523 59 64 48
68.402191 26.143541 14.230206 6 11 22
74.833603 28.601252 18.493223 46 46 32
57.358410 21.941343 16.466900 2 7 6
6.017663 2.327133 -1.769401 22 39 13
7.208322 2.775793 -1.818971 53 91 29
8.924591 3.422514 -1.889039 70 93 48
11.323130 4.326402 -1.946750 78 100 60
14.496957 5.522638 -1.927911 69 102 47
20.643677 7.839260 -1.952760 187 194 151
40.754723 15.418341 -2.308928 1 4 2
43.325710 16.390133 -0.829899 61 68 44
90.108780 34.046360 11.803560 33 49 48
76.376999 28.878605 15.864658 10 17 29
79.208580 29.952784 19.546618 36 45 44
74.013504 27.997929 21.206903 10 20 17
6.030584 2.307358 -1.770744 33 50 24
7.224965 2.752665 -1.820650 65 105 35
8.947410 3.394855 -1.891250 99 119 80
11.344248 4.288562 -1.947705 77 99 59
14.517604 5.471988 -1.928006 75 110 54
20.641340 7.755572 -1.949846 181 194 151
52.444542 19.613506 -2.965036 69 88 61
80.758530 30.174873 -1.543668 13 17 10
88.161232 32.960190 11.534428 54 71 79
66.078857 24.729486 13.712817 10 17 29
63.676590 23.837412 15.701722 59 68 51
56.867680 21.299376 16.284281 14 19 19
6.043429 2.287516 -1.772084 42 57 41
7.241517 2.729447 -1.822323 59 95 34
8.970126 3.367071 -1.893457 96 118 78
11.365231 4.250623 -1.948658 77 103 60
14.547011 5.424555 -1.929273 80 116 58
20.638504 7.671935 -1.946917 198 206 164
52.697224 19.497828 -2.975083 71 91 61
43.348934 16.052902 -0.827604 59 57 42
91.321739 33.782829 15.403748 35 45 46
73.830254 27.329266 15.297940 8 14 22
63.540760 23.533695 15.648464 15 22 29
73.677872 27.283939 21.057041 3 5 8
6.056198 2.267608 -1.773420 37 53 28
7.257981 2.706142 -1.823992 63 99 35
8.992737 3.339161 -1.895659 103 124 84
11.386077 4.212586 -1.949609 79 106 63
14.564671 5.372755 -1.929020 97 129 76
20.637844 7.589325 -1.944223 181 194 151
52.877411 19.354233 -2.981058 86 108 73
83.327614 30.470648 -1.587546 50 46 34
76.427322 27.979515 12.880163 39 50 51
64.550636 23.645647 13.362887 8 14 22
63.405720 23.231997 15.595727 43 57 64
56.230640 20.614100 16.061722 1 3 4
6.068890 2.247634 -1.774752 24 42 15
7.274356 2.682749 -1.825657 67 101 39
9.015237 3.311125 -1.897855 102 122 83
11.401513 4.172548 -1.949668 88 115 69
14.571486 5.317050 -1.927370 98 126 76
20.730158 7.540482 -1.950250 136 151 115
53.061806 19.211266 -2.987289 80 101 68
83.987305 30.378971 -1.597524 76 63 51
76.636635 27.752542 12.899513 30 42 43
64.611130 23.411821 13.358870 45 62 54
63.271465 22.932291 15.543505 113 100 90
57.169964 20.730902 16.308935 1 3 4
6.081505 2.227594 -1.776079 20 36 13
7.290640 2.659268 -1.827318 70 104 44
9.037631 3.282965 -1.900047 96 116 76
11.415051 4.131826 -1.949429 84 109 68
14.583228 5.263197 -1.926393 76 109 52
20.871910 7.508762 -1.960898 158 169 130
53.286919 19.081907 -2.995821 85 107 72
80.479568 28.794924 -1.528384 83 69 56
86.449455 30.950863 11.255712 44 52 55
89.573174 32.079967 18.483824 10 16 28
59.966385 21.500538 14.715667 113 100 90
64.900749 23.269674 18.485121 9 18 30
6.094044 2.207489 -1.777404 14 28 7
7.306834 2.635700 -1.828974 63 96 41
9.059919 3.254681 -1.902234 86 104 69
11.428462 4.091067 -1.949194 72 101 52
14.600013 5.211175 -1.926099 75 108 54
21.011328 7.475309 -1.971325 141 156 118
43.573833 15.442580 -2.447638 37 40 21
79.248718 28.043303 -1.502630 78 69 56
86.242508 30.537245 11.215484 31 38 47
90.673317 32.116135 18.687834 10 17 29
65.026436 23.053488 15.934584 57 67 72
65.053093 23.067757 18.505878 3 8 8
6.106507 2.187320 -1.778725 25 44 15
7.322937 2.612046 -1.830626 59 94 42
9.082099 3.226274 -1.904416 87 105 73
11.441747 4.050270 -1.948961 70 100 50
14.616641 5.159110 -1.925809 71 104 52
21.118988 7.429881 -1.978791 111 131 98
43.752556 15.333499 -2.454347 35 40 21
44.656528 15.652238 -0.845731 56 56 41
90.116806 31.565332 18.551191 33 44 44
58.811211 20.624371 14.398222 57 67 72
59.009682 20.698160 16.770914 3 8 8
6.118892 2.167085 -1.780042 30 53 17
7.338947 2.588305 -1.832274 62 96 44
9.104171 3.197744 -1.906593 85 107 73
11.454904 4.009436 -1.948731 71 99 50
14.633112 5.107001 -1.925523 73 106 53
21.113062 7.344608 -1.975700 143 158 121
43.883186 15.206836 -2.458380 43 59 38
44.150738 15.302290 -0.834854 51 54 38
92.030762 31.867203 15.411096 32 43 45
89.565880 31.021683 18.416250 43 57 49
87.852646 30.435802 21.462408 223 229 234
59.224285 20.540884 16.811735 10 13 18
6.131197 2.146786 -1.781355 26 51 14
7.354865 2.564478 -1.833917 54 84 36
9.119986 3.166995 -1.907501 79 105 67
11.467935 3.968565 -1.948504 70 99 49
14.649426 5.054849 -1.925239 76 109 58
21.106642 7.259413 -1.972594 143 158 123
69.633530 23.824072 -3.891905 199 202 163
79.218361 27.101091 -1.495029 2 5 7
89.678368 30.703503 15.000515 35 48 48
66.561852 22.808460 13.679246 34 51 70
73.677635 25.246084 17.985001 65 79 86
66.572891 22.822018 18.869686 27 34 45
6.143424 2.126423 -1.782664 23 38 11
7.370689 2.540565 -1.835555 80 106 70
9.134805 3.135873 -1.908224 77 105 65
11.480839 3.927658 -1.948280 66 97 44
14.669636 5.004022 -1.925487 89 117 74
21.099728 7.174299 -1.969474 125 139 122
69.852501 23.626272 -3.899036 195 199 160
79.343224 26.834223 -1.495085 0 2 4
92.735481 31.360512 1.675402 15 25 30
66.530388 22.538044 13.657043 44 57 55
87.402657 29.597509 21.303003 74 80 91
74.433418 25.219536 21.067633 162 176 181
6.155571 2.105996 -1.783969 18 36 10
7.386420 2.516567 -1.837189 81 107 73
9.149510 3.104683 -1.908946 76 101 62
11.493615 3.886715 -1.948058 66 96 44
14.697294 4.955656 -1.926723 99 124 87
21.092325 7.089270 -1.966340 119 135 115
70.086525 23.432428 -3.907032 195 199 160
79.524117 26.585804 -1.496211 0 1 3
92.494270 30.919235 1.669713 23 33 39
88.456512 29.596714 14.762871 27 36 42
89.807808 30.054430 18.402147 59 76 63
91.480629 30.619850 22.269535 50 64 68
74.523323 24.959816 21.068823 186 199 198
6.167637 2.085506 -1.785269 13 30 6
7.402056 2.492483 -1.838818 89 115 78
9.164103 3.073426 -1.909666 83 110 68
11.506266 3.845736 -1.947839 70 97 51
14.724777 4.907153 -1.927958 101 126 93
21.084435 7.004331 -1.963193 138 155 115
70.288422 23.226812 -3.913269 197 199 159
79.722977 26.342627 -1.497687 1 3 5
92.647591 30.610786 1.671149 11 18 29
87.943649 29.084017 14.661039 49 66 63
62.805714 20.800003 17.743362 186 199 198
6.179622 2.064952 -1.786566 12 31 5
7.417601 2.468317 -1.840443 81 113 64
9.178581 3.042102 -1.910383 75 107 57
11.518788 3.804722 -1.947623 65 90 47
14.752084 4.858511 -1.929189 96 120 85
21.076059 6.919483 -1.960031 148 167 113
68.151237 22.258184 -3.789692 197 199 159
79.947578 26.107010 -1.499658 2 5 6
92.815010 30.306572 1.672858 9 19 26
74.703545 24.440435 21.072077 15 29 45
6.191526 2.044335 -1.787858 18 44 5
7.433052 2.444066 -1.842064 82 112 66
9.192954 3.010713 -1.911101 80 98 69
11.531183 3.763673 -1.947410 72 93 56
14.763602 4.804709 -1.928399 91 116 78
21.067202 6.834732 -1.956856 117 142 94
68.240868 22.023575 -3.789927 199 198 164
80.332321 25.921932 -1.504637 92 100 107
93.279747 30.097647 1.679925 12 19 32
58.783901 19.007700 12.017042 96 108 120
83.333290 26.935400 23.474869 23 38 48
6.203349 2.023655 -1.789145 33 57 15
7.448406 2.419732 -1.843680 85 112 74
9.207211 2.979259 -1.911816 77 95 68
11.545363 3.723196 -1.947518 70 93 54
14.767303 4.748462 -1.926623 90 113 77
21.057865 6.750081 -1.953669 121 142 100
49.093479 15.669614 -2.725004 101 123 84
81.310783 25.923487 -1.520717 62 72 83
58.906372 18.819847 12.028947 72 85 70
60.607433 19.366156 14.702310 22 35 44
63.418812 20.266676 17.856684 96 108 114
6.215089 2.002913 -1.790429 41 58 21
7.463663 2.395314 -1.845291 94 117 87
9.221354 2.947739 -1.912529 73 91 66
11.564256 3.684191 -1.948434 68 89 52
14.770717 4.692224 -1.924837 87 111 75
21.093767 6.679895 -1.954677 112 136 101
70.723022 22.277756 -3.917890 195 195 157
78.722298 24.797026 -1.470185 94 100 108
59.029186 18.631662 12.041043 74 87 81
60.566788 19.119982 14.676665 38 44 50
63.870998 20.164883 17.964247 94 105 111
6.226748 1.982109 -1.791708 42 59 21
7.478822 2.370813 -1.846897 103 123 98
9.235381 2.916153 -1.913241 73 91 66
11.583006 3.645094 -1.949347 73 93 60
14.774282 4.636133 -1.923098 90 113 79
21.138969 6.612499 -1.956562 112 135 101
71.315773 22.190191 -3.945894 202 204 166
78.427185 24.403168 -1.462561 118 123 131
59.113850 18.431175 12.045510 84 95 74
60.526264 18.874670 14.651285 15 25 38
64.075859 19.983227 18.002493 15 28 32
6.238322 1.961243 -1.792983 43 65 22
7.493883 2.346228 -1.848498 95 115 87
9.249292 2.884502 -1.913950 92 110 92
11.601611 3.605908 -1.950257 75 94 63
14.789182 4.583611 -1.922846 99 122 90
21.206734 6.551851 -1.960538 194 199 164
71.520775 21.979797 -3.952485 203 205 166
78.348068 24.078465 -1.458997 49 56 64
58.999611 18.169451 12.009744 45 53 55
60.485863 18.630211 14.626167 8 16 26
64.281364 19.800735 18.041061 64 77 80
6.249814 1.940316 -1.794253 45 69 23
7.508845 2.321562 -1.850094 98 115 92
9.263088 2.852787 -1.914657 92 109 92
11.620072 3.566632 -1.951165 74 93 63
14.803924 4.531050 -1.922598 100 123 90
21.347532 6.512968 -1.971231 158 168 130
69.067932 20.963657 -3.812642 204 205 168
78.256416 23.751205 -1.455225 79 87 97
58.928822 17.922260 11.983009 21 28 37
58.641365 17.839293 14.166694 8 16 26
64.487534 19.617399 18.079950 37 51 61
6.261221 1.919327 -1.795519 47 68 24
7.523707 2.296813 -1.851685 97 114 85
9.276767 2.821009 -1.915363 95 113 94
11.638390 3.527267 -1.952071 74 94 66
14.818507 4.478450 -1.922352 103 124 94
21.488937 6.473367 -1.981978 166 174 135
49.901489 14.969701 -2.753217 151 159 119
50.258404 15.079865 -0.933526 125 130 140
58.866299 17.678560 11.958151 54 62 61
58.665173 17.622538 14.157933 20 30 29
76.468033 22.960724 21.408152 20 31 44
6.272540 1.898277 -1.796779 45 66 21
7.538468 2.271983 -1.853271 91 109 82
9.290330 2.789166 -1.916066 102 118 103
11.656561 3.487813 -1.952975 73 90 64
14.832934 4.425811 -1.922111 106 127 101
22.043804 6.554880 -2.030581 190 200 156
69.351311 20.520794 -3.819358 204 205 168
78.151482 23.123814 -1.449213 109 118 130
93.370636 27.656059 18.928127 22 30 42
58.688965 17.406061 14.149360 19 28 37
58.038063 17.217789 16.243250 124 138 146
6.283774 1.877167 -1.798034 47 70 22
7.553129 2.247071 -1.854852 88 104 84
9.303775 2.757260 -1.916767 91 108 83
11.674586 3.448271 -1.953876 70 89 62
14.847202 4.373135 -1.921872 105 127 96
22.187550 6.512587 -2.041501 166 178 125
72.284485 21.111984 -3.976069 206 206 170
78.256210 22.857454 -1.449153 70 76 84
94.209419 27.539604 15.540411 33 44 54
60.325436 17.660683 14.528279 33 47 61
77.713654 22.742744 21.712334 9 16 26
6.294923 1.855996 -1.799285 52 76 28
7.567688 2.222079 -1.856427 86 102 79
9.317102 2.725292 -1.917466 83 105 73
11.692465 3.408642 -1.954774 73 92 64
14.861314 4.320420 -1.921637 107 128 95
22.232971 6.441105 -2.043439 140 157 99
72.491814 20.897537 -3.982949 187 190 150
78.428078 22.610220 -1.450351 59 66 74
61.943504 17.893648 12.544080 21 30 36
61.508881 17.772829 14.797934 21 31 42
77.868484 22.492685 21.734028 15 26 29
6.305986 1.834766 -1.800531 49 72 26
7.582145 2.197006 -1.857997 82 100 70
9.330313 2.693261 -1.918163 75 95 60
11.710196 3.368926 -1.955670 70 88 62
14.875267 4.267668 -1.921406 109 131 96
22.278135 6.369377 -2.045375 106 132 76
72.684654 20.677963 -3.989066 188 193 153
78.546654 22.347155 -1.450577 81 87 95
61.651649 17.580542 14.817802 26 38 47
6.316964 1.813477 -1.801773 40 60 21
7.596497 2.171853 -1.859561 71 94 54
9.343404 2.661169 -1.918858 66 92 50
11.721748 3.327435 -1.955569 92 113 80
14.889062 4.214879 -1.921178 109 131 94
22.323036 6.297402 -2.047306 103 130 75
72.846825 20.448893 -3.993538 200 204 169
78.823807 22.128206 -1.453742 103 109 113
59.608017 16.769857 12.049300 77 86 66
57.707485 16.240780 13.859148 13 22 28
78.134628 21.978621 21.765991 6 13 21
6.327855 1.792130 -1.803010 32 48 17
7.610741 2.146619 -1.861119 58 83 43
9.356377 2.629015 -1.919551 63 89 47
11.732669 3.285771 -1.955388 85 114 66
14.902699 4.162053 -1.920954 106 129 85
22.367676 6.225183 -2.049235 159 173 114
73.054932 20.231827 -4.000559 204 206 172
79.125526 21.914543 -1.457367 65 74 57
93.682304 25.969690 15.394932 20 31 31
59.798622 16.597799 12.076377 16 23 30
61.974335 17.204407 14.866857 43 50 52
78.213295 21.705887 21.767218 15 24 28
6.338659 1.770723 -1.804242 31 46 16
7.624881 2.121306 -1.862671 54 80 42
9.369231 2.596801 -1.920242 76 101 67
11.743462 3.244076 -1.955211 87 114 69
14.916178 4.109191 -1.920732 99 127 73
22.401306 6.149792 -2.050182 149 165 117
73.242287 20.008074 -4.006479 205 207 173
61.360359 16.799103 12.379409 11 17 28
62.140842 17.016609 14.892821 68 76 72
78.699966 21.544586 21.881908 7 15 16
6.349375 1.749259 -1.805470 34 53 18
7.638916 2.095914 -1.864217 61 91 45
9.381966 2.564526 -1.920930 87 109 76
11.754125 3.202350 -1.955036 88 113 72
14.929499 4.056293 -1.920515 98 127 68
22.384907 6.060864 -2.046605 103 128 82
73.404953 19.776804 -4.011086 197 201 166
79.709244 21.476833 -1.464274 36 42 28
62.308216 16.828239 14.919127 14 24 38
78.701454 21.249479 21.862165 5 13 14
6.360004 1.727736 -1.806692 49 74 32
7.652846 2.070445 -1.865759 66 94 56
9.394582 2.532191 -1.921616 65 90 55
11.764660 3.160594 -1.954863 82 109 67
14.942662 4.003360 -1.920301 96 128 67
22.368034 5.972092 -2.043017 123 143 92
73.567741 19.544865 -4.015739 188 191 158
80.024834 21.261837 -1.468174 59 67 44
62.476463 16.639290 14.945776 46 60 73
78.776550 20.974472 21.863110 5 13 15
6.370545 1.706157 -1.807910 51 78 35
7.666670 2.044897 -1.867294 73 99 64
9.407077 2.499796 -1.922301 84 111 68
11.775065 3.118809 -1.954694 91 113 77
14.955667 3.950391 -1.920090 95 130 65
22.350693 5.883481 -2.039419 109 135 87
73.784859 19.326418 -4.023387 190 193 159
78.851440 20.699394 21.864262 9 17 20
6.380997 1.684520 -1.809123 42 61 31
7.680387 2.019272 -1.868824 67 93 55
9.420890 2.467712 -1.923272 85 111 70
11.785342 3.076993 -1.954527 92 114 80
14.968513 3.897387 -1.919883 101 139 71
22.332888 5.795031 -2.035810 117 143 92
73.965080 19.097349 -4.029060 198 200 163
91.374329 23.588263 -1.672047 61 61 44
78.929909 20.425224 21.866671 13 23 21
6.391360 1.662827 -1.810331 45 64 35
7.693997 1.993570 -1.870348 70 94 54
9.439837 2.436892 -1.925295 78 104 63
11.795489 3.035148 -1.954364 91 112 81
14.981201 3.844349 -1.919679 118 145 98
22.314621 5.706748 -2.032190 120 147 93
74.178535 18.875874 -4.036576 190 193 157
83.880554 21.344757 -1.533054 76 73 56
6.401633 1.641077 -1.811534 52 73 44
7.707500 1.967792 -1.871866 73 95 58
9.458710 2.405976 -1.927323 75 101 60
11.805509 2.993274 -1.954203 89 111 80
14.993731 3.791276 -1.919479 117 146 98
22.334915 5.628392 -2.032089 197 207 156
74.360954 18.645536 -4.042439 188 191 156
80.308502 20.138878 -1.465979 76 73 56
6.411817 1.619272 -1.812731 61 82 51
7.720893 1.941938 -1.873378 77 98 64
9.477507 2.374963 -1.929356 71 95 54
11.815397 2.951371 -1.954045 83 105 70
15.006103 3.738170 -1.919282 112 143 92
22.376722 5.555333 -2.033957 159 170 115
74.574142 18.421911 -4.050008 194 197 162
6.421909 1.597411 -1.813924 70 92 56
7.734177 1.916008 -1.874884 84 106 74
9.496227 2.343853 -1.931393 70 96 53
11.825120 2.909431 -1.953883 86 107 72
15.018315 3.685030 -1.919088 113 145 91
22.418257 5.482041 -2.035821 118 138 96
74.821587 18.205503 -4.059465 193 196 161
79.769150 19.411985 -1.452589 81 81 64
6.431913 1.575495 -1.815112 59 83 45
7.747352 1.890004 -1.876385 87 109 75
9.514872 2.312648 -1.933434 59 87 43
11.834753 2.867473 -1.953731 91 113 78
15.030369 3.631857 -1.918898 119 146 96
22.237001 5.355336 -2.017613 128 147 105
75.000511 17.971352 -4.065245 182 187 153
6.441827 1.553525 -1.816296 51 75 34
7.760416 1.863925 -1.877879 97 116 89
9.533438 2.281346 -1.935480 60 87 45
11.844421 2.825526 -1.953609 96 117 83
15.042265 3.578651 -1.918712 123 148 101
22.216473 5.267929 -2.013945 150 165 123
75.305397 17.765993 -4.077871 182 189 151
6.451650 1.531501 -1.817474 52 78 38
7.772371 1.837541 -1.879131 90 109 81
9.551927 2.249949 -1.937531 63 94 47
11.859941 2.784935 -1.954463 98 121 76
15.054002 3.525414 -1.918529 124 148 104
22.200588 5.181883 -2.010726 192 198 150
75.569107 17.549303 -4.088299 192 195 159
6.461381 1.509423 -1.818648 56 81 45
7.783891 1.811017 -1.880300 80 99 71
9.570338 2.218455 -1.939585 66 95 49
11.875306 2.744266 -1.955314 105 130 83
15.059258 3.470703 -1.917552 125 148 105
22.240396 5.108784 -2.012546 160 172 125
75.897217 17.345812 -4.102231 201 202 168
6.471019 1.487291 -1.819816 53 80 46
7.797482 1.784919 -1.881980 73 95 66
9.588671 2.186865 -1.941645 64 94 46
11.890517 2.703520 -1.956162 106 133 84
15.052497 3.413348 -1.915085 126 148 108
22.279924 5.035461 -2.014362 112 135 93
76.177849 17.129702 -4.113626 190 193 160
6.480565 1.465107 -1.820978 62 90 48
7.810999 1.758751 -1.883663 84 100 79
9.602308 2.154162 -1.942789 64 96 44
11.905575 2.662698 -1.957008 106 131 87
15.045569 3.356093 -1.912624 125 148 107
22.319172 4.961915 -2.016174 105 130 87
76.523987 16.926428 -4.128580 181 186 152
6.490017 1.442869 -1.822135 62 90 49
7.824061 1.732430 -1.885259 95 108 90
9.613413 2.120865 -1.943450 77 112 51
11.920476 2.621800 -1.957851 114 135 102
15.038477 3.298939 -1.910170 123 149 105
22.352482 4.886919 -2.017474 104 131 86
64.581627 14.053931 -3.482176 119 135 102
6.499376 1.420580 -1.823287 55 79 48
7.836450 1.705914 -1.886716 98 114 93
9.624393 2.087515 -1.944109 71 105 46
11.935223 2.580827 -1.958691 115 139 99
15.031219 3.241885 -1.907722 124 149 103
22.329094 4.799711 -2.013714 183 191 152
64.063232 13.706854 -3.451261 80 104 71
6.508640 1.398239 -1.824434 56 76 49
7.848725 1.679327 -1.888166 98 112 93
9.635246 2.054111 -1.944766 70 104 47
11.949813 2.539779 -1.959527 116 140 102
15.041792 3.188705 -1.907541 120 143 101
22.305279 4.712705 -2.009946 215 220 178
64.107651 13.481956 -3.450681 134 148 115
6.517810 1.375846 -1.825575 55 73 53
7.860885 1.652670 -1.889611 100 115 96
9.645974 2.020654 -1.945420 71 105 48
11.964247 2.498657 -1.960362 111 135 96
15.052361 3.135528 -1.907383 122 145 103
22.300947 4.630008 -2.007952 185 194 153
64.242905 13.275797 -3.455018 134 149 116
6.526885 1.353402 -1.826711 58 76 56
7.872929 1.625943 -1.891048 84 105 81
9.656577 1.987145 -1.946072 78 109 56
11.978524 2.457462 -1.961193 86 114 72
15.062773 3.082321 -1.907228 119 139 104
22.338512 4.555939 -2.009732 135 153 109
67.914909 13.785060 -3.649092 156 165 130
6.535862 1.330907 -1.827840 48 63 44
7.884856 1.599147 -1.892480 83 105 72
9.667052 1.953585 -1.946721 78 108 60
11.992643 2.416194 -1.962021 81 113 65
15.073025 3.029086 -1.907077 121 138 107
22.284348 4.463480 -2.003337 184 191 146
67.353500 13.426242 -3.616006 176 183 147
6.544741 1.308362 -1.828963 52 66 49
7.896667 1.572282 -1.893904 74 107 49
9.677402 1.919973 -1.947368 79 107 60
11.999969 2.373560 -1.961775 84 114 66
15.083119 2.975822 -1.906930 117 135 103
22.205809 4.366770 -1.994799 191 199 162
67.290382 13.169106 -3.609699 202 203 169
6.553524 1.285767 -1.830081 53 69 50
7.908360 1.545348 -1.895322 71 108 47
9.687624 1.886310 -1.948013 80 106 62
11.999259 2.329395 -1.960255 87 116 69
15.075909 2.919247 -1.904640 115 133 101
22.179905 4.280821 -1.990994 167 177 139
67.332832 12.932987 -3.609095 204 205 171
6.562211 1.263123 -1.831193 49 65 46
7.919935 1.518347 -1.896733 63 97 41
9.697719 1.852597 -1.948655 79 106 59
11.998352 2.285257 -1.958730 94 124 75
15.067464 2.862567 -1.902221 113 134 100
22.153595 4.195092 -1.987183 138 154 124
67.063965 12.638371 -3.591891 208 206 176
6.570800 1.240430 -1.832299 59 77 52
7.931391 1.491279 -1.898138 75 107 51
9.707685 1.818835 -1.949294 83 106 64
11.997248 2.241147 -1.957199 103 131 80
15.058858 2.805990 -1.899809 114 136 99
22.173599 4.118193 -1.987528 122 139 111
67.105049 12.403157 -3.591315 194 195 161
6.579292 1.217688 -1.833400 46 65 37
7.941857 1.463986 -1.899331 108 130 90
9.717525 1.785023 -1.949932 87 110 74
11.995947 2.197065 -1.955662 81 114 59
15.050093 2.749516 -1.897404 115 136 98
22.208853 4.044010 -1.989254 141 155 123
67.145607 12.167865 -3.590754 207 207 175
6.587687 1.194899 -1.834495 50 73 37
7.949317 1.436124 -1.899840 91 119 71
9.727236 1.751162 -1.950566 84 110 71
11.994451 2.153014 -1.954119 81 110 59
15.051451 2.694967 -1.896288 112 135 95
22.243811 3.969621 -1.990976 116 134 108
67.185722 11.932508 -3.590214 202 201 169
6.595984 1.172063 -1.835584 73 100 55
7.956672 1.408226 -1.900347 75 105 59
9.736818 1.717253 -1.951198 86 115 71
12.002693 2.110716 -1.954169 81 110 59
15.060545 2.641818 -1.896162 119 142 99
22.278473 3.895029 -1.992692 133 147 111
67.226822 11.697333 -3.589770 204 202 171
6.604181 1.149179 -1.836667 63 91 43
7.963922 1.380292 -1.900853 88 114 82
9.746272 1.683297 -1.951828 98 121 89
12.015449 2.069178 -1.954967 80 109 61
15.069482 2.588643 -1.896039 113 138 94
22.312836 3.820235 -1.994404 114 133 107
67.401421 11.484846 -3.596481 207 205 174
6.612281 1.126249 -1.837744 62 90 40
7.971067 1.352324 -1.901356 94 118 83
9.755596 1.649293 -1.952455 103 131 81
12.028043 2.027573 -1.955763 89 114 77
15.078261 2.535442 -1.895920 110 135 91
22.346899 3.745240 -1.996111 116 133 108
67.575310 11.271274 -3.603188 212 211 179
6.620281 1.103274 -1.838816 75 108 54
7.978107 1.324321 -1.901857 100 116 93
9.764789 1.615243 -1.953079 105 133 82
12.040477 1.985903 -1.956556 96 120 83
15.086882 2.482217 -1.895804 107 132 87
22.380659 3.670046 -1.997813 113 133 104
67.748474 11.056620 -3.609890 213 211 181
6.628181 1.080252 -1.839881 74 108 53
7.985042 1.296284 -1.902356 97 111 89
9.773845 1.581145 -1.953699 108 134 86
12.052750 1.944167 -1.957345 101 125 88
15.085356 2.427377 -1.894449 108 131 86
22.414118 3.594653 -1.999511 107 129 95
67.920914 10.840884 -3.616587 211 209 180
6.635983 1.057186 -1.840941 72 105 53
7.991871 1.268213 -1.902852 103 114 97
9.782771 1.547002 -1.954316 108 136 87
12.064860 1.902367 -1.958131 105 127 92
15.075431 2.371303 -1.892074 98 123 79
22.447271 3.519062 -2.001203 103 127 91
68.471092 10.682971 -3.643384 211 209 180
6.643689 1.034075 -1.841996 76 108 54
8.002577 1.240714 -1.904277 105 120 98
9.791567 1.512813 -1.954931 114 141 94
12.076808 1.860503 -1.958915 110 131 96
15.065353 2.315336 -1.889706 102 128 79
22.480118 3.443276 -2.002890 105 130 93
69.054504 10.526443 -3.671953 211 209 179
6.651294 1.010920 -1.843045 75 104 53
8.014504 1.213349 -1.906009 92 115 76
9.800232 1.478580 -1.955543 124 147 106
12.088579 1.818574 -1.959692 112 133 99
15.055119 2.259475 -1.887344 90 116 66
22.561041 3.374477 -2.008855 108 133 97
69.885864 10.402827 -3.713683 212 211 180
6.658798 0.987722 -1.844088 74 105 54
8.026351 1.185919 -1.907743 71 94 63
9.808765 1.444304 -1.956153 122 145 103
12.100188 1.776583 -1.960467 113 134 96
15.047462 2.204117 -1.885327 80 107 57
22.697294 3.313199 -2.019732 106 131 90
70.968857 10.310004 -3.768745 213 211 182
6.666201 0.964481 -1.845125 75 105 56
8.038119 1.158422 -1.909480 74 101 62
9.817168 1.409983 -1.956760 124 144 105
12.110090 1.734312 -1.960991 112 133 93
15.055093 2.151027 -1.885232 76 105 57
22.754114 3.239809 -2.023597 110 132 93
84.097191 11.912371 -4.461993 211 213 177
6.673501 0.941196 -1.846156 67 96 50
8.049807 1.130859 -1.911219 80 104 67
9.825440 1.375620 -1.957364 129 148 113
12.116105 1.691479 -1.960917 111 133 94
15.062567 2.097914 -1.885141 76 104 58
22.737198 3.155939 -2.020968 109 133 93
84.408150 11.655378 -4.475740 217 219 189
6.680700 0.917870 -1.847180 81 108 65
8.061413 1.103230 -1.912962 82 107 67
9.833583 1.341215 -1.957966 126 146 108
12.121987 1.648628 -1.960846 111 134 94
15.069882 2.044780 -1.885053 74 103 56
22.572493 3.052438 -2.005313 108 131 92
84.010086 11.301285 -4.452003 214 216 185
6.687797 0.894502 -1.848198 87 111 75
8.072939 1.075535 -1.914707 82 108 64
9.841600 1.306769 -1.958567 118 140 96
12.127738 1.605758 -1.960778 113 135 95
15.077040 1.991623 -1.884969 73 103 54
22.698641 2.988176 -2.015373 113 135 96
83.824890 10.978120 -4.439606 213 216 185
6.695165 0.871140 -1.849312 89 111 76
8.084383 1.047775 -1.916454 82 108 68
9.849485 1.272282 -1.959165 119 143 96
12.133358 1.562871 -1.960712 114 136 99
15.081114 1.938074 -1.884526 72 104 51
22.833113 2.924150 -2.026181 113 137 96
84.067940 10.710989 -4.449914 214 216 184
6.703699 0.847890 -1.850761 96 116 91
8.095745 1.019950 -1.918205 126 153 104
9.857238 1.237754 -1.959761 114 138 90
12.138845 1.519966 -1.960650 117 139 104
15.069747 1.882636 -1.882195 75 106 55
22.968044 2.859299 -2.037043 114 140 96
85.371719 10.573498 -4.516300 214 216 184
6.712161 0.824593 -1.852212 105 121 105
8.107025 0.992059 -1.919958 107 140 85
9.864858 1.203185 -1.960353 110 134 84
12.144205 1.477045 -1.960590 112 137 96
15.058229 1.827309 -1.879871 61 89 48
23.103397 2.793612 -2.047956 115 142 97
85.561287 10.293265 -4.523838 213 215 185
6.720550 0.801248 -1.853665 92 106 94
8.118220 0.964103 -1.921713 103 137 80
9.872344 1.168577 -1.960943 95 122 73
12.149437 1.434107 -1.960535 110 135 92
15.046563 1.772090 -1.877553 63 92 50
23.239029 2.727069 -2.058907 119 145 101
85.808304 10.018639 -4.534452 212 214 185
6.728867 0.777855 -1.855120 84 95 84
8.129330 0.936082 -1.923469 82 117 58
9.879698 1.133930 -1.961531 101 126 80
12.154536 1.391153 -1.960482 110 135 92
15.034747 1.716981 -1.875242 60 87 46
23.937786 2.723217 -2.119455 122 146 102
85.993164 9.735489 -4.541833 212 214 185
6.737107 0.754414 -1.856575 75 85 73
8.140355 0.907997 -1.925229 66 105 41
9.886918 1.099244 -1.962115 102 129 82
12.159504 1.348182 -1.960432 118 139 104
15.036145 1.663442 -1.874588 54 82 39
24.077192 2.653311 -2.130745 141 158 112
86.224129 9.456318 -4.551690 217 217 189
6.745476 0.730947 -1.858087 71 80 69
8.151298 0.879847 -1.926991 57 95 33
9.897702 1.064911 -1.963420 99 126 79
12.157651 1.304489 -1.959320 115 133 102
15.042166 1.610423 -1.874528 55 84 39
24.786221 2.642777 -2.192159 115 141 95
86.405342 9.170481 -4.558972 218 218 188
6.756419 0.707701 -1.860313 57 75 51
8.160922 0.851507 -1.928469 67 101 37
9.908289 1.030508 -1.964708 96 125 78
12.150813 1.260331 -1.957439 116 133 110
15.048029 1.557386 -1.874471 58 88 43
24.929367 2.569404 -2.203787 114 139 92
86.586929 8.883627 -4.566320 217 216 186
6.767283 0.684388 -1.862538 56 77 48
8.169361 0.823004 -1.929694 60 92 34
9.918715 0.996040 -1.965989 99 124 80
12.143844 1.216240 -1.955562 116 133 112
15.053739 1.504330 -1.874418 61 90 48
25.072733 2.495106 -2.215452 111 138 90
86.730446 8.591949 -4.571713 216 215 185
6.778069 0.661008 -1.864764 49 70 38
8.177669 0.794448 -1.930912 54 86 30
9.929052 0.961514 -1.967275 101 126 84
12.136744 1.172216 -1.953689 116 133 109
15.059293 1.451256 -1.874369 71 103 50
25.486691 2.445637 -2.250906 91 123 67
86.905350 8.302461 -4.578808 215 214 183
6.788776 0.637561 -1.866990 47 67 34
8.185843 0.765842 -1.932121 52 83 27
9.939301 0.926930 -1.968566 92 122 73
12.129513 1.128258 -1.951821 112 130 103
15.050660 1.396878 -1.872594 76 110 54
25.517065 2.358120 -2.252673 88 123 67
87.077629 8.011705 -4.585813 213 211 180
6.799403 0.614047 -1.869216 47 70 32
8.193884 0.737185 -1.933323 41 70 22
9.949459 0.892290 -1.969863 96 125 77
12.122152 1.084367 -1.949958 110 130 100
15.037742 1.342217 -1.870315 82 115 57
25.547070 2.270414 -2.254433 90 125 71
87.260567 7.720875 -4.593428 214 212 182
6.809951 0.590466 -1.871441 47 75 30
8.201792 0.708478 -1.934516 50 81 27
9.959527 0.857592 -1.971166 105 134 85
12.125798 1.041486 -1.949869 107 129 97
15.024680 1.287668 -1.868043 88 122 62
25.647543 2.188523 -2.262403 91 122 71
87.408966 7.426018 -4.599277 216 214 185
6.820418 0.566819 -1.873666 57 87 44
8.209570 0.679723 -1.935702 54 85 32
9.969505 0.822838 -1.972474 102 131 80
12.129688 0.998624 -1.949842 104 127 90
15.011474 1.233231 -1.865777 90 125 64
25.791746 2.109529 -2.274231 94 124 75
87.533257 7.128342 -4.603910 218 215 186
6.830803 0.543107 -1.875891 61 94 41
8.217217 0.650919 -1.936880 53 81 31
9.976233 0.787781 -1.973172 97 127 74
12.133448 0.955750 -1.949818 100 123 80
14.998123 1.178905 -1.863518 92 125 66
25.935743 2.029558 -2.286060 105 129 88
87.657532 6.829966 -4.608595 217 216 185
6.841108 0.519329 -1.878115 72 105 52
8.224730 0.622068 -1.938050 54 81 31
9.979174 0.752416 -1.973155 89 120 66
12.137074 0.912862 -1.949796 100 126 77
14.984631 1.124692 -1.861265 92 126 67
25.859335 1.932277 -2.278587 127 145 102
87.781799 6.530883 -4.613331 217 216 184
6.850915 0.495456 -1.880228 73 106 53
8.232107 0.593169 -1.939212 51 82 27
9.982003 0.717042 -1.973142 90 117 68
12.140571 0.869963 -1.949778 105 131 83
14.970996 1.070591 -1.859019 87 116 66
25.622276 1.824228 -2.257069 127 145 102
87.906059 6.231089 -4.618119 218 218 185
6.856156 0.471221 -1.881136 76 112 54
8.239348 0.564225 -1.940365 60 91 33
9.984722 0.681657 -1.973130 85 113 66
12.143934 0.827051 -1.949763 110 134 91
14.957220 1.016602 -1.856779 97 121 77
25.719141 1.740312 -2.264845 100 124 87
87.983788 5.927446 -4.620519 220 220 187
6.861287 0.446954 -1.882037 75 110 45
8.244336 0.535100 -1.941020 67 101 39
9.987329 0.646263 -1.973121 83 111 64
12.147166 0.784127 -1.949750 114 135 97
14.943302 0.962726 -1.854546 102 127 84
25.746439 1.651330 -2.266552 101 124 89
88.092163 5.625357 -4.624580 219 220 186
6.866308 0.422656 -1.882932 69 106 43
8.248298 0.505892 -1.941462 66 99 37
9.989826 0.610860 -1.973114 87 114 67
12.150267 0.741192 -1.949740 119 137 104
14.944323 0.909868 -1.854173 104 127 84
25.773352 1.562175 -2.268252 99 122 90
88.177773 5.321275 -4.627501 219 220 186
6.871219 0.398326 -1.883819 62 99 42
8.252147 0.476662 -1.941901 80 117 50
9.992208 0.575448 -1.973109 89 115 70
12.153234 0.698246 -1.949733 120 138 107
14.948103 0.857181 -1.854162 107 128 94
88.062920 5.005355 -4.619974 219 220 185
6.876019 0.373966 -1.884699 67 104 42
8.255884 0.447412 -1.942337 76 114 54
9.995049 0.540058 -1.973218 87 114 69
12.156072 0.655290 -1.949729 126 141 115
14.951727 0.804481 -1.854154 114 133 103
88.334717 4.710934 -4.632759 220 221 185
6.880710 0.349576 -1.885573 69 108 43
8.261660 0.418246 -1.943268 76 114 53
10.004155 0.504970 -1.974568 80 107 62
12.158776 0.612323 -1.949728 127 142 118
14.955194 0.751767 -1.854149 107 127 95
88.378159 4.403375 -4.633635 220 221 188
6.885289 0.325157 -1.886439 66 104 42
8.271060 0.389217 -1.945059 79 117 53
10.013168 0.469828 -1.975925 74 100 54
12.161349 0.569345 -1.949730 122 138 109
14.958505 0.699040 -1.854148 98 124 84
88.425491 4.095799 -4.634771 221 221 190
6.889757 0.300708 -1.887298 67 107 41
8.280371 0.360127 -1.946853 83 120 59
10.022086 0.434629 -1.977286 73 99 53
12.163790 0.526358 -1.949735 116 133 104
14.945653 0.645619 -1.852185 97 123 83
88.478149 3.788220 -4.636240 223 222 193
6.894114 0.276232 -1.888150 69 107 47
8.289590 0.330978 -1.948649 87 121 66
10.030910 0.399375 -1.978653 73 98 52
12.166099 0.483362 -1.949742 113 131 101
14.930677 0.592220 -1.849985 90 120 70
88.484070 3.478532 -4.635321 225 224 196
6.898359 0.251728 -1.888995 64 98 43
8.298295 0.301754 -1.950349 80 118 61
10.039640 0.364065 -1.980025 72 98 51
12.168276 0.440357 -1.949752 111 130 100
14.915566 0.538936 -1.847792 81 115 58
88.442551 3.167193 -4.631977 227 226 198
6.902492 0.227197 -1.889832 66 98 54
8.304149 0.272386 -1.951414 62 97 43
10.048278 0.328701 -1.981403 71 98 53
12.170321 0.397343 -1.949765 111 129 102
14.900318 0.485766 -1.845605 78 111 52
88.357452 2.854817 -4.626412 227 226 198
6.906507 0.202639 -1.890661 90 112 90
8.309862 0.242979 -1.952470 59 96 40
10.056822 0.293281 -1.982787 78 102 56
12.172233 0.354320 -1.949781 109 129 102
14.891632 0.432902 -1.844246 80 110 53
88.256004 2.542636 -4.620051 227 226 198
6.910412 0.178055 -1.891483 96 116 96
8.315435 0.213535 -1.953518 53 89 36
10.062800 0.257745 -1.983696 78 100 56
12.174013 0.311290 -1.949800 104 124 95
14.893985 0.380386 -1.844265 77 109 54
88.108078 2.230053 -4.611320 225 225 197
6.914206 0.153446 -1.892299 99 119 99
8.320867 0.184054 -1.954556 48 86 33
10.064079 0.222073 -1.983716 78 103 58
12.175661 0.268252 -1.949822 99 119 87
14.896181 0.327860 -1.844286 80 115 56
87.960152 1.918558 -4.602649 226 226 198
6.917886 0.128812 -1.893106 92 116 82
8.326156 0.154537 -1.955585 49 86 32
10.065246 0.186395 -1.983738 83 107 68
12.177177 0.225206 -1.949847 94 117 79
14.898221 0.275324 -1.844311 79 114 55
87.688774 1.605889 -4.587587 223 224 195
6.921453 0.104154 -1.893907 86 113 77
8.331304 0.124985 -1.956606 44 78 28
10.066300 0.150711 -1.983763 84 107 70
12.178561 0.182153 -1.949874 93 116 79
14.900105 0.222778 -1.844340 75 109 52
87.396461 1.294846 -4.571494 216 214 184
6.924908 0.079472 -1.894700 90 115 82
8.336308 0.095398 -1.957617 43 79 27
10.067243 0.115023 -1.983790 87 107 76
12.179813 0.139094 -1.949904 96 119 78
14.901834 0.170222 -1.844371 76 111 55
87.106544 0.985902 -4.555586 216 214 184
6.928248 0.054767 -1.895486 92 120 78
8.341170 0.065778 -1.958618 49 89 30
10.068072 0.079330 -1.983819 93 113 80
12.180930 0.096028 -1.949937 95 118 79
14.903406 0.117657 -1.844407 78 113 60
86.937065 0.679944 -4.546028 216 214 184
6.931474 0.030040 -1.896264 94 120 80
8.345889 0.036125 -1.959611 46 82 29
10.068790 0.043633 -1.983851 101 122 87
12.181909 0.052957 -1.949972 95 117 78
14.904822 0.065084 -1.844445 82 117 62
86.697334 0.374885 -4.532861 217 216 186
6.934587 0.005291 -1.897035 90 119 78
8.350464 0.006439 -1.960594 47 80 31
10.069396 0.007931 -1.983886 111 129 96
12.182754 0.009879 -1.950009 92 115 79
14.906083 0.012502 -1.844487 98 126 81
86.638939 0.071652 -4.529220 218 217 187
6.937585 -0.019479 -1.897798 87 116 76
8.354896 -0.023278 -1.961568 55 85 38
10.069890 -0.027774 -1.983923 115 132 99
12.183467 -0.033204 -1.950050 92 115 77
14.907187 -0.040088 -1.844532 108 131 98
24.886625 -0.066632 -2.183780 99 116 87
86.476112 -0.230889 -4.520183 219 219 188
6.940468 -0.044270 -1.898554 94 115 88
8.358779 -0.053022 -1.962440 59 91 40
10.070271 -0.063482 -1.983962 115 135 101
12.184048 -0.076291 -1.950093 89 112 74
14.898649 -0.092626 -1.843418 112 134 100
24.833086 -0.153724 -2.178982 101 120 91
86.376022 -0.532687 -4.514478 221 221 190
6.943237 -0.069082 -1.899302 91 113 83
8.360486 -0.082774 -1.962833 58 89 45
10.070540 -0.099194 -1.984004 118 139 104
12.184496 -0.119383 -1.950139 89 113 73
14.881615 -0.145023 -1.841285 122 139 117
24.779270 -0.240444 -2.174186 103 124 91
86.287636 -0.833913 -4.509440 224 223 194
6.945891 -0.093912 -1.900043 87 107 85
8.362079 -0.112537 -1.963224 68 92 55
10.070697 -0.134908 -1.984048 113 136 97
12.184245 -0.162472 -1.950098 91 115 75
14.864450 -0.197304 -1.839159 113 137 96
24.725183 -0.326790 -2.169394 105 127 95
86.238831 -1.135063 -4.506525 226 226 197
6.948430 -0.118762 -1.900776 85 102 82
8.363555 -0.142313 -1.963613 65 88 55
10.070742 -0.170625 -1.984095 109 134 92
12.182384 -0.205536 -1.949827 97 121 80
14.847157 -0.249467 -1.837040 124 147 107
24.670830 -0.412763 -2.164606 107 129 97
86.248444 -1.436873 -4.506712 227 226 199
6.950852 -0.143629 -1.901502 83 101 77
8.364916 -0.172100 -1.963998 67 91 54
10.070674 -0.206344 -1.984144 104 131 86
12.176029 -0.248501 -1.948868 99 125 80
14.829733 -0.301512 -1.834927 120 142 102
24.616213 -0.498360 -2.159821 111 133 98
86.257576 -1.738775 -4.506930 229 228 201
6.953160 -0.168515 -1.902219 90 106 89
8.366161 -0.201898 -1.964381 70 92 58
10.070494 -0.242065 -1.984195 102 132 79
12.164408 -0.291302 -1.947101 105 131 84
14.829376 -0.353849 -1.834928 116 141 100
24.561333 -0.583582 -2.155040 111 133 98
86.340736 -2.042533 -4.511066 229 228 202
6.955352 -0.193417 -1.902929 95 107 94
8.367291 -0.231707 -1.964761 70 86 65
10.076825 -0.277969 -1.985535 106 134 78
12.152667 -0.334026 -1.945338 99 124 77
14.829386 -0.406202 -1.834997 114 140 97
24.506197 -0.668428 -2.150262 112 134 98
60.133678 -1.633569 -3.143557 229 228 202
6.957519 -0.218339 -1.903656 97 109 96
8.368305 -0.261525 -1.965139 69 92 59
10.083667 -0.313940 -1.986999 116 144 87
12.140807 -0.376672 -1.943579 91 117 71
14.829242 -0.458561 -1.835069 111 140 94
24.450809 -0.752897 -2.145489 113 134 97
59.609943 -1.828163 -3.116166 229 227 202
6.962496 -0.243378 -1.905159 81 106 74
8.369204 -0.291353 -1.965514 74 96 66
10.090411 -0.349963 -1.988468 124 149 96
12.128829 -0.419240 -1.941826 86 113 67
14.828947 -0.510924 -1.835145 101 134 82
24.395170 -0.836989 -2.140719 112 134 97
59.162941 -2.021761 -3.092818 225 223 196
6.967389 -0.268455 -1.906663 80 107 72
8.369986 -0.321190 -1.965886 89 106 85
10.097060 -0.386038 -1.989944 131 156 104
12.117273 -0.461751 -1.940162 85 112 66
14.828497 -0.563292 -1.835225 102 131 83
24.339285 -0.920703 -2.135954 112 134 97
59.021343 -2.223772 -3.085442 229 227 203
6.972197 -0.293568 -1.908167 87 113 80
8.370651 -0.351036 -1.966256 90 109 82
10.103612 -0.422165 -1.991425 131 156 103
12.114697 -0.504563 -1.939944 77 110 59
14.827890 -0.615664 -1.835308 113 139 92
24.283157 -1.004039 -2.131194 112 133 96
58.879807 -2.424849 -3.078107 229 228 204
6.976923 -0.318720 -1.909674 79 106 69
8.371201 -0.380889 -1.966623 94 113 87
10.110065 -0.458343 -1.992911 127 152 98
12.112016 -0.547365 -1.939732 79 113 61
14.827129 -0.668040 -1.835394 113 136 95
24.226791 -1.086996 -2.126438 110 131 96
58.577217 -2.617811 -3.062407 230 229 203
6.981567 -0.343908 -1.911182 81 111 66
8.371634 -0.410750 -1.966987 101 122 93
10.116419 -0.494573 -1.994403 121 144 94
12.109230 -0.590156 -1.939527 74 107 56
14.826211 -0.720420 -1.835484 118 140 104
24.170189 -1.169575 -2.121686 111 132 95
58.522560 -2.820649 -3.059679 230 229 203
6.986125 -0.369132 -1.912691 87 114 70
8.371952 -0.440619 -1.967349 82 106 71
10.119161 -0.530673 -1.995218 117 141 92
12.106339 -0.632937 -1.939329 78 108 61
14.825138 -0.772803 -1.835577 117 136 105
24.113354 -1.251773 -2.116940 111 133 95
55.668297 -2.878693 -2.910902 229 228 202
6.990598 -0.394392 -1.914201 96 127 70
8.372152 -0.470493 -1.967708 83 107 73
10.117955 -0.566586 -1.995291 118 145 91
12.103344 -0.675707 -1.939139 87 119 68
14.820573 -0.825004 -1.835264 118 138 108
24.056292 -1.333592 -2.112198 110 133 95
53.820766 -2.972307 -2.814679 228 227 201
6.994984 -0.419689 -1.915711 100 131 71
8.372237 -0.500374 -1.968064 78 104 70
10.116637 -0.602497 -1.995365 108 137 84
12.100243 -0.718467 -1.938955 94 125 74
14.801552 -0.876344 -1.833200 121 136 115
23.999002 -1.415031 -2.107461 105 127 90
47.548447 -2.793721 -2.487554 228 226 200
6.999285 -0.445021 -1.917223 88 117 63
8.372205 -0.530260 -1.968417 74 98 62
10.107100 -0.637902 -1.993866 106 134 81
12.096826 -0.761203 -1.938745 99 130 78
14.782407 -0.927565 -1.831143 121 137 114
23.941492 -1.496089 -2.102730 103 124 88
47.250450 -2.942347 -2.472224 228 226 200
7.003499 -0.470389 -1.918735 94 120 67
8.372056 -0.560151 -1.968768 69 93 54
10.097246 -0.673235 -1.992330 103 131 82
12.083727 -0.803296 -1.937025 98 131 74
14.763140 -0.978666 -1.829092 123 137 117
23.883764 -1.576767 -2.098004 99 120 84
47.095280 -3.098329 -2.464376 226 224 199
7.007627 -0.495791 -1.920249 91 118 66
8.371790 -0.590047 -1.969115 55 85 37
10.087256 -0.708505 -1.990791 99 127 81
12.070514 -0.845309 -1.935310 105 139 82
14.743750 -1.029648 -1.827049 119 138 109
23.825819 -1.657063 -2.093284 96 119 81
47.094444 -3.263966 -2.464614 227 226 201
7.011667 -0.521228 -1.921763 92 116 70
8.371408 -0.619947 -1.969460 44 74 29
10.077133 -0.743713 -1.989249 97 124 82
12.057185 -0.887242 -1.933600 99 126 82
14.734298 -1.081242 -1.826247 119 142 100
23.767664 -1.736978 -2.088569 94 119 79
47.188831 -3.436594 -2.469855 227 225 200
7.015621 -0.546700 -1.923278 102 123 81
8.376229 -0.650258 -1.971033 51 83 32
10.072542 -0.779291 -1.988808 102 126 89
12.043743 -0.929095 -1.931895 94 120 79
14.732136 -1.133352 -1.826362 114 138 95
23.709299 -1.816512 -2.083859 96 121 80
47.456619 -3.623172 -2.484182 229 227 202
7.019486 -0.572206 -1.924793 99 121 78
8.382029 -0.680696 -1.972856 58 89 42
10.072244 -0.815199 -1.989226 102 127 89
12.035774 -0.971313 -1.931080 86 116 71
14.729818 -1.185462 -1.826480 116 142 95
23.650730 -1.895664 -2.079156 96 123 80
47.649536 -3.805755 -2.494633 226 224 198
7.023260 -0.597745 -1.926308 94 117 78
8.387726 -0.711183 -1.974681 58 87 41
10.071801 -0.851113 -1.989641 97 124 81
12.033468 -1.013970 -1.931187 80 111 63
14.727345 -1.237572 -1.826602 115 142 92
23.591959 -1.974434 -2.074459 99 124 84
47.277260 -3.942781 -2.475595 223 221 193
7.026945 -0.623318 -1.927824 93 115 75
8.393320 -0.741719 -1.976507 62 88 49
10.071215 -0.887032 -1.990053 98 126 82
12.031031 -1.056625 -1.931296 82 114 67
14.724718 -1.289682 -1.826727 113 139 93
23.532991 -2.052823 -2.069767 95 120 81
47.333904 -4.114467 -2.478991 222 220 191
7.030542 -0.648924 -1.929340 87 106 72
8.398812 -0.772304 -1.978335 47 69 38
10.070485 -0.922955 -1.990461 91 117 80
12.028462 -1.099277 -1.931408 84 114 68
14.709743 -1.340690 -1.825357 106 132 83
23.473825 -2.130829 -2.065082 95 121 81
47.853905 -4.328447 -2.506630 223 221 192
7.034050 -0.674563 -1.930858 85 103 72
8.404201 -0.802936 -1.980164 51 71 43
10.069612 -0.958883 -1.990866 94 120 85
12.025762 -1.141926 -1.931523 85 116 70
14.689398 -1.391121 -1.823348 103 131 80
23.414469 -2.208453 -2.060403 98 124 84
43.561947 -4.095211 -2.282817 218 214 186
7.034157 -0.699912 -1.931485 87 105 72
8.409486 -0.833615 -1.981994 51 69 44
10.068595 -0.994814 -1.991267 97 120 87
12.022929 -1.184571 -1.931641 84 116 69
14.668934 -1.441431 -1.821346 106 133 83
23.354923 -2.285696 -2.055731 95 123 81
42.948772 -4.189588 -2.251249 214 211 184
7.033872 -0.725238 -1.932031 91 112 73
8.414666 -0.864342 -1.983825 54 72 44
10.067433 -1.030748 -1.991665 99 122 89
12.019965 -1.227211 -1.931762 90 113 79
14.648627 -1.491649 -1.819385 109 136 85
23.295193 -2.362556 -2.051065 93 121 80
42.520821 -4.298411 -2.229380 213 211 184
7.033466 -0.750568 -1.932568 99 124 81
8.419379 -0.895078 -1.985574 54 74 44
10.066129 -1.066684 -1.992059 102 124 87
12.016870 -1.269847 -1.931886 89 114 79
14.643195 -1.543314 -1.819275 117 140 90
23.235279 -2.439034 -2.046406 92 120 78
42.260242 -4.421778 -2.216283 190 186 160
7.032941 -0.775900 -1.933098 89 115 73
8.417816 -0.925190 -1.985893 50 70 39
10.064679 -1.102622 -1.992450 108 126 92
12.013638 -1.312478 -1.932011 91 109 86
14.637653 -1.594966 -1.819174 112 136 88
23.175186 -2.515130 -2.041753 86 115 71
42.200966 -4.565122 -2.213737 191 186 162
7.032295 -0.801235 -1.933619 84 111 67
8.416134 -0.955301 -1.986209 52 76 34
10.063086 -1.138560 -1.992838 99 121 83
12.010269 -1.355104 -1.932139 94 118 87
14.631995 -1.646605 -1.819081 105 132 83
23.114916 -2.590844 -2.037107 85 114 68
42.036434 -4.696437 -2.205709 174 168 143
7.031528 -0.826571 -1.934131 82 109 59
8.414334 -0.985410 -1.986523 48 75 32
10.061349 -1.174499 -1.993222 89 114 73
12.006768 -1.397723 -1.932269 100 123 88
14.626221 -1.698232 -1.818996 105 134 85
23.054474 -2.666176 -2.032468 87 116 70
41.855865 -4.824864 -2.196865 162 153 128
7.030648 -0.851908 -1.934637 75 103 50
8.412416 -1.015517 -1.986833 53 82 35
10.064437 -1.211027 -1.994573 83 107 67
12.003136 -1.440337 -1.932403 99 123 85
14.620330 -1.749846 -1.818919 110 136 94
22.954443 -2.736455 -2.024380 91 120 77
41.815414 -4.968727 -2.195379 85 91 71
7.029647 -0.877245 -1.935134 70 99 47
8.410380 -1.045621 -1.987141 56 87 37
10.068595 -1.247738 -1.996159 78 107 59
11.992174 -1.482065 -1.931394 102 123 92
14.606234 -1.800460 -1.817852 115 139 106
22.728300 -2.790704 -2.005250 95 121 83
41.784882 -5.113635 -2.194439 68 73 42
7.028526 -0.902582 -1.935623 77 106 52
8.408226 -1.075721 -1.987446 60 90 40
10.070219 -1.284190 -1.997275 68 98 52
11.977007 -1.523224 -1.929738 104 125 92
14.584716 -1.850086 -1.815892 111 137 99
22.667896 -2.864233 -2.000674 95 119 81
41.824585 -5.267270 -2.197205 41 44 16
7.027284 -0.927918 -1.936104 80 109 58
8.405953 -1.105817 -1.987748 62 91 41
10.066644 -1.320014 -1.997400 77 100 63
11.961731 -1.564299 -1.928087 101 123 93
14.563083 -1.899591 -1.813939 109 137 94
22.607334 -2.937383 -1.996105 97 119 87
41.802700 -5.413368 -2.196772 31 37 11
7.025921 -0.953252 -1.936576 84 110 63
8.403562 -1.135909 -1.988047 56 89 37
10.062955 -1.355829 -1.997527 79 101 66
11.946346 -1.605289 -1.926441 95 118 85
14.541337 -1.948973 -1.811992 119 139 116
22.546616 -3.010157 -1.991543 93 119 81
41.860863 -5.570060 -2.200563 29 36 10
7.024438 -0.978583 -1.937040 91 116 68
8.401052 -1.165996 -1.988343 51 82 35
10.059154 -1.391637 -1.997657 78 100 67
11.930853 -1.646196 -1.924801 93 122 80
14.528190 -1.999422 -1.811128 113 135 109
22.283010 -3.054934 -1.969180 91 118 78
41.851547 -5.718115 -2.200845 29 35 10
43.495125 -5.939162 -0.747157 27 34 10
7.022834 -1.003911 -1.937495 103 132 80
8.398425 -1.196077 -1.988636 49 79 34
10.055239 -1.427436 -1.997789 77 100 66
11.915251 -1.687018 -1.923165 88 120 72
14.521621 -2.050747 -1.811097 116 135 113
22.222534 -3.126307 -1.964674 94 119 79
27.339489 -3.839854 -1.440340 35 36 11
43.075577 -6.035846 -0.740042 21 30 7
7.021109 -1.029235 -1.937942 106 134 81
8.395679 -1.226153 -1.988927 48 79 33
10.051210 -1.463227 -1.997923 78 100 67
11.899542 -1.727755 -1.921534 89 118 71
14.514935 -2.102059 -1.811075 116 135 104
22.161911 -3.197307 -1.960175 96 121 81
27.167397 -3.913105 -1.431849 32 35 11
27.705835 -3.988496 -0.476225 49 51 22
27.965908 -4.023971 0.511178 18 21 7
7.019262 -1.054555 -1.938380 98 129 76
8.392815 -1.256222 -1.989214 49 81 33
10.045822 -1.498825 -1.997816 75 96 64
11.886245 -1.768778 -1.920310 90 112 69
14.508133 -2.153359 -1.811060 114 136 101
22.093451 -3.266803 -1.955008 97 121 86
27.115383 -4.002860 -1.429674 28 33 9
27.390310 -4.041493 -0.470874 33 36 12
27.788486 -4.098177 0.508398 12 19 5
7.017295 -1.079869 -1.938810 85 114 65
8.389832 -1.286284 -1.989499 44 73 30
10.036027 -1.533758 -1.996869 67 88 54
11.880480 -1.810885 -1.920311 83 106 66
14.501216 -2.204647 -1.811053 105 131 85
21.880383 -3.314131 -1.937135 96 120 83
27.031382 -4.087532 -1.425835 33 28 12
27.268042 -4.121398 -0.468848 28 34 9
27.745872 -4.191482 0.508063 13 20 5
7.015207 -1.105178 -1.939230 66 92 49
8.386730 -1.316338 -1.989780 45 73 30
10.032688 -1.569656 -1.997212 81 105 68
11.874611 -1.852980 -1.920320 81 106 62
14.491166 -2.255458 -1.810681 104 131 85
21.779322 -3.377276 -1.929131 98 122 85
26.992744 -4.178692 -1.424394 41 27 15
27.194714 -4.208066 -0.467667 23 31 7
27.664850 -4.278677 0.507035 16 23 6
7.012998 -1.130481 -1.939643 66 95 53
8.383511 -1.346385 -1.990059 52 82 33
10.029205 -1.605545 -1.997552 76 99 62
11.868638 -1.895063 -1.920335 71 94 58
14.468509 -2.304265 -1.808770 106 133 86
21.718693 -3.446156 -1.924704 98 122 84
26.984812 -4.274518 -1.424583 30 32 10
27.131542 -4.295914 -0.466667 31 38 8
27.624918 -4.371868 0.506758 26 31 9
37.386021 -5.896626 7.408856 14 23 19
7.010667 -1.155776 -1.940047 61 86 48
8.380172 -1.376423 -1.990335 59 94 36
10.025578 -1.641427 -1.997888 80 102 68
11.862562 -1.937133 -1.920357 69 95 58
14.445740 -2.352949 -1.806866 105 132 85
21.574070 -3.501148 -1.912895 98 122 84
26.924040 -4.361879 -1.422011 27 36 9
27.075634 -4.384587 -0.465797 28 35 7
27.607243 -4.468467 0.506891 39 47 18
37.822578 -6.101160 7.499380 20 27 30
7.008216 -1.181063 -1.940442 62 89 47
8.376713 -1.406451 -1.990607 59 93 36
10.021806 -1.677300 -1.998221 77 99 66
11.856374 -1.979190 -1.920385 59 85 49
14.422861 -2.401511 -1.804968 105 132 87
21.446608 -3.558020 -1.902611 100 124 85
26.849577 -4.446660 -1.418735 22 31 7
27.020744 -4.473138 -0.464950 25 35 7
27.664066 -4.577313 0.508384 38 50 19
7.005643 -1.206342 -1.940828 71 98 53
8.373131 -1.436469 -1.990875 52 78 40
10.017888 -1.713163 -1.998549 72 96 62
11.850080 -2.021235 -1.920420 56 81 44
14.399874 -2.449950 -1.803077 108 131 95
21.320065 -3.614221 -1.892421 100 125 85
26.780607 -4.531941 -1.415762 15 26 6
26.960857 -4.560566 -0.464022 26 35 7
27.641380 -4.673310 0.508438 32 46 15
7.002950 -1.231612 -1.941206 87 113 67
8.369430 -1.466477 -1.991140 47 72 37
10.013825 -1.749017 -1.998875 82 100 76
11.843692 -2.063268 -1.920464 53 80 41
14.376777 -2.498268 -1.801193 104 130 94
21.212370 -3.672846 -1.883907 101 127 86
26.720701 -4.618400 -1.413281 21 30 7
26.896406 -4.646894 -0.463022 23 31 6
27.609873 -4.767745 0.508338 30 45 13
7.000134 -1.256872 -1.941576 89 114 69
8.365610 -1.496475 -1.991402 54 78 42
10.006109 -1.784242 -1.998506 83 104 74
11.837201 -2.105290 -1.920514 56 85 44
14.353571 -2.546463 -1.799315 100 124 86
21.171181 -3.742465 -1.881281 98 122 78
26.646669 -4.702065 -1.410072 21 31 7
26.836096 -4.733602 -0.462098 22 29 6
27.561884 -4.859183 0.507942 35 44 14
6.997199 -1.282122 -1.941936 81 108 60
8.361672 -1.526461 -1.991661 71 98 57
9.991781 -1.818272 -1.996859 80 103 67
11.830607 -2.147299 -1.920572 64 97 49
14.330256 -2.594535 -1.797443 86 110 74
21.129887 -3.811863 -1.878665 99 124 80
26.607544 -4.791566 -1.408716 23 31 7
26.772081 -4.819332 -0.461116 23 33 6
27.506338 -4.949045 0.507413 45 45 17
36.685589 -6.575203 10.051698 6 11 14
6.997945 -1.308057 -1.943322 69 95 51
8.357616 -1.556436 -1.991917 68 97 53
9.977330 -1.852221 -1.995210 81 102 68
11.823910 -2.189296 -1.920636 69 101 52
14.312697 -2.643557 -1.796307 87 112 77
21.088486 -3.881039 -1.876060 101 126 82
26.556292 -4.878691 -1.406738 23 28 7
26.712191 -4.905475 -0.460211 24 31 7
27.396860 -5.028785 0.505903 49 47 19
36.705235 -6.711594 10.063634 4 6 7
6.999050 -1.334097 -1.944831 71 101 55
8.353442 -1.586398 -1.992170 70 100 54
9.962758 -1.886090 -1.993560 78 101 66
11.817108 -2.231280 -1.920708 70 99 52
14.304691 -2.694300 -1.796380 95 116 85
21.034313 -3.947635 -1.872346 100 125 81
26.500891 -4.964796 -1.404556 19 26 7
26.679760 -4.996425 -0.459783 43 42 15
27.350939 -5.119695 0.505558 43 42 19
7.000057 -1.360160 -1.946339 66 93 52
8.349149 -1.616348 -1.992420 70 101 52
9.948065 -1.919878 -1.991909 78 104 66
11.810204 -2.273252 -1.920787 63 92 48
14.296569 -2.745031 -1.796460 110 131 100
20.973164 -4.012613 -1.868034 102 127 82
26.441221 -5.049816 -1.402163 26 29 9
26.665390 -5.090694 -0.459672 46 44 17
27.400640 -5.228552 0.506970 33 35 17
38.476551 -7.315866 9.102885 46 54 13
7.000968 -1.386247 -1.947846 72 102 55
8.344737 -1.646285 -1.992667 94 117 82
9.933251 -1.953585 -1.990256 87 114 71
11.798397 -2.314281 -1.920101 59 85 47
14.288324 -2.795749 -1.796548 112 137 99
20.911907 -4.077229 -1.863729 102 127 83
26.395645 -5.137259 -1.400530 28 30 10
26.673235 -5.189288 -0.459950 33 33 13
27.501244 -5.347746 0.509323 34 36 17
7.001784 -1.412356 -1.949354 74 104 57
8.340216 -1.676209 -1.992913 93 117 81
9.923689 -1.988271 -1.989662 83 113 64
11.780931 -2.354167 -1.918528 55 81 41
14.279964 -2.846455 -1.796643 115 140 98
20.850546 -4.141484 -1.859434 103 128 84
26.361879 -5.226830 -1.399537 29 30 10
26.733421 -5.298386 -0.461136 25 27 10
27.630520 -5.473454 0.512213 34 36 19
7.002506 -1.438488 -1.950861 80 110 61
8.335575 -1.706119 -1.993156 92 116 77
9.917880 -2.023693 -1.989835 82 116 59
11.763362 -2.393964 -1.916960 61 89 44
14.269118 -2.896673 -1.796451 118 145 101
20.789085 -4.205379 -1.855147 102 125 86
26.316832 -5.314023 -1.397964 22 23 7
26.791994 -5.407730 -0.462300 23 25 10
27.707542 -5.589753 0.514154 35 36 21
38.236233 -7.685164 10.517793 0 1 1
7.003132 -1.464642 -1.952369 81 111 63
8.330816 -1.736015 -1.993396 94 116 79
9.911959 -2.059101 -1.990010 81 116 56
11.745690 -2.433674 -1.915397 64 94 53
14.244929 -2.944156 -1.794616 118 146 98
20.727524 -4.268914 -1.850869 102 124 91
26.350483 -5.417114 -1.400571 15 16 6
26.853514 -5.518239 -0.463523 21 24 10
27.818283 -5.713641 0.516725 35 36 20
36.314945 -7.435470 8.618302 42 44 44
35.599518 -7.287176 9.802814 1 1 1
7.003663 -1.490818 -1.953877 98 127 79
8.325939 -1.765895 -1.993633 94 115 83
9.905925 -2.094494 -1.990187 74 108 53
11.727918 -2.473296 -1.913838 53 80 43
14.220634 -2.991516 -1.792787 115 146 89
20.665867 -4.332089 -1.846599 104 123 95
26.413780 -5.526754 -1.404768 14 19 7
26.965767 -5.639890 -0.465627 22 26 13
27.807436 -5.813196 0.517069 32 39 22
36.299656 -7.565022 8.621118 9 11 10
35.656307 -7.429081 9.825666 0 0 1
7.004098 -1.517016 -1.955384 89 117 70
8.320944 -1.795760 -1.993866 89 111 79
9.899778 -2.129873 -1.990367 76 105 56
11.715867 -2.514064 -1.913225 47 75 37
14.196237 -3.038753 -1.790965 105 140 80
20.604115 -4.394906 -1.842339 109 130 93
26.457853 -5.632927 -1.407969 16 21 8
27.028143 -5.751944 -0.466878 23 26 14
35.701157 -7.569068 9.845396 1 1 1
7.004437 -1.543234 -1.956892 105 123 82
8.315831 -1.825609 -1.994097 90 109 81
9.893520 -2.165238 -1.990549 75 102 57
11.708269 -2.555768 -1.913352 51 78 41
14.171734 -3.085868 -1.789150 113 141 93
20.526705 -4.454010 -1.836703 105 127 90
26.473156 -5.733367 -1.409667 20 25 10
27.130890 -5.873292 -0.468833 24 27 15
35.746441 -7.709668 9.865395 6 8 10
7.004680 -1.569474 -1.958399 113 134 90
8.310599 -1.855441 -1.994325 90 109 82
9.887149 -2.200587 -1.990734 74 99 59
11.700568 -2.597460 -1.913487 47 72 37
14.147129 -3.132859 -1.787342 113 137 95
20.455347 -4.513989 -1.831622 103 126 88
26.506002 -5.837909 -1.412315 16 22 7
27.265949 -6.002615 -0.471353 22 26 13
41.178131 -9.032930 8.252849 30 37 42
38.263359 -8.390704 10.565021 1 1 1
7.004654 -1.595695 -1.959859 120 140 101
8.305250 -1.885255 -1.994550 99 118 90
9.880665 -2.235920 -1.990921 74 99 60
11.692763 -2.639138 -1.913629 52 76 39
14.122420 -3.179727 -1.785540 109 134 91
20.413263 -4.580081 -1.829161 101 116 96
26.528019 -5.940428 -1.414409 14 18 7
27.337776 -6.119003 -0.472789 24 26 14
31.743773 -7.091746 4.034761 80 92 69
41.109554 -9.169011 8.245767 30 33 39
38.265884 -8.531915 10.574096 0 0 0
6.999876 -1.620879 -1.960043 129 146 117
8.299782 -1.915052 -1.994771 101 120 91
9.870471 -2.270423 -1.990395 69 95 58
11.681900 -2.680133 -1.913300 58 86 45
14.097610 -3.226473 -1.783744 110 132 95
20.361807 -4.643861 -1.825885 93 112 84
26.590628 -6.052449 -1.418680 16 18 7
27.462082 -6.247950 -0.475140 22 26 14
31.791525 -7.219509 4.044160 92 91 92
41.040993 -9.304829 8.238776 56 53 16
35.828384 -8.124905 8.543124 25 29 30
38.260864 -8.671659 10.581236 1 1 3
6.995000 -1.646047 -1.960224 130 147 121
8.294196 -1.944831 -1.994990 92 115 84
9.856130 -2.303953 -1.989069 71 90 67
11.665318 -2.719801 -1.912068 65 95 51
14.072698 -3.273096 -1.781956 106 122 102
20.244160 -4.692152 -1.816726 93 111 82
26.641016 -6.162273 -1.422324 29 26 14
27.543858 -6.368188 -0.476763 20 24 14
31.839512 -7.347860 4.053652 52 54 58
40.886288 -9.423289 6.698505 37 42 38
33.752850 -7.782951 6.787383 35 44 39
38.255775 -8.811573 10.588498 1 1 2
6.990026 -1.671199 -1.960402 118 135 109
8.288493 -1.974591 -1.995205 86 108 77
9.841696 -2.337416 -1.987747 77 93 76
11.648655 -2.759398 -1.910844 74 110 56
14.047684 -3.319596 -1.780173 98 118 87
20.180571 -4.752336 -1.812399 95 115 80
26.644516 -6.261668 -1.423498 45 36 23
27.630039 -6.490220 -0.478471 36 37 29
31.884754 -7.476113 4.062862 38 50 38
41.022518 -9.606042 6.726423 27 23 6
40.903927 -9.575686 8.225071 18 26 10
38.250622 -8.951661 10.595883 18 14 6
6.984953 -1.696334 -1.960578 107 125 97
8.282671 -2.004332 -1.995418 89 113 78
9.827169 -2.370811 -1.986428 78 88 81
11.631910 -2.798923 -1.909629 71 105 53
14.022569 -3.365973 -1.778398 95 110 93
20.138323 -4.817240 -1.809993 94 115 81
26.665934 -6.365502 -1.425644 49 38 25
27.713514 -6.612411 -0.480139 39 42 35
31.926846 -7.604144 4.071738 41 49 49
38.681744 -9.202990 6.349675 0 1 0
40.835415 -9.710732 8.218355 16 24 7
34.102753 -8.113247 8.153980 27 32 31
38.245403 -9.091927 10.603391 0 1 1
6.979783 -1.721451 -1.960751 103 126 84
8.276731 -2.034053 -1.995627 85 111 72
9.812552 -2.404138 -1.985114 60 74 64
11.615086 -2.838378 -1.908423 61 93 45
13.998980 -3.412619 -1.776833 90 108 85
20.095980 -4.881935 -1.807598 94 118 81
26.643162 -6.459006 -1.425458 33 28 16
36.795525 -8.897086 3.351625 88 91 96
31.969118 -7.732725 4.080700 12 15 15
38.753895 -9.363686 6.367018 0 1 0
40.766922 -9.845525 8.211730 18 24 10
34.321888 -8.292392 8.213181 5 5 7
38.234344 -9.230983 10.609426 1 1 1
6.974515 -1.746550 -1.960922 92 122 70
8.270675 -2.063753 -1.995834 85 112 71
9.799078 -2.437699 -1.984050 60 75 58
11.598180 -2.877763 -1.907225 65 97 48
13.972034 -3.458357 -1.774866 87 105 82
20.044508 -4.944208 -1.804405 90 117 77
26.646465 -6.558891 -1.426679 19 21 11
36.763344 -9.025818 3.351774 48 52 60
38.624226 -9.478345 4.929928 137 142 136
38.798801 -9.518497 6.380006 15 20 11
33.742302 -8.280528 6.808623 33 34 36
34.530651 -8.470837 8.270114 17 21 26
38.222553 -9.370017 10.615398 1 1 1
6.969150 -1.771632 -1.961090 89 117 69
8.264500 -2.093433 -1.996037 93 117 76
9.791694 -2.472737 -1.984225 55 71 53
11.584851 -2.917985 -1.906629 78 116 60
13.946616 -3.504365 -1.773109 70 94 58
19.981945 -5.003470 -1.800237 91 117 80
26.732864 -6.679616 -1.432353 15 20 9
38.687000 -9.637527 4.942393 134 137 141
43.196003 -10.753653 7.106242 15 20 5
33.703300 -8.396380 6.806855 6 8 4
33.781643 -8.413557 8.098772 2 5 4
38.210674 -9.509185 10.621485 0 1 3
6.963686 -1.796695 -1.961256 99 125 78
8.258206 -2.123091 -1.996237 102 124 84
9.784218 -2.507762 -1.984405 56 74 52
11.570189 -2.957848 -1.905840 71 106 51
13.921100 -3.550251 -1.771359 73 96 62
19.919167 -5.062345 -1.796065 92 115 79
26.986338 -6.843289 -1.446973 14 20 11
39.729382 -10.044152 5.079633 29 30 32
37.980648 -9.601235 6.257376 16 18 17
33.664459 -8.512202 6.805199 7 12 5
33.905029 -8.570498 8.135517 10 12 12
34.319065 -8.672369 9.552999 1 1 1
6.958126 -1.821738 -1.961419 105 129 85
8.251796 -2.152728 -1.996434 111 132 93
9.776649 -2.542773 -1.984592 59 80 52
11.551022 -2.996525 -1.904339 101 125 83
13.895484 -3.596014 -1.769616 76 99 65
19.804876 -5.107699 -1.787291 94 117 84
27.040375 -6.957985 -1.450978 35 37 30
39.829086 -10.217848 5.097085 38 46 41
36.505348 -9.365987 6.020978 10 11 12
33.625774 -8.627995 6.803653 27 31 28
34.028885 -8.728697 8.172540 29 32 26
34.061729 -8.734773 9.490334 18 22 23
6.952467 -1.846763 -1.961579 113 136 95
8.245268 -2.182343 -1.996628 116 137 98
9.768989 -2.577770 -1.984786 51 72 39
11.531758 -3.035113 -1.902843 103 125 89
13.881298 -3.644648 -1.769334 70 93 59
19.691343 -5.152532 -1.778593 90 114 81
27.141338 -7.085447 -1.457517 38 39 31
38.406342 -10.000256 3.514112 26 29 16
36.747395 -9.567605 4.708912 43 49 42
36.543221 -9.512280 6.032844 19 22 22
40.350437 -10.496597 8.165008 34 35 35
38.268097 -9.954356 9.194126 3 6 3
38.114532 -9.911980 10.623794 0 1 1
6.946711 -1.871767 -1.961737 100 122 88
8.238623 -2.211934 -1.996819 113 134 96
9.761236 -2.612752 -1.984985 71 95 60
11.512446 -3.073622 -1.901361 95 116 81
13.866432 -3.693092 -1.768987 77 97 69
19.578560 -5.196851 -1.769970 93 116 85
78.512611 -20.715950 -4.207689 73 94 69
38.431545 -10.150702 3.519852 76 81 72
36.566265 -9.657590 4.690315 37 43 42
36.581314 -9.659163 6.044840 34 35 38
38.218967 -10.084738 9.190991 2 2 3
6.940858 -1.896752 -1.961893 116 133 105
8.231859 -2.241502 -1.997007 109 131 89
9.753391 -2.647720 -1.985191 67 92 57
11.495058 -3.112582 -1.900213 92 112 80
13.844061 -3.739516 -1.767713 80 98 75
19.485737 -5.245796 -1.763148 94 118 87
78.431175 -20.988123 -4.206741 73 94 68
38.456829 -10.301621 3.525654 40 50 28
36.425518 -9.757246 4.676898 4 6 3
36.628548 -9.809018 6.058437 32 41 40
38.169098 -10.214817 9.187784 41 45 51
6.934907 -1.921715 -1.962045 119 132 113
8.224979 -2.271046 -1.997191 102 125 82
9.744710 -2.682471 -1.985254 63 85 49
11.481567 -3.152550 -1.899723 92 115 79
13.821609 -3.785849 -1.766449 83 100 78
19.423372 -5.302435 -1.759075 93 114 89
78.469017 -21.292536 -4.212237 73 93 67
38.479065 -10.452173 3.531231 75 82 68
36.285648 -9.856342 4.663623 4 7 2
32.729080 -8.892116 5.421775 26 28 29
38.119282 -10.344806 9.184695 59 68 78
35.765331 -9.706069 10.000240 0 1 1
6.928859 -1.946658 -1.962196 108 121 100
8.217981 -2.300566 -1.997373 96 127 70
9.729198 -2.715350 -1.983970 63 86 53
11.472383 -3.193682 -1.899960 94 118 80
13.799079 -3.832091 -1.765194 81 99 75
19.360954 -5.358729 -1.755012 93 114 87
78.493599 -21.594152 -4.217085 71 92 66
38.494915 -10.601416 3.536278 64 67 72
36.146652 -9.954887 4.650489 0 1 2
32.542645 -8.964324 5.396385 67 72 71
38.069515 -10.474706 9.181723 53 53 55
35.792046 -9.848100 10.017422 2 3 4
6.922714 -1.971579 -1.962343 97 112 88
8.210867 -2.330061 -1.997551 89 119 65
9.717286 -2.749187 -1.983431 57 81 49
11.463097 -3.234801 -1.900204 98 121 82
13.776469 -3.878242 -1.763948 81 101 79
19.298481 -5.414681 -1.750959 92 113 85
78.568420 -21.910501 -4.224691 71 91 67
35.828472 -10.009762 0.679738 65 70 64
38.510807 -10.751065 3.541381 86 88 89
36.008507 -10.052888 4.637495 1 1 1
32.358078 -9.035889 5.371318 7 8 8
40.103306 -11.186046 8.154614 2 4 2
38.019798 -10.604520 9.178868 1 2 1
6.916471 -1.996478 -1.962488 84 104 69
8.203635 -2.359531 -1.997727 96 127 70
9.709049 -2.784045 -1.983655 58 80 49
11.453707 -3.275906 -1.900456 91 117 75
13.758493 -3.925632 -1.763310 80 102 76
19.199736 -5.460071 -1.743649 91 111 84
78.537407 -22.198133 -4.226676 72 91 66
35.861324 -10.154503 0.681242 47 54 52
35.871212 -10.150352 4.624638 1 3 1
36.900883 -10.438083 6.127612 5 7 4
37.970131 -10.734254 9.176131 1 2 2
33.993908 -9.612295 9.535425 9 11 12
6.910132 -2.021355 -1.962631 85 105 74
8.196284 -2.388974 -1.997899 93 125 71
9.700701 -2.818881 -1.983882 59 71 58
11.444215 -3.316996 -1.900714 94 116 80
13.747577 -3.975009 -1.763589 70 94 59
19.090336 -5.501813 -1.735386 88 111 80
78.570183 -22.504349 -4.232147 71 92 66
35.894295 -10.299793 0.682759 61 67 63
36.970135 -10.597637 6.145370 24 26 25
37.920509 -10.863909 9.173511 2 2 3
6.903695 -2.046210 -1.962770 89 113 72
8.188811 -2.418389 -1.998066 114 148 91
9.692241 -2.853696 -1.984110 60 72 59
11.434619 -3.358072 -1.900979 91 116 75
13.736546 -4.024376 -1.763875 70 96 56
18.981642 -5.543078 -1.727193 86 107 77
78.558258 -22.798458 -4.235276 72 92 65
35.920242 -10.443570 0.684154 47 50 52
34.874218 -10.133964 4.506139 1 2 1
37.039864 -10.758133 6.163320 2 4 5
40.100521 -11.640831 8.179066 2 3 3
6.897162 -2.071041 -1.962908 91 118 69
8.181221 -2.447777 -1.998230 116 149 93
9.683669 -2.888491 -1.984342 61 73 60
11.410748 -3.394973 -1.898923 83 107 68
13.711401 -4.069623 -1.762389 68 98 53
18.873642 -5.583872 -1.719068 91 110 81
78.658455 -23.125984 -4.244504 73 90 68
92.933807 -27.309002 -1.622755 94 96 86
31.667830 -9.330882 1.763928 19 23 20
32.739529 -9.643044 3.026035 58 66 59
31.591814 -9.304498 4.088505 10 13 10
37.083946 -10.911925 6.177128 5 6 6
6.890529 -2.095848 -1.963041 80 111 56
8.173513 -2.477138 -1.998391 115 140 101
9.674981 -2.923262 -1.984575 64 77 59
11.380296 -3.429826 -1.895803 78 104 65
13.684580 -4.114287 -1.760707 66 97 51
18.807732 -5.636508 -1.714760 91 110 81
78.863678 -23.486097 -4.259468 73 90 65
92.521400 -27.539732 -1.616656 83 85 77
31.859375 -9.508560 1.776554 8 11 9
32.964130 -9.834591 3.050021 9 10 9
31.794537 -9.485179 4.119031 2 2 2
30.843126 -9.198623 6.312168 0 1 0
32.492012 -9.683582 9.153931 21 25 20
6.883796 -2.120630 -1.963172 74 103 50
8.165689 -2.506470 -1.998549 110 132 95
9.666178 -2.958010 -1.984809 67 81 60
11.349821 -3.464531 -1.892697 75 101 57
13.657665 -4.158829 -1.759033 65 98 50
18.745564 -5.689919 -1.710803 86 109 78
78.787819 -23.763775 -4.259339 73 89 65
91.999146 -27.734997 -1.608649 86 85 78
32.020542 -9.678806 1.787545 1 1 1
33.208687 -10.034110 3.075935 8 9 7
34.988857 -10.567279 4.535518 7 8 8
31.019617 -9.369563 6.354908 0 1 1
32.531200 -9.819515 9.174685 11 12 9
6.876967 -2.145387 -1.963300 74 108 47
8.157749 -2.535774 -1.998704 103 127 85
9.653511 -2.991590 -1.984286 62 77 55
11.319324 -3.499089 -1.889604 78 104 64
13.630656 -4.203248 -1.757365 83 118 62
18.683353 -5.742995 -1.706857 83 105 71
78.458214 -23.964153 -4.245553 73 92 65
91.590019 -27.961500 -1.602631 80 81 72
32.153500 -9.841943 1.797016 5 7 5
33.400169 -10.219590 3.097049 0 1 1
35.004810 -10.706076 4.542588 42 46 51
37.024857 -11.318809 6.187353 22 23 23
31.198174 -9.542726 6.398239 3 4 5
34.449772 -10.530187 8.381738 1 2 3
32.570503 -9.956040 9.195627 4 11 3
6.870041 -2.170120 -1.963425 73 105 50
8.149693 -2.565050 -1.998855 108 129 92
9.637118 -3.024003 -1.983032 61 76 54
11.298565 -3.536516 -1.888135 79 102 65
13.603555 -4.247544 -1.755703 98 129 77
18.615704 -5.794070 -1.702429 83 105 74
78.208977 -24.187464 -4.236142 74 94 67
91.555023 -28.301090 -1.603176 80 79 70
32.287819 -10.006776 1.806605 45 49 44
42.106464 -13.032876 3.904363 0 1 1
34.181297 -10.586432 4.441217 9 12 12
42.831734 -13.250962 7.161175 1 2 1
31.379131 -9.718246 6.442233 1 2 1
34.500183 -10.677881 8.403144 34 37 38
32.609917 -10.093166 9.216758 6 9 5
6.863019 -2.194828 -1.963547 68 102 46
8.141520 -2.594295 -1.999004 109 130 94
9.620640 -3.056344 -1.981781 60 76 53
11.280231 -3.574637 -1.887087 88 109 76
13.576360 -4.291718 -1.754048 102 133 80
18.510118 -5.832926 -1.694566 88 108 77
77.871986 -24.382090 -4.222014 73 90 67
91.945702 -28.774158 -1.611198 83 78 71
32.423515 -10.173334 1.816316 8 10 10
42.028587 -13.170315 3.901655 0 1 1
33.760117 -10.586373 4.391737 43 53 59
42.793949 -13.403695 7.162903 1 2 2
31.562546 -9.896174 6.486904 1 2 1
34.546528 -10.824979 8.423713 5 4 3
32.649445 -10.230899 9.238079 15 16 16
6.855901 -2.219510 -1.963668 61 94 40
8.133229 -2.623511 -1.999149 107 128 92
9.604074 -3.088614 -1.980535 49 67 41
11.261820 -3.612688 -1.886047 77 103 61
13.549073 -4.335768 -1.752399 106 132 87
18.405197 -5.871338 -1.686769 87 106 75
77.535187 -24.574844 -4.207923 70 88 64
92.313934 -29.243893 -1.618861 73 69 64
37.179447 -11.801840 2.083616 2 4 2
41.945850 -13.305972 3.898538 4 7 3
33.277576 -10.563979 4.334246 28 44 62
42.748768 -13.554161 7.163486 1 2 2
31.748468 -10.076567 6.532267 2 2 3
35.132095 -11.143012 8.575418 1 1 2
32.689087 -10.369245 9.259591 2 2 2
6.848686 -2.244166 -1.963785 77 114 53
8.124831 -2.652698 -1.999293 103 124 96
9.587422 -3.120811 -1.979293 52 69 45
11.243330 -3.650670 -1.885015 82 108 64
13.521770 -4.379720 -1.750766 108 132 88
18.300930 -5.909312 -1.679036 82 102 72
77.213585 -24.770538 -4.194681 67 85 61
37.155670 -11.937761 2.084830 2 3 3
41.863235 -13.441391 3.895471 48 54 53
40.658188 -13.053223 5.296586 2 3 3
33.892963 -10.887110 5.692001 1 1 1
31.936960 -10.259478 6.578338 1 2 3
35.260921 -11.319843 8.616492 5 5 6
32.728848 -10.508210 9.281298 1 2 2
6.841374 -2.268795 -1.963900 83 117 59
8.116317 -2.681854 -1.999434 105 124 100
9.570684 -3.152935 -1.978055 47 63 41
11.224764 -3.688582 -1.883991 89 115 75
13.494297 -4.423524 -1.749130 102 127 80
18.237698 -5.959941 -1.675049 79 101 69
76.855553 -24.952618 -4.179487 67 83 61
37.131870 -12.073811 2.086071 8 10 11
41.381809 -13.447411 3.855452 34 53 76
40.465988 -13.148253 5.277831 5 7 6
34.100430 -11.085438 5.733315 0 1 1
33.527538 -10.897795 6.912194 0 0 0
35.393703 -11.499249 8.658728 23 26 29
32.768726 -10.647802 9.303200 6 9 12
6.833967 -2.293398 -1.964012 94 120 77
8.107686 -2.710979 -1.999572 110 129 106
9.553860 -3.184988 -1.976822 47 66 42
11.206120 -3.726425 -1.882976 95 119 81
13.466733 -4.467206 -1.747500 98 124 81
18.195415 -6.017113 -1.672986 87 110 76
25.124336 -8.287852 -1.372007 70 66 50
35.141434 -11.563260 3.280560 62 67 64
39.965477 -13.141164 5.219010 0 1 1
34.277405 -11.275679 5.769686 0 1 1
32.131702 -10.570816 6.633612 1 1 1
35.559856 -11.690914 8.709300 1 2 1
32.808025 -10.787800 9.325100 26 40 56
6.826464 -2.317974 -1.964121 90 114 73
8.098940 -2.740072 -1.999706 111 128 106
9.536950 -3.216967 -1.975592 48 67 44
11.187398 -3.764199 -1.881969 97 121 83
13.439078 -4.510765 -1.745877 92 118 79
18.153055 -6.074095 -1.670933 86 110 75
24.943676 -8.325770 -1.363605 61 58 43
35.003677 -11.654211 3.271742 37 33 29
39.850513 -13.258345 5.210299 3 4 5
34.439323 -11.462604 5.803689 0 0 1
33.557384 -11.168117 6.934575 0 0 1
35.796043 -11.907377 8.777188 0 1 1
40.832352 -13.572792 11.607904 2 2 4
6.818869 -2.342523 -1.964229 84 109 66
8.090078 -2.769132 -1.999837 107 125 103
9.519956 -3.248875 -1.974367 48 73 37
11.168599 -3.801904 -1.880970 96 112 83
13.411334 -4.554202 -1.744260 89 115 78
18.051153 -6.110926 -1.663450 84 108 72
24.922014 -8.415879 -1.363863 59 57 42
34.866547 -11.744617 3.263000 9 8 7
39.735859 -13.375096 5.201669 41 50 56
34.603130 -11.651727 5.838161 0 0 0
33.572319 -11.303906 6.945933 0 0 1
35.779041 -12.041145 8.783479 0 0 0
6.811179 -2.367044 -1.964335 90 119 72
8.081100 -2.798159 -1.999966 99 119 93
9.502875 -3.280709 -1.973146 53 74 38
11.152474 -3.840474 -1.880436 97 114 85
13.380870 -4.596623 -1.742311 88 112 76
17.949169 -6.147101 -1.655963 85 109 73
25.033937 -8.551405 -1.371423 62 60 47
34.730030 -11.834487 3.254333 0 1 1
39.621506 -13.491424 5.193120 54 53 54
38.803726 -13.211469 6.551304 1 1 2
33.584469 -11.439174 6.956828 14 15 18
22.749336 -7.762169 6.503692 3 4 4
6.803393 -2.391537 -1.964438 91 123 75
8.072007 -2.827153 -2.000091 105 123 98
9.485711 -3.312471 -1.971929 47 67 33
11.141574 -3.880819 -1.880796 96 115 85
13.338807 -4.634947 -1.738882 81 108 67
17.847830 -6.182872 -1.648539 86 108 75
74.179047 -25.527275 -4.055453 62 76 55
34.594120 -11.923824 3.245740 26 27 29
39.507458 -13.607331 5.184652 20 28 30
38.727707 -13.337240 6.546558 27 27 28
33.583153 -11.570230 6.965055 0 1 0
22.645454 -7.815833 6.482067 2 3 3
6.795512 -2.416002 -1.964539 91 123 73
8.062799 -2.856112 -2.000212 111 126 101
9.468462 -3.344159 -1.970716 41 60 31
11.123268 -3.918610 -1.879944 96 116 88
13.298963 -4.673840 -1.735754 75 100 57
17.747107 -6.218234 -1.641176 84 107 74
73.911751 -25.724869 -4.045287 62 76 55
40.750553 -14.196331 3.825166 0 0 1
39.389236 -13.721273 5.175680 6 8 8
38.651760 -13.462807 6.541891 35 40 42
34.994896 -12.191746 7.265334 1 2 2
22.542290 -7.869147 6.460672 3 3 4
6.787536 -2.440436 -1.964636 93 123 74
8.049065 -2.883487 -1.999255 108 125 100
9.451129 -3.375774 -1.969507 39 60 31
11.101665 -3.955206 -1.878562 108 124 105
13.274968 -4.718118 -1.734690 69 93 51
17.672581 -6.262181 -1.636223 82 105 72
73.657303 -25.925585 -4.035853 64 78 56
91.858086 -32.312634 -1.622782 105 105 107
38.972260 -13.734919 2.208698 15 21 15
40.804523 -14.375484 3.835128 5 7 5
39.230743 -13.820530 5.161472 6 7 9
34.960903 -12.317486 7.267375 19 21 21
22.439831 -7.922117 6.439503 4 5 6
6.779463 -2.464842 -1.964731 97 127 75
8.033229 -2.910085 -1.997808 113 129 106
9.433712 -3.407316 -1.968303 50 69 47
11.079974 -3.991710 -1.877186 110 125 110
13.250897 -4.762310 -1.733634 61 85 44
17.606627 -6.308761 -1.632068 80 103 69
73.394783 -26.122147 -4.026006 65 79 58
40.858730 -14.555539 3.845183 0 1 1
43.215702 -15.389229 5.690685 3 5 6
34.926868 -12.443283 7.269501 14 16 20
22.338068 -7.974748 6.418558 23 25 25
6.771296 -2.489217 -1.964824 95 127 67
8.019503 -2.937397 -1.996897 112 130 100
9.417687 -3.439315 -1.967406 54 67 53
11.058194 -4.028121 -1.875815 103 123 100
13.226750 -4.806416 -1.732588 53 77 37
17.559345 -6.361701 -1.629644 82 104 69
73.043365 -26.285439 -4.011313 64 79 58
34.598484 -12.470471 3.262941 1 1 1
37.884327 -13.647111 4.997953 21 22 24
39.118252 -14.087234 6.645733 10 10 9
34.892796 -12.569140 7.271712 33 37 38
22.236994 -8.027044 6.397834 32 37 45
6.763033 -2.513562 -1.964914 89 122 62
8.010370 -2.966352 -1.997133 117 136 104
9.407219 -3.473301 -1.967675 55 66 56
11.036326 -4.064440 -1.874449 105 126 96
13.202526 -4.850435 -1.731550 41 63 30
17.504852 -6.411826 -1.626568 80 102 69
72.609566 -26.416777 -3.992117 65 79 60
34.550449 -12.590178 3.262752 3 6 3
37.902538 -13.803811 5.006879 9 9 13
30.579041 -11.145322 5.208137 43 47 48
30.840288 -11.237997 6.439557 37 42 42
22.136539 -8.078990 6.377312 23 27 37
6.754676 -2.537875 -1.965001 86 120 59
8.001143 -2.995281 -1.997370 119 141 105
9.396648 -3.507262 -1.967949 63 75 61
11.015449 -4.101061 -1.873269 67 101 54
13.178226 -4.894370 -1.730522 39 61 31
17.406263 -6.445510 -1.619435 77 96 65
60.677284 -22.325336 -3.341027 53 70 49
34.602680 -12.746624 3.272032 4 7 3
37.920780 -13.961050 5.015892 4 5 4
32.536766 -11.984644 5.546958 33 35 33
34.811935 -12.816430 7.273770 31 30 28
30.066051 -11.074762 7.461825 68 71 57
22.036739 -8.130605 6.357001 41 47 30
6.746223 -2.562158 -1.965086 74 107 54
7.991820 -3.024184 -1.997610 101 133 77
9.385968 -3.541197 -1.968224 59 71 57
10.995963 -4.138147 -1.872343 67 99 55
13.153850 -4.938219 -1.729503 34 53 28
17.308262 -6.478810 -1.612359 72 91 62
60.033382 -22.327728 -3.309537 56 72 49
42.235088 -15.713944 3.995349 1 2 2
37.939056 -14.118832 5.024993 0 1 0
42.272366 -15.722174 7.207484 5 5 5
20.782330 -7.756870 4.362353 1 2 2
32.108330 -11.951180 7.976315 149 138 94
21.939617 -8.182647 6.337483 4 5 3
6.737676 -2.586409 -1.965168 62 92 46
7.982404 -3.053062 -1.997852 94 127 71
9.375178 -3.575103 -1.968502 57 74 50
10.976402 -4.175165 -1.871426 55 90 41
13.129396 -4.981982 -1.728492 32 50 27
17.210842 -6.511729 -1.605340 77 96 67
59.433388 -22.342087 -3.280433 56 70 51
42.575409 -16.010014 4.032906 14 20 17
37.957371 -14.277163 5.034185 1 1 2
42.125866 -15.835999 7.192216 10 12 10
20.686060 -7.804075 4.348089 41 47 51
32.117229 -12.082797 7.989100 14 13 10
21.851274 -8.237431 6.320510 5 7 10
6.729033 -2.610628 -1.965247 57 83 43
7.972893 -3.081914 -1.998095 106 130 91
9.364280 -3.608981 -1.968783 52 71 45
10.956765 -4.212114 -1.870516 54 90 35
13.103690 -5.025214 -1.727337 34 51 27
17.122278 -6.547409 -1.599143 72 91 63
24.755112 -9.438667 -1.371826 24 27 19
84.755577 -32.158680 4.836732 7 7 6
81.917862 -31.078554 7.754300 26 33 20
37.972794 -14.434944 5.043079 32 33 34
41.979958 -15.949319 7.177094 2 3 3
31.707939 -12.058735 6.654868 1 2 1
32.227978 -12.253361 8.027250 1 1 2
21.763430 -8.291929 6.303711 9 9 9
6.720296 -2.634814 -1.965323 52 74 40
7.963288 -3.110739 -1.998341 101 127 84
9.353271 -3.642831 -1.969065 55 72 49
10.937054 -4.248995 -1.869614 53 87 32
13.061481 -5.062059 -1.724046 31 49 26
17.057798 -6.591790 -1.595186 76 97 66
24.692156 -9.514143 -1.370026 23 25 23
81.917458 -31.406445 7.765073 105 96 60
41.966591 -16.115419 5.578699 0 0 0
41.834625 -16.062141 7.162117 18 22 21
31.608337 -12.148003 6.643091 12 22 33
31.965256 -12.282332 7.972938 0 0 1
21.676325 -8.346240 6.287156 3 5 5
6.711465 -2.658967 -1.965397 54 72 40
7.953588 -3.139539 -1.998589 98 127 80
9.341106 -3.676247 -1.969133 53 76 42
10.917266 -4.285808 -1.868721 55 87 34
13.019303 -5.098721 -1.720772 32 50 27
16.993477 -6.635900 -1.591253 72 94 62
24.648029 -9.596666 -1.369281 23 22 13
33.270596 -12.924405 3.168504 12 19 18
38.040924 -14.766500 5.066065 1 2 6
79.466805 -30.777218 13.597050 1 2 2
31.509121 -12.236960 6.631442 43 47 49
31.736469 -12.322658 7.927004 50 50 33
21.590065 -8.400414 6.270876 84 97 95
6.702540 -2.683088 -1.965469 48 67 36
7.938803 -3.166358 -1.997606 99 126 81
9.322855 -3.707287 -1.967961 52 75 41
10.897402 -4.322552 -1.867835 57 91 37
12.977155 -5.135198 -1.717514 43 64 37
16.929873 -6.679959 -1.587397 66 89 57
24.635347 -9.691399 -1.370291 11 12 8
86.910706 -34.027435 1.713444 97 95 94
33.256470 -13.053219 3.171668 4 4 5
37.900417 -14.865113 5.054524 2 3 1
44.613056 -17.484341 7.657022 12 12 9
30.307703 -11.895052 6.388796 2 3 2
31.251316 -12.261397 7.817256 0 2 1
21.504276 -8.454315 6.254763 118 121 117
6.693520 -2.707174 -1.965537 45 64 34
7.921998 -3.192349 -1.996145 102 125 84
9.304522 -3.738252 -1.966793 60 75 55
10.877463 -4.359228 -1.866957 48 78 30
12.950155 -5.177465 -1.716255 53 70 49
16.880104 -6.729160 -1.584839 57 78 49
51.651619 -20.462547 -2.869430 58 71 52
86.614395 -34.261276 1.710487 80 81 83
87.473030 -34.594597 5.020601 23 28 19
33.379112 -13.236274 3.187870 10 13 9
37.760536 -14.963260 5.043094 2 2 2
33.198948 -13.160739 5.713571 1 1 1
30.010872 -11.900700 6.335436 0 0 1
31.252178 -12.388294 7.828387 1 2 2
21.420206 -8.508441 6.239177 116 131 127
6.684406 -2.731226 -1.965603 46 69 37
7.905108 -3.218260 -1.994685 113 129 103
9.286108 -3.769142 -1.965629 63 78 59
10.857450 -4.395836 -1.866088 45 75 31
12.925352 -5.220538 -1.715303 59 74 55
16.801437 -6.766617 -1.579600 55 76 47
51.287636 -20.526657 -2.852897 57 71 50
86.282722 -34.479588 1.706841 82 81 81
87.210594 -34.844006 5.013040 6 11 14
38.945927 -15.591674 3.722016 170 165 108
37.621273 -15.060946 5.031774 1 1 1
32.930977 -13.188694 5.675747 3 7 1
29.790115 -11.934608 6.297995 1 2 2
20.074934 -8.061026 5.050702 1 1 3
21.342014 -8.564471 6.225325 19 24 12
6.675199 -2.755244 -1.965666 42 65 33
7.888134 -3.244092 -1.993224 118 132 114
9.267612 -3.799957 -1.964469 65 78 61
10.837361 -4.432376 -1.865226 52 81 37
12.900474 -5.263526 -1.714359 75 87 71
16.737730 -6.809659 -1.575763 56 77 47
50.940968 -20.595381 -2.837320 57 71 51
86.948990 -35.092613 5.005561 5 12 14
38.768597 -15.678685 3.710571 22 28 19
37.482624 -15.158177 5.020563 1 1 1
39.112522 -15.812016 6.745274 26 32 26
29.571472 -11.967917 6.260967 29 31 28
30.472643 -12.328659 7.655825 1 1 1
21.264189 -8.620258 6.211616 7 10 5
6.662704 -2.777926 -1.964806 43 66 33
7.871077 -3.269844 -1.991762 109 123 104
9.249038 -3.830697 -1.963313 56 74 50
10.817197 -4.468848 -1.864372 52 81 38
12.875521 -5.306432 -1.713424 77 89 76
16.674173 -6.852437 -1.571949 57 78 47
26.032309 -10.661486 -1.455083 0 0 0
80.979630 -33.017303 4.669779 5 12 12
35.921654 -14.678471 3.444449 9 14 4
37.345585 -15.255369 5.009595 1 1 1
39.002670 -15.926895 6.736163 9 12 9
43.343853 -17.689756 9.173453 0 1 0
33.398655 -13.642882 8.398973 1 2 2
21.185804 -8.675430 6.197779 17 22 15
6.647020 -2.799272 -1.963047 41 65 33
7.853937 -3.295516 -1.990301 114 125 110
9.230382 -3.861361 -1.962162 55 72 48
10.796958 -4.505252 -1.863527 74 101 63
12.850492 -5.349254 -1.712498 80 97 80
16.610762 -6.894953 -1.568159 56 78 45
25.716089 -10.638179 -1.439389 0 0 0
76.407410 -31.468618 4.413520 5 11 11
35.851730 -14.796753 3.442906 1 2 5
37.213863 -15.354064 4.999365 0 0 0
39.132797 -16.139923 6.768432 8 11 6
43.106316 -17.769438 9.136673 6 11 5
19.953959 -8.257972 5.042216 37 34 33
21.107023 -8.730049 6.183863 25 31 22
6.631254 -2.820536 -1.961283 48 71 35
7.836714 -3.321107 -1.988840 101 119 94
9.211646 -3.891950 -1.961015 52 70 45
10.776645 -4.541588 -1.862689 77 102 62
12.825388 -5.391993 -1.711580 83 100 83
16.547508 -6.937214 -1.564392 51 77 40
25.503433 -10.655604 -1.429449 0 0 0
76.672195 -31.891422 4.435629 4 8 10
81.380341 -33.840469 7.804652 37 40 43
36.861336 -15.360492 4.959598 37 39 35
29.395243 -12.260224 5.099129 52 57 57
29.691942 -12.381312 6.313851 84 85 72
19.968769 -8.346301 5.053329 0 0 1
21.028618 -8.784430 6.170090 0 1 1
6.615406 -2.841717 -1.959515 46 67 35
7.819409 -3.346618 -1.987378 82 106 73
9.192831 -3.922463 -1.959872 49 67 42
10.756257 -4.577857 -1.861859 75 101 60
12.800210 -5.434649 -1.710672 77 97 75
16.462008 -6.969822 -1.558546 53 79 41
25.381748 -10.709747 -1.424583 1 2 1
76.903908 -32.303436 4.455947 14 23 30
40.789104 -17.160973 3.926498 15 15 15
36.865723 -15.514048 4.967636 2 2 5
39.339443 -16.548092 6.824241 40 42 45
29.465809 -12.408908 6.275348 33 41 25
33.679741 -14.171996 8.506637 1 1 1
20.950583 -8.838574 6.156459 6 14 4
6.599476 -2.862814 -1.957742 54 75 43
7.802023 -3.372048 -1.985916 97 120 86
9.173936 -3.952900 -1.958734 49 66 41
10.730527 -4.611825 -1.860137 73 99 58
12.774336 -5.476960 -1.709690 77 94 73
16.401937 -7.012702 -1.555094 57 82 43
25.381142 -10.814478 -1.426495 0 0 0
86.440285 -36.662846 1.727875 53 55 49
83.085724 -35.237095 4.820797 15 18 21
33.260624 -14.142803 3.209931 1 1 1
36.870098 -15.668079 4.975757 1 1 4
39.352711 -16.716053 6.836817 1 3 0
42.495033 -18.042755 9.047831 8 13 8
32.674721 -13.885965 8.266402 1 1 1
32.289658 -13.720826 9.476283 0 0 0
6.583466 -2.883828 -1.955964 66 83 64
7.784555 -3.397397 -1.984455 92 118 82
9.154963 -3.983262 -1.957600 46 62 39
10.698463 -4.643005 -1.857347 73 96 57
12.735668 -5.513743 -1.707030 90 105 85
16.358629 -7.062457 -1.553230 56 80 41
24.516701 -10.550102 -1.380040 0 0 0
86.203751 -36.918739 1.726242 68 67 61
75.079079 -32.157875 4.364269 50 55 51
33.165581 -14.239955 3.205764 31 31 32
36.874466 -15.822595 4.983961 1 3 2
39.332993 -16.870508 6.843799 1 3 1
42.522980 -18.230524 9.067469 9 18 17
29.117041 -12.501795 7.382082 1 1 1
32.333771 -13.873421 9.503460 1 1 2
6.567375 -2.904758 -1.954182 74 88 69
7.767007 -3.422665 -1.982993 103 120 92
9.135909 -4.013548 -1.956470 44 62 34
10.666386 -4.674048 -1.854571 75 98 61
12.693348 -5.548787 -1.703900 83 101 79
16.294731 -7.103166 -1.549439 57 80 42
24.439915 -10.618984 -1.377658 0 0 0
85.953171 -37.167679 1.724340 218 210 196
81.929558 -35.425499 4.769071 72 75 69
41.890652 -18.142735 4.050824 11 14 15
42.062149 -18.213930 5.690577 4 7 3
39.313179 -17.025248 6.850867 0 1 1
67.438911 -29.153547 14.381277 1 1 4
28.708143 -12.446503 7.290105 42 41 39
32.378014 -14.026838 9.530874 2 3 4
6.553476 -2.926595 -1.953057 83 95 79
7.749378 -3.447852 -1.981531 97 119 87
9.116778 -4.043757 -1.955344 52 69 48
10.634294 -4.704954 -1.851806 87 105 79
12.651057 -5.583654 -1.700785 78 97 74
16.178907 -7.120912 -1.540752 55 80 40
24.386200 -10.697594 -1.376583 1 1 1
85.690887 -37.404861 4.995560 61 60 46
37.646034 -16.467913 3.647896 3 3 4
41.330074 -18.070141 5.600668 33 34 35
39.293262 -17.180269 6.858023 1 1 2
35.550125 -15.547606 7.609840 36 43 43
34.065445 -14.898734 8.655905 2 2 2
32.422398 -14.181087 9.558526 0 1 1
6.543495 -2.950128 -1.953096 73 85 68
7.731670 -3.472957 -1.980069 93 118 79
9.097569 -4.073891 -1.954222 53 69 47
10.606909 -4.737802 -1.849866 91 109 84
12.618503 -5.622618 -1.698979 74 97 68
16.084038 -7.147126 -1.534041 53 78 40
44.065842 -19.460423 -2.485608 61 76 53
83.817787 -36.943581 1.687769 122 112 89
75.118484 -33.111328 4.387789 12 16 23
37.432549 -16.531281 3.633081 7 17 11
40.609886 -17.926023 5.512150 1 1 2
39.273251 -17.335583 6.865266 0 2 0
35.452370 -15.653171 7.600836 2 3 3
34.178772 -15.090908 8.698050 0 0 0
32.466915 -14.336177 9.586420 1 1 1
6.533423 -2.973623 -1.953133 74 88 66
7.713882 -3.497980 -1.978608 86 114 68
9.078280 -4.103948 -1.953105 44 61 35
10.586162 -4.773510 -1.849087 85 114 68
12.592988 -5.664603 -1.698127 67 87 60
16.022144 -7.187409 -1.530453 57 82 46
25.411150 -11.357477 -1.438269 0 0 0
83.727318 -37.253822 1.689060 158 160 152
75.133949 -33.432312 4.395919 8 13 20
37.144009 -16.560030 3.611002 3 8 6
40.519844 -18.056166 5.508718 1 1 3
35.561810 -15.852757 6.229127 3 4 3
35.411346 -15.783553 7.604019 3 5 6
20.322079 -9.085652 5.197105 1 1 1
34.377995 -15.320158 10.163690 0 0 0
6.523259 -2.997079 -1.953166 87 105 73
7.696015 -3.522921 -1.977146 84 110 67
9.058915 -4.133929 -1.951992 42 60 33
10.565341 -4.809151 -1.848315 70 88 63
12.562593 -5.704350 -1.696641 66 82 59
15.961760 -7.228061 -1.527017 59 85 48
25.406355 -11.462361 -1.440090 1 1 1
81.957062 -36.811325 1.656532 75 78 71
31.097960 -14.008530 1.829270 47 53 44
36.988556 -16.646498 3.601790 2 4 5
40.424786 -18.183834 5.504659 4 6 8
35.427555 -15.942116 6.215610 1 1 2
35.560265 -15.999145 7.647961 15 18 14
20.278099 -9.151674 5.194155 1 1 1
30.855373 -13.887144 9.141690 0 0 0
6.513003 -3.020496 -1.953197 79 99 62
7.678070 -3.547780 -1.975684 87 110 76
9.039473 -4.163834 -1.950883 42 61 34
10.544447 -4.844725 -1.847552 71 94 61
12.527288 -5.741786 -1.694516 60 77 52
15.898760 -7.267235 -1.523340 64 90 53
25.449409 -11.589201 -1.444638 2 2 1
80.171242 -36.342705 4.705531 21 25 33
41.697063 -18.932497 4.064668 1 2 5
40.257587 -18.278606 5.490857 3 5 4
35.373253 -16.066973 6.216105 0 0 1
36.124527 -16.404259 7.781180 0 0 1
73.575691 -33.333660 18.763756 3 4 3
30.869659 -14.023812 9.160477 0 0 0
6.498610 -3.042023 -1.952038 85 103 66
7.660047 -3.572556 -1.974223 107 121 99
9.019952 -4.193661 -1.949779 43 63 33
10.523479 -4.880231 -1.846796 67 86 63
12.491963 -5.779085 -1.692403 52 72 44
15.837266 -7.306780 -1.519816 66 91 55
24.627789 -11.321712 -1.400291 38 39 32
72.889778 -33.355934 4.286440 17 25 8
78.141457 -35.748943 7.614363 15 19 8
35.454865 -16.256289 4.846545 1 1 2
35.328186 -16.196062 6.218296 0 0 0
35.721302 -16.373053 7.707168 0 0 1
30.285574 -13.890149 7.761289 3 4 5
36.025230 -16.506716 10.699329 1 1 1
6.483904 -3.063374 -1.950807 91 109 80
7.641946 -3.597250 -1.972761 99 119 91
9.000355 -4.223413 -1.948679 41 61 32
10.502438 -4.915671 -1.846048 73 91 67
12.456627 -5.816251 -1.690302 53 72 45
15.775924 -7.346091 -1.516314 69 94 57
35.825024 -16.589289 -2.036916 58 71 51
85.139992 -39.316170 1.730400 150 151 143
35.528259 -16.445356 2.098828 2 3 5
30.121140 -13.951297 2.950905 18 26 25
35.335304 -16.351686 4.838235 24 23 23
35.486954 -16.419149 6.256330 2 3 5
35.545792 -16.443815 7.681985 1 2 3
30.144529 -13.953827 7.737906 0 0 1
28.788296 -13.327186 8.573799 2 2 2
6.469129 -3.084660 -1.949576 97 114 89
7.623767 -3.621861 -1.971300 91 114 82
8.980681 -4.253087 -1.947583 47 66 40
10.481324 -4.951044 -1.845308 70 86 63
12.421284 -5.853286 -1.688216 57 75 49
15.714728 -7.385169 -1.512834 69 93 58
35.707798 -16.687294 -2.033345 58 73 54
35.543835 -16.608627 -0.647705 90 91 83
35.414574 -16.546127 0.724350 98 96 72
35.492321 -16.579927 2.100319 1 1 4
35.271309 -16.474768 3.458214 19 22 25
35.259388 -16.466848 4.835913 1 3 6
35.356228 -16.509474 6.243690 2 3 5
35.517010 -16.581787 7.688425 2 3 5
30.004225 -14.017069 7.714731 2 5 6
40.256588 -18.779335 11.989230 2 3 3
6.454285 -3.105879 -1.948344 97 114 92
7.612195 -3.649529 -1.971536 97 116 83
8.960931 -4.282684 -1.946491 55 72 47
10.460136 -4.986350 -1.844576 64 80 57
12.384416 -5.889479 -1.685938 34 54 27
15.653667 -7.424009 -1.509375 70 92 59
35.449371 -16.718493 -2.021764 60 77 56
35.450695 -16.716747 -0.646854 16 17 15
35.302757 -16.644934 0.723469 57 60 45
35.247803 -16.616781 2.089545 7 7 8
35.179588 -16.582405 3.455108 2 5 12
35.188908 -16.584406 4.834383 1 3 5
35.305202 -16.636574 6.245112 0 0 1
35.571213 -16.758932 7.712886 0 0 0
29.864655 -14.079878 7.691759 8 8 8
40.217373 -18.932812 11.997396 1 1 2
6.439373 -3.127031 -1.947113 93 108 89
7.600709 -3.677248 -1.971819 93 114 82
8.941105 -4.312205 -1.945403 58 73 51
10.438876 -5.021589 -1.843851 54 69 49
12.350586 -5.926972 -1.684084 32 52 24
15.592725 -7.462605 -1.505935 68 92 57
35.332581 -16.815102 -2.018236 59 75 51
35.276894 -16.786356 -0.644537 1 2 1
35.229183 -16.761398 0.723371 147 149 151
35.120445 -16.707539 2.085676 3 7 10
35.115841 -16.703003 3.454771 1 2 5
35.143200 -16.713585 4.836298 98 103 108
22.149267 -10.559354 3.935861 1 1 2
41.609745 -19.769844 9.031101 0 0 1
20.838402 -9.935840 5.389011 1 1 1
40.178093 -19.086491 12.005714 2 2 2
6.424394 -3.148117 -1.945882 81 106 65
7.589131 -3.704934 -1.972104 78 99 72
8.921203 -4.341649 -1.944320 64 79 54
10.417543 -5.056761 -1.843134 52 67 49
12.315226 -5.963622 -1.682038 33 52 27
15.531918 -7.500968 -1.502516 71 93 60
35.276714 -16.940342 -2.018196 61 76 52
35.293560 -16.946032 -0.645704 0 2 0
35.219818 -16.908426 0.724592 111 112 111
35.201210 -16.897175 2.094130 9 16 13
35.264000 -16.924814 3.475249 4 5 8
38.918541 -18.668524 5.362395 0 1 1
22.066545 -10.615335 3.927924 1 1 1
41.514164 -19.902994 9.025668 0 0 1
20.914778 -10.062201 5.417720 1 1 2
40.138756 -19.240374 12.014189 0 0 0
6.409347 -3.169136 -1.944650 87 110 73
7.577461 -3.732588 -1.972391 69 91 63
8.901224 -4.371015 -1.943241 68 82 62
10.396137 -5.091866 -1.842425 52 66 51
12.279858 -6.000143 -1.680005 29 48 24
15.471259 -7.539106 -1.499120 69 90 57
35.303692 -17.105576 -2.022913 61 76 52
35.389790 -17.144739 -0.648339 0 5 0
35.513710 -17.202133 0.732028 1 2 2
73.507347 -35.520954 4.368023 2 3 2
78.039864 -37.701374 7.682446 1 1 2
38.859276 -18.807802 5.363479 0 1 1
35.277958 -17.078901 6.272122 2 4 6
28.776423 -13.943073 6.278293 0 0 1
27.085705 -13.126340 7.015390 2 3 4
40.100277 -19.394911 12.023093 1 1 1
6.394233 -3.190088 -1.943419 90 111 76
7.565700 -3.760209 -1.972680 72 102 57
8.881171 -4.400303 -1.942167 78 89 79
10.374658 -5.126905 -1.841724 49 61 48
12.244483 -6.036536 -1.677986 42 60 38
15.410741 -7.577017 -1.495745 68 90 56
35.276386 -17.245132 -2.024566 62 77 54
82.975807 -40.450665 1.706362 2 3 3
72.091682 -35.149685 4.291807 3 3 4
39.528881 -19.304331 3.906992 3 4 5
39.768871 -19.418381 5.497985 2 3 5
21.936806 -10.743488 3.918438 3 4 7
28.528933 -13.947430 6.235317 1 1 1
26.741356 -13.076333 6.938633 0 0 0
41.176888 -20.091761 12.365690 1 1 1
6.379052 -3.210973 -1.942187 86 109 73
7.551796 -3.786789 -1.972445 73 99 54
8.861043 -4.429515 -1.941096 73 89 68
10.353106 -5.161878 -1.841031 51 68 47
12.209100 -6.072802 -1.675979 58 76 59
15.348761 -7.613915 -1.492236 66 88 56
35.875324 -17.692495 -2.062127 65 81 56
83.193886 -40.911674 4.959898 21 24 17
39.436203 -19.430473 3.904764 2 3 4
39.764954 -19.589123 5.507070 2 3 4
21.865803 -10.804200 3.912653 0 1 1
21.315660 -10.532794 4.676194 1 1 2
81.166618 -39.888813 21.008581 3 4 5
25.308905 -12.488215 7.632823 0 0 0
6.363805 -3.231791 -1.940955 91 113 79
7.535088 -3.811972 -1.971515 73 98 56
8.840840 -4.458649 -1.940030 97 109 90
10.328017 -5.195066 -1.839737 50 70 45
12.173710 -6.108941 -1.673986 77 92 79
15.262432 -7.638443 -1.486385 68 91 58
33.846691 -16.843903 -1.949062 69 84 62
75.450294 -37.443878 1.558332 2 2 3
80.751038 -40.063698 4.823380 27 36 12
39.343616 -19.556448 3.902583 1 1 2
39.753159 -19.756523 5.515164 1 1 3
34.986530 -17.394375 6.253106 0 0 0
28.044132 -13.956025 6.151364 15 13 11
28.869205 -14.362341 7.513353 2 2 2
17.884001 -8.925037 5.417658 30 27 27
6.348492 -3.252541 -1.939724 93 120 79
7.511479 -3.833675 -1.968832 76 98 63
8.820563 -4.487706 -1.938968 98 113 88
10.299651 -5.226556 -1.837884 39 61 32
12.138319 -6.144958 -1.672007 86 100 84
15.182458 -7.665629 -1.481147 71 93 59
33.640812 -16.889099 -1.940416 64 78 57
73.396370 -36.746952 1.519133 1 2 3
81.439369 -40.759865 4.873334 27 32 28
39.251118 -19.682257 3.900450 0 0 1
39.753716 -19.930590 5.525062 1 2 1
34.930717 -17.519537 6.254238 0 1 1
33.763870 -16.934540 7.411480 27 28 28
28.567030 -14.337884 7.448256 4 9 7
17.948982 -9.036031 5.446716 35 37 40
6.333113 -3.273223 -1.938492 97 124 83
7.487396 -3.855050 -1.966043 70 94 57
8.800211 -4.516685 -1.937911 95 113 84
10.271268 -5.257948 -1.836046 55 80 43
12.102906 -6.180842 -1.670040 87 104 82
15.140414 -7.711474 -1.479584 71 95 61
33.436104 -16.933605 -1.931835 66 80 59
85.732681 -43.285656 1.777157 4 7 14
77.781616 -39.273228 4.663608 30 47 30
39.158707 -19.807901 3.898363 1 1 2
38.972382 -19.711369 5.426677 0 0 1
34.891842 -17.653275 6.258471 1 3 1
33.620178 -17.010389 7.393235 2 2 2
28.269548 -14.313591 7.384238 16 19 19
18.014551 -9.148162 5.476120 13 14 14
6.315574 -3.292772 -1.936634 104 128 91
7.463284 -3.876317 -1.963261 53 77 44
8.779785 -4.545585 -1.936857 97 117 84
10.242857 -5.289239 -1.834218 40 60 32
12.064866 -6.215269 -1.667727 75 96 66
15.098315 -7.757158 -1.478028 72 96 64
19.186443 -9.834950 -1.113338 51 46 40
72.953247 -37.165649 1.516187 51 52 57
80.590744 -41.042877 4.840636 2 5 7
40.050045 -20.433313 3.993976 1 3 1
39.754673 -20.280489 5.545142 2 4 8
30.948185 -15.803208 5.564580 2 4 2
41.253311 -21.036341 9.079645 1 1 1
21.607164 -11.054034 5.664375 5 5 5
18.080717 -9.261450 5.505875 6 7 8
6.297933 -3.312216 -1.934762 112 133 95
7.439145 -3.897477 -1.960486 41 64 33
8.759286 -4.574409 -1.935808 93 113 83
10.211854 -5.319113 -1.831949 38 59 28
12.022664 -6.247416 -1.664857 72 96 61
15.048206 -7.798603 -1.475708 72 94 69
19.058681 -9.854559 -1.107833 57 48 42
88.544380 -45.487995 -1.637235 127 131 126
72.467209 -37.238171 1.509240 138 141 130
80.320236 -41.259537 4.833512 38 37 35
40.179138 -20.676435 4.014177 3 6 2
76.665077 -39.375122 10.690417 1 1 2
30.654079 -15.789365 5.522006 1 2 5
41.215595 -21.199242 9.087805 1 1 2
21.499025 -11.094404 5.646426 1 2 1
18.147490 -9.375914 5.535986 0 0 0
6.280223 -3.331569 -1.932886 118 137 103
7.414978 -3.918530 -1.957718 66 93 53
8.738713 -4.603154 -1.934764 81 101 72
10.179043 -5.347940 -1.829374 35 52 24
11.989878 -6.284257 -1.663289 59 78 52
14.963442 -7.821914 -1.470024 71 91 64
18.933929 -9.874901 -1.102497 46 39 32
88.409798 -45.810146 -1.637163 68 72 72
88.413109 -45.805901 1.843953 160 164 158
38.389530 -19.931871 2.320766 1 3 5
40.155289 -20.842251 4.019261 1 3 6
75.546928 -39.136333 10.554261 1 2 2
30.336012 -15.761027 5.475040 1 4 2
41.177792 -21.362415 9.096085 3 4 3
19.210377 -10.007335 5.059202 0 0 0
18.214880 -9.491575 5.566461 1 1 1
6.262445 -3.350834 -1.931007 123 152 95
7.393509 -3.940899 -1.955665 62 89 49
8.718067 -4.631821 -1.933723 81 98 71
10.155715 -5.381593 -1.828496 32 49 22
11.961194 -6.323142 -1.662300 55 73 48
14.879123 -7.844949 -1.464382 71 92 66
18.784016 -9.881317 -1.095699 52 45 39
88.426628 -46.211514 -1.639921 50 43 36
74.837570 -39.117260 1.564952 158 155 154
82.264297 -42.985603 4.969102 2 4 5
40.124107 -21.004675 4.023679 6 14 5
75.019722 -39.196987 10.500245 1 2 2
29.996359 -15.719109 5.424088 4 7 5
39.109768 -20.467613 8.657050 0 0 2
19.235641 -10.106348 5.075104 9 11 13
18.112827 -9.519823 5.545709 0 0 0
6.244600 -3.370009 -1.929125 124 149 103
7.376416 -3.965503 -1.954764 64 89 49
8.697349 -4.660409 -1.932687 76 90 66
10.128916 -5.413379 -1.827020 30 46 21
11.925746 -6.358408 -1.660397 56 72 53
14.795245 -7.867712 -1.458782 72 92 64
18.611555 -9.874843 -1.087582 64 57 49
84.070732 -44.313824 -1.561527 47 34 27
79.891716 -42.109703 1.673797 150 148 149
38.643887 -20.408012 2.345044 1 3 4
40.092785 -21.167400 4.028148 19 25 19
72.593094 -38.255337 10.180421 2 5 10
32.168941 -16.995579 5.825539 0 1 3
21.627645 -11.451519 4.812956 4 4 5
19.261009 -10.205953 5.091153 0 0 0
18.379665 -9.741343 5.637069 4 4 4
6.226747 -3.389125 -1.927258 126 149 106
7.359257 -3.990043 -1.953867 61 86 47
8.676557 -4.688920 -1.931655 80 93 75
10.100356 -5.444159 -1.825248 28 45 20
11.890289 -6.393552 -1.658507 55 72 53
14.732425 -7.901146 -1.455241 72 91 64
18.419636 -9.856813 -1.078320 39 31 23
83.765007 -44.527702 -1.558226 42 30 24
83.626022 -44.448296 1.755503 143 144 135
38.741413 -20.632998 2.355500 2 4 6
40.044971 -21.321758 4.031029 13 22 14
74.895546 -39.801212 10.522370 5 10 16
20.199522 -10.793033 3.676379 1 5 1
37.353905 -19.886669 8.300936 0 1 1
19.271105 -10.298006 5.103313 2 3 5
18.469982 -9.871980 5.675084 9 13 16
6.214942 -3.411428 -1.927238 103 125 91
7.342031 -4.014519 -1.952973 62 82 50
8.655693 -4.717353 -1.930627 75 87 69
10.071769 -5.474838 -1.823487 33 47 28
11.854824 -6.428574 -1.656630 54 73 51
14.673637 -7.936425 -1.452101 72 90 62
18.344587 -9.899918 -1.075848 37 35 27
83.914627 -44.983883 -1.563416 30 24 19
38.494022 -20.677608 0.812827 43 47 43
74.891846 -40.145809 4.551277 3 7 8
39.995747 -21.475601 4.033827 3 6 7
74.560127 -39.958164 10.495298 7 14 21
20.051834 -10.805290 3.656637 1 4 1
19.355064 -10.431338 4.327380 2 2 1
28.728573 -15.441025 7.600472 80 77 59
18.528711 -9.986848 5.703674 51 48 43
6.203052 -3.433684 -1.927216 117 136 106
7.324740 -4.038930 -1.952084 73 94 60
8.634757 -4.745707 -1.929604 70 83 63
10.043154 -5.505418 -1.821738 43 54 40
11.819350 -6.463474 -1.654765 58 77 54
14.626184 -7.977541 -1.450082 69 87 58
18.252413 -9.933415 -1.072381 31 28 21
38.380939 -20.790476 0.812203 33 39 44
73.345161 -39.649059 4.466332 3 7 7
71.193176 -38.483330 7.179932 41 44 47
76.695839 -41.446060 10.815943 0 2 5
19.905746 -10.817423 3.637153 17 20 23
19.351599 -10.517243 4.334846 2 2 2
39.494186 -21.374660 10.451909 1 1 1
18.564589 -10.090240 5.725456 0 0 0
6.191074 -3.455894 -1.927191 126 142 116
7.307383 -4.063276 -1.951197 63 88 58
8.613750 -4.773982 -1.928585 65 81 58
10.014512 -5.535898 -1.820000 46 57 43
11.783868 -6.498252 -1.652913 80 97 77
14.584140 -8.021425 -1.448605 66 84 55
18.153099 -9.962511 -1.068499 28 25 16
38.269260 -20.903740 0.811614 7 10 17
83.731972 -45.630939 5.107291 1 2 5
70.760208 -38.570007 7.150306 1 4 4
73.985954 -40.319374 10.454848 0 2 6
19.761227 -10.829433 3.617923 0 2 2
19.765461 -10.830341 4.435244 4 4 4
30.336927 -16.575697 8.054146 4 4 4
32.233299 -17.604252 9.922413 0 1 1
6.175782 -3.476285 -1.926181 133 146 124
7.289960 -4.087558 -1.950315 84 105 76
8.589118 -4.800229 -1.926787 66 83 60
9.985843 -5.566279 -1.818273 53 65 53
11.746043 -6.531630 -1.650749 80 99 75
14.503330 -8.043908 -1.443320 73 91 63
18.129583 -10.032613 -1.069056 30 24 15
18.598373 -10.288560 -0.348718 35 37 32
38.165466 -21.020981 0.811197 2 4 10
32.582317 -17.956070 1.998675 5 11 19
73.090729 -40.169544 7.399732 3 7 7
73.125984 -40.183849 10.353773 1 4 7
19.253922 -10.641568 3.532687 1 1 1
19.639112 -10.851375 4.415659 3 5 2
30.141787 -16.606939 8.018076 2 2 2
26.515692 -14.617394 8.187163 1 3 4
6.159703 -3.496212 -1.924951 131 141 127
7.272471 -4.111775 -1.949436 82 101 74
8.562416 -4.825259 -1.924549 64 82 58
9.957147 -5.596562 -1.816557 61 74 60
11.702905 -6.561930 -1.647859 79 98 75
14.439693 -8.075415 -1.439729 74 93 65
18.079411 -10.088071 -1.068064 44 31 23
18.407717 -10.268439 -0.345709 20 22 16
38.061836 -21.138035 0.810790 6 11 18
32.530689 -18.076485 1.999559 2 4 5
75.057312 -41.590275 7.613405 0 2 5
19.340067 -10.778865 2.761947 9 17 8
19.068939 -10.627624 3.505892 0 0 0
22.903242 -12.745738 5.153324 4 7 1
29.368757 -16.317539 7.828791 0 0 0
32.447594 -18.016834 10.026751 2 4 4
6.143562 -3.516068 -1.923721 123 140 120
7.254918 -4.135927 -1.948560 74 92 68
8.535687 -4.850183 -1.922320 63 77 54
9.928424 -5.626746 -1.814852 66 78 66
11.659833 -6.592084 -1.644988 79 96 74
14.381514 -8.109643 -1.436683 70 90 60
18.006712 -10.130828 -1.065759 40 29 22
18.355137 -10.323920 -0.345287 19 19 12
32.479004 -18.196974 2.000465 5 7 9
19.493414 -10.954763 1.994881 0 3 4
19.251162 -10.818360 2.754812 1 4 5
19.092564 -10.728610 3.517119 1 1 1
22.877398 -12.836661 5.157674 4 10 2
23.099535 -12.958809 6.179210 0 1 0
27.200590 -15.242181 8.430127 0 1 1
6.127359 -3.535855 -1.922491 124 141 121
7.237299 -4.160014 -1.947688 71 89 65
8.508929 -4.875001 -1.920099 65 79 56
9.899684 -5.656837 -1.813161 57 73 57
11.616829 -6.622092 -1.642136 80 97 73
14.328753 -8.146645 -1.434181 65 83 53
17.958803 -10.187183 -1.064919 54 45 41
18.225546 -10.335943 -0.343420 9 12 6
74.548286 -42.002777 1.589693 39 39 33
32.427269 -18.317541 2.001395 13 16 16
19.461550 -11.026961 1.995660 1 1 1
23.613497 -13.359232 3.380165 14 14 17
16.253540 -9.221387 3.004752 0 0 1
22.851521 -12.927739 5.162097 9 9 9
23.076534 -13.052521 6.185315 40 44 40
26.349245 -14.889354 8.184016 0 0 1
6.111096 -3.555571 -1.921262 130 147 126
7.219616 -4.184036 -1.946820 82 104 75
8.482144 -4.899714 -1.917888 41 56 35
9.870917 -5.686830 -1.811480 70 89 67
11.573904 -6.651961 -1.639304 81 100 70
14.286696 -8.189494 -1.432751 61 81 50
17.850523 -10.209196 -1.060526 64 53 48
18.138174 -10.371043 -0.342347 8 11 6
76.282387 -43.329685 1.630200 27 29 22
32.375477 -18.438189 2.002349 11 18 14
35.523823 -20.220211 3.634895 52 61 52
21.568237 -12.309696 3.095771 1 1 1
16.465784 -9.417190 3.049678 0 0 0
18.499493 -10.568151 4.194583 3 3 3
23.053503 -13.146424 6.191511 27 29 28
26.229706 -14.943659 8.163347 0 1 1
6.094772 -3.575218 -1.920033 117 138 108
7.201869 -4.207993 -1.945956 98 112 100
8.455334 -4.924324 -1.915687 39 57 31
9.842123 -5.716725 -1.809811 69 84 63
11.531048 -6.681689 -1.636492 76 97 61
14.215215 -8.215396 -1.428405 58 79 47
17.734764 -10.226264 -1.055689 45 32 26
18.005381 -10.379709 -0.340419 13 14 10
35.563305 -20.412577 0.764745 38 42 36
19.744276 -11.370858 1.228388 6 12 3
35.349091 -20.285282 3.624507 2 6 7
21.544241 -12.396398 3.098629 0 0 0
31.950602 -18.339100 5.899988 47 46 45
18.416832 -10.607165 4.184422 38 34 30
23.030441 -13.240521 6.197799 2 3 1
26.110620 -14.997603 8.142835 8 9 9
6.078389 -3.594794 -1.918804 106 138 78
7.184057 -4.231884 -1.945094 89 103 91
8.428504 -4.948834 -1.913496 39 54 32
9.813302 -5.746523 -1.808153 63 76 54
11.488256 -6.711273 -1.633698 80 106 63
14.149981 -8.244503 -1.424683 53 76 41
17.537624 -10.195692 -1.046027 42 31 27
17.899126 -10.402774 -0.338990 17 20 15
35.288631 -20.420088 0.760610 26 29 21
19.706726 -11.441580 1.228647 1 4 0
23.290451 -13.504397 2.399326 0 0 0
23.417212 -13.575777 3.372725 1 1 1
28.501328 -16.501816 5.277174 14 17 16
22.773720 -13.201955 5.175807 28 28 30
23.007351 -13.334815 6.204178 10 14 10
25.991985 -15.051188 8.122478 48 48 48
6.061945 -3.614300 -1.917575 112 139 91
7.162001 -4.253279 -1.943126 76 98 68
8.401652 -4.973241 -1.911315 38 55 31
9.784448 -5.776220 -1.806504 57 72 49
11.451923 -6.744429 -1.631822 61 89 46
14.092388 -8.277711 -1.421728 54 76 43
17.484051 -10.247020 -1.044861 66 49 41
17.741245 -10.395200 -0.336584 22 25 20
35.172848 -20.517984 0.759871 16 19 13
19.715628 -11.539298 1.231795 0 0 0
23.202311 -13.562461 2.395282 0 0 0
27.325020 -15.954395 3.939487 0 0 2
23.194828 -13.554862 4.309352 0 0 0
22.753561 -13.297083 5.181845 1 3 1
27.838345 -16.246471 7.512797 9 9 5
29.318829 -17.103546 9.174171 57 54 55
6.045442 -3.633735 -1.916347 109 131 94
7.137173 -4.272984 -1.940436 53 79 43
8.374774 -4.997545 -1.909143 33 48 26
9.755563 -5.805818 -1.804866 56 72 48
11.416499 -6.777998 -1.630087 63 91 47
14.034925 -8.310725 -1.418792 53 74 44
17.399796 -10.280214 -1.041880 56 42 35
17.556833 -10.370957 -0.333672 15 17 13
18.090000 -10.681890 0.394471 81 83 73
26.767523 -15.760402 1.671609 7 7 8
23.114439 -13.620302 2.391277 0 0 1
27.223047 -16.023270 3.933035 0 0 0
23.173628 -13.651690 4.314350 0 1 1
16.871241 -9.962420 3.860056 0 0 0
27.823526 -16.368750 7.524285 1 1 1
25.851257 -15.212990 8.111907 7 7 7
6.028879 -3.653099 -1.915119 89 112 74
7.112324 -4.292583 -1.937754 74 94 64
8.347867 -5.021743 -1.906980 36 50 29
9.726650 -5.835320 -1.803239 50 67 45
11.381065 -6.811452 -1.628365 60 90 46
13.990473 -8.351155 -1.417167 57 78 47
17.342272 -10.328734 -1.040493 61 47 41
17.498247 -10.419590 -0.333144 22 20 12
17.936914 -10.677258 0.392087 38 42 28
26.734140 -15.867171 1.673124 1 1 3
23.026838 -13.677924 2.387311 2 2 2
21.875906 -12.997316 3.172072 4 5 7
23.152414 -13.748758 4.319417 0 1 1
16.817837 -10.010903 3.855960 6 7 6
27.739929 -16.450863 7.517384 0 0 0
25.814077 -15.313214 8.117105 2 2 2
6.012258 -3.672393 -1.913892 105 128 90
7.087454 -4.312077 -1.935079 61 82 51
8.320935 -5.045838 -1.904826 40 56 32
9.697712 -5.864725 -1.801623 55 72 46
11.345622 -6.844790 -1.626655 61 95 44
13.930717 -8.382334 -1.414016 64 82 55
17.286299 -10.377975 -1.039207 50 40 36
17.378090 -10.431382 -0.331447 30 28 19
17.815315 -10.690269 0.390376 43 42 26
26.700680 -15.974103 1.674660 1 1 1
34.886124 -20.840433 3.614899 3 4 7
17.152802 -10.292555 2.497900 9 9 12
23.131184 -13.846069 4.324555 2 2 2
16.764507 -10.059258 3.851909 1 1 1
18.177896 -10.898233 4.952025 0 0 0
25.776867 -15.413575 8.122412 0 0 0
5.995578 -3.691615 -1.912665 121 144 104
7.062564 -4.331465 -1.932411 52 78 34
8.293979 -5.069830 -1.902681 31 47 26
9.668747 -5.894033 -1.800017 49 66 41
11.310180 -6.878019 -1.624958 61 95 45
13.863194 -8.408566 -1.410087 69 84 66
17.228611 -10.426001 -1.037826 34 24 18
17.249178 -10.437133 -0.329582 23 23 17
17.706533 -10.710167 0.388938 73 64 43
32.409184 -19.523796 2.034519 2 2 1
34.955563 -21.048023 3.629820 26 30 33
17.085207 -10.334022 2.493447 8 6 5
23.109938 -13.943628 4.329763 5 8 3
16.711254 -10.107484 3.847905 1 1 1
17.278950 -10.446425 4.719300 0 0 0
25.743393 -15.516332 8.129012 0 0 0
5.978840 -3.710766 -1.911438 125 146 105
7.037654 -4.350749 -1.929751 42 70 27
8.266998 -5.093720 -1.900546 28 43 23
9.639754 -5.923247 -1.798423 53 71 47
11.274731 -6.911137 -1.623273 62 97 45
13.806171 -8.440784 -1.407220 63 83 54
17.151459 -10.462059 -1.035287 5 4 4
17.121428 -10.442709 -0.327738 14 16 11
17.596165 -10.728430 0.387463 91 78 59
32.330841 -19.631338 2.034088 1 1 1
31.705591 -19.251287 3.301193 1 2 3
17.020752 -10.377086 2.489459 4 4 3
23.088676 -14.041437 4.335042 2 3 2
16.658072 -10.155585 3.843947 2 2 2
17.260345 -10.518110 4.724284 0 0 1
25.713261 -15.621304 8.136788 0 0 0
5.960217 -3.728732 -1.909641 115 138 101
7.012723 -4.369927 -1.927098 43 68 30
8.239994 -5.117508 -1.898420 28 44 24
9.610736 -5.952364 -1.796839 55 70 63
11.239267 -6.944136 -1.621600 59 90 42
13.749278 -8.472817 -1.404372 64 87 51
17.084909 -10.504189 -1.033388 4 4 4
16.963272 -10.428891 -0.325310 14 15 10
17.500736 -10.755097 0.386309 94 81 68
32.252533 -19.738808 2.033681 3 3 2
26.513702 -16.241581 2.769695 1 2 2
16.956535 -10.420026 2.485517 2 2 3
23.067398 -14.139500 4.340393 0 0 0
16.598537 -10.199649 3.838563 1 1 1
18.249348 -11.203317 5.003067 0 0 0
18.401733 -11.294712 5.850472 42 41 38
5.941052 -3.746311 -1.907690 119 138 109
6.987774 -4.389002 -1.924453 48 70 38
8.212966 -5.141193 -1.896303 32 46 26
9.581691 -5.981387 -1.795266 68 86 68
11.203791 -6.977021 -1.619938 58 91 40
13.695525 -8.506518 -1.401849 75 100 58
17.043665 -10.561573 -1.033017 1 2 2
16.906240 -10.475998 -0.324815 21 19 13
17.484922 -10.830091 0.386890 44 45 29
32.174255 -19.846209 2.033297 3 4 5
37.954929 -23.392134 3.965451 2 4 5
23.077156 -14.258522 3.380875 1 1 1
16.782770 -10.394269 3.173452 0 0 0
18.528677 -11.464325 4.289677 0 0 0
18.273453 -11.306386 5.020427 0 0 0
18.233099 -11.280273 5.809833 1 1 1
5.921830 -3.763796 -1.905737 112 129 105
6.962933 -4.408051 -1.921849 45 63 38
8.185911 -5.164775 -1.894194 31 48 25
9.552620 -6.010315 -1.793704 65 86 56
11.168303 -7.009792 -1.618288 55 88 37
13.653421 -8.547198 -1.400515 73 99 54
17.012503 -10.625154 -1.033266 2 2 2
16.800009 -10.492462 -0.323379 34 30 21
78.941963 -48.942013 1.730829 31 29 24
63.105755 -39.138859 3.985209 111 100 78
37.970501 -23.585348 3.975835 1 1 2
20.301376 -12.653491 2.983801 1 1 1
16.759729 -10.461617 3.176060 0 0 0
18.555265 -11.570774 4.305136 1 1 1
18.297705 -11.410157 5.037962 0 0 0
20.878452 -13.004363 6.659563 6 9 3
5.902553 -3.781188 -1.903781 128 134 112
6.942330 -4.429654 -1.920406 39 56 32
8.158839 -5.188259 -1.892096 26 44 23
9.518683 -6.036129 -1.791256 73 92 65
11.132807 -7.042451 -1.616650 54 84 41
13.611269 -8.587729 -1.399189 74 97 60
16.965178 -10.678711 -1.032552 3 3 3
16.693407 -10.508024 -0.321935 40 32 24
63.211166 -39.515045 1.390448 12 12 7
63.033024 -39.399559 3.989640 108 98 78
22.139698 -13.900015 2.331251 5 4 4
23.133816 -14.518163 3.404053 34 37 42
16.736603 -10.529044 3.178703 0 0 0
18.574038 -11.672997 4.318913 0 1 0
18.322109 -11.514641 5.055676 0 0 0
20.713564 -13.003379 6.621847 4 12 4
5.883221 -3.798487 -1.901823 128 135 106
6.921667 -4.451169 -1.918964 34 51 28
8.135897 -5.214252 -1.890955 36 50 35
9.485343 -6.062193 -1.788931 74 90 67
11.097297 -7.074996 -1.615023 53 80 41
13.572292 -8.630139 -1.398198 75 94 65
16.959352 -10.758258 -1.034362 1 1 1
16.609207 -10.536988 -0.320922 40 33 24
63.057426 -39.726330 1.390483 30 27 17
26.260321 -16.599245 1.673111 13 15 21
21.981812 -13.909154 2.319951 12 13 8
23.804434 -15.052642 3.509790 20 22 23
16.713392 -10.596550 3.181379 1 2 5
18.592920 -11.775867 4.332829 0 0 1
18.346663 -11.619846 5.073570 1 1 1
18.026030 -11.417134 5.782252 4 4 5
5.863835 -3.815692 -1.899863 144 141 125
6.900942 -4.472594 -1.917522 46 56 46
8.113807 -5.240740 -1.890027 51 62 52
9.451997 -6.088135 -1.786616 73 92 65
11.057837 -7.104932 -1.612840 56 83 42
13.537806 -8.675307 -1.397680 80 100 73
16.949972 -10.835859 -1.035977 1 2 2
16.521378 -10.563190 -0.319840 54 48 33
63.059181 -40.035946 1.393956 36 33 22
26.180138 -16.677397 1.671868 23 23 25
64.418304 -40.887680 6.777430 8 13 7
27.570335 -17.553856 4.070113 28 34 25
28.319105 -18.025892 5.380108 0 0 1
18.611914 -11.879394 4.346884 0 0 0
18.371372 -11.725782 5.091648 1 1 1
18.055428 -11.524469 5.804468 0 0 0
5.844395 -3.832803 -1.897901 137 142 116
6.880157 -4.493931 -1.916082 43 52 43
8.091650 -5.267148 -1.889104 57 66 59
9.418644 -6.113954 -1.784313 74 93 67
11.008118 -7.128175 -1.609188 53 81 39
13.483288 -8.707644 -1.395125 87 107 77
16.942041 -10.914667 -1.037701 3 4 4
16.417341 -10.578551 -0.318444 51 49 37
63.643528 -40.718781 1.410317 31 28 16
26.100073 -16.755409 1.670647 25 27 29
25.141708 -16.142036 2.662760 0 0 1
32.658951 -20.936430 4.827490 19 32 19
21.371563 -13.733273 4.077297 0 0 0
18.631023 -11.983584 4.361082 17 17 16
15.245145 -9.822673 4.242530 5 5 6
18.085020 -11.632611 5.826916 0 1 1
5.824902 -3.849821 -1.895937 135 139 117
6.859311 -4.515180 -1.914642 38 45 38
8.069427 -5.293477 -1.888185 60 72 61
9.385277 -6.139647 -1.782019 75 93 67
10.958524 -7.151254 -1.605558 54 85 38
13.426847 -8.738508 -1.392380 77 96 66
16.905519 -10.975377 -1.037703 5 5 4
16.325466 -10.601074 -0.317284 47 49 41
63.115280 -40.693176 1.402159 38 35 22
64.034615 -41.279953 4.090341 40 43 45
24.986610 -16.166876 2.652520 0 0 0
27.642416 -17.872637 4.099230 27 31 26
21.384689 -13.847712 4.089038 0 0 0
18.650249 -12.088449 4.375423 2 2 1
15.290543 -9.927687 4.264641 8 9 9
18.114809 -11.741569 5.849598 2 2 2
5.805356 -3.866745 -1.893970 141 140 126
6.838406 -4.536339 -1.913203 47 53 46
8.047139 -5.319726 -1.887269 59 74 55
9.351900 -6.165215 -1.779735 86 105 75
10.909447 -7.174425 -1.602008 57 90 38
13.365273 -8.765789 -1.389112 77 95 68
16.842323 -11.018814 -1.036089 9 8 5
16.281015 -10.653795 -0.317044 41 43 37
62.754959 -40.772594 1.397699 33 30 20
79.742294 -51.776550 5.102614 30 31 33
24.832684 -16.191498 2.642388 1 1 1
27.018406 -17.605839 4.016470 0 0 1
21.397966 -13.962855 4.100912 0 0 0
18.671890 -12.195485 4.390444 0 0 0
15.336450 -10.033821 4.287044 2 3 4
15.910163 -10.404203 5.155853 0 0 0
5.785758 -3.883574 -1.892002 129 135 104
6.817441 -4.557410 -1.911765 50 57 52
8.024786 -5.345895 -1.886359 42 58 37
9.318519 -6.190661 -1.777462 86 104 75
10.874034 -7.206285 -1.600446 63 97 44
13.280365 -8.777518 -1.383442 79 98 72
16.747591 -11.041407 -1.032552 7 9 5
16.268335 -10.727196 -0.317427 33 35 31
62.585190 -40.974297 1.397467 62 54 38
62.838657 -41.135399 4.033117 15 18 23
24.659737 -16.202734 2.630225 1 1 1
27.508867 -18.061056 4.098368 1 1 1
21.411398 -14.078715 4.112918 0 0 1
18.698734 -12.306553 4.406803 0 0 0
15.382876 -10.141097 4.309745 1 1 1
15.692448 -10.341953 5.097684 1 2 3
5.766109 -3.900310 -1.890032 123 138 96
6.796417 -4.578391 -1.910329 48 55 47
8.002367 -5.371985 -1.885452 47 63 42
9.285131 -6.215988 -1.775200 76 104 60
10.838610 -7.238037 -1.598896 53 88 35
13.213585 -8.800640 -1.379636 85 104 81
16.669489 -11.074386 -1.030032 27 28 21
16.265310 -10.807197 -0.318003 35 38 39
62.488941 -41.224113 1.398887 53 52 42
18.522434 -12.290053 1.200431 0 0 0
21.079782 -13.971270 2.256438 1 1 1
23.351374 -15.464127 3.490987 1 2 0
17.565407 -11.656550 3.387842 0 0 0
18.596224 -12.333240 4.393008 1 1 2
18.531265 -12.289142 5.194295 1 1 1
15.501721 -10.295642 5.048003 8 8 9
5.746410 -3.916952 -1.888060 97 121 66
6.775335 -4.599283 -1.908893 49 60 48
7.979884 -5.397996 -1.884550 52 69 50
9.250951 -6.240671 -1.772801 77 110 56
10.803174 -7.269678 -1.597356 53 89 36
13.163002 -8.834145 -1.377509 90 105 87
16.576305 -11.096968 -1.026588 35 33 26
16.371469 -10.959949 -0.320720 1 1 1
19.442266 -12.994960 0.440357 0 0 0
18.495987 -12.366187 1.201607 0 0 0
18.273148 -12.217136 1.963184 1 1 1
19.228098 -12.848825 2.885893 0 0 0
19.268776 -12.874393 3.721884 1 1 1
18.717152 -12.507408 4.431631 1 1 1
18.565905 -12.405794 5.216037 1 1 1
24.501413 -16.337090 7.966058 0 0 0
5.726660 -3.933500 -1.886086 100 120 65
6.754195 -4.620086 -1.907458 71 81 69
7.954192 -5.421824 -1.882922 55 71 54
9.221745 -6.268555 -1.771353 74 102 56
10.767723 -7.301208 -1.595828 51 82 38
13.117554 -8.870883 -1.375923 91 106 88
16.467287 -11.108419 -1.022166 35 33 24
18.636484 -12.556668 -0.365716 1 2 3
18.589695 -12.524081 0.422386 4 4 5
19.228754 -12.949676 1.251731 3 4 4
18.223000 -12.276483 1.962506 2 3 3
19.094492 -12.857241 2.872795 0 0 0
18.963736 -12.768532 3.672111 0 0 0
18.724989 -12.607716 4.443890 7 6 5
17.668348 -11.900821 4.977777 0 0 0
15.233891 -10.274220 4.984907 4 5 5
5.706860 -3.949953 -1.884110 106 129 75
6.732998 -4.640799 -1.906024 51 60 51
7.926760 -5.444413 -1.880904 47 57 46
9.192513 -6.296348 -1.769915 62 87 47
10.732262 -7.332631 -1.594311 62 92 54
13.072125 -8.907488 -1.374349 86 102 78
16.374483 -11.130080 -1.018739 25 27 22
18.603580 -12.629640 -0.365823 0 0 0
18.567337 -12.603914 0.422979 2 2 3
19.125088 -12.978013 1.248076 6 6 7
19.117388 -12.971460 2.062814 2 3 4
17.262596 -11.721877 2.605869 2 2 3
17.565269 -11.924287 3.411812 3 4 6
18.604866 -12.622451 4.426091 1 1 1
17.556545 -11.915813 4.958267 0 0 1
15.126655 -10.279974 4.961884 1 1 1
5.687011 -3.966312 -1.882133 101 125 68
6.711743 -4.661423 -1.904592 44 52 42
7.899307 -5.466902 -1.878895 47 62 47
9.163256 -6.324049 -1.768488 56 82 45
10.696788 -7.363945 -1.592806 71 98 63
13.012079 -8.934030 -1.371260 81 97 73
16.297846 -11.162161 -1.016309 37 33 33
19.087032 -13.052984 -0.376085 0 0 1
19.040646 -13.020159 0.434744 2 2 3
19.060867 -13.032511 1.246973 1 1 1
19.047430 -13.022030 2.060297 3 3 4
17.381899 -11.891346 2.629992 1 1 1
16.550100 -11.326141 3.224219 1 1 1
18.525497 -12.664043 4.417893 0 1 1
18.382502 -12.565733 5.201688 1 1 1
15.020449 -10.285702 4.939146 1 1 1
5.667114 -3.982577 -1.880153 103 135 67
6.690432 -4.681957 -1.903160 40 54 34
7.871832 -5.489290 -1.876895 45 61 42
9.133971 -6.351659 -1.767071 63 92 44
10.661304 -7.395153 -1.591312 66 91 57
12.946285 -8.956348 -1.367574 72 94 63
16.243813 -11.209309 -1.015285 83 78 72
19.059410 -13.132433 -0.376328 0 0 0
18.997419 -13.088707 0.434909 3 4 4
19.039972 -13.116422 1.248691 0 0 0
19.035027 -13.111672 2.063974 3 4 4
19.006277 -13.090654 2.880275 0 0 0
17.561518 -12.102378 3.427479 1 1 1
18.547123 -12.774258 4.433632 4 4 4
18.335552 -12.628381 5.200973 0 1 1
14.915256 -10.291406 4.916689 0 0 0
5.648189 -3.999450 -1.878503 92 117 60
6.669064 -4.702401 -1.901729 42 59 36
7.844334 -5.511577 -1.874903 54 69 48
9.104651 -6.379171 -1.765663 50 79 33
10.619510 -7.421915 -1.588899 53 80 41
12.880747 -8.978490 -1.363915 65 87 55
19.572336 -13.585680 -1.224581 60 54 44
19.120947 -13.273461 -0.378338 1 1 1
18.983786 -13.177653 0.435750 1 1 1
19.023026 -13.203305 1.250689 0 0 0
18.996702 -13.183814 2.064903 0 0 1
17.055414 -11.846274 2.593620 0 0 0
19.108728 -13.258146 3.735579 0 1 1
19.067970 -13.228685 4.568049 6 6 6
15.405211 -10.707033 4.387864 0 0 0
14.811056 -10.297084 4.894508 2 3 1
5.630577 -4.017183 -1.877294 101 121 76
6.647640 -4.722756 -1.900300 42 61 34
7.816815 -5.533764 -1.872921 57 74 53
9.075305 -6.406593 -1.764265 66 91 51
10.570724 -7.443662 -1.585460 64 90 52
12.815475 -9.000463 -1.360284 52 80 36
19.561831 -13.680171 -1.226774 45 43 33
19.748087 -13.807976 -0.391550 9 11 14
18.970104 -13.266902 0.436599 11 11 10
19.048435 -13.319867 1.255474 1 4 7
31.010811 -21.614597 3.366831 3 3 4
16.896418 -11.824803 2.575987 0 0 0
24.597818 -17.163500 4.810863 0 0 1
19.449415 -13.592301 4.669991 4 5 7
15.335596 -10.739042 4.378885 0 0 0
14.707836 -10.302739 4.872599 1 1 1
5.612914 -4.034843 -1.876086 70 92 47
6.626161 -4.743021 -1.898872 48 64 40
7.789277 -5.555853 -1.870947 57 73 54
9.045933 -6.433925 -1.762877 60 81 50
10.522060 -7.465259 -1.582043 64 92 50
12.750451 -9.022261 -1.356679 46 75 30
21.958836 -15.457861 -1.379379 62 77 54
18.484283 -13.027867 -0.367338 0 0 0
19.975164 -14.068428 0.460650 1 1 1
78.887596 -55.233292 5.172748 7 8 10
19.060749 -13.426643 2.082072 0 1 1
17.634682 -12.428967 2.694031 1 1 2
24.527628 -17.242771 4.809044 2 3 4
19.423483 -13.675805 4.675277 0 0 0
15.266226 -10.770891 4.369985 0 0 0
14.625963 -10.322606 4.857652 1 1 1
5.595199 -4.052431 -1.874878 71 90 56
6.604627 -4.763196 -1.897445 39 56 28
7.761726 -5.577849 -1.868984 44 58 42
9.016535 -6.461166 -1.761500 65 84 54
10.478460 -7.490187 -1.579382 67 97 51
12.694658 -9.050210 -1.354048 44 74 29
21.898293 -15.530429 -1.378846 63 79 55
18.448238 -13.099590 -0.367419 1 1 1
19.924393 -14.137547 0.460733 3 4 5
78.270088 -55.210266 5.145392 1 1 1
35.337334 -24.983948 3.853004 0 0 0
22.914454 -16.237724 3.501419 0 0 1
21.333763 -15.123612 4.197553 2 3 2
24.177090 -17.122843 5.824007 0 1 3
15.194251 -10.800576 4.360353 1 1 1
17.910303 -12.710256 5.950865 3 3 3
5.577434 -4.069945 -1.873671 67 90 52
6.583037 -4.783280 -1.896019 36 53 26
7.734155 -5.599746 -1.867030 49 65 46
8.987111 -6.488317 -1.760133 71 87 63
10.439788 -7.518429 -1.577462 69 105 52
12.649724 -9.085611 -1.352570 51 77 32
19.095469 -13.657481 -1.206218 41 41 34
23.672642 -16.902948 -0.472240 0 0 0
25.173910 -17.966068 0.582149 8 14 17
22.846777 -16.313818 1.514773 0 0 1
22.761116 -16.251415 2.494983 0 0 0
22.852383 -16.314470 3.500761 0 1 1
21.183249 -15.129380 4.178588 2 2 3
24.133984 -17.219645 5.828192 0 0 0
15.121605 -10.829430 4.350536 0 0 0
17.856701 -12.766823 5.947975 0 0 0
5.559618 -4.087386 -1.872465 53 73 41
6.561394 -4.803275 -1.894594 38 55 26
7.706561 -5.621542 -1.865084 51 64 50
8.957661 -6.515379 -1.758776 69 86 65
10.404382 -7.548876 -1.576041 78 112 61
12.604807 -9.120886 -1.351103 47 77 33
18.995846 -13.687566 -1.202845 44 57 41
74.416840 -53.285587 1.714051 1 1 1
22.802944 -16.403507 1.515782 7 14 16
22.562586 -16.230141 2.479674 1 1 1
22.496487 -16.181274 3.455357 2 2 2
22.326029 -16.057865 4.413289 1 1 1
24.090788 -17.316559 5.832447 0 1 0
15.049243 -10.858119 4.340803 0 0 0
17.802013 -12.822520 5.944782 0 0 0
5.541753 -4.104753 -1.871260 53 68 42
6.539585 -4.823099 -1.893139 37 56 26
7.678946 -5.643239 -1.863147 61 75 61
8.928185 -6.542351 -1.757429 75 92 64
10.368963 -7.579218 -1.574630 81 107 67
12.553245 -9.151238 -1.348941 62 88 46
18.950243 -13.755998 -1.202878 44 57 42
77.497231 -55.902763 -1.550693 151 162 149
74.360962 -53.639599 1.717492 0 0 0
78.015953 -56.264946 5.168466 0 0 0
22.556400 -16.345795 2.485341 1 1 1
31.659399 -22.894789 4.864275 1 1 1
20.865604 -15.125882 4.137254 0 0 0
25.813253 -18.683990 6.262366 0 0 0
14.977161 -10.886648 4.331153 1 1 2
17.747355 -12.878134 5.941655 0 0 1
5.523838 -4.122047 -1.870055 60 76 53
6.513993 -4.840124 -1.890626 36 53 28
7.651311 -5.664838 -1.861219 67 83 61
8.898685 -6.569236 -1.756093 76 104 56
10.333537 -7.609460 -1.573232 96 115 80
12.489135 -9.172281 -1.345448 78 97 63
21.715168 -15.862896 -1.380601 74 93 71
24.690214 -18.018867 -0.495792 4 5 5
74.153427 -53.879662 4.926047 0 2 5
22.531977 -16.448767 2.489068 5 10 18
32.821518 -23.906275 5.054770 0 0 0
20.701130 -15.118353 4.115389 0 0 0
18.964233 -13.857938 4.623312 0 0 0
14.833269 -10.862775 4.300918 1 1 2
17.692720 -12.933663 5.938592 0 0 0
5.505874 -4.139267 -1.868852 77 91 69
6.488389 -4.857049 -1.888121 38 63 30
7.623657 -5.686339 -1.859299 66 81 62
8.869161 -6.596033 -1.754768 70 95 54
10.298107 -7.639605 -1.571845 106 124 95
12.425252 -9.193148 -1.341979 64 84 47
21.663546 -15.941991 -1.380720 75 95 72
23.944386 -17.606695 -0.481933 4 4 4
24.078650 -17.703033 0.563251 1 1 1
77.999741 -57.085861 5.194525 1 2 8
24.068432 -17.692062 2.664349 1 2 7
24.064486 -17.687412 3.722813 0 0 1
21.983305 -16.165968 4.379437 1 1 1
19.075695 -14.041422 4.662183 3 4 4
14.802150 -10.920101 4.302996 1 1 1
17.638113 -12.989110 5.935593 0 0 0
5.487861 -4.156414 -1.867649 69 93 56
6.462774 -4.873873 -1.885624 33 51 28
7.595984 -5.707743 -1.857388 79 89 74
8.839610 -6.622741 -1.753452 64 91 51
10.262665 -7.669647 -1.570469 110 128 98
12.373793 -9.222818 -1.339839 52 75 37
21.626141 -16.031593 -1.381760 73 90 67
18.839933 -13.979582 -0.380265 0 1 1
23.901747 -17.702948 0.560724 3 3 4
23.900845 -17.700542 1.604854 1 1 1
23.896870 -17.695869 2.652413 1 2 3
17.408241 -12.920865 2.707489 3 3 3
21.888912 -16.215366 4.372076 0 0 0
19.173880 -14.216859 4.698086 0 0 0
14.755458 -10.966052 4.300649 0 0 1
17.583529 -13.044477 5.932659 0 0 0
5.469799 -4.173487 -1.866446 57 78 44
6.437149 -4.890596 -1.883135 38 56 28
7.568292 -5.729049 -1.855486 72 85 67
8.806164 -6.646490 -1.751390 61 88 45
10.227211 -7.699586 -1.569105 83 107 66
12.329162 -9.257344 -1.338439 63 89 49
21.593248 -16.124743 -1.383111 79 98 75
23.726307 -17.704439 -0.479744 0 0 0
17.869364 -13.361276 0.421893 0 0 0
23.802429 -17.757397 1.602558 1 1 2
23.817579 -17.766878 2.650636 0 0 0
17.352341 -12.974206 2.705944 3 4 3
21.794811 -16.264576 4.364787 1 1 1
19.268602 -14.391322 4.733388 1 1 1
14.681761 -10.991906 4.290538 0 0 0
17.528969 -13.099763 5.929789 0 1 0
5.451688 -4.190486 -1.865245 75 96 51
6.411512 -4.907219 -1.880653 41 65 31
7.540578 -5.750255 -1.853592 49 69 50
8.772108 -6.669673 -1.749219 75 96 62
10.187163 -7.726002 -1.567056 72 92 55
12.284545 -9.291749 -1.337051 63 91 45
21.555788 -16.214731 -1.384195 72 92 65
23.701042 -17.815102 -0.480348 1 1 1
17.825939 -13.426617 0.422076 0 1 0
23.775919 -17.867538 1.605084 0 0 0
23.765884 -17.858301 2.651938 0 0 1
17.297346 -13.028111 2.704564 11 12 14
21.700998 -16.313595 4.357568 1 1 1
19.364618 -14.568317 4.769248 3 3 3
14.608370 -11.017607 4.280515 0 0 0
17.474430 -13.154971 5.926982 0 0 0
5.433530 -4.207411 -1.864045 73 95 58
6.385866 -4.923741 -1.878178 33 53 26
7.512845 -5.771364 -1.851707 40 55 39
8.738071 -6.692754 -1.747063 96 112 91
10.145869 -7.751338 -1.564827 67 92 53
12.230768 -9.319129 -1.334684 49 74 35
21.494101 -16.286703 -1.383752 76 97 71
23.768217 -17.995699 -0.482835 0 1 1
23.788666 -18.009340 0.562867 1 1 1
23.817881 -18.029566 1.612239 0 0 0
23.626795 -17.884123 2.643573 1 1 1
17.242395 -13.081944 2.703216 15 24 5
21.607470 -16.362429 4.350421 0 0 0
19.406155 -14.705956 4.792018 2 4 4
23.691694 -17.925800 6.930233 0 0 0
17.415001 -13.206410 5.922585 16 18 21
5.415325 -4.224262 -1.862845 58 72 48
6.360209 -4.940164 -1.875711 37 60 28
7.485102 -5.792383 -1.849832 26 39 20
8.704047 -6.715728 -1.744920 78 98 63
10.104625 -7.776556 -1.562614 71 99 51
12.167735 -9.339262 -1.331320 50 72 32
21.444376 -16.367689 -1.384092 77 94 72
26.004892 -19.821487 -0.529426 1 1 2
26.223833 -19.985451 0.621657 0 0 1
26.310541 -20.049210 1.784457 0 0 0
23.623655 -18.012081 2.650331 1 2 3
17.187487 -13.135707 2.701898 19 26 7
21.514221 -16.411077 4.343344 2 3 4
26.460917 -20.155233 6.536425 1 1 2
23.885899 -18.203522 7.005214 1 1 1
14.655869 -11.213823 5.006361 1 1 1
5.397071 -4.241038 -1.861646 53 71 52
6.334544 -4.956487 -1.873251 35 56 25
7.457339 -5.813303 -1.847966 28 49 18
8.670039 -6.738597 -1.742790 74 100 59
10.063429 -7.801655 -1.560416 74 105 54
12.104937 -9.359240 -1.327982 56 77 43
21.413630 -16.463240 -1.385673 70 87 64
23.216564 -17.837627 -0.473892 5 5 5
26.128632 -20.058144 0.621215 1 1 1
26.214703 -20.121897 1.782877 0 0 1
26.236343 -20.136473 2.949202 1 1 2
17.132616 -13.189402 2.700612 1 1 1
21.415697 -16.455305 4.335222 0 0 0
26.425806 -20.275082 6.545306 0 0 0
26.471237 -20.307701 7.778941 6 6 5
14.595728 -11.249560 4.999380 62 67 71
5.378771 -4.257740 -1.860449 60 75 55
6.308868 -4.972710 -1.870799 34 52 27
7.429555 -5.834125 -1.846107 39 60 30
8.636050 -6.761365 -1.740675 80 115 59
10.022291 -7.826645 -1.558235 66 95 47
12.055711 -9.389320 -1.326118 53 71 39
21.385981 -16.561468 -1.387480 70 86 64
23.179857 -17.938877 -0.474281 1 1 1
23.037947 -17.828091 0.550040 1 2 2
26.113939 -20.190516 1.780976 0 0 1
26.143702 -20.211458 2.946874 4 5 6
17.077785 -13.243029 2.699357 5 5 3
22.559263 -17.453442 4.577234 0 0 0
26.411726 -20.411482 6.559504 0 0 0
23.620735 -18.265413 6.965264 1 1 1
14.534558 -11.284277 4.992072 20 18 19
5.360425 -4.274369 -1.859252 82 99 71
6.283185 -4.988834 -1.868355 46 63 37
7.401753 -5.854850 -1.844258 45 58 37
8.600986 -6.783186 -1.738357 76 108 55
9.981203 -7.851521 -1.556069 73 96 57
12.011347 -9.422984 -1.324792 38 62 29
21.391188 -16.685472 -1.391439 70 86 64
25.719410 -20.035179 -0.527407 0 0 1
25.937698 -20.202286 0.620329 0 0 0
26.011814 -20.257746 1.778992 0 0 0
26.070015 -20.300869 2.946695 5 5 7
17.022991 -13.296590 2.698133 3 10 5
26.305420 -20.479149 5.346147 2 3 5
16.536627 -12.917636 4.133715 1 1 1
23.630545 -18.405392 6.987059 80 78 52
14.473557 -11.318882 4.984842 0 2 3
5.342031 -4.290923 -1.858056 62 79 46
6.257492 -5.004859 -1.865918 43 56 35
7.373934 -5.875480 -1.842417 62 75 60
8.566081 -6.805002 -1.736079 60 87 38
9.940162 -7.876280 -1.553919 56 84 42
11.966999 -9.456532 -1.323477 38 66 25
21.347973 -16.772419 -1.392297 67 86 60
23.361507 -18.341164 -0.480320 1 1 2
25.854311 -20.283358 0.620179 0 0 0
25.962078 -20.365475 1.780584 2 3 4
26.018261 -20.407349 2.949019 6 8 10
16.968235 -13.350085 2.696941 0 0 2
23.097563 -18.126713 4.711290 1 1 1
16.530758 -13.006517 4.143578 0 0 0
26.406935 -20.702370 7.823561 13 15 6
14.412720 -11.353376 4.977689 71 77 81
5.323035 -4.306963 -1.856671 50 62 45
6.233958 -5.022489 -1.864121 36 52 31
7.346097 -5.896014 -1.840585 55 77 43
8.536423 -6.830817 -1.734860 77 109 54
9.899167 -7.900923 -1.551784 58 83 41
11.912928 -9.482311 -1.321107 30 54 18
21.314796 -16.867422 -1.393830 65 85 56
23.328133 -18.447348 -0.480817 0 0 0
25.746368 -20.345001 0.619448 1 1 2
22.771051 -18.006374 1.567743 0 0 0
25.996321 -20.537462 2.954756 2 2 3
16.913513 -13.403517 2.695779 1 1 1
22.317516 -17.645159 4.565928 0 2 0
20.207382 -15.986854 5.069808 2 4 5
56.360592 -44.365253 16.688004 0 0 0
14.352048 -11.387762 4.970613 1 1 1
5.302126 -4.321445 -1.854653 44 56 37
6.211743 -5.041094 -1.862724 28 46 24
7.318243 -5.916452 -1.838761 53 76 36
8.506742 -6.856548 -1.733650 84 113 61
9.858208 -7.925444 -1.549662 58 90 43
11.850939 -9.501591 -1.317870 39 65 27
21.286764 -16.966787 -1.395725 67 86 57
25.443829 -20.254171 -0.525633 0 1 1
18.652220 -14.879432 0.451775 4 4 7
25.836626 -20.561106 1.782076 3 4 8
25.998537 -20.687243 2.963294 1 2 3
16.849422 -13.449450 2.693161 2 2 2
26.446424 -21.037516 5.419300 0 0 0
20.058481 -15.984368 5.046738 0 0 0
14.291537 -11.422040 4.963614 3 7 4
5.281180 -4.335832 -1.852633 47 63 47
6.189479 -5.059609 -1.861327 37 52 32
7.290371 -5.936794 -1.836946 58 80 45
8.477035 -6.882193 -1.732450 79 112 53
9.817295 -7.949850 -1.547556 65 93 51
11.789180 -9.520725 -1.314657 44 67 31
21.253319 -17.062193 -1.397295 68 88 56
25.353527 -20.327929 -0.525083 1 1 1
18.666672 -14.998006 0.453478 3 4 6
17.307190 -13.913487 1.201523 1 1 1
26.032553 -20.863201 2.975525 0 1 1
26.343592 -21.109009 4.207002 9 20 1
30.793127 -24.651039 6.321978 3 5 8
19.910938 -15.981909 5.023940 0 1 1
22.929441 -18.382303 7.951373 1 1 3
5.260198 -4.350123 -1.850613 67 83 52
6.167169 -5.078033 -1.859933 32 42 31
7.262482 -5.957042 -1.835139 47 73 31
8.447301 -6.907752 -1.731261 64 100 38
9.776428 -7.974143 -1.545464 81 105 67
11.727637 -9.539709 -1.311467 59 77 50
18.825962 -15.236392 -1.242001 71 91 61
25.147429 -20.308527 -0.522139 0 0 0
25.629955 -20.693888 0.622254 0 0 0
17.268341 -13.982269 1.202302 1 1 1
26.178797 -21.130428 3.000637 1 1 4
62.136269 -49.976845 9.913588 7 11 15
23.048868 -18.615585 4.754171 1 2 5
16.503384 -13.363417 4.183102 0 0 1
73.851913 -59.359241 22.035505 1 3 1
21.840189 -17.640848 7.597661 0 2 2
5.239180 -4.364318 -1.848592 55 72 51
6.144812 -5.096366 -1.858539 50 60 50
7.231486 -5.974694 -1.832574 67 95 46
8.417535 -6.933220 -1.730079 49 79 32
9.735611 -7.998326 -1.543388 77 95 70
11.666308 -9.558540 -1.308301 72 86 69
17.430811 -14.217792 -1.153710 60 77 54
25.049263 -20.374821 -0.521430 0 0 0
25.638460 -20.849180 0.624354 1 1 1
25.976589 -21.120537 1.807163 1 3 1
17.006962 -13.870039 1.962097 0 0 1
61.981289 -50.210098 9.917126 2 3 1
23.036762 -18.739353 4.765199 0 2 0
16.495136 -13.452637 4.192894 0 1 2
16.159338 -13.180080 4.874111 19 20 19
18.756920 -15.276958 6.551648 0 0 0
5.218126 -4.378418 -1.846570 39 58 32
6.122407 -5.114610 -1.857148 42 53 38
7.199596 -5.991502 -1.829795 80 102 67
8.387741 -6.958601 -1.728907 60 85 45
9.694846 -8.022403 -1.541328 65 88 55
11.605198 -9.577227 -1.305157 68 87 61
17.120626 -14.067047 -1.136446 65 78 58
25.402645 -20.808422 -0.530129 0 1 1
25.658003 -21.014397 0.626740 1 1 1
64.702911 -52.794392 4.494633 0 0 0
16.928768 -13.905743 1.958801 1 1 1
56.289597 -45.937626 9.034852 3 6 6
23.024572 -18.863670 4.776330 1 2 1
16.486834 -13.542256 4.202779 3 5 5
16.151751 -13.268337 4.885749 10 10 9
18.684698 -15.327663 6.545254 2 4 5
5.197038 -4.392423 -1.844548 31 50 24
6.099957 -5.132762 -1.855757 30 42 29
7.167719 -6.008192 -1.827026 76 96 66
8.357922 -6.983898 -1.727745 58 88 39
9.654124 -8.046369 -1.539283 71 95 62
11.547997 -9.598800 -1.302449 58 85 43
17.010004 -14.076921 -1.132288 70 83 64
25.357138 -20.919899 -0.530552 1 1 1
74.484123 -61.196167 1.813378 1 3 0
56.359821 -46.332222 3.928294 0 0 0
16.850830 -13.941312 1.955538 0 0 0
61.659035 -50.667248 9.922645 1 6 7
23.012300 -18.988541 4.787564 1 1 2
16.478470 -13.632280 4.212756 17 23 34
16.144098 -13.356992 4.897494 3 3 3
18.625061 -15.388461 6.543284 3 5 4
6.077461 -5.150823 -1.854368 39 52 38
7.135852 -6.024765 -1.824267 75 94 65
8.328076 -7.009109 -1.726592 61 87 45
9.613447 -8.070222 -1.537253 77 102 67
11.496923 -9.625154 -1.300426 57 87 40
16.703304 -13.924137 -1.115130 64 80 54
25.271036 -20.998173 -0.530135 0 0 1
53.705029 -44.475151 1.313269 1 3 1
55.676346 -46.098759 3.892295 10 12 5
57.344166 -47.471489 6.624747 4 9 2
61.504959 -50.901913 9.926740 1 2 4
22.996725 -19.111317 4.798237 6 10 5
16.470049 -13.722714 4.222826 37 41 41
16.129286 -13.440191 4.907209 40 38 37
6.054920 -5.168794 -1.852981 35 45 35
7.103998 -6.041220 -1.821517 64 82 51
8.298204 -7.034236 -1.725450 77 91 69
9.579104 -8.099198 -1.536230 72 98 53
11.445942 -9.651381 -1.298419 44 65 33
16.595037 -13.933373 -1.111075 65 81 54
25.195333 -21.084946 -0.529941 4 7 14
19.422930 -16.282598 0.480360 3 4 4
17.155983 -14.396061 1.212192 0 0 0
57.475410 -47.919170 6.659423 3 3 3
63.121464 -52.608906 10.216777 0 0 1
22.965517 -19.221697 4.805782 14 17 22
16.461569 -13.813562 4.232991 4 7 5
22.054602 -18.460983 6.710997 2 4 3
70.617836 -58.819317 24.791359 49 51 50
6.032333 -5.186674 -1.851595 17 28 15
7.072156 -6.057558 -1.818778 49 74 36
8.264873 -7.056400 -1.723613 68 85 60
9.547553 -8.130442 -1.535664 59 82 43
11.395039 -9.677470 -1.296425 41 64 30
16.487303 -13.942353 -1.107047 61 76 52
25.120029 -21.172028 -0.529763 3 5 12
19.372013 -16.355923 0.480620 0 0 0
17.120184 -14.468621 1.213313 1 4 4
20.987059 -17.705408 2.452036 0 1 2
60.882137 -51.108608 9.884414 1 4 5
56.940807 -47.804100 11.898129 1 3 3
16.453028 -13.904829 4.243251 3 4 4
17.753523 -14.992150 5.427931 2 6 2
22.122606 -18.647665 7.829207 0 1 1
6.009703 -5.204463 -1.850211 15 24 13
7.047429 -6.079773 -1.817842 52 76 43
8.231044 -7.078042 -1.721684 64 81 52
9.515967 -8.161619 -1.535108 64 85 45
11.344224 -9.703431 -1.294447 46 73 33
16.292725 -13.877365 -1.097208 56 74 47
58.949760 -49.860531 -1.245033 1 1 1
19.322874 -16.430819 0.480931 15 27 3
17.084318 -14.541300 1.214450 17 21 15
21.044798 -17.880062 2.466066 1 2 2
20.406891 -17.340521 3.341670 0 0 0
61.178959 -51.717793 12.818983 10 13 16
16.436337 -13.989701 4.251535 1 1 2
16.067146 -13.677155 4.931675 0 0 1
22.186495 -18.834225 7.874845 1 2 2
5.984924 -5.220373 -1.848195 4 9 3
7.023403 -6.102543 -1.817101 50 71 43
8.197213 -7.099573 -1.719766 55 79 40
9.484347 -8.192730 -1.534563 71 93 51
11.293500 -9.729265 -1.292483 54 78 42
16.081692 -13.796650 -1.086223 56 73 46
23.621462 -20.200964 -0.500907 14 23 14
19.271029 -16.503515 0.481182 5 5 4
17.048386 -14.614100 1.215603 1 3 5
61.255356 -52.159569 7.159815 0 1 3
17.339691 -14.858881 2.852145 0 0 1
55.320740 -47.110569 11.629526 0 1 2
28.896767 -24.669403 7.464190 17 26 31
16.048576 -13.758602 4.940699 0 1 1
22.490520 -19.226198 8.005702 0 0 0
6.999321 -6.125232 -1.816363 65 79 61
8.163382 -7.120994 -1.717858 65 86 45
9.447248 -8.219115 -1.533158 71 87 63
11.236619 -9.749629 -1.289827 59 77 48
15.976775 -13.804777 -1.082322 49 68 37
23.533522 -20.269072 -0.500404 42 49 39
19.216331 -16.573841 0.481368 1 2 4
17.012384 -14.687023 1.216772 2 5 7
21.297827 -18.351351 2.510545 7 12 16
16.076384 -13.883855 2.654377 2 3 3
59.933712 -51.390030 12.634175 26 26 25
52.615768 -45.127506 13.596206 10 15 2
16.029913 -13.840323 4.949808 0 0 1
22.444735 -19.323551 8.013459 1 1 1
6.975183 -6.147840 -1.815631 65 82 61
8.129549 -7.142306 -1.715960 63 90 44
9.406661 -8.242393 -1.531205 80 99 65
11.176859 -9.767237 -1.286844 61 79 51
15.872370 -13.812659 -1.078447 53 70 46
17.214520 -14.967919 -0.367351 2 4 6
19.161608 -16.644182 0.481560 0 1 0
16.976315 -14.760072 1.217957 7 14 22
23.863556 -20.691654 2.819041 0 2 3
15.993381 -13.910802 2.648830 1 4 3
54.856800 -47.381748 11.602006 1 1 1
52.501064 -45.348698 13.607679 0 1 3
21.700235 -18.821304 6.702882 2 3 3
15.666674 -13.624409 5.628142 1 2 2
6.950991 -6.170369 -1.814902 57 71 58
8.095715 -7.163508 -1.714071 59 81 45
9.366117 -8.265563 -1.529267 77 93 67
11.117296 -9.784702 -1.283882 56 79 42
15.768474 -13.820300 -1.074597 56 72 50
17.072945 -14.951057 -0.365349 4 4 4
19.106853 -16.714539 0.481757 0 0 0
16.940174 -14.833247 1.219158 5 12 4
61.601234 -53.576817 7.266204 1 2 2
15.910712 -13.937620 2.643337 2 4 4
54.418068 -47.336784 11.544602 1 1 1
52.386528 -45.570560 13.619428 0 0 0
21.627090 -18.891203 6.700775 11 14 7
15.643536 -13.700871 5.636991 0 0 0
6.923234 -6.189748 -1.813277 51 66 50
8.061879 -7.184602 -1.712193 76 93 60
9.325612 -8.288627 -1.527342 70 90 58
11.057913 -9.802014 -1.280940 58 76 43
15.564986 -13.740219 -1.063986 49 68 43
23.234249 -20.441170 -0.498166 42 48 48
19.052067 -16.784910 0.481960 0 1 0
16.903961 -14.906551 1.220376 2 4 3
63.670712 -55.763889 7.532826 1 1 1
15.828375 -13.964313 2.637896 0 0 0
60.010323 -52.556625 12.766371 0 0 1
52.273945 -45.794678 13.631921 0 0 0
58.320465 -51.071278 18.037724 4 6 6
15.617994 -13.775536 5.645101 2 4 7
6.891295 -6.205370 -1.810591 75 88 71
8.028043 -7.205586 -1.710324 68 91 53
9.285157 -8.311590 -1.525433 76 94 61
10.998720 -9.819184 -1.278018 63 78 52
15.412474 -13.703089 -1.056792 40 58 31
64.427887 -56.839008 -1.383205 22 32 26
18.997250 -16.855303 0.482167 1 3 1
17.232473 -15.300980 1.247734 4 8 8
16.875830 -14.985857 2.018291 0 0 0
51.716599 -45.636272 8.580759 1 1 3
59.705917 -52.660355 12.741076 1 1 1
52.161224 -46.019260 13.644619 0 0 1
55.249722 -48.731518 17.143400 1 3 3
15.588613 -13.847101 5.651952 2 6 3
7.994272 -7.226521 -1.708479 47 67 28
9.244744 -8.334450 -1.523539 85 96 85
10.939732 -9.836226 -1.275118 69 88 57
15.296272 -13.696847 -1.052046 33 51 24
16.570782 -14.825245 -0.357641 7 9 12
18.942398 -16.925714 0.482380 11 15 21
17.240437 -15.416088 1.252251 3 8 4
59.199238 -52.592598 7.049129 12 13 14
22.397095 -19.982100 3.743958 0 1 2
59.872128 -53.179501 12.816229 0 0 0
58.620159 -52.065754 15.376420 1 2 5
53.570522 -47.588379 16.675560 0 1 2
15.559130 -13.918814 5.658877 2 5 1
7.964271 -7.250715 -1.707437 59 82 39
9.204371 -8.357203 -1.521659 86 93 84
10.893172 -9.864057 -1.273651 59 84 44
15.180947 -13.690535 -1.047345 40 57 28
16.391041 -14.769412 -0.354786 103 104 106
18.887510 -16.996147 0.482598 5 13 6
17.248453 -15.532017 1.256815 2 4 4
57.625500 -51.559410 6.883960 1 1 1
16.130600 -14.531948 2.712953 1 2 5
16.998383 -15.304870 3.676123 31 35 36
58.092491 -51.962448 15.286114 0 1 3
50.964634 -45.599789 15.916532 2 4 3
15.529546 -13.990673 5.665876 101 94 87
7.934244 -7.274827 -1.706405 55 77 37
9.164038 -8.379852 -1.519792 50 74 38
10.849920 -9.894708 -1.272575 55 80 45
15.074622 -13.691465 -1.043247 36 55 24
59.594604 -53.706116 -1.290492 24 40 30
18.834379 -17.068213 0.482866 48 51 52
17.252300 -15.644979 1.261122 1 2 4
55.246609 -49.785229 6.621632 2 2 2
57.656303 -51.946091 9.653444 0 0 1
16.906578 -15.330310 3.668006 0 0 1
57.785435 -52.052994 15.253490 2 3 4
50.865704 -45.832474 15.935766 2 2 3
15.499859 -14.062682 5.672952 1 1 1
9.123734 -8.402388 -1.517938 60 93 39
10.806683 -9.925262 -1.271509 63 87 51
14.974895 -13.697630 -1.039592 32 51 19
58.860107 -53.419552 -1.278290 0 1 2
18.782154 -17.141180 0.483165 0 1 3
17.253647 -15.756415 1.265289 1 1 3
66.405434 -60.233875 7.980243 1 3 4
16.029245 -14.645815 2.713229 0 1 1
53.859489 -48.872261 11.642397 1 4 3
20.015522 -18.249613 5.329192 0 1 2
50.749550 -46.050343 15.949919 1 3 3
15.470069 -14.134844 5.680102 0 0 1
9.083467 -8.424819 -1.516098 63 95 43
10.756649 -9.949512 -1.269662 65 92 46
14.875647 -13.703571 -1.035960 26 47 13
58.607410 -53.565205 -1.276521 2 5 8
18.729876 -17.214197 0.483468 2 3 5
17.254999 -15.868573 1.269497 1 3 3
55.792995 -50.986809 6.729925 1 1 1
15.972566 -14.697287 2.712409 2 4 3
51.564365 -47.125164 11.183527 1 1 1
55.615070 -50.811493 14.775944 3 3 2
52.529972 -47.996532 16.560373 2 2 3
15.440174 -14.207158 5.687329 0 0 0
9.043240 -8.447146 -1.514271 55 83 33
10.698317 -9.965946 -1.266849 74 107 47
14.728201 -13.664610 -1.028981 25 46 13
57.989677 -53.374931 -1.266794 22 27 33
18.677544 -17.287264 0.483777 3 4 6
22.381100 -20.684879 1.647901 1 2 4
56.136997 -51.661198 6.793257 6 8 9
15.915894 -14.748697 2.711617 36 41 38
54.046600 -49.734310 11.757905 0 0 0
51.753490 -47.626125 13.797350 9 6 5
48.790726 -44.903919 15.434755 0 1 2
48.701809 -44.818333 17.866426 2 6 4
10.640177 -9.982257 -1.264057 50 81 31
14.617099 -13.657964 -1.024498 30 49 19
58.860722 -54.555328 -1.289615 19 23 30
18.625156 -17.360384 0.484092 2 2 4
52.847641 -48.988655 3.884998 1 1 3
49.599728 -45.982933 6.024283 5 5 6
16.578781 -15.464973 2.832523 34 37 36
58.287033 -54.002197 12.718685 1 3 4
52.133369 -48.312016 13.943351 0 1 2
50.847843 -47.120155 16.135387 1 2 2
48.679573 -45.112995 17.916086 3 6 3
10.582220 -9.998435 -1.261284 47 75 32
14.506809 -13.651254 -1.020056 43 56 37
18.572714 -17.433558 0.484411 2 3 4
52.670383 -49.167896 3.884866 8 14 4
49.829922 -46.520283 6.072048 1 2 3
20.187887 -18.932207 3.454068 27 28 33
63.259998 -59.009033 13.845790 2 3 5
52.016273 -48.542614 13.957545 6 7 8
51.282291 -47.855526 16.325865 1 2 4
20.536297 -19.249743 7.618026 0 1 1
10.524444 -10.014482 -1.258532 47 64 39
14.397324 -13.644480 -1.015655 49 63 43
18.520212 -17.506786 0.484737 7 10 9
63.355114 -59.527664 4.685727 3 4 5
50.112812 -47.112141 6.126620 0 0 1
23.688284 -22.345457 4.061245 7 11 8
58.641056 -55.095425 12.879797 1 1 2
51.954792 -48.825996 13.986924 2 3 5
49.477890 -46.501221 15.805016 1 1 2
20.471386 -19.324183 7.619055 35 35 35
14.288630 -13.637644 -1.011295 43 61 31
18.463034 -17.575714 0.484948 4 5 9
50.946835 -48.234013 3.783441 2 4 7
49.984715 -47.321987 6.131392 4 6 5
51.288639 -48.548527 8.788076 1 2 4
54.439636 -51.517742 11.999307 0 0 1
51.899723 -49.116867 14.018393 0 0 1
50.238312 -47.545158 16.100168 2 3 5
20.404865 -19.397139 7.619585 8 12 7
14.180720 -13.630746 -1.006975 39 57 28
18.395416 -17.634773 0.484894 0 1 2
50.877174 -48.506260 3.791083 2 3 4
65.254616 -62.166447 8.024699 2 5 4
51.382965 -48.978867 8.833631 21 38 13
50.337070 -47.980911 11.134887 0 1 1
51.847816 -49.412277 14.051092 1 1 1
50.288475 -47.926537 16.169853 0 0 0
50.826153 -48.433128 18.951012 40 41 40
14.073585 -13.623787 -1.002695 32 48 22
50.807236 -48.779568 3.798801 0 0 1
52.731903 -50.617569 6.510833 2 3 6
54.037514 -51.862816 9.319749 21 33 14
53.579426 -51.420135 11.889531 2 4 3
51.795712 -49.709095 14.084125 1 1 2
50.354305 -48.325790 16.245235 0 0 0
56.101116 -53.819283 20.981518 4 13 3
13.967214 -13.616768 -0.998455 34 51 24
57.989594 -56.053486 -1.293963 88 99 88
58.223061 -56.273956 1.531738 0 0 2
50.748760 -49.065266 3.807471 1 1 2
22.660749 -21.990879 2.819957 21 23 24
19.882687 -19.311874 3.459550 1 3 3
49.769382 -48.109375 11.084112 36 41 38
51.487881 -49.761147 14.048004 0 0 1
52.321808 -50.560341 16.934881 0 1 2
20.199799 -19.610811 7.619691 5 15 3
13.891734 -13.638948 -0.996395 40 56 30
57.779179 -56.242149 -1.293312 15 18 16
58.087776 -56.537128 1.533686 3 4 6
50.678726 -49.341267 3.815377 0 1 2
22.588623 -22.075066 2.820681 0 1 3
51.124458 -49.765743 8.879058 1 3 3
49.291306 -47.982792 11.015408 28 30 32
50.145172 -48.807262 13.729408 2 4 2
50.071098 -48.731251 16.263813 3 5 8
20.133717 -19.684242 7.620765 3 5 3
57.715538 -56.574097 -1.295969 36 43 44
51.853073 -50.839039 1.374715 13 16 21
50.583843 -49.594364 3.821512 1 1 3
22.516420 -22.159243 2.821434 0 0 1
51.562473 -50.542641 8.985662 3 6 6
49.329041 -48.356033 11.061634 4 4 6
54.511341 -53.415554 14.971981 0 1 2
51.162880 -50.139576 16.674152 0 0 1
48.766068 -47.793774 18.432915 0 1 0
50.402836 -49.771782 -1.135539 48 56 56
53.147465 -52.469414 1.413997 22 23 26
50.536060 -49.894890 3.831291 1 1 2
50.673332 -50.025951 6.344037 44 53 49
47.635899 -47.032745 8.332413 5 7 6
49.264236 -48.631195 11.085318 16 18 20
48.863308 -48.232670 13.471779 6 8 9
56.321445 -55.566311 18.413158 0 0 1
51.440777 -50.760113 19.507475 2 5 1
51.191124 -50.901947 -1.156979 54 64 63
50.507702 -50.220436 1.349008 15 17 24
50.246262 -49.957279 3.822838 7 9 13
48.885971 -48.605106 6.142462 1 1 2
47.835587 -47.560238 8.396381 8 10 13
49.183895 -48.892406 11.105803 5 10 14
49.015686 -48.721695 13.560596 0 1 2
50.584637 -50.272045 16.600569 16 24 10
51.259430 -50.936253 19.506355 73 76 74
50.490299 -50.558964 -1.144849 50 61 55
50.340603 -50.405506 1.349521 5 9 6
52.253395 -52.310631 3.989087 0 0 1
48.424873 -48.485500 6.106167 0 0 1
48.075340 -48.132778 8.467932 1 4 2
50.636139 -50.675762 16.675499 0 1 1
48.485725 -48.526196 18.518700 4 8 3
50.185116 -50.606396 -1.141647 36 44 41
52.584465 -53.009911 4.028622 1 1 3
48.344296 -48.744259 6.117663 0 0 1
50.071457 -50.476017 8.849435 0 1 1
48.784821 -49.175022 13.591875 0 1 2
53.776806 -54.186295 17.768723 1 3 5
54.622841 -55.031643 20.928112 3 4 6
50.105442 -50.880299 -1.143581 54 65 48
52.744980 -53.543808 4.055419 1 1 3
48.299488 -49.040474 6.133839 0 1 2
49.948273 -50.705078 8.859154 1 3 2
53.953465 -54.753796 12.308418 1 2 3
52.844654 -53.627426 14.771326 0 1 1
49.703617 -50.445126 16.485243 0 1 1
54.458626 -55.251236 20.939291 1 2 1
51.662262 -52.815483 3.986864 2 3 3
48.259689 -49.343586 6.150839 1 1 2
49.825905 -50.935726 8.869190 3 4 5
58.971359 -60.250683 13.497676 8 12 9
50.115135 -51.605812 -1.151420 47 58 47
51.053070 -52.564507 1.389138 1 3 3
51.697964 -53.222279 4.004164 1 1 2
52.111042 -53.642017 6.663949 0 3 3
54.117374 -55.696674 9.665208 0 0 2
58.640503 -60.333508 13.470501 1 2 1
51.496365 -53.386982 4.003257 1 1 2
